Xa,Ya,d,alpha
2722.2408957329426,7679.621846119318,701.988986272814,23.32247450923829
2220.05310008587,9917.821941404809,625.2914138544047,273.30322311766525
4834.306117513444,6065.367127671328,968.8199771028188,113.79836964389862
1849.2411376776677,3952.471041383337,117.91500882411148,80.28483494267147
6173.934858951112,2596.9258131035226,414.3986659839998,310.9480712870124
2389.6996791679185,8197.673836934018,1340.391023201799,320.77318591011357
1467.5155298738837,7873.734495626779,1405.9660160284475,311.1779895074693
1598.917639851653,5852.912359667754,627.8910084041465,340.0080941272227
9575.038227327213,5914.690008720648,1353.6476494084443,137.71460723764454
7618.316603759917,9242.196040576027,311.4124302128555,204.52863826851825
2037.1903482838043,3578.063219135511,772.414268671546,53.96997966194366
8120.413188897523,6443.548211986397,1002.1140978941115,183.04189674339455
9078.097600902427,2952.4603742191603,1137.6026080216386,352.7433860856787
5366.938319078561,5466.009620237429,123.92039337638981,172.32624158018427
6685.372629993501,6633.443737667746,736.1414070188373,61.424703053103585
2595.990431575669,5843.47391151463,1288.9407862051617,161.45563632607693
4736.9415136156385,6264.328896989303,1307.2226850890195,251.43080754604074
2651.219608751159,9631.41643254764,1474.3516065095546,343.2868671397757
4315.78862833553,4987.486519526986,1349.0964763589784,24.091565201314392
3441.8406450397288,7955.124024718422,1054.0093995021682,208.0721584664919
2894.340969154351,7390.714491574671,1267.5990358463364,328.90986312349287
1429.0348671203876,7370.7424514760705,509.0266144303983,157.73553270427328
3195.4291283782327,1349.5991381134122,501.977408063328,292.0106696985649
7144.917198089209,8441.442063159726,8.878927554873691,93.52825381949411
9681.372741179337,9499.074714001743,851.9792250699429,353.87259035143927
6130.598790186612,7355.058948723791,791.2958392308692,345.10809812627605
3817.2956387827576,9714.248980285953,216.02291118754187,239.61128698484833
4877.048865879635,2615.0750904619254,856.6757767911704,326.26935761794545
9496.042599176142,2154.1852327425786,1455.2594395471228,350.3073906328742
1921.9722086743088,2185.8388042284732,1214.068213578531,192.8927245877493
3815.0012587282295,6013.496724334063,890.3636412621727,219.85635098583037
6933.717290424389,5033.1691676527325,1007.0750817289363,108.58510752496976
1804.8944973314258,5714.952883306842,1298.8396541431744,119.79178983966975
2260.4421129775455,5863.618584725778,575.2464550749274,63.97341839937981
8947.727954483562,6658.241521405115,1173.6825541513358,353.35069880687945
7841.026280280647,8626.977235049111,959.5951737674828,278.68297996128683
5937.2879489999705,1908.647145029,579.184215189657,83.09859041645534
2520.701765557929,6633.930790903283,1038.9842146971869,209.96705011734866
3668.2026583449806,9474.757219590463,650.4054395509115,213.19726266719215
9419.444599472637,9723.364792910372,795.8807265859806,301.56272890643817
1174.4250600832177,3321.621267476779,535.7403382709537,59.68507230363241
3247.717430112862,3173.542910901178,923.3300269667889,265.53335008207875
5140.840935879268,6640.6825432165215,1495.4044201250945,344.8717870700432
1730.409828903988,8400.799803172667,998.1115994981516,261.42372275211227
9200.946947481923,9666.202323145219,252.2642564459208,321.030945353866
4525.389809012106,8047.853013459106,128.25638309824961,200.28744524704697
7249.7321559735165,2383.759586392586,516.4533933237885,93.07368665093503
4232.991465145223,7752.513584705679,1271.2618867046597,315.35560826317277
1712.3425131419756,9948.399748588698,536.3550940063029,121.60507465306135
9327.25146662233,6465.588801420116,409.40212188342997,92.49360933279388
3596.232328623498,7553.494662135635,57.14110343803035,223.2306783390758
9404.34866058688,3644.121401988712,925.930290059898,34.57292721618018
3818.151018450705,4457.7508406007755,1184.1268749764959,52.51047046390588
4718.291338152025,7405.813804626411,1128.0492361775136,349.47490110352584
5483.493355692,5967.641905140794,133.18467323761678,115.2313817165666
7167.195970441368,8763.33819223214,780.8263138454595,243.85171600986288
8852.410328917987,6355.805353833447,425.950156786535,55.118960958400606
9684.269500941438,8417.998887759302,1293.2753180269867,36.81912051857102
6074.5812794992635,4626.012603967183,849.7866473810949,294.1225845541441
2776.2707655442564,2564.260258142354,719.651291702615,110.03551595033045
4838.221733575179,7521.303345253135,1443.175989159679,182.85293523839687
2851.844883293329,8956.210104050631,449.59343041889514,202.09558249999762
8174.39493909178,7044.617757490983,1153.7553541692232,124.70712015479484
7879.8323792928095,2366.9717113912902,59.65868284567441,169.86881018876204
7541.68860435752,4992.643769274962,162.41876245382107,224.0850927271678
9350.62281742576,1953.9139757766452,115.75303939457235,43.19428325077176
3365.636815430792,5887.015773243814,79.67131441466246,130.76619559460516
7598.223825892425,2118.557453684779,1118.2566622664335,305.56228957784884
9154.997379926757,6506.661668140682,150.72044669077124,187.19201503418802
7693.9875393993225,5973.8516208088295,815.4903825429834,70.60252572438168
7506.441471769583,5349.006633206631,133.8300975786497,173.0727008713827
4443.513203679888,4889.296965343204,1187.6480270179522,218.844222473917
5737.960054536689,3729.9486529071664,356.21645880475364,168.5686063223846
8681.633683102653,1992.3146405043085,529.445336055032,49.528263630223364
8149.7614174512555,4281.520437000543,1003.8395965622348,280.9298628667107
7793.727505048293,9083.545344313983,632.7306530915915,115.79348818087857
8880.222498653025,1724.0522582518556,640.5738087942788,241.27128867502918
6192.108540701145,2621.112416160504,1268.849669329559,136.83340887098905
9079.27103475412,9414.088491552702,160.83356889361292,62.63223993586616
5126.207026667933,8471.568207636712,56.72063437363505,79.57782737694393
3665.4366710780014,1514.7561830846266,598.6976705668615,87.53589080775028
3498.688398079929,2381.5714108787356,1436.4469630951878,286.049951477255
4094.200089494229,9142.19082802051,222.85095339262583,92.60521471987215
1704.0997074969118,9401.940075627524,281.5443823138686,154.88581520530698
3107.8806920228317,3599.211226762938,13.019765601360357,147.8596450339356
5919.472186956763,5133.745468156914,1367.0245990392123,99.70975814186053
2316.6127295535466,2636.624545223295,1252.267268275556,277.8826925436976
6505.9294482605765,6954.558442014769,859.9516367371419,82.78741105040245
1854.2702445680395,9169.946142719658,464.79032232975237,159.06768727011723
1220.4036707913071,8234.288185694442,1229.176061408675,176.81672211454267
2603.8320613453097,4617.717392604905,1253.7244689527392,36.79000582299898
2916.9851233242994,5692.3940024999265,1242.182776414112,196.77850272977562
6482.550844741232,2206.590691144008,86.22957651763984,15.369090747052002
6847.272983526488,8118.417105240196,1235.0996784742526,148.25268541073754
9310.592882592888,7155.111443699689,912.6882406848958,173.66625068197462
1348.8530763713104,6310.770794542702,850.238936784491,111.08259354058404
5636.6451541127135,9068.490865532123,572.8580543481421,19.056128306957756
5920.632842799197,5187.526806453115,1393.9374269783925,102.358543118119
8480.693447726291,7686.892580514399,1453.5527114343492,252.57257617414547
6880.573557742832,8061.682191706897,474.5916570591479,185.8456744469654
8457.794813205923,3453.222788063656,542.5471977318876,347.6753762856122
7732.348279851745,4257.876199768987,1362.5314108544967,298.029510680156
4851.269910420142,9825.287026146929,695.2051625145591,51.884271197818215
4562.101871598239,5305.781766843187,1299.2281782826005,293.81876794949716
3549.9009514672593,9615.962188740586,201.62494280811163,140.19091712870892
6788.64549192578,8459.024355713667,9.937927776544912,143.38390328322217
8401.187969733643,5888.091469764621,568.9401281718833,259.5673256219459
8938.903182489208,3108.0792006812826,470.16176297565426,289.9145908812266
6983.037298842454,5523.426812881123,1125.8947838074557,219.2399184062209
3891.0210574379694,2198.113959674324,335.9704907979957,136.66438201540944
9154.505782055028,1423.2422777012152,1149.4850939225507,104.12595100303909
4951.220682953296,1917.8710946312567,268.80395603108184,256.53453022966994
2423.314057196337,7905.867622744159,1316.4462921740208,167.6641562190694
2794.850453135192,5700.8659472655,497.43082959797795,259.1830785348095
2490.8194506071745,5221.8108622003665,49.71805982637491,344.5066273855709
2125.9993153183505,1779.894306574237,248.36804351311392,329.6203291281574
9611.084154442433,8347.36310582231,816.0220842581592,259.71230599816386
9663.206006344459,3354.4501907422573,1102.0360780860285,154.41025393476704
6703.297985837934,4538.606694090615,828.3694856140744,288.70053360608364
2770.2008250250856,5967.378025958359,1066.39813480237,55.55682836850893
6579.3546682008555,1101.3576096827892,1319.0519449044914,192.49950621201265
9659.29891692156,6912.490245252417,1313.7229708709895,139.76110384708625
2629.6784258080743,6912.983546932782,832.4502702192451,57.57434905024863
5227.543785887258,1913.5661536314433,869.9421431627787,184.50579837408114
3731.0741454578933,1717.5182286972417,1391.0296066001679,139.39523621055736
8849.887169555703,9375.005129778761,1033.2657693494807,213.31688180234036
8349.752946652094,7842.406879116475,1103.4221703390094,46.3425261298213
4757.015631448401,3989.336405228048,174.40012155563406,289.79698809683856
2143.536217764316,4009.0108806707153,365.7522591126679,160.20341304863007
4092.136598153602,7928.711375853163,281.45027212430057,150.6489013428096
3968.5871976311155,8993.2009463988,175.37686890524904,9.016371950616147
8269.737661817893,3018.4228510166276,546.5625517298906,254.81569193714924
3712.980734836007,6325.321803047859,295.7330635048039,96.54524870447145
6819.91508005909,3052.9855566774722,143.91618383082306,160.36611531344525
8956.809312584439,1500.131552099254,670.7998494226678,325.5247406813791
2273.730946396491,7324.068115599391,638.8189146663826,118.20360454742806
4117.922583260449,4983.567619920001,225.21476731052002,273.92070674897616
5803.445199764639,4405.468208629421,200.86797534274336,89.32863522102859
9601.294124338672,5939.5253089303715,1493.785865305775,140.6189441485437
4749.531935921066,5931.810671983536,1347.6064191283174,21.397811374543036
8203.00566389569,9582.336727156186,236.61623558187483,225.2432033540203
7396.9469622985225,8577.589662174661,188.020041489039,243.44540417102894
4851.429201701733,7132.0692614374375,47.56646148883766,68.53242637668039
4976.909231475158,3358.3188472589704,930.2468628585937,312.4071133676666
6872.858866384216,7668.052910197492,976.2621481396837,248.89734826146108
7647.67315188325,8761.372880252868,213.95261391192216,225.98824161421837
6723.108683974063,8576.19302062266,134.21906799168252,345.40531748724203
1845.116837854593,5819.503579305535,447.86832807129053,256.2447803883664
5899.7958703866725,8613.599883249572,1433.2606528989675,275.9242182810816
5476.923992639192,6226.716051809927,87.54134739274964,153.01813271499245
2823.9023712172484,3143.7644007495105,53.8157260311664,244.91280711612677
2314.4429767676083,2361.2066541747467,481.6143666866086,210.46402363250584
5629.105954270548,8000.257587327181,542.390936277573,158.55789217641788
2060.483422606834,5029.7886844700415,1149.1082552453288,142.17186668004203
9469.235909537496,4788.66272599482,1237.7187261741187,118.53119468054552
5287.440813699022,9971.34231893828,407.140091916638,11.017126081410346
2954.765990418371,3102.6855527363296,148.40347104897725,79.98080353530204
9110.296645003462,6678.6141450669675,1252.7271678365944,198.94486535211405
1693.6142475070722,3405.6670350542117,617.4218221972732,293.04836020752055
1665.972725971274,1470.7163601323246,1297.0547373747522,217.85959437641722
8283.86968186611,9547.328332630694,8.966988246851596,194.48226340230588
9886.976402174825,2721.7845858054675,343.20467442591365,201.10203795762135
4886.974042176404,6521.659459750248,666.9574612917547,234.62559213222374
1823.1857029882108,8153.248089068723,115.93902721773709,38.171323688986675
1210.4978106622864,4142.272045936503,448.7527277162575,193.23116960500107
3543.306741576938,6739.445296374104,689.8723946634823,274.2666040174027
1965.8096378233618,9124.827151457532,1404.176681717154,59.46015342094798
6103.715385746128,2047.7429370606765,460.4615218937668,145.9376735468547
8503.860743730535,3283.813101278316,564.1736859702885,88.68263197158024
3563.311921860081,3370.82702746161,1435.207290106622,264.8504746498243
7524.358609605389,5975.0514729681045,389.7300488775726,21.97858207611833
6039.37972495344,2939.732597721625,710.6207073777356,12.528104276285584
7772.288816538773,7104.434686169286,1158.1789202781492,141.3954206135187
6284.647483709087,8293.804035234418,167.9064463497435,138.76747503939075
6450.580442015544,7918.802566798666,1160.3459772341323,219.64015663213888
9837.338622278827,6209.372207848561,1208.2651581904938,318.88134354234063
6895.459710022358,6630.6547610646585,295.99095823756755,226.09833307541382
5343.550992132158,6288.311267545749,304.444988857789,163.19738578705872
3065.350126868043,8079.707272711913,1271.9830589244395,328.85616551873113
1969.5856086405906,8245.937974983655,703.5755644256178,157.14230750023685
2851.2966541940223,6458.2688028378625,943.0657172315557,271.81635989691455
6726.922804182591,1501.1682063697224,1237.330293674593,213.3100846873922
5803.945542609542,8960.995286598165,1133.8309911612396,200.31483086424015
2939.816295308824,2026.2725563035592,1007.5958095497276,20.975291450983125
2594.9839322916578,7273.9234369785245,257.92118902102504,107.686868277598
7011.94882828682,3071.9105840490397,227.5407427840104,137.1492935761925
1332.0362591403095,7606.060334486012,387.7105511595451,357.71116290466597
8859.54033585683,3354.2468635475516,770.96401331905,253.48047921429253
9593.071910128207,5799.43008102153,1460.606176744255,293.8599828959418
6956.666742897364,2401.46920320766,13.589186151294147,167.4375399951473
7837.402308664903,4555.123658994971,253.84064022233645,156.11313479900411
9317.385883938754,7471.875447979034,934.7271008119927,129.9047795328096
3993.7055110287506,8311.971457084783,1322.5306737286473,84.7454389991976
5641.892413536699,5404.961466371696,1239.6782544670336,220.2506268145612
7744.293391624703,3859.9759570396673,142.61464385835342,359.90387718482566
6300.941177171659,2446.4409217822913,19.777868987875365,72.49601754341835
2318.9705813185924,8611.173302485342,1287.6996439371655,130.52278422321425
2151.6926921921313,2236.951998860469,282.85168062652195,254.09405040565338
6196.827400837038,3323.9094246290997,1286.1210183125222,188.9786981261388
5547.525729638085,2312.3419175575964,1093.1235438192543,42.10813689502565
7470.237240891536,4376.352222608984,327.23380754195153,226.0652502252328
9161.888242710284,8462.473982913987,1369.2779736483226,261.59151589575146
1315.7436103552157,9225.524009708875,1342.3798004546152,172.3353172157309
1328.8581987144096,2957.043354264559,657.8726010304816,205.1524801175124
6729.2500315966345,9933.581099635026,51.26414492883588,286.62099243722787
8321.757451836966,4986.2469182160885,1136.065110752571,121.91799566362104
7842.005609386406,2721.353732500026,40.901282340256856,101.28409288797941
3065.2865700309935,3282.7606894932264,671.63363158322,5.660888880682584
1989.9910351466046,8848.137841584277,620.1677236834413,187.77191546880687
5412.959717416654,9917.557528322546,1397.501259452617,23.794369082153125
5929.381106429679,8061.569086131221,1403.974964494997,44.40093784927354
5331.452275468628,6424.595261285463,967.8660322065641,211.68035732993738
4580.717656578743,8599.39594178046,389.32140371619823,30.719719286741416
6170.092467397503,4441.724626992138,937.8259538058755,187.41850480030126
5749.5667317152465,6800.013492596354,614.3008279610373,227.49745839943415
1850.243268828819,8917.252214463999,379.0515921434636,38.062826951075934
5450.668754421065,7033.129059594415,1253.7935365240255,59.450258310743024
3766.6726589254013,2063.7935942214804,201.51743693525916,230.5710303679038
2549.9024716782524,9443.180493427806,1194.8356917701553,12.032285849610648
9999.547068282227,9112.038210185692,495.25170896757066,13.226470175468375
6260.723911249977,9004.151414451257,426.20630258511585,290.2398055245807
1988.6879304136528,2176.101627603527,204.79194105319803,294.4186722283632
5605.656679744401,2363.632192670821,177.76167540080453,124.98219529770685
9049.592135141243,5919.448011983858,96.82797149669966,296.75427495550383
9503.036360831617,5108.33808068198,1055.3730625631536,33.384913340662735
4434.45923319046,4139.433701354401,1130.2310858186133,133.35536714416307
4397.847672593343,4725.449617777096,1340.2656489794233,44.62805706442553
1117.655687288855,4206.440701946532,603.1054691175461,294.95722696446984
7533.799817864158,9250.198841539805,370.5952238476336,217.3281315159893
1830.6269880364193,7573.402013378653,292.44668174582995,326.0726298189219
2246.0054595375163,8529.326172009512,590.7894958866045,208.98247574283357
6653.905176181113,9776.386650532817,500.6376207717706,175.74548576085246
7360.95511704781,3316.6836205324184,379.94238775178593,215.35277677195126
7415.437894518907,1211.0346280818605,108.58204239472931,355.8118503116559
8963.127940593602,5364.705463887042,1057.7122246053536,319.45854588233345
8891.672556403057,6610.093804211455,491.4364632384745,349.51946297094753
2133.505045181827,3924.623360836229,325.0907752282723,142.1483486220934
9620.356052563573,5898.187311671254,214.7697019068317,279.8234047895831
1294.9286824453777,6762.884408961159,1019.3300044114867,144.75560267350937
1396.676110537131,6748.305619276354,848.8249939400426,129.03660550152918
5987.500928495979,1622.209645237303,707.6422485265804,324.6570897485169
1913.5659607742916,2463.9800143737803,644.5512051487383,1.5152110749326022
9249.19916619459,9785.392086639748,1175.8812393553726,66.12156923874022
5468.966395111068,7007.157554204499,602.2106755402685,111.71509827556675
2600.917946567031,6493.564991204012,402.56610680289714,144.9423070177455
5934.973199882117,5413.735983676186,1383.0703766068193,88.53918056899263
9703.539729854792,8056.82204665929,292.61595033311954,234.23241726918852
4584.236609069192,2192.216022215123,1095.1455742852872,277.8759992273843
7038.061320801723,8123.7738164258835,1050.9001908360917,353.56865265083206
7045.945294842428,8029.515764581516,593.5241878692764,226.2788995322405
9443.564537945773,9495.276281979537,1035.4095413049856,319.90267681628245
4945.027524880724,6711.54201962728,867.452983812644,21.889507103599776
2625.037872857165,8220.437240307278,637.5264325416025,97.13338766049135
7776.586332399032,9763.71924810449,1142.411410480887,18.89628477845956
6790.679349617226,2848.9880305850093,34.86638430220667,303.9855847234479
3866.6805760680945,5379.580427772941,1003.3941653012992,171.20026588256587
7333.853425256328,8924.668132255596,1317.9584702136683,125.53843655670177
2319.8483789632146,7769.996065003679,513.3693833045648,200.17615104783243
2475.2675635088494,8816.68189990134,741.5922326940952,8.798483928379039
2953.770944061358,6627.222546693902,694.0005057332705,303.29880772177125
2665.2559428200984,1366.8368457313086,1290.9400693485186,86.04072034800882
1740.3436091510357,2366.229857514304,1460.1232619704786,181.42899682991862
2424.2824705401354,8580.652158473942,7.7691939854852965,91.6177155234252
8230.199716091332,5398.4747781301685,901.4405691583229,273.4820060114567
9605.44956819873,9889.357199519154,549.7224075369688,311.2016192820978
3255.282641185044,8190.879244505178,121.251997267206,200.0619412469345
6719.7371299412225,6452.853990919809,181.5359105464755,215.34174270081687
8966.956946184506,7393.6929456688,613.6369924667601,44.825246116089126
9461.106932920138,1954.215281104165,307.4914139161794,147.9029699349498
7979.698615018608,3442.537247439686,1401.5791755963494,163.4659855493435
5861.958785591742,4635.903055879626,279.9131813131646,91.1858025400203
3957.1717629610985,3640.486653054435,1330.2924716101004,3.3001922881401544
1161.5662856168362,7893.957834884045,1135.4583058187945,81.33994306442597
4174.338848371648,1464.4085634716857,1082.4558361426684,287.1138959569668
1102.2516128155867,6656.6421267819205,1033.5060308610796,161.08419961952882
8817.533233272565,2002.9050663535659,846.0614451124135,71.82285282247368
8325.834522105339,5225.460392582377,1174.8576811841513,102.6197013992743
3254.6727402863794,7175.7874373168615,383.3897241973402,284.30128413335575
5057.4607300893185,8246.91576148319,1319.9557272291665,34.639174590176204
3464.8872138120432,7929.7175211599415,1283.2145729809913,206.5275474273639
6719.8485437290665,3385.946791392829,1331.4408668249766,192.52645689897943
4281.02101743518,4958.0248692056275,330.6686960979444,44.57633646520972
1130.6777249621464,6612.035480768429,1306.9537048805594,188.39910182289017
7325.282788766233,6399.788646173223,1236.151825477128,12.345657901813532
8700.655553282428,7090.889715470549,1165.7165266344016,139.99127610265455
9730.43744048341,3584.910725551493,304.3912749213814,1.7005129975385715
1538.0072916889678,5008.537965940257,1160.9846998569108,51.96440686543234
7269.4787601381495,5438.767162995153,123.7100111511102,112.0396579969893
3142.012761992006,6838.9640027558435,857.3812622382234,59.906467645729506
7234.826187048596,9228.640302771952,1267.3410047669029,126.29791787288111
8593.472013709616,7098.066841949394,798.6446818252658,133.90187351184107
7376.601367518077,1298.8218236618281,1409.272420666937,171.9819697766258
7720.112400895733,9480.691818346308,1098.365987195151,142.31578867631185
4795.188266559299,2224.6451607456083,395.0804434473613,178.64770168616099
2690.6004234516113,6807.09399916711,1027.4290527196663,78.89732476931162
7403.020870478667,5986.789406387125,1452.6992029876706,120.6265118518693
4548.409853559806,2274.3465132043466,816.8475977357157,228.5884217350545
5886.938070818441,9196.302034446853,1261.0513119361397,242.9334548660745
2589.1587443251883,7034.2673638673095,211.38939302308523,357.2755846240048
6835.328027118566,6753.464965758933,1460.2380919279728,353.572166789738
2065.4597940317635,4671.004489826113,1167.3405145521103,247.8160587850289
1901.3479493594057,4902.803005535698,240.40895634838725,178.37432739466487
5395.228449713098,8834.987831791537,1072.4370639753986,1.425739676760943
2092.774809174288,7292.849720621093,713.9858673809771,112.52435060775412
9107.109851792906,6737.214890145563,890.9268954842975,149.79248191999196
9877.667116290191,8246.596946299,619.7055803573558,166.4751074779737
1260.337284478916,2902.848244908997,1248.6688323464748,87.34767972411719
7868.416076513254,5480.759382485658,1439.1294119492713,31.088287983810556
1128.319818635419,3563.7819868628862,1249.3739998718506,42.13227595015451
6491.326720021544,5308.948174761438,1281.3291059678736,141.4322015145897
6152.714445064647,3803.382074570294,1255.4176241075556,1.9220007017285003
7418.0580308431,5034.652975371204,879.080904306397,359.2425675883962
9024.87536610591,3250.564110785539,251.13479965402178,174.56689611643728
8737.770962401704,8685.699007231866,1112.0790193880823,196.74518440746124
8190.397075257097,3683.0821404875787,778.9838835540147,38.990535010399874
2429.5263761727674,9916.595800208139,392.6999742714483,75.6761522253228
7944.871637906017,5798.578773748969,1139.3289086819138,276.8204216232818
9004.943183973184,5049.069996619273,357.48335679440834,326.45935683687
8444.550037259196,8585.232569707248,761.211327104229,196.90585889714018
3804.644280070909,6704.034071213938,716.3680575881066,48.180494751551905
3732.8328060996673,9325.801264866786,645.8091517628291,197.34521550712333
5858.106990511317,7371.940007090467,951.1203811203891,308.1310523109099
5775.842127004618,8021.060175169459,848.4949459143273,129.32218954097593
3833.985335070342,9244.609553014026,1322.4149293216517,105.33747341769966
6423.898434636069,9301.668653304105,475.2295757549658,121.02712980834188
6597.855357649248,3911.004301774518,818.8591593778491,37.4297961205361
9879.955902005557,1545.4787511036127,1039.6235246639706,64.33809810113036
4996.469694698473,8936.708880707343,1452.3937528059705,74.8458461689049
3936.451132335102,9077.26273907087,86.57423292507691,173.79712447623422
1343.160578280853,9992.645469271822,368.40251619121653,153.601222282286
5714.809490803297,9205.065741924373,1229.2855541264644,253.06966132032989
7195.979626909529,6192.575807638313,1369.659240903864,131.65242760008482
8655.775831017012,8398.773695748936,1041.8006966105056,27.11493440180622
9479.604309708113,7562.522316853685,1496.1897516387487,348.5251959557466
4046.038571185637,4571.266713767935,919.6229618266221,155.7317891674458
4925.666482464783,5935.6036830261,1307.4412213690528,311.2154700616076
1339.1570588692139,2396.394955656325,834.8212438515407,329.0064158895769
6136.521420368373,4504.133874479223,1293.0975190388783,2.7525407513987235
2149.664908758028,2931.6121496018295,243.3252971043954,10.500405536758805
5856.9518793439765,1896.946723741693,1165.717470442697,83.68688093948987
5511.31770161444,1149.2431686311554,61.85579527797037,265.024298149183
7822.41587214195,8890.395602529872,682.8244321024065,296.76118181436647
1454.5728716875942,1565.4984080867748,770.0046881805805,184.716288643849
2408.9957749040814,9889.148736468253,1183.0602721607052,335.4506957298596
1539.797211071907,4659.361877098346,386.74786167348844,157.4404076139997
3777.056979334573,7129.178835191527,1015.6424072861732,16.540378748496895
2266.6267559308562,9143.57838878455,595.2991314160737,113.36350582523755
4632.546415752748,4557.6259260265415,1254.2152065808746,55.93384165472044
9657.04415428962,5558.282572797887,911.3140732721693,271.6002064481042
5456.317925552664,4716.281419257259,1261.783715426104,43.12518450672934
1961.6704585726757,3835.074555009473,535.0821193523104,201.63520545025222
3994.9992106813975,2038.629416874016,1398.2253945113653,135.54436683254085
7599.536570254354,4142.740003489621,164.55173958531208,227.42494543103604
9374.741517025985,9069.500804832809,666.1851239802445,245.80827037466625
2848.836762649583,6019.511744196645,539.9457954940262,32.00753480623774
7119.143754459224,5535.0290852009475,1187.4194465329463,39.533150334312005
5456.047477178285,4817.571585538728,620.8946597843469,101.1404630410223
6863.226307145022,6795.2506004480565,1146.453148312854,42.22727389534038
3751.2939373353556,9012.613539664217,164.27675689256273,201.0783232184023
7929.184843842353,8114.874844398255,1329.1983112143976,296.9300124442229
8466.774498448282,3186.8060280078766,682.420083050148,181.57348970954158
7461.373295977171,7770.091994820962,905.285379887362,246.0297788017418
6071.838783324096,5706.604588836341,431.29940529739605,81.8468568132292
6955.179035982071,7592.044658318904,905.4008082856022,301.188055247797
6724.219240421535,5312.859632120471,785.0590649506918,277.63549494592763
6807.080784035173,7504.106447131781,1143.7673334237497,10.102675545445932
2203.5790207657997,4205.696466618619,49.56997979845314,309.2131416237309
1872.6488557508164,7352.020658427256,33.72798844237929,222.2455991018768
3132.424264479887,3315.1591646570405,732.0270311701541,49.097971782699986
2122.9586514587527,7201.668039740866,81.27499227826917,209.7496949398047
6029.299454327687,2418.74293904393,954.3161846442765,219.09111147722464
5400.653950480056,2414.391282003635,1079.4755156190133,269.33027963347143
8978.741337641783,7752.2891885407735,625.1156177612331,139.08504155148412
3218.7177385680443,3235.044282980817,342.15779842291,152.89220567533593
8805.42229169395,5815.378157978984,1228.4545446559139,328.8496694817473
4085.0903491886584,5857.923824576687,790.6971016046093,98.4740475044993
6582.833754959815,1764.594151022145,1107.4090490596511,271.1081420891042
1555.2961923053344,8157.931968876906,833.3727764558333,101.47628611516157
6210.120770474976,5546.217525258237,244.6160948057015,192.595658025304
6764.647270581662,5938.811730361941,105.01493370637041,232.93219104326894
3579.958706846778,4729.211394135318,412.4230234865848,167.42910494517764
6703.137083092277,6692.505283824418,1369.6876084904347,339.65743394223153
4825.954588352197,1490.0704628402636,845.3435838109028,42.42398944620581
8199.917791963228,6972.233107425836,619.0553808806077,159.528081206667
5014.9500259999495,5355.302484139871,536.0207835021045,152.08380986176047
7720.074142941769,8211.283545728174,1035.1390249006122,111.7422267040977
5353.639103224836,3132.2222531733287,104.53392108470301,317.8293995802676
6713.5502091649005,1719.3064124935104,1166.0396275233877,276.22507320357477
7754.733467154397,3208.5904132474484,1426.9993871407937,40.72028592378697
3853.496152147549,8542.61803361545,277.84089535146353,140.91981605975633
2417.865349414972,7381.461225604021,631.2890731309243,235.4860255062889
5717.391217280526,6783.060779624397,187.4182122243023,193.25272936283986
4260.114675181614,2097.410640879911,29.3369797185811,102.22132847423867
2465.2453305450413,9224.448245481322,1305.4956352063775,113.88721072372815
7389.26933338099,2374.798686478249,309.40952707729235,110.60057912388376
2773.1497200711037,6493.5722030621455,494.52814362371896,284.9972055250629
7078.354384513687,8934.985372199975,686.6318195524309,228.36761015209564
8151.046275757357,9887.882090385341,1212.5430406898913,219.53038836211493
1159.671554912545,9858.0176974484,1049.8055614320692,78.38744540275377
6955.242817886081,6145.900932659972,1270.1640175361144,186.05264485948837
9792.449611959828,1548.463261981863,919.9668782581049,109.91040440338799
3853.1532601574886,2867.2413576368986,1093.471519892729,349.2434042277126
9004.754728808291,5012.842336371741,635.926571651904,188.38494499955036
6969.419752782139,7227.309988975,913.4027279756884,102.33074949108705
7351.430614880502,8851.573269430333,517.9189520262343,47.10743558146436
3627.8177615848563,5128.741386796453,399.90182257966546,7.148749370057173
1261.313245144534,9178.328279385303,839.678368762601,86.78012504796963
9100.825131520516,7181.282934291511,262.4247822682927,127.89046489108429
1118.7348143530162,4170.452802220467,360.49398572085437,8.304649208185808
5391.7812183181695,9821.95209746855,813.0810428500149,77.60501557225255
6950.810811578008,7384.353798793511,737.1747659804804,226.0644672699783
1875.025072814471,8039.245424962396,1242.9837078328708,17.61107926996144
4999.196653117571,2758.057416484563,1285.7716015886851,93.13486473208647
1695.3786665011166,2966.3909876110247,285.39111277738186,318.7355123565629
9783.65472904648,8728.577649062963,530.9710407374928,221.82613441494308
4283.6641122690135,4996.593867965294,724.783942590783,319.7021816483507
3247.4004072557445,9640.520046763633,724.9277733348276,346.2882079018335
3738.178032539369,7499.585317740178,1391.7045772008441,288.88452534360596
3876.6317118731163,8880.352070046003,315.72383186845445,99.93495099710944
9078.020470576786,1214.8466202333198,601.7800545156924,189.8420247678737
7510.475827555368,7225.52997213968,903.5822323011878,49.72346754123883
4987.149548082794,8452.630902201261,603.1831511889833,258.62632508413003
8481.477657235231,6483.085097603207,538.8251036512171,359.1024734273843
2814.365214904564,1639.2087595464502,101.43662705027376,324.6005826040235
9024.793254949976,6048.14419749015,1283.0382016613007,119.77627537035632
9838.999742588445,3435.4686619954255,1376.487494603561,275.3252944254607
7932.244853213704,8835.298214752507,63.15569153508476,247.16392685591424
4357.014594905524,7268.153237277894,1297.2459198424156,242.00276275457674
6027.393478798517,3873.9210595392146,1493.4223183134495,249.93830855891605
9874.892715122409,1205.574540306418,366.4676114290431,309.12167116331915
6912.017687573317,4608.964739856894,132.35235160742408,287.29225096498396
9633.602631469827,2225.3510715832144,553.7294360379253,125.81849676217334
3206.973513792184,3021.623234948383,1137.360321947181,149.29146961674388
9803.581156862458,1853.6099366943915,867.4223350214468,198.80287238130668
1563.3005022743644,7852.747440415448,745.0937019011334,19.628916730474977
1291.9768204160223,2391.6855674898043,556.0063906710735,192.21766054433832
7897.7031404058225,7922.24069969845,632.1855587450009,220.66167843417477
8314.905804002989,7532.29418435965,234.05238583386225,32.00048736382469
2893.280600519708,1759.7754683986645,1388.2515643385832,136.01682072946232
8940.261059482837,8143.964518647734,1406.0327169997615,42.91026024629478
5792.300646479648,6877.126509648913,201.54884158368878,288.61442994919815
4233.762332640621,6055.346852992746,683.8279219646564,67.17471756877524
1391.2501645780012,7633.3779648817035,234.94641326193513,242.3647750144114
2710.91755313922,2559.021751126337,429.0902822944355,211.51424698187367
8220.965144651249,9585.883071811822,261.9957607149866,286.06868322207873
4403.436078459848,8884.627420847806,682.1014143648856,144.4172518772197
4335.616215672817,8661.720268538817,107.26099638655901,342.15895239645903
3167.643971611805,7828.168040559534,1171.8637639181854,40.23571963169963
1979.0967787104237,8385.473532200467,512.1541608292068,164.66289437209798
9821.294198935091,3026.4768779156657,170.42540528434455,344.14134608034016
3804.3147347581917,3751.4736881291515,1379.3542197084914,211.53081786850993
2551.589778114834,7386.060875855845,1204.4747095077619,62.33973808512614
4126.812211687629,7464.535874604671,867.9157818830106,335.41137183413684
2390.924396141232,1443.2059112294671,1217.244720277814,79.70157703612824
2405.405588928945,6529.53127618824,1104.5445541449903,148.418648731355
4327.354308474868,8146.239199802228,363.3265740731261,317.870288562122
2633.77898921021,2174.8088214161335,1132.9364075706778,276.2717293570833
9008.225049586055,4326.890522889302,1164.5488256239644,269.79819118991946
1692.1115870421636,4347.2146586502895,385.41619935143,17.783458364623616
5428.550691915335,9625.723996220428,984.0088698479781,47.57401062007688
3084.898743848331,5017.9068394017295,617.275040949553,150.78904003594928
7392.162919809402,4411.914208844815,834.6882075097824,10.923058020868881
2058.458427062852,4907.835378106376,918.7420987751055,189.5576727961811
8283.201441324774,2731.5732780361723,676.156215954303,207.24147069912738
8687.271471390106,5206.325062253431,1366.6194417048057,114.2159285784579
9581.601139368491,4641.167791771608,558.0018785506164,195.7518220585794
4260.562815667192,6253.280441890695,947.5610184863094,244.72932116053644
3815.9537667870964,8406.821680254443,984.781268173797,56.621592255981234
6028.026430685069,2496.7730438630906,1411.5430217056037,270.63682188654695
6183.422660492813,3406.816307590392,688.846756687191,174.44202165582456
7091.647334785389,4204.695307258537,193.74958847094572,37.585263798706926
1204.1867584010452,6010.663448537749,1295.3997835995494,109.90492348954277
6559.283056357537,2298.282458382238,886.8441340437392,225.62625853442185
4001.5724879815943,8402.77009916939,273.61301065591067,325.8560149064313
3115.704928121164,5483.660457941321,1221.24805264325,253.65354808429242
9014.74865003672,3071.237464744505,255.72264515746886,41.23520212868432
6202.657699565707,1442.2538486819494,926.5761570097523,81.81390257875744
9669.72611413635,2904.6115574459573,362.4034574974091,348.2228553018581
9681.499623099073,4267.660588579221,1092.1021679670675,193.784371356421
5290.842731055146,9564.145473436862,971.6789385947061,228.44531475886
8800.722693445485,6333.283304851319,773.4405702903719,9.325512985731297
5362.914466781961,1480.730719273216,863.6519681139469,74.57069038003385
9709.699582819636,2113.260053369514,816.5965417433206,20.788436462858076
8524.680631959263,5420.26980327123,1387.8792817785475,247.43348690536573
1778.4692921601068,9667.240639493208,790.9894314087055,21.359537495659964
8831.527128582406,2271.518435879308,794.8924512431556,336.45999373093235
3912.706634171495,9964.74261239103,1155.6320398828304,161.68967984187992
5222.52525515966,1743.1878768867587,25.729126939674458,25.974136624243314
6198.141273173979,7473.6764499740575,626.493678032176,273.82636788634466
6047.048074164484,5300.507708096586,713.9348159865511,25.926960631683464
3842.8217344992863,9587.559456122337,1306.7973114901258,254.7684190463519
9502.292079900233,4388.498223466706,635.7615047813032,128.04162299879408
9574.254179819822,6000.516837471569,472.67348534815756,339.19109435059164
6485.353830949921,4551.218430388046,943.325382852917,57.26883311053718
4326.552975081883,9787.286332102942,125.58205090466025,117.65819922363804
2350.8259364178207,3458.5014615256086,1077.484296280601,40.712084443798005
9588.927916589995,2086.2726680856877,644.3845266879138,271.52636795942436
4214.960534316954,7826.834075151023,795.7564050165337,132.54292572224492
2584.5129106697696,8480.600404885914,318.31217562497056,69.45090376132359
4343.943234349303,2017.810230510704,505.4021365873315,213.11070722520077
6292.768453619726,7143.918320441291,729.4917184293408,19.55150558949677
5995.513968175643,7893.79101546954,844.0428118556002,210.66403407181005
2185.1961980315796,8888.206117703025,492.6237205207549,357.60399374214353
1345.6162498176795,3710.4642361151095,224.98756102874717,252.72711990551718
9059.208240170883,4502.528815531523,139.77634538831086,52.42517431363703
6838.03109617937,9426.13239494421,595.4395492320907,177.8242299481109
2777.451712897884,2656.268101452005,61.15724725124735,184.46887111197563
1942.1016304783393,6663.410889064542,888.2336550487043,303.6368521985486
6867.728060682111,8354.994032280218,1099.5615653403377,290.65137767151646
1186.6689922592632,5569.741169705234,199.23179398128096,78.16184555307196
9888.785187954056,4444.175802590393,1257.1284988860418,326.9461959835354
9738.291196129294,4509.160094797746,172.88189080793364,194.77209851739048
5652.209025129538,8255.707826981858,583.8007527492086,135.52264829466822
4123.056538426605,5314.029332054213,536.2760380936361,337.03164379587287
5297.164750640686,6980.557507033158,567.1830114911481,217.52948479139786
9042.148506942372,9295.325909536747,756.0242252791908,120.73992353105201
6184.892881088386,9392.153463135413,577.8542667839348,319.69988211491784
4730.756265477989,7117.043160300568,1023.1571982447255,40.63741906768758
4666.0161080586895,7152.559778514553,56.424877924658475,293.4268296270183
5578.2054065464345,1336.9931674134264,1339.805119739002,306.22375572217464
3073.4578242139687,1645.2328988801873,564.3408488145164,259.446078963652
7409.23112535731,9020.563699745006,981.4175140956806,181.94556041362983
3888.900037506789,9574.227999576204,241.79431874929134,23.414805214862945
8985.388189663758,8802.774836046527,910.0414556769862,15.715387614869362
4738.549614514595,1607.8121495563416,1486.5441413386104,88.36518386200231
2626.390609266229,9245.836996080245,818.989405630877,311.05761279376895
4270.930664473637,1491.4358613109819,957.0721124619919,137.27995118223274
1503.318495711671,9197.864660127294,1300.836761678497,40.217123131772574
8126.375388490129,8611.880094717515,1047.4990089321423,271.4723919616224
3916.689856910419,4010.1674267475887,1417.3125420025833,295.9448369242791
2321.800828800414,3796.0050584825867,1040.3648209154496,131.16215905357328
8925.776771568424,6466.051295347244,819.0235735400271,352.46404645094276
9438.158644528932,5148.216536333199,1313.9528061752212,225.7242851895213
8033.317408735742,8568.232474347165,127.12984151040251,190.7350324626219
8131.11450065111,9919.133437212935,1282.1575567392522,193.96891430436546
5969.481144924768,3663.7898698118174,274.93542852375157,341.90666246416714
9717.522828298526,8514.206772092986,1477.3638322375773,39.33374510523191
7964.121797311597,6051.353122357409,1266.216895863043,231.45524006083917
9036.524395348275,2135.391313006706,427.95199138827655,348.80069558417335
7499.571987308588,3111.5067237302374,1095.3191173348778,349.6969002693636
9129.238468308555,3698.7867808572246,1199.4644471976221,243.345453979271
4475.729682567737,4300.424419992882,177.56581878620327,269.64281285790156
9717.103295453315,5451.246855505487,358.06303695104896,277.3096291244338
9347.99421385986,2835.821878672701,1266.1511935501542,211.13280818803634
3282.905274360504,5471.461483839857,186.43346811527994,100.45035098413639
4826.770560986637,7039.419455287946,5.1118391923412005,323.3124603358836
4316.899428129017,8751.051565354488,304.26139285061026,167.29477101276314
8407.345774039964,7530.511896166063,995.9468373439427,229.8238680084049
2156.605889046989,6732.698644259956,1115.5522273742304,205.64091391600792
5836.689822306571,4931.538778391336,547.742264604684,195.48819625755922
8616.498849296646,3653.836481453334,1401.6934803895879,137.10995179208186
5294.100713852605,1831.23098476798,829.2127598524415,140.89597030360648
9022.287004372647,4012.742877251979,336.4443256527947,355.9174396138152
4806.679461102387,5987.947264818867,574.5655372781174,289.8360346782523
1593.1025796865522,2496.3213548098606,1167.3486047468625,288.8445798943506
2762.970283752747,1953.140585270286,1052.2519555916888,16.8300111084733
2508.211568636972,1896.1434157500994,1037.7576450213421,350.1635868105512
9820.628054143712,7242.054025130427,1023.1811357602007,329.1050809915782
2357.328950052216,6718.011468562656,1306.8908938776265,234.79568527761896
8506.146716933075,1913.297335853372,1265.149737186604,284.82233009593017
6605.786830142579,5296.964603681688,759.6600380407085,307.0874531354696
5867.97363300457,3990.9504576367463,599.1446585210443,223.7272570551943
1949.4169612761964,5766.2781055822115,1014.0292118625108,245.61716425887104
8889.260128855032,5693.301207648436,343.6178830417226,340.4926531060055
2673.9020089244586,7612.188940484488,585.190645374016,151.4119316241616
6843.725292341513,1841.8808794609754,771.3302473950142,181.78416930572297
5305.382381396056,3447.4268032973373,779.2409847539809,165.0712456961874
3814.888368080331,2059.424071572389,108.27419422873116,309.36855691516445
3701.53406247429,8412.596518112148,932.3621400390967,79.28275069200309
2339.6080270523626,7998.372445521702,707.3439772642438,10.943295093670441
2581.929703222815,8379.053342834108,702.2906121175092,26.100324517031286
3302.4146179711374,8076.034508382154,100.047657682076,14.56488804039758
6165.423657841567,9771.772194511233,935.3448133537917,34.53949135237605
4775.2166609947635,1638.7186300638953,1230.4620459437099,58.151287448637675
3741.685404941357,8877.021994408184,444.9436473727802,129.77760200990073
2004.0636582456818,9695.980725405647,819.1126255042709,205.84151104398683
1131.13793005261,8676.400432175327,494.0071101410907,141.4040124536618
9322.93488203262,5671.407587726643,367.5716061670588,56.53852929044561
7719.682970677977,9141.892516876673,1339.3364997859483,77.17294168586285
6060.556164781648,4404.541546586961,689.8978712561046,112.98448437270787
2291.3609819139465,4451.032561890524,890.4082197591475,317.089821210449
8866.821187167654,4080.8024490054945,78.18953346649144,336.37070785860635
3342.944095748056,3749.102281874211,203.1727706822517,310.0967630473221
4193.715987748172,2469.9816657273795,1153.4046532167902,336.534333088336
4420.3646045435235,3098.978575181981,847.7878630284754,83.10370204324805
8913.661355081078,9940.131911236416,1412.9196498525896,233.48328881068815
1406.2425832603526,7425.235990197143,709.3753727874362,336.8830565151512
8098.415512877202,4671.348115286153,1156.6083714905326,23.964326982265863
7663.456923807217,3610.3656926437147,872.8445963597487,198.47431303119788
2066.572688516603,1395.8720409059342,1016.3513734738839,290.6527510728994
1538.8416092931416,8206.561480483357,1426.1317816917067,26.9256391811965
4485.531431650877,1672.2622496425415,160.25121053080738,268.0998458455041
2877.951579984334,9612.783872781467,691.1064963525253,136.7466642853673
9697.896569574168,5492.694452343046,921.6582335877823,42.494867651682306
2089.6823011963406,5053.602401427153,52.31963836170508,14.565806118915049
2707.2663453505975,2215.644115953425,525.036559899066,265.1828081721063
9691.555041973284,7678.47517226906,164.55638626985467,150.56309584271818
3819.297854322188,4110.351368588694,28.339385392438597,348.1358910976265
2618.295616403061,7146.874912294489,1387.881400160884,52.722957748511874
5068.286287355519,7726.464542357564,639.3996587822028,3.798720097739942
5417.919251826291,3952.4908199601346,93.74923419416464,161.22422497862922
3521.5181124391447,3700.7354436197156,253.8367723710839,298.5270612774941
6783.247314925226,7190.224722103174,1094.565930270848,133.80302040201914
2616.1181923536897,8279.0184761173,627.522500361514,173.09436313905317
9057.122753620162,9389.22868018244,831.5420985058367,168.25866512852767
4016.8099709897915,1112.0713950438223,182.81050088482658,83.44551243778764
5029.534862129604,9629.288763741657,470.2676756150139,121.91546382558103
7826.156187607551,3726.0257491883103,926.0672483283539,88.89184235414656
6500.324480448362,3283.7504942990645,1102.966982645395,268.6746385103953
3061.0173929619496,5537.52049102316,1342.9693540412757,104.95871166380896
8693.0875692575,8092.584285028141,24.336115586103624,359.39207485216366
6513.946603382278,9812.417844973359,153.69466326684685,130.14510506143182
8930.033069654852,7987.767125558237,1161.6167784076915,301.0420390112856
5367.42342639302,6264.38427922161,218.81526461105543,194.45182194752616
2478.7637157340305,5678.510168014992,406.6922264833356,173.36845486935962
2104.972408925223,8518.090693490109,217.05259829761434,82.04008241325978
3383.768554443324,8355.518278361405,183.8422689289949,153.7644527361831
1243.025519158798,1116.783904164573,309.466386716573,28.458594328487195
3476.838705652076,8574.414169300599,533.842415896459,12.909794431457303
5505.641134430414,6671.5804700415065,764.0472713000405,35.27878051341196
9088.288855464216,2442.6403791929047,1272.9681711142205,129.16949898636935
6740.265585658063,8960.586791722752,824.2765644270619,44.750221690364526
3383.170051206505,1758.0810376866898,637.8149519429951,61.40257447727198
6055.7745001190715,5138.126625010068,1130.4264802044847,315.11738728299537
8348.28447242339,2934.7594632746896,1252.0882542230263,60.86790558450492
7918.57741564632,1617.337218598791,904.8456634758071,351.4060349763344
1626.8284314495145,4573.923519505406,326.0497319667192,279.4337987462588
4950.877725495126,2331.31909374932,457.37474982097865,130.78170767253118
4195.899501328798,2626.0926701587805,1485.4438703732446,348.0499776686028
2260.010532133675,6232.509922275211,6.266338875426562,224.21225083292174
3874.973897288281,3712.149545315178,651.8233228511205,305.10827429576204
6591.118668454037,7748.333518461706,937.070369501048,122.97318909938271
6270.73763962047,2017.6897488675982,1164.8679157509423,214.042958324609
5569.248034076081,9954.383901268775,852.388725509608,78.52291998126319
6281.450758672777,8396.085902795798,1401.806189153278,63.36461647781125
4285.86867390072,6167.032366149731,964.6189682452045,229.96737197324117
6803.985455744249,3101.2249540271714,572.0548970292397,196.6575299306095
3229.3899143154063,3561.7885003485308,1223.245751140853,217.94823140318658
8680.324804075926,9348.805447564788,340.0688973062318,72.9805956595939
6917.314751007202,4442.060257942556,155.79106942206752,348.4992208280373
4024.25949580695,5714.25594527758,1096.3570563951957,224.64903224169475
3515.249058901406,7717.574344815597,592.6144508902117,45.11373902087784
3614.4494867314825,3842.607351169163,708.3670040558443,76.75242372492484
9453.73362574837,8818.6009045844,477.3112448333742,359.99825787436475
2489.778329326582,6369.793160819165,507.2074149712925,256.0779661443371
9538.493024967709,9365.728175229293,806.9092443557619,99.04858313625006
4888.177080546214,1525.8007529436402,714.9931645213777,137.07002350542064
4992.992628823211,8672.450310213742,463.8102243874289,192.766157401498
1758.7769086078456,9286.55745013438,275.7950603996745,209.50559095412635
7435.180899141423,9581.215913732816,322.6956034391785,305.6594073487325
1898.2310063900866,3495.4825553593664,1179.20820995549,242.77856587264696
8225.688635088154,2524.968322958579,469.80685469857127,147.8815908194877
4443.737254719317,8070.19730544788,1274.1942805410279,280.90373251155336
6167.79925483428,1646.42495493171,205.28639485285558,123.68909003593514
4844.92203117375,5069.864332724568,213.90227874163017,149.1032733493513
9199.842781799767,1907.8128234625385,1306.8138133466307,119.84928516209177
4836.988208736634,1105.1212546244606,660.0095174332629,351.94447577605166
4501.650082981807,7297.561634883068,321.68403565385483,359.43860816342794
2726.3279365341905,7414.154058199476,202.44440585035707,209.5641641673684
3679.483895349783,7789.974765680569,1210.1365423624852,25.457728408788192
2376.223906141069,8255.453817221682,814.8724933721675,208.17571168097416
2663.547931444424,8238.169448665642,284.077323522951,262.0919253289914
9504.130985183197,8184.4306806800805,666.0141885151965,207.14767650754843
9072.16639002019,1208.7220897964198,27.937115696097038,227.52795225655083
7901.408146631558,2572.766120717628,1393.7265721631986,30.847748560022847
7696.067944817245,8802.445409881719,151.67094203579924,300.9097722737381
9869.461247960593,2024.2211965545625,1208.042462513774,297.45761203882654
2598.0248280628275,4361.048580722713,198.83321046727556,308.699001602237
2768.9197664589365,8871.125849718495,1147.1593476601568,194.44767956939504
5716.714299904828,3490.923604818952,1452.9627664278535,41.12238265290967
1239.6367085095835,7632.240881005412,591.6969989355463,173.95583050650424
1390.45756558018,5077.432011852461,485.15786179932746,297.53306611871096
2856.8372611516183,4137.092245938152,1475.230598183555,158.63088727561004
6666.871874672535,1261.7599660621697,439.99193737390743,34.784036738446765
1338.4896576349925,5565.09122997176,714.2444272407164,148.57423353071016
9740.542890311397,7581.313856226034,700.9748522825893,289.4630003781171
1574.641024264663,9878.508789483885,375.13744753148853,132.5706491919661
1693.1509559480364,8464.0788955933,1073.1032257858126,125.95280491052247
6526.221659629205,6810.144901902873,825.2458291862691,10.941591432326803
6786.376519534905,8022.224643115049,978.3385127633559,285.5596343902336
6093.785635521206,3395.0178128660864,683.3001293163455,96.04300149132641
6155.168795469206,3609.6638723208384,1480.643575954593,289.1575611011483
5329.8222469924285,8470.873446888327,1004.9495634304992,34.12192108390771
3759.877908128792,3561.7139833565184,1487.928575016416,137.73961997834857
8466.725658715375,8511.781214776876,106.26739568891864,45.35306517576769
3970.131499733069,9769.155233521824,710.1807809017628,259.49285554474534
7779.267818952154,8865.523528840862,1488.9942368773416,226.48170855495786
5536.99700022109,4800.956539777779,394.93242170236203,204.23145126319253
8548.793149515806,5946.049800515758,127.29746592721608,32.6750832468391
7442.490314892272,1837.7695614557679,1058.0001632133917,132.70029080896106
8039.258949269432,3402.902824728797,307.3770340645977,127.9316028960009
3235.2137868336276,8578.19140594166,1246.0272295409447,356.3378299050771
6294.983577991119,9507.009569713813,1254.681698934111,12.718859930992451
7958.627215045048,3276.1370370915506,28.318483111878503,321.62708813859047
1225.5081736729799,9611.376229753223,528.1647605629612,115.18822387768637
3991.193915582872,5758.12064841329,936.470054859811,259.39252318854255
5718.547458704237,8404.986550603138,395.4942880033806,247.825246279077
1814.2377464704396,5180.2932687222155,328.92963622021705,73.97817790581166
4265.645979188733,9268.749971695866,1455.2636581274844,198.05033025605144
6726.652675436241,4972.530693806746,592.3534527370722,266.0548186899056
9417.7975853703,3652.8190915704363,972.6693484601088,259.1011417451828
7904.9877786041,2807.335144143191,274.72266839499895,42.92912951211142
5906.933533304043,1751.9208898317647,1415.4735399840258,23.169163716871683
3271.5821524507337,3779.755247120864,887.1201612874738,24.33834402947499
1647.588048600736,7050.384472030064,216.0443847946537,47.42513623186825
8706.321875990341,6774.298841988038,756.8668301830583,4.333879772430505
4544.74057914098,4245.908685689601,780.2158724595125,151.1962235804971
2309.8972925320563,8615.962621524533,1281.0661107986666,242.45046772281216
3242.3352194825607,7842.631882826211,1037.0158344400559,217.9205789648274
2701.2321864177,5843.418817079553,3.7453594582991827,174.3331570426031
3036.5715303845227,3008.3787062233773,1096.4424053972025,17.4948176652793
3880.8648441955056,8767.796398754592,583.9480471970945,80.6892843282341
8950.973218198818,2583.2157124842597,709.8333501239579,236.66772126684097
8391.84010336351,8594.329570158283,590.7810326280338,233.36150201053928
9106.586985095022,8142.449094672593,269.93196595654877,87.86658554181491
7696.000804514852,9170.094443063881,1449.835697847704,322.5230456168908
8286.841674110277,3736.3815832840337,317.08099764192326,121.41059273723563
2374.5890459087345,6420.252658117109,1496.5751286727323,250.99672886795767
1901.123489691899,4104.575601019153,693.249235097533,268.14350365836555
2072.9435231428783,1741.4924402723964,1149.2602764596984,72.05509196614787
4916.199310638857,1133.3556847291106,680.7035238802107,166.8995364534821
2489.655333328502,2879.0615860388903,1106.323341481772,14.808915807896943
5021.752111220623,1168.8204897151822,861.6155097606156,40.92382224730221
3188.7229439103085,4749.544803963841,897.9453633686712,245.95705741677412
5626.326548815811,2517.5988506301974,954.1758808179912,199.6256083085967
9682.603521121127,5404.039414611186,974.8223702033212,88.18562043394313
5452.895533568915,6579.81375164613,135.96896535196925,109.81953862537058
3796.1070112334032,8969.352403660236,606.3575034664934,354.45694471283133
1439.2855635635697,9692.38572531599,1230.7358092286531,162.5781185185141
2155.238812251744,8634.202042439674,1431.5143196898064,223.44649661397224
3939.1552767526123,3286.129037247443,740.0896298916384,310.69113427122534
6504.893140407911,1638.6802408615265,299.3624497503245,224.6217882692864
8962.928906075693,8060.563210792603,1194.9461896161006,260.1557736566641
2784.075599066242,3138.942074147531,1485.5055419531934,261.3532967458528
5574.193659139165,8699.94012555323,514.6583588835273,96.52598794247653
4688.168234594847,3442.3477728356024,775.325991189152,137.79055358873697
8993.918195398997,8511.68967004912,1343.3069145081456,231.45050510605654
9825.26774326329,2382.3783179734387,619.3796624882619,178.8381493006844
5060.678626523395,8357.90622676543,1447.0816699766071,36.16029670486933
8475.635607383556,7275.6233418289285,868.3574765821331,170.08821630777913
3722.856648882962,6801.784436730666,623.5950453692823,46.56613735925378
6619.248898350779,6112.527702306536,1282.6225025810168,324.56403620403177
9272.994530280335,5063.6475837968665,223.02057007301977,112.55201609529222
8639.012891969585,3724.943024611306,424.8030036711721,196.37774639419996
4379.532981357017,4152.899108320838,608.4868773472353,235.5895468467517
3444.486013214152,8709.886102169183,867.1173341918494,304.3340483096843
6555.8956741028915,2267.0523648208095,776.9063268410969,341.56413683059003
4005.1964047627184,6274.157752579314,89.5304016577521,245.34440234915922
1842.5808890532248,9484.516900317181,108.5615546392046,318.14777299471257
2993.519054937463,7458.008548053652,1462.2767581294895,217.7209191299691
1313.1911553646023,2629.284158298966,869.0862588602341,324.06854432107855
5912.390204572112,8354.521711973193,720.7070354758174,135.03093520880222
6284.038371227962,9200.90481108927,768.7834718422552,322.64357287833064
1673.7292086281527,7101.078693064153,1263.693330385608,338.28810359960784
3080.528961257076,1389.070814795837,1296.367124053648,2.7032479858893876
8057.146233360468,2597.7412398839124,574.3895194460473,164.98895569234742
4177.258175645877,6465.727157279324,1443.8635138890747,88.46152302731618
5315.8491946437025,6993.608082414103,233.4407126860351,51.97602010414546
1669.9358938600622,2057.6028435070293,1394.928222900991,152.53309483720292
5636.946112487671,4026.339515619292,162.60988648127054,342.0426803618881
6652.476884844781,1470.9015783370835,527.2740542541593,331.2672178466961
5688.320061102594,3235.456392622237,194.43212230294034,293.85839607871947
3613.7720468396565,8833.96544152359,378.9786946811848,225.6609640502941
7558.511137199902,1799.3270820650005,342.0289523130802,90.94447492143809
6648.548600689734,5170.237534991289,447.2953266231216,158.06773234531494
5256.696217109794,7594.889428160863,698.9026709666574,208.20627728358903
1173.6435580919197,5379.214880186873,1035.8503983118724,101.93970137972326
6207.353341210894,2558.187027222317,14.234311653627463,177.21033076086707
2486.800028490359,7409.60440667233,1410.8356562483566,36.45427668572918
2882.956453570123,1452.3605751414739,205.38093087881535,295.9788732730814
9467.28472161292,1998.237692073212,1325.869794617129,111.87944636698784
8174.852853443812,8597.323103654764,689.1777582282709,79.35984654860466
7032.626336116162,1532.7539051942895,617.5838706468725,159.1477432030468
7017.359168797086,2135.3675180046566,1071.3608863088286,92.8572879602782
6997.080254881991,8071.214872043627,400.3294838691087,162.87724204105967
2264.174278543036,5435.7549234693115,1371.6301406141702,296.34291129950344
7216.597279043421,5156.8358124150855,943.8069722776905,246.47591969809244
3698.9580258811307,4941.618339748364,233.11972674112565,146.38008894968834
9452.774296700207,8867.72629906916,769.8931045346034,156.79866386667564
1723.88829658241,2721.9617062601783,203.46696216884246,154.45451162076353
1600.2763093243755,3256.3600958180596,995.7378833831525,69.07185206171208
4614.801371497574,9313.881963169622,429.8446446474854,317.17386939035254
4883.448343375936,4014.1399714735708,102.1083797489756,52.49813404852447
5069.918264908871,3563.267134243102,1236.8031415137673,125.21283960053678
4182.755955990833,6988.531498491895,399.749048719018,9.982590142584506
3945.63318618228,6624.768223995545,1429.9168225716771,116.18030314875044
9312.228524928762,7192.6651970581,149.24764316442082,57.81667968360501
3026.738968156732,8958.869727957212,789.7238188279053,321.60637962603346
3286.4534739567903,1120.494132974358,845.3310189229059,25.598885453067474
5166.128139619455,4275.16261649097,1095.9524968699857,183.36285765521038
6565.894313035168,2721.583664748542,438.966465043741,281.9169827462291
1342.6542881685523,8072.188094389842,1123.8308015403009,301.5366258101553
3607.979237373622,1548.3846443614739,888.084322869066,340.4927229203409
1238.7795146400572,7863.078403085583,1331.2167292252923,312.5242769673577
4547.150259644248,6778.935892652802,1030.5036555332667,245.76733079101172
8271.974010868824,3271.5127293516143,1361.7470697374183,131.91998058359113
3123.7430355297,7721.544318263875,561.0704063519408,99.91187388547426
9348.699768789338,6160.536427544343,250.584092259813,95.54730577210596
1934.6715990697796,4329.097493762329,1132.0760121989545,134.4949017302288
4077.90041627983,6467.903467766167,423.6685203652767,198.26945228964752
2173.9512701313015,1530.0922246339828,264.46255857616796,200.61600809201875
3273.410747562539,6789.226342669321,712.2946251656492,132.5212988130406
9513.010333530998,5892.182591471048,230.02150278856976,181.62804864969524
7374.6213991901695,2748.501721918964,1423.447249546809,300.33186839963753
2197.8206593719087,5788.01747895425,1050.7082852494016,173.1857104188168
1312.7629996848164,5314.599378873832,506.0484790840791,104.43460321949306
7902.891120971413,3852.962030623612,850.0381980798667,161.10426448648101
2682.3690990386967,1117.371565423063,351.95901104030696,206.00268089348552
5251.506606066427,8571.226060314346,1014.6450413133143,353.0891099659183
4156.296706020008,6108.6463087188195,639.121373275024,227.54335120099137
5975.31984441265,6815.387084964815,1090.6853171877103,295.36451558135917
4897.111272019699,6948.218668361111,281.2254184183589,78.79264682830879
5478.268550775033,8329.339525398897,1489.3877684520767,71.40945030290968
6726.542890083996,9706.244973465198,253.8442100983176,171.52895240539547
5857.309119726285,8120.942202079791,302.92962234503733,46.45209893571667
2251.5166280152785,3991.974914924045,1018.6086934760987,68.19865867751328
2149.1573485495846,6764.24246452281,628.3638359756367,142.2054027313398
3725.126054787719,9021.41523422856,1365.7065744679298,26.13284022943025
3390.801392498584,4750.129041764831,98.51961802981047,96.53290637700992
5084.615908007288,9069.744973506387,1185.3185258537885,72.24222543788305
6057.111519451761,4715.429685698734,670.6297947676574,18.966762588030466
7358.567498674031,6014.715579767828,1139.6960426005178,163.28037177494878
8811.086014738512,9795.259651085662,804.965332937544,43.615570509788725
1519.291735009521,2343.3295317475754,128.6105642723119,293.04555386524964
6252.904541436522,4955.627855365527,42.580806863542,77.34182068117896
3479.5390803320915,9937.5582344675,67.21028100550215,233.89101094264637
6388.6766784436595,2353.8121125995594,957.7653052617762,36.066742073305065
9175.457695215759,9361.895549714816,890.3677862955489,134.4889796732457
2173.098661284049,2186.3142359431586,449.13238682367313,57.77988659903877
5640.091370546508,5789.226371730426,1142.5120742372726,83.52126859723322
1803.3584683987972,8224.511874045911,756.7784962346844,104.06778322701622
3623.54317347452,7426.440738109071,56.887317596841804,2.476787591749941
7296.089637785809,8834.045813228764,173.4575731825888,204.28717337572732
3836.8269150666943,5271.94508064812,1206.5933943524906,185.03164157270294
3478.4882211082904,8552.345489524183,907.9367420472264,144.72795530646633
8259.236578217413,9105.742924677132,1334.2077429159,125.2954061358296
7878.726025001597,5306.313907450141,590.9528541743508,246.60471690012284
7498.372135372535,2356.695568115736,1441.5741201179296,328.46016376450405
1723.3548598812558,1417.3107132769476,15.89748486564036,113.78760653140361
4919.417793170429,7454.628721187731,1044.4589468179045,278.3580385409414
3828.8372450840457,8755.195453896951,498.00320350281794,52.27388229067226
2539.8169032157884,3931.0613294188706,956.932944835138,159.94566262087022
1637.6450014450388,7333.316632602904,741.542948951464,322.26372910393115
7890.201107349675,6066.30118545794,1276.4301866299977,48.49280998929847
4706.908757083842,2933.1051488999246,1245.6611793893758,17.484998726455306
6192.16088870655,8287.506431069161,173.7286770628061,120.7397091849906
7783.6328911328765,8331.760034848308,997.280524926246,59.48346004361466
4706.332394532636,6203.342908891554,637.2304936350166,158.18644117966195
4169.783676090361,7307.9634580151205,101.38803705645684,8.973131820159887
2808.8193526321875,5597.120082642451,258.3302028419577,288.10075659600875
4229.074394523175,9602.228281547974,1039.4224746160116,7.910037981444343
9489.279877029157,7943.903107790637,1253.8967944801761,198.02385400950016
2085.562734511578,3050.9645119584993,617.3538915438122,301.19881510720563
3654.287594063314,5780.769838263985,529.4578125890253,262.12455813186904
1234.6341266465745,4195.92873208673,710.8409070628684,263.00245048827384
1318.3918625316592,1366.3315878976005,1495.2099995684744,333.4094047679731
3306.335205254554,1362.875244354669,556.4044613688671,112.97430571859128
2091.4981052178364,6307.933621775593,90.70364308863566,338.2552840566246
1812.2437769500834,2816.8932135080395,125.6534341390957,170.8015858237718
2968.0783099520218,4115.882539313351,897.9638072550258,327.3993488604669
8009.055790965647,9582.97400304751,1321.3786992750115,284.2401702633841
3657.647062540335,8842.841796605928,1120.444002252035,14.509824926898167
8780.885390720663,6268.452074850475,1200.7677259190855,312.8353271758188
7392.203373174776,8113.459994743664,272.76890363487337,141.63261957626145
8402.130899479147,6655.2425454548975,304.98696530332114,128.58053597490738
5580.683099137046,1832.2180618410425,41.65408896132207,229.45088426195892
9364.342602513201,9560.236722965123,1272.196425602249,142.6420409923567
3253.817440220436,4015.1165476672345,547.512895575112,337.70511857484075
3953.227159911305,4768.744050768617,600.9279706547957,156.87561850509908
2209.9908265290687,9422.714811848466,1487.2616382996086,238.58475835989583
9398.002190484778,9685.791210868983,832.2753861505086,174.10652078950395
4095.108475307211,3278.2873991020647,326.9705897327872,18.242148782045923
7022.695429134577,3411.0422687343203,719.6346052992066,171.7392718969287
6623.910200083476,1644.7039061048097,503.26516376986416,175.79625806238732
3371.305656906079,2459.4619522960993,966.2570434695594,1.3794198680972232
5150.370329872205,4541.908727745588,266.60844809938106,222.6607261603455
7299.155594411564,9696.47456858775,1330.8955288669888,299.6936128904512
8544.845444034247,8119.134948764108,423.9571330672361,264.6916172364903
8484.574329621064,8220.063180001882,95.78475227383373,44.4749877568372
6213.6619809672675,5925.77029878905,4.664780012128694,290.0656759989058
7468.927742244249,9223.414687253873,1240.9077226331867,257.71811959400037
8796.756598248068,6814.557044030988,553.2868907821162,266.21272226999156
1724.3918950319323,1992.6192394391428,760.8624920655141,335.54732126727276
8381.78931698154,6163.615102884271,683.9221528771701,201.6402054690404
2579.4627865469583,7339.350580626811,1054.6394955392964,17.939103549774902
5143.247373783151,9353.711948870477,562.985414752362,176.3757388433422
1153.7007031286992,2604.5238386395026,434.11152473237496,81.8926587154313
4633.860609602034,8425.299499919103,481.45596855248147,84.80189904211298
8107.348370383359,3823.9049337856322,759.1970639004974,337.04972358778826
9972.142240230458,1885.3271838715536,819.5538753317021,347.9116736897647
5010.302484711263,6423.708633873571,240.15086295463203,292.15905926591984
7040.797599499869,3999.6372076233865,163.5053530687035,45.04532191397246
4065.364370327085,2437.1333195102643,633.5248549457127,44.29343944619393
9298.92495475356,1400.3176210227186,111.04339880181773,180.56949200195476
2240.3155252323513,5039.856870134165,1279.6943584710104,31.122557331638657
4508.838772378347,9651.101408961327,373.18640416119916,245.59757160995903
7587.640350728454,4047.995180253823,810.9480769152632,122.34164934580885
2667.816076000563,2251.3789640738387,725.6200366122597,10.427453422271675
1615.7465613402296,6957.482596886006,120.53179773651102,29.834877417798285
6035.132623350787,8312.084103329995,3.0305580269175216,199.1731125947107
8374.70691647548,3256.324914781711,876.5985085611879,198.36316207397832
3431.1578568472355,4932.217940883799,1145.8838055505068,7.683217536112487
8162.539481312574,4557.47890859773,866.9341861169547,69.77725352627222
4673.901890176818,9125.770910621544,923.835160034626,44.818542380035154
5790.4053115992965,4958.0392129952315,245.33649953743733,47.52344330651861
7126.190924557998,1488.2657168646665,1012.0539960022132,301.9575066893081
9692.967561764941,3803.311667045008,962.8575950708492,279.18865852071804
6068.652073081831,5648.654496734433,399.4948900293954,74.06691787597791
2245.100156171071,5120.6691388734,1122.4418027789434,356.61402244836916
9274.85026933907,8987.319388665606,938.8298118234432,174.10907001781092
8050.01173392992,4084.709375216127,154.65851163839008,297.79652892931165
9188.706705852148,2116.003235965563,1316.144570147413,147.98521225994446
2139.5269090963357,8363.928670273895,889.8335275780238,37.28560734518809
9253.810109961858,8658.833083823694,627.4231110289096,179.54410263257637
3176.2013331825187,2075.7492794449663,472.7741173735954,99.64483513990186
2463.180179029334,7389.435533805495,23.222838910264784,141.26043802978802
2876.657748005945,2210.7521528459574,22.242613092483833,174.6615219950432
7316.132068348401,7922.982830807024,1154.6952550362241,149.0500960635148
9675.844325313577,3455.2837228038597,1311.9275939968686,94.41901502424912
1653.8505728299976,3249.546359782446,15.380162213560826,82.58926968830745
3531.084267711891,9844.625139527621,908.3094877003517,177.35900182832552
1674.415824520627,7789.421414714525,1048.4628631410153,340.4598431101177
7138.054963501375,2095.1086028590835,1001.266318184953,263.37853823067627
2285.3563420624378,7125.884794634493,133.28982803321063,281.5300140913792
5115.754942947805,7420.6320284486,1129.2433798784948,222.7927223726625
6987.022824578407,7216.725654152972,1276.9873529492795,291.9926559649057
1363.67450077196,5414.446266605189,104.97948077390222,1.4870866834281045
4616.940699920931,5958.3012460975315,975.0183358236961,339.5415499250777
2825.3143731741984,3919.9365696386462,186.3267684695057,143.72738359676026
9300.604381018666,7068.363324789046,1198.5803512115162,188.425602549993
9246.155703693705,6016.969746306859,220.209469472293,132.10609748456784
8473.419106061509,6326.958856637686,1061.9810166041716,177.8803659838552
4985.498659775431,5991.089095738049,1300.2387984001277,317.5282256736189
5277.329239104096,1235.676988023354,1210.1780952500642,2.105435189598274
6619.775270732962,2811.418210279037,592.6221548805868,85.46727712330632
4251.174884967177,4087.334602210209,1141.2630562862985,286.4771735616433
3937.5798798194323,5461.412163799521,500.278733783575,183.8369446348219
3888.354173037766,3749.7192390983164,588.0655875173223,114.40599378976307
1202.3884540073989,9243.804276295808,1406.2579966072383,82.59334864776453
9600.074053870349,1263.8604184359478,1216.9614520837174,165.91779500132438
3127.94578828448,9415.929998545935,310.1108594167297,249.931073297203
4796.275427829538,7354.92377745612,486.21202418070874,254.18851702910663
9682.966278101905,9127.984194650795,464.4175013075829,139.61713412356812
4442.097910734892,5429.062158825436,976.2348491751989,110.41524854849642
1438.0011556038128,9881.631927903923,442.31534148234806,212.9926461507173
8217.176291908854,9886.807625881698,8.230192254324411,208.2755149538069
1692.1896778464234,3071.8681129612705,256.41871552856406,224.8145873446377
8623.568126065045,2571.6206514889286,785.3579493250186,58.08763695932562
5197.860483934468,8108.052510635875,829.6435705081891,304.25658938212297
9069.484286206347,2464.4952080451685,1460.1660062029991,231.6047655990593
9266.039310850987,9460.620425752759,680.9743789519987,252.44130336549
9165.731405577018,7358.824835497029,503.4560457108469,284.19397641254693
2962.5539428356924,7229.295070010555,1097.5367460752532,6.807864504694443
8704.566258008048,4829.976033127688,1315.6432920044567,34.43725905323013
7255.0018709850665,7778.267813560267,1073.7007543530117,43.658133319604545
4088.3438704075943,5352.839001011583,126.63167578803191,328.8074309685541
8632.856778947873,3884.600669221374,682.164971906851,320.7192711728569
3382.941805115791,3276.8355348705204,1401.1487501818974,8.992419471599273
6537.33940344118,5549.4654296729705,1087.4571870149393,240.02333530116582
2330.618466874639,1849.6982867910738,1073.06504084255,326.4675620577784
2232.5625732573353,1616.8418224332902,1099.0456042189335,107.75868086503493
2738.539695647917,1417.3807604666188,335.2841725906114,272.3016409112097
6353.507596102739,7070.177935394014,954.4920380016658,30.913020029093254
1855.870442587735,5473.493289942167,530.3854961086927,14.449482120424602
9714.579310079922,7575.347137678024,1299.6105158608461,299.24937611948866
7121.969919679989,7985.559612843819,1273.4326928316832,63.53786998459419
1561.2413946988222,1920.1844803293566,1479.8810885191938,236.20831579575406
3543.294871004689,4764.986608075462,737.8941054688879,74.64301962150296
7248.283821748978,5232.260613142973,1153.3374927170225,236.53033967018007
2892.7645626289477,8542.411615673376,872.4295300946815,345.42508288134565
4701.685966737294,8397.96685213188,984.4701144622113,278.9590215056263
1369.3793316825956,5924.935635497118,2.8492365633515004,36.36559149973172
7529.354767495382,2252.3965754658348,1111.9029068232485,351.1368468970234
6378.975007835924,7435.622222126462,1361.3903940062794,27.747952661279573
3989.083360147317,6941.556092208943,426.46511946476437,304.2359322768827
2519.3064210143593,1161.5454186203929,794.1562477254716,182.93938081992948
6078.2753512634235,5766.068719688863,465.661116158768,325.36029346150946
5800.092381976843,8668.909383575046,1324.3635530992642,328.75652399990474
4432.232764780703,9016.976809841011,517.2282470153191,329.64641526088815
8155.713419884658,9281.619015116134,835.3690206912797,18.907487516861753
4276.876631525729,2223.3992513848534,1102.1946049743508,195.1434502377596
3810.3767278607006,6857.293316641476,888.9495524968981,257.769771581529
9230.547401667565,3496.5045631703933,1253.7422819260119,78.40679189675329
8845.050013069253,1706.4181044412599,626.8364744003052,330.3050509455926
7520.893790489064,1481.8299410607626,1307.8150435491668,149.05210589510943
2404.959622836804,5754.017343148632,1143.431362118068,53.1094854129705
9866.299275217641,6114.15296425016,1493.8794247573314,250.43089337634717
3743.2906866291373,3688.6277014466764,1120.3385992960182,309.3669519089048
8332.46117792823,6367.060822809702,411.15645908966115,41.1747606368175
4798.89542461256,3184.5036698601584,1376.8204014285673,165.52177459582722
4105.152295895701,8449.382062490553,161.00276113653794,68.8573048588986
7006.146997728863,1506.6821547133322,11.760282381599877,231.8268714577853
4899.243355691391,4015.090945004797,1493.719409909623,22.158730599839604
7495.100800841938,2442.525448347278,1291.2293222470944,76.54735029082148
3308.3331014967266,3002.8230347540193,1115.1255920866854,116.86996673309201
6593.353344695577,9776.767137905968,827.3773000052491,307.22173168891374
2130.563415535821,4897.614403490534,1.6320921871591287,292.6685154227895
6460.920438495109,5536.940535194391,674.6334827070295,159.6001650676385
5022.314966807922,4595.698244339135,1307.2073321891048,116.9546616369592
8758.606533962688,7905.951261255387,1393.5487388664417,309.25991786631164
6185.0457820959955,8342.43622019717,937.0092353388725,128.3803025251509
5466.099706331571,3814.6725586943467,688.3005434182379,20.20131322173356
1986.1296075680893,4227.70692232641,1008.7249995136622,107.22081739214705
8299.296731859491,1914.057411709777,972.5406272551824,321.15740344222627
4349.870470938076,1782.6319800504848,971.4161349347381,49.534621346675216
8636.968740171473,7125.199064656316,407.42387203468144,50.980698985939846
7960.548794234825,2611.801326867596,992.4704441503001,291.2413623264482
7644.421095121002,4340.5157307423815,1355.643600439669,208.35709657222046
8375.081522368844,9176.396645624876,979.3321670128091,168.49730267279426
4127.16134867215,6850.4699026358185,576.3546532713931,277.2865630906963
6920.125190408605,4311.620339911866,643.3661467440385,1.219614294539498
3867.235199215173,7586.258941514903,458.372052279315,206.50380794822155
8188.016963240778,2867.018026761346,170.0844144976802,12.445872279004014
3746.6868291407136,1121.1943220343003,1049.8416043930547,69.26445760473412
7043.731481021084,2837.7071642433584,884.9883676790977,87.63468278596773
1872.4831191805579,1264.9722709739901,193.17807103532152,224.6584353405932
1955.7043643666875,2223.6121364283345,617.2642232808528,256.1245913483553
3353.412133517237,9911.670104787825,1266.8963300896776,43.7045688179998
3983.3190855809703,8900.208239007025,994.405598055611,276.07294568536764
5672.067557744331,6186.561795256581,84.1582497957614,162.1177494311475
7326.03955708218,6887.229227588981,164.17372610172157,87.29358333691778
6353.956333126182,1515.1954692366105,995.1513000892778,135.2048658352768
3477.2157227770663,8743.09925001211,823.0916685398707,153.48447703513347
6282.528237845162,1100.3573877662589,959.5895717864979,252.57348224212905
3812.389730261646,5002.353725133502,1296.5415204855522,256.04821982927274
9613.990394777686,3020.8578570596064,1110.624021578399,292.74919773781664
2052.5377612928214,5943.93697229451,571.901881245709,82.23571019890207
6792.917654769471,9515.352039494739,1468.395979471968,71.74302534310732
2867.6086589330657,7478.462106757594,238.12476788041133,18.245717021605184
7589.6839898056605,5516.81979316569,917.5547633898087,249.14855317158194
7152.438538709272,4345.555856012319,1422.1670252079346,137.70710147709707
8199.545937025692,2427.7661731248936,804.834905428831,240.13329538426927
2447.6437513486217,6377.896966965068,1216.4063859345385,6.832509662511731
5189.104851089743,4792.891312325437,1241.257436169338,245.42551821220056
1134.676523592376,4868.246703782077,1098.195426020733,249.98063156663238
8705.172652823334,9620.668387344187,942.4890652396068,355.37048682483754
1100.9205582552254,3636.2423385987245,93.26774645960579,245.9651706535562
3222.734176088013,3841.635738169685,1252.0523105899465,346.2351469553028
3658.1235847767844,1716.5682102895944,1366.3063444513648,142.15935712806925
4707.675992422513,2665.8737155228823,1340.9973381520574,271.69244208991563
7800.13744710899,7799.052314303016,123.57625843265478,120.57142282270044
3606.786809958683,6414.4398899065145,1125.4447263007926,168.5988044623899
9570.122405194086,9513.661077543404,1391.566595157211,246.08163749542547
3818.958896100779,2748.776996747517,129.05653295521057,116.38093919154849
7302.227435095571,4755.0441876283785,277.20907553873946,264.13353741310704
2238.589914107474,4763.180532806897,245.36055727677513,110.71644434745369
2142.9592097208565,7507.514538180331,104.76404610623109,317.91319817102647
2286.1374818289282,2621.339124433429,161.4789548320011,35.24444837420833
1586.8545327676134,4836.463370899581,237.1088606468327,316.64271034352765
8408.544637421866,3298.0116138765857,384.31293014726236,20.419882040266476
5894.61491278684,8640.49521544313,605.0670122700911,108.69518094117646
2065.5722779537437,2284.315954653861,1438.8733502598066,303.06620154835133
8703.107177515465,6639.747310780548,1165.5146236538592,1.3160421938946838
8938.795352416004,5861.5671972925375,824.3097166027136,257.240118886229
4801.684612054447,8182.339523113614,474.00887922027795,119.56467924375964
7211.2190062972,9740.073112747861,325.94552675328913,287.1278204928769
7898.212775638008,1533.7160275290425,1363.4665018832154,158.65939791558878
3816.0797511142805,1988.1965025403706,752.1019155592221,203.8796075898773
9815.996418416134,9886.101737055571,1328.3662597465318,284.42403806660826
7951.049567689121,2611.6002866573235,1092.5281605688729,162.43351840113974
6910.430672707553,5319.43033160548,354.31152836645794,232.85649654552046
4321.22620855889,5627.273169550114,523.5466558264262,160.8848455820928
3596.589793965155,1946.3017661223003,43.09286870802409,261.5611666042789
6653.853857683953,9677.045217689218,523.7441338247102,21.027178642180193
3808.6080313320417,2068.833050704831,1028.66649037904,233.6193132798066
3996.0516257839854,5448.388510423882,839.1354500770334,93.89406801581025
2174.6437918256042,4187.48178186274,660.4648148658401,278.673812205049
8665.094567865832,7646.346267984331,627.1243516531415,143.6726468534646
1659.5045692096653,8888.90115281419,1028.7561540457054,308.8117111382455
1421.2950869510921,4379.067922628013,2.6148119282692184,248.9254484813616
6862.686591367631,4468.301768795983,893.7470634767211,314.1441905307951
6964.448161456481,9577.858835047082,551.5126297147181,67.25800174525222
4035.1420673107436,8740.40290244623,1353.7734855476779,84.51260070195141
5985.087821228786,4979.585732261265,108.60851593368182,22.827374641488024
3089.8548354876043,5165.656947196914,773.0237427338283,28.050553105525985
7598.908308511405,2944.2352077307505,627.9335546067747,53.56783300963616
9926.433693492547,8487.488242681065,1094.4969340891798,221.90695516206114
6675.919700167396,7521.6394235278185,557.0964294541653,28.303890909542385
2822.0602442427844,9142.613554133008,382.6969319592601,17.020954564586244
5838.614318758351,4979.667637644638,1010.555262351902,301.76453398673084
6743.870382575146,5918.221051453512,1194.9187043895208,151.0939684142261
4234.1283557594925,7716.246936173568,775.6605094781467,154.18547179275257
3967.560410315175,4611.20554921633,309.3674463384776,86.49457449991488
6827.0946690846895,4434.347804344773,1489.9495857875838,359.50517621896023
7738.621824155336,4819.9012430117145,1267.7601058615403,293.2031279998304
1742.2879923130668,6291.205129792793,1430.497368388609,167.70975151802236
6611.083353879971,8148.594682733411,1190.7613650190503,342.9803627293729
2420.071788878776,5801.303096509856,636.2999756851942,50.11071580900366
6420.13371128724,2467.082451249945,340.06531659924434,321.6044670511342
7180.849213047781,7288.8304102200445,579.4774411070285,303.3301254312601
4010.3012133518187,3084.966787627117,670.3311680572398,125.01598748613677
7875.5965002642315,9325.093061513786,829.0597676203984,145.33305002126934
5668.952449007267,9118.874448509792,91.62325805921333,286.5550570422342
7300.41190652482,4514.243289819685,1345.2655721823803,229.0625677046324
7232.626456597533,1815.9104303204822,361.53597977960936,322.9539002310755
4005.9827840488188,6644.939336971432,64.77049503497399,301.6321753639925
3682.8077056822776,4001.7124377221003,348.9258041830067,322.1917555509711
9671.157075713929,7051.8455809165025,1403.8068968024224,150.2542601849813
9413.906471165756,2685.8498334780447,1415.7060416737427,147.2759963808678
2809.939797476657,3358.8946515308808,1161.948889705976,17.116601086181188
2720.8947166961307,8471.481495401524,538.5338263229427,242.17669115089606
6706.659626932469,9485.533012228332,21.742584363890465,274.0130290729265
1549.7033202676498,6791.221964416595,622.7472409208667,321.25516833512717
2471.4037262574393,5944.580824960595,492.5112933268981,329.52397391709553
5701.528276411689,3747.018531470023,20.115803726783337,52.23419469277597
6638.1931680400885,4895.824139772258,606.488643891632,75.80323730305855
8831.475618778673,3205.880725689104,438.0263206869269,275.0281737677809
4080.5409622966936,3749.194918172613,153.79673667989084,71.29024046593067
5308.34804169114,2736.5569084793906,914.2844899196674,287.97103910059366
9717.273239507049,3793.0309237523998,704.2429347595198,114.38991438881716
5011.333875244416,3517.615602092542,326.05033219695014,130.46796764209583
6433.188003896473,1240.1790224913498,1192.4429153650315,358.19521644442847
7805.7590019381105,4944.959880737793,632.1721712658128,308.8974149491765
3836.893310344316,2991.7056531536236,1417.4050671189198,76.5904695607014
7830.043519872117,1776.0908327981165,793.6188762176031,343.80719830002266
7846.6338939239995,6764.428854695003,777.3924819927403,170.11565326626283
6194.452725116404,3935.005597464127,784.5023351845907,30.222258963687185
1427.3096056239492,2693.0389333105663,963.0684550650761,331.55050648156987
7522.33928985812,7640.100434147686,1437.1547277495029,148.28430259907347
2112.614039558057,4609.798852513832,1351.5384085700096,315.34667861434315
9860.396024934613,8550.726212760781,506.9580245053374,72.01186123060911
9612.410498322326,1470.5675636768062,609.4158506539435,53.60469125248336
7381.167134489656,7102.299927794589,611.7500754391478,127.79345060682367
5392.86874403982,3392.519891193298,153.50615247336125,132.042167273363
4728.410813487298,8603.87630767495,1271.768628284661,226.54365686591325
6797.917431186661,6727.072142674898,36.996646379223094,37.354946435269234
7564.839461116834,4512.320394289411,681.296469927274,262.7785711641953
2150.948935315858,1123.2156663244405,1427.5966983827718,216.27401914438875
4036.344326103195,6994.202013189602,1343.0961886550704,236.0148093444811
1266.4673967833198,5667.861325307516,1026.8825617625307,238.49680306422593
2076.959058626329,5141.9498261484205,246.02020880736845,172.53162121418887
7335.259291716691,6150.1844152712965,1195.8317729448324,326.21281160999297
2965.533980596303,7931.309191097501,122.11465109253461,154.88054268687048
6085.391098436784,4142.911350711834,1443.064137355343,352.55925627235393
1769.4373921640956,7109.089016062668,566.9216916452718,258.60006051802856
5272.17189999883,9579.220513568584,954.0239595249433,349.4284696345255
5705.72484966412,9964.761636448144,710.1936954442165,232.37293687345996
3308.1249839472252,1999.4457595544245,1253.0265900630618,1.5819647452875578
2857.6655735289924,7166.910349132987,1169.6174933611926,229.42960338367502
6790.806391120069,9908.526931102559,567.3267554769826,288.48502994211617
5388.0479455374225,8842.809451288616,703.8478760464026,88.40999552579858
2872.7980790867423,1177.8117932395196,1334.5330502941188,350.7660616434673
5731.760481485415,8024.199224879776,1408.9000139529549,49.932821545817305
4340.1251841134235,8817.016142965427,145.95017986394086,102.89328893170035
9235.41879826443,9870.388462867339,1410.4062662833364,187.9311083907385
3956.6038275749734,5453.510652717003,625.8584123693704,12.184326491392866
2226.6409943239973,6026.278055552366,368.48017882395686,151.60211237965214
5118.891606888965,1293.9634219452328,700.5890845193921,240.60232448423187
6144.923699697751,5189.062846623072,1055.011018388229,167.81735730319107
9805.301488804824,3474.0148604773226,1175.8842325687956,26.695023960117602
4716.213552696814,6256.53462956571,1367.072499023317,303.3156540308117
4362.429563752801,5742.033586125652,1279.2803711289334,300.3623137667446
6811.356474867239,5773.705040571639,391.94272450363394,293.4989108717551
8950.14740392884,8496.419245965611,1345.446740484926,27.808463220814513
2337.8103573420512,1510.9595036982942,1436.1410083334677,39.04254543274077
3322.20935673405,6058.436810364169,278.38349593330327,331.6642374174725
9078.268592905804,9327.028384002722,1433.3138327397646,236.75852600118577
9719.259107864977,3582.354950467512,1443.676162996313,57.5929502974435
7128.079980462347,4702.2114168791595,394.8033058451244,174.46223239053975
3400.2057632591423,2149.784801948581,70.26042587155332,106.59864263354419
2280.232705188663,8196.465485576144,586.4716202145191,116.3012664959405
2555.745339391935,8034.160519712328,1277.1936309746789,270.57592348815376
4197.442886552943,7146.380001010783,51.445258429283555,60.65974262103324
7276.257675373905,5607.954247685974,321.1003786309644,268.5085204622237
6513.490653713142,1937.4660666595478,1206.9199958274598,289.98607928027343
3487.128146870534,4820.554895462849,1424.4833758459863,307.644346826522
7966.772134152032,3556.271216854234,1449.2975006776003,237.7061375198422
6063.8806905796355,3924.2199409414334,706.5238322519738,155.390232491503
4613.828311925546,6468.572618517194,772.3475605116387,27.070697798690237
8326.716843791786,3470.1312585210985,897.5220826201214,143.06170177189185
1521.0008277903369,5684.904443193137,1352.1088578788313,32.81153404131534
1804.9156219438953,3778.4789435514867,658.6632408638624,201.99930089695755
5686.792387121277,2394.5051464886396,1428.0284151815438,23.207567913510623
2801.104375183366,1804.6869825001813,539.9267611944638,165.188039548581
7292.685138519659,9429.93468924578,1382.1741688068823,245.4326026701391
8221.57570770655,9798.498707842824,557.2056602802654,116.12848216854088
7138.811492487708,8398.826809207387,547.1567436513506,7.656901475809215
4061.6681372008875,5199.20954503385,533.0560907867941,216.6043112000133
5098.554049106506,6298.781093276839,658.681285542915,252.57031570677543
8734.314598905294,3933.8408321861803,1285.351648212139,157.7129739296687
6922.862063543986,4577.433513748827,375.37549772254243,157.499989543964
9314.109273001244,4121.905808284842,41.13566562925242,174.52567508781607
3301.0786443766333,8117.25653629645,1087.4163396292229,325.93558872999415
6401.886718195033,6154.077938429041,590.0379309806559,131.84085565235668
5540.28401899619,1883.9513884936277,1104.2771879390602,50.39901292455357
6003.207875538885,3021.700962642482,504.0748330991068,100.3576073403134
1440.345306808932,2315.935568597433,323.2510346159221,227.08089230107444
9981.927244452214,4304.151366507434,1376.240035895017,352.0336976810814
9584.192675043083,6319.166776705216,508.9960909535146,238.2538738728667
4179.7633708618,4871.048629971561,1183.3417256508815,244.92599413963816
5197.658065567484,8425.25423845974,1468.7218443517495,181.946572395637
5936.45155699255,4247.739851166843,1131.7456953853566,279.14932365644273
6679.529252257017,2133.153787032591,617.8874516166824,69.40743729737156
3022.2122764072683,2170.9215730840783,842.7381309108316,314.29719528858
9770.104175690982,6687.7798182153365,1130.5026535458874,240.3807111332098
8627.10253655239,5563.429498969093,1111.0448522324268,260.8463150118131
7764.270976011544,2771.2959712294246,801.9824538463643,349.4625499600381
6730.49556071905,8611.568510628143,207.11473423650364,18.375936882164577
5506.761021314435,3631.742527398775,1274.0392756412577,151.35240736636976
3187.1048726394447,8850.677266209448,201.8820641728433,268.8418121655188
9277.279334406841,7193.93756110424,1295.3453716613667,258.91717536792453
6070.402654954571,5633.320881314615,936.8937875728174,329.23140175191463
2483.712301982592,4530.137106146452,1319.5143145198201,84.6712630329338
6751.912696680241,3522.153419495992,1016.070697516463,215.76539258939604
1181.2245724386353,8191.153149169865,1156.174942134482,340.9870315235842
7836.221939534608,4425.328908185102,88.49466301076566,47.46536306694395
4046.651516197053,5350.999308913811,90.85006915709755,171.17813647214012
1846.2068880862441,2023.8287022155987,480.038626357848,319.6672625199427
2349.61837958299,3750.6801021566257,629.8598576859237,34.37614557261202
7424.465848534238,9423.836747652904,639.7060139506045,358.2343896877535
1850.7456169416973,9955.585538766221,741.1068060032445,175.2262990599041
4951.286998042,1498.4082228356147,149.92306711226308,119.38685459680774
3236.557505212302,4839.140384089735,433.9608443832883,252.25907049873467
1164.065581451527,1684.5510831707704,91.92264516061852,177.9061665422236
3426.2738569871944,1662.1485099989204,162.26954257014754,170.12991287530656
2634.3140268064853,8261.872339106847,505.96401733931634,308.9317112404608
5957.719405145251,6344.056855053374,548.4795896235507,101.43903072286348
5222.585534227483,9826.625807387456,532.8869809074521,199.0307411065214
3209.913159616039,4119.303579657963,1440.7048597669384,261.96187757399423
7543.264988074891,8786.766566871229,744.9345880783967,105.33598255948243
7606.095085109474,8525.440999714787,1158.953588389367,270.834402624691
7890.014263705479,8755.106337405254,1229.2717861101908,314.1143722732301
5887.4959939080645,7615.570400881734,1322.4647701761849,354.32496881115776
4233.149971303141,2671.0274623847426,1357.088664179475,245.78169875711063
7057.77824775249,5957.825632018511,921.0804487795989,218.9359571663877
1109.3727611954105,7943.561970168356,1462.7435758185625,225.96535277952015
5517.543299158279,5077.878970359137,565.9521406040569,199.45926071913516
4965.033626126122,4674.107302056795,336.9197698612664,190.0686677827189
9356.159395011631,8095.170436482447,1254.2047773916897,225.52698277638763
6486.232350738878,7064.247222220722,192.1027227444411,228.2097703377744
4200.990453331502,5905.112833112045,20.774799208932244,103.98290608378912
9325.999701419683,6134.8738089936005,49.98553999486504,341.28598095860457
5465.308603948805,8505.308046437443,727.0994960462002,58.107965887588435
2023.4518703629874,3714.98545962381,1323.6941855984846,220.13445965242812
3964.4644808996954,8862.349113027743,568.0453796108048,27.61351101704541
1834.3558148818506,2325.3322185985835,874.839495920412,348.5666088692213
8027.227447418703,5439.35837140985,1225.5133374847378,126.79472646077963
3287.7570518718517,5307.671654837886,259.75636143016595,105.8350037719271
4227.857931182269,2326.674561116704,1411.0975018094277,160.97812923162067
4890.718181521645,1225.4317341646988,1211.2409247162618,124.26877395578491
4881.634233218204,2730.8474817330307,1083.3096747987609,183.33264541010797
4418.731846232235,3020.3165125746186,1261.8164509352064,176.68231458367907
5404.768787774579,4424.254903505176,280.6421980938207,343.22161605196214
7107.029967175657,8637.899451792066,1134.3790709962834,299.90483797021227
6943.2710037197285,6071.765984955843,888.8885036204979,20.775179073083493
5794.9412854721095,7676.0613665613755,1114.7857743262148,97.68303461180129
4029.7060106593813,4658.458127458678,661.3637710356887,256.4036363692504
9923.92316198682,7290.088881727453,442.1552208866485,311.75254163559686
2409.0042448309987,2698.9954057066643,85.32822447925808,205.87164287355282
2102.302160818952,5855.498458570082,151.44816702144368,219.51420380192656
4065.700793543727,5723.383264717363,811.466647864074,45.698550420947605
8293.800615449709,5918.268285773128,290.9157670879804,127.55322696797315
4855.948991598503,5406.26879936007,969.0993507234974,156.57268647510477
7211.90583192719,4240.564848662429,121.86847532675696,68.15064041646805
9479.80883932669,1621.7194572259484,288.08637798888947,88.02847756258944
2600.609034704382,2216.512270551634,1461.005376378751,249.9136572140482
5480.52321837001,4731.50852458579,222.62976657525903,181.91780030574577
4556.845919010602,6671.536726382847,1329.694564164125,94.15574107230144
7025.526812264603,3592.409914994272,190.14121919031916,267.24076767148387
7866.095228158761,3885.683227701456,1488.6496808023833,259.470633493259
2650.0845904324815,6671.417477507289,1133.4575637598334,189.93749449643516
3488.7857276510495,7638.1241523509425,960.867728997381,112.1515798657763
9952.15544105663,9113.49787332019,186.09479315139134,257.7852223048136
5816.038058534976,3205.7174473479736,177.1175770911116,249.8891723614107
9423.34395164565,3967.7682468695366,30.812526576962533,354.3368504815039
4095.7394487670913,9204.85139877264,534.5509975032718,118.58286417365306
8883.994281370382,3830.09097170815,876.0823257233544,135.45254169928737
3219.5831810889517,5744.657002524399,1478.5617386992042,320.73274912978576
3140.2508561790764,6935.144467571441,1242.4242790026346,152.2451676681538
9043.808960423667,8300.63946629701,356.90290039212505,294.986728057594
7124.906780590272,3252.9846859173394,1420.9362348103973,200.59032500086755
2404.009798429729,4469.590199609094,1345.0727434117314,85.54211390959537
2152.907763264555,2338.138016830945,68.34172555932938,175.5583330702638
7332.812729950665,7042.444169563253,699.2603979460446,14.783801360728775
2936.610509388035,5089.716586761271,1212.662770703625,242.6596443577815
3504.6845851804087,6107.408432107791,683.4423681730834,144.5174654694376
4587.9127331167965,8337.646940844817,1195.212324917496,311.01937459971447
4358.9620630108675,7454.256055369984,668.2758108295303,206.3108924976667
3382.192771522398,6778.122355857574,1259.9808828910332,300.613707312696
4527.256419915102,1773.7721727047942,389.38896242102425,230.6574508136133
4651.638213442553,9042.86132746156,106.08612877758915,258.2339129810746
5827.059181024913,9253.259182095597,853.5986099912963,166.89027960937526
7820.910774743647,5885.04048189203,523.7149976907012,106.72499270026101
2801.4538849463306,9986.033172217514,1270.4320476947273,249.2550580405026
1744.0163710189554,3103.4599196269214,919.1790570137163,297.0618650836804
8166.924031242066,8079.114422107137,434.8371178230999,309.47891065546037
6702.6962716142,8134.207048435289,664.5929531826267,335.9835034833679
1201.30623923354,3777.8812493992095,1004.5930174777234,217.208316892822
3973.681695005598,5056.936471526964,304.87767419223303,123.4287854407173
9927.92174260975,3118.8436410748373,1278.426331321775,204.6232280413846
5548.179657418595,8950.73700826998,206.6848288661428,224.56225167263864
7819.734968719106,7156.678578054901,536.8705852500088,174.34821163008942
9221.480806557489,1248.1862232986089,1307.9838889918994,166.94841887720563
9418.260139117308,3917.658995506462,711.6648980744857,313.7831284142205
3395.422923947363,1680.0185660901407,465.0930002829045,196.49579844783923
6982.168274856268,7521.480183293436,29.555828937390597,207.80880377995828
6084.59438747192,1551.8438250899576,375.44023184037945,205.79223825976726
5426.642592465132,8558.579394298009,491.9024516975562,234.0275514071494
3076.5263534144588,1586.27815138015,1027.865450077031,282.4948596137239
5755.749761485068,5909.369407066274,1231.2729047888708,259.4130148101408
5864.5385866989545,5426.236237337912,1225.4953631580493,112.9712598149757
3404.1898524312674,9106.806776381236,365.5142677434027,125.09637055686805
4704.042320000564,5356.9475689982855,444.687647420267,58.916509853336315
6132.168975367941,5265.492043776558,255.16067026827324,17.735608732342598
6039.474085527823,7333.5183200659085,659.684745927943,324.00920457398274
4228.938367743972,6977.502612650084,1337.4885875961352,209.7033494134481
7658.81358216432,2546.959444264129,269.48672606411435,166.73095786241234
3467.8532334504316,2588.7865813087183,184.13911849691874,15.053580187578442
3164.979628479041,3271.185790106035,978.0242063135321,20.532792547701018
5954.24815978998,4903.511679473009,827.7083799869538,283.05062326375554
5213.103320366905,4052.402865574462,515.3517490508598,37.147373396084696
1480.959220228964,8375.986123690518,1206.2600275226498,5.832908360338025
9075.356904499207,7834.78998080638,472.35502316576606,170.83894521478578
2192.36481419529,7034.278343591848,1487.9180038480406,277.07073863692256
6658.015022306925,5890.888605148985,34.026642164134756,67.97088327183508
9519.820847179702,1145.5362191167383,1224.593760757994,61.533443067068944
4364.657994707368,3462.123553897043,1130.625548212526,286.8342869945157
5273.484749607631,6917.233830202034,487.9739648561518,358.9878595542457
7608.061908056231,3978.3868797760383,1440.461333254411,39.74673227257318
2821.8594048746672,7885.277128525665,1177.8965210289646,46.295109009374976
9460.400697963923,4446.6618598257155,1366.7773167984742,112.86216174481268
6115.088090096599,7035.020407133242,157.0864040407502,183.29988223972606
3618.6647458844473,2436.844428043124,34.07173351005286,68.76440563463592
6957.74765293501,2893.774934295593,368.82050008578244,358.8190068532273
1773.8730747400812,9944.076446640045,395.23202704711935,268.3612617234365
6192.677200881004,3605.6767145515296,926.0109651434142,63.642389397788094
6016.726016087263,6108.9052008222025,878.7244714197584,67.75820635419129
6121.1524810434885,8965.05419575076,868.3961130930828,93.89973160262082
9080.2199602613,5134.140186541688,98.48481698673602,91.00952106041532
4280.352501564813,5570.004399886795,1169.8701505492404,342.18664969058176
7897.053781715235,9445.607224945199,1470.1026871384242,37.58553103915456
4095.849552733331,2044.2789344209777,38.945307811228815,239.511278551949
8196.346608557255,9236.433989001307,34.217350579401455,166.8941851369278
5073.366189293829,7066.824680955097,980.6449768512229,173.9891973929095
8990.783342732579,9028.367969912386,1216.3435414639966,29.46628788878019
6868.139042126105,5617.962351903303,1144.1543324679901,97.61530346648227
6713.540427867051,5991.207034073553,409.94479252680026,183.87032191623
8365.823915841525,4107.870998931963,578.2505938149118,47.57126609454311
2615.128706509764,5600.855895071061,606.1749835296805,17.12888391036057
3324.8168799490886,7954.369195926906,552.0595136150775,289.9661910484697
8728.200897613358,5008.054579572414,1290.9856893841247,147.4267165687609
4300.338114533975,3497.8383301937947,951.4133370176714,133.6846508815681
4383.184613490446,4166.450693915878,1247.403059559102,95.80398570558744
4168.401038171988,2244.2280236851907,450.6426890839288,69.77139514531723
9307.359140211338,9660.435974476135,1436.1166144158021,203.87362612077487
3048.050862322775,6999.531986964535,1477.9342745261138,14.921823890823278
2090.3789738772107,6022.791851973624,885.2672884401808,326.8832037596228
1770.0060590428957,6004.883462959859,170.9772159672004,176.7699514257452
6635.514652054772,4775.8393917575595,1040.9616670578173,50.9374391621224
9327.136894179606,4072.3234527428544,1216.0134906285143,210.4175543985292
5549.182605373196,2728.5956394005725,1033.214232492266,126.70657844362643
8739.218908492807,1192.2862869433163,1178.8328512229782,215.34512520080213
7346.931975818534,6398.133192646695,284.02140394033614,71.2900259114991
9903.225119810157,5829.02505457988,753.2383413399143,51.106484214338465
7726.551333058072,2077.244531653339,1002.6286334909934,87.42135805942502
3241.42673109986,8373.98030497816,439.65857646313833,42.49734615795947
1513.3811880766648,7507.306500023946,69.13906316737531,245.7314086333624
4166.866839089567,2008.0368646032678,1261.5696641122745,126.1237875742859
7700.447835840246,5340.928598289437,687.375820290584,357.41491228849884
3550.8340118672572,6527.966521122801,726.6738914496373,51.44960759799342
3324.6312600452975,3450.3438990471946,255.15053794820733,20.13520167260352
7615.018951121136,7424.187877996758,22.041834456242462,202.3129220388093
1990.8939930274723,9521.013512609275,875.797471465998,157.2382146946339
9897.277708843998,9352.825290452683,972.2599860917738,102.12960902677013
3807.9557070192664,1265.5761794461814,1192.6000049569682,77.34768465881639
1795.0118351920983,4179.544640910439,9.936533671362696,246.04047140364594
1553.9127929272813,7774.847788996681,1266.52260425115,226.35085128836286
8041.55747844609,6229.782144817209,61.691609552155924,212.1774447563417
6459.123542226046,4701.283881609483,1495.6200110948662,351.2453602177637
9271.75190743821,6085.70230418885,733.2206076006415,169.20695014402452
4991.919211185929,4849.460876704543,104.70731126911927,172.935265459977
4342.250770821234,8260.361967482084,1295.9965638961066,351.10089156372226
8395.521663009982,6566.983235566631,28.56282762908707,169.069508690589
9186.233094056275,9655.240993100926,477.8905110770846,166.67989768766674
9774.333980177506,9271.403978343913,1066.9207061371653,59.897399846455514
6213.55121549531,4060.9240880963525,785.8381188751497,251.72670012186413
9917.624389513703,9879.248670047087,106.16310101580653,56.078781274328286
6341.058079276785,9624.791626971311,141.71514054134832,88.55680043011834
6570.216129605003,5661.146860176741,766.104676944862,110.3552644081997
6937.393286207641,6018.060226630395,661.170827606015,296.2734144198796
3898.1237963813987,5352.247224286641,594.2158129488878,240.89063266699551
9293.279458319312,4983.385565991792,1264.3995343231675,293.9168398320362
4706.659089115036,8868.690172398352,380.28607822860835,36.68098830431188
4996.007687462803,6873.484413756212,1041.6575297210666,75.78351312536206
1665.644398800975,9459.201892157671,231.93150055804,336.3007392467516
4268.2844532370445,3252.5174525751545,39.94726046579894,70.91604009027337
2613.1158716102927,7920.376927087854,320.55097777544415,340.1629539646337
6030.090544202149,1376.70840223489,743.2224229838438,328.7139638440803
3962.8774028538073,4612.314468127457,428.496062469811,347.013838378715
3771.8011538945434,7542.586447878577,789.0717636541286,166.6125628489682
7643.559583470551,1418.7513583792338,957.0684881598496,239.88664058497224
8732.207265330595,1535.7362547218793,772.8805991414445,132.56097908023685
4545.8221004874395,2823.6943054706207,188.09584891884788,219.78253697377826
1141.566409841971,7820.135126194059,1091.273674175779,174.42432731758976
1383.9952557124961,6407.125602551706,48.73851468576885,292.34486976158195
9458.593380462244,3677.603681855994,327.5501767935581,228.0387238983104
7421.404834285475,3284.2153223183395,778.2610957848701,300.0883431416604
7442.901882887761,8419.55389079385,496.91200681435566,92.60084480230154
5295.4048282431395,7095.5709267219345,673.2666994591618,62.121101492762776
4894.7149847330875,5895.813238547615,31.330151099696593,252.35326854913146
9281.25944492929,2403.014752207974,825.7266858462359,37.20104882377921
2279.869037962537,5603.073993783606,75.92568303018797,130.49059347675288
3828.675913930441,5280.909366154078,318.43804356806186,187.39411415318318
4607.842862666374,3987.3627101624816,628.9284061790803,307.3266428992166
8940.54727792955,2424.355258327574,1443.2646419433008,293.3403765076125
6633.430624290906,7845.9320674612,125.35833542424568,170.74515805465825
6976.504922275107,9798.921420484376,453.7900705060221,310.8281158161745
4133.206239890415,5175.625369146124,755.589683447186,276.61952694070237
4867.867673517245,4222.429779756833,373.3489463777599,14.590006596756009
2507.0767803109093,9716.215849941422,1205.218837200306,173.81121524761943
2904.162938357884,8116.00836459897,601.0337342747276,268.98216067764184
5639.434230981092,9837.565139308794,149.14464248614377,228.98143025397297
1748.0574392560725,8897.532963747539,1393.8801109262868,358.62029318272545
3142.791479887706,1878.9693747563808,1143.0515343827358,259.4341360634403
2275.2011818121564,7038.087697073796,110.69812348240416,317.9979490310776
8941.350956311246,1207.969324759268,1222.1860624036235,318.1332832309689
1572.472758619778,3054.9719220251854,1031.4922293116622,179.7179440029281
1950.2148487670706,2493.816478978004,676.7923265387645,316.4678658808235
3262.051184128584,1327.594456573927,1285.5223165483328,341.7226013885499
4451.907201945271,5653.459083171938,1234.3150408006888,143.04092309735637
7679.780088610408,7821.52282116821,972.5287726991829,254.10036391504494
2761.6018651647637,5636.031846981275,230.40079629547142,128.25598772826325
3713.226599273139,7923.867845527856,84.97738847064947,262.7942910094785
1628.994104381482,7314.092370603956,867.8418098523903,36.8952422404689
1954.859820158265,4299.370820375278,882.2615284386079,333.7687859896521
8446.262831482509,1330.74319675222,242.91143817601676,328.08473273960817
5563.242320480293,9418.996317292866,542.8776603351938,27.721282367787666
1528.9652827422092,7646.418488117023,1324.621917737837,105.5152322281843
6080.065656483857,9904.629972628127,1400.9531339540792,254.43339771573082
2628.6989443505067,4787.771302182835,1275.2687059690127,317.2544886056724
5243.003212727273,3969.2161757127647,247.0874679515832,214.23672167174163
3770.5834913974472,4503.847737156391,866.6508297376109,229.80195149174642
7574.292967398314,6445.304274492724,439.5532140538016,163.768991384254
3879.794439470572,1127.7140264196278,825.2475488449663,286.1488962333465
5642.101431647966,7226.14944073503,1235.7566267220523,75.04672078554708
6634.996925509378,9999.099804544177,1148.958538317645,60.50685890229181
7128.806950864432,5182.428114482505,564.4085874553886,71.45321685131898
2427.6830764821534,6466.929795370703,913.702203307491,173.13971266085963
4932.6110747215935,2474.7303028472306,931.0468971381933,126.74213954074413
5975.184273531678,6500.248195553013,797.5553613122863,42.78061924810757
5864.2684667273215,3970.2550355921057,137.99119073889452,7.803141305723174
3624.487257795878,6590.059890034333,180.38284815456072,64.56343867845152
9705.767876639122,5949.064988619052,1434.0309602402544,195.61310332786664
4517.4404697637165,8851.273405371521,1411.8716184765328,141.22966896355788
6312.13266067335,9340.430401620957,17.452462970116414,311.3243353490518
1568.290110459345,3276.7159372224805,51.00783495284359,188.2664765122117
1972.362739479352,3337.49551898042,829.0287266537363,140.45590261177622
6632.8560177677,5825.062404266014,1047.7621795736666,251.12474467213252
8182.357890775881,2476.732262412239,822.7988775297574,355.94902895009494
8606.293021207297,6893.965980831535,365.1252302810404,31.388664156219974
7847.5884488788215,1833.9092618179125,1013.5695438240631,347.8728576621412
7201.336424773756,5948.311639561533,108.44065087352934,164.91785402482517
5181.412633465017,1229.3441584090938,301.6857613758423,266.76663902123386
1373.9529140470574,7467.8245461281795,1059.3171854394056,177.5267339889835
1929.095312175614,8800.88523089652,1042.117469244865,226.73348169853853
6817.428917484328,5535.633263909295,4.726693403151359,251.27683670046835
2363.863914324516,9037.288588150856,69.50887931794054,281.9420552585126
8575.639785982252,7801.13690471423,1324.449330505931,206.47190628357916
5909.818347526728,2516.176197250127,562.0173594957133,89.3013657815087
2668.218804285838,6519.609519922206,842.3677659237134,74.6154955319774
8380.830295206315,5760.856877972298,117.15993654694459,97.79298258026564
1687.5634958658402,1876.4608771411436,85.30066784854081,258.2603197437226
9667.008787672969,3512.3611724685284,811.1793330074505,230.57274066375433
8892.9405080205,2094.3137585363042,1261.7853863018295,302.09401820522964
8493.63070050682,2627.001256412478,338.7708743445749,153.9811147162622
3957.275157805002,8382.261521402115,580.139469166056,89.12084918105289
6102.748191273559,5308.4514960957085,1003.9021980858915,101.21170131783843
4389.604659677207,9675.809179700025,1108.0538221103275,130.52634420949252
7759.87022154398,3222.1413079581607,1288.5421592378923,64.69114601556252
5492.205696409673,6088.853564231077,592.7492672479607,314.45322807845804
9759.448389491525,5361.642442429143,598.7625180661706,262.59546667754927
5836.6526813229375,1157.0723162232366,549.6995335841985,356.1253325023127
1570.36382369447,4092.964122352112,715.7147245141595,347.8467061583586
6417.61618128931,8489.223857916155,809.3748170579111,322.22333364728553
6754.987592168191,8932.44758927376,861.9962000203542,4.234223258393952
3003.957634667735,8356.506585220004,1116.2801240084623,128.35019107271216
6030.38293074994,8771.152853026102,822.2119155654842,211.29650266799834
2473.410382274429,5381.2748179443715,192.90579936080834,352.51728257360526
3472.2235283061204,3067.7797708077373,1237.9586499769664,64.1753242989702
5025.047764712981,9263.546983970595,508.1928625130996,153.31791471044983
3524.5098495757316,4957.898254854743,324.71910659947105,216.21624795031664
5212.5414949659225,1214.144013817245,675.9791399020364,58.4172516484435
5995.928883007525,7588.387357618307,841.699479689634,92.3419253251381
5804.273807480889,6692.494596572891,744.3052942284164,148.40645685874222
2470.4388728684307,5410.830127037221,1267.4445555607915,52.75213323588643
6359.3671329474855,2276.4672572224044,395.72481869322166,229.82147304465389
2339.5058173225534,7169.020896410232,1054.5192516613345,54.95718037100667
3120.3164579431395,4669.8526914922095,1210.2304104547247,231.62418137842866
4877.835302004303,2162.565331402784,1169.3593506067245,55.52117307048081
2761.384709062775,3532.267749040968,1061.8114819365928,230.15563794504482
2428.172628228359,3386.2967559148105,1480.8758678639558,174.3354611642672
9152.583037494873,6509.686946392141,1223.3846750382575,57.491106529170125
5371.667464570731,7267.954170381409,1480.4845364140278,330.19474951338134
9242.821127086492,4293.971600924785,42.39647816652972,208.2476252906605
7630.131951202866,2792.347752206356,348.0231168843429,1.3076194768406868
6911.524065884327,3651.74167380393,1122.5767402232573,212.91159581444953
3415.2331210548746,7858.710551391176,444.09242841107726,46.89939928606721
5533.661061171011,1480.4326949194042,415.2942577485514,233.52219346591244
7572.354540250977,8107.216436714397,652.4698319904631,52.0001189296561
6829.007166489002,2377.7525590460755,366.9628706799203,123.25103594143796
4513.433320818519,7796.535379248307,1349.0119245853682,101.77328599617249
1652.5502350204692,7191.6654407803335,801.76550208988,141.83234913715503
6863.6072592003575,1735.3500772232164,500.46513405706185,203.40942504806407
2327.5268960277253,8275.223306232234,108.03153381366606,179.64493931415097
3017.4499235297308,1781.0779527990826,291.2748176704225,298.99193094214377
7655.5123257048235,6313.185111859556,1196.6237981425768,91.24871909657693
9617.284725798687,3163.072956188955,670.9091227106884,203.69657875957682
1626.9245200696712,1930.6636788063902,1465.37756418835,350.000919612339
9795.689595593756,2676.17286479485,807.6889274000816,56.71779548233077
8400.351987351194,2493.792075999245,1337.9634484796802,202.97263231802796
4249.748323276086,5208.011877541707,38.893963428513196,339.13061405635506
9951.270765025722,6038.2425643390925,871.9564337096963,83.35439998971609
4315.367074693348,6720.604388919094,780.531986466897,29.32447806156467
7370.689218940082,5220.077275504952,866.9160272778113,306.286186347901
5455.857254698296,6438.02881763199,507.9186680889492,12.037821468742624
3894.302017466984,8213.301302780988,1232.0013175760755,358.1770192664522
7246.829540179215,4625.776642543447,1046.5793694522547,126.88319867548279
4768.72392842423,8596.960303458316,1345.6296127505548,227.292575993564
2025.6377654343855,7456.184529756149,1397.9446244312278,6.929919690151871
5618.96427162535,9203.479707357392,913.4866705378148,259.97493399650676
5206.825336134417,3217.5147206674555,377.85910240486487,20.151324938376508
7258.582617505153,6963.329939327344,46.21946450841071,171.29068595150136
2234.919943406184,5589.485997234692,299.8478132694287,136.6427071458946
8297.62492775348,7641.38396410776,1362.7821239319094,240.19329866408796
9273.350264953002,8072.320914468381,275.5128583830144,201.15448782511513
6440.571733596697,8347.949673722058,312.906065620618,347.6913653980854
2157.0642431580754,9883.710032729,1070.2139393182913,352.1537528685724
8771.685536617275,4606.018598153783,551.8899028029081,228.8166497330297
6679.390855601982,9654.266674619144,237.9906223115445,208.0993504246321
6993.9738465473765,3452.8860251068904,723.9211841496715,187.9526548778772
8688.45175058252,3401.547165664263,1113.7538808538525,240.74404225215264
4428.99971912617,2734.259403307131,1245.3373003063762,106.30636929771158
5065.216378080815,1243.9846160991226,816.1847661299917,310.50721436156664
6528.963950267516,7661.015910553357,1195.8974541896991,178.72836639034517
3021.3801574939866,3106.5397117332677,361.7838896402818,31.408164736338865
1193.6057849202066,7880.102332296423,194.6333672909756,129.36434787540722
9354.726997620399,8237.359957661494,227.38304883175024,260.539102616769
8339.511946317261,1990.6819634686658,598.0623683625929,194.9059431634634
7318.311834855414,2286.296252706429,132.2879115127574,3.508200221835629
3514.7630439864975,1595.7767911659516,1174.547297919059,187.46353722431147
2697.51536763464,5172.63517520375,699.989027840422,270.1638162828262
9279.964816045298,7343.034812668392,1106.642635224318,320.472532812162
8004.974753157122,1373.2505516727892,290.8179143199567,124.87141247300715
2381.7767473806443,6031.047639413233,1267.2410523832912,266.41878217748655
5452.077410418715,7873.6960983109275,467.3129394346121,5.970633662747453
1825.5581077610748,7798.36280082141,1322.3732701574331,235.43032801322911
3015.2409093203423,2614.32901358751,664.1657324544209,176.97870690472752
6631.036509174097,3659.6627664035996,62.96859194638099,326.1138720198333
8974.02725588534,8939.46131024642,539.8625199464715,35.395440722382524
7170.833911821048,4625.221239601629,552.8520905054879,357.3813824462787
7842.713587450683,8228.581028783283,272.86645592988293,357.84968489670547
7835.395785658272,3037.0958665152198,814.3321704705995,241.67006814167848
9932.849868060943,8713.977530544387,1398.1233459385915,291.1366811838108
9233.102237107989,5334.487902785736,1026.5100599747502,237.10471319821275
5301.363573500972,8249.907016100402,407.9085350841206,75.88887357905996
8973.470466228273,6074.1179593092675,256.8473413289147,129.86292240103666
9004.615300186091,4785.177291889067,230.07672161154434,205.82735280184815
3284.8882032731076,5192.271167778063,211.16664014790325,229.91060604855429
9526.62289107408,6976.252070041764,804.8145713497963,264.28646000358657
9028.031135056815,4108.979527857291,1487.2017855271874,27.367869647225593
9145.377101081904,8552.855130246755,1113.687414419972,290.04874592022475
4264.599241003658,4489.315425910076,2.0922161232606173,7.976031606040713
7460.90970547146,9371.583948123722,478.8078196493164,223.664873853714
2594.157102951709,5333.617323087583,299.87245431490703,107.98955050772143
9645.096506414915,1932.9534331238137,1193.6837950931765,271.8874305153163
8158.322403202588,4910.3162979030785,1025.3210831632357,142.8623186698618
6787.4606177316555,6670.3787061221,21.402000063755988,289.00924587037827
1466.3523077972102,8684.948952022605,1266.716549990807,25.49585441120413
3730.56088273611,2664.406398778747,1310.118482190106,208.9543530888303
7836.529363664732,7766.473033867996,881.6457701467675,186.39893376319856
1337.5308449249985,2484.301179834778,648.9312171549853,75.61477401862747
8627.546287995128,5394.016748835791,1424.5312769146003,31.159803601336492
2318.03810162442,6690.809025347236,129.76247368831991,102.42731020548464
9770.3753996894,5752.0950060516625,1099.1519999070617,141.07676738807393
6110.218588586881,3812.449254743249,992.2038040749387,220.26265382285987
3711.93187598413,6917.589649632321,363.8399603394938,32.15363885255047
6709.890610068344,1318.841810698496,845.0761917151797,200.706477361857
4627.865580449608,5816.477754590945,851.3911553883285,318.5764457033472
5300.57581655095,6888.23228035693,1343.898178936611,72.86085987901731
2703.0548011240517,2410.4126505984414,1407.3994633657828,214.62545562488484
7717.798833284366,6004.897988946564,1480.1689277885973,114.18239725133242
6614.684318807908,7741.248027017428,505.3038696405326,82.62955817540112
1578.2984120135397,4834.832904374007,1304.3603853511681,290.0674578374638
5619.8883384637575,7356.073830457342,490.2348528656388,181.33486676843265
3949.663698814184,3594.700897035294,935.2877015291866,253.49058303338816
5997.524497349938,7948.8253587000745,250.34281476414694,266.98494206950744
1321.435372233534,1432.7344295462835,289.0769946646548,319.6086907652013
3751.4724057349404,6780.87436335389,463.73462058747054,126.91964111119358
6653.533625251958,1105.2271696944174,600.1629623027111,319.9421540888257
9231.301361430287,7202.39632265091,99.62350749505508,301.15101238905777
9717.46697363658,4867.228989275614,492.8617459210771,136.47678214016614
1226.6478553757663,3091.543226674932,666.1750620375852,164.9790567002222
7371.420608113773,3741.673927414085,725.6048769252384,57.83537752805339
8638.793173759175,6612.650744185929,598.3405603662112,271.288439998394
9981.825741667191,1869.489552141415,212.54174934821646,233.26244819914126
2163.4450920836844,6649.421579020685,1228.4593574996225,47.83057874013666
4445.073949494368,1835.9698270927545,440.6178015245183,41.512340428505276
3194.3008072341286,7593.603475844334,151.15031534039525,8.614397706538776
1135.2104515205565,4841.333629688141,889.3538532294418,66.96230706451855
3818.224437141751,2932.87357762078,1387.564552572162,175.19474073169155
5293.180164402194,5446.817326266386,1057.4526261229166,14.75787892646252
3303.6656264884764,1564.416215287407,462.72836586156535,313.4503098221007
6572.615234810437,2522.041930455436,334.5683944573851,11.7527931974534
3725.558655874104,3216.3201785598735,86.37810096710899,252.72654819403377
2571.3809149023755,7376.727938588901,480.3357101800416,166.71269008280265
7618.947768661865,1569.7054537208137,539.3806965409005,69.28359988435972
6284.790793349789,8291.911283663723,1498.1859665606398,277.05789084180316
2990.780547709738,1116.0500751207735,1484.3321184447457,9.21031805370009
9811.529177713908,7223.415087463839,655.2572741608034,292.16454081742523
6892.868021434374,4245.146606625796,849.6864936503919,279.1358422905241
3673.4118334076447,8219.071337521023,153.15046959131888,177.36658255996008
5702.982224519965,9871.547664273097,131.14664758949894,70.48022758831436
4962.139107444105,7232.994434936013,187.0062570227674,97.14265125791793
2273.2775003428087,7609.640134058,298.55381778205293,155.38245444093823
3181.2953703091607,2342.723549348927,949.3681552990943,180.62654383997423
3361.678527404917,6456.330315749913,1028.4684635579106,107.07874299165229
3204.3654422229433,9257.459456164313,1105.0512272854833,175.170047060814
4326.483598555293,8239.50084891479,660.215799917351,122.00237256369131
3096.6780571431937,7780.859424515783,72.18197600680564,145.6422459116867
6904.666039730911,8274.538242506103,349.2665960306995,157.95178556031715
1961.1199552002668,4687.589579400164,1498.8515735645444,252.02323188904109
8834.926499611262,2703.4423597459586,353.8853989433335,259.6383062125985
1128.0836305858763,9556.279095678035,1319.7474539356654,146.350068990747
7038.073983596541,8597.527636205241,1157.2697444082205,114.13877669341468
8864.448290826715,8370.56626262407,1172.4973160009945,346.9484037403415
8253.461691087852,8307.749844626007,756.2587214190974,338.4803433473674
1445.1808312497424,9991.2739750352,367.7089498248441,87.75136822727714
7542.516505989128,1534.6715089618392,910.3625043201505,258.67646248359074
5951.828434622871,4622.665610968073,1088.9161679420715,209.22680532176926
4380.573019716128,3379.2890944493092,1019.8186683987408,231.06109597535809
6917.898364885312,5147.467208751006,1172.2344842189202,176.96009910350907
1696.3279627148781,9938.467055005576,705.2401520956023,163.20335238268066
5877.502931915375,8565.48741543944,874.9360425052256,87.49939544586077
8169.059651451616,6570.913373186221,917.4407410447502,212.2162991538873
9533.182028432622,2097.4882051904365,328.65959714537075,110.51003578400253
2739.043257384162,8644.178351165643,142.95540556373683,204.22388049477965
9365.029491159703,8144.529351388905,983.9978671106364,14.499170432292056
9271.658717097569,9704.819037227633,1033.6225421528175,116.26561655892512
9633.909526996293,6324.770562716001,60.70696266525073,226.3832788686112
3364.9009071964456,7663.787958431908,1443.2071104478844,333.66293751280494
4386.993510990718,2635.7869260524403,575.6201897981356,284.6525284055103
9302.536836165635,6345.958232911864,909.069822065491,227.2065076446616
6794.561352136644,8017.905332510887,384.0650258482629,56.88859374327797
6870.507645358303,9078.249856981794,1090.1121651745066,80.76907170756134
7802.448441139023,8337.524179123688,1357.787557621118,262.78744728375943
1458.7611543729577,4289.5233655962875,1010.9348763051175,210.53375167915794
7832.407449870912,2971.2704763478605,832.5067805552796,345.54228393962154
7253.172517425378,2507.8968336041607,503.17553503905066,259.1367078347475
1975.6833230172572,9096.990548248816,953.1563956952025,307.0381225196255
5842.763431547091,3544.082449210935,234.47078034892897,320.07988693453996
1686.4810006242433,5545.514920134926,364.88116737008266,274.3872402185747
6603.565715400654,3049.5704384261035,1125.9431956930096,144.13559849829207
8832.798983691348,8004.2417966235,158.8103280975176,202.78128443979807
9756.943115246533,5045.615115949537,554.1836641521887,204.7902372303912
5287.184635745249,2831.601626656694,511.91999375216267,215.29850291457612
6463.118831037072,1124.72647802543,1350.9410709855629,104.60478531590073
8977.737969424372,9932.54379598492,32.56155173864762,207.48950402349146
6377.044240815665,9037.715874523132,145.61267441973402,117.42029784005437
7218.638412726181,9422.438055123104,478.54224221400307,329.8953324049181
6513.719291205692,2901.4498014675405,1149.9167402613837,351.00233391539916
8434.06795570939,6241.5040175140975,691.863236902587,29.31612854752908
1254.2576101806583,5197.124643493041,1111.895654677948,13.690605587379371
2849.155317569759,6451.27248161969,530.3339599350326,261.7111986041431
5053.992935334443,9807.18675298456,32.2336041671426,21.546990437006862
2613.0716784920696,1507.279159961909,667.4241737653241,89.68889965685432
4624.121818423655,5635.044405812843,549.481625347692,280.3190081879523
4438.664717235048,5395.002695422029,91.28570307697431,39.790107864110325
3973.4108855379463,4728.817216041509,1468.158442773287,198.50475762155773
2161.9181684681835,8414.207225980059,186.6671940376421,347.1065055652401
6171.648430018987,4886.012846696092,1332.1102539043043,244.78358608500605
5990.720328662914,5622.602518984689,1370.6618865543385,326.6963123361473
6759.244548391761,8909.978825080292,739.0171097861565,154.34358669359935
5693.429356073373,2095.726399330849,1343.8618151472963,56.64266823992837
6461.297410357491,8373.136429988283,1477.8923665172215,110.77917555982943
8047.17193650957,9021.343571225127,417.29145542245,43.80389944299426
7048.1168952857215,9757.424868239452,71.15872451090569,123.43657345854221
8063.709601695498,9281.19073929093,251.3347867061967,262.9404072838924
8902.020765250527,8823.809337772303,66.93804520643437,135.49930771260514
9085.725641504396,6954.390922962215,469.73803569917567,198.66380376812862
7747.7710592152525,4140.338375847827,810.1971146909348,335.4000032069686
6643.036128205196,4673.387392304387,1201.5135912771582,322.4102894513878
9523.525428742996,9194.515229683171,261.6853102520397,281.4111089851097
4242.411416787453,4324.628729290941,666.1722264909707,147.342091384488
4787.7917821076135,5097.337950411156,959.539726590852,201.2040730510203
5668.371253022288,7263.96258374624,145.57853969314766,148.67935930816355
1964.095655739423,1348.328052352282,57.67540767022072,72.47426337839823
8839.597067034983,8625.663264402028,1454.3223994572475,343.6705311067247
7280.826659396621,8556.917106013252,153.88206501863667,106.73563032463575
7833.11180420023,8505.940572989077,97.29718067568064,236.2127627934535
6267.882298536815,6400.43350417752,236.99699430916155,131.8387272572786
2124.1504469074916,1808.1876090917917,577.95630061731,59.82199876453495
8216.917603286249,1358.3241017842988,1419.5827455397653,7.677009388243906
3640.182589358167,3985.0371583053197,878.6579377832815,347.36203272287145
1927.023243356085,8532.312182774376,1016.239854550424,237.14717368791605
7347.858624078796,7188.566459211253,1113.2751434537715,20.829444717500948
5378.708073677688,2709.667733908918,1030.6199195198894,354.3867352355879
6311.6120717387785,4448.463552741518,1047.9443752385373,196.51851740738232
7227.098608170922,1969.7448968171966,1352.8701258359517,77.23880244601767
6493.230889104004,5343.22062198544,1099.8642358721827,222.1303065483543
1204.3082527687404,4229.787103142083,567.6638310912416,336.5127179445251
8771.957358618347,5385.606497031901,1078.371057524427,53.95157497366605
2560.2290164007986,1342.4367506464864,91.47392313660977,329.2508033598921
3039.4273147939048,5305.672974663004,1239.8424650290865,66.59377141332519
5556.801803145484,5705.02009549502,683.445549027912,123.76527837053018
3418.1197862664476,3097.566499952146,1077.3009140540478,77.64490738380198
3078.812131465016,5674.748182049581,626.6435528311528,32.109439389274385
1281.3249501032892,5936.349940407179,335.8663304084884,272.87540282088577
5992.77611901587,5635.973265098743,527.1239186314579,286.1305787639593
4893.786899719806,9759.334118949573,959.652254526938,220.8650923385549
6009.116313216129,3661.1783468372832,142.93356126939324,156.01937575179525
6422.416283030172,2639.145698121973,30.22960551369493,186.24997639142427
2180.8389119464664,6275.412071209634,853.0636805565618,202.29056376474344
6314.253935917291,7279.7523843812205,671.9994800688032,345.12070721091783
4022.30433369997,1172.8109678883552,711.2566635977155,335.9869160631732
7228.065893856824,4265.02688619453,1149.075443620736,305.4743816272979
6095.1776522210075,1627.112254852264,323.9556172492851,237.61201212959543
6128.4416702993,9730.433536868224,656.248757161214,337.7142803248633
2086.1201910191076,3373.9742142377963,642.9549235988998,340.1905879077805
4567.124556816723,8592.817216719804,442.9059445119981,192.2487691507463
2321.5126469275906,7302.61979720139,994.8001509267847,305.3542448965931
5478.047692864287,6239.169489741343,181.57719960100883,228.85339107573512
2971.9073986888434,2201.485451569194,1033.370641673847,305.6260711123568
4088.395978705233,5863.112573163987,1299.5758507475055,118.09380104326512
4626.406963831192,2952.858266903764,1032.212442602275,249.58322020701686
2242.9450695989335,4444.865358230937,411.65272716059616,169.76374215737783
6891.7391185007955,7582.7262583738075,1018.8278739878905,280.5925748180276
6670.359512266853,9903.548229710035,864.8673208015949,230.2015558496317
3176.3790858560815,2048.0785237749187,714.1166313990204,245.6559174899223
7627.3409511637365,5071.098901011797,79.83155305873235,34.627041912967115
3473.5995118698056,3553.3984575140694,132.24255845018078,20.64277246729473
6684.924710688933,9165.523776379574,1201.0696429824789,144.05426501086728
3674.439042003366,3426.494116277379,540.7204409861941,331.103897658479
1400.4425933201962,9050.808222971798,1314.7714645397925,192.99273124167
1445.710304516379,9675.770631328225,1432.5291884619578,80.16266206129208
1298.9181868476883,4843.976754484375,1220.4622433935283,24.935379835128195
1366.4438460872275,3379.693572103076,364.50403508910495,124.4872054346784
7115.008632268978,9600.17262050375,758.0798164985655,13.319946753775286
4099.0354233222315,2666.6542671337356,838.37998408189,23.19543832919616
3123.6162832300397,3197.645500170618,591.3981078406074,108.84179143018049
7224.774228992922,6212.576911379066,53.34836417265167,351.9759375009341
8543.613723252078,8956.539032553641,208.56818691125193,19.46576913228451
2592.811131582199,8885.756790151461,1158.256234738915,22.520267023363104
2926.3904937732377,3130.215074301018,82.10772257277424,309.3675340660378
2898.224181771508,1188.6755559736494,496.5014965182426,232.4716944591975
8769.816325695647,5365.989056738858,657.2752021424722,175.70268438709238
8440.845220152107,5247.405219366896,738.3467611124703,223.1575542618634
5534.9402891388445,8957.060860864032,188.65315356377644,155.12654492466422
1368.6614042781246,6370.898511171318,36.57324525825246,248.54098212540768
8947.641539583588,3063.823327858765,1059.3406177344555,172.3030096773722
2725.542660057479,3255.65210671141,1066.3723815396415,117.40293995998772
1556.7959355713188,7093.931900734732,250.03019625932657,108.06609011654375
9263.461661208083,8519.151976510722,339.6387047678422,333.7422905884582
4244.876737212118,6645.9729411011385,1012.1053082519478,200.2785967150798
7719.13149108859,1624.4831938935135,87.1729183563359,274.5144247103481
2515.1248873768473,6870.570422802235,642.1081478531231,347.8048699818891
8309.041826991528,1375.0586454581928,1257.181126828901,146.2411004107133
4987.056095454034,1231.1254039433122,1276.3766438054874,197.27652207163368
7189.833133557411,2681.1297836499434,369.0630580040964,139.0752480197273
5327.514142359061,4279.721854631967,688.2813996446206,236.65670855416118
8683.069299939154,9844.761082114981,1213.928572497267,36.14447311954662
6627.30998558499,6919.462417433477,1045.787942418271,126.82399600578552
5658.475159520397,5382.427854185006,1464.0353707865079,181.7265787778687
3551.572419519194,5494.39520001182,1225.7793623681257,264.8967836689399
7917.213419805325,3010.533711560737,249.33468878991613,150.39098034136867
9014.277047289741,7484.591083497415,749.4607998112108,338.6749964423681
2937.4959365759196,9116.409411946686,935.1202536825807,268.8911495770562
1939.011384378884,6882.659267269722,292.08600094251926,278.08903867327626
5645.156102413395,5574.295541989649,1314.2694355121764,11.42862539437788
6550.2275828035135,4315.1205508549465,37.418397791686466,138.35104179205334
1705.818989436655,9139.03250960221,936.0544738448001,324.39881873105395
9942.493405240883,2081.655834057524,860.0703720205364,8.775004902521633
8948.188868893718,7674.178069363467,1230.657305092515,106.37209723900426
1766.8528753582143,4673.441705331991,264.9460736914496,286.02346485501283
1178.9176374108076,1907.0878431279912,1176.018526413343,308.43158523243557
4704.576961697316,3256.695572582175,192.9686857041193,89.02662844368875
8057.398513700178,9366.278160600323,146.79476072788592,12.208613921674015
2275.8670296156397,3745.6536595788693,509.38440077758435,330.05564507153997
6557.885508725845,7938.123750541445,883.0338275847075,190.8493851739885
8878.045462006121,7252.006492945016,435.74245811439664,330.245047332729
1795.1805974496178,4849.707942771763,1374.9342890131145,70.46314823654185
1583.7620584249992,4808.617225494934,1182.2887440899278,51.11941617860507
2898.230054897749,2269.7371864418506,1392.0341298771866,183.42853582979004
4221.642710770402,6482.962781352827,1270.05717962152,196.12279849610877
7661.789276672153,9986.991983980704,1490.1413508536928,252.09239588815632
4938.489190822396,7093.975177937565,566.3448651164935,232.88077696705213
4726.810240975368,2123.803679064129,82.25915065321823,324.01644278397987
3812.359593441188,2987.6396134117967,1114.3630567815494,102.93228661881815
8897.083438117708,6147.653138921024,753.1038201094902,331.5868024787504
9201.344071299585,3762.0475480058853,1335.1247092761714,224.9069209000072
7812.468026130015,4092.628343402194,175.91882355094663,54.495295055448075
8463.779576375924,6240.708486291358,124.59259678420696,326.8375560614709
7201.763345664832,8391.724297711287,1442.7015088553426,327.13327608381104
8763.004264321939,3194.5769165264805,1211.883511005198,356.21582739376043
3006.109426508129,8461.349998302776,1033.1990240272783,20.17477359575364
1715.7774043582208,6428.305257471411,1484.4641310771387,234.2320804120287
9336.944195083572,2509.5352065165357,1326.9433777795841,125.38840559788122
5317.425055903197,5597.21946524293,139.3563889735668,114.11619219191572
6501.365300349224,6903.084898848077,1120.6104869618027,56.29391047506422
1851.4936502950318,9177.888474184794,425.73801783732694,30.00203607336087
3299.6701808744447,9155.208927393516,1270.297596804439,66.54933622859944
4299.487265603664,5457.923324070325,1367.6634680619977,178.54075390070167
6057.816599923646,5114.076500432902,243.88120770752573,281.43491863595074
2549.21801219497,4485.03630625316,803.0804842134437,107.02171816877407
8172.788863123586,4140.689289087136,503.7086985624969,267.76844730021674
9592.247317345704,5025.263754935968,1175.2814326575294,344.9865581528174
1768.9842291380087,9941.332747011005,2.676011954469989,337.5077008233976
2208.057083322761,4083.8724377149765,887.2840182829945,217.78223230022377
3562.578169016818,5741.564852190349,1454.6404993643705,1.2186801381418095
4223.274761704837,3386.067800040806,1433.7426065277843,236.15037804650876
9344.79697135014,3280.6811847103536,286.38352080564596,261.79065335155934
5045.272615500215,3335.876631073311,490.5092747038962,125.20294488288586
7776.11873424476,6543.183072114348,958.076590167232,208.321272303168
8186.845516226563,8713.32103356504,1214.190240219151,5.077486055350359
1275.9452936773525,3508.48293956731,1486.8077494354131,112.3378826007441
1823.9598744141913,2624.5532004061442,1412.750439244497,116.10296577001768
4626.854970116109,7411.012714055057,886.2314114412912,188.69818514285296
8027.166722611874,4092.870942587192,18.976127936258415,187.9088580852547
8629.000740638607,5841.938375000903,411.7447601879054,95.49608386407502
6018.839481895051,5670.610821547562,1054.546727239982,111.14924551515425
5851.490056057553,8739.870896948421,79.9902522274656,20.407712981963407
9270.96912651106,9149.730918872137,190.22256496337167,256.3898696459504
6683.78880101498,2969.2295304766712,971.6390945257674,257.3607338557926
5822.2565613552115,4413.664135273157,715.6600560899732,67.27176288493813
9990.582963113466,7510.287772766988,1467.630204385533,236.30164616662458
1656.7330132001005,6407.115476781222,1171.7618674273526,323.88813189167104
1216.4965751372897,3682.7684849626635,1317.2048340973645,122.67717671511645
6574.683096528041,1711.9588661247237,835.0476190873555,339.0225491744249
1555.5075257976682,9143.834126145981,1292.5424088561783,96.08310101254216
1338.379072170047,7583.711180158439,1381.3657466724403,82.67691943327587
9823.173031409893,5510.097559653175,1206.162821880004,196.3558875275331
5365.157621582438,4468.002289335596,840.2031471302738,47.941350235317515
8338.269914550207,8479.371284701336,328.30593918027375,314.71756616820375
7559.893422477105,6825.004599736129,650.5033293138367,135.81237615351756
9415.976216998219,5402.257734542254,550.8488137205231,311.78356046011635
7062.68295286148,6954.295400606045,928.2450250993098,51.94433274064595
2661.7216522973745,7886.037432925803,283.14258991501174,276.62612101146954
3158.007817877383,9768.589723500721,446.81241887133206,324.08962945990845
7403.651589384924,8810.725857066345,564.7461145158038,287.52028067630783
2919.2002857271455,8179.816890601663,218.81513460228174,84.579880329105
1840.7601357881895,3194.336997546393,682.0713559250335,163.1523155828793
1196.3345745401655,5195.983956633783,406.9050120948602,40.76649436656522
5430.181443359211,3518.4964003211517,623.1256824601422,258.57638445993615
3576.9391587954046,2581.5049480787984,550.1653758398494,111.10676669252702
7494.507775058087,1457.0250546588013,1070.961871463322,313.31458874629703
8215.761520201148,7866.561603220638,881.2215777347675,3.3023134151562092
2290.239326284865,8529.860256361608,812.4684141614291,243.81092096052086
7986.54635741016,9108.446179032515,514.0511506654866,346.2174498850773
7216.939263286375,2272.2235114362397,688.9507907660521,12.737314097402198
7297.993601522421,3418.3774408263935,1214.298392536795,5.414215466073411
1523.6492291438633,1735.442679971089,147.16836554045688,258.89467293733844
4018.1088677278894,2674.093951518459,998.465187709903,50.96149261689174
4882.149369528659,3293.4417317802872,411.83172720775923,322.13696035473583
1623.0851757995415,3345.343127023073,123.26975880294687,167.8127478739024
4299.6021909597,1322.3695120847945,1079.3530266672317,112.63242406114948
8685.312600786481,2445.6130672654535,483.7596410187054,234.9162411802428
6294.120231593778,9091.565545182213,456.987000743198,329.3189263799258
2388.390079000791,9644.40325327548,1178.8866934570863,256.45669353303924
4498.301091923592,4020.8603828100827,495.17062205053105,254.6893356511707
2147.248319020591,7395.328607485634,1470.9757363549927,244.84446476700717
9129.034624857906,5345.338034313147,68.78389367536894,243.67327830859315
4036.731764270429,8364.509240615907,506.78479993063354,137.29464542565483
2000.670138036763,4640.721154410334,563.1680968101723,113.48574383052845
2698.0395665294413,3344.877794811638,814.905304542903,308.6059230694453
6967.117579375537,1227.89946602331,451.1589405385145,108.10844056166555
4768.695525152227,1462.2563237118306,1250.787677270728,53.09173676968964
8045.978585193528,6004.369261625116,642.2106080012171,88.61589673501581
7064.166950243973,3428.3041082008403,918.8106478047747,13.605652813320464
1714.4582260789525,6463.893753657435,73.36639180719054,303.8298350804769
1331.8767399609355,8917.350122324578,389.5988812404857,87.04069492646676
8239.97797225098,7415.584421266129,1317.651625716963,170.44293638230585
6184.64596973589,3430.505882565495,1140.1200224865547,243.3333478677701
4553.221308926661,6384.637563145355,938.4091801294562,4.4985012715153445
8081.949549632855,5550.715691660328,1495.3979957391402,271.13580897032045
4258.5115881384445,3488.6987835280424,924.3193496106774,11.268171941951785
2944.9324371267576,4043.747826552198,861.5820154111651,97.94932351907508
5258.732155960609,7368.729217796728,1.1521020558138653,260.85356902380073
1739.511546112265,6358.873981916993,274.2800227358471,23.951022552293388
9842.265497763154,7962.60991886156,186.13474363026828,275.74774647006774
2064.443546136171,1436.721565417554,1066.7641389428536,155.07536767466308
4082.786617506344,2261.8465984918303,7.268853805626709,179.87078591371952
4228.122069433317,9317.417922746114,735.8683427192879,90.60184308617005
2433.753197451465,8724.728607780064,263.06795503553775,135.96326191244833
2117.782993856871,4876.7069841453285,1210.9964459616658,111.06207126343703
8300.183884845941,7242.465670791537,1455.2685370724435,34.12031941665121
8282.916809032336,2343.8987398198433,1231.0439323220962,352.39080852552513
9814.303083024823,5349.6824347353995,807.9896834405719,311.1913057398478
8453.688721936567,3565.4156886713504,1058.5132296705735,185.74775819831405
7731.127940272394,4703.078350931474,196.1162371484734,74.83640233756242
8190.594653851494,3611.600472609346,864.9405899614484,19.299017821478394
7206.3448735053225,8092.889851003985,891.8834308675567,174.25630355860824
4130.099981206584,3546.632616721512,221.52266284507692,284.9315579568968
3396.0711614500715,4679.601849047303,568.5641225959986,220.33361683374426
9093.77856043974,8456.463274690836,945.3302636326165,148.74923381851448
3286.522235183774,9921.538247962751,543.7931030390487,335.1831476565671
3936.0766065882813,9079.500955978145,1246.7802881961077,244.4976716260247
3674.3334050520334,8973.03422849094,1182.1109050929715,324.6975756803194
9758.662743116563,3803.005501161448,1432.932542750702,43.23316056955295
5470.810650507589,5832.402123512365,1052.4389578463524,61.05232595174144
3290.2035775019185,8571.306989596587,124.31094924907309,163.07795328688155
3954.504638672732,5578.865058133372,1309.7505038273785,260.57952120195193
5480.154150285947,7785.1404953941665,5.792847399068328,20.636733345607322
9616.920171772379,9128.659707021368,417.89865214135915,64.8861345260288
8959.666418973327,2600.2172344240707,93.04220135973681,108.18989446785172
8838.416437403066,9056.803581211287,957.4696743400204,317.2287716388687
2759.3280327946804,3985.805834134306,3.012848597098759,350.8003028894513
1940.1629634192532,3351.0384289060776,359.42257764079216,226.67803307344857
7491.85385054215,6373.055795502986,825.8480164080019,191.90313064297078
4051.411953287287,9736.191933810667,845.3046383429072,114.16063665223388
2755.1556099898544,2662.4840806424168,755.5295165300507,144.88861525468286
4889.096629100296,2859.9782169331324,499.8009603075504,276.54787494299813
2615.057264498455,9147.260889063658,1266.4127277725374,32.896464089070754
2948.650449259043,8521.369654764858,1166.0571003568862,188.7144954749146
6445.751925284842,5546.3919845518185,260.96581892231774,69.638733354088
5499.282776963278,2349.5481478569536,179.0475952933594,66.25852205400594
3403.956088287013,1543.083913223056,1132.0684829842246,151.15131186842598
3260.1689540924604,6470.650522142488,319.21514843798633,95.17930810079471
9012.019501641114,4068.737216072241,843.4283267776764,198.42302636322432
1336.639529677223,8016.483162535786,815.3449923538719,306.1669184693341
1643.8016847930342,7470.205404233815,512.8104447632468,44.08719898163681
8893.600975009016,9146.663463728702,257.48458394822677,250.20044213469683
7089.610514948427,6885.2778199701315,426.31566838250484,79.62318290280882
9567.557819158847,7515.5976091815855,981.4589541415467,218.42685136801842
4638.275563663712,8517.843639280558,1317.9912950621413,49.16630232608036
8851.905143686618,2218.0843172055256,12.155640127999305,150.92430555196415
9512.997115129865,7148.766244754823,622.4104295225291,42.25677042608047
5413.3595334249985,1799.9047413790154,1152.989851779263,6.838944742400383
4927.872444469394,6212.6486713668155,86.04735779282487,184.88141570369874
5562.4936560267115,1796.0893812253473,23.894822032956576,241.16315478637765
5303.015804872479,8069.921989542828,1467.9319266423577,305.60416490408323
5088.300204062054,6795.659975006591,1153.3416416461266,99.40913653053431
8327.804515367767,6215.942988489673,220.1875059749792,233.65828435229497
5951.400341677759,2884.5548491897794,1056.092495042182,160.24824256210667
1530.229944282713,4918.0564626868,1085.6422894730144,33.46825914943572
9829.404087175031,4643.04658070457,1271.383385515845,245.58805777171838
5918.798874685264,7252.580196827439,653.0880093958635,132.74199469718553
8043.318162835772,9513.460254663347,1435.3362256793534,181.26626730259449
6210.86340772162,3776.899987833475,655.6735156322569,220.36813204579667
9785.759022045051,3989.571889428229,371.5372245792369,204.8837210160639
5897.954063421779,3660.1089090300907,160.54340872386462,86.15997681684729
9712.882896124907,6249.776253860284,79.33159915168288,184.2159674225109
2556.5680131575677,8286.329865311262,627.8238039517794,339.67885561068397
7706.204729327131,5079.0675307126585,988.3670587797119,125.90254211086457
9390.168732317057,9891.601490120185,97.08778051514057,192.0694590484395
3722.2142790570942,3353.7484467098793,117.59849118702436,30.93202121370127
3422.3311082971823,8034.840174617998,817.3027286896328,270.7255473794983
2101.6288553882946,8058.6125318986915,527.0423553201035,6.278772759760072
2242.3267846279914,6069.139806618203,841.2833454218651,98.37492258623884
6148.67047828993,8691.403792956538,1482.1362934521571,62.10511496647847
2648.5273189221416,3143.1595285242374,175.79246633507177,45.55234697051915
2359.810914342659,9249.014028760892,1208.9958515692247,36.007051807315854
1937.050532872784,5730.563411016304,1034.3216820662558,115.17412517587152
7019.265605348306,6142.568469088114,553.2938428920097,71.49840248332515
6540.980164859004,7219.0159734187,651.5848188311705,255.12883664197113
8542.688506963928,7597.593444458436,974.3553605466152,257.9394876580623
3403.9107034409117,4101.159818932659,343.07588229820624,248.32156212182016
7203.408888094827,4758.110432741683,498.1686210819836,59.33275114931383
5004.632089068355,9734.89637248853,1431.5808938108735,175.9142123892652
7019.063789612822,4468.319894597673,948.4584656251955,312.25921380010533
8380.621904463405,4069.417598687943,958.3310335231977,336.17776788261426
6083.614691727892,9874.035828938653,1133.2077274497126,204.47723879657522
4590.834035592948,2533.5435211341446,473.3945742575195,218.2126746657258
5414.394752223472,7069.813212526882,472.10874401761595,25.528430060722886
6201.372774748758,4234.988001410513,641.3796827747223,96.87202950008123
1702.270260981483,3853.1047200659855,425.4223789228304,265.8346931316651
3775.6678258458064,9148.435862902112,740.7916182815244,198.82801991598777
7281.558513910441,3624.841586732619,306.9066963524051,357.22750995309474
3456.9509833892985,4787.327554927644,791.7196713386003,315.4986217166719
7406.151147692197,2528.8490809814543,285.8541498472559,79.310072393393
4312.968536542203,5071.596146535536,424.90337573711804,188.64240984738944
7872.209102356594,8103.038897363974,127.12900585416722,65.4563409661046
3036.2217852697668,2266.7968064049387,1046.8315972709438,333.20642685502213
7634.801689920946,5394.471693007757,971.0214453266162,26.54329529039397
3375.910197805329,7820.509134324171,1136.8364338469066,13.867615499704272
4160.664947926472,9331.193204875333,1067.1898038581744,48.835281010814555
8283.983562820074,4843.228195576021,705.8629679426879,66.65197067029769
9289.748620741066,8617.350746475839,845.8574174314922,55.42218713761295
8713.29765762417,2052.01450434939,126.53546784115444,54.78947433032492
5259.548955366214,6175.233582739568,1386.2857670539556,223.3382431455956
9494.147775387777,3806.955232635895,352.20172062929595,228.4705971319749
7407.126008723275,8108.5535075723465,1494.3242872012806,343.47620579429207
3444.9062450391307,4047.5148495238423,801.5118788953677,80.7072334501948
5800.470422220056,4366.034627639123,1414.849923637465,131.77798198293976
2515.6039322825,9557.772936349304,1279.8907149617241,96.01602397777451
7268.388976294298,2979.030769134774,1056.641174564025,100.40604644888155
6417.944584574362,6269.294734461824,692.1745862633841,346.6153671045591
5676.3314434501535,6481.167374266158,807.6882146440288,316.77538487239576
9857.310384588201,7609.447159527773,990.9974455079306,229.85108147878245
4236.129197318462,2725.1058188994266,1193.8925785875856,169.10355903062924
7244.073995846141,8710.225195670055,144.9318632685037,2.4542655416352366
6048.332552754891,2865.500698853324,798.5061455427893,61.269224916252554
9559.566781811855,3173.17512397093,595.7734959349418,69.46903776546863
3198.8634145484903,2479.861771081207,521.7348773172553,313.38849339780734
6482.752706603453,8965.13842714427,559.1746226854182,94.13547901201724
5280.141565017915,1665.3735533989743,735.9409904370664,146.00697627707507
7749.2403799641015,7908.794920185087,960.0724857632055,289.4261767774768
6749.256876234543,8049.474829186153,318.4924500707954,27.720782278449928
8162.087872714744,7516.483098821599,93.14076632199401,121.26626492994924
6686.924344246324,5415.540198020872,539.3753986715736,94.18809233100593
8874.935473103127,6759.634490854655,1086.3283762623116,295.67216184818943
9139.288259089051,4903.882890488758,1079.0170214451587,149.1960226000708
5444.428207920773,3049.393357310969,471.58743779041436,55.114907934492535
8506.378358714166,4170.003844032021,1319.33753684015,51.97358763873063
3429.1300958373045,9504.550381309406,407.9868594993747,75.97379538827745
5735.568045741585,2346.3295000066573,555.4673217963702,48.208321978780276
5782.851510117526,2207.1886575833387,225.06942170726754,274.00561635009615
9625.96865518094,2984.7277986275403,995.3544709080221,58.69710136640603
5522.050111983529,3256.4834744963227,103.75930113084472,191.77123679904352
2823.7370164507392,8261.183432712216,323.02346595779744,151.3893238490445
8603.771840833959,8525.190206784224,1006.0633757615516,77.16157569436155
8190.062896948791,8294.808349719631,1422.3420620216073,232.75116289522543
3459.8736894149256,6283.857050117544,1337.375299585268,257.06284210815164
3594.069009380709,9649.482044499697,79.91943685182754,139.72934990043422
7254.421508622711,7399.774836937335,345.91599788232685,328.3982469412821
4770.828269007032,9228.66169828608,1497.543186386681,151.75038912351948
8790.822526576034,3117.042532103991,879.0590474717634,290.15412311434784
1887.3274265338268,3554.3377716323907,1060.5143078182555,288.37274364740716
6753.009012257384,4276.824961634789,1038.0971629345477,289.9250321040138
8095.659239573856,6559.690410101665,1385.4379893888033,216.71163249291772
6026.318230812519,2614.2353988962977,1437.3976306883146,304.62350793443744
4879.490007728402,2347.1823877374622,191.24820252362719,96.68293045149916
2429.813479120468,3542.168710026854,892.8617112654839,137.7100234188137
1963.7204326151173,1109.937916880764,451.91991541842935,259.4913897096829
4660.632519865403,3642.7361539691283,1269.604545851914,138.6965201165916
5746.239428067256,2231.8503130277013,428.9376832090326,30.69643910431983
3629.7175106632853,5134.312757239122,488.6603947766825,32.272513160356866
6562.784113268245,3092.2044880235444,697.8343568764329,245.64915927315823
2763.9203413885944,6993.90692002359,555.5765899110713,3.8402597770182165
3517.984736054346,9440.87788721331,473.8605351451788,107.01278548893403
1361.5572483477613,8609.81074728493,1207.7922385330608,198.0090071641996
7156.527645728403,7534.0496457937425,672.4121605059516,302.36262734447394
2125.391486168487,1239.7946302473538,1375.7785913383202,277.51530268198354
6060.43413465449,3802.3604839476534,559.9155304595504,111.53516482235689
4473.064705159521,5703.475470249417,179.42246754433395,283.30165653662414
8780.010658797548,5525.217893533784,100.76241131760771,170.04085812399262
3303.347021175171,2127.492998336089,829.1564409849948,204.29480607587232
1262.6070202344704,8250.069734166465,512.3763498560005,324.20489274728254
2904.2343072753424,6013.296777290795,1216.0525853567935,250.40503137195446
4209.5889695549495,6716.448507660554,52.27421721495256,327.23304232336653
9187.422664418515,4485.683832161978,685.7583941897868,60.389435792404484
8829.806565875288,4903.672287105595,876.7816183890238,157.5875325437703
9221.829257369616,7899.136677118087,1071.5793186363412,341.13273051238906
3391.2353961010895,8265.513902597733,1002.3649970017308,163.89229522587195
9776.591621726673,2383.4303040471596,230.23437820728634,72.40370136837203
3665.06700618854,6330.260670753415,796.0824957942855,48.25917907657643
3405.797087296336,1526.7166532186673,423.69010401326716,27.50955442674749
9005.772683184689,3770.145351391969,1100.023658271278,263.9378652991006
3709.0703705694305,7125.707865510617,638.9982653194476,261.80006962490245
1527.9063640445095,2067.553964680269,1189.9693992723355,161.2856320772656
5556.810263244969,9325.695301197711,889.5616569307239,94.73681554715273
6339.580859620696,1653.309891810588,517.7780177067674,284.66221459164245
7083.901543925045,1731.6833046688698,1359.7355690070035,108.75884650519917
5102.883829606504,9211.371419640811,222.23064617914156,38.82857831346558
1477.957552359617,8769.4962222198,121.77981849166201,77.90781457737287
9869.834974315418,9784.072613767241,1315.976574293261,62.29097983141943
6910.72402174886,4374.9984619410825,1073.293069033989,8.828240122488548
2677.3001282030077,7560.404035528779,593.1385401913338,326.94016521231015
1461.4210843159956,5246.943027144011,1128.9408632117538,224.74422786839295
5018.797049306913,5630.760023779924,1018.9107899240591,351.50968577327586
7318.625462804125,7861.86718712396,1327.3346200133399,222.9621191605385
3174.406827877009,9400.97828046613,855.4486887290317,89.04457782200015
5412.178303525488,1639.4952884167724,789.7716166534321,28.1305582082596
1105.344968383783,1412.8084135172253,183.7843903830891,128.119913507239
2209.6587398968404,7654.940332609372,429.17902947408703,242.7260000157549
2995.4415031886456,2510.7657376722354,258.09377888696184,67.3654334430066
9656.11385157417,6063.3800150979905,174.2546815959021,287.97534295371725
8540.010594348121,3580.836574720476,1087.1558144655962,96.36924240494699
7670.862764129333,7165.09549379725,1355.9953581652899,9.520767488764728
3469.8445304143156,5721.295052676159,309.56753683305783,275.9391683568191
6357.456264002308,4861.864417847667,81.19754625226484,260.3514811492483
4048.9372744974535,6716.011749967804,103.29750500921288,183.48770194915093
8375.449515752713,6533.692273965946,1279.5348901617322,190.62031293841954
9396.846970694056,5398.739267087621,48.00444743837669,323.8579438095541
9219.30578194126,4911.046798395019,1229.8182512588978,220.3508094904594
1217.324902502868,1859.6989760977349,613.3442430239213,187.26922947698716
4304.20568481141,4830.0139169488975,1292.454194769916,70.35982725370172
6208.848810323029,8777.048211467445,1333.560392657729,185.3777518160888
9895.721058066993,1137.716786669152,313.23006501015226,50.74028969227413
9050.183626117543,4255.948868254494,1313.269516815442,91.94133178914781
5501.220299783264,2491.0142892491413,1487.3168391346019,237.13808833443923
1950.155049881615,8458.950435749663,859.7043430112178,267.6484151407804
8702.751082176339,7236.960961975942,864.8541934311401,288.971337749259
2490.4742355695494,4405.939899868536,142.4976665209335,110.22557507471318
8314.793906012075,1307.6012099570632,315.74241675616713,100.19182119620717
5133.174177552963,2068.7545402837104,518.5529200189106,327.8414507280452
2857.8455676018907,2290.9497535815435,1363.7476548217137,77.59807109034601
7403.7886254522555,4378.121945833401,1265.5278420894958,1.195488659098919
7520.848490945427,7963.460059820558,1291.3601490057263,314.67701398354046
6590.208803914292,4796.195744119638,1225.499225910804,217.42667803249552
6230.707800275846,2310.532424162797,257.23601854554187,232.94906779046863
7656.272206165588,9161.856353188616,869.4665330830187,224.790887348665
4242.617127316176,2087.375739590401,827.991686384674,42.56105894691726
4762.307294072687,9239.27485891542,702.0859175582017,299.6808518554311
8943.09552811495,4876.146274409386,1383.558768145521,86.17292173285087
4932.024103292646,8479.326186298451,1008.1887456143896,277.55977689431734
7056.040098646951,3747.36683938293,1195.4408896545567,74.70805497618475
8213.202808141341,1286.7649572766995,132.2600422543068,331.8572187312306
3348.7913819351706,2754.336130722243,642.37626219659,57.09065363018612
9607.135119331659,4466.163535625352,358.13457157787167,74.91850579690586
9600.477237694442,5779.759942230184,1323.8768073176734,261.0251751418785
3306.5938474119275,6947.248409917126,943.960171910967,252.38990500037704
8302.757754201182,7307.115100687664,1375.521765233351,123.73348164836976
1518.2525498699972,2644.277771874817,1476.1516128610128,94.59456129196319
4298.1538200215855,4939.915615671495,825.6559984668871,255.7012754171411
7936.09160104662,9753.640289885754,892.4634037092677,325.0420433527641
7041.874252397936,5672.702122453479,116.46171549938447,287.1051711181095
2025.598728753581,9622.422905135987,126.5238160387656,202.0221572879568
5033.340948116703,5626.12666840983,134.44763469579058,184.54972661670104
7642.191755648449,7860.680052179855,799.822508472121,353.32804446078177
3453.8812332545876,6890.747502014685,746.2137895094784,332.8206349938644
6944.788507049148,7204.490184717128,1334.900514857762,248.80066503629806
3860.3265462042987,5271.046440644941,1120.7161877061164,163.89122227929377
2049.0246165621893,3483.2907759425752,328.0251315953765,324.4036165506282
9755.95087210568,7595.334854954529,421.6125309164522,38.59067226767856
2236.487028082176,9078.94816751371,32.03535659406752,190.33855234841567
7221.230497481698,2413.4075554347214,1032.1974129649777,225.8221841024459
1246.6736828275243,3812.4160590393167,1309.7418618380746,249.43334962923507
5081.016535986025,4346.775432700326,905.0112744566237,313.9185724145177
2752.8537853674316,5850.031524243971,1061.5072626980136,63.009025807093266
4667.10612690207,5859.956072373069,540.5736763924926,219.83148159585073
3572.7532558797807,7465.820441489619,469.30495515398144,80.46163980868074
8945.717474642031,8563.298883952652,1486.4716194344765,294.30020247358624
3772.1747247090702,4848.9775508874245,1140.3233041426392,269.5449523254651
2270.9768945389815,5849.440913566119,751.7256686033315,43.968736139002594
2645.319038359053,6400.380764588761,45.62057554564488,323.7445497715551
3991.387205177481,3247.7931202701056,361.9012950356381,52.09918789996881
4420.3378684315085,4116.704586054195,1039.8531617591186,205.36399468390712
5997.277618930302,8408.39201831715,214.7049371098742,125.86305199237167
1238.3369913037743,8239.441245702285,223.68865585182692,15.912671425030613
6789.393670143268,5853.511714047264,843.0747952770641,358.4837190170957
4870.948246936463,5085.328372815755,22.020862175166318,212.1438801659564
4082.332923550168,2496.458419970031,1008.7270790500985,8.667960550638867
2915.041178080701,1648.87637622588,570.4175559451528,263.8479404856656
7395.274762353509,8220.881074004821,226.35702825079264,280.0692130892961
9707.995546248236,6089.895754459996,830.035881873204,92.91265791911935
6085.594541217559,1825.273444799829,577.6773830326322,240.55391872391397
2965.8025798565996,1504.8944996274201,574.5253723888761,113.85535703943277
7483.235233392634,5275.7090978531105,1393.0670438433829,1.6318225103817303
2531.7607360717902,5110.64032277919,746.4792974105018,348.7438647451598
3960.815075273572,3690.5563409872925,720.7632525578573,62.512573494470914
7564.4405238730305,2977.4979219350407,769.1228630227307,235.69356311000305
4699.583638259888,9801.585502823145,943.1470927912836,12.7284110143033
1297.6851846578681,5271.388271018744,305.88421273122003,239.19886153594794
4441.60339723267,6886.403356446596,1104.32405249516,124.18441449877841
9755.946974786197,6665.742300183669,1015.2326504840281,170.92101917137958
1920.1973774560984,2817.5497740178753,206.23883992231745,335.81276058607244
3600.7961146108405,2314.6936654369883,1484.8581578585733,327.80467057155204
9453.143115018578,6332.635068768194,456.05693298096463,127.4809921674413
5913.993175236993,3582.601293361773,1467.4608140518387,267.55125017298684
6879.869231193868,9680.65716746484,306.41277088993604,140.05610212357885
6948.023196620565,5387.861407334886,37.99707393485533,210.50531823821134
3649.095430978241,8459.858503078016,535.8454109374458,157.87292765623923
3268.040779603842,5547.329359459772,1173.6383031459852,324.04488360358965
1160.8243103114153,2444.5502104335837,910.5989867192898,182.6777113012816
9733.467097789886,3184.6069824581264,148.50891673168812,249.43648632367652
5092.652505647324,3458.999158464168,439.9542633835727,150.73161750318062
6158.635773641885,1625.799208321344,1306.799634805606,122.17448333298243
9228.213412248806,3667.8038401090193,1179.1802913817664,82.89114049969879
8260.358954634918,3445.4391835656124,1102.0328712618814,208.06962759438304
8301.53605202465,7606.558297516322,592.6408068229055,259.69215045031655
2541.5227920062766,3929.1516794138392,89.19729493701016,57.304520972185124
5461.734374164024,7251.22338409618,415.1039119844605,222.63502735114636
2574.5225501559366,9493.658451931027,1055.9945147386916,292.6107031225392
4627.88926372402,6703.301066197014,1292.466322688806,330.3119401823666
2380.714634739362,1414.1946761684408,10.658186190891957,60.379225478841185
4825.00053488027,8570.71198540019,1215.872148588518,247.01146929482897
6775.317583262333,9839.706949040345,533.2875698611656,216.2145921966995
6075.1536777832225,4292.903340190554,535.5256262188668,282.3780657524957
8433.246197126009,7692.309921273747,156.4863094308967,62.62443502345083
2586.389846562871,5615.166420900655,1192.8348603943919,87.98020906785167
2552.3833803909383,4415.5160392592015,68.5066707369417,232.23796665306693
2178.7736106811108,4532.51645300929,1280.9984916189376,352.2683654209617
2792.8460197496424,9597.057657902586,756.3298858572388,331.09845665829954
9114.006343108209,3866.897378298128,426.0153848932646,167.9913201870364
5818.173527127731,8124.599990620533,1021.9383696396773,262.6018245940724
9388.406316736306,2734.9110353820442,877.1798868932708,312.16204021739696
1835.612622577157,4483.64416488361,98.07980382113568,57.27249091387085
8190.082078052042,1398.7921746097425,33.416421215030624,74.38078824278874
1225.6756436393082,6271.185205590683,929.8417154447164,317.04279877646263
1157.5718597456182,6464.894334406182,1395.5885706158085,257.1206918866442
4481.709990879386,6650.407118999485,1179.688919960645,297.89779831828804
8375.087539807277,7394.0501306256065,970.0945650113064,331.7031125984404
4282.118761722862,9829.927743720777,468.0218007807838,123.73443932115391
4880.298189613959,5594.988952050564,861.5061493087088,105.92197266331412
1946.7071208642178,2206.7946170865907,712.4016076817406,55.91117763238166
3514.1775494147746,5324.738937541261,99.12364274289725,236.6954286843392
1794.5849910956956,7996.373828455593,30.020883829934963,169.69739951314617
5982.236319353844,4499.3182362962,671.4540329293884,16.656933590572404
3475.5564207232514,6608.330751900674,297.54658382055425,232.38493748493968
8332.50111192167,3717.65802175079,4.678270179025214,110.32913940287136
9350.648372323147,9540.304503170699,668.5495867365911,61.13767883334862
3553.3168729770673,5680.754877111607,99.13101230109112,27.85121032020116
8178.33121249785,2717.6138579713634,1299.928283643746,41.46194019262219
2055.2780695360852,5713.720633425037,779.6568508750013,310.76502503985074
3649.9422302831626,8370.405166793555,733.853971136001,162.217731709662
1170.7842619881371,1299.6935846087742,1034.4736998034598,263.6673345578296
7940.232814223401,7099.393586755834,1228.8883178700407,254.83406186789858
7956.001568184282,1409.490454354701,797.3067454461157,1.156176387591891
7624.427078283,4637.616055706341,1269.997043397662,236.535790534389
5647.360250544381,2840.019687207876,1085.757469226493,91.44108194139987
6431.186985976336,2817.3884321062624,996.793265048356,174.5448603033008
5917.992674105132,6490.6599632551615,293.00862437043025,302.2101019430371
6500.5158220569765,9536.696616455327,43.560435637685316,49.65528224961818
7260.091041442154,6554.829534953547,182.6362008030811,26.095496079402906
2087.781884223431,1806.7599062684494,451.74218499256034,4.991489338137036
4900.897352384836,2742.1051538366883,538.0067864073364,117.23365675541847
8789.297337938911,2324.9124408360335,880.9712208730263,73.50322928408464
2447.921817182176,4716.625761341473,1408.3942877898658,127.78723053732804
8413.270170454281,5230.239074063124,1074.0859232664916,214.7091668044904
4751.473224681908,1131.9360700440957,866.1648547383496,59.819639990911334
1287.6566586349632,6237.300189201892,1101.7305431808147,111.97643490398164
6225.1825364591305,7785.951581304609,637.0246592581713,245.27893245529103
4218.343116088985,4876.501307912368,1411.914277189771,265.8049690127613
5481.419970814146,9355.75770432901,614.3781772788955,313.5311313032907
6544.520804718521,9731.637173577863,31.144565666141233,31.9167584934571
5621.112270924824,8228.768297149778,1123.1071933488067,47.805866517643274
7633.790547554329,6751.969439082238,414.3557379551909,328.4941521221056
1615.720999651326,2733.17031691539,147.42786897624734,2.647590014370789
4388.69876537787,2416.6127239737298,35.006986277545,340.43938687836106
3544.1601165387565,4498.172287788861,136.05720311332414,113.91858412204142
5249.5622466413915,9305.455364851132,1461.0119003162738,254.14420904236445
1384.472877356362,1944.6932461211936,253.85639296293058,68.13701892839127
8054.017718358616,2041.4452897692418,1487.3640639726573,263.15485799496946
3355.3944891629203,8636.960530140335,894.588558633365,336.5186292639111
3887.066595226971,7002.77298263262,217.2884271536686,230.3479058767901
3075.3017997921006,8059.526382468673,599.8713452483698,203.22392010731463
1346.2517961516485,6862.346574185496,1482.5689764947717,159.5402248133137
1408.5909746510242,3526.8693690164077,696.3765225777413,117.08776578801661
9245.88792983376,2416.113658228477,149.65074600966736,30.33832658121047
5351.702166841851,2100.3842166163954,906.0598578496068,14.845424623432452
6704.742053822103,7221.329083404263,699.2249275085928,271.8048815323967
4539.3152062516865,5062.657417433873,1365.3495503111328,233.3122926222112
3780.130972127794,7107.122225991023,1460.106920272248,13.587039067740955
6286.535255177006,3980.8821371634613,806.8570907369258,206.22998316260728
3854.7090773544346,8175.5814820667965,1051.5560436774545,143.22479257676446
7421.378159036851,1137.6794663019157,60.41611828945289,204.4361163568385
8698.55926638885,1213.8126660067471,385.69083976810464,224.0711010781054
1116.9475802117704,4578.741255486144,262.7010395392608,145.61565819698404
3174.576063452205,9445.331777475109,406.7655657595146,252.82177572715037
5032.730310754985,9407.35632938553,1419.298686858248,86.87293716694481
3716.402720604554,5275.9851145666635,1295.49611429874,178.78890744774353
8231.16170106693,6043.906735013174,675.6616931478895,188.08716436102154
1311.8334621951533,2204.538724834586,41.186643333149696,230.59236939725136
2096.328849434601,3121.2365165670885,476.1326537482152,1.0252863398881336
9357.827613159221,4438.812106374364,1281.067503921822,117.05323719876884
3715.111854038005,4030.3776544097927,810.4674327631939,18.05513318217297
2080.8385387316366,7432.126545740762,126.82845171394595,201.10555563815143
9206.689618309381,3537.1053327219392,797.2774236764119,286.0651329285907
1297.6858156625915,1203.2444001930814,1400.2263719805214,139.2093458834696
1468.337440606627,7034.855901890773,320.657627065338,230.04411784513718
9471.706148104962,8940.517549832788,566.1807427966711,282.9681405618639
7907.889880323229,3167.3057736476762,165.50236962898143,160.47507893945252
4973.436802106749,8577.867402502317,1289.392463547532,259.9049411561521
4109.966403367137,2472.2484266938336,1497.1557215253326,260.8709344528621
3379.6338240744667,4112.462441313185,1328.876403607121,79.77405408903019
7773.864608474587,9488.484061249175,1069.6107895944422,343.2756664521444
3973.4882168977742,4105.285217039832,111.65518353615187,172.46820000753692
5174.06789208221,4774.719649514645,946.2143438949334,343.71967624955926
2486.102304923212,4228.624075396643,871.4602397174039,240.73688809882557
2470.2957213021837,1459.3481996758085,1169.9266333530227,24.735141222194194
9961.200239334667,4215.369379943093,1055.6978781201767,299.6376366993321
2150.2264416231183,3938.1954744057666,154.21554510094444,334.6189669715809
1963.1786829121131,5545.936331205248,1446.3474165723499,196.05204938315
2208.018380872183,8169.36660332854,426.05562359148416,325.13080548263576
6885.76800419151,1167.8096081316567,354.248772526621,6.429646422866258
8438.014485134227,6295.23379866422,39.770026579931425,302.39333317649164
6047.596387929801,2124.6525087057535,1460.5502988411706,284.6401097331081
9004.198218515145,4918.079912412077,823.5615758175037,323.5924756171268
3965.1677484433567,5643.842152287442,1272.7472496662683,39.58679093143499
1581.9323416464626,5790.907834289151,408.15028324419217,168.7953746348797
7224.863245984964,5244.569135507827,1480.8438515821808,166.3898239066174
8353.178396704778,7617.586870425312,1207.7252094809896,107.7287567066517
7799.483874873549,8277.321366879925,1268.7050294341987,219.182879900774
1495.355973915407,7291.504668244813,334.06289915319894,146.90471055309095
5281.217043901178,2949.7739242889156,10.888565871315604,89.97793112127763
7921.635375232845,7141.631301910941,203.71055410602074,338.2493208329787
6412.000715467703,1950.1051881860774,1165.195853288771,42.41185714263256
2558.2951332168104,8336.962304718363,171.7401146479992,83.91931123016762
6269.774915080078,8210.402226768243,96.674515818541,20.80211158985365
5725.8135622676,3866.8844602985564,263.9749859838178,248.92623223875563
2915.369896764971,9117.598964304847,1199.9045747246166,209.8847952521083
7239.645249037557,2922.618466540004,1225.428819402742,215.37391592762214
1432.0345055118046,3156.313718214443,1284.5134163395128,254.67317307704246
1827.3622173423632,5571.3252331076155,88.74009229360682,136.89213825322665
9515.506751962555,4235.567278714452,1112.3163548784132,55.13508360417462
8990.08449441283,8812.2792282964,115.6195451790107,215.8473275887696
5339.96272698375,9774.6837659383,1204.088513046375,90.03591619602692
1931.8844314078206,7178.043167919804,1254.8572172605425,137.297694128523
7652.903166070101,9380.478703578163,930.9808026690762,58.27668064363906
6235.936430092107,1883.536491466214,158.84012111778387,187.07822020855647
8362.865288323603,5884.1916044775535,1136.4881970091872,70.94907325816763
8669.605160571653,8926.20263330885,843.1300433001687,248.24963784140695
7559.405300746972,8939.362689513466,1393.6067779115576,166.72424416699604
8125.071638463493,9544.947279069633,327.93014857019335,160.79507640537824
5938.312369732685,8111.794977565638,506.45434746260344,345.34174425957923
1750.905194993395,8780.946123740878,352.97354388212204,74.77348033974853
4641.609930137671,3908.7933426975587,76.6128984863692,339.25644110809077
7177.3562106703275,7705.271560070045,1071.3731468618073,286.8598051341002
4253.2592391096905,7954.417466809032,1149.0154450167115,62.535476846487924
2838.6186619017853,5905.958052881804,212.91415276849935,284.9998849421779
4032.412677994711,4882.180569206339,1429.9756313160708,130.1120592091956
1835.2152095383753,6589.933019407259,1263.88475535363,330.2516712838938
3075.4665518464158,8355.01213623712,1006.1675967740521,277.43283467065106
9719.419138624275,5165.095479159343,965.5276609030797,32.084657724559726
4110.960030106933,6596.254205593122,715.7027461288505,239.57354178994092
9314.075247965664,8523.29930912141,15.131434036260098,20.110666456751208
1761.1259172406285,1462.2192104444593,535.5370414675752,93.92462950439713
1432.2639832060197,1845.7734558313173,202.80248687621864,57.017284504171215
4485.076209287241,2714.273639717636,505.3140592372459,4.1111217129845965
9336.355416465567,9715.160441959579,866.5641310133947,355.71415828739214
4338.824529715973,3532.987196443229,1283.4274149211965,56.247499934420176
9504.219707340324,3499.262477483474,1270.9061198113661,311.376095755559
6950.2055358865355,8914.771398419558,209.10328868204343,177.82856701340103
4107.11050584495,2744.136899496849,1174.7209038653748,76.45318348450643
3412.825282839658,4686.189543870649,784.5353819850441,34.15524144676138
2850.8092860209863,8678.417733731823,491.7114683998806,47.294459985452335
3489.382502987322,6140.8637042354985,875.4946036893382,178.08377724679235
4367.379918274255,7013.430189818676,1062.6118595582136,117.33652201498917
7687.162475420309,6745.502540841108,1363.1314679961883,55.64157956108887
2200.1436661964794,7158.612110212996,1376.2888911840569,95.49136621130687
1872.4609768839375,4588.940651304347,437.41153702003095,39.2028439703358
7672.097180547796,2336.1010654236725,360.03884867337064,82.13998119486426
4980.313456938093,6482.6659502246075,561.2501959241201,108.73495274635656
7267.1849093234305,3523.1400573757187,274.06776687393966,181.24088200617925
4634.239418874713,4294.544175383269,234.7962398289662,176.44455619743667
5113.223371842081,9500.000476429665,1243.985702883701,78.37553119724056
8391.488439040168,8269.952566031816,536.5283850376998,162.65220061982959
7946.026929483753,1888.0453646022088,225.56932531018694,249.27733928335354
5972.466233047,7374.270506173359,775.0342453538469,116.4620063911765
9057.649595324361,2324.449028886208,1473.4758001442797,294.55344810970615
4126.702584051248,3465.7432885825765,1223.999740682469,69.4406455404295
9233.347319921937,5119.50662487724,624.5026251795875,348.4010087750201
1591.043421933992,5359.061667425418,889.6601883447287,164.8327610146409
8129.746595202905,5318.354694110064,569.8367564261528,191.47459359288624
7854.3289738526355,1666.0776955621945,1222.657074664546,206.84260050800356
8158.399896445836,1333.9837010916997,654.95734032918,199.37241351055675
6394.027523707286,5229.985788413587,373.5005002178578,102.92072954839188
7166.406678125609,9670.469034833792,131.73660430096047,212.1155534205885
4992.332591410426,2101.3137047004716,1302.8804904678293,41.10127792882946
9214.319626622693,6294.122312627567,788.0793815664233,146.16729732202194
4219.575713729282,8684.445885635634,360.99314122159774,173.4529303214343
6700.096875897102,6966.034830041738,406.19500463148415,355.1337482256369
9295.71661965262,9368.485152178542,330.45576089210215,158.74849994920822
1740.7105678947978,2448.3340248578093,1251.477014634597,256.3003518865907
7767.863718708071,5337.309030678526,1318.288155461395,309.5026902209161
4354.019412069834,9849.484726510307,948.2566048793616,278.3182326171146
8360.021523449543,3169.935475220489,398.82896989287605,164.69690453145574
6269.552882430779,2235.7674858653822,368.75006482508184,340.9504779781391
2255.11264160855,7081.415624789917,665.8877446278176,308.49355135276573
7392.329449962763,3878.38388037376,1031.7990695994886,355.195036261039
6394.121320679489,6891.713073648309,1170.9986296590387,249.61147766350214
1659.5349454421612,9076.214109448501,118.8950156084816,2.3361788747322922
1604.9372279150473,6332.452535759238,1216.1358946784221,281.26023179026635
6191.038231862782,3624.1062000525453,1412.208484420291,61.34969602515017
3945.8781067382224,3093.7902037382028,1054.1368964509634,296.380643048102
6062.835841079603,3167.107022421393,531.5691951781724,148.57474607421744
5168.158204671423,4904.65783954897,1037.0339092975448,82.38048855634972
4314.497958279664,2622.8469095843366,1496.0935414643125,25.580886278125003
5134.3552038369935,5448.714546157533,1432.7431026530933,344.37004672969476
3657.2567710516973,7969.32473921423,307.1618687292947,332.70860457396077
2274.7181115425838,9405.925173078424,968.3009371802052,124.88915672434645
4876.594826513244,5457.275390538678,161.71396526961158,342.31380728431185
7707.670317339427,2642.3874605624096,103.7164425526382,200.5986038067442
6782.9824017630735,5503.225015297479,1478.2360076993123,199.02920260600104
8831.501211290431,7754.645617731755,479.38127805793414,233.92740825934717
3490.8450528743124,2173.8631927972374,39.82443253697651,90.4541622878298
7745.824492291842,1348.843547756633,852.6701770353742,340.56848910131606
5516.175308025757,1744.1552424509357,1202.5699625709333,38.3084394159198
4586.982324306058,1921.9249938684839,114.95512451994256,338.41704080569144
3469.250524738843,6154.794791478672,848.148161816293,265.3378000426032
2357.808375354355,5139.1274807099035,1499.2181190828596,338.6550910102629
4883.18690396236,9728.074833186936,223.53606651244834,69.02160686495223
4976.121253902688,8413.080229591851,805.6215871036113,123.52983883557408
3679.1580516119807,8199.006652245924,1388.4803996267058,199.51566306916735
7664.336170798433,7482.061856057298,984.8688499056542,149.2900792076498
7745.373606489421,7927.854110114714,207.8345611487246,49.18669705574224
2180.629206677671,9660.043048965186,210.13980448157847,311.01761223339423
9689.8381924973,6202.6598457199225,899.1610139331084,213.7084741806757
6305.634212416934,5733.343329783287,239.1251732287282,352.15512228800856
9889.679292481122,8774.534773760777,184.8620852186891,321.81190717165174
6491.276293469811,7568.6115792308965,1333.1354972937177,44.44711379928824
7973.379636694448,6214.779623965442,1267.4236289512676,249.55899355861732
2718.9752099435327,8503.149249318789,1349.111659898988,93.22585152786796
2202.8823538091765,4531.339914899647,953.7558103558739,114.42131655260413
3316.49805189158,7900.5714231358,1118.8206702762293,341.8798019084412
3606.9504460213134,8931.122511701475,317.51287817923753,43.770095112232944
4710.807398444676,2016.0862133802202,636.0781553409286,222.0540838035447
4741.541200400014,8618.520283475573,1227.1571626172738,24.225071258713946
4458.581622074531,5787.038361718501,1354.3738168164473,65.10913893894707
2029.6646281906055,2393.331889970278,809.4328505492986,37.88795765170264
9043.820949121477,9866.460197062013,11.316293562393344,117.75642751011435
3070.3160479496246,5588.210377908564,54.50379124065046,50.84188225087271
3922.8660375646264,9737.626034641562,715.1728525776152,337.13212493347856
4015.5061448012157,1524.2258679054908,1442.839989851055,254.91559019051442
7654.3990418690655,3144.9413620306764,1415.6652641968685,233.7885596121956
3209.161120629919,7861.086261089274,482.37383464769175,316.9621767338892
8083.559382111632,1896.2380252323926,1081.2701472695715,50.90681447403648
2885.854387602467,8777.99288279736,675.0846573923675,162.33219702751464
2112.076811947448,9904.334871733385,397.6166288346293,179.86940775020042
1173.8767107244191,3597.3186118547833,1369.8169356313333,72.69097003838102
5291.043331934345,5466.47607393092,1387.7385051119393,212.1034645170303
8398.961106745563,7120.067288076448,819.1347999202796,19.801271382150976
3109.1134640868186,2449.3006009645005,569.0294799340845,161.81984951264863
4134.464428996541,7696.326188111039,29.896454636369196,58.83776170617269
6609.019770309365,5316.734376712936,369.0624207994375,81.20786411692349
4810.606246213456,9847.024246335906,391.45934086380925,184.4575526174692
6884.215761865409,6790.3003594233805,1209.0455640987316,184.7908724974875
3300.6013065496527,5564.390083624815,1318.571164116692,42.132299774403904
1898.47554282931,9698.428821513118,1101.2076329035415,68.95302371009491
5689.9437977443695,3655.1945007229174,1271.981757508139,142.0563861054545
4866.762685364722,4296.100044153393,164.73723490154921,297.8197704998206
2209.1664114521354,3650.6695714076773,652.932705712639,298.4689680379553
4995.895189428986,1716.0498232950792,235.10440285042205,236.0755435885282
3835.387662043337,1728.7838516499812,333.62436131492814,82.77423033105508
3945.5235033041317,9009.770955964115,363.27201602458973,119.72086056315936
9803.525697353953,2782.59113069478,542.1528684057697,274.174879544072
1349.486751808683,8829.414401018095,11.31482952701654,78.45459284225252
8263.153802796944,1666.9876935396017,767.8821412752918,161.00262245107453
6366.969384105469,8554.582550190906,1130.0495166835585,98.23436261055777
2845.676004300188,2365.785067684124,1110.7451949400895,32.7575163375237
4079.7981640377034,3353.426899179661,787.0300626967103,48.14199393282208
3802.3019676018384,9409.118982423377,1085.510379550351,168.62766392346785
2882.085775774218,9579.29622079874,466.7130544149113,49.708897112083584
4960.0172939884305,5101.53156741034,1467.2878785716737,77.94085691069314
6722.147103611135,6421.543806595697,640.5523932000108,26.106893214710045
6892.209219621572,9387.556834663787,1135.3763375127103,12.977298332902105
7172.0606686031715,7636.100424108651,944.9313218256615,190.2455886199433
8579.559882716843,1862.5544783781388,523.6815330572845,336.6802770132606
1260.5549394102259,5763.615985073713,953.684226897129,67.48390177513421
9078.741653804525,5044.796529399391,272.3411311122753,314.36543103644334
6888.163385592611,4614.251629518554,1396.12719568965,97.27156931472412
9184.033701867851,7063.496468391324,879.2698957760288,156.69862105894612
9295.125163035756,2758.053345466748,693.3145063636841,111.87123967014932
3872.2906763154924,2487.6943535466717,1170.5462358062418,76.5634706769746
3730.286692688457,5818.911337324565,445.3689544262268,128.34189827026336
9280.37549786345,4802.28737554253,9.501552275139526,193.18823526048018
2385.3555654536367,8580.49913355165,256.39671824246307,173.76515571544317
6267.827651951015,8878.712385131977,479.41707113920376,210.58863932413388
3132.2987101966646,4732.477604392619,1348.2624771977103,88.7972409052434
9607.984727712636,8804.274033815596,1285.0851847208162,244.74850843825004
6408.049371679584,8507.116135094375,460.807743826912,136.89722084618023
3956.3098337159813,3005.8229805524743,881.8518638350411,135.59169025084617
7772.9570874048495,9073.938386572774,1438.6136651226252,199.22691942962268
3071.672817433874,8939.333007086607,753.9065297306814,210.81697370381394
8219.079185708117,4820.66571320088,68.78915068066716,188.71571985512412
5376.851681203229,8873.645655343695,1261.9133076801272,67.79777072836684
9226.447630866198,1601.25845630671,1013.2510272797696,322.4124778604782
7103.748074505085,6508.432837042199,281.6899310670897,222.2577152923411
4067.169743513896,4002.250272054978,453.62710721477225,148.66578123370448
8135.930956313676,2904.3424069861567,666.9034440231022,228.23471129611494
8051.615843199563,6334.840628386908,1226.377373409973,60.743060385668315
2149.692737966665,2631.8901690100247,382.8153328351031,47.62987773629658
2003.7039482470657,4077.395794079918,1177.976888684127,271.3884027506795
2969.4618556497744,1499.7579287286576,6.753076745077251,124.74416057052821
1721.669570944806,4377.991293162684,490.0639054388693,359.2991086306586
6528.820333901546,8503.860182974828,811.201955221047,102.83918701734599
6400.122496855049,1127.8420064057477,564.3234443602113,306.4096492270055
4236.303258804701,9790.202537932402,1382.4307109589347,257.62542119137163
5188.337993501584,7586.636783083369,346.56046568039505,64.53680891095847
3757.164115609258,6564.58275857118,551.3537726339143,72.20254327924467
5048.679744554924,8803.321063905036,519.177758541293,283.314155556572
3774.470594651998,9218.871291083331,258.09902343781124,58.24513744746598
5509.8475171608625,4496.3102788367905,371.286779939615,220.61045257529813
6381.225800418413,2897.343291091198,946.8068504915487,294.0690423936302
1850.2123996996183,3206.7196121022025,115.52642857386601,164.4900777803257
5137.5948389806035,4017.174567916948,107.74066620088594,111.43255956040792
4181.252090074175,4255.995514468629,244.7668585023451,340.0278613129562
4788.567262591603,9149.885415452572,1246.4713600668138,22.983050732181315
6582.694241818627,4975.559444570204,819.33496562639,67.2386983844055
6979.5909640987065,8595.772620518921,870.2229940486021,86.4670673512285
8679.551640421669,5156.5716046791085,722.5057920961334,264.5452341489788
6527.503848060029,8434.319948897284,208.68037581497498,344.30661317138396
9095.404186991545,5016.796902882428,1337.6487605172197,338.94367567598607
4736.340234842973,4490.036953043301,1018.5479660606871,108.48051659548723
5543.162931715478,8807.28703437719,1483.6057780590486,337.7428259733096
8150.099878494419,4656.944555885493,1208.426965638975,263.7720738812528
2443.9295367343657,8808.942181705916,661.6707978705512,103.70865357574691
8911.359497361616,2728.0242252612843,733.0025651294584,320.2236792679133
5438.607262147774,9979.63518730226,755.0094231154544,320.9667662590128
9055.398106844,7301.4664679382395,952.9532858708071,229.54499509234006
4568.062228167397,8910.775703415804,171.06413180856916,92.19328836447963
9316.346797995244,7980.1817685458145,70.19043228838417,50.467255338314324
3059.7036872922263,5812.946533301924,53.345671352884935,282.32149694333555
4571.2825679525195,6057.017717852693,1258.4902822943604,122.1577389499935
2676.665092076766,4892.273857486225,1094.159596939066,230.5748042168127
4592.614450306785,8136.111228603452,601.77002133951,98.11349615819665
9556.490122980373,8045.375484502189,164.1023437108102,11.726417213703998
6811.92313814353,3556.0583346024846,1007.7636516766812,272.69254772526796
8841.527402914155,9873.06631619866,82.40129316989844,315.34766650095963
2896.9242179843695,8425.668571610193,750.8015508446235,354.3004893319916
1591.0745700976006,1665.03525935152,1215.8580620235591,143.929114686601
5207.825118656,8052.99411109305,1373.7919054522554,85.73721967325565
9050.828191189521,6844.190532031828,128.7396294105402,153.56986267323086
4267.79404736616,6589.817601115751,1154.021528404389,315.3381893104866
5933.616458578054,1464.8659309525017,441.31103347901865,333.9088547466062
9598.446364159303,8761.742654922667,1.4847806084867567,348.0037144127891
3013.58605948153,6207.651998657098,1489.9658339527223,247.08315238612616
1464.277467059078,9235.985316846105,1063.9619328300766,126.73405348285544
9613.084224876613,6308.071827317618,43.0232803094217,229.62781708367706
3469.3831881000137,1829.9229980355233,317.9463611470788,177.9351570810562
9149.27378881348,8262.023733885584,475.2942447210584,45.197309667381056
1923.2608375193806,2364.180747530838,857.0908039015688,7.20726376695208
5170.1737173262,1499.8467053047598,1389.3375665317196,79.36808340560069
7481.89657998647,8008.612429916431,806.3207994984355,42.85148992241378
2101.934382515584,4342.142185091241,1413.0028995001476,181.8111933073382
3908.9636147917345,7387.715704257951,749.6684360342152,172.99170982686468
7885.296831186238,4807.392389567023,926.3614976148856,320.56821538892615
4506.577866939771,1905.499190403808,235.34487016389556,269.04615089124985
2652.898198013212,9698.792547297742,1228.8192588534525,57.11858257790477
3464.0976238587905,9623.56633091107,546.0745969736505,323.7897539420363
6723.424345967814,3553.549388835033,337.7850186063526,300.30789620097045
3272.293992424107,6179.700867058119,1494.522311703055,281.5763033684241
5210.778862639603,7807.368371146871,1186.745107239283,234.56697364794007
5506.9149088087415,3602.146877141499,1258.7488974014434,177.4282338542602
4473.112275802572,3387.186418947723,166.68194913528555,62.54480131990937
4744.216403930095,6133.094518702091,275.1047890118957,320.409232961555
9449.667890895464,6978.245114501452,903.6552240065988,106.11163130898615
6103.391216923276,2402.481651868713,1497.0434737582334,181.87375884156504
6422.394197796166,8997.335468358702,1232.4286206748989,91.53889166035013
3528.3758652127876,1308.6128481821797,1192.5585151270968,125.46741695090242
5312.522899404812,1114.8611269393875,107.35629781444318,309.7364976074685
5617.300872440409,6487.896195119704,767.6798430374541,26.04820620759229
4116.050569516074,5951.709707386573,442.99560641042603,189.81176185391956
1534.6980733864475,6207.123669308192,1253.079819169377,210.15106597949227
6417.820177391714,8540.475646254847,1220.463700077435,159.67705635831712
1698.4880791531666,9778.653669181609,664.4942214253163,270.6059892220867
1173.1908528773333,8654.878940299783,228.40927588738626,57.81995595539066
3362.9813265614707,7526.439809085757,895.7061191375309,149.4759216727263
4873.590268474775,8487.468228077616,585.3908362268679,50.62792999319443
8656.363122590523,9411.36496584487,581.4924391025194,17.98255923728555
7408.897448999007,3662.3132230616884,1214.6534319377026,212.80513180674637
5818.35397505674,6602.530383643337,550.2993915826567,90.50316330591025
6371.4442168039495,1124.3406022697843,833.8900984252779,8.779842285190924
4632.899758728692,9954.52667211667,718.3591699654141,314.55951136644853
1834.4560824366176,5186.0661160682275,783.2204592052294,179.80510599159098
1143.5555772285902,1207.716126723763,34.08798327569498,225.27739551075456
8029.336149150101,7601.62084061757,661.3268112701074,262.6086917962688
4543.196203210629,3031.2260185717832,523.1040207057623,292.0613428133232
6975.703526438445,7883.736003289661,881.8823147910898,116.46750606210293
1844.1097769103153,7836.49810424684,647.4441986201482,253.48379405709042
8191.933006820435,5864.692247367947,1196.796070253364,196.01817121117423
5348.1291479922365,3322.8790891047493,1090.3127895015916,324.6556482856512
5515.307638152423,6399.053928595714,310.21423553324956,230.3262042974269
2011.0389712395763,9930.293799775473,965.9373542769525,329.9655512539569
4873.5283425089065,5258.44948765284,851.7547549298182,119.91206896918982
7374.0826251550725,9612.703060272419,335.9124647888169,119.2519892261096
7152.704022774412,3147.006629318848,67.0582191110886,34.602257739167804
7750.52607858385,6708.033796119968,1244.9741708550505,254.9389850295812
8146.652033582184,7728.5187373113,663.7877326024469,203.72414784336584
6283.819887341607,6329.635099433597,1157.2900787354674,173.22842308573973
5775.704987244683,5127.4539019930035,102.6393902884475,355.2508456823352
8625.804184563087,4631.900007870814,450.18920495968655,277.7058671858301
8813.859865413386,6632.422122976893,1238.3667548110773,227.90454866622872
3298.616900956143,9301.33814904996,1174.9668155918318,315.11131849641663
9474.357313388524,1830.7446629780156,602.8234823002028,119.2916747401224
7732.623597227334,6596.919423833493,947.44623927387,342.1826385784906
4436.632649848757,6617.896297899556,86.09860717816272,185.1833249432228
7982.085975738073,8633.000617665028,528.0902350281107,238.42991838690548
4359.035797913607,3627.584671725083,354.55017148950606,177.59696564819131
6246.944209232598,4252.813080767442,199.20085030749468,120.13234395059673
6105.500289008726,3026.6402807475724,949.3002386128165,266.9281600467693
4058.0456994346855,6052.310356320918,70.88892886535359,285.5961217631122
2780.2356552473384,3506.2115304941976,431.3981585081713,279.3250454938745
8156.998417702878,8721.972839662369,1140.892580043856,217.17575450699601
6153.812513653127,9178.30820951068,1108.1367078354408,135.18606026726198
9179.57518430416,6790.389116859045,1310.6587126940851,88.56494391813689
4878.607105619974,1728.4587326282976,886.7443698213926,344.99855645173466
4004.380509563307,7221.054582506888,769.5443588799379,256.9778770228994
3056.693475869968,8081.888934682434,1426.6935515615626,30.71477709004776
8804.77608632144,2163.670132346155,781.9109606012114,302.6185365493993
6183.475963347342,7052.102019755764,225.12991040921756,216.23114216256772
6896.44066977509,3485.153265064953,793.9883214701631,336.6879471340475
3730.980766631523,3323.7169112283577,667.2302796159682,166.88306449110158
3000.4358033936523,3823.833039011287,1114.578653496667,109.38545256134405
1368.9757085652416,5940.816490743316,83.37873334261472,121.43969130298672
9535.680790412893,9147.897391575209,178.06189945563764,20.255989312462994
6410.676849565083,4188.04277543711,65.74093963437248,69.70013038118336
9266.753830500733,7442.553002114918,1465.4258922936963,199.69375494439836
7275.156321645469,4446.221590004301,1341.586813617939,123.8929650001691
8846.600461027687,6660.259775482434,926.2058846680139,333.14661532118026
5458.391302206819,6378.696762688105,62.72854295644948,359.24635858800906
7975.646192514395,6278.922252836419,13.806262261695249,198.52683585755977
4195.297700814958,2847.4765915842086,1468.549803500267,91.37163609755598
3999.8900703179365,4244.239706649636,1000.7760159964249,208.823627814053
5018.267082337819,7259.666196389303,325.34048769891115,299.9433731734892
4746.793228251376,2879.622592786873,1415.2147104690844,18.933246568894585
9323.755627875793,4343.613335903427,515.9163832401431,61.311094115919005
4677.839436789589,8272.142691984667,1096.105119868953,353.91642325265724
6045.457064366946,7697.262003044,1195.7935220175348,225.41184673676688
7965.083946827784,2014.971354571875,723.4690766977379,338.5469056768705
3014.5869329732836,3956.514560623173,578.1701758967735,293.7043295612581
5576.5554656656495,6750.787245853969,883.7784372813852,225.7976438186445
2731.974893074468,8446.217087730794,1191.5410489505766,97.71788533688785
1934.6386684196627,9610.131455726852,97.48165489337326,150.9576190214485
8510.407333201383,8610.735284061757,1448.4748577747848,208.66008619995748
2147.7277748723072,4136.102479288891,533.0138664622577,297.8903207371977
8082.2854593492175,2979.1782998012786,144.9208254586534,206.8572622056417
3921.5053615221527,1418.602060692952,608.9864177376207,312.0500643782095
3697.390151908434,6311.21685419804,444.1558513254777,32.481554623418376
6126.981492991979,6597.78630703748,1303.417591876629,55.8047440654803
2320.719732372395,4758.826992416098,419.94700320749996,339.8990570362155
3625.8611702804083,4285.7694285155485,349.9538634072314,219.33802038422812
7013.664286432487,4919.365455665142,840.3265641856182,74.4744518614667
8248.987061429876,3243.1877076014007,828.0396585615161,185.6824628211655
9861.15922342698,4174.995941441706,907.9263708052507,274.55646955515624
3238.772054779804,7310.789111360173,469.6608838012602,64.18558462596121
7737.293972452785,6147.170632659673,439.6986991157306,264.06760075109077
6730.50663520819,1597.3891864835236,1113.144475599645,145.83654621323004
5873.261722309039,9034.744875249864,893.8181783781033,92.0418273593626
1245.4773087175956,5433.151085029449,1290.0436866545053,37.53844460710567
6390.156840448578,8496.687697963836,1262.9881167747337,30.18724149383905
7938.8269873473855,7677.36002874827,887.0333697965522,183.21161729103426
2823.575862209149,2059.5826573228983,1347.0869292427883,312.5875407022134
1505.2613994966873,8482.581257296786,1121.5819142868052,286.99492580558774
4614.685492234148,9544.621067847054,577.7343039495703,21.69572157526934
4988.336683591913,2969.053595746178,1370.1015024789604,148.72981505642827
8436.57757410311,4957.962266821656,837.3625143087238,60.2653861494195
4646.646035667149,5675.23208099526,357.6200830570281,103.76705711776657
4871.968849780404,1203.9102610747163,96.9322860285187,132.6331668121911
2657.9724930431908,7521.575469514126,1271.072383775268,230.70018935326854
4964.838051342289,8658.0510631658,300.08715348711905,280.54476103588667
7065.777875752192,8697.247262467696,1464.284900811424,14.230412609712937
6269.955222193908,9964.785681827467,1317.346824333104,43.70394934259281
7971.30753187225,7799.45186576134,148.13879946593167,95.52813256641801
3338.307978109005,2595.558698788307,468.28562069130464,84.9824466576601
8036.263932493143,5480.425417145634,1235.2107864405307,282.6088031769682
7327.045628323742,2014.8075752107504,1099.0538790490953,214.49467075656707
5057.135590871796,4780.840865514328,349.24619820998004,325.4301938611007
3786.6324001132516,9858.758387378031,818.881763675829,77.5537695646876
3736.474893293074,8053.443855884146,950.9624361048676,292.584249080064
7089.588525532579,3580.491022055188,750.7771957038743,104.24618454387951
8628.30017038988,5240.7129722093305,570.2184754113943,59.79505048960664
7062.26685301305,5604.234073867705,796.9870945535777,349.8132778533441
9433.422452280416,9605.618116155185,863.2915807019723,357.4412024866397
3100.495892021634,1100.7457117865001,1002.3528044484848,335.8786985891204
7705.474382744676,3430.566259079291,909.6842411770564,297.11257053896253
1163.8483221344586,9021.396842220567,630.8754404980222,271.5383783727188
4864.3520576308365,3861.868570270181,1386.5800755367593,168.32204417944848
9436.806575277358,4847.269468385322,112.61106595140156,41.21448529152386
4025.5720645395613,9030.205737721637,788.1915899532519,143.3381843563154
7164.755744431148,5645.507128789232,1337.6711594325939,196.61929973548715
3308.6861823211,5645.726153546952,1427.9908701673312,351.3985444839314
6522.073712349485,3312.729528474664,804.399655576581,198.34432117364466
5428.98370562629,7966.0665213111915,286.94095763889294,41.884272485519254
6395.594136599804,4450.748628284979,1116.8147933624184,26.49324903424794
2110.3632198776886,5638.306804907211,1139.7595246610322,301.1032478512999
5108.3333286386605,2282.2456255255584,668.2254921949014,242.7673088028795
9817.97727973699,9443.335413610164,546.4138790619922,321.2272028069665
7518.087594830467,2080.2662429203124,460.34513878903493,26.83521153798467
1740.9849534776554,9003.256734366394,1418.871752014733,92.18232046364635
6681.374746870867,3262.794425093801,806.4907195555115,225.83115505203597
2997.8969325004455,8344.0263091749,1479.247209948585,195.5726839031516
9494.899245620056,2679.428259217414,429.4951777760865,347.1613895085615
7310.732110944632,7394.186349761209,1456.5366281166273,20.669496943535318
4057.148430215557,3494.8100131585124,113.93657874776518,356.2676439039985
6157.220376694037,7604.187817383579,594.5237255284167,291.50456551218224
3651.9024282925825,8395.731130609014,902.4996687210827,237.04096922937893
4433.87673883006,7686.864380879259,1309.1735255224212,34.5927374268183
9106.952698241414,9930.675533991005,754.1400479090678,210.6203467118201
5728.486502449917,7195.879705120278,557.6319073466165,75.39419251408859
8534.890351343416,1586.1794449348963,897.1984144652184,326.379364045605
8425.84527649524,7267.094246159958,641.4618015199452,186.2983934402625
8160.622972702384,3708.0009623071355,357.2074109892078,296.2463381999685
2568.8499495360256,7785.8900834598935,301.19328855389233,273.53395999319156
1855.3760266900235,7454.618825705515,375.9999402953496,308.5739818429927
9221.923862014686,2563.0711361578788,1291.1539414344181,183.074258865301
1371.5879691411803,5667.075808108943,1424.7681865650804,73.69846483728516
7059.873051545197,1534.3432482932888,169.3977948652482,52.70285471788826
6815.878028462007,8978.741171217134,397.20275081219245,248.06347576646118
3906.5379178100934,5295.179168910414,767.2413234229006,118.75708132872802
3288.9850757549993,9811.952885744313,437.94430822319583,171.48125972017874
5756.506132937052,2174.656682263466,652.3926461577219,162.84738458887287
8926.50919644403,5446.178387903279,501.3959882283833,62.55612697910833
3798.5634995497503,5148.770612177641,115.99589782317544,293.34210118661866
1894.0583905147491,1615.3016529435536,781.4865335248716,260.4957971689894
9479.072034287163,7366.627406207942,1431.3006682348987,193.83900917785488
5578.845652258144,2559.738115784812,516.4043108612124,233.56243581966362
9425.832841267356,4201.303793317573,1181.7261354279133,38.727901997837954
7926.457577400609,9561.245077998705,1176.1494863934936,113.61497416207452
8706.047438747948,3364.0998301367863,1462.3675224221163,130.0516986596228
5956.605964968955,1746.6807935492088,480.25167115044184,34.95530105466706
1332.920674348934,8665.876263448758,472.882889288439,162.99118812562497
1910.2474469397985,1854.6982937445111,1430.1148615719017,107.20884065391574
7334.349776751577,8766.011342480519,1463.6803481662314,4.5901021285986445
4433.216495548517,3534.1688035979405,981.5698959669206,264.8715764851158
5109.401303192725,8207.758838044567,1230.584201492546,11.450645192099632
5065.602771961847,4409.3505467432315,339.8847693004801,45.431277309827735
6000.025772303005,8446.749461879062,30.74017087215722,144.48608613505604
9187.302755847933,4299.244276383563,1351.9223848024442,121.67042247468721
2029.2788465809801,9077.864823204785,890.8431576616806,185.12346273135898
8709.975643711623,9653.112516616271,589.2753237995394,349.5271354618422
6874.028129481867,6919.224368181933,314.7796369637477,193.4802994460266
6636.115832638535,9067.93943597731,187.0708666451113,64.50945227847001
6997.462539878488,3124.071616425082,161.550703773721,329.8033184480611
3862.8297972467303,1210.7978301330766,779.4360990587394,273.69962456279717
7964.098134422121,9020.238710982505,385.01013698240115,147.61570347214416
4960.105220734064,8242.176318363367,1038.0329235759664,61.43098738891488
1258.629544184052,9019.441322553554,1452.0777787323423,4.451329880743443
2778.098990222171,2536.69651583439,975.0741287228706,55.642057945145986
6887.654301440362,8411.0578262573,1223.1651047860005,268.20806344971095
2065.8084408471323,9010.547311399197,1365.8713993056163,241.12964656918476
7359.40273121793,4680.890852860741,947.069228504349,206.52385574123917
5199.017892277343,7777.9044687829955,884.3579334162309,152.42479995503328
8668.281704399138,1739.424057379337,1302.4595334696596,171.45620085888615
7267.708210295231,2101.349915088188,780.8887409975853,230.00238982757128
2223.3459608344474,7230.084552040575,148.0276993819847,4.381277301909734
5665.426816355445,4626.240223339564,64.34207041602079,110.29101134110384
4667.247239803013,8687.376340294175,75.66712799552532,35.54762119835208
5355.254513043984,1376.116082914892,278.0136540675906,307.2408512164295
8215.268217210552,9672.378662013542,830.7226119932611,177.85538205550478
4749.945970260026,9195.886408885142,1168.5827300114154,71.6788928871808
6427.31242498417,1841.9055516892076,1401.7561976047114,354.2256996109718
8403.503534245941,9641.166750439948,359.61100233602934,142.96192328268964
2137.284154992686,6584.407969430472,1353.7499228899796,99.35459919661437
2486.691846613864,4275.767307402806,272.11980000044326,335.1175800681795
8773.46151013279,6051.230835548257,405.94991040297754,199.253924534224
8052.334193447106,1786.886839885937,106.93869539792554,352.0285450268242
8592.568259987213,1297.215879719021,981.6887831422006,64.09310001343886
1194.606577651417,9298.000154463834,1162.018685810684,346.38292108650523
8619.697009829,4782.076199241628,95.85777531498059,43.685381617344405
5241.591146193498,9816.994169970689,639.2558696541972,43.31301453543622
2786.6697242761156,1364.0947403138039,1372.7711713788087,24.55255581302757
6925.01880293752,7920.796789328604,1465.2667189099702,98.13883711846492
5429.898283038675,5862.994974674584,1308.6805076174378,128.63406752395173
1210.6391953708144,7738.430184789285,1103.5862132670234,106.00696123356435
8352.38179121452,7763.450278322158,693.258883783678,160.70027986466076
8734.740237092858,8341.780698610219,1433.5098859319137,112.40862505419643
8728.888495991956,4524.679942192969,280.5966912728796,340.4466144851381
6143.762319524087,9007.36608919849,652.6707225212458,66.18217159445976
4351.328846426422,5586.852864552072,81.3125912324105,312.2828715678444
3150.314731220186,1724.1351313687005,1237.228305418075,44.59871940621635
7623.230582078552,4213.412083095054,433.5267747226258,17.37293548316972
4826.590704993265,1616.2178609955847,37.4156738855346,38.501823946596836
8202.408092625408,8282.515728285223,1315.166498522993,125.9951543533566
9250.118991758403,2099.564214680667,1237.2537149031616,278.19248450954484
8416.875637522522,3345.1365732636036,1342.7793798644725,353.1500480656553
8551.798447398245,6460.135229718597,268.03633329063405,205.24667595350468
6621.178106188884,2184.710637848228,1001.8486310562498,227.1856526973813
8417.388283575227,3175.8098104655146,7.578273780139714,143.99380324443024
3427.4317271990926,4804.799432612605,688.755504095129,106.19516310308238
7277.413091212187,7164.1034894306795,1214.1998913947227,271.40242001261123
7081.64201163923,3882.334254729493,1317.9312537643518,271.84051887315627
6283.95431628644,7022.503646901313,1331.5858228930729,147.2864006134308
1861.9419974016603,3545.9817417033505,793.5636873553741,134.7686848297376
2243.2873210154266,6804.572963802925,1300.9313162671867,228.64309610152966
3912.6457103781822,7831.047522188687,1374.8338364486108,299.9164227979814
9268.37066511766,1997.4345946195863,397.0436212589301,166.99557835344072
1262.1885753507554,3211.030867975037,466.41901426499885,171.50711593321623
5862.1222345974675,4799.02834647995,1116.7843075369667,3.854157410494475
2141.479128855036,7851.339806007916,779.0401617256161,185.25623746891083
3931.536871935679,2151.6188607841395,928.8154705754237,54.81939187947498
3281.3209974845054,3343.4340691367765,89.02961617015465,350.98539318892716
4152.797553753389,7742.266175661445,1019.5292734294976,62.362240645239204
5491.506082776992,7152.486930247465,117.88219425178858,290.9637388877152
6757.380439885349,5774.328225925604,1012.2076554166338,146.6145942813301
6816.670767728567,3243.62521077771,1072.9372983899343,94.7209906228497
8815.173962617151,8479.650866188102,20.49827208108684,137.0795534732958
4724.034567737703,4639.1882532178915,1309.2961303408927,44.27165134295199
7329.721849701063,1426.5317847840388,543.0679431827805,41.56405202421386
4159.504774125495,7312.798159424459,827.6055701430146,47.10893711920116
8501.69155683024,2254.2717778059714,169.96636145123256,138.15850116048796
3940.188715565486,8994.236448050186,923.0504574878465,198.6776753880416
2865.445622589976,6213.221787733111,907.9858346555801,286.8805031444146
8755.121224357097,2119.811911447364,710.1544006180304,317.4511881267383
3861.1827834114633,6103.884273817088,907.6934934747532,190.105383520768
4172.46034592286,1325.7102008045235,1354.626746743412,50.33242578273067
4605.158691561097,9209.40458980137,1421.2734622574378,225.7578407944796
3126.749405954568,2783.4635058689046,994.4492521165406,242.61816360578672
3491.2122237488084,9604.071222737011,828.0354275256741,42.729828963052526
4562.22090719158,4180.701164387507,880.5766769197909,11.089083964915135
1978.3195345383506,2758.6357967051194,195.9292718950033,264.2088059068468
1387.800028536608,2687.9514743714517,969.0870369086878,242.98903245018647
1232.184387739073,5550.861805053457,973.4161392183589,161.59538848992236
3060.263334593455,9058.12639055252,144.03372878774803,314.1219517753051
4807.000519538202,4616.303409242282,476.44551988989923,358.5218656678906
7477.358388450223,7897.886827500714,1192.089633391014,238.39877602367525
2196.3514769908356,2682.105583521823,833.5082208255939,75.0447395468075
6961.813618371334,5116.213081215586,1008.2042861898674,299.3092116677434
9779.686130410668,4702.123063303767,155.9423879834459,217.26600647763107
6356.267276783784,1501.8515143463767,434.50155166533403,338.8371467487765
7094.855128230865,5001.581973621588,1044.107515327193,25.105518407810496
3886.9707322717904,2746.72306499469,853.4816669094134,329.9304240753632
1367.409046569423,1604.4108069258639,759.9898259796914,187.81854133695498
1470.6046327661002,5604.141827903047,752.5158206637959,288.6420054523072
2226.6580021287973,5509.641310764257,422.8326347771406,216.12173414559396
2156.1218652175903,8619.602606021792,1296.9403573292698,328.87878331674017
5122.865713045272,6436.554548346459,848.4257289320246,101.14344481266514
6433.580819305102,4489.72345086178,366.5524529293812,117.60993342971008
5487.847719101659,9458.702002012791,605.5475811019408,205.3368397545931
5656.007774039547,3101.2557105027877,275.7970145926089,109.73722765183126
5750.984104964524,6880.0620448181235,1440.9794135686845,11.491144612368988
8697.940230439617,6019.7646657182895,1480.700750598725,308.75192315013385
6208.194815846006,6145.949082229937,944.4603298332014,323.52892439205414
1884.7853244198195,6183.397934322447,712.1240809645332,142.07625400425968
6381.981806370254,2014.9606123998828,827.7379405676517,277.9361590609492
3859.2900757891953,2906.765880938769,751.6580290007386,213.35206874508302
1711.490605550314,7699.291062764517,141.2990105595481,151.56132748306717
9940.158969352715,1498.30815421647,1288.809432998718,217.37118000271963
4473.728650854802,6151.270505627635,216.94855303384182,309.40761150337386
3545.040094989561,5842.430901375342,1284.6419451682445,139.62845915099138
4192.89713970906,1637.5709802110541,871.8438748012071,331.74338738912513
6055.675618584768,5418.884652845671,378.7841448898239,164.99284392368963
2737.9902813136573,9901.313399125536,434.43049373589594,75.29681895551529
1744.5895539864368,8936.706490109338,906.705847875383,319.47656988457106
6984.465099545276,3751.273864055409,1293.1437810828197,134.92096026855106
7443.933649379275,9063.929065841405,897.7076766954857,61.567018063380814
9664.837284629994,3864.6421123295354,226.27369885070843,15.312519780376444
8265.31710775171,4786.841268397363,931.0122332230069,229.67640149233787
4223.651623030919,7288.584067699422,200.35034187971408,328.5142057860373
3045.9194619822856,7953.459445908531,600.3623644008197,137.42600168176435
7514.089066647807,8874.701474128342,1379.539898273498,277.7510351589488
3554.2251232878534,4125.654979237279,73.50484520994053,75.29562272309154
9909.68964864046,3209.801444436803,468.5545624057698,326.90831374552084
8161.649491472142,2729.512835233003,283.65340718362455,251.73393587778858
8826.245310728891,4252.60494343186,685.1956363783096,24.479434305265077
7379.359623978089,1131.5341393079755,988.6659217205437,157.64083796626133
4246.293550755038,3368.470457411144,445.3425393200147,250.5348585428547
3363.719152508004,4077.0066201082695,1325.8564737044617,308.5960952659244
2511.703819680908,8878.44554267234,170.40979704430868,133.52761133590585
4862.876486206356,1181.3346782166122,1072.8708238974123,343.0280444011639
5822.959672646645,1106.1785834109426,467.5897007710588,119.61327467290556
6717.55991366856,5935.069891893448,492.6475266962721,74.99153119441549
9111.375312170356,2860.1850186566458,869.6952895490238,328.991139824918
8492.38247942676,3068.959163619604,1131.0418953251954,354.4066178541596
7941.077034484699,2811.6878361656873,1343.7052040886986,151.1141686417121
2116.554567859569,4915.998470225706,1363.4461307621807,19.89931918855886
2970.604259873204,1975.287131609068,232.96805830375206,208.1266674075646
8560.097073277611,5448.2527447524635,1056.635067706477,265.2919397698935
8673.10149303469,8713.387134223012,583.2315050280966,34.328389409551555
9863.407137092656,4402.923693869071,631.5739902996777,325.064992894777
4486.8940098811545,9610.060260298367,601.1787529017697,335.5128571079863
5837.971178336471,9310.380653353663,535.8228228885152,141.36805640461333
2257.5858064434756,1705.9243060302792,203.16610910601773,330.4816945804632
9293.161840745117,9833.651808822375,156.83067645177405,111.21105804881316
8727.65506976541,6012.624981492525,1284.4875636699164,326.3506382717524
6045.954196546722,8781.059915046633,148.22184243962144,198.57065215814063
4780.970304282444,8199.037323858862,270.2746948834724,277.40301374938946
8946.512027518558,2690.8931725841276,614.8438190817418,331.6340085617776
9156.116831216143,3076.604945064426,33.53302139661754,319.61025594014694
2251.9107924922437,4715.97833789964,451.7886511516953,166.09886102563368
1194.9678518206695,9535.728513696535,10.146675693401846,70.80949067153003
2924.245314248957,6912.835069384301,1437.7791564032336,83.48819063606
6503.942479892901,3826.028348595224,437.7476743641906,75.18183374086018
7825.19806681806,2165.281650164412,1442.7391386521,227.91363689944308
7021.882805188088,4982.338703807227,1204.003721149804,317.0958358347579
6571.05106166017,4075.8426398100582,903.7940497779474,315.2578760308667
6376.139569043251,6522.816410878094,411.2502951555772,89.94691735052399
5307.983107365913,9777.63174066874,411.19213613572487,309.0948104256742
1522.2648905323526,5666.117692161294,629.5713308338726,269.108291596692
9302.272870404655,5123.638909840454,435.8752812897276,89.05367570326361
6346.773030734763,4200.345938565621,963.1152143328877,62.32361634794852
9810.027865279137,1573.437789360897,699.1967392232417,7.768907074390642
5560.888755653461,8681.35370872138,838.2679226511158,121.97568689263883
9803.185409556843,5428.821491447201,676.1235190394806,192.73605519394525
7151.891814694962,3881.7449269337217,709.6320905931409,23.185127663540396
2670.4415895679476,2607.04510704028,1461.128963233864,237.1928038964507
1682.8375364319684,2539.5159983607264,774.4709665938374,303.15525178946353
3860.9672597635954,4670.5300463888925,609.0284986420478,180.61016415978662
9933.574248863557,3053.2608374355614,313.20000685697806,30.25914802103764
8138.750912649571,9797.932369369313,416.45136724593505,81.57661545255678
1415.1620211737159,8167.5040958752525,752.3935510629997,99.71301247796245
9921.22021593954,7283.352362536766,341.6053237484175,108.20928255914255
5147.668397918158,2730.392804394357,1022.5732295179736,75.98275391627145
8162.867478645174,7695.369942841707,577.9594138025284,182.8779250203557
6493.514945697506,6823.438166635423,1188.9117552838031,245.01654922845654
6089.40997272291,1890.0625981931032,1083.9882458448035,339.33075625236745
8633.435017738808,4309.921049114443,1125.3003042897697,72.56172601497727
3375.7639653679726,9832.991594728295,469.43110474812596,1.3676972459822716
7301.260411951434,9348.003901910693,51.7171278819425,216.19542015451196
7337.799628830587,6947.455425987438,515.6010338074052,180.06192970709543
8046.415685226632,2429.308491219921,284.92810477461654,169.08523434280104
3916.629700552718,2896.278601187909,1048.75174393197,152.1752004993735
5426.041102255591,5902.5664782910135,665.7267893787626,300.54180043791797
4256.3170469573315,2966.556475288563,219.36394581439822,100.37967495434263
7439.375723948715,3936.6875641579904,37.26851510298741,117.99223693627917
4942.362174221696,3361.866630662827,917.9249611833443,166.06219543417257
9833.346791288932,1266.3138574310858,873.8744318038542,236.64414592208703
9696.716384437037,1546.735646218142,315.2947035883899,321.43587513660094
6207.292221776708,3871.291789357326,878.5526418974405,37.296692329476215
1987.2106820523204,6606.685391676304,343.59321112533087,96.2197976583928
6942.18106600039,2075.3646501594844,830.6096263620218,280.6597210224145
3682.4461007523164,7504.128370829553,868.409466692,84.64003620450553
7047.978713680521,6473.764109432126,1259.6172172202246,339.41094576751897
1206.012339350539,1382.8682860231552,903.8167436712712,311.6098704345945
2557.4228741880916,3855.1376147604415,187.0202880526676,276.286420707746
5953.120350487484,3102.341576100779,1477.2171199433642,21.211417260238097
4780.001174261422,6777.592093031512,217.34549119013104,156.49290555630324
8411.13832222892,6630.611441641734,727.487347842733,212.84327841160083
7264.865139897901,3158.436717685613,1435.4401359537771,237.2355597908468
3866.7189963395326,5828.998610702684,444.14174411823416,237.8172651254181
3950.8944161211602,6583.370734047626,926.6565641761763,18.143074384523512
8054.633151524012,4723.0182184314635,649.2785008845395,311.9000381165448
4427.962267955894,4748.254275793741,123.3648382672534,226.44426392886794
2491.547236565478,2773.9149569442743,1314.6980007565453,263.3290046582904
5821.619703943097,5231.731088541554,507.19955190573756,305.5525798266001
2330.282385032693,8076.2395338645765,635.2566455533803,131.86097884472227
3001.987143396148,7366.585243902497,1462.4067963555703,181.7578193032887
7184.605682896336,4208.719140723537,35.60704490553632,147.56872401008567
3402.741575279964,1771.2769054387768,1305.6430181922938,336.57376421498776
9673.993259036326,2669.766077032242,465.210575123941,131.79333547426683
7813.374519671138,3511.2694112165696,506.2496177221093,328.969873605144
9533.435536445942,8677.965060447706,687.7423192533377,76.82425475785692
1981.68054107423,8510.87977420984,444.78294671813694,86.5356054474841
9496.718844954183,3898.548303608074,732.238758404652,278.65535888160906
1724.2935271800332,4092.315641047094,167.1865890921348,154.91682952581021
7611.308964902704,1413.3175269799344,732.1112973638664,308.9907453762155
3020.7294618143515,9494.928605526262,342.02226235394824,34.326805327314695
2630.6937806265832,3420.6006783038943,1233.8702243190546,245.02371495064696
4718.675972996206,6360.997230289819,1124.7368982714695,288.2530020521669
2187.7539399482553,5304.827817506043,1204.3741896504332,194.7113237825043
6993.792518075004,6303.228483127276,373.16954210202056,176.00380037486224
9864.520348658529,8573.933909346993,1255.3486994996072,132.3994639987835
8249.987772369095,7617.0659582832,1013.5904203034787,143.26505975251328
7926.030053139643,9955.620233515898,387.4646946770578,43.90393342519659
3823.4826848983726,6803.061950203452,901.4263769615497,272.54858639506125
4154.182287400711,2628.4316969238275,1463.9686277292049,93.32755258384735
5781.789374919126,6422.1789547244225,318.7439435967439,345.90490061394985
3677.0281843290168,5042.542977047817,851.4877682857152,302.72522079864524
9279.002960090686,9719.293026891208,306.24396200748436,175.34248665085653
4592.167139875998,4904.424216537514,223.41109830984988,35.49652215098143
8410.32512819942,5001.540630521136,1344.3473920254103,352.5708773234701
3995.228790834905,8957.333210116749,459.3273329832871,256.7850032654504
7612.816070134153,3800.45184682867,229.44751446475692,171.98620013888805
7864.173946489383,8192.331475894916,798.7276182782783,244.64097956826734
2463.4969050116997,2873.091310142956,430.1797487107961,195.0105243948828
4583.689363868442,4595.69567880503,625.1290021285457,198.0433315326451
4352.7835754327,4014.3021057758906,1042.7456412799456,41.32491818459156
4312.629216794943,7276.847009538919,301.4858261878284,247.49836516089854
2166.430393330747,6329.251957229037,955.8818686406528,1.7750431723444011
1131.1436209490112,1172.4197146753766,283.50683003437825,350.8374202429512
7747.351405542819,3844.9992041933874,758.5669278355487,309.4305634792737
3932.1748791357354,7195.23157800591,1477.3548944955119,112.63949731812983
7580.120173507083,3702.0505372757752,1159.2333729218476,329.3444599909462
2639.0599481859726,6592.370590674385,396.32453385384406,133.13559505596862
9355.56415528969,8113.018326651317,1210.423907049183,184.3055229043006
9173.257671268633,3383.439431546595,881.6387331480454,284.41692031698824
6507.674753319829,9764.274683618383,417.68939627985196,46.160662303473316
3806.627775973809,6145.341739456811,175.08823880137635,20.96092355674193
7317.164190726197,2526.483853248493,1096.525935239837,246.05798746416238
9840.883549515087,5667.486564537719,1221.915815344508,308.7354942174806
4845.690804375097,4438.093482491752,406.2806410824965,150.13891149703298
5464.24789660289,9690.626258273414,344.6736317591879,352.929522013799
2123.668469204363,2029.160824840589,119.34472938115829,138.44758942483278
7309.0888549252795,1733.3771173865402,406.3454144303339,343.6086904735875
8338.990741726042,7487.813029873757,757.2100750766924,56.68970136226857
8612.579765920225,5951.587601670326,67.34620906691855,337.1401525833344
5899.961728872857,8030.4319329157415,217.66870371031274,34.3443234340896
2083.8804504869195,5146.134140523856,1286.8805475476474,175.01366153584297
4023.7436166385996,4397.635491526402,338.66512052906313,274.7592700729245
7030.446909302305,7089.662116755182,220.11186065124207,222.09668623823438
7900.515346868591,4326.314682944971,1245.9279842674794,312.8003346233852
2654.3525318888287,8845.319380051733,357.71074117546607,27.401319684284218
8588.69670226827,7242.536256176764,1449.6409443619068,261.234842796735
9487.712858935405,3921.2393923111786,1351.4650783000643,103.5567430462247
3726.6107687201206,4032.228697276837,1082.2950625744181,23.27264813526475
9918.797972851493,4678.32471736635,203.53310977128587,205.13312322288667
4322.234361042027,5243.814942446282,1384.4287498937408,5.937390702912251
7613.338533413621,2188.4799436272124,1478.9251479322286,184.9168588815671
5324.128701992029,8008.400610168138,47.57604501768565,346.6386410670711
3097.768707016001,5969.0099045460975,405.15259094154135,259.32306574153586
9558.223192734667,5817.598048057432,1499.1174709913319,237.54909804761496
5668.088131676621,4480.477549167759,1229.200735124184,184.55670696800257
3504.918009093402,8017.100446952317,1428.4647503900007,194.77670579609716
4183.126772480609,1990.973111287687,920.6315751737567,201.5529086854021
6083.951888939725,4597.286909535432,1288.0534859448678,215.79936734486924
6026.518183628316,2083.2949637025895,402.3778475294191,38.1069985610104
2421.081971833283,2981.395572407646,565.8751946356234,82.67334246760339
6566.951321868432,6571.0022815832845,774.394023135764,347.4968382481122
3401.5072275934717,7040.8104411448785,421.5802656261607,256.3111602259893
7511.263848252874,3869.3406325942146,219.70191136852844,231.96857533249485
4344.39959233355,6115.293224606697,844.9428441480494,57.207218889621316
3268.6904062141953,1899.7975027108173,633.1584373849636,38.55081957353499
2113.0163016891593,3752.256702993196,1322.5525894159653,151.42326740479305
6884.46441275857,5574.859212919933,560.133578129047,17.111564648079252
6797.579820884894,1220.6172713808355,477.753115715062,21.84704724424647
9539.628727665731,1672.349545567039,807.9454763057084,114.11187552686908
5072.29140919796,6218.346838621717,394.3918149665523,333.2170616498905
1112.2842075050953,9339.558522209789,1078.448093872415,250.47554396720417
2733.3150153191473,2423.7960353806175,1219.6243252600523,306.19977404301943
9417.733012020388,2852.729205754074,716.2497553191286,296.94323703737354
4538.715050019751,7097.475053329419,924.6028824455079,15.394095811933822
1834.8660820448156,4509.057199041544,533.8542870078106,181.94585813696096
8893.98406447685,5805.795688728672,655.2710938455197,209.65842046846132
1756.7593827811702,8731.335207100024,676.6463489038697,231.8757745644849
2108.805136686296,4891.141103268514,1472.5008945393092,133.19160586151918
7885.1907275671665,1775.2824250129136,1142.9847535815625,69.67716783281924
5419.485029350458,2163.245027532099,189.24173604057202,340.43584865897225
5500.379437699362,7828.22912813362,967.5124906617671,93.8500727930978
8801.053429548469,9516.455797048244,243.15435082039448,306.9433800310719
4161.042799973421,5006.565848648632,366.4866558405293,316.8262812893711
3989.0357634013753,9959.466929817154,413.931705916351,149.2852044428327
5607.061997641265,6063.926682717143,1190.186000882561,237.2620614433711
3366.498600084093,1975.330853153961,364.7338564504536,356.4944776721134
3723.4730352971796,2606.970369321278,483.9395428848523,142.0341806347763
2309.648491693921,8491.130666578681,1294.2497032702308,41.49247358864422
3020.415149874593,7968.8210712478685,843.9735419030774,22.47250642529191
7107.213849239899,8307.909697899096,340.56620575651226,76.85123339895297
7924.339528441781,8051.780169698692,141.8384159751387,114.00448894988011
3021.458097738574,7211.04767890712,1009.5682410352568,327.3820664589981
4758.654898811616,6136.318648059957,19.659065492054708,46.94023778976758
8826.250671225753,2235.8488590434904,778.2178563873275,288.0392614327377
5324.072427819031,9509.284267314135,1300.0274564882484,73.49032572191587
6614.275129714007,6960.676985524318,248.6052240927183,317.2747532168793
9435.793486654347,5415.278536065718,1027.838134650639,344.45294314829715
2986.4791716395016,9684.686633554586,755.3869630003184,137.06997930760124
2568.758334374803,5058.042083759932,83.30291179839644,259.14525558455466
4169.926954010723,3378.8078652079535,794.019203390754,266.0315286332799
5974.1759964849,7278.224483021844,1111.643178301751,345.98483258953456
3831.5442025933253,2126.2773210454443,847.8748370959947,277.90231448168333
8558.58914468348,2241.177954708498,223.693020841112,225.23890610439884
9705.946721685961,6755.511825687944,444.9012746665995,151.8719589051187
8805.662561927851,3064.0659134567954,1423.9264637259826,265.4762189823552
5756.9644614096305,9811.659262938643,692.7297679999892,223.82415962649105
4762.213532076592,6137.76161478923,752.6577522861627,129.6270527096594
5984.261956978553,1244.837316951411,1372.9302213241663,242.94992567913746
7381.6665431775145,8425.118272568016,965.7210831797879,329.4462866532343
4893.120032020977,2400.3838332522682,572.7531725477573,306.660058435925
2757.233139851331,9352.698372896566,330.5519475147947,210.13759863359442
7277.3073091567485,3772.9315595899734,752.7257066384875,182.58437228393848
7323.710293858372,1205.0662845526801,42.195903375784894,22.70832697825791
8243.514462707324,6467.61104769699,430.7392395011301,94.48405569112234
9233.94300504469,2219.0963339882737,241.63941692693777,93.91949951322371
7459.735915793186,2048.498892060718,537.9248885362942,34.470310825925196
3591.8361529691747,1948.5034946943692,1307.9877034411336,285.4860032799051
5977.875920381953,4381.819123451345,1486.9089124789775,203.63025193527895
4480.516202760347,5845.9426399473705,60.507770945859946,184.19690980331765
8276.088802745226,5844.784547975064,409.54909751958127,357.85482289863893
9780.844924561763,5537.331833089382,1285.2920690523015,52.87893409822412
5750.142122300538,5876.687255114233,321.1980832080375,302.4400961021857
8780.821029822499,2616.531697241006,1185.305204937232,177.0254122538157
9345.508336601795,9886.467513581878,789.315234107013,198.04224889797047
1871.6785965891372,1972.0526944181368,923.88054927467,159.79805134729204
2496.0994096999993,2691.0766990382126,261.7012503937026,322.45426275997585
9488.199766139413,4255.566712646994,1469.3531557315207,220.24272491767601
4839.935434282088,2436.639846142696,640.1381771855374,231.78648627037146
8071.439873242023,8135.237339302651,702.6975448933771,231.39729409698188
2940.910308287944,3846.0412569756318,1433.4788374970012,351.65689534433596
6712.411341022824,1896.614087240931,569.7912824607479,193.69194872472357
2262.426957014378,7767.591229903171,415.7246178992312,345.44741688433055
9707.000000571785,2223.9380853254465,735.684213361606,83.54515884715038
3522.382329362274,7333.80278408508,1219.7971023635075,137.35059513961423
9187.218991169933,9532.920514630077,1115.8646918328698,84.847053235235
8532.76667437184,4110.805869416666,825.0123160320978,274.84575974766534
4710.132494598306,4301.166801479684,467.97515134018295,222.48561769386941
1422.6866559230566,9961.178711463843,64.16847583220701,80.06471318583264
6721.297969224405,8274.804693605001,577.7215818439296,312.07670083254266
9499.344317132332,2497.3541364512366,1444.363944307439,246.7610697203046
4641.922882568942,9299.386679510926,1084.03001359384,170.41672757742506
4353.14314635284,2975.7866696072833,1447.15711495929,167.75881692242052
2637.352481697081,5819.254137617779,1216.559947705084,300.3429735615051
1221.774874197647,1334.6456949875167,1018.4802092311558,334.70639845027546
1641.7267552664434,4860.568219268049,1147.1646733390423,242.4883070894402
3217.469066476625,7888.627481386665,389.99154266902855,225.01181168928508
7535.993183632681,5839.747324977844,490.8787431410733,254.8045968901453
9610.906626723281,1929.9944974649984,1452.5065802415495,305.5014424791359
8215.743606864107,5658.084790814507,501.3727176978334,322.8937133257422
2502.081386413134,4192.73697082541,1362.8578710570857,131.19598012631812
3900.601251676727,5431.618382463014,854.8519859381149,214.36734694037432
2413.7034987928046,2870.8198807211047,607.926177623179,48.06822645183597
3309.4236061777874,1598.105880657468,1343.3367504068935,358.824148779115
9206.444947591277,6277.581320799585,727.5631487215913,93.28659801152385
8865.188689382205,4076.871950447134,706.1304830673248,333.4712546688068
1437.284917459433,1393.9969811453461,1233.5728495830165,277.6527159317534
6818.340722310263,4085.771687636218,635.5705225906879,193.05713485975386
2915.254396417746,5923.2459012115705,478.27915968077036,316.64831326643684
6363.811767903437,8884.947262516307,133.3967583321641,174.91718324723485
6174.285556410773,9855.891830803206,1291.0765177293326,323.15248350707583
2945.9853233647655,1164.8021313848624,222.26714706664035,54.332621695595044
7488.691761039444,2259.964041704351,657.9381958420491,243.2981854539065
8884.344117922512,7283.050944804039,215.89715814386952,202.80578473117777
1580.8211478173962,3553.6861493732326,1361.3381756769525,248.41536267387818
3115.4533009255865,4311.55374864151,281.00595626930823,251.24255895950964
6391.534366413685,6836.920486063163,1164.8697545205396,209.8428337411667
8833.200464635258,8200.470691529774,290.5682643741203,348.6230342860692
9046.931433965972,6849.0006673596345,850.1821079532627,17.15736179331995
9223.970400982831,7627.733495852264,591.0475040043063,333.5866796305034
5798.162381958252,7829.352272382088,1339.4579431276204,171.76267018322548
6078.435087312531,4273.350267262116,922.8843790695167,34.3040661944659
6033.037155261149,3973.891587970455,1038.8255780852205,300.3779410499519
2988.294526823096,9877.098409664015,716.2903818062651,104.92504515001684
7805.860285430098,1826.5408762554516,8.75215581436535,149.38474984926702
5709.717108031451,4850.992085799735,224.36856300986935,66.06391678371837
5666.370603923373,3955.6660055671005,1438.6435992958952,152.0432938926812
7491.466343083945,7710.585881619877,559.0375556293138,35.57206453448219
8728.358364760414,2786.4340406771844,411.7788197130399,21.502386465015313
9353.116787665742,5212.568297972903,853.8924152969728,317.3869975965407
9144.224670834386,9393.013812290208,1274.3201536355723,157.00505257759434
5673.042875968798,6677.154386707256,99.70601816931273,107.6438481650147
4259.9771465793765,6945.181269923357,300.30554173704223,137.4497851838252
5866.977397868752,8788.016437584902,1307.8546145678647,337.7395338145854
6466.611913965717,8368.52153799689,557.0618278551971,202.45414192433566
6449.727983981006,1177.2970772568426,161.7782455524229,104.37786143706606
4948.148097770696,7518.668296973035,1143.7732632918187,325.8114603993857
3150.042508777471,3015.2177411821585,1135.238378042631,41.00680671034582
4083.595496497668,4664.520357934229,31.667510863607657,244.69120205778503
3908.1539532572074,5504.127643908759,410.34682766373555,193.90490748756997
5876.757525078755,5197.055117159693,823.9770690660717,97.41599975455269
1662.8504396412482,6378.711564578157,693.6678794947996,253.80524572308303
8769.415537928253,3243.0738726680406,876.548919846597,214.46411028235724
2681.7259359057816,2932.9906830869986,732.376884442872,142.39358822028768
6377.804172571796,3696.573743974016,1016.5557007934871,300.9371457843055
3798.5877237452137,8083.256310077839,1073.7066669294218,89.94494541378819
4116.700598283525,6559.73107069066,127.5838270756163,227.56612883403898
3018.829188209827,2192.7004534191947,950.1905585344351,63.98668102772458
8284.577838749165,9092.055354402914,127.03140918684393,359.18141026798514
3566.760612585596,3841.625314270009,268.9216719800555,294.8885954817484
5599.656009150126,5429.865807132079,242.6137468670839,240.75017882072683
9028.683204592568,5156.140742962104,652.1157826187246,7.2277309507243945
9911.78314633063,8588.831333381058,276.34228927243714,107.47289649040678
5787.534327025992,3111.7435526130316,504.2621736880865,52.289729487839814
1280.5073819487027,9556.34375521368,522.0139179817478,107.56099324445672
2725.915746588671,1431.6499398815836,657.2628157682718,65.55517342755711
3086.8673614006007,6609.741149886492,679.0643298395186,33.4786227283778
5452.258232909753,9554.546967047745,189.0058039499504,242.35078915725882
2014.3946542409262,7673.000110633,266.1701861380573,351.1487745217358
5211.513985994833,6616.517906881517,914.7463308035175,183.94580495036413
6644.676441377379,5149.616323756459,273.46788640492895,60.509822378479214
5943.332787434197,3702.3115651377234,98.66654024941168,218.0255266190845
2185.8017171852007,3248.985951103945,121.99346071149206,318.0275554872236
2123.3064136952753,1262.8140441048922,73.71951034530787,261.52115908636733
2631.0221108703245,3821.330606905003,209.94565614265548,250.50584163943097
4138.303827218919,3295.4194250721207,829.8717477287937,44.07089707834846
5519.253028394336,3945.1036657439854,126.57001142516276,35.361182097283226
6648.608737174461,8086.135412376482,451.62793936097444,2.785677450841199
2726.7826740603823,4585.386665388454,33.275790759317175,316.4503425506575
4379.782489973635,3214.8425814276993,185.8745570651255,254.7301649375851
2063.5426756460133,3033.56669758919,1278.9638266916793,28.344360731471262
9409.03714274977,8088.854448337667,677.1657028292198,114.13957874430831
2156.3898920072957,3191.1506338186905,101.0479578623693,27.673364071088763
8824.98714238913,3856.7286592776477,914.6947096362643,28.294326229644277
5890.5842343404565,7732.936262980511,554.0892094744437,162.28601292134493
7277.05073378585,6837.381127788387,1380.759838874035,43.372418642022915
8732.337925815764,2261.9524972147556,1136.9968935455547,346.04288388010116
9925.670185059756,6748.047457299145,330.60996964108267,160.22781074884355
3793.7347298698087,1513.2225964253375,200.79661580888853,336.0126382469778
2086.5071612114803,1919.73898091805,902.3753499444023,207.474088764895
4405.001445474296,7707.910822914762,63.231543893404265,246.70048796181646
9488.819265583898,1734.8682557283119,751.7898672841662,18.316416691247273
9901.694704917589,4372.386347186941,398.5060586863746,159.07461660606828
9790.893170261972,4496.264679119677,194.13604709857046,1.6457497299137394
9840.56524551931,1842.0551389082843,337.24565936398574,67.38170861138042
4805.647174864985,5088.718162544163,333.3539357028295,162.97990155258677
7803.929392303796,7294.047769797553,675.4568411578927,12.19103246581768
2588.319176577837,7415.842252189695,975.4531348956926,32.18748002842299
4587.63168015052,3106.969681557992,472.9390878900879,195.4895168363676
7325.818836676368,4344.750064721345,537.1721487048571,8.935149108392679
5593.0124106855055,3515.0337987757503,256.7341242216187,245.11858600109701
6773.281798187122,8021.563596954465,1024.8896201991824,125.45993252569436
3853.9328114097793,2527.3734077847284,805.9883532675042,333.49027603771805
6176.137560742017,9795.98477122601,1340.9029764618194,76.44827122391982
7868.5381262572455,2633.227923596217,52.799041514563804,174.962278508834
6377.596137644987,8746.297941207595,630.3011728532309,74.06691397724153
5472.479533883475,5109.592693022405,645.1712430685856,207.48570208606742
6623.391864087466,1496.5465238700106,1127.6234931957906,80.1280877207026
8846.105762162528,9743.345324893658,1385.2361815371141,1.3815495241956641
5298.55156095665,2456.0526458823806,790.0053386748006,346.8913797831099
5156.840782731012,8816.131537200246,1067.0191344446769,55.19711292446182
5773.151086398813,3458.9850782733233,1451.8126719355146,319.50715032426706
8167.183752435236,1958.8093041941409,682.2861445693233,218.70186037309531
1405.5806177612562,3957.669514109948,292.1282246577376,282.26748851606266
8869.097129949625,1763.4020551170715,690.8210938115216,213.63329387453462
2034.4770824880043,8726.122599261445,63.2234894398438,112.20090804252305
8046.185585124142,4956.937402012729,482.2726083425116,159.57735882528218
5398.0448256001355,4589.807309061123,395.860820676953,52.63120832246843
5285.719674431351,2033.265151950598,30.772002875006642,46.17633779583417
8830.852683221123,2958.5066052365783,1011.1777319611188,303.8504179744436
3380.279664237172,3061.7154595863885,1453.8950842712113,142.2034577758031
7107.018598744459,1664.2644653518164,1229.1634543634989,160.22566246742875
5567.534290185264,9032.122685313014,705.3214601505608,139.8330453867737
1189.3305862634345,6804.629808458722,314.19390602917844,301.8477462172602
3917.3360398848313,3369.06227242894,823.2329599149632,294.18347023174687
9401.22503154813,3835.7280298715445,1294.6846746757883,74.95447465514754
6920.617829000803,7672.03625075286,215.65757230202254,16.952922927773038
1330.7673948086767,9272.23454618789,1464.670289254219,184.33945864755756
7059.514654566053,7483.04481925625,803.5814665749369,153.95502478298135
1267.5445848424542,4572.933435512423,1198.523887878884,351.93520452050296
6020.558883988238,8751.51041873381,1204.2945222624965,119.09301623429863
5259.825049689266,1207.6784946671069,731.4251105352332,28.425634748159354
5446.170428258406,9664.631689868467,795.3478906935479,251.90030829171306
6859.148547022921,9528.399078404826,458.142747453489,9.642859465153258
4513.0959368929925,7664.889799141336,1390.816419160911,294.69956918396855
3613.523893946125,6121.975723743347,832.2777534793415,181.9653905138589
2712.8539795164897,6125.191398613695,298.3577906249263,244.52299468107935
7150.59352600098,6526.1761043298675,851.5608571370454,315.9618115836117
8204.881390142153,1815.181112061131,983.9733249822816,153.48794486063667
4410.021627658265,4589.270030247608,902.9392748949841,311.4709125452816
9439.004554611445,7123.981791483437,765.4055964987136,215.3395741556119
4880.7341469324965,2037.69621967153,200.50317165982375,256.2258731235225
6072.669488441783,4078.9161069071392,1350.0264513121383,210.56278730150925
9888.428745744717,9717.166873406682,454.6940711773877,127.00052330090836
4726.457742755922,4166.327365747864,621.7314097136219,7.661339125099157
3514.30421542972,3074.775792928659,1496.1506402654509,149.68317081796732
4411.117901236214,6034.227769969547,383.93830172785545,299.35646974670124
7075.843612653438,2507.3593139530976,971.1705341629678,280.66823525907154
7699.471156793464,6180.357354628026,406.985120226465,238.13876399787247
5084.910965748956,9781.765001472635,87.80793526090088,160.47568726589014
8006.94984614729,6076.707616088674,1358.2256650147215,44.69850004842534
7232.354573675506,5544.550797437629,1238.199901661825,90.20165516259364
6451.978852450904,5285.210442788176,1098.6696575955552,101.9260959228084
4702.220931331154,4075.5813062590955,100.28550248323072,325.3214183433651
8874.781461100065,9959.41627566484,1118.7769895099175,198.1400380023175
4189.937662795665,5555.714331639014,120.7176894461084,316.9590897362762
9868.023867586413,8189.646622050502,46.15159792358644,77.37177433214394
3032.7624754247395,9507.090282850262,1306.6119826535037,95.85575864688067
8805.38153434149,3660.3613286808913,868.9359408400205,247.59632530354713
8003.094581337114,5793.615602657353,382.58062873958977,332.8702975432005
7400.79986492483,2386.3744559593906,1118.53026477781,212.07071024443445
4838.187177405839,4582.546522620869,871.9373775040758,358.6012362703568
3729.991248054869,6917.137950310834,650.7575752605269,235.2069328946187
1409.601276064591,6432.343895581827,1326.056108471699,188.8954493851322
9634.387724509881,7215.5246225132,236.8095862173809,327.26237343408224
2811.789151297373,1367.0581139985181,1085.2317898436731,351.9052595241037
5584.878279121056,2391.844952119367,272.90510269285693,294.44889475592356
3857.341102608155,4283.777724741786,1375.6257357010709,275.4127764962532
7544.478563940133,4553.185828340316,895.34522949162,167.57476311803455
7082.422216671595,9559.086587907706,319.68021548480755,63.09040889432283
6627.773597104284,6595.981399757533,225.53802214798796,51.86126909525537
2797.5607386362326,5265.288236393917,1385.410142379448,9.8415529717037
7397.424565276721,8206.853967002751,1106.849472612694,117.7881587087389
3166.0742381384634,5457.682046423091,562.323640352978,154.7333052865268
7007.984700234217,4463.596847962317,788.7886806193761,284.6311820800197
5522.684882774193,5967.258198410562,1190.7936044378812,59.85563390028739
7515.774355866005,9258.432268274366,880.3645693625353,89.31411712816868
9670.25081244996,5286.182818581212,890.5952171026643,87.86439306344546
5357.106903403563,4424.668711177894,1305.96601992131,121.55933579730014
5179.047498028175,7280.552455851513,270.2850759433625,66.08764727117807
6732.223914415472,6838.037506476695,383.20749598774773,68.88459940693824
3432.441934556041,5052.097556059733,680.6769577080655,281.4586749751415
7885.12403714027,1298.858787159799,1325.8635702111435,3.8049353379237423
3308.888895667914,4438.731225915851,422.6610435457097,184.69445214731664
6150.868111348387,2839.347519129092,574.5556897804688,51.252637596591775
2305.501681296667,3103.995384461794,1105.5872058596335,28.90824554952792
1161.670895473045,3133.4301076314205,1282.1415353868247,236.91179651421044
6847.65860771598,8579.469886532837,1395.7181828320417,352.2429801900282
1602.9918039344097,9977.918174799122,1147.0883513237893,131.55470850044628
8537.767823601855,4320.965416378344,1113.8147878223626,175.99511878598793
1749.1606057275421,4124.5344252777395,108.5296173890147,123.81160594705071
7754.812464072186,7972.907216726564,1007.9234638015829,304.0192311100565
1490.0384881609175,6993.938741189553,122.4841217489788,113.83334142517609
6629.055715033946,5127.211000203964,1024.1983083387836,199.04885275333254
1956.5834577300031,1335.3041940422524,1049.3989370118677,346.75516469884167
4373.917910099728,7888.3271726681605,1085.281977842439,91.07242938919097
3182.794671850121,5483.756629067305,1422.4659455327162,40.49694461756599
1943.1725691173792,4446.39987425702,833.2779956135403,120.95574026746351
7942.268264616948,9107.347601112826,604.9949517544424,31.387838230113324
7173.444192067006,6815.478288529656,388.79896479187846,280.5069607056583
6754.075753730248,4694.703628815333,1149.5318235907039,149.99740968504577
4875.755851700807,3809.878999603012,860.1817735643035,134.64713114346984
9136.527343264515,2202.8567068144152,584.6516203910081,16.38471687580512
2544.9036576591316,4557.967704252712,1474.4590537782713,244.88638331221537
7544.890122769049,7040.299136141935,1423.8390331337341,108.80998267847433
2095.4436448597808,4638.095492178566,727.2245879292333,197.77673995141183
8732.483117901273,7166.937391397016,1047.1633353072077,318.81136381632984
1904.4789469629163,4427.527793888792,374.7712679935747,198.35725091194072
3697.011384523053,3461.216008240111,198.3056214644036,27.121801947490134
4985.308266825319,2371.7809080447064,1226.5872786428465,184.79195239212478
7586.3442470103155,1315.2985008860473,869.7485934985835,316.7419001788735
6663.278837676366,4437.448962729673,198.58725524508696,290.2183202085505
5857.556506857627,1882.8287677345256,637.6493990845103,321.57974976870327
6887.5799745129325,5099.837586696048,771.7416953543102,326.95432584376823
6356.773723555831,7611.730387583225,478.33144044097673,347.1542862147073
4934.121221809188,6018.868569145493,1466.5266593652077,58.371765625933804
7365.406219617481,8088.89120409153,947.099303705431,135.28584932658606
4892.91531493623,6915.272672544325,1094.7831139175753,337.84641137864537
4217.003607394376,1714.1826885451665,1423.8369656469165,339.38011812847805
9626.458745955892,3080.6743182023906,1314.7033640079821,217.5306761589712
6164.379269072614,2471.6921997810723,931.3893617863052,268.6002829881941
6082.773679924781,3181.8916716059325,192.5637125642339,241.01871134100017
1908.7576768026634,2368.502856242645,1131.681805781525,219.66765542091852
4928.761369030237,2335.0602480857883,661.6016867300343,232.30239027336137
2803.956025795743,5001.046994561368,1118.7882131518754,93.32108804455034
9972.612941518037,2437.168258802243,508.0292027147592,227.60227044357003
7404.401476969911,2435.3731606066494,529.8946927507247,307.7464880032691
7531.094560759134,7855.4796257658945,930.5932075497552,330.8755316309013
4316.537435272547,6125.451000400693,1348.918418000758,220.64627577386983
7939.268517849784,5064.343480885558,1356.2801977267875,357.58363421121123
4644.009911822967,3654.2454888644975,266.7666692739152,127.5713285081778
1722.5827768314641,6787.252924900061,645.2574882990612,122.93136298429744
1861.862520288173,1187.9010941644638,719.005456978388,172.2444451676067
6235.302073630913,8993.193243219095,543.1884917623024,14.896772558976831
2691.0323312346,2514.385100663978,690.1135083112437,106.23630073776037
7054.762720567987,4341.657086576393,212.69877545249892,196.8504007739077
2675.223310873431,9676.121491282867,1200.7628453076975,302.6408551046934
6915.710847593652,6504.402070017177,487.2038904038837,258.32030548221746
8601.898705458158,3153.2271785359567,480.55740238114663,14.875627476382276
9182.777398916836,4818.542187339797,1086.8145992679545,217.52788463427908
7377.257496842262,5655.1013775728325,1468.3642544764011,331.8290697725467
8011.919720288583,3687.3717365468315,1008.738727713378,292.9366575878398
4416.6382674601155,6762.323180537264,467.5486691245693,347.76954025504654
5861.086690272126,6825.221445918455,771.262521252696,156.16180932403148
2917.577832580368,2777.4532618406665,1475.6666581372938,322.46600811811527
5664.162366664452,3731.14531233557,979.683291489526,195.16107586412107
7477.048071279115,7954.645013922147,743.2772755976602,330.58528009875766
6811.556882178224,5516.238706443512,829.9472516177373,198.50770280756055
7856.623806868608,2290.6811264559474,635.7064856144701,296.14182469295645
8650.08165375928,7307.68714108331,785.5088364409999,28.607841476769924
2245.3166165854227,2486.978465534123,1108.480723419311,149.0295632244614
9208.353525284187,8205.611675800385,1292.0461383348875,334.11040411170427
3984.4594019731676,7013.491683375085,855.861883424041,262.36842648661326
8803.49073184291,3401.1954792319366,401.420457727736,102.90167983852099
1150.9392107358185,7513.519832139652,680.2125700025326,105.93864397506765
7132.039580795253,8918.445397942762,545.4131737539045,170.17416654043842
1816.2869675524094,7851.882324643554,889.3634369195807,350.2253444712499
9321.08989866384,2281.4113496664113,843.6863831512463,200.1488085911224
5540.742996220411,7080.530791324806,828.7590108434836,108.39220465161826
2169.976387345339,2444.781689761924,169.0082672151882,251.6049594607619
3911.7033503817897,7183.6242322769485,256.08092769315704,352.05344477311274
7867.37851355012,6548.734934087105,1184.250798861987,176.11248916413254
8126.559400185993,6589.847704954502,422.07824774911956,328.62545127548697
3925.493586672916,8152.630518281923,1462.1792897712414,223.79037511174926
9011.603821022194,3713.0660171425225,1365.6263084121501,204.39261110013788
5625.587103262587,1860.6735041658226,1468.653215040068,20.626171634817958
9642.08208260687,5908.285791709647,271.0801999031502,241.93182199244683
5910.129575879304,6150.429206036819,978.5661716886945,175.98171245260568
7654.467313822449,7861.191736267779,1382.017541127487,138.34374144196673
4947.165778069834,5362.607779765867,786.9782117160328,33.76860352737769
4729.448985011837,9049.985989453386,858.591256102048,70.54231835504777
6605.364607870199,2415.441266252401,980.6771231901054,112.8512387736456
4653.43851549234,5681.430429816368,1022.4412614931825,334.9543293058161
5525.2426894124965,8670.643743428769,105.42729585035778,182.30882076179225
1757.991873051337,2930.0199968418565,571.3633789175212,138.7217440957046
2340.3601079545897,8159.2279536115675,1365.0424273262386,66.33478327742824
9021.689538459628,2275.521422802834,1338.5414447233954,155.19287085890514
5477.888709377677,6133.90702126288,1286.1110255309025,251.2518511367869
5531.790797182294,6937.580921812923,1458.3369724308438,218.16758743791883
1376.3574757365845,8907.20348540579,76.15185762155467,89.54707770801578
1166.389783234294,8253.235192952448,1131.608290273512,165.46750495462058
1944.1200972219044,5353.288687227864,11.074647976642064,136.81607945468676
8870.191120256091,2345.7104306357924,509.669040020099,170.34274908561713
9312.237752318537,6605.548183396942,1171.003301611633,266.0278860956974
3727.3199013000794,3834.3597485914456,1465.8262233046719,183.626780826097
2951.787276751861,5250.270003743972,158.46140880803273,205.14749815841193
7247.32702884999,8662.432749233842,225.57133133770606,10.828604986573861
9232.689670926527,3115.837648720465,1251.6772684913253,33.76656421455683
4879.729351114835,5219.761425257859,1364.6030683477688,104.54087848512825
7579.064091367024,7977.555554072498,1216.702464016753,235.2309334291953
9383.696628176758,3416.7822930596844,85.03419799608518,51.448215766084694
7217.367644486579,5019.751301678232,286.2022882883905,92.81319431264309
7755.404840204316,7202.240514559548,430.87290065209964,292.789693931208
4394.740152305123,4121.494043211373,1343.5665510386166,262.2236821042308
5660.437642666299,8354.041999997591,76.21717591590247,142.07198881059773
5588.428020410461,7977.091477325892,1231.911393900284,112.55103278338335
9479.662188125187,7807.077437771905,719.3158703820781,152.6458731904877
8859.060537895686,4468.554896411628,277.6523020915277,339.4619267035876
2446.4679856865923,9181.63261628368,345.0108050442285,58.52927234978678
7418.255736213412,5475.39996060964,892.1004610876998,236.57127579819144
3180.5202428179773,4625.63156083253,37.32109338959011,140.85537888349796
9336.846948342876,3386.3103386854496,466.76070340138125,138.08654573517344
9421.10828134348,3731.4652363421606,1181.4228379145325,346.4296342259748
9509.125336472449,2859.4751030043108,1115.398942528857,133.24948618705477
3408.7354018152746,1921.2406646715094,1294.4145887795764,303.3506409087499
6313.224493294389,6847.856429190541,1313.929447167897,196.19958485219465
5888.940850308221,9601.950202137563,222.12395808300602,282.80037459151333
1733.936138779442,9376.268969827808,48.92710990906778,312.90875438492895
3085.662801686197,1108.6036504937802,399.6113588102775,86.01510987229469
9798.966511468258,1177.5335478272343,690.312161675313,295.69711072707224
3207.504845219394,8179.363496094998,206.2958536629826,59.54953447233509
6250.333219317067,6384.58805917414,324.7958490530563,331.2083393313636
6445.201531434653,2888.0072107879673,1328.0660555388508,49.544488508293504
4383.087112436799,6711.656182789787,1398.608025026626,189.82300210093945
9869.472804551946,6243.983029673746,1264.6187065494785,281.4240349001868
7543.203899764672,7720.845383345618,805.6985753891256,172.2052748199596
5735.4527628926735,2934.166858049328,1330.4557061049875,315.4348540937455
3320.7584923373074,2485.8240710375285,977.9607420029572,222.71029968889064
2730.586219783012,3883.2311068691206,1115.398753323716,191.37390833768788
3661.396701967528,7772.8718608956715,702.8748401588263,196.5714868027365
5816.0056161296725,2290.673074063273,316.31832154825236,344.1811334428224
2686.140949648554,3254.235948049271,858.7302721996369,94.41583444564425
3034.7506195465994,6864.5884276926545,1361.5381830508518,208.76454588988432
7613.651368576566,8155.84696727266,819.8828500974755,326.9676302597663
3401.314759906164,7685.083438931894,975.9509459596953,184.43445130898516
7916.6720631019625,6761.831764995413,10.0780596537843,272.0688215674398
4570.874813859686,4988.461561164852,1401.7781234380393,82.85792440487583
8594.455308522894,5990.619789943856,725.1303721208889,178.0992741208533
4640.791012378679,9650.261470741549,1217.4735917326648,101.64165309880632
5677.019233411028,2767.7889933239994,840.6091581525658,26.869855645710057
2148.2227082950867,3585.8564829496795,358.50199389580445,198.35267418537902
7192.18965064074,4189.407581571631,380.7089523333807,31.58225438878511
2350.269077175064,7697.942731305426,994.4161123680348,64.71378656132796
5360.722907667987,6331.425509931442,247.86916315595602,140.05979163949962
9998.026672171196,8554.86876438489,336.0689049935987,266.64896062842126
2594.5285220395917,7742.521556768597,941.2608043873637,297.4562353864458
8560.891342348277,3312.0430993807395,728.7997177231848,84.6269544757535
8211.44304588555,9327.471308916136,202.41576936505294,104.77907791091533
3120.1491047644968,8225.365810481819,1464.8080048362779,259.0376393043737
8044.790132673987,2086.1161838035177,1296.781858747413,197.31026400949733
8990.507159588811,2008.3103876167825,579.4921050147668,250.0813312795353
5496.125411306387,2062.0843405825126,742.2831366073461,197.2450970195178
1734.078016786927,8494.141020788804,40.712749851612415,177.45195143333044
8912.396752095949,3536.919592439948,526.5276308524699,294.2913533212504
4884.512952910853,9857.594458799704,422.3758906903644,183.6609721584683
6808.824666764428,4049.55461035266,1457.0306756986088,353.5927924053879
7172.343511317949,1422.0247320604722,1321.1084375207124,200.0366727981151
9170.798036376604,2787.1158741256577,57.78710759324971,107.84232427209328
4211.691359151677,5532.3801595827545,1210.0680117855306,305.5239641708963
5932.220834690426,5969.757475282138,1465.3491456607946,260.8523216154107
8532.830042739215,2913.3787037117045,934.2310298825967,225.17706136141814
6523.465497200101,7197.322685920905,355.4441780810204,104.53083116314023
3965.26365925842,5011.402655781581,972.2057011639687,31.20492851384494
4499.712292915699,5646.791574480783,692.918949013422,121.44200913522562
5575.242539527725,8053.726695706925,758.3359394681431,215.7367577479462
5646.328711687674,1432.717392911399,773.478901334307,274.47308128990426
9537.295372034037,7992.304310511708,831.2408777828357,240.8718028189667
8126.7937340926865,4925.934261767003,176.2970983157056,194.88170139374014
2136.6363090181717,3347.7914345974054,1487.3718406904222,198.78986293235013
7283.876179417531,9451.041896889474,267.39512387452896,62.98271007071877
5996.309276830041,3880.0093457808753,338.40899298333306,243.54221589921954
3924.351065875183,3187.278841796455,1161.1222238613434,92.2264012885558
3187.6976438177358,5972.178994152115,287.454525690604,123.32729280291223
1247.9590247025317,1826.0763864339103,628.9639547264547,129.90893074673124
5846.838050452458,4022.891299063851,305.3547094090158,37.333195377790716
8473.66442406964,4690.411698064723,1310.0814136219756,257.8263968894372
9561.485370044526,3084.697047187265,919.5330786511856,14.93319947904465
4193.612035980323,3017.1396351232033,1288.671676308703,222.21155439335547
9615.253157247771,6788.959274472846,396.2496766285672,192.99584458095177
1601.0437501353413,3753.841232113517,1227.6872141081408,146.57883508221903
8233.235922538131,5635.49382291612,148.35208005225374,158.2303472690003
3337.9506303871785,1201.200371842616,621.7401724302621,171.15624128244798
6768.9807213082795,8454.845282287028,24.677070718386013,314.3041565468083
4076.9859415899464,9441.957911423886,366.1051487937452,275.4687137153718
5873.888516105971,4999.462514433326,659.1784433245901,13.754586476041622
1789.1713352464212,8698.776656272716,640.4657776189737,61.23757272537608
6594.835373894745,2598.206835862865,396.2900980071537,107.22142416265626
1968.1473847384564,2517.1864154180316,1270.719820696454,139.69106254049325
2229.9396143005015,8118.630645393361,478.54447382293426,130.558798073647
9130.554322247714,8307.69010783282,1247.678509053695,59.70165123967261
4930.471549357114,6845.951340033223,443.34890946352533,216.30543411484763
9657.264352166407,7000.210508606927,911.7794396233988,200.57592156748808
7134.041663171294,2114.368966112283,896.899358662213,16.12364907303925
5065.656963178541,1910.7805807834243,536.5099603396507,162.2199304870882
8520.99301102628,5295.824016707613,313.16453562665873,91.22157238314875
6882.173613363461,7824.916516052744,656.5314333963838,47.05518672947398
7417.482329911197,4332.80119963341,976.4127852116555,352.55022303920117
7561.171113240532,4108.681234960549,1364.765750327651,212.05887846635642
4169.533612999041,8209.30351993414,1087.4151922237377,149.95188049926855
7981.302156156495,1586.3203440335867,786.6708627064145,212.01770852270317
5718.5616941784565,8993.18389345666,658.0989131564719,278.84468651171215
2955.3246607701294,7137.9277959643,71.78500854851725,243.66692492090863
6057.459853641989,2270.629721286966,1021.0867341554568,113.84984518564536
7359.722333374247,8428.005184444537,252.18040834163895,97.32512360407024
7256.751923865911,9750.658436295904,1201.8841664917193,230.81585848783442
8398.691567819851,1332.8710929275148,469.2383516895804,192.5547581059407
5893.683214835867,9848.069920937669,696.142969073269,31.541373395057416
6608.1326219853145,2615.9875912250436,120.85452303902763,357.85673968615475
3688.1329430320475,9114.740868736377,1366.9563326068721,279.11017932837444
8785.247333541554,5335.3759044520375,1297.0714626300169,356.02281770418784
4697.40905311811,5263.125553747182,127.0389692654659,5.577911483479255
1560.0499265752571,6597.6010782937055,451.3942793189636,169.14065619945833
8928.36562325943,4642.453910263901,49.65155921356371,327.6904901007656
4297.734568828135,4435.135632521677,1329.283742890785,134.03605868955188
7564.413111344304,6608.770229685932,1369.1361041794646,145.44045213232428
3731.57346748353,4252.219868617936,1426.7447414116077,160.78383076503712
6177.154796866994,9234.385378937039,913.7910160696667,322.8741634486895
8899.826379734659,5350.583360759788,737.3909963985561,75.25636152372843
7256.976793105672,7167.958586465253,236.0998307430564,323.7604841426029
3773.588016450048,3601.5965840676463,703.8059207066445,7.810790590627694
6197.666599165163,5920.940497331705,1410.4238674750566,103.96277306705629
9781.247892144147,9329.31607445461,327.40508001323445,9.266086348250525
1735.8098151516624,6762.271973574157,955.4298089470059,261.4003603182258
3640.002896948077,8941.333314713975,269.5079929342579,160.59780404656144
3306.2107520554723,1358.8915736026338,935.9502282928295,256.5187495042321
1867.8929655353984,5054.379589890361,43.83481533489699,127.76732472893374
7362.278560078999,6014.035430565406,640.0166940022739,66.52503920534822
9330.258208479156,4272.184177022634,456.3789459559103,166.70027489295362
5682.511936538618,5042.359451468969,422.9563223619212,261.8420643786381
3925.4681769870463,8043.69021191113,753.1213391477331,297.8300827261567
3522.755118376428,7610.974993726692,280.10814446134964,16.653016865321202
5510.018987667699,1746.06474578196,60.15396694788511,228.4635269362254
9147.911108170108,2559.0201581607307,1405.7208244968224,323.61532032032466
2342.6679679810227,2190.2482606169283,1031.6242351732558,211.72956610851188
3170.8491490611596,9793.079302315562,808.3279116238303,136.88667393527865
4339.972657576432,1497.3439910931231,1248.156813800526,334.30928773778345
6853.606674344782,9206.896220564655,887.8622429217639,11.35660781673911
6982.390329425506,1209.7401477071128,1315.4240477332967,74.2437679899771
4294.994167121373,8454.808748435378,670.0255965486544,153.18584590147756
7144.799560666431,3166.433670837417,976.9660995815517,202.03210094321614
3991.265578801779,4405.502400044249,175.15735647568792,24.99388341821382
6137.71998821045,9126.757089346978,1110.5604138298775,226.71236054249064
3688.138321591982,6420.527454821509,1253.418116679807,237.12095141581844
2564.7455263805823,6553.74608445134,143.44477614947465,93.02981360388615
5017.269353884518,1333.6076348552074,439.6136441715894,299.2559185603743
3363.157291777379,8127.611947629202,771.9447029993083,258.37608176943223
6012.011005837134,1722.1797057118356,500.49362374146676,319.4270901950068
8414.99252334627,7106.096769593702,1321.949916491895,133.62335492276617
8266.963405557504,3902.555105789624,110.20632743768783,260.2426962067761
7597.9664763462,8158.736263116544,1357.1052151458466,5.624152511298633
6030.051558570426,6450.18925061415,219.5042140861159,357.4056199799011
4938.925627633918,6768.454392239052,76.1668280607761,289.9747900078096
2272.1982023087985,8528.25117459772,1305.1246320113653,64.5473417059857
3519.1406676957167,6607.788506014723,405.717261928096,109.99905060099854
8031.585082446322,4046.2466854996296,1094.738792797032,7.485631158201341
9448.715804641904,6809.617873857299,1141.9164594465851,245.2929824089386
4005.643021047359,6383.576319992991,414.41020245671064,58.23994640495672
5002.713933490848,2015.3184595963994,121.89703966157441,221.37931930948406
4016.7748566534874,2507.393159351932,366.12054606968167,216.03284554944656
9655.485556206571,7405.524853114807,55.00095178806603,119.77225910831284
5511.879067534042,1413.542419699294,732.861373786461,27.423067702837532
9248.29366076249,6199.827019113713,746.467250770704,266.6230729933793
7826.975086055991,5752.817945740106,1149.3738399495373,329.76652192502075
8686.881247459918,7358.9655372391,765.1786398791252,231.08870341151427
4199.115894887313,2993.9819798364842,553.5745260111177,144.3868996690304
3485.664775516131,4245.1908137101655,1183.0929751507601,356.20406846539566
8184.83340898139,4753.902580326627,1185.9833578209877,38.380669975955115
6471.126122418448,6376.001531754596,952.2556356702376,195.41073702422324
9461.271481995373,4477.976112802509,704.507288360991,327.35467027772216
4450.384723545432,3448.216021242626,1269.8597112307916,70.86474631317749
6012.7760923448095,3468.862553921845,283.7116194428561,71.96293271398274
8733.485790252515,2941.438296901797,931.836129694299,318.97780852955935
5114.421720631717,2522.0124501804444,750.9904516899985,348.0522580176573
8406.469604286072,2429.1017384946554,1137.048139608658,299.58286058029023
9299.20331456507,9093.347301897415,279.19450435210365,48.42115022773583
2491.571447916881,6189.815257122576,732.2928350072369,195.68843155838917
8984.51573673591,2154.1160894774894,1144.8144457494834,55.545153737722615
5225.835044403468,3716.0124079472994,1446.5994058419335,193.50223255952645
4207.54827437795,6676.445058004253,358.2403415342376,156.0796432602136
7777.669204780092,4976.015632171084,176.91697831315216,171.56772369888162
9682.424760778793,1430.9559281273555,953.6576358316561,176.8078128674091
7820.060231799036,3164.2151164932575,1167.115989099389,177.41921741644322
7937.986276011137,5399.555817850489,976.4840672378832,145.80274264954858
5827.937151042539,9413.892729329378,186.84742871968731,218.36547903284813
6997.556722819551,9878.569170994258,278.0958389660452,87.14551373591412
9721.710073929033,3818.162958177337,508.2200704241181,54.7099053933891
7718.1556749081365,4360.568878722632,115.83877091896848,102.41744796937961
5248.565571619979,5913.575224640215,295.6705272934234,261.4847800529194
8365.73889631842,1341.9580890427942,681.6627694985615,269.6578927571141
9226.810425301817,9343.485160954395,256.0405247512921,64.44079245498209
7675.825123556756,8289.045852354153,829.0177936572227,190.13104056924388
1219.7116252761405,3862.4612112275263,1304.6943126687531,82.73483467523735
4215.7570688401465,6145.907711690663,560.5330169262543,181.19409581076414
2007.4328391547224,3443.008446959791,1187.8555132696,292.38183437496815
7736.504368691877,4856.356400452669,359.6658253548195,320.22523682477913
4720.788583331576,2040.4368964561745,17.667597522941094,332.92074746382144
7790.800958207211,6611.054804129085,1125.5056947869257,67.79060368881183
1829.5399476020166,8492.418046513503,1311.268076179281,33.01236283031942
3781.4165917530995,7530.4591458316345,1207.7157382615744,34.53740322225648
9173.923981073458,6224.141273388412,399.02631069884677,307.5168900217113
3097.6763853510947,6967.261011834361,1135.8857225176093,256.0741292361569
4969.489773648269,3119.0559572938905,902.2549248060826,179.23265880274283
3853.2090215403628,7059.4668237249125,177.05343651100586,145.85322475331498
7248.730952802081,3152.315823136855,646.7747072131003,86.11794429641148
9969.13985602246,7137.9528201019075,48.85466254130289,175.2624991907002
3310.3209749726943,4650.535072180126,1411.3460866409116,211.90977352182534
3207.200291124072,2376.4969738996124,293.9452991639142,300.50327302816555
8530.368615132506,4514.235094542073,568.3377190344632,157.70473552084016
2413.917581145989,7820.120752501988,1247.6476556342304,137.5872782983835
8707.610828867917,7870.821815843203,542.6739622329325,241.80693685553052
1133.0736721199546,7024.75208704121,1205.312114181302,88.03076303805258
7058.922690458448,1404.4533831020287,524.2262848151544,279.17648025349627
3261.0800345671314,4581.153151114082,4.4131696802072415,316.3598475629669
1111.4402361646376,2923.180056016077,858.076194104067,93.80495432637593
7032.6706830989015,7771.130925276357,385.1429055681221,356.84444594059613
9381.78338516709,2230.145108591081,1104.70144942272,114.29950222900845
7951.385637696191,9723.069689755093,1367.1144139642727,90.04606762076247
2962.745881776895,1220.9172881126394,51.855893954505085,236.1471501801867
8986.924112940764,2955.245686200806,331.51433537266877,205.88402699764333
5439.191011205318,1663.436412894022,646.0991450873687,212.9799205580379
3428.267605730577,2081.2081117122557,897.7777237789692,128.06100395170648
4895.698903267154,2863.601975509261,617.3609486366464,243.3062982907386
3023.5638296816783,6534.5125565396165,627.8315251905057,6.2177341247101
3091.0720189239787,6986.889947273573,271.11418087278446,115.27400310624137
3860.992652937729,4409.621860020648,1326.3007287634377,10.983171701230274
5162.429315542836,3712.209909220862,1444.5721166670423,318.5504462136286
3984.880682573583,9762.998279488429,867.8338299328298,180.11483907566534
5996.241304168117,5215.260643056897,259.9115459638179,99.05754526632161
5557.1957721504805,9035.654882954346,610.4411998479713,112.77638495856607
1332.628012392434,6252.180723257594,385.079487370227,110.20230614595296
9216.28866958612,5365.605979113331,116.76708367539145,208.06558688277445
3081.632730709821,4335.359062631131,1476.488039860524,52.03976658558498
9589.718579279292,1544.6511806080111,106.0946839523446,343.5676971102159
9701.238437611233,4810.301185322975,1296.8977616856612,322.45905888718374
5110.749473759552,6695.435634294331,305.0090586290693,173.9282282914381
2485.5800780520003,5453.598296698482,612.8722376481437,138.02466042725501
4711.481186866077,2441.895195858585,749.4522938987461,239.30016936511015
4194.075081280159,7346.358426321719,1478.9114622086172,82.53116814603294
4900.972296392834,9321.237277893351,836.6239162282191,83.70219270502628
4362.438061991064,8672.31639116977,527.4832512029835,56.94226629636448
8560.725076546467,1569.7818220834818,355.53442746471603,359.86446656846374
2163.6251470504776,9844.886806720764,121.19623329496655,306.5449505382295
4775.505226155015,6639.061756402171,188.66844718758523,192.8623766071812
3981.9431232493216,8720.07228688978,993.5721979085287,68.87527238546977
7796.899412306623,8763.515587641257,1177.8358478430703,254.2325679567817
2341.164916435059,8004.654984214809,740.4859502525403,108.17951612680841
2481.685768569928,7584.777717483943,696.2123832452285,336.5211579448232
6808.625798484012,3445.072725726422,1099.673636071396,341.833639130453
9009.553814324761,9881.514751564362,167.70858659100938,310.88989926734496
7208.231963244368,3097.80660273475,1250.3105203873267,73.55116622981343
5984.822253984697,7713.041831556789,86.75207131818777,323.0195627372558
2089.5779006270814,1428.529847298798,880.4082961626935,20.863530723226425
3574.197009696288,8384.045965774338,231.2774182850885,292.458842032682
2936.0046223854233,1903.2665276062517,1139.6085581392877,339.5683439646756
4059.2323295990727,8318.825090399292,1321.1961961947084,175.66309108056828
7426.913806489949,3074.157581315251,1246.236239542255,203.43913797646198
5572.626917012443,9930.27020202844,941.6668437084325,6.555013995466127
2918.592485076164,3931.7503083277916,1400.7053081915021,358.5539237907994
5903.062705290386,3607.0216004075814,341.7505163100278,220.50647468665744
1840.118366505597,4458.439297928451,586.4057345168856,339.2745813513364
4934.250161290472,1245.0077253614884,720.251548337335,133.62057173719816
1485.7167531682442,2731.310966954121,738.7699738003738,94.78989372573042
9150.26563305487,5949.948083219662,1336.839103308979,3.128778704788678
2848.106340123698,8959.0561580355,822.1738519377856,178.75643266724884
5018.472558234207,8834.126568226598,1286.8038643686702,55.74451397149956
7117.082329726995,1420.7630887086132,889.6346639658259,148.41123221908325
2784.9666204272653,9934.996970143817,1252.6459755423991,92.44480115840061
9053.565398498502,8511.849896424737,570.0806000687531,83.38408225626213
3111.4539171108663,7339.4735873236095,1304.047321826468,259.5025733851169
3582.258893199376,2764.5570542803707,317.5380713113894,196.4886520247141
3868.920122660933,8369.140538769048,500.2599155041532,40.470482860751524
3335.3955865089383,5342.133151848337,11.156113610763317,251.31803407848787
9693.23922708788,2558.3945674433635,234.38842031072852,105.01940958848877
1370.0330910332264,3996.697827385867,618.4596910383026,109.971270341971
9162.767462380769,8438.795920030707,1351.3218920425809,52.71131587943829
4556.364856159458,4289.9488452278165,542.916415724825,149.82957149239863
2642.022503019567,3419.758562016107,1482.9663982834688,267.69348395326784
7983.523112463823,8523.105136506536,906.2276844955222,6.99919221883907
5900.807664854072,5265.384402250104,413.33016777601443,294.5734289414141
2802.1795517301384,1398.7887838691604,695.4597727422037,321.7501180256714
3036.1676940566167,7967.589882695927,1298.6340414652277,7.4224840107847525
2459.058664756719,2976.297713063601,332.7795707920019,73.07884341121098
5659.679057875244,6568.413430563104,766.4897879839114,114.72199006247793
8549.405111960172,8381.452057274326,1413.6334590384524,335.3823321946324
5613.409439450189,5917.837329714096,324.86250510281417,278.6917439834268
3276.1482694736824,4200.427103764396,635.2108865701837,280.10439706880493
2919.0620002270425,4800.675110177983,1429.2878941575489,340.2269417891557
1909.1958418991026,7857.155210654177,1377.0981653520298,263.35767857822754
9714.968387330799,4941.558496125079,1176.1142409600889,47.74821615559021
6057.832251336172,4593.28108573421,31.764104690497017,200.6865782713788
9293.343618040724,5959.698316504843,299.2997436693374,70.89115800642263
8256.982827339632,2287.547890930473,876.893595428742,331.39839865366923
4440.13589088418,2884.8217066659263,476.2333258877616,54.60637469918199
8572.657595309927,2348.008455913987,1305.6144734623058,203.5045912049747
6419.022388645159,4450.916957891649,910.6357254534247,97.61358219471542
6794.469016870589,4116.5683142366615,309.9628221436923,190.78697311446064
2196.4601928493157,4205.529618714899,1226.7949749359461,283.14032096638925
4981.66312295191,8035.583588962291,973.8431893260289,319.32265189733124
3126.7561904899308,8196.224787177905,641.0013965745342,278.5767426584313
6646.216099640894,7915.393303443416,1370.7365128918127,277.2212548449549
2376.2570534013344,4961.812562505764,341.93597082283185,83.98265574225599
3800.823335917154,3006.619859512332,605.0104571627078,206.45043774416254
3531.0353109811476,5654.994549621594,1361.0208395412142,64.67649770892662
7960.498876656824,1364.7797796288924,103.92843705075525,69.52950468657656
3446.6222962870943,7796.526799970662,1277.3774861932689,17.7973185912606
9871.142570992262,9203.172731113464,796.9741605505448,191.10546128775218
3780.292051668724,3693.4970992502504,1413.5831824620104,32.633680149264535
4382.7176794316165,6938.913968809373,1377.8309824256157,64.48957360682658
6017.400198900263,2605.2177677809777,1400.249311133112,338.0901517488045
1941.9148110500332,5274.543020347103,710.6718484496315,190.65545570382005
7635.474576869622,1680.0378909471735,610.3529187708491,161.33886742797233
9421.968589886208,7429.122239429922,785.5960320492385,248.34479588587848
8558.626903674596,1853.2181597989943,152.9262586940151,170.97044321310537
6848.861027444468,2207.458213132401,39.87784112699228,149.31400143395388
5529.884302691585,1122.153439857373,429.55878171843625,255.4765954757047
1222.2691409643326,8188.65162563731,645.2994409898172,346.45918891672534
2005.8033787215272,9042.254835096446,1018.9865126108771,57.832865876664286
1370.5111810096193,1925.390323483967,370.12341418508527,151.96813893124997
4008.1979004052614,5327.20813689034,530.2437978818798,350.6003860601448
4378.227528798978,3557.4829705844204,1392.090373573,20.454520150098787
7293.2440781421865,6499.386076218414,287.09975594343075,336.2204467387897
2159.314888986506,4294.879148041724,1499.2717206939196,39.84692681647302
5510.900964321759,2231.0152395433897,1446.3121744175069,136.5381393415076
9106.768604421752,6107.03588469421,1158.4938367842067,234.2937173118941
4463.462031187663,2025.3435467163504,13.011164772162644,223.0350021505391
3021.981908089976,8844.519312276876,482.35031294395804,225.87544110484035
8012.920494907957,8607.26355560629,385.11152762871484,289.4825496335992
9230.930857382067,7085.00723688651,767.8868043345085,210.12128699801568
7639.087670366675,8664.970739603745,298.1100065043063,342.31850251733835
5839.682043770831,5193.666568437074,942.505960536155,36.48759657606082
2419.399331901093,3382.582799197914,1185.5823588255264,133.17618206443436
2219.7948346556827,1819.9957113743899,973.2617901229221,227.45249190099725
5267.985050197309,7720.678090113737,141.86371290598566,240.55118778146118
6513.52127560334,4845.370020982528,51.959466310734165,261.8769591696465
5246.258396053535,9288.915644627712,727.5351817255128,274.2072850004291
1210.2490394039232,1371.675500738383,356.37907706030876,221.67145764279468
8498.500500454724,2273.426798414059,575.5841017243947,329.3914387855626
9090.914455838407,5096.371911157414,173.80814130008326,252.49153039113037
9540.878919767274,1921.8679246118095,647.5200687533551,177.72146606741745
3514.1083076976106,8212.474812946752,526.7665375608373,226.10879703161203
2294.7684209742356,6183.697833429596,873.9628342985934,193.3034679345431
9078.324522337207,6333.975941377749,131.4762229024917,195.63948998827854
6026.528063691041,1894.4972872936228,570.1730829234622,135.6295931029504
8430.467886081424,1909.3319859206904,1001.3329582335149,7.6624369116098805
6217.721129921282,9321.963074794623,1338.7585916139376,153.17461253811678
9173.610620248517,5523.7799470701575,156.8772430707082,323.88545605453305
6712.208146070294,3312.8183183035603,357.3879940256065,294.0989391908179
2793.4176792775224,3247.24997879886,466.2481387248095,205.54335612763782
3544.412248743067,9683.107627881842,196.67415967628125,236.23284354105587
3546.8204862018642,8761.654771559064,827.617990030286,171.50399023259155
5037.443032521614,4460.390193691901,1075.1958079769745,91.70864794263825
3092.3473566034495,2845.0522442357014,96.67846716102498,11.021793252383208
9033.278239067313,9939.877719774799,370.807672336115,201.66989065177228
4249.9802948770775,3584.0990064401594,674.9983685983558,193.87343578786175
9935.703279131823,3857.6479973126,397.76338413514435,330.62503532644587
5634.943949721094,6519.419269757582,1463.2991491322975,30.35395829643245
7831.636372608145,6164.649111358162,161.19544505554296,193.39057669500622
4841.791498058668,5850.771304723354,780.6252306602548,205.9301175870403
6904.099333656567,6744.800887703947,1303.2803517567218,300.8019515798031
4794.192940571833,4562.23310182674,1190.5970213444382,129.3059183040243
5102.329688063028,8316.545147827823,282.76403719054724,157.26663987616365
8951.243003209966,1262.3755311168638,959.7860898827136,358.40916871974787
7763.371591041313,5256.443199972033,277.4516752040306,297.1180986735853
7698.810899907077,1715.710357225851,104.4505828484376,264.67231957358683
1178.654565888969,5659.752953355833,1154.3588863686002,227.7845543028033
5295.201420736435,5063.949470961827,699.8775576551046,91.36462016713342
4726.079639154718,8088.755031991585,708.7948138709172,148.33898193136022
7616.60553904231,1319.1280937886102,981.9265443869751,59.847517613875624
1598.5093764848955,4373.1654916749285,407.1903646146866,55.20871736025651
9981.404953487274,5188.415192955166,1104.0426168515373,56.40090640137826
5374.954526237063,7796.362497226452,948.2940058512132,172.43192782424444
1521.041071856896,7880.156486356684,1478.3784835342499,208.73020140029686
6923.570347365632,2301.3545237798135,616.550002802664,123.29006328678956
6351.181231497989,3074.533979024449,853.9703668517094,147.85766812803894
2551.333133791881,1844.3941195055204,674.9179956118005,355.5796907481338
1392.9749504572362,4301.870757285383,996.4410480353985,348.22651163033726
5419.6353886624265,9148.12410137813,529.6619416414278,345.7276439035104
7456.042834777444,3014.499898202609,690.3527438459486,203.78033145193663
1535.9396272777017,7862.721089432592,650.5937796205269,105.60071721068358
4712.3460154889435,7076.182227455499,170.5235145680489,119.06673738288497
8642.697180820976,7981.122309057363,904.4210114133873,334.58124914429976
8470.620461279677,1756.8224997876396,1445.651364906271,84.7215651457778
1340.3228237444832,4436.127934534785,904.2756876639173,140.59067967048207
3398.727583395295,1421.5013328694695,466.5477683363447,202.02210557720267
4327.054025686215,4634.69297353736,294.39278209169396,229.64437301462215
4752.8313949949115,6812.45678785588,1452.054615986434,117.12702309485076
3925.7349959600215,6362.955158315527,375.2991778788324,31.025316118354883
6866.22108531845,2380.810717336101,1113.003823503215,270.5623244709705
5122.740163404463,6335.4064972554315,667.408511913506,289.29217963404204
1833.3561572041506,8255.084414128985,478.90258210567885,86.57093136042751
2450.1967197854005,5318.429340321603,472.1674391443062,157.35427317842283
9524.595892154057,5225.812300176501,794.4703178095389,209.2736152660732
5856.166545946325,9627.901365913487,87.82691778520709,70.72711503980622
1588.0152063549426,9909.950504285844,1091.6040108654877,95.68458317373856
6607.872685425516,6766.451744152522,352.85870965501687,86.77814640879299
5145.77078046073,8057.010894744055,1168.4679055205202,315.69577641350907
6186.892519050867,2454.023734611064,1270.084586373568,256.4842169119901
9695.119952716066,4886.0022113724335,273.6715709369002,57.67912056999619
4343.148131679822,6256.303116730102,1398.5473096077349,290.1724745221273
8532.543289401572,1948.923724581994,445.7558761756545,155.0976436713897
5854.939788133265,9365.516349736195,1358.4093733788711,203.40260773481037
6915.513018952636,8201.182619919535,1190.2259234053327,160.19670706236545
1348.805143221929,5453.70270439418,1089.531513443288,220.28542811849297
5974.1898095153865,6831.312153463192,320.4317344241455,179.13156663764596
1451.488841857588,5647.626999607187,1494.016633741807,11.666424318665332
1965.904561490791,4031.3483917619315,812.1354953366429,290.24580816274965
8079.402202867771,3443.183070669675,668.902375958456,105.42668184601114
6711.1026484122485,3733.7168762536053,528.6928796958604,230.07503508532636
9842.19588350824,3615.974319824823,9.91433117018295,340.4850797078124
4298.422311005449,3488.738476437038,100.91377387381594,215.3607235936258
9008.417007130418,7482.104251253937,1058.8673331861446,130.2593861613984
8112.71464783008,7298.73006049895,1322.1727165906077,308.09102016710403
3181.8313203451285,3382.0122097270146,1043.2575460389971,277.39595955991103
5839.415549446084,6974.126001593203,674.1948690982696,30.298636307661393
3267.7307949811316,2926.059257338317,819.9797099926604,337.8082249244467
9467.734231691857,4727.12806351008,460.71653315017875,51.144042373082065
6305.630805515062,4629.900297378287,842.9759113868464,212.2936935062373
4239.315883183733,6807.115557878601,626.1025468966454,65.4986411859623
3422.1041575324166,9275.042591181938,1028.473656243967,85.33010272807796
9010.102565356417,7146.6858509068425,1051.9764496912449,25.247954894702367
9064.17632702864,9050.895394949288,1256.7256422859268,52.967936171116
2757.417122744425,2503.7832079006166,1469.8735954362212,184.15121649516342
5307.151258572652,7102.24670017111,80.08329344895797,34.49061706345578
9974.936251704257,5624.605603235058,688.4321080541669,135.37280599733478
2374.9872451938127,1174.830669546495,444.1133672093788,322.0669826721666
7191.788281505585,5370.469467052168,966.6907063441549,101.73669978941682
9963.038546958234,8057.809951012041,496.04022527036574,50.311594856474
5597.41193795134,9642.118661111092,941.8791503755425,170.2294759334865
5007.421928563004,6076.707346456762,132.8242770410708,346.6772221117218
5616.201646643864,2598.6840758228486,1164.728389938006,266.8832562897168
2271.1231000930566,5560.130025831065,1041.9907988024781,235.72606694602874
9689.715463258523,1831.418805155286,1107.8337176912876,274.38236431745946
6356.233974832489,6591.082313226356,1210.2651007120458,201.8830969240831
1909.372518668852,4333.725586169131,696.147216328495,12.53500584978333
4779.341507448122,7524.755377864752,1327.693605917458,6.444611131909686
5913.836501835529,4181.454614299153,1099.6275714804503,272.33685805469906
3356.711811257736,1772.8105949555018,17.884853363213757,146.82072178041187
7294.97083949711,9593.25497768325,1237.0063629556437,319.901077352363
3523.3919047725954,8890.588964612725,662.5298788480526,126.6311371398592
8344.849975088531,9210.507767936524,573.610248641855,336.80634645003596
6432.398084627371,5249.689844748008,269.93873530284793,158.16940517930288
3690.772814692139,4534.857749289471,453.2519107154746,210.16697054522038
6734.50173662812,4040.738801060629,779.2595190657966,174.08089312756078
6849.997498127913,8111.288800257137,211.38248098251512,59.9465793039465
3415.591726031571,3087.119222844232,813.961028907601,183.43782605778145
3431.684386276802,6442.709947619929,858.4913570358992,259.43714222535726
9097.821948053795,3783.2350062690416,662.0623705674806,322.21867186035183
3651.6319784977886,8407.242459561985,1177.1386678608335,338.6907960844026
3292.36851499053,7934.227884607994,799.7877053107862,121.23429627704874
4645.749076721222,5358.996378022211,1405.6903685110346,27.901773188526825
6725.005153633624,6675.512295928384,340.058188113939,265.8527750706153
7433.166099650568,9326.024709146917,1301.1963506963205,303.79161424952997
4989.933852756818,5479.83990718711,699.8816797315468,160.98015865945524
6575.751207300112,7424.290605968836,905.2424377276836,119.45575570416122
7813.5577269413025,3647.304259619998,1371.0287137068897,122.39711538810238
3656.700762893076,3993.916662601607,1133.8258438829462,256.00379331688
6528.2876961450875,6627.074823603055,74.59575616259107,193.28487979095124
7692.325319576788,2629.5841219296217,235.72137965518638,29.773063658074
8748.560461018831,7606.226830542292,208.24186876079727,287.6898538620698
8481.032970249948,5212.189968073814,833.8463679005538,132.7734178364805
7078.642879946329,8762.102016541776,729.3323076997077,163.97890849635644
5194.776224007825,4957.248391367422,601.941291370137,88.31142220820993
4756.432836741988,4527.196435169239,780.5251910949831,83.69121953223652
2913.2965886868083,7572.269925950445,749.5069139634526,32.504286120115566
7933.714724034885,8821.162915218669,1238.0022483409398,80.95433548222734
5009.742771251744,5723.14932988643,668.1065555645492,35.534967117238885
4973.420261761215,8901.512379742024,91.87317952785575,239.66571013610167
4771.995258796263,8001.473910127978,121.81067960393078,145.75027448953895
3559.8337523792625,7944.262358572112,1225.7793466275286,346.99199144416406
2601.291194139537,8296.40801116062,1388.9287622177123,160.61322991581144
7995.757219865763,6278.243339947529,1365.3611275921273,130.09124304405987
8760.467012795281,2285.3801017857936,1418.5793823337976,95.51551900575762
9600.191316895161,9019.658736633015,545.1774675155569,143.26665135121803
2357.697395273866,2505.98794786539,88.38405062302813,99.1548529045888
8605.59335361292,4973.522108612357,528.4365247771773,279.66957226009237
9544.81631312381,2768.1060782105424,406.25647925163787,125.56000374263556
8194.327181073848,6086.273736302837,761.1372062683479,325.8103281207395
6746.209850521932,9697.024877251886,434.8273757973793,204.5996995643824
4446.281368525881,9423.527099216742,391.0145712008349,251.05249054349582
6579.485890617612,1597.7916293026003,699.026725547406,257.3499473447875
2127.416324830757,1843.7857026233278,1182.1449537203857,150.11619750823348
3145.7727320432605,9720.678929371992,1353.430628940772,44.4481627480384
8277.543441042333,2269.5280502320074,254.76036218937966,332.635965770488
7108.532410253586,3220.244890361835,1484.1417743125894,349.90411221863104
3607.5716594665187,8746.380256705115,1288.712296154259,15.039902461002242
9485.406091622359,3274.875274892265,779.4634226731347,214.69293755104653
2424.8877288313506,4322.107115771767,53.70792953738273,65.12021574719321
4702.055187937447,9025.301382573452,280.7838535334342,150.83999895199588
7250.617142389059,4721.736992570175,1191.6565048377315,17.352049102349337
6077.321391153627,2529.991617172606,580.8367390318712,189.75109386125578
1233.8040290281845,4216.552556462906,440.56035277943386,236.84753975241546
2488.4658235888664,8056.608165510662,856.9487426520384,30.086349298517355
4146.55797257276,2703.405405543316,294.0014471880017,163.0935355174064
9233.184195524685,6005.262763208693,1065.8696651528192,211.64602696583574
7813.203589494705,1937.080657234344,200.45898579650307,214.87803403539195
6888.971219607645,1330.6429241363246,405.21264575923936,173.52424805777807
3194.076017423659,2790.24308110567,1359.4467122862404,61.00383149826572
3658.061750944972,4192.775007996092,457.2040207054084,324.1182020928706
2017.38247099326,5429.464813210005,552.5485072976911,159.0021566148102
6754.952401479073,1373.3923748054103,1218.627817583902,182.18677413832364
2659.9040877114294,9621.87625538024,860.0801455379016,208.62426145180882
7733.623189573906,5847.82133006909,680.1718203565331,144.22522694697918
5027.237339611134,1560.2997861289919,489.34498441762634,96.03190163547812
7025.665709207436,7215.556439047805,1149.995869526245,205.4640900077531
5710.9859870447435,2297.966167787261,267.0021617441671,199.3772452574465
6665.90419348869,9888.843284346214,864.4752560696148,45.96837878214281
7385.271027903037,3061.8412496171823,1278.2282617067478,267.5532967492477
9724.188674940695,6007.0419711350705,1226.3917851445915,2.034735294208132
2242.9769726843783,8047.4567772689015,263.8439181721992,40.12234735270337
1508.605590823265,4927.188826733427,131.06227451449215,44.76231179902198
6240.435815019708,6321.247873692732,541.0135764214808,208.98657249393273
1139.711503870844,7683.597024616856,160.34698061880832,76.41653690310315
2566.037552824764,9807.563952529976,655.219942714258,293.3400360107827
4411.096162690836,1212.2298221832589,277.471697352372,22.62985525026788
9856.17577606676,3077.0113724662847,37.886074271592726,144.46749463351475
9229.350951209277,6862.411185476851,585.3238520137803,204.78773581310065
9143.84664717061,2812.79191426904,490.8219255632776,297.409021451107
8916.536720833014,4424.192401986185,660.5117765009629,89.43842325018201
4066.681163177175,3488.5721445342842,1197.4763926054275,92.0233343878134
7051.344850117025,9430.045985581215,190.71474977988268,138.137368248734
3044.683770352789,1152.8516669504656,446.399466850511,88.4823396467259
6417.965063077329,7239.78928723283,863.9597973476112,334.9286701353738
1131.925321279443,1183.989442506954,341.6260134242566,148.22388576463223
8884.106897250591,3440.1402106890564,903.4767331605088,244.245947300749
8027.326123393692,5382.58217552698,379.92457025311626,129.199918890848
2709.5304563956743,4045.8298591279445,587.7280033520581,329.1647665717735
1983.6771427812055,6382.973109370821,284.62364175192937,222.59384940226602
3739.8010173300436,2571.997311230187,500.8674221305398,236.11577399935456
9997.163351708761,7413.6912076435265,298.8017307397447,343.87374095654263
1539.84608964649,5700.400479714453,168.27891348997224,98.79237526901441
5482.157310304466,2801.0396418817063,1384.5198968450495,301.7171065163781
9378.599313153512,5590.5364525473005,838.4980923915218,10.81895324805949
9272.828706689212,4364.54300420992,31.20279843159598,243.96318484224366
6695.250006874038,1803.0603619719109,857.0758150519172,271.62798520642366
6656.930184182027,6886.663442619902,476.66504145515,1.4561033045975846
3922.6591946736653,5027.792323340149,1262.6348311906227,56.82434324034931
2771.83217704014,4895.791569977837,47.88839825587149,323.27392227274277
3040.5683760301476,8709.650758650012,1128.6904566956496,105.01528892980338
1188.4973277176043,9624.383634742228,1308.2319564354586,238.47327230850604
3150.839312986398,3238.5851435896584,1308.4988345342883,67.15630474136866
6309.637488129263,1860.6229777659987,429.9398490323835,264.88288633991726
6877.661918826142,8882.59345526763,1368.6114331499828,346.48558411920305
9043.55355460264,3180.3902433519606,141.3242969934032,318.2595310484698
2844.2293239759847,5873.354593107414,819.0634276206555,175.54107461661616
4373.043956884999,2608.4979873345183,948.950816876621,78.95128147208057
9680.492569240334,3167.9007107734037,1449.8404444964394,296.21866280326066
9760.634402843454,8352.37420646481,301.45727551740947,322.99724886958643
5252.093534254329,5811.193189415198,657.1866532908724,197.62088118623365
4920.707246707201,3173.9383832271765,379.77429530432465,250.25535226355845
5772.793471546314,1438.1932593244976,929.5965609517104,301.4550580278623
2092.608213167004,2056.2762048621626,494.94562370574494,347.62592720859345
9486.030032203538,1352.1843278411934,597.9145816666523,329.1961456338964
7922.120309556114,2163.6210325912516,673.6861424267261,53.009909392111496
5096.327027951341,4668.325602613939,667.500495655158,143.44046070042
9663.84554173463,5288.9536961869935,134.55205282468532,23.081252739654136
6893.393452359198,6774.543588130015,1016.9579014095262,35.34509955122102
8872.128740653337,3583.742925149956,904.4919545192365,142.16130034653023
1572.5630893834316,4497.517406942079,1291.071021179395,89.25952342213996
9644.705522156342,7010.113236612507,280.32199413701886,351.7139242835317
5644.334086047274,7975.784740512702,583.3582107479592,245.27469899638615
1445.3470640373998,5606.929056842481,933.2929937152225,355.3609941146006
8808.425847265493,9607.272246365985,1429.5314373752499,63.24768855802243
2831.410751266419,3227.889790876886,1211.779411182091,351.82764309876427
5053.50459965354,3582.063716058276,772.1102092321763,148.61193402675067
3830.6147048913344,9054.32877117262,1465.5341265186703,258.2618051724886
8842.704699480473,7674.005425443421,978.2640287769398,81.0453182283839
3422.814952182032,1372.265691889305,1276.9451706777306,81.24440573624857
1393.9401256854821,5616.502993247163,963.0571049807983,77.07561493336097
5418.237742574939,2688.600076872447,653.4611833369768,141.85058013578035
8250.024046463273,9411.25383130644,569.4583438560453,246.38250147637137
3762.4690289257715,9237.404886295653,771.045359380102,248.63282091186798
7607.612438671355,9620.693082411166,198.33999507587401,169.07685825229308
3523.0869556499083,6962.644294134133,1094.7180120366281,345.06013408470227
7874.248415872253,9280.520098201116,242.8611180822106,122.0991094653951
8715.56401063775,9559.863215925945,1067.8256588469167,127.10026295715754
4699.383904044985,5701.762596260138,1479.3609674970946,102.47097842352558
9832.95211543675,2225.6988669702982,527.2745068598033,215.93082302715348
8261.819567099992,1141.9378014656686,636.6905307764081,100.48055156645073
4667.065831485757,7766.311994621043,696.3684796553017,291.78787208073
1801.100144194038,5692.861480171736,89.41519073321915,49.82714116643804
5593.31714871446,2827.144706032545,733.1239776447286,165.06695174126298
5325.109577964708,1121.0218151372833,1294.5329841903977,115.55687337655431
1458.004800502499,2142.416998065519,211.36621099473757,66.15937189581892
6654.988787602966,5739.621202273775,862.4743023333366,261.0138814537342
2808.5977072098526,6090.717791108271,86.33036143746764,201.42007288874805
2976.5753259780686,7254.791322244308,1418.4519308026336,162.22233585690748
6406.976559048991,9615.624748868006,688.0536663922209,16.055957127895518
9476.705949945037,8080.625234778177,952.7727232107145,266.4505396477805
8602.038533005327,4339.011972136916,1408.4825394522668,279.4681712752657
4791.081938245125,3539.8086713405073,652.0636118362607,79.48785778262875
8370.94247271212,7459.1198226792685,395.8514859129165,204.97521264968208
7724.541507111263,7754.385366300248,520.6736214965995,78.08260865800732
2643.2553997193163,1596.52600708397,1423.529450986709,249.40672603559224
5938.366598910952,5059.4724754531835,526.2684990241181,254.4727822252051
8888.539253667619,6714.74152746891,549.73107328712,38.889019701306644
5535.090292731868,7509.937001228504,627.8794923524864,147.06902088662898
7726.682830142735,6586.410879739206,672.9424784495593,306.670076871967
3893.707693266425,4760.5532022165735,314.06012029472606,348.4755539197246
8252.925459605818,4180.856232884651,1055.2101913064766,150.32748315783107
5695.712580801352,4655.199272215661,915.2697093696064,310.8469510056542
9652.881927806073,1271.7066396600485,1447.1063037341448,275.50026961556017
5273.169504357382,8411.530058333938,1042.6808038656955,203.05004016157702
8624.95988499104,1456.771508959766,537.1172353730445,82.92276368917807
2818.167831532305,9500.41113841715,164.31000262851484,80.0183467810976
8245.438477807711,5629.475151760214,1353.8295341444727,229.58169351302683
3314.2728101080106,6096.236526514084,594.2455705318697,269.40137976049857
7987.407059616685,1741.3046873412188,160.21058148054684,308.13217523794054
2770.0645923761685,2583.9014143336167,102.90506456935539,206.24518464710596
4679.335328087828,5559.833198318557,605.139803334495,125.12156166898583
5976.426769787592,8115.869279080851,417.76628293819465,94.42362106454479
8349.905885630784,7992.982535214216,1374.893989473497,281.87162438102786
5723.205263269594,2174.292615970482,406.03693411647924,98.53302208531719
5379.330283068093,5759.949462696118,632.5330757335687,55.78986905218178
8613.533847595681,5518.305478205475,1120.2534972365047,278.7996380661656
5561.496792192309,8065.956491327592,659.6881467251312,21.9964031634777
4114.253411219699,2327.5172288647027,1069.0074931562187,26.228337990996742
6621.553326336249,9139.27977372755,267.441606550616,78.72094657027623
7395.919116488864,7485.236313289474,1209.2867041568973,299.7785440745582
9377.408747012129,6449.744176798255,1352.2183091225897,191.07495028210448
4682.737339731366,2116.832721288329,716.3581641765963,153.92705355133754
6395.488312946012,5292.367106950287,513.2672661551426,90.21856576482763
8848.382068982211,9413.152499392734,137.08050888037795,278.7660945168074
7147.724942060535,6483.055462263685,1449.7863724714641,313.4401243794091
2266.5842579564214,5156.994892979659,1094.3615166264278,289.0888435547977
7401.441972895401,1666.2144912765057,792.7633439792319,321.4070952521919
2627.9910591589005,7427.9829348526855,829.0394580099564,75.39527759082112
1178.9182630545906,9099.53449745831,967.144863320376,225.93987341372926
3052.309335034569,4963.261851531569,557.4759033917975,316.9002614127229
1735.1871777390597,5713.360657852259,782.0753305654265,184.21969894231216
9481.386099547271,6732.4425859567755,918.8229319058014,200.88584184683796
6771.87976459216,2426.3946543929696,1277.511400769226,4.731863400761698
2289.87833089864,9823.165125699905,140.6738307788458,141.48599807243102
2873.5127913497654,5470.180505225961,682.3652836175912,212.58497609770484
6066.650161297784,1540.6546062749808,402.6653365944949,100.54716202041593
5976.151464448283,7404.91256591634,1358.7648970422,307.2117135247528
4501.162529340384,8015.091366383213,1445.4234130195923,351.4004913244219
9004.746054091122,8423.434061389922,1174.8048568956815,250.6466809204423
8740.024927908249,9258.808566837117,382.4525891915515,84.27132170298215
8876.784643971743,5262.538371835086,16.836070527254293,172.91808951920362
9348.35177823734,4726.144681920141,268.8239541479922,191.30955525846213
5137.473419561973,2118.978358436414,26.40956202128636,335.21610551265877
8038.226055856325,8906.607233410607,1307.883308422499,145.9267357531319
5848.359481246799,5728.272912059486,499.61532439611733,72.00630470551128
8432.030122287302,1323.1162881939688,724.0359061911751,58.67328621325626
6615.700785033905,7397.48199103865,956.5028313608294,148.6339698890369
3706.4219157269013,1546.530647608592,1043.2544962721402,57.73302183400381
5919.153635313138,8225.147797547848,306.51027568913867,113.922290028865
4467.984232414127,8399.11077412759,795.7909602476741,145.87347940011747
6952.457480632721,5139.257390112167,369.02229716082314,27.317779937074068
7865.459124100828,3982.756221815183,1070.46555901009,37.334491032684454
6801.981504326355,5752.817582702542,1163.9219166593314,341.3049314239869
4390.798782551786,9291.551711706783,1047.920538192633,127.44474109578158
3157.965598729683,1795.1590816367448,471.3996184810065,285.73055899808696
3492.7962635800263,1533.4036022612167,390.93545554041543,134.10616124650528
7008.612304585398,6600.100393341791,1320.9088317016362,121.92123311063648
7084.978514898946,2238.71580858569,945.7009978447056,147.9524980366891
4934.015873020165,8897.484136960484,83.9606746319374,268.3908575958945
6630.707133609244,1199.1737644068753,6.506077658062916,319.9061232037519
7827.113810395857,2781.765500082767,728.7652403254571,298.4544409935184
6556.250622343562,3622.3299143486547,153.95852847442694,351.42582566095393
8655.858213651973,1519.0097397503646,596.2016907805031,252.883092726759
9209.520530118516,9566.955316333744,1232.6833202121834,22.026287343998273
9162.735935942037,1148.4787273765935,175.74441212400598,352.5410884420433
8190.806397583644,8491.56778007108,313.45613838216735,139.5718403576051
6672.256858338701,8722.35773534235,1225.9045991997598,129.30473188873822
5772.113683715712,8860.512380583259,1462.5160226874002,310.9747919071303
4654.0728752906425,4522.824019195467,494.12210100073327,71.42326916385318
4267.258629730066,3011.8118962921676,5.630426756832381,194.84281369319393
4740.565611075719,2394.6489752925627,783.3900715441856,284.76899482924074
7007.690728619478,9709.46956862853,838.4593236517755,271.8335831698938
7561.386711187143,4125.599060055365,553.073212644308,283.99112170473893
5021.749433576515,2429.0736834173276,1447.1474586540696,306.878514982358
7520.710443128984,2355.4919871619404,263.3217274086362,298.1021474594856
2592.0619024390835,5315.617634968464,1081.4559197861852,81.84733488618855
1258.5758893084032,6001.5146867062285,31.58233144696771,332.22486932524004
7426.6745805012615,2315.032642311271,668.247557555097,279.60485993389955
9640.306672104667,8819.107478476122,1321.3082903040442,85.95046440738551
1587.990161501599,5195.810890200119,829.598847503892,230.1331713584395
7036.313173179869,3715.195988856182,702.2928877047437,359.35251772841593
9522.153269532017,3521.3444725562053,355.004967834895,301.25317304423317
1157.5209730054921,4173.214960660553,619.6171701238756,144.1450089807492
6310.382742231271,7389.845228706793,1445.1092088036783,73.89269300172985
9766.863695349157,2276.273241628691,471.0732119015793,18.4656623339203
7444.6162627973345,2364.175786908739,56.357602320099055,40.17908195212293
5785.468074708615,2880.7422945777757,934.5149421892709,153.63990943975588
6125.88673429326,1714.7467495498222,167.35882887878606,68.5847808390667
2402.942556842894,3731.791422008872,1208.1774938074793,288.9386823157977
9316.836527914313,1803.825566429684,724.8990453456763,177.4085852024207
1655.512449136512,2373.405562246273,233.38608708411206,123.63049149309492
4758.645281528718,9740.862827693896,1088.3928675117884,125.64904042734379
1180.1453456043068,7061.533495755742,79.14387881904362,235.88616318563
3490.0021652860805,1879.2428935246112,1392.7359356546224,261.33665556247337
5217.441857171442,7302.192433308123,141.89008272941183,325.16931101039773
9599.063608976556,7056.6149865856005,549.0569665638708,332.71511828860815
1545.552147454214,8951.647737771862,7.943360741132128,291.0012901628554
8240.553113089052,7308.077823316654,588.6480521450053,343.4819748413686
7422.140465301639,5124.989918869413,1093.5479015292167,96.48048855438955
9896.04182252273,8215.142026560343,560.057843429296,163.11019600611846
5807.468439103575,8014.081665674486,90.43518863503407,273.1944480454687
7364.006087426173,7648.980200495407,1225.3163802859274,275.620714258837
4043.15431132957,2114.610236926743,342.9572025705744,298.41885424096176
7697.946832479316,9917.292837586945,1412.3362783909654,329.57865007028244
5812.151233088253,8247.055075397195,1128.8844490756994,199.82066549926222
9343.91376098365,7251.424218395209,499.4212676764598,340.78289720167936
4971.555626233993,8471.136154180876,1321.322934030798,173.38745154746462
7256.268632461428,4873.115699939237,611.6908949304458,174.46088414885358
5914.419363695526,6682.743580655201,472.6470742860817,49.92379765297621
3558.0789939595043,6839.4649270090495,979.4288644267555,349.83225852192106
9537.140327812618,7382.825233385578,1152.6251865320382,170.20593077322297
6182.283294360984,5407.0517381470645,543.8792427200366,195.02106029857615
3216.2771711533132,9822.330524430432,771.4868499263313,106.83499878333559
7573.475579998474,3124.6120012303218,168.22896279571475,1.8617239952696294
5107.434724326502,8236.783100214543,420.0616528549499,164.60734273814717
9485.003926712017,9639.513459101594,298.07242204582434,224.4550533661605
4491.6200253380675,5703.153373947329,342.29517964328664,116.5721748500693
1108.0947520661841,5062.986017970905,317.94478920550057,72.64405986178245
8795.861545555628,7313.990433781724,225.79691066020953,96.73338676123126
9979.557139330524,4761.635459654681,621.903193585929,168.17129098396745
3627.695179400481,2671.3055801989676,163.042846176324,98.69990558961065
4536.239621410441,4108.8347432874,663.205745831019,281.7582536477529
7325.481910543127,3129.0776834375256,639.0499665342393,119.49753669336512
7088.405844546076,5531.220255632222,215.72335507213825,181.0552116027655
6828.476532610486,5772.735577844805,715.3584118607919,283.10426461578373
1523.7272833375928,4870.853068233488,8.644716295643732,36.65281470643384
6266.208830504923,6454.448444651964,44.174632436714575,171.06301918520987
7041.1467581626275,2759.9858860695135,663.7677135775302,49.74451762606455
9935.057788951319,1743.049938003284,877.0047047847739,141.56352524563033
2260.296037883947,1498.0046335086422,1422.14114364434,129.8669037659646
1886.4178340152469,6684.905905342945,1239.8468451938752,28.9006325758553
9170.562680893207,1907.575154224897,724.4758370298424,153.49890923199192
9899.168132391284,5102.703329483945,213.01677329434958,174.55475970080366
3044.220987334873,3422.3756439151866,1213.4688804536936,106.67518710330933
5990.310095128343,8242.237217781578,300.0089837170147,140.19597717582766
8946.914286296385,5082.331798081197,1121.0748038452944,201.00411408187915
9575.156724747032,8218.322287520576,1497.0203559675124,276.0352800908725
7955.366560139481,6505.458490467047,489.8432373921601,92.74111061693894
3769.331187612827,9044.538432559719,113.18027534376138,266.3572903357964
9303.303929372203,7122.998537228399,553.7740018948474,241.10553039495414
5360.971790090155,5625.783305427579,631.3673807569676,50.23575228667256
1379.1928617003095,6182.827815486053,824.8991421143297,199.38080104344854
8000.2793200291835,8131.167514266346,1071.7244323591228,294.27660766356286
1935.441212705603,1621.8960522234865,323.0361715888613,135.27674640233306
5217.034213066133,7031.270287470626,773.1291281276041,99.65644310916011
9121.268634715041,8799.998471433351,1059.9813319290429,189.71084701603425
6604.7291457850015,5036.1920515449365,506.65156486807473,20.89701469407863
7348.600326622477,7178.365785841608,1014.8590193979412,190.80395726827288
6135.647208144605,5471.8684943862845,831.2332046315385,267.3489031909632
3608.181653556284,7850.584579488839,516.845021486859,313.2856319413922
6890.619258136148,4163.699599672642,1349.5438818568139,208.78428852288746
5588.23249554761,8304.010099446721,428.3161222744959,125.85413320083036
6107.234871282157,6173.311087781696,255.29872155476303,104.77732968810548
8737.77311279988,1879.9223860736802,361.93762350898373,351.57040310802955
8513.110368671949,4743.09653340188,512.2579468117995,325.23785448238215
3825.005720704498,9843.55232184171,797.331273575975,136.67513024242308
9386.495027038893,5008.710201646217,508.0955227108763,96.33175063702899
6417.19696892261,6247.022089208615,272.99927385713727,100.0006173036825
7789.7157366258525,2981.663140487395,1420.8417828201445,313.05776415545137
3732.343533614276,6485.810049416386,1246.4764295504178,281.6022542829475
9266.956420380808,8971.20431804718,1104.175338297884,288.1535960230755
4764.515037997482,7276.889697489269,435.5608492667826,36.44076718367953
3644.7111911074176,1397.3831900592772,893.7755722210874,309.1238005892955
7863.824084622696,2013.7060102863602,460.58227224354175,343.729894000519
8876.844121613798,4397.154508243696,433.3333296353912,277.6265564173333
9306.048742863119,6873.886038898739,154.80118223582474,248.20069614965666
7184.301954150482,3331.2756390245463,195.32126085602454,13.564711471866017
4240.785900985204,4018.606648305338,711.6619843324927,212.17762968190215
9875.577143138527,8513.306104525269,125.12775500556691,189.22667613914615
9820.494291057967,2590.2925542554567,402.7454962945194,130.5718491713598
3397.9659733178696,6530.414280102274,861.5034222725757,255.59873009227974
8815.701303056667,2745.2545996699337,1348.4643156908342,204.89534110216655
2116.4094915315477,9718.51748435531,926.9355545503329,214.9518418049221
2686.9208564743008,8908.06437203995,1406.608623412697,70.67309634549088
4946.693410784812,2645.957388096878,708.1356261260312,320.28708578671086
8935.953086062258,8275.257839349015,1143.414299663902,216.75449202912878
7763.239259416828,1634.9538066806713,743.3243111498937,294.47109931752135
6491.591567694172,1677.3841947252067,193.50383497563107,203.8320183648023
9185.278255292997,9817.267059445368,965.157585358548,249.0719117463052
4277.521337730233,3070.443205699021,1055.8150134638054,307.0116019271055
4957.939738149082,4734.69190839825,472.8191442667052,148.00412178783887
1758.9318260137884,9867.964552996109,258.32372968384493,135.03276260026593
2034.0591508408802,2783.4117985223793,638.1366703088461,162.54365292857463
3613.570825515468,1907.971791791708,353.2852148302811,235.78800422419425
3616.779030775225,2996.647475388292,986.4881939346259,55.382326659576265
1520.6800461012779,7873.098404072339,200.38258033928415,177.68030382121657
3790.2146236326544,2030.0105502673673,151.17193587084543,229.66524600483802
8510.034124805275,6914.852134207976,61.467048732416586,306.439130250573
5860.012620482935,2420.555117240072,757.6996482090796,18.255966184386594
7537.366908062401,6175.659813755354,177.94035297991303,320.3790581587346
2601.9313381901698,8598.746686863236,259.38343190020373,105.8046420020092
3841.807027030437,4812.193974676711,592.8188266355257,330.0795064324068
5071.284132347973,5203.154442418345,372.7034486218788,55.437692108088356
5107.82454929499,5933.506203160917,284.6593956832344,243.2149227625763
5960.126551152199,5957.681905719024,992.0273485162303,295.76055313375235
8105.716732672497,6572.1064562110605,239.9804783417656,194.60442396150074
6745.509255562413,6555.761754752608,382.3690648241655,211.0739196606848
2582.9956664399297,3061.2024619306285,1462.8497025387576,219.91883700823965
2751.691470644766,8503.872096319888,1063.4979842022753,184.76929482012648
9582.240194616474,8018.219970612411,1171.1758694911725,60.363180545195384
8905.033642947907,3353.4319080815585,766.2282688820762,24.834473274673485
5238.934093256588,2148.788879089244,741.1530433324389,122.20552626584569
8394.056595029928,4837.779157224968,287.2092534930065,338.57486186796865
7391.732005503915,6474.7709133203825,231.82839312220813,141.42755162238043
5807.411433525809,7704.971365370787,1192.534004345511,309.88131426286094
2359.8064822618394,5484.033395626054,677.3530329101312,32.24041064299977
5823.3088321119885,1747.8229813252142,959.1726946905793,255.58614028085412
3915.980985346729,3862.0199077273346,1437.5616661031418,71.78193488392107
8870.063731902119,3929.646142033237,1183.4970524544406,357.6187229879706
5064.110800714686,1652.4525779255814,1431.5198567292134,173.29810286144186
8655.025017483882,5841.420808942897,768.7220431108514,71.54813455986796
7242.020157573801,5521.859497599967,966.5347103588583,295.4999225555666
2890.9883576014336,1768.8503022379841,972.3350015582946,88.10647775919146
9595.915186645778,6774.583406056019,326.44102307128713,198.53111960972777
1762.368812891132,2375.597320595158,109.61425608376125,176.59416159067985
8677.899525528133,5613.971230832628,49.42088662178121,260.0571724471641
9761.258929087753,4273.418346956455,408.9427929773964,129.4551827195444
7722.607655434405,2047.7769147373817,603.1597187717301,27.102719503057955
3922.538279903432,6180.5468780502215,910.6240407971793,29.885631513885823
8815.419851360632,3536.5492283140197,585.8123820219464,330.1754154277282
8015.709145622957,1462.2457998528407,1344.7125473302815,268.8081906160071
6989.414969505332,9874.426336305936,1157.9581009540018,190.97455849148616
1461.7334063859353,6538.776114415858,1442.9707373975637,352.46616973929804
2732.86283097837,6549.678572503659,1480.7430103834947,304.4979785469074
5813.912531639164,4926.098988061778,271.36928304910776,19.629536724572244
1754.0430059624214,2218.0458008375886,273.7999343657167,140.99289952530546
1981.0516037740183,4998.937676291756,1475.3767261551643,348.4198303948735
8350.061758660733,4738.334229992779,1189.4734253570116,128.9759693792588
8497.98908302034,4472.238205195494,514.4241486422814,271.2335461577747
3113.0357384887056,7534.740094111254,125.8648503955279,304.76665598280465
2062.843434375732,9778.651115122206,974.4225953792856,356.374829437442
9813.946550778222,2067.417264614142,322.617665935245,214.222936498693
6154.439527323702,6708.728103228755,492.8996775410205,204.8282805712916
3667.5534337818312,4603.320949601299,979.8352163766486,150.67589006266485
4625.7373506633285,3539.2993549443204,36.553965021236856,148.56150220149203
7588.799618134905,5667.868757649989,1339.1877002947263,168.64966106695962
2526.1600774062085,9589.705380548325,1340.4763895653768,117.35763572432163
6035.455539848502,2014.322969651515,780.6191915883045,319.5477565923512
4605.039373721251,1826.366979963851,1134.2523452138407,123.8011475594044
7404.826893658885,8789.321756978192,553.1966323806487,103.86961428927162
3964.0824706064677,2684.935432648341,90.5084909808378,244.98223004931708
4559.473410655366,6985.0745325813505,389.64536442940874,284.2423067459431
8731.210002140948,6105.462935484147,958.7813240413831,113.38745724903261
3848.6958286414197,5916.0091083807665,1413.0851443448444,55.24141368479859
9144.995491662277,9746.204550427452,875.4889964717355,18.244439286487964
3494.794706657996,8067.121935565009,158.58626735480163,276.5793479285858
3642.2125208423176,3401.8269261765486,299.3872557623321,188.86018477177802
5430.335846316668,5561.60683080019,99.556368986442,183.5133508378542
6223.479805191664,4173.311837826634,788.6274697117867,293.6696849689391
4578.470400738223,6311.30377030819,605.7562389405122,160.22321226983658
9656.678959070749,1918.4603357282256,453.27864648228274,176.90835631684138
8294.460456389028,5621.8803625241,678.0661025368062,357.4873044406273
6108.152002003503,6138.08227543092,112.63380060785248,82.5304251200905
7259.116824231304,3208.750708471796,804.6430424464563,80.77667527367852
9006.748275888345,5712.937934900258,568.7955490173316,123.90058966934633
5797.598353193223,4209.5064022348515,1084.5052656904277,233.13730384499615
6999.430601327261,4659.205876479506,1380.6237515567504,44.65960936764148
9037.849758429616,5403.244579913746,666.6629632854134,265.0093199705468
7522.91344293105,9779.94074773045,497.3520957234761,34.14216178062409
1177.0300560119497,7822.646179350746,172.9411932947484,142.03020107908412
5532.366550536583,4184.964355797143,718.7152346671315,169.23702122713394
9896.285707819996,5618.854945007315,661.956148507469,170.55545421884273
4775.576757433838,2690.1407176710136,48.37417195893848,19.36123132880141
8273.998659770852,5811.782446956627,1226.3653003234388,207.42190202336718
4688.741530029218,7061.613805207016,1218.8460465125677,279.83726449295006
8727.624944622357,2090.1359117391,343.5492394890633,166.96278023819883
6725.887824577927,1778.948145107231,168.59517282090138,302.2648142573909
2864.065127402154,7291.895600202954,1345.5735538668919,221.14547719989753
2195.4858067272003,6899.442681032367,866.7472512349265,288.937853355448
8130.085863184074,2140.458217265127,152.7601188088641,29.7364314671286
8104.467219129512,5608.560035663577,1223.9575352994455,166.24464144390598
4320.275025777772,5162.219492551341,259.57141810054196,271.07507353392754
4287.335385328313,6751.057528227174,977.0426992391708,152.21017236584296
5693.416229314915,5726.835600263721,1103.7081451998135,129.4014305076585
8066.806016691528,7443.118609868996,1337.4620879156123,234.1165031539688
7074.7264383790825,9422.570287558598,822.1493002498759,302.1207958261009
9243.505657680802,7442.820760646892,719.3090468383143,356.44216120634104
5046.741890218254,7135.602521555882,1075.375780472065,236.07027252932247
8247.281989884981,5816.709228899633,981.2565740132251,171.5598710032371
5646.046763048835,5938.670558366745,687.6205752963175,112.50708770667947
2707.2909715979763,9500.003161111363,1246.2069076817943,329.3359654983339
5760.238970768891,9618.408600904402,830.8303423581103,52.70463999011199
7747.9273136024385,3043.0168685486096,1294.1181993583857,219.93839825378845
3850.317905209771,5168.261356691815,794.965637247406,65.7422662866869
7495.803730399233,3864.7842630761347,6.962053577293647,118.11966015845469
9627.824348074264,4056.878572037922,141.9361550708606,293.83531458492894
6768.2081734005715,2672.9421046810958,95.7148250703238,116.22296518931623
4495.574705308321,4031.660637509217,1240.297501439464,99.8108919326973
9828.008221135884,3076.426149791752,1188.0428575371163,75.16009436012264
2669.4979113265545,3739.3515365294834,343.2891958378491,200.82725876295237
3740.0154251957583,7885.514361573127,110.48571292217414,280.34592442612313
6451.42734136909,8982.033594669942,1411.4835255142236,234.1191900738556
9017.756114576125,8404.907673766702,525.5512503796635,140.5499061523594
3160.0719085252867,5631.076035017021,533.3224413034329,129.19086960051854
2033.155306198467,8569.931015002057,517.2505921161855,100.89973248527201
1400.5417864491992,1203.5263599874531,972.1263283229193,41.51137446748913
7708.2468847503815,2404.7092927151166,655.3302032999547,6.555101169043908
2463.19213497639,3486.0310850852275,1421.1593038348303,210.14983382953417
4750.6502347967435,5488.048738320813,1234.4922025540939,292.32826837546935
4580.104237563,5007.39254862758,788.058950978877,237.25537279341646
4826.399626860912,7718.562929469697,1101.3669222462552,271.7552632484282
6933.380721024506,9893.119583516662,1375.4643344827457,259.8360170706233
2104.971505962254,6385.495798050713,487.46000312830625,25.36052779885027
5559.547145259761,2148.93212644892,184.83322616452347,349.5965995141786
2664.2727445389855,7731.602325542064,746.0689743216225,159.27321831224663
8373.659272585674,3479.8962098232055,721.2234589474111,160.7441657691399
7769.129329264378,6186.652716522857,419.78207618069536,343.78873056226234
8189.230174477373,6470.5448321118265,1425.3625220423494,248.1267755988348
6167.435982425565,5656.076128167745,139.23895686342698,85.25734067259259
3968.73401861968,6875.02225735196,592.6564942383941,72.46370868202818
6894.106338256171,4818.190869055452,1173.7829510699974,141.5430670162598
2049.5460875371127,6907.622348993406,645.2232535758401,76.66067962674033
6917.474893966738,1414.5996374715091,567.2780746835941,109.697129852359
8692.957236958922,2094.487791291929,1369.1204945488341,76.3664056287574
9301.804694723913,4062.0550805024695,761.9031618953852,332.5091358105567
8738.996668475957,8237.875292281215,1330.429694126348,125.4669526559186
9492.19264538743,3846.0181670373145,284.8666111170006,300.4600283220932
6926.868494142433,5204.816114667941,1318.7898439991743,9.074730218191117
1993.3467004512559,7035.279092192726,754.4387778256315,323.88308189887766
7218.890340083289,6090.186456451208,777.8789719262023,271.2728377480066
6983.369165316427,7411.868625482629,718.6772009849495,62.36787800481447
3831.5234933932584,2948.813907842142,932.8486164857718,299.5801785215579
5445.260742238616,8239.817229224103,155.67868420514117,179.5831563875883
4299.636276497076,1342.891234950221,128.84660090389866,322.819626007161
2040.4540658244093,9293.682575078321,1020.4640490457161,301.58986406870207
3319.258202626751,2850.0322082307475,280.65398191220754,244.09072379902665
2701.1195925860193,9483.368256716594,97.47091996949115,125.12763868555251
1508.0263666535027,6458.225465593561,227.1998587129722,155.76816937761188
2787.4254600501613,6959.730024705746,321.358258444464,190.70522134710444
2706.219496085161,7128.607161902141,914.5332981452999,182.7394871622249
1464.3552368526853,7978.385392436799,819.9177704857425,345.41571214919674
3672.4720129122848,7479.708116329965,568.5566925991222,230.25411680111202
4900.018554402808,4013.0064596746406,1087.8049229940602,178.83359835521713
3912.0380314721206,4308.865005710868,708.4845758330592,94.78589836528542
2932.8505719877166,7166.279273831512,967.5028079562276,94.61464853785314
2673.16514214968,4816.002893124815,1150.635718256821,283.2881898073762
3387.015441163665,2295.7776143915285,804.1937549316464,315.6304212733071
4770.94648693702,7532.988519893011,795.3427707308398,329.26168639421115
1177.7868954615308,9192.126029145127,1416.0292719953925,345.0626411781351
7544.743278174468,1259.1047431586574,1377.9997886279775,141.9166275387574
5897.588975307349,9834.079573641035,417.56184781528117,86.32538234716824
4911.1142975167095,7224.761674953087,707.0663648075558,24.07808876223491
8335.657326170687,2025.237062674369,768.2623650549752,19.644923681256326
9701.247402223104,6446.860117433559,183.29747469536716,127.4149232359034
5619.060256947541,3656.967547632963,847.546967570784,190.97275842440087
6395.114279166841,7033.950227387623,1189.0409998195303,226.73983317078594
9524.889549361593,4296.32326700859,45.22617308304968,123.12761423343468
9104.190329691894,3091.9488668049185,538.674056351246,44.653040721262556
1774.959333602023,5221.036280940122,748.4986974621095,73.16312461925432
2961.5585295959245,5337.013174650683,1116.2064212228622,200.17503349993274
8096.075576432474,7815.770446414065,1383.2833629211445,63.305554057138195
1761.8636839569767,5852.0495202432,1053.7121266189897,109.03724654777814
7343.0030105703445,4885.328025147604,874.2269206758787,47.06614202520927
9177.577815419012,9935.245123915305,967.3605820941434,240.93620984905178
8822.56987384327,7120.428961679528,1362.8116217529011,48.415155781070766
7075.265556121753,5210.957193357674,830.3081777052892,317.0373523689213
4025.955925392669,1301.340282057246,1224.1830301124096,218.844665022638
7577.357705716397,8757.345457812295,494.12078719405247,283.8036908149052
1475.713256377319,5931.307315340757,936.5197777005717,268.17285432021527
2319.9139359394376,6353.041470135746,591.7367577763627,250.01640939380457
7245.566570327693,9449.60620958632,1076.020460182847,44.29644051383638
2517.1753402514487,2622.976000137698,1187.9571046364267,291.1293188890711
1646.3838902465088,9845.438656154376,6.644621438109268,8.126412014659994
7995.096842396314,5386.248396500968,73.79729410097056,199.64367652721916
1133.9157371872934,7980.475046215788,1352.7962626095018,177.74627200499953
9963.874850795926,1158.2149988214674,806.0702602995971,33.508802934699844
8357.001302533228,7327.43756824794,1316.7203939753242,92.52150791685922
7342.575227592459,8143.5499718704195,1412.1731526947804,139.52901389135997
9024.673694650772,1693.9621332504285,1109.3565487959322,32.74182760820101
3444.621271289141,4864.032546820574,940.161224931759,22.396010717847354
7105.053013916823,6049.088415912338,508.10987649015925,188.94315519388718
1672.607630316586,3121.2966550692236,323.11863923850404,110.09557209285579
2006.1773634976269,9175.899884162402,773.717537850705,204.2581083315037
9355.6809980721,7543.219456775657,1348.5297489672048,336.5688396961355
5456.067969111742,1989.0090998825262,1388.3411259313614,265.16220141231827
1375.69945476061,5274.767689871043,1288.1803541278755,17.15439364877316
2965.4077148668484,7330.574306839119,1087.8078311844658,215.68175988584886
8352.78534120808,6840.2917977238485,971.9955144624181,158.83357436086408
8416.510620902241,9739.000904405859,307.4398779725329,138.0631396772428
6853.632599615373,1589.8707793753476,821.5208585332294,110.12815078951752
5297.28572164166,2808.2779730081493,472.7243776895698,181.62322206868996
8478.006651177744,1387.170726611932,1254.5067909572845,233.1934496238399
4961.435634179541,7514.092567636557,876.059706271563,269.74213367716516
6637.2055242317365,8000.072437334277,1214.7172547069085,233.23588143314169
6629.269644290465,7400.289574962196,769.7715233722816,348.8020746384432
1882.0300361640561,4579.816760946352,281.28467304104214,13.254132651131462
8899.266848090576,5640.616727931637,1322.387767612176,245.0734568229143
2961.7620316021043,2812.031486300457,829.2817153100191,316.3063269508311
9434.829121733108,3866.832242680825,1277.86694382042,177.47298783238736
8594.097784096535,1667.1926302516708,373.2839161315294,67.1302390760835
7550.854096684371,1313.0171734355142,1369.276029168164,268.77568615523967
5618.206616469775,2129.2152148720197,759.6858417938396,268.1692539986214
6324.476798733122,2333.646484550632,1335.4900248540803,201.0375407023459
3691.839776665231,3925.0061231571917,1397.1836626448244,85.73003580342596
4282.608592990369,9479.346706198621,1038.0435378974437,289.31680023520664
3369.495320655394,4916.874455356168,500.46938086704625,229.31250870061507
2724.15483522481,6022.501242941993,56.38326627153363,215.63220063381416
6294.322175535506,4997.202568074965,315.29357890165534,70.41805076641255
4243.749256331856,5622.341175298418,1252.2752457918714,98.38773083090722
4557.6841888584095,2431.678799065982,569.0773928593079,217.19034066857662
7352.088586019997,6936.197201087672,1171.051709705884,319.9489984635259
5250.477827095846,1737.4627406730226,475.83246172036587,165.35794478522612
1712.4713691881852,6974.208835195005,588.1539886260174,309.16314019109126
7006.080962968116,7856.948177847848,920.7755591415652,104.02834780874974
4641.577799789695,6151.229943921923,1050.1447345064794,158.11011619024546
9697.700605997004,3547.3430411636746,1317.143062914043,261.71020460481935
9546.802175626013,7430.908707115274,953.9347147795343,197.9383616619665
1371.2186509371502,6279.297135717966,1166.2252608541685,348.3990570454068
3406.1762230157046,4616.252893699975,1437.1830765035568,288.9801565075667
9335.078060083508,1308.2200448591846,1257.085918375769,170.48411233873944
8357.488016881154,7315.532926596818,1433.6008946055254,259.1952061635641
9134.262828539855,8913.794863272777,1145.934946143181,192.38699667991546
3544.854196526533,9453.257005021993,926.2774631970198,57.43501571346022
8056.177954509956,8285.251493269663,1205.5288420386692,298.8761370046802
9356.691490834113,8685.687622917856,1322.382156147135,75.01222990770502
8588.16512646433,2641.4876175931004,1471.6562197839012,336.96413224738797
9325.827816667059,2733.5530879853077,622.1611975422092,359.3487658950757
3568.8037825644165,2995.716882361479,805.6139873062539,282.250345333697
9724.91072338451,1403.0017427804482,540.2690720820896,313.92160292631524
7826.501262374267,3082.5776826403744,19.031511911387426,92.87319106929412
3135.9603127659243,7983.127475938937,1463.5906244304542,189.7874688931326
3313.472372171906,4710.3550757666,1173.5233845885073,167.53447752529036
5974.142559017858,9574.563934960916,486.744811079381,94.16005780805392
3049.63383292479,1901.8612337370678,1149.829911376925,92.74436820399757
1733.2344083362395,4049.1527556294786,1341.1162791389909,296.7062048232248
8141.071361692379,1397.9895404288,663.4904344145956,97.49617024451253
3761.7753351648494,2376.733691825858,1394.6177407624575,341.23681125070135
9938.38903330413,4586.327863033186,209.4080434882629,9.862718340547158
9462.479145084055,6881.948149769332,1203.5153420772258,236.34388311427998
7057.822775486526,6892.164111948127,745.4009069493268,137.37614104469313
6958.350101439172,3016.4932822025166,363.8764825142399,98.30957306912258
5536.602629142881,8889.307341158988,1102.7659649780996,242.43474627335863
3026.549476126011,2675.727375845357,1120.1115539864334,202.4794123636348
4335.818465969244,7824.03283198999,751.2842046265907,306.25590643020064
1457.7741995306696,8250.951353713386,244.86559425709967,65.37071107930738
5385.122255158757,2976.5397991406844,1320.5139785662072,143.80057237906587
5269.3276321865205,2071.431545781209,1417.2822976752736,348.62440973754906
7373.885372600332,8153.730943239142,998.6067867136632,55.030417548408266
2361.191590594941,6816.852654608179,536.2029118585366,42.30594884222932
2000.2828257437627,1520.3081283052989,15.080041811433421,110.74760194810423
3839.0810635359185,9760.667374871975,878.5192179083448,22.239734086829024
4176.368490595249,2860.501342848338,700.9026909928843,347.9520712143937
1744.2600699364675,6117.042753144587,3.4063954769427243,19.46420202597311
3993.237556613654,7233.704548243295,1319.7824275558244,140.3008730747952
2640.331557385184,6224.7354071765,669.4286564106857,155.3161961514904
8953.880643722772,4706.251771945748,677.671448609689,89.29113147663911
8971.233939651718,2707.6636414192153,1249.728520762041,336.46017071470226
1164.8762421508998,9738.445474700675,1418.0218674811802,187.34677743207735
2736.2153677738424,9707.92205780846,498.2487184159091,49.8229553502465
4598.546030289368,8069.001173347756,1164.1168660291273,56.9597989860444
1872.8426589698743,7656.705483584564,893.5232107064103,280.9290014312204
3474.0502378788983,5355.340020620022,319.7772778156247,278.8682034345098
7453.240254408567,3570.5938693270973,458.5174636337745,291.2089747745181
6158.247158355929,3982.4467920395946,1331.4709001291824,243.7451066936035
8984.507202244344,3547.8282754571806,1235.86757025523,183.54179164456096
8241.229824730675,7947.954653548961,614.3945433662767,63.039192393540596
8112.576288512859,1416.8733554496812,1306.5591540333069,198.69234331115018
3758.4245912039237,9542.55215519763,1198.5320983448214,209.41825284580156
8824.220477933037,1257.1070740210564,981.0085313424402,339.82135451221507
8758.094663698968,5497.18263771136,1281.2324213146983,114.04417747693932
3426.938054239973,5953.310547383619,1227.642068898897,265.32973315350586
3805.364310488796,3267.760818575781,844.6811959248918,3.453690004687627
7518.467420323844,5723.053199075008,134.3803948439054,286.4614233897498
9731.715541254871,8411.297727824845,117.8567702264154,109.57219134112573
2356.7264426969205,5952.69891692884,1300.5371419154706,78.7432184989987
7194.19429095303,7931.293472204949,1407.425613846051,320.0992598971671
6093.434639447483,2930.5307236729877,1099.1889612443772,122.86942495570237
8871.001257724052,7279.711533403906,960.959148268459,85.04058493620863
5706.173311578508,4413.554617884405,77.1208294236705,144.337989158429
1216.3874605645424,8802.651975833469,456.49172715828666,354.5352227570719
7314.708348681638,5877.568254237611,564.0611472656773,198.09307494493748
9451.918982939276,5287.5967887546985,951.383856693958,258.528287916352
3080.2872192062014,2301.595222663379,1170.5012488295856,221.9460848353002
9802.071677295868,4462.077051998605,978.6110748292368,85.88394197556046
1856.2008333881936,7967.309449997753,320.412779506149,191.05953206884723
3770.4695358025397,5380.253059055762,21.224962617094544,104.36364092170385
1177.0890277437334,9534.285168439,551.1532644867374,298.0209065509149
2340.2835966074617,1672.6882190368235,813.4828071026961,220.82752347735865
9277.866830125367,9994.212312598229,744.5639667739996,251.6704162160503
9339.315291168868,4240.974140275579,639.2087091629666,162.76010222139377
1665.4361886976149,1806.4601887617214,238.13644824881078,247.87224539560526
4805.668724885447,3636.0096609329316,513.8980915077223,349.60833650337116
4906.499564333577,9586.2415558847,1167.8753719746155,309.25508495850227
4543.473819581555,1387.946538525763,206.40258657786035,315.9528487083399
8171.640658023542,9500.418523729704,268.83809427174475,127.99771298564698
6327.538328398619,1720.563725750514,483.32832269026943,17.132131997990964
5607.48966443542,2050.105971358128,1447.902311164493,40.03382346911337
4593.942274792349,4906.928745875599,969.6203141509815,274.6671072745185
8001.321722834531,4578.35508075912,485.9885877634992,348.2345265259334
8515.189928123382,4435.7481518191435,311.67307384475225,10.98856853944848
1488.1455535210266,5888.914466222848,1288.7404182911052,335.5269546939759
3478.0924685409923,1241.720012540929,214.82237513944406,135.0222199579231
1576.3114450098678,3995.9086330699747,664.1263160762385,286.00664849888045
3589.6796788466804,7534.541067279677,1040.5881395447043,276.2544226380738
4745.625751973448,6900.607259924195,1283.6312110638773,207.06958273501408
4304.522253550227,3208.134215722774,888.210950901841,278.90259609006654
9798.812996495168,3413.564097742795,469.59600137430255,78.06739183550413
1259.7548307109441,2753.4450089057545,836.1530698440897,292.61896047583076
7446.246520303216,5957.907017805433,1400.6803955038697,131.66439589241784
2359.868394669801,9814.904184139497,257.4170126855239,346.34570103349836
1432.09659850604,6233.517216361964,1078.922107708147,205.3608835141893
9651.292671398958,6822.649530477169,137.61318377571772,292.7488133175666
7759.481268758316,4634.368094630547,1132.0000225723295,21.740317304687842
2531.3534375437666,5306.376241374591,753.333589483052,128.4937030919852
4185.429962629619,4508.678251464793,1189.5845563669725,262.97466006562144
6303.698677424302,3043.024148027678,349.3099594970925,278.96554207552754
8862.715594106689,4594.574701627875,1364.7139702164268,298.98438308054534
5888.2825394023685,5782.2332734988195,672.7327486130707,26.095470988102498
5941.7653955094065,2364.1254200778462,722.2694556660956,38.67509756953978
1993.1301868090304,3293.8624387428968,727.6078099388449,171.5225233173753
5175.261759319534,9454.924903967945,565.772477099464,138.37584880590182
9186.498257558109,7080.769605176324,673.9657516635883,91.60651253934586
1249.9609868522493,4348.237618967341,893.4557950505094,350.81164215947183
6895.40633856246,9485.63245551072,1335.5234609963252,130.88468649584948
7936.865431696598,8892.122812658228,837.2234008854209,242.63089031954402
6756.147145685816,2145.763995618702,1266.475352545301,267.63134570361785
7936.787260329382,6257.615569445181,297.48171492423967,228.0303778268869
2563.311528773348,6749.209871796378,596.1597182349283,316.7672483593541
9619.027852520887,5377.1073699354,1204.662279111049,50.53153920575695
7882.879871652622,4160.422749170617,1416.534443504949,73.97928366295658
2783.347625410477,5929.169126229881,902.0602079666733,195.54063790629016
8305.238325805212,3749.551354640897,1387.9640958940215,129.98674052458256
4709.612718290308,3550.180594448765,1087.5534826182275,30.87126418135108
2167.1247128522164,8355.95579262419,957.6539136728086,208.91801232942714
3573.0477985456514,9434.718766893551,760.3354696893165,36.927401952147854
3899.5520552484672,4239.117275160166,870.8145723878266,118.17820763116843
8856.454178873835,8496.97636415255,853.4741080496159,304.4958503637788
2119.786776205724,2743.1571069252223,515.1947276583631,321.88784613504396
7698.739963650643,7241.217151175916,846.4915461545619,185.411964135426
9932.413360776702,3123.399467026432,1113.189481172942,240.45691921855266
6654.627521972904,8856.824129132247,1367.7698877119033,113.05810983039099
8516.59783708077,8375.722131495382,1101.7228331199506,111.70649413288858
8028.415805605202,4454.423640821295,886.3143582195398,198.89261564286954
6003.2455167830685,6357.840672364061,140.05713316073403,257.2275756533398
5838.696895026927,8982.176266596303,320.96169253653613,106.41314086146652
5871.486089523758,5594.2796304019885,1495.2423978279305,5.621984171651799
7993.790395220512,3413.4382106696694,128.57146707939438,250.16460172917044
2647.1074844478735,7360.568815778176,1134.9376278879386,330.95976141780704
4047.3990018695167,2667.7136713400514,755.1357213983761,148.99857113556004
7905.696487305049,4172.0236720343455,698.4907239604271,98.87512087348837
4893.771228231936,2966.5625794749676,1444.4551096977223,316.31241335569626
3935.2780052383177,2138.5521223044952,226.4029446836661,341.873159744845
4243.194459159333,7398.611107347422,500.68505600795226,172.56173129755277
6368.170021072252,8379.857547344436,707.6634990829621,298.7303368157451
3075.4697683297827,8283.113121339127,814.4894866736319,234.23972909165914
7256.195429753394,8626.64208164695,247.44940850489735,113.38324225482043
4038.708023340298,1434.5845006460281,993.2986581767307,281.7808780733408
4094.7947532163594,6535.503763676591,427.8200614953476,313.16959359432917
5509.668525923743,4664.54301177306,183.31697518364035,147.41672089161017
1519.4899465413987,5464.212077089709,721.5356790013525,140.6123748500671
1740.9084505359779,1125.5877692860854,671.7831241430097,103.52388477212627
4191.568564232719,8455.350997494575,1052.039432281488,329.2039130386556
1381.6094296668766,6111.638232438959,1337.3987708989941,249.71445235940655
7985.055384882439,3209.810759800376,1492.5489634060305,308.76985633422714
5220.061416398927,2827.1384272946575,448.85754244873425,40.054521823943325
1354.2689032858298,9828.497087976479,1150.1585481225181,142.1949073143552
9262.13704276038,1741.954174714234,1001.66325196317,236.8025166195756
2488.779452377683,3843.5532696674923,207.65926422309587,207.91705142569026
4600.867877624136,7238.108979740627,885.2852927354729,89.22829866711996
4663.0289633165185,3068.983099368212,671.5308425321389,278.48721966286047
2795.6084354217273,6776.67685586233,782.0286930601748,55.13091345178607
1796.3935017680046,9263.341692840324,94.38124323758821,12.414828317424004
8172.85526490375,7042.284489979073,842.1314850566183,192.81396803851533
8939.705298466157,9852.833054300982,320.0528639809748,9.309730674805726
8508.61505946227,8437.361648404963,586.1410118293712,319.4882029059743
2420.092968099632,5859.973548693895,799.4950950361251,296.75889167444825
4125.937586559947,8577.98223411837,595.465678917772,91.13554842907114
9345.648957891897,6148.2468501689555,1445.8773016990767,274.9512667762478
4054.8724690249696,3815.102119308335,340.33001616449144,324.65885099182753
1651.7440433668357,5499.512754670593,1253.8484585225417,330.8383910872665
9108.486231152945,3390.4209788982103,191.60704744728068,292.82242556798053
8312.069174064582,8421.620359907874,280.2549733194753,13.19912825165948
2759.514861795042,4320.179977367274,858.2119418870574,268.3463341363183
5984.019200826226,2722.2788496338335,1169.368904457798,351.55207747955546
9813.533749984492,2725.4126839638475,234.83169298110803,289.6033192273011
1800.0591308836595,4284.692182542892,991.44121895675,200.12214595041073
9858.724136118624,6457.736643010882,359.65578270900943,335.45820826092216
4879.943529185657,3551.3538325311138,847.4838912588766,96.24704674247438
9792.096329973378,9078.101105021833,173.9905882994375,148.01432280978037
4047.3591692096475,7790.020686235838,137.9702520471571,251.9387128087273
5408.311651323314,4762.933381662,1287.7867543586428,12.689506813104225
7003.299626156811,8853.79261263426,884.5337777239612,4.631747199766419
7275.6225097156075,4039.5789534920696,282.59162658742446,335.7710928329481
7799.762553850095,4123.784345005355,1348.2821461990086,231.79857008709905
6724.630123810771,3734.4312338427508,43.01290543888539,31.877418617599794
3604.711572809233,4341.651220917798,778.9037516063584,356.82868092269206
2971.654682587412,2054.171004698124,728.7859257961333,168.49229742959744
8581.905196779655,4096.919144811238,698.9237211603155,284.6261643436619
9764.672696804098,4364.977528647694,820.6561830987889,38.98384744435437
9411.697354926839,1883.2699973060598,41.53660602293453,270.8478369049276
3687.6714163402244,4155.7069142697,747.3463577775805,113.62495162812628
9569.51150630971,7774.543588269816,1027.423437199352,72.22600709459593
5487.972773757291,6566.513112443782,715.403879583801,194.87844709763257
6293.404515233944,9927.443249057176,724.69248055776,57.68490931096805
2081.629319313119,8875.174473262945,1197.9521268267438,94.02328328050247
5976.937333240807,4546.694005999473,688.8754726418769,234.79715836360222
1563.9492367096955,1796.0153777972446,1484.7120896300924,137.26815749510646
8091.374951746599,9590.252449492435,1225.8821939618474,67.81578414810163
2527.433671285564,6035.004801646652,942.2284463420702,259.03965613950515
4516.722937049757,7792.841605171561,192.14193500749107,297.0106075941642
7672.356248567021,3323.8207742259333,1369.0307389902598,205.16647597098532
9338.482294428804,1689.082487688303,1208.8956829449223,65.49911219040833
2487.1653740136303,8303.927518330307,1385.8726113437751,46.90675267785691
5826.755210865319,1232.376426441036,1025.1837560829592,203.17726576672595
2806.888194321117,9171.718577791362,1395.3905049766731,152.30528388874143
3261.6193174712826,1181.6623830644967,79.04654485451447,266.3146825068792
4971.294995954092,5926.066351799621,230.0376224495461,323.4328348031463
6771.75162307528,1705.9717211864297,249.18138721777413,304.5168797828001
1596.1749586929354,2345.185368881491,1191.370830350273,39.53217482469408
8977.527686650381,3689.5372436567927,385.80672224236855,76.3706290246858
7345.517542127393,5458.501051438371,66.701785692155,61.29467238741184
9280.152568311774,6060.849008888414,801.8303849021427,301.3880453480751
5246.093434045715,7724.305222618191,498.6098807157345,25.849206465845263
3156.3945637960264,2595.2366753635647,346.0443618666536,332.1588764080979
9343.874945340827,2810.422106150869,169.47494261923993,158.4929233161024
1219.0232315200992,6984.875146906287,623.839031413624,114.78436230777763
8587.048735481581,5986.932949942909,234.56644451387373,105.25552092544696
6319.232511297289,1266.2256751010814,1118.3240040013877,85.14187398078823
7982.41947236289,6362.165083387097,315.4594641024949,172.41981463111654
9378.572495578212,7836.251064047905,1380.5569354191102,304.50917184805724
2011.5833454611093,6804.291794262818,1497.4194360616962,181.2051946657916
3499.3239378005064,2999.455912225487,1389.137573846609,151.1762244753803
1927.0215343242573,7734.865766455158,865.388445987204,36.484077197623705
9154.412698711549,4787.421700945422,102.40425964106072,162.4647284852058
6124.699755540678,4029.9052652815503,354.9742978556884,230.4898996347116
8634.910403342212,9074.15372337586,348.5874901920901,123.34392703461296
7121.304346990385,2506.838523817726,927.9220252006934,40.81998491452421
2903.401470992514,1579.529899056486,712.0713033837186,333.4549647088429
1618.6060790474378,1887.843799996937,1037.88930927689,319.8776392257711
7890.399383737651,1331.0292435791514,1337.2915640476429,338.55178855386225
3957.0355369648923,4878.153360625731,1016.5531195519069,9.681068821715446
9426.917880219304,4634.459714110271,868.3895841993698,326.2151825412969
8144.941586131451,4182.027591716353,765.4213521569123,265.4207074191992
6180.528796020975,5491.010545940674,1166.2981558787767,154.43580762622713
7362.228121255235,2215.017988635249,786.1844181841624,257.77994683359
9085.991198125997,5849.737778105923,974.4144627927992,7.725228978568033
8833.38923341576,1746.7677699994472,437.0928705823268,104.3992066397569
9103.954978334077,2133.8209588164773,1070.021267547763,343.4599461812891
9033.58352702107,6813.2990114060685,730.2067221017868,246.5036206837461
4347.134548541935,3960.6854141076683,245.84203254702612,291.95404303281094
4672.932666379809,7823.873637597912,1485.558493736354,221.67048231064084
5853.808801222248,4886.948711487733,881.2161675098969,17.14113558769662
8770.559772752387,7434.552181206725,21.922828098038647,177.844298235714
3196.032190740432,7174.406932262557,226.24778090346265,185.86317161113837
1523.4899409775553,3448.299492318921,445.2587363003215,341.64149201896834
5199.882220917007,9047.67279959191,139.33894203060024,61.970876807761876
4194.370824117343,7678.511289117152,1165.3386744300633,178.18500847334712
4612.7781287886755,3045.789479103416,1246.0653606853298,114.54894281976023
4878.7657864389275,5371.414594789913,1040.149498768891,72.17609518746812
5113.37487909405,1980.7836260597965,655.566647404868,345.0265471743716
3923.749044538223,2027.9019907297115,1086.7102172720602,46.36780167735908
8027.025477071057,4892.355911311739,995.4716677390613,297.81518314738804
3271.448437541039,6935.324491537672,41.992509343658924,72.27638138601363
5526.564616917512,8288.142846530684,625.484751484755,2.5254540648636885
8507.626947182212,1453.6254961807285,169.65415376254376,100.91114744717542
5227.037504064518,3170.1898165222015,1076.4243416864126,169.6786291871554
4343.51272823055,6435.6469923635295,854.241608389678,26.961681571948198
1753.1454486697207,9344.270747476103,518.6654439587289,112.83325525744083
8393.879070247523,7561.572369943566,142.28147156793173,302.8397054055015
7397.5683104115915,1247.5823243888178,959.732657423013,20.338436197384265
6542.047265295145,6755.316157582956,413.5898814839233,84.42314392477738
3916.0949560073786,8392.267124685792,1028.6886141978941,243.9249532149267
7741.186397806577,4451.323594112066,1498.6207467258819,125.39224461625385
5436.97550434507,6068.2601592445535,483.0158381808436,194.20523302967925
2805.3623331147187,7884.426470186483,277.05909997886494,319.5262000676281
4752.223392654554,8841.03688078548,174.61212338982048,65.9230193288174
9726.578962214231,5420.187930888418,147.3383684796746,318.99691620191834
5232.664607433588,9412.045442080525,63.397456071529334,240.41397272889196
6307.659402113856,9191.20417433513,1054.676715475268,30.900206874497698
4625.115972004515,9305.800261391996,608.2233152501449,86.46638749707991
9375.25526302817,4660.62109120423,482.1324238069016,311.39510772877327
9615.717970171294,7117.455328278505,939.1642599166388,173.1726500892537
9406.268917793299,9547.529975914773,1026.2986093724026,101.41444290604412
8581.684260359052,7137.485053826396,1430.370575660643,56.45129550994996
4222.001958822557,8579.646844766028,1169.9111129873927,170.9980857721455
1694.8025863605287,7469.58414683206,1231.3889171873518,268.14013890333445
5708.493414491892,8302.081682866261,1163.3013045903003,328.36410259885616
2391.318489088289,6316.783559613754,782.3860603064469,241.4064755429408
7962.276517686902,1474.2092063122166,118.75752320557069,274.8691398817497
8281.32002259819,2841.3036123681013,1050.7517918882002,30.840447348963313
6877.353787434375,8132.4777453811475,1174.0982510784013,357.92500936557747
6239.955369658218,6144.222756627017,54.35141331419892,114.36274732992536
7546.556924861216,8718.983522803326,910.1400623088423,25.45442697008012
9377.265348053075,1725.5688936546733,32.30910577550367,56.268558227076426
7831.644993058291,5459.646855582125,274.0799291349206,168.59561851612966
8275.852159522634,8802.791992012455,820.6972336541555,143.6982573772628
5625.3767330781175,9129.491354500324,689.3953486637472,64.64034573812503
2854.3435472874894,7000.095851968089,1351.0798854245193,69.31434841247197
2942.8597402476817,4405.142653740682,856.8867842143528,7.888574911127919
4118.322834762768,6050.187153221924,802.1192395514878,174.92901668494395
7869.432450762685,6858.835554314089,1020.282784683384,71.22180725794168
1948.8253340279896,5411.228493675397,1200.090648814383,352.08981864779304
8976.651524493493,1616.5573197697804,30.033211975103853,53.995522347444556
5620.9641016976,8723.195297229682,1129.5836899534277,300.83066687211226
6933.4892271672015,3596.8320449858684,752.6159190519763,347.3187514503737
9207.447162443455,5202.296425657073,150.0009924182407,109.52727404729627
4770.933093573239,2856.94107793891,655.7393799667022,173.4730490741889
4441.454284901922,9178.658328746522,804.1466099183131,64.1865109653123
9199.211959454804,6257.799740036586,472.94794576209824,184.66244043308834
4762.367613586941,6399.084169172932,634.9467476897631,293.7661627845946
9274.173803889835,4401.438756183485,99.97541172609162,337.25390187416986
3415.650234671414,2081.9770546290993,671.0867451709818,233.53078294163288
7760.152817599577,4977.448015177677,1457.6057063601556,81.31893433383915
8536.514737045043,9923.464484372898,1238.4920139352562,53.678898693418134
4470.494885512935,1273.3837319149118,414.7522418785851,124.38322571635315
1879.5823984168496,9941.949091711022,1298.1266927864626,187.66242951836452
7359.5087945576915,5908.452870065337,269.9700107405713,124.51969964702928
4730.41561123829,7208.751359012288,873.0478128696956,256.99619370138566
5917.0611054006395,5343.516656152664,632.9687965602816,253.8101677010323
5279.39989458176,6549.442881784151,159.6956423809527,39.97763681746142
5987.027052336189,4299.8515599542425,676.2881394702208,237.24719025969316
3167.6795515627323,9295.488687416053,166.82057305453364,44.3402908566873
7384.693016554803,3889.5185232585654,665.6284432735833,167.72734111258632
9191.556279417171,7799.498796090003,1335.325049747405,261.4448076765243
9044.211733814558,7018.155860019176,775.1764213988816,91.31852718634752
6449.526727457468,3024.016956447339,328.5409830042543,87.224929796926
7529.8748792976,1762.661333520135,570.887326712773,89.86709941847614
8117.911284581332,1364.4466469673102,698.4318134297761,244.96323966851543
1141.8525585398254,8454.422527070961,327.6410876423984,45.21427018445649
1537.3090188501938,9213.785855483049,769.4738967547049,87.33194417577872
8013.648613559474,9085.634519796713,291.3573309111294,85.38177592090605
2726.3936955267422,4104.735890066645,646.3938019047621,335.84713041721835
3649.340260899847,5605.083733669579,1476.3914160883328,77.53113890819442
4017.2660984825966,6932.469558359658,69.5157012979999,169.05920726842265
3188.131503092451,2947.5010165014214,1237.8885983251698,129.2337360808556
1800.8628197732064,9089.30078858991,718.9440197074999,354.0745054086542
6863.069313031875,8606.725456322634,1065.4582973867205,243.2987186595339
2144.2149743484533,2365.113179471899,48.50711642596217,93.36740631419195
5777.898314807584,4437.576220523053,1132.4258171647411,162.23742874555387
7774.525608363831,1909.3758066585115,691.0070880656973,237.7618743274215
4379.366578419225,4430.191094667454,569.1141688336718,11.368866975412859
3181.2685484845015,5027.15065484337,1218.1572367954927,239.181697814731
5815.22278955242,4554.517110538864,708.3852232117599,333.6221106055188
3736.4123585720063,7593.880221709159,913.3260510681179,278.15407171925864
6758.490257689839,5467.521383800509,513.844530203207,265.7930900062258
3223.9574834562654,7433.33409762491,1296.856968087421,136.7255223501184
8620.106595211488,9702.35617409113,1466.9684456896384,179.53963962840075
6710.806970740425,5713.994908278931,935.9206201404855,126.09775023364992
8563.994822830888,9886.616556996592,722.8755826840741,250.90825753756133
1666.9420842089971,2792.663942698471,931.8891636982386,284.9162738086171
5710.545196892041,6184.5144662275725,773.1717811796476,303.8989340459985
1534.243550332836,2739.2104705145803,1196.8771248950038,78.78457821564723
5190.857498683691,3851.707960777858,1274.7411237949837,356.13523839568063
4366.01030195355,6901.890223012238,444.3507686900261,70.4957243077982
6619.179585909458,9695.78158049759,1357.1988571651957,239.49408567527473
3248.1544173758357,6660.77402838795,690.8027334309083,51.40629456157653
7884.416134095793,7454.666020829902,693.0235097027075,196.96446194900844
7707.137556910185,6646.412044567165,105.01872939348003,48.22744523999835
2399.0310634137413,2083.4422940276186,773.2711040513406,348.45725597056867
4395.994581300946,5321.613286142109,25.769712300581666,181.30351755321215
5761.234524614843,8761.467278787499,271.25056417084176,6.7594642673796645
5680.114423249431,7789.923634031377,1459.450739894743,20.31824503482864
5841.569861801874,9919.19385293952,1203.0685291053667,273.9535483826146
9531.45204309861,2814.9237545491724,684.6132141392641,21.042701527987823
5583.087412777662,9845.503956051607,312.8886973731892,174.64613336529243
3080.5530071102403,2290.35556603018,561.7953632687934,352.5258141435056
7725.651316340864,8212.494844494153,387.6313813137751,13.31056893354908
3257.5372500976496,6681.542755292685,148.70122463162252,207.0503689476639
7542.599820387307,1521.8742570377262,218.20841748627947,338.170729944011
4444.22936140913,1159.687229469798,180.82959601491584,352.7897848622686
1251.4838852967296,4203.11474019538,1016.3504268065309,10.904255102569342
4672.081260134562,3140.8878129243753,623.0603185028859,324.7727165139241
2858.6596798277355,4277.4048314690535,1174.4757513690693,160.66814268646118
6143.365170329808,6211.784481692604,1419.3608901613215,67.65392054947523
4990.046686409605,2368.310190751955,946.1819330065478,126.05212433946278
9808.31337742728,8716.63253011246,99.56262241749124,11.993328890233498
9514.237042050832,5458.127659963177,390.61155759321343,51.86821637844147
3029.190007337541,5422.629319997533,98.38032276243722,172.0974879193876
5911.300055886703,3965.619811445177,814.5470654566217,305.4932625910569
2747.8393152948515,9716.749753469707,177.5521076341915,108.90016762077778
1281.5738871361202,7922.488510481093,1422.5564911019953,164.06812888975963
3443.762873716285,7154.19697594327,1436.0620262733025,47.34424645752962
9723.121511305179,8852.565270593783,449.47526281855494,63.388641486307
9423.030360607596,1774.7886681316377,947.340758985091,342.53364654582765
2974.2580614607705,2444.782238630641,348.91176488833696,168.1321926733223
9220.277642732477,8073.974300285747,1365.9898684454706,268.2013650480466
2983.4071134381093,1872.2953691232278,1022.4444549677804,125.11389069339717
5611.995244626379,3538.952863069027,838.7368182130322,333.0832909705614
8820.089589624466,7639.048564273903,1414.0887195387247,197.77068494646787
9788.160900090812,1499.9497967154293,649.6068873941821,282.1892039149124
2759.179223577349,6058.993049579288,689.7202841411877,304.9440333157144
2723.1391724858813,4902.559922013549,870.3225073060553,39.3320698183253
5928.560170793013,5835.379826624278,299.8447902303272,53.07864663601229
1370.963564298891,2159.853942879655,370.59387050901574,332.3864620641867
5896.245394218896,5091.244626265307,750.5002328589011,77.09668559262346
6642.708297735371,9755.41415728403,1470.6196702919062,89.92827297097882
7515.327184575189,2613.191444560875,782.9997193011803,106.48190776007762
9622.03885271688,9958.810098460006,1269.3728821418651,179.45804466630798
2021.5457353803213,4828.417915766211,7.772208578538377,180.5141471293724
2971.1010123657816,2254.6883194282113,296.2271873071986,289.891710091811
1669.6342136332373,4342.795756326797,549.8905880203965,117.23897893300324
4819.616667580153,6811.943075056934,549.7322309042898,287.9697718666337
3548.589436200046,3689.632114729405,260.4928257320588,237.93735462275808
6479.193412418687,3286.730708038134,1305.1415896308013,221.7204841420819
4084.4633459128027,3022.246766843229,61.181150355531365,150.93855600084848
9771.280060036324,4399.29741102464,1286.0048682154384,177.7859305557709
9430.776955455476,2060.3626725166764,524.7239891711552,86.42252005196089
8967.024475015292,4502.529283590859,671.8267353579959,279.94128073620004
2500.3781398398532,5494.21442776518,293.79454634633777,336.6150630099068
1924.0444041018934,9914.778080414537,460.9132459260855,235.8218302704335
3201.18694974248,2789.4850809274685,960.2971828825628,247.58404655209708
7980.306329971533,7338.1941087631785,747.0345788720052,121.63843031105854
7875.323163719152,2548.980690796847,1482.8896069423945,246.712765863873
3943.1777903650545,3091.227830480832,649.7785372007904,354.9404900292729
8760.371114589474,7321.995296503713,793.7212172112897,185.1326371022136
3200.631574179588,2080.2750764641182,188.11480279737222,167.32400112733234
8376.434587176518,8432.984571512141,174.64304738615266,57.9154087617114
1969.826269438445,1953.4657174918834,1267.0805192937341,206.94444923201286
2600.7403564246542,9715.465950899536,923.4106241148804,219.32898017541078
3586.829931297813,1472.037082028447,1200.1487716362521,183.7806843823191
4462.312930275799,1599.4145189108958,1216.869966264677,14.02800267265005
4192.249617389014,4473.748360366853,470.3157041506947,192.22413725999166
6281.9532689347625,2501.5834755687515,27.9528380874812,258.6178190412279
2813.1233586217736,4565.402650179114,408.81748461463314,291.59255653605373
3485.4084419541264,4664.813722628534,1182.733094560485,278.15920903845046
7834.993132988497,9550.069158601176,171.8133372025549,29.350573613195397
2178.481213654579,5208.83960144844,31.692798440373814,255.5163282163805
2253.8870827390283,8922.854272025917,755.3781450871267,94.50881345810623
8585.961391093475,9692.294809727324,56.35235475135011,137.58675826796608
6407.721348612887,5160.393014880558,628.4329560018137,331.6358212649483
5632.457278475435,1599.1642800528998,354.56078937421864,191.8965921487668
6041.704400732589,7292.182210193307,432.69061417245643,238.1775890320982
3578.1872584324765,9501.331678516788,971.4304632127752,122.02107991852498
5393.70128453246,4591.525512691043,1131.544642981298,76.62616717462062
2789.673788870604,7247.795695930696,7.294790516333245,321.067874235868
1808.225396562853,8378.663748875355,432.09597193806155,76.44499930614099
6438.3577878215465,6293.908248926298,239.85298539833212,6.3123864836559855
1224.715335824957,4399.962647821727,344.2843184635171,206.53567739687858
4828.862851241052,3810.716001512394,368.2385928870943,207.36619537694563
5585.109313573093,7355.551953117207,913.6481108486912,37.28154139319537
1811.6962275387168,3151.0780276558107,1166.4394613343645,169.45926544734021
8483.026570432412,1944.820017636927,1133.846450415359,299.2276222282575
1874.282367307477,4683.645161584263,278.71496793954014,247.4661627216993
9291.053921572766,4888.249157413156,234.8889131490638,308.3430196075928
8921.063670969266,8071.9182391052655,89.37645629144242,291.1372134309447
8265.464418192645,1121.6015188873837,787.8620340541506,31.941964115243074
8861.414870183871,6379.409999141581,288.16844640193216,115.80959428809958
5344.069698798479,8934.611551422035,713.001946391845,290.84488059025
5214.804288476684,3075.3345980896465,662.3922003319817,185.6109649383172
8382.007439818928,1592.418512691836,246.30357072792452,135.52464159759967
6418.337757684446,3893.514705986028,1412.5025882896464,319.4390947021321
1337.3767800074916,5717.598768659868,1006.6994809564796,120.74328534397186
6026.272461442111,6879.123794859473,35.36880903684555,18.039692633225982
2329.386505000395,1473.3730766376996,1109.3054228439946,105.84923823532526
7981.843752408606,7585.373884716605,401.43388955436296,63.96682641465798
3472.6685199551553,1789.5037422124842,536.7565037940996,103.94093610383375
7044.337103320213,1330.6881634560275,566.7221498097122,168.19620983163864
6082.8120413699535,1870.054343596207,1151.2105917362699,160.89018679475004
2575.8248052223626,7019.13379526833,427.25688024956384,226.0414949416664
3166.537357803111,1417.6813707982892,928.1364735898063,104.56377229630796
2769.9344352926946,6975.910897654061,1472.408721221552,215.65893476524715
2598.6264647902476,9775.743381142112,148.68029496270256,205.41355335234638
7211.318155568367,8361.887330647862,659.8598588256576,291.5447646995135
5002.5059304627,7571.844850660365,1219.7707615581132,225.55890520052262
9049.289842801232,5477.467414002329,852.4389102727638,155.7428155834541
5766.035088046801,5222.580259200475,1062.044769241463,242.81702501775433
2289.757626768659,5049.005340720707,1221.9267124101552,264.4141147671056
6655.607642876363,5428.804800848115,83.00236939681301,338.16056915816455
3081.3456182303826,9272.955828390574,1127.1614241124207,46.74617076448454
5142.369146567944,2353.482565245473,608.1395409777234,350.0929964571921
6412.6378556132495,5213.630169609866,952.8199889372452,187.8747528320854
6786.448552603459,3440.2525153654587,559.5590741222469,264.29073994292145
8322.02620877316,3674.9097746020184,716.298549968789,147.13246086044134
6929.103923126888,9878.22378211399,296.10402528280775,283.63841226468674
4422.440106645363,1919.636110573991,210.86257452961425,243.27543310440487
1974.9290384430733,4589.002664321746,776.4193837783926,5.428035630261749
9896.09787577416,9841.65954259137,930.7866924633996,315.9422426795251
8237.115368250641,1185.8762167616444,1414.0955274356045,344.9691095801001
6751.443817177418,9878.685023949576,845.4071912929056,73.52637811111141
2669.092432080013,1487.7010251720847,1260.869690256289,23.056116855409247
1997.8813513153927,4201.382052601176,1434.6878165728472,104.68519659349144
6205.972628004211,1441.1473835803445,706.3841281252893,172.0071636348841
7188.586113830286,1501.3271868507998,840.6236486808014,112.66319125173806
6065.297026127908,3245.5499617839023,1243.0691332871202,121.55331951508958
3599.5566631842507,8809.328859157058,1441.314421352455,152.6248472443986
4516.1397360036735,6764.470488238309,669.1002860131598,202.59696677682726
1438.0524885750929,6249.205111458345,826.7221023765769,66.15923159129602
3383.054845700837,1295.8419455975002,1005.851595054266,272.9733553067097
2734.511201032274,7140.117781166654,810.8542627063381,240.46726370477614
8198.17136405528,7070.896841856843,1097.0640274239454,313.2651088544963
5880.646976200978,1143.6539935493577,414.5879663545,236.75053828352753
7264.036770194189,2291.855840377397,1166.7560329555226,181.1538185987971
8845.943671398678,7554.019000510448,981.249222883789,213.9973544135995
7442.12202726611,9089.109848232987,479.85601870721734,62.88355477973409
5621.946134444546,2449.3753244960144,410.9580280041671,6.775003632120074
2056.126917810946,4497.288032815584,690.9925435779693,91.61591444076173
9145.111907296163,9626.164707121066,1428.766074138911,301.26777517449494
2384.013869974422,6879.767097256561,672.75721709177,230.65542668789894
2240.508166979375,3387.921779153575,1267.177470917888,352.0183834621541
6990.925354154188,7760.531576384718,425.70126830478085,106.30708687516902
8236.550773249252,6328.240467109671,60.02997966221817,56.33996744726363
5475.469550894836,1940.8639457592292,1245.7594841201287,223.96800217974007
1820.335464892881,9374.761342566695,1128.1499781024625,254.76720267235916
2280.078318848962,1751.693934890116,462.0379147656551,175.28697216848786
3282.178717077753,7577.125530840933,915.5575706053039,5.614914706054101
4543.892938777259,1987.0884242127186,489.95312177133707,32.94401374767335
7735.001139835228,4990.495296612411,501.08620125280305,245.13393082937773
2320.5309083121892,4929.203591322665,141.71817568173358,264.17439802693417
6259.416843899752,4950.495739923706,1403.5116780464984,84.62270826617008
1717.4803882958124,7445.813664471273,56.66692387813453,227.8295760901411
3194.1527225690756,4966.387196782191,1472.0750483767872,171.21611358296025
5341.655535058984,4792.02904327531,850.006588952962,159.96507204407112
1176.2487058186964,9331.622232307294,1273.3969766698688,149.80189065495898
1973.7857849589343,4223.887538629868,156.2261787714751,236.33360195707027
9653.298753006122,8022.682237683405,1189.050722489488,209.43117504017454
3436.572493361387,8033.337171174957,1040.89566918684,304.37604033182197
8155.977661621544,6587.791632996066,562.365812376324,137.0250247989134
8921.454780282163,6239.797977271367,1227.2422724909768,105.83777725068255
2036.6885001013607,3962.522859491377,1466.7603053740397,83.23017910735926
4335.633052901969,3767.731208823768,1184.165195079598,262.9032945994063
8750.237404437954,9283.970858074747,819.4583193379001,97.77145180549132
7916.708678342488,4188.111984436719,1002.5171444124173,209.3802472247492
6986.900416246823,3394.7696654850015,1430.4546018745182,48.717798187052665
9667.054955333742,9383.903824901938,1355.0446478885076,339.4390411181405
3018.72033353115,9992.69143214515,344.6964845905024,92.37388023521835
3065.9011746250417,3622.7706563817255,1392.8212960036285,154.2663476322025
8014.962246880624,5727.887594077327,1232.8865845752464,175.27731006366403
7964.591285519919,3875.5693831063336,56.31068992654252,82.06841633325938
8884.516562601191,4726.370533819792,63.74335202008069,163.5790610298714
7521.281117289044,9848.549989649242,244.60332624230278,336.61821833997146
2509.5485468178886,7456.553390293234,871.4165828922511,6.998819513262738
7662.765258585571,7788.779127310691,236.70522575559346,124.01257709165088
6411.771415187675,1625.3841644544618,670.2053839989153,225.33842122481028
1147.7519372560157,1849.700966447259,560.9674193436538,134.35191114518804
7756.7849359173215,5871.597270455343,1471.9514076807895,209.08540091527115
6421.898110700344,4242.181396227593,295.18230979426926,80.64551631892162
9461.382375564619,4562.13909924783,975.9056273909808,194.7619206654695
9120.150774796872,6326.0485544882895,337.13858140623273,217.30467151056376
8986.688093071563,5531.4420946839045,109.48065445385565,96.03518802182117
9676.925205902813,5005.753222430103,643.9631658881638,116.21512501534427
5671.842608087384,4195.6283130207485,61.41878800390784,218.8093754745383
4153.878995018897,8097.976953429861,170.51880367127293,331.94596305948795
9859.807909901167,9073.108817061944,704.9730576571786,38.4501750469399
6416.1380976792525,9596.294113865219,164.55060254986668,72.31901914811748
4619.737359189834,3357.697722740546,1403.7057908868373,21.930474962453392
8837.597387606169,6308.808314283714,496.7336283846215,249.75457004987237
5540.558780791951,2838.3632314020883,992.9387972412361,320.0432671240111
6117.38350883448,6822.933284667902,263.29584896778573,320.8397182307287
8993.65774754187,2664.4454229016906,160.622182051175,97.18765699250672
1716.5465931537835,2048.5207849114213,980.8989621307602,305.44896023394296
5821.9878556276435,6262.821580521074,234.2280233866301,13.608422886818293
1683.2561478700673,4671.7223856899745,133.2560545809512,80.63859378692203
8779.61839615929,6731.647338572448,348.85344554701237,62.32244266264814
8698.097363866109,7611.349542030017,416.81129157092124,169.3013109626301
3552.6105900088232,3457.059082244323,328.9121738405182,216.5408416583597
1136.308686697737,5869.615394298077,1487.4175029391329,247.56858120540707
9863.645523515333,1178.1048949223111,503.53499558316565,23.76885990954574
9436.699188280494,6858.305020728406,935.5156690116306,132.3633682248362
8602.390418638024,5040.806320518477,1404.4436059689099,28.88840708953087
2049.058794568676,6307.506939047654,1392.9353403633363,76.89835880564905
1537.3478688088842,6697.743219494004,1003.784455459103,346.9380175598989
7986.538574188861,1889.04386085601,1144.3603484678902,303.6300479075933
8650.598368777391,1354.8037864909088,1369.536923974347,280.9029152498377
8634.508130704504,1254.2627621027534,146.36104905969418,277.12059931318197
4991.458283029968,6646.783877916415,218.84247018383974,28.71538193646914
6572.91092792255,5304.583263077999,1313.428030056068,134.6694565538222
8747.478806674077,8923.247569103314,673.2687862987462,356.9543935356561
6940.359754656654,9683.23818563431,1483.9349439034706,348.66973316140593
7978.459585589804,8720.23584616714,988.3177968275032,346.8826151305798
7923.581448033827,3314.462644526988,1413.4950874937774,82.03918243163935
6340.119013554029,8600.977996646587,422.3019345379428,322.9410249886871
9631.554099071076,5259.642181588578,770.387338706307,229.88403487281178
3073.549819256183,2724.1769675634596,835.2002686507466,210.4006857085451
5592.706556673389,7245.415176498978,70.17109075289589,158.57303679268753
7553.75376811084,2554.34918762535,969.573277878554,293.42344127160914
7641.917808277705,3316.269087268836,1444.9235058263532,152.11320621962318
6011.877691196596,4622.974596719766,1068.1607676609822,216.42148334422754
1588.5695581908315,1524.30575758934,1133.7662434958834,180.16403787818157
9920.100103508717,1258.3744372859421,965.9571644188724,340.2130163551599
2315.9766656840493,8963.665122733466,810.1014432258376,116.5958171782656
9735.319964324797,5088.149617197374,690.8174242004593,216.9408072017247
1889.8582663650654,7722.206049993011,1013.834496299581,66.4405376321227
1322.726941130685,8797.378402538103,1113.796558594446,132.5451773639624
9747.091752139722,9846.844722243588,1145.557221129315,319.43844624104247
5792.329444386016,1742.5121833713529,1284.133208789058,243.04698214666357
4837.227884940076,2125.2163005967877,598.2786398581836,265.0394156146928
9457.427044927414,4366.985830158976,687.6598612534165,181.06307099397307
1396.7639388785772,4986.423515184109,1327.6118442763586,220.73346731807652
9799.90606932593,7347.557992689348,832.3564352696195,9.106367485486613
6550.798477849932,5876.438142464536,1000.9807944147368,172.2258200208232
1600.575477675408,5178.975855568126,859.5209103422743,85.84517106134682
4234.264118312345,5999.128720337503,723.8360335131488,148.80207348728646
7335.15233167051,5601.386710764129,242.30244708076572,5.913623214783438
2362.6820290487676,4239.626619939082,1444.349370904324,155.31505056617885
5363.103009877625,7184.0557825366905,1418.8236221061788,52.74734015416884
3749.4539140736024,9286.57137550668,846.1173496184816,338.8574308571887
2866.8649776863112,8163.992965637802,595.4717664318439,10.845631703712371
7483.522871621152,6012.5396709598035,1228.0574243728804,222.54277898307217
6725.11456614731,9868.141275247888,707.001213497702,105.61977345695854
8524.670925882705,6207.4159511949165,1437.2518640864964,57.8057630205102
1326.5572764377682,2572.0451949582957,1039.1255652381972,265.28566839926077
6173.107436870875,7435.221605996686,1427.2957124797654,26.526078985749983
4638.613576086687,6205.23419263598,913.5090752232403,171.60770675226505
2811.3307994411925,7276.569107072707,100.06868260691115,224.24214454852543
9656.111079132217,4002.0184436707896,945.6567998754247,336.35894851963315
1219.8297957942993,1957.5534098830126,237.1805402512043,261.4890890244982
8811.776418806276,2334.4747474101205,827.8872267010731,101.06841271176474
9420.00283528032,1401.336458181704,1380.1738266156667,282.0611486505564
9825.252318207702,3464.513410719128,336.518045184185,313.6737537852877
9204.187698355348,6645.97428469732,1126.689097715045,293.2891688116047
1147.5514494967751,7198.617115422331,672.3952533334391,95.3993466840603
4574.140459251099,6093.937724601123,1312.8323536843247,325.6031845299073
6703.816798220236,2990.7728529388205,137.956613271631,179.8798268324751
8153.790632087828,7079.274734175333,601.2719216939189,42.23200019323567
2896.8527385954417,8878.77086558703,271.63882787298263,103.47361787000729
2538.1781226077674,3497.8052245867616,90.5948449404327,78.45701815160437
3247.470437250301,1479.4497192010035,1040.935071560456,11.706516235397508
9264.643547427124,6181.410802183524,1324.214263951325,41.913963462249434
7195.95840470318,7621.724740922595,694.8971300820585,125.90084463739593
7992.311334064264,8178.489299151969,1386.8522577714884,352.52444078703735
3507.083239575483,5165.639724664938,729.6695384778446,248.22827378129082
5235.9816382719655,8481.027828603186,578.601630646218,265.42465583809195
4196.152755270041,2388.4658624941067,74.4624746608964,216.54248073096574
2786.776030532995,3851.2334983560236,1325.5965795013208,97.02100834518819
5293.049399506722,7920.075972751781,1156.8977129418674,85.81859783536909
6134.61830322859,9707.294994747746,1129.340685700384,130.84928294179602
8724.4556826176,9961.309335773643,267.47488710566824,279.7854667589674
7241.897128134565,1725.9764171853853,1003.8431002848839,206.9914800905563
8541.962620662962,8250.257638298674,476.3580270934736,133.267025785663
9828.161741595057,9902.4571477563,78.514074891452,73.63517530395515
1188.675369190185,8932.771122081671,1261.2578183621574,339.4925013663881
2337.1601019653517,3373.1786336193572,1166.8230484371456,82.01334009706127
5703.728020591379,9377.767249890525,59.90445321592457,250.98841919780534
6780.052019759968,9945.01619035262,761.689585238452,174.35614590868389
3243.2713738806515,3694.3897180538684,997.9093959902101,297.21678775176093
2989.9996040114493,6289.972293808126,526.7561040043694,189.8026609887077
3763.5154339409187,5639.141687844959,1152.1753869472568,19.827927404105953
7244.390516888532,1647.6156975286785,264.95250524483174,163.63540736767135
6335.4154592889745,1249.4022779783677,1094.371059961663,179.63568053407687
7839.318413135749,5555.199588494149,19.677477872393503,210.88665091545104
7687.773251138376,4022.999370887964,227.15486002201018,275.3906472691105
8983.918000466376,9903.01195344975,1401.462814211774,119.56967877358292
7246.784508486695,5016.205549816008,949.8677372809758,262.52691267330636
9461.296079389589,4329.769293760442,854.5504922567683,294.96038472784903
2086.277340487309,5160.003208190703,1258.5100009043758,271.25843401487253
6288.033144918341,3811.5128845833287,708.2714317271597,252.15120046587154
4686.4746453402495,1292.9437135952492,346.0575451604753,326.9426199812834
6193.936696704487,4007.618217564313,403.1658800717527,76.45278783977882
6298.152798534029,7749.015339143683,741.7979925929919,148.95423647887137
8456.212400251032,9148.13639670976,749.5467753247877,50.28327927102451
6510.1369844670035,1828.1526123102901,859.8660385540629,355.2641177827901
9269.116475087983,2181.375054689557,1267.7326582149867,98.29019675010247
9034.10335450488,3007.4200093892023,285.6511497677253,345.54217456598195
9501.382113913332,6199.620368482573,600.6111000894307,246.83777819934545
1529.0038023572533,6397.75872152817,1367.5923636310583,185.00346964142446
6038.520504297281,1902.708306945637,774.1252800143234,63.883340330570675
7696.194486356414,7298.819417807982,1011.8021270658684,311.48928596804257
6840.370846197593,3714.7100506794072,7.769716018744666,162.8919663432257
5261.611925289543,2320.136307349024,291.955998461759,172.65695324837193
5738.17803836752,5442.223730670107,223.82976520501518,321.25815816773
3325.6515747346198,8154.017713488212,220.0253063761468,37.199577862268406
4082.360144177267,4739.9535445523325,703.3042996238107,305.4547941199097
3559.970135420842,8787.203624719148,1359.561066424005,268.01683929890584
4344.550330019147,7821.997268087044,1142.4408187504496,305.97513927548516
3386.4963820869866,5156.00809245979,1238.8018637282419,283.1440777454859
9854.724422943058,9603.680524930682,178.96459819845998,85.27527842032704
6661.835618825431,4694.435914869266,1060.411869799214,306.30322557274667
7475.103780842962,1580.632018501637,58.3548604155877,55.74511253462806
7970.75217611872,5401.830085847101,945.4843869333478,245.55934231666834
3878.0406090817614,9042.367741197722,836.6726290676312,20.213105300671796
2946.6410861598124,2212.7871213104545,607.0699896543255,36.00252944437491
9747.65729101444,5733.612008955056,197.18656670979726,317.2101398512147
4129.320616133247,9555.723618565744,1213.713403680492,260.3148261301222
7005.563889711953,6001.005793154373,49.14451041309122,126.56132319214429
6435.300935882326,1537.0767893760046,323.45556520404705,195.33990963440584
1595.5132369414305,2231.9548340808374,1391.2300046313994,248.55194327057072
8016.654742317769,2099.3959619333245,1339.2992556616584,16.73851008201678
5415.756390027813,4191.35851972192,1323.513129311523,331.8967168173613
9825.79014848528,3741.3318305465996,1006.3455241369024,122.74604119746297
7257.076001563176,8755.177572958088,329.1536937794237,241.24646770251204
8862.368562582356,3029.167887995075,1025.4337569876727,152.15927364537845
3016.955039352306,6150.928344965222,1310.3995733491272,195.87610593778768
3359.7827327742707,1333.144536274217,125.02681011161192,15.528142349721968
3034.7729311281673,2744.1750874133704,449.1419025128118,105.55540725301553
5905.879934939108,1355.6440441185805,64.25976303167121,89.32522015623735
2618.4260414465753,4622.4179571639,872.3754600153916,251.44950024436858
2536.5995791003816,2841.2056455982674,148.935196101124,333.7286474331757
9893.4376496372,8063.2071839627315,1293.8562467428362,40.39814308747363
2668.730955279938,4648.795472558287,265.27506560519106,112.36011370886118
8917.138500708083,3627.1513039357205,531.3430992770914,9.755182426965098
6363.960488590855,4393.438704692602,713.7637369681356,87.00817726463843
7608.133164406489,4199.030833321338,9.70991586785905,201.38530067117645
7817.718916574487,1831.2436064637573,992.2628194320187,270.61074715740676
9927.434993085895,4807.099146281153,796.7670155157526,263.1494171474541
5850.633714711073,2848.1904457100172,722.020195623671,262.6705686564181
5351.623115700997,2974.9974497277694,421.84917923957426,116.30858721776694
8008.985488869129,8526.982861596443,1449.9443442096083,169.5210117733514
5547.413181008197,1793.6297402861956,353.0583110727916,326.5656467034939
2594.5289212458865,5516.559094996732,445.0539894713313,113.13701844774391
2930.603129365036,2362.633005466848,968.6328149490496,123.6008109186024
1156.7222593659696,6353.266016542352,1426.5442028272435,255.20743450295257
5535.559759320151,5139.847980694545,1024.5515775773715,309.8220865303323
2097.1401817877713,2372.8858829065834,1381.0657794528781,154.9078189489214
3356.804442691333,5789.327146365034,1187.9891767822367,45.42269409174175
1371.3307022286085,1713.0705880687642,946.1126175316421,81.47589631157105
4646.070663188899,2659.8098231694444,1037.2315125780538,211.46510433347922
8583.97717908326,2999.377764420884,170.14201275357522,27.448819783693065
4288.143973480568,5544.650787813068,986.6383447725942,40.46032520288708
2851.245925740034,5231.715324765972,439.92218918940245,24.849875998690727
2419.5202554160614,4179.2518765385685,235.32582327595867,24.763044569706736
5158.329287332244,3409.4915923912904,932.9202672499913,251.1071123662202
2756.1950129622655,3547.189986003825,1418.8765118169872,189.35891145150325
2454.692440546379,5056.5029486398025,1158.9940822722285,81.2171996881866
2119.969293756671,3700.4961379936567,371.17353334746485,167.86548624985824
1215.4999772086346,8216.936266417575,1243.4369094910344,80.72637125840333
4318.344850276591,4561.868575234967,674.8130409507531,335.150956830837
9661.423259634745,6605.472803989058,1283.168360675395,150.84330414455584
2534.933920394906,1125.5930501088294,323.6475797459262,352.7864121776121
9920.310180360251,8686.587385468178,112.22660179255094,16.82307461403145
4509.72071586301,9893.372390410155,407.9020151785771,349.76182434397646
9956.843486208661,9164.014893243286,470.88613698419186,347.1722986522897
5460.041982491515,5514.470348056709,1409.2465290788696,21.624309920396556
9621.374716212138,7119.878838473678,1131.1298861306145,324.92572845210736
4987.883174381936,5494.995425534611,647.569634762873,38.999661663830125
1599.415851585987,9142.80893878709,1156.3152813655167,254.49969865433675
4854.036740243993,4685.717854661578,267.6603665943496,99.64634292839621
9144.957105905502,9472.93762982842,1221.289080397686,219.23847241110784
4427.005267131326,3607.784711840901,639.6592668105861,352.88336896511356
7179.288281325611,2211.862576351737,137.6235144374459,104.24432176562962
2703.2485125052,1329.6181645187494,894.9476909040469,321.13646795466866
8324.006393809319,4348.933223503305,818.9585028378049,307.96654779894965
2720.7341881334987,9393.197587326713,1048.150978040791,246.87260817506976
3011.9942993802656,3866.7414545178235,98.71324121149989,292.40993962300405
3171.4884058118187,9076.605155071033,1413.4993270357907,175.35746124443597
1361.7263855156107,7008.835371534404,1143.3816605756545,231.07980078692242
1104.2554089449588,6927.740775185026,902.9709950136619,193.03232615224036
3878.304351422847,9432.516657827757,617.301962143659,40.070965219114534
4060.5169889391027,4123.828853809587,1051.4980153726838,301.6516866371243
3074.3715623926105,8818.834271163829,758.178143676924,60.29321925947719
6274.376148604611,3390.7682070507153,330.74397144703835,306.863247721012
4286.219228774346,9259.248494926074,346.4376167592572,30.559777052347123
6083.284020847139,9955.242806778417,889.5771879566777,207.00783620590462
6389.77448581037,8429.262178360821,1271.5857054642286,347.1244192255661
5171.287835682215,7479.31733555709,76.5928734542526,226.80545391043225
3158.5208792186068,8891.921246468399,651.1188813511983,158.5395630477571
7008.119351946108,3061.251052696025,94.67588956658095,148.05303536479823
8176.235190186143,7164.310671642008,1306.5764249295628,129.34349250611982
5864.16565688003,1866.9972073455092,557.4941602359337,82.69233326015107
1197.3554571306981,5514.3474267594265,1367.5745907702835,337.19024396247954
9916.900539800909,2905.592440435743,573.61307782225,51.44371422110066
2583.739705639966,6074.617441682932,915.0143610862226,268.0954775268791
4184.853490336307,2527.8678857769864,371.0489657412348,175.15032731821938
1199.8168743162132,4419.318709502519,784.7824251588268,275.3780159274807
4640.156121056356,6999.080112427315,978.2589146948251,6.769369596194282
4372.775279103875,7591.464961057515,872.5083647722491,153.23675230161433
2831.1640908900645,5859.577860893051,1098.9563652122447,63.32945464592592
4213.917910694583,8250.134757624623,1300.4405092457705,4.925554299952499
1672.470822472926,9190.866649692001,1371.6464555363127,353.50869326699
7615.9992667625165,8725.11046711012,769.2045632382702,234.26210765648997
3940.800886081294,5163.896793124291,591.7910203823193,197.6619456557764
5684.515792622971,3702.1348885137922,37.42894610991449,198.7995683952376
5407.2663325948515,8135.496579699767,720.8658009736266,46.979312518915116
7550.184039542441,8117.112738667217,79.96271930907685,266.20238739018436
8510.308357493115,4111.30720027229,515.1825002592911,282.0418752406178
9957.742581864986,9197.36981985143,978.8928031981513,279.19558795759065
7089.0809698736775,7848.109707383067,304.05457872667006,270.18430859907227
7387.332991592095,8218.55760420415,1481.826052880049,250.72880723590384
5164.311597452197,6677.676353363076,971.4624798738573,244.08024119959362
4164.544292874783,3664.7367730103747,297.3283985738277,98.17116254851653
8182.43585853007,6770.994524833273,715.2944915302323,252.29047342514528
3789.6217917782724,9336.438412212021,331.26428410612715,247.07386469377045
9748.637800098042,5776.672768572354,141.8709027321671,145.8357941276688
9465.697037230286,7159.961210418939,1422.2291278882524,217.10502676598904
5619.258858928363,2152.527776044468,671.6378442223275,149.52834645680562
5053.766630749775,5977.518104863798,807.3340159861332,74.29950527059775
2944.287638523965,7536.476809631683,930.6614049795464,350.4487656307204
9213.547441560226,8029.769355557879,1361.502031395945,97.11475615901948
6206.328536984545,1175.2962734784198,165.0522000578004,146.28208995009118
6003.485815972902,1216.0434894123266,1000.5566925584692,219.4681227057267
4676.260864386752,3625.2923525023707,1203.5542173479248,140.9233449895898
1996.7666875773239,7400.4218976474,243.21644864525186,50.06420769872408
9871.016508641738,5464.492897047604,231.47779271240861,205.88716011396585
2184.5164870431836,7749.710758251229,1414.2864345739763,154.59241479627872
2418.380111154079,6839.185767388655,847.9200812871029,159.240789713847
8172.028451534735,4451.52757338799,33.902238221930546,279.44704413372796
2120.4281273446263,5018.903411641666,1206.3703719330954,290.4712967052753
6348.553742091599,4588.395259977786,567.3418592999495,256.0269929583999
3622.4273985988534,7724.300447961737,1475.1271864124697,348.921318265258
5713.669099422306,1551.9067923006587,1030.6915064522955,55.28861324660956
2607.0536910871715,4802.95309021796,1199.467889778921,347.22541660570494
8911.987474777496,6649.198088309853,607.4296418150528,279.4349388694898
6574.771976773134,6925.298089832091,651.310049374034,229.33987146526664
8664.834304377786,4031.8808848335734,37.34431637852041,257.51676259039203
3333.6849775904557,9270.341361432591,702.4873523210591,165.90275802918984
9835.697067854624,2613.587438378135,513.8217559420622,210.83832041505468
3699.155306386605,1484.3036848444208,1249.2902837175538,288.08063871525087
6438.606786371449,1504.3130801853615,560.0325852776573,8.838278672403103
8710.662492866275,6438.959279661371,567.8408361558753,309.6068089927122
2517.090688520303,6351.027554418903,437.1184020610766,288.8320184439819
9870.029023567926,4836.105809416618,399.6483110266233,338.35520551156725
1958.3414369520287,6564.972613830296,333.5462037529415,59.725571936075475
9116.023586512078,8251.652521049733,295.6657809902527,236.1706839810241
4058.9860210712754,3204.6429387093854,1284.1032937026155,228.39858082651992
8130.466969348989,8714.254494992554,513.8311789370348,55.73984612214462
1754.2322661982626,7147.332542470995,299.9894474250933,8.504901044453295
6769.752435844764,8575.696867276234,102.75109036253497,119.96473975665312
6692.576015965477,5141.681440574001,1186.1759205745525,224.89508274841447
2926.0207994991406,8265.876226108809,153.2473235324762,161.97788436713446
9446.971508666977,4021.6574484760204,1375.1722316345574,314.1578883326397
3358.5057642321167,5775.011389372585,229.57264670705027,42.3413242134514
9542.051401789862,2098.6804132925126,63.57761452203573,204.33243927338532
7876.579386553645,5497.351164164346,1498.8700267053455,115.09301528897264
8790.992648229534,4604.054461898417,137.20191754225812,297.6082011246635
6270.987716270538,3795.9398226756625,1252.1554917650603,353.4491114084944
9097.544756781743,3463.717698624396,1149.6916843393058,86.46452299837064
5828.1185744818185,1282.2376783523305,1276.9986975064437,260.46132775246616
6038.028945355809,4343.709932470852,1143.76583572909,36.65816390528887
1693.1775046195498,4820.4389697904,516.4651199513639,290.46672586401104
2919.016619288913,6433.535303077016,1236.6702899248983,284.54494742684693
5211.626490425796,6274.736508095922,1282.7640374520963,40.50579208929908
7028.8941485139785,3756.2668539143647,1023.1495415213453,220.86591125567162
8202.165927824446,9643.406969502721,828.6616104128763,346.7131574232037
2090.9892298439545,9821.142480994566,920.4584569146795,313.83487364053383
7653.961438683119,6702.025693909737,1376.323117306154,238.85528831985187
5806.461636789965,9652.923692187032,1222.451872478997,199.8364486724087
3458.2148775018163,4240.13147218982,508.62652188622246,293.0689473225606
8026.684269867171,4697.920709604072,1002.5390541330241,288.42534319184114
1874.1871319849201,7712.8205248586355,264.3847434087237,163.58179698714255
1710.3357316941347,5830.890621576265,1103.2181955949889,14.077799709115338
1122.1350812287008,2627.36015752974,845.6473182558592,15.010205634645498
5053.929103629047,7907.8677717963965,1458.726778641109,203.06158106921322
9665.678163871778,8538.509300811573,241.76118055341163,350.8683314057079
1218.2085495146403,8132.129090622138,1420.929019313764,247.13706774552875
6914.31077385034,6621.125616700143,901.4276280140616,157.9629179661034
1893.394637513084,1264.63812706555,327.4412916358343,235.0731423998132
5308.50164310502,6053.393194967997,985.3357414198028,201.04228778307032
6423.01766217097,6664.876017749737,1124.2466116286637,241.67035291064585
3399.5575200759376,5099.810449497145,257.40728837214834,45.5046078267742
9419.555616529933,8421.255387789497,1352.9454538954096,111.2144478778211
3701.953943852474,9348.126900313127,1397.6723459602267,48.680677826590056
9627.640116968809,4147.675904768403,682.9359549123759,160.28471206839706
9321.636073445407,4869.841593422059,863.3229043234215,330.6854199097589
6152.783507398497,1690.6701981259232,197.62548590016928,215.3315543323642
5624.686391373517,6868.807390571241,714.215850914379,175.67837804385252
2657.600732826788,7608.384465091693,981.5794336736175,19.46869126464071
9795.810869525472,9703.42994488569,1169.232723302997,260.9386571755932
3909.575490722929,2489.7896937824353,702.4866672591745,337.1939090486154
4984.403537659682,9817.475362940544,451.7736175829264,226.90526507846477
9551.962170612424,4734.010638509331,604.5934837790634,349.6773317681781
3340.7749825830156,1344.0991501639542,306.469103152868,101.29073260567328
9000.82839659476,4817.096217916592,655.0313204624523,219.5462427641769
8795.164600545646,7967.742790876225,114.40572944553948,64.48344378151978
5452.577855173592,4846.887673042114,712.1368227343108,222.53387308971796
6826.992533706463,7307.031599295072,901.8849611930283,85.08423561488796
7096.134445476928,8408.03577578106,31.213052599410045,198.98591757078586
9772.590864235664,4313.9452576024105,50.639272422876445,45.68310666327292
1874.9657763303746,1605.0720859696762,733.4532277165008,341.688506021113
8121.113249695665,8546.11954240082,718.2884954714114,167.86302337092246
6886.897596271406,8058.8799839415115,1261.677238089875,332.30582507898595
9520.394084240474,2888.880680093261,62.657168984535716,146.04622101586278
9037.724926883944,5921.392268538655,5.345554635468813,152.18155161803497
8328.89158496788,1648.721091820325,928.1222029717874,268.2582198461833
5486.55636615474,7232.142698229416,1315.1662727975784,119.45804301778671
1753.222887811259,6388.185559407759,1381.795580596373,324.0390287407266
9769.591189293153,8685.741758752833,580.9692984739439,265.15623143260837
4449.966370615198,4999.762022004685,33.99098561082315,149.57848273598304
9997.311494010348,7715.782999612306,751.7084022668993,333.04223797630675
9678.400261392817,9023.896973549286,1304.0609491644434,334.05973077531894
2810.814571075282,5038.897902975337,179.53727143164036,36.56626931798558
1788.622093137673,1696.0360301293072,1358.1569958326263,190.32378540231161
7481.841411066704,2596.869406299555,571.5803244527597,284.56663691367936
5885.552092525669,5635.059184875503,360.5864848406895,197.66139420605774
4158.356931556372,6986.444554204895,1288.3510303331368,35.39846128923164
1541.0854529851122,1248.6941833062974,1331.6677227813773,321.6076763452772
4358.19765689331,5665.534746755683,1212.8779914560805,168.289273487716
2545.7044394051964,1564.9611802377412,857.3298804254879,313.64151320337
5190.839157064112,4254.405103699912,666.027723894733,329.5882901941898
9074.879391004044,8038.6018503580635,872.8878312891402,224.85797164530393
2880.9351728190813,1888.7849843627087,914.1125886377931,118.92920963511595
1277.8815744238284,6720.605605326546,1464.149971379026,288.06953485025014
1332.7867374468744,5503.553283437071,114.56292360777692,356.913100199258
6975.933014096942,8700.083192833243,471.9614155713976,135.64544388422047
4901.683431453689,9529.694591304351,477.3395364160221,122.24533020818033
4258.739867143355,6877.396538432446,1185.8007618019394,249.91863897050732
4281.59856119109,3318.195984881809,116.41432612390776,343.6581758288092
2515.7182001994906,9872.288577775995,1079.3472030382122,324.10831715874167
8590.458609316696,4298.449851668586,685.1198476017975,14.676736264578121
2417.221346479968,6912.7553986225585,70.24916476846778,291.24961218717266
8184.541361945868,3277.6943573862336,275.4135739147,78.11359336265721
7535.472935968016,1986.3148414396637,1439.899764046694,279.8309750714225
3880.740913697664,3951.6280248553176,123.43691653009073,30.51267724995078
6609.797123922942,2455.6042768853304,1048.735316459122,294.4733735138288
2043.06859438321,2389.3828639503936,664.3427162615642,307.33899137882236
6123.745107604828,2717.7218552057866,244.51455675928565,108.874821530159
2725.3202349487756,1274.5345346602874,1457.5113718491764,104.12581506364921
2049.1412293389326,5838.30219299226,1322.1239860344401,78.08892821398166
7725.543529809502,4670.347827742837,431.9299638898974,332.08725444184466
6582.544067916443,9606.143368698256,148.92591188671597,104.49556341337987
7364.856766788548,9032.319849269508,708.6807962324449,13.022530517255015
1793.4854281470004,3008.15612224476,1432.918979401839,248.6925655606421
7697.037998552189,6900.898163501234,1295.5422716351961,230.17402761034202
4307.074083202047,1916.2438204904797,853.8673866170755,156.99131322261795
9290.226781774123,8598.837179178823,15.045582621577434,264.5305655595332
3771.0061765389923,2579.558566985196,1172.6025790572633,37.3886646392756
4372.202686997207,7161.133729467609,1443.0296755291952,306.38757558669386
4083.369881713262,7545.974768020626,558.1644180119679,347.52953698402087
6322.714085476983,1400.2181838077609,1060.3030157512896,218.27370293923695
5433.69118289982,3380.0374314035485,513.4302341183956,185.78473693789496
2676.379080023481,8490.879648744436,383.88966887418024,327.0765602727904
5089.956568133615,2101.0802088492665,1000.4646494723384,64.33295647754517
2801.526667253504,8903.893845259481,585.6304348903736,107.00720048750642
9691.763513152227,8902.875325048999,762.7952754381492,315.1105973860247
9598.455781759278,8545.287334465644,1192.5515380630977,183.1138699808613
8314.641547726118,8913.5731514066,1484.2396697804152,253.9780461192752
5954.611863260719,4343.269956338927,1246.5749059800962,288.6390971122485
4453.420302636174,9481.51251029275,27.792223027398407,68.65617182339967
6276.027502000585,5191.331141421566,1066.2963749394753,316.89790891265744
7001.089696974339,2428.924313479205,1073.2504561790286,214.19438191915097
8533.26752682213,6696.484432484993,606.2825111214526,218.8743813177158
3541.4941453612337,4938.124910413319,1170.8855562294125,113.67373549393491
3516.326109015041,1891.8660828791594,822.9738345558279,244.47857192082833
2120.1014187499295,2532.765918583759,850.7159399592684,236.93183775530997
4877.47581682333,6177.285408811968,925.036415260222,229.12287747914866
6844.336620790144,2850.744287441739,79.78285588814585,106.10485021049224
3677.4019930623567,4051.9361528559753,103.48211430167572,236.24823380761026
8162.737947119354,1855.9333160584906,1476.9681575711343,287.44868161315236
2452.049077339093,5210.193383216229,570.7892614337164,223.7820361024142
3656.27942344657,6462.64275381528,89.09556667368147,184.276830257008
7136.279816672775,7815.707234628143,156.9481006980486,225.97247153985498
6106.439510526073,4271.390927220224,1460.835789617501,172.23387717261068
5569.70219466784,7175.456501798854,925.1102660780756,270.0019926033003
5630.4975345618595,2629.487799748431,1319.3756644530047,358.6492219713682
7134.100405363407,5517.727341380218,758.805475267234,263.95873460159044
1737.199396634845,3507.6807967104724,19.19550538708705,220.21399694713728
2540.674850671746,7508.045608888524,229.19854942394164,296.93435321337984
8720.75762528612,3473.1543288596913,368.4855481307383,149.3145008549537
7181.279326495247,9600.015402039317,1470.1891668163944,96.38192052839719
4660.38854980316,3412.054672600187,368.5877697231028,113.52375168850277
8232.929845390738,5035.633000613304,55.85870651524692,330.442974360213
5680.377829649132,3595.81481898639,1121.8328208251844,270.79797390315974
4996.132927448096,8086.45337385605,211.22642605230826,80.53656028431443
5197.600889063073,9651.03276790351,924.2539162394344,191.6469283028755
1825.3384001028128,7991.599133749171,1013.2707788441928,333.55057514750195
9738.207085380762,7840.764693438454,259.4258103958092,91.03487729438294
2572.843009157073,8134.4487091783985,1199.977706792764,31.897586352722975
6174.53991572426,2577.5190644614986,965.9331985881088,186.6967894589068
3033.92784114027,7594.323601766651,1085.5771200057404,48.15246315976813
5843.716595024928,5194.555466933176,359.9560134431537,301.06307937425044
8399.019242218585,4705.69670606587,609.201965349064,313.26962657396786
2149.651647046734,1553.772928197257,637.061445424803,187.04394755395248
2995.922406438326,2420.61024008277,1001.9794777685208,304.28503350889457
6404.784482712699,5747.731419671152,1340.2622692503157,49.96230698857161
3451.8355588809513,3905.5884113290913,1083.0222102363043,313.485485747596
1925.8721789417891,5427.493817527056,665.3152203536995,354.7432276902639
7498.893403204768,4939.054396857937,339.4019220393062,307.55861119651996
5668.244428506312,8427.808278103072,308.49816359651686,224.150639067482
9480.24090455115,2176.7346729886754,1093.2138745242535,16.447848290636088
4989.0696017825285,7977.6368462604305,352.83693222445754,57.32132262962081
3201.96827010986,1999.3229222319756,570.0158065519255,28.084592956872992
9225.741997793468,6048.576911918793,701.7439134827858,262.1389247671843
2970.6945072398703,7760.480843911572,174.47608436546676,8.619926006499295
4367.615749226422,8051.591839595369,1109.4629982366193,102.29647966103978
9998.348065253012,9619.34401498369,987.5828520245972,304.9380378274807
6795.32069744075,6796.3488664359975,1100.9263844252825,46.827379120314674
9607.73392639945,7450.748257020707,916.3659425862216,77.87616469747823
5705.593432940545,1175.8213766743347,1250.3655227694567,355.397527787428
3370.727027932585,7128.120900066476,466.23463145007884,104.03566383105152
7521.1282296169165,2776.443129353881,762.979251449152,119.05545906668219
8270.68889005401,9411.075104548861,1187.2532047759712,286.77341698289507
5700.845594655292,4100.242102890744,131.9478376097251,129.98320007327862
5230.281541996511,3420.1915853666196,1178.1149186162527,247.56516970717112
4301.593540854612,3622.6407053703056,275.1666529414691,351.8541524842121
9089.471512531429,7609.383801159516,1463.8114368166887,187.54532229975456
5547.512182638344,2285.2566569501723,195.16168167596766,146.6174992108529
2174.226953265186,6891.292908604483,1397.1013956989584,77.85184889862876
8280.535098382265,3595.1435632208086,104.7447605434339,59.45741449120445
2767.2333303312544,3962.8361254698634,1174.2302271417682,172.3866860219265
8529.879095713079,6700.522183607888,109.22450780004955,236.515086424335
2307.3348362110846,6202.062305316202,1205.9134212104454,260.6000548938629
1806.5048067182142,9853.529180498665,1438.5886341631815,183.72247619499296
8126.45311460406,8894.42836589838,429.66263622817297,237.76654820823458
6564.817432423722,7459.88672651855,502.8419180102033,18.16209446461694
1860.5332411908053,1769.5356183136785,1368.4149076960343,184.24018413826607
5650.8142953214,7072.05933959635,1204.2661161554029,74.33705885045812
2816.299008056806,4284.357033126022,657.2035801163255,156.6236213165373
2082.30590529781,8080.128128063765,428.52814872709325,311.50331138354557
5931.949865570765,9112.846001160447,841.6255403501875,228.05154645056547
1901.9967136071514,5363.619518700233,492.13972860077934,39.49401145060235
1941.010811910834,4001.8671987073217,923.0240006397313,132.66409552331314
7051.604681979132,9798.753027085575,671.6159801188011,216.23806903874979
9577.553223470426,7740.189747873711,621.4268351419938,215.0680004254994
9925.293786839471,2437.4966002665824,571.1570074401112,128.65127467723636
4875.114919036074,3816.750983193762,900.3662583308678,48.27616929460791
5692.38943824962,6498.447377938414,1157.6119126576057,229.559644225716
3861.5182971309237,3041.8801158831247,1416.1069097593293,311.8558638301477
1171.4364909731416,1356.2939887030793,327.97406304927426,328.1565177438173
8002.219991912848,9875.658537477284,1160.2713545085326,315.06924000979024
9270.369341827716,5104.4960296008,488.5424670936129,292.48561174149603
5944.721096391652,7608.985980338119,590.0295578781914,133.8355040297352
7527.4677208044195,9999.265654503051,922.7553905560688,166.11308867854072
6091.662303763114,4590.097553826376,246.02457640626974,306.3230784507478
8335.067059743069,7629.400029820433,1268.6642068635056,333.6755795406804
9542.973868689303,5633.050314858471,946.5149200079192,203.36877732506125
8176.251924368485,7662.974000152162,434.5988377979102,46.55112838292515
6294.317900833339,9969.66525178457,1224.9770509090306,267.4207346768954
7013.588577889031,3031.9133266711,809.4300249614856,62.336378340956095
6088.778535324069,5907.833276492813,672.1424376165088,264.01764416743873
6992.20112917143,6879.999280936157,1454.934073077269,165.2902361810958
7538.323801224933,2224.9797688211606,408.2908534068704,306.6997849664929
5330.145756770411,1984.1956146726857,108.71359362805732,298.4403439213965
4112.794182704662,1565.5185473635825,960.1264279973781,325.32569614458345
5074.705262711101,5713.758103667675,1343.5869750963623,157.1006097001256
7633.750094478069,5075.399700843218,1216.7978056488162,162.20730049962197
5815.634268628733,7909.208340680124,772.0875481295999,275.32685559539794
6084.159075334938,3055.323564713157,1185.3885066745931,70.9781235862191
5316.306616164699,8376.145374931264,1023.8250128746365,294.525691139982
1597.6962910591799,7533.096515312833,1112.5306326419009,43.63604492462663
3015.235092116482,5894.448631645324,839.3806068468699,136.44791624407017
6706.513583493669,9542.426268922485,240.32236518798348,212.6605451924248
7265.200900766121,4854.3947228850575,810.0953801967214,225.60616422614967
1654.122699690416,1271.160297553033,1338.3801838225818,202.75143752527185
7327.258933002176,1870.9348137943914,258.71961607577845,75.76131475885632
6125.304408727017,3718.3492864996415,431.3805928934403,157.33309651455716
7724.84312942957,2127.024798674078,916.5106637500247,42.74316534023693
9604.948031108208,9306.688604251201,64.54633352566641,175.40005450206425
9226.985889954878,8480.928259137094,1217.6594620085878,249.96891500967217
8854.593456319737,6149.269551417656,310.5259434833089,193.3059807032305
7582.306865757771,6379.7906899894615,516.3457235300917,349.06158147337993
9189.865063043217,5391.992737452613,960.2014279126358,269.5405349030894
5948.987328855012,3068.643405155042,1240.7075841011003,22.21079817901322
4702.113185535565,9006.697931110084,938.069424114808,297.6612480596986
9403.43232577995,2250.5774937671704,1326.3498288821427,355.38875176639465
8713.93501059469,4977.614884427898,1403.247256349891,65.13510293477371
8393.60243753524,1833.4946749957803,903.9589896594151,31.39329704187289
5030.401717292229,3888.7018320213874,1403.3341145916536,350.8306540774851
7417.0997109224,8302.34748016973,836.7362386085515,284.0241157144726
5757.281406684796,6788.541851453522,377.85421933940745,239.30583642639684
1418.9740440443845,8685.260375201757,328.62263103638827,234.48938886788665
4097.279090811596,1270.1014516443724,1045.8906386718018,292.0756230383386
4568.530890446118,1937.3218869704447,407.52109017181385,206.76926405721716
2979.909576929941,4118.930561711668,1052.9631758233384,152.042435072789
4997.484255332924,1866.686653005073,562.9825476919265,1.548478225124133
8845.431629991592,6140.126145749287,1324.7659022552832,228.46037080378952
2970.312936910309,9931.892776961204,1021.2445302564748,77.37656227280837
2555.3209266777963,5895.500338884084,917.6149750416206,234.411361572365
8649.687738686573,2957.636969455053,161.99016578256433,205.86808190654574
7348.070857357915,9191.410582736225,596.60390114227,64.87258575163843
3842.662146209828,3184.2126780684775,1085.522735637279,29.733049051442414
9874.975431477751,2768.701463275268,404.6023705398456,117.11698578485174
3317.149066647086,5511.147032201147,193.13969272288898,62.766209766013695
6605.850212275602,8859.153424325366,829.6714203797042,209.9853526061437
9964.725955959251,6687.115410459462,1465.7253889063065,12.903626098129777
1350.4928960541695,1282.4774245243698,221.55276403700194,152.34008234898008
8465.033144983212,3705.2168640914692,163.94726503113728,88.07693482115145
3404.642130176542,1715.1163733421195,535.9789375636135,269.0526234620619
1594.7330142738838,3480.2410512968477,443.98449103142406,78.00285247709695
9004.78299470669,6163.516612033037,858.8164260602243,81.11802691746105
2214.3670151879724,7229.253005600618,1408.5669951431346,354.20051231711295
7367.746740432297,8052.813363257213,768.9849961631887,291.4897393444902
1317.4625493357435,8522.286790379889,618.7355790410755,87.67246854572517
4519.225521732468,1773.246014979938,1425.5152890636593,89.38424509228844
8798.922003662901,6086.232778610665,225.93906082538825,45.86150766550699
1816.512828170184,7611.49430276243,326.3140984029376,160.98190143488236
1248.134886195909,8094.8801657875565,934.8054329683278,307.2898567390002
1572.8978785049683,9484.579632106963,42.5589551322829,109.98596614661295
4524.115555152237,6290.223172655953,125.1660167798368,176.33763346336312
4203.9013411471005,5420.879184036442,1244.810616273173,34.485169805907944
3976.2969000112284,8040.788058021014,455.67307578364085,302.43905427745506
1226.9140005371198,3015.6570565106563,1487.5171571600952,197.9932958625454
2096.347497401406,9809.379028610023,1233.8307485834075,60.01805938029735
4937.284789434607,9219.620116761243,363.8563732793528,312.35783614678934
3242.4260607332,8220.354282526636,1392.322054048855,348.5217092572697
3760.473734966994,6292.343452080419,1281.9760730000912,325.8963124061694
6683.478520442498,4441.45384246607,838.4203211395209,311.0937518910124
3561.3393834230587,2279.192832669986,523.9575307079415,247.91021617438435
5048.605643603843,5028.912276334353,986.5245123416191,205.5101499967394
4599.49385367496,7811.497895070178,1220.1569228322612,216.02870421951397
3667.0053569700553,5182.421032586459,1102.466224514598,262.7868793909045
4974.793474318807,7104.419033765845,59.66920853739608,181.7148736276038
4144.321712797707,5144.554638090483,1450.8039695509672,95.30250223039205
5075.631265663226,5199.239154856796,531.5327718779677,95.7703671371371
8924.651221974196,7306.19630626136,848.7829751883412,31.377433025975837
6497.523330810553,1550.795073331284,931.7576359475132,91.29133440321473
1172.5702458328774,7661.022218587848,963.1822088679502,131.07336177642466
3077.6086677802496,2880.0266861716045,128.58082335701903,238.92154460488945
8213.52370575238,3638.8632953146193,820.9396560195072,144.20388236752171
6487.039988636009,7157.086528802937,927.0911761275271,317.89090298366494
9604.904897914623,7332.8826324957945,1110.9187805662038,61.643233176546396
9866.686005193846,4122.03871359856,1009.7519603711632,57.282747729879794
8846.426520086294,6935.892902938023,1212.8758765345706,260.41413452869386
2273.5575643090224,8031.36005900801,548.1748058639304,115.71820267167395
3329.0221411239086,4230.255329182381,1477.1309644053983,113.702096720104
2607.4296518958904,9914.335868126713,931.4759539536279,300.8470600941396
4382.409662188929,5974.315578365823,498.94146424558835,117.74057956982766
5777.054989396909,2212.6503349382483,1364.6952145581622,277.966086969781
1729.271079959708,5431.0113096975865,1088.2215798713485,247.5344545395651
4816.014641669768,1636.4203169036477,429.4759599398289,298.88916303514713
7899.8757124562635,2048.2856294825024,445.9115316512101,281.0932362041366
9104.544275863356,2326.652293051199,865.8128969207713,268.10320296197176
2538.3480290732277,5606.151999538789,1310.4062433293914,238.1536881170608
8908.132123311441,1123.0439822315084,267.69816848165823,251.71681131808413
4553.765589335528,2804.6121497902395,394.25970504707914,89.37108841470109
3066.0984264074395,6115.598963300512,783.9596014949976,90.34494407053525
3680.325628845096,4184.209731766012,861.1914654517067,345.52966710884334
2133.8350366398054,5524.535013277504,998.0152066349934,169.57061823994354
8795.428158222414,4122.642042616415,985.2752527897047,52.51124094390093
4588.524137634478,2333.952723285485,771.5249210978642,5.758940184451004
9367.425404224075,8148.910182063073,629.0881837570544,181.58148597304276
4849.629785493336,5591.2911640448,1296.053261781534,292.4666129594079
1990.3267646269421,3037.0777516134067,276.3713896211191,77.08755092926974
2265.496146634897,1288.7040147054904,982.4582958218974,60.39699907795335
3968.463979415771,5695.467707698314,101.08691509945055,59.49672595935692
6137.747857345266,2229.3914756186487,1276.5725686241738,206.64009483510748
6122.278794963351,9931.041388683749,640.1255481480492,1.9276610082825525
3739.220290747603,6119.52964694268,708.5324092447959,196.95483870486896
4263.898703410663,2229.9244827494686,328.759582322781,355.82989763353334
6109.384849878225,4937.267274609669,811.5707020507635,102.45632690913102
1449.9974167109283,2556.074083331402,966.615872811885,215.14323089110144
6125.607705689942,1310.570221552713,1495.763180895376,312.49344479163483
3644.961664922612,9290.673810158265,1276.3517530483534,117.98771598748814
6173.6661732875855,5059.862877424139,1233.971837757505,160.71563663942678
8046.507914843814,2063.036687344818,382.4142549557761,219.3424755316226
7785.068841583076,8329.175882861597,1424.4790682378991,8.009174805678931
2207.518047806745,7762.75199973307,320.3186693928738,85.67535922326695
6183.008582923229,4708.203519536863,1049.832897524847,264.30074640116214
1379.1002178363722,2026.2341439474155,581.6084369187172,60.13826189262754
1336.6905459236775,8453.697269197113,660.5696686786026,46.332624773344044
5471.470559496128,9290.43004959798,231.65198419398143,357.7080268406128
6739.084360960909,4790.724030209638,325.98335991073935,333.64908864041115
9392.354676598667,3382.00616125987,1177.7457125577503,161.42474679215368
9758.649518507184,1831.0134361920295,1380.4775002861538,280.75274296490807
9488.185505530026,1609.51441221567,998.8864799473247,17.785898720210753
1958.0367852837985,8435.756941064155,1071.6270669508083,324.4591711817786
5046.851620027506,2610.715594089245,756.9000756441516,121.629161338887
8033.341500448715,8669.673081774856,914.1142256601581,180.40065698601194
1642.040290942615,4167.321775248179,784.4328760708967,64.43387631255052
4695.412836863314,9081.825065681984,612.588067662555,148.34303585911647
7057.549763315734,3996.9855785349437,1187.7511326298086,23.662602296595185
6974.227956513139,9086.51211914263,1390.6642092262184,92.37849848480654
1565.847280320278,6536.322220252333,360.1832288712078,255.70791431855383
1349.7436468131305,3257.405887516143,1397.8307339253286,70.43105935052738
1676.151861086221,8236.026591519922,207.03005772607256,200.0158202556108
7558.076323434694,3432.2438711712584,771.4314776776301,247.8408652267523
5500.50860414798,4475.348086026637,1077.0211798029454,264.8023772626176
2935.2815669865195,7895.614950705472,288.0657369632201,129.5657498884495
7488.113979649037,5766.2447742171835,1158.1974353782562,128.99868093851882
6345.603898388834,1637.1911161876014,851.9135961932438,48.33807731206627
1948.5594960465507,7974.606978972194,305.51729218780645,281.7460864458601
5713.19304429763,4642.420597420627,948.2628322273458,102.71301939257106
4092.45777557882,3692.655020797608,587.0776133588619,321.932795332813
6743.397124199617,6497.665258112446,195.17680291523465,9.052795226554506
5385.597031797361,3099.3791939982693,718.8662688205195,228.34220893327904
3783.836307789904,6087.696933210877,1421.4102793011234,55.9008163076934
3593.8457348954803,1615.175638971293,276.81003975471396,316.3999776656107
7709.155366702687,2609.509580848176,1420.2608245185777,260.14015859354157
3541.55862416017,5664.271768936412,588.2948042992715,193.94977323788999
1486.6232924256092,6311.1395731745415,257.1802399528623,189.7008141866309
6565.765363107501,6201.716088211335,1189.06104682621,20.388223262186536
6584.520719891676,5569.1970104336115,633.5209197681154,216.55644137805254
1592.7197798825553,5507.863738078849,561.9148191074642,149.89126538981347
6151.669237318215,3347.412965775753,1252.8313653847772,356.2475734157653
4378.371859143535,4347.692177182462,1129.3801552518255,136.93332321762688
1557.2906020853998,1350.081561306308,1115.4168994425154,33.21527904388806
1369.3489888783495,8446.414468502235,976.5414659449698,106.69402737390035
4215.385532871681,6712.228953145272,407.892271633747,48.93323447007678
4646.40085367766,7806.871500337078,387.2802353476249,259.5676774503839
9619.203863994595,7629.054751041609,910.8970689820146,166.07907662865077
4822.667444759139,4022.2415880580315,1495.7944729379972,72.18805291149714
3344.8153263080694,9765.623840550192,69.80837259559797,259.6915117767387
5844.9627596665005,7814.282046179704,744.574153249388,259.13622611362155
4620.543800464036,1421.6679954849924,993.1613265583298,308.3775624671098
7309.118190168181,7054.5232904185605,670.6637821101455,186.46990697737175
1488.7852285722056,3491.682071846772,80.21397334759338,125.90850600533595
8055.461469034323,9266.212408493047,1149.9005973263497,331.43436330215707
8593.584566657293,5114.5916821275805,439.4322021184674,315.20547134231697
6658.309929444601,3881.27670405773,451.7552930228882,344.2998210863559
4310.067776303396,5033.045933722311,1417.7271016228872,14.896146016576813
8129.26648785823,2302.385057517181,340.63659852528036,337.2748428354189
8498.434617762061,8615.575026379347,65.86852360354388,4.145087614621431
8594.569276135899,2216.1280495483106,269.86672696575886,262.51190875877217
6818.349853574693,7723.862353799306,1187.0120635250364,42.44879109376138
8880.082547430013,4436.856162077518,545.4406504473089,74.6769083935016
5487.667837379549,1384.8871308662947,523.7119495295907,181.20784272347055
2493.8544735541154,2338.4601569149445,700.962117197629,166.49553575966647
4437.663716514796,4395.5799678060885,898.839587440904,239.30315108303682
2725.2081314129823,3635.994637151329,1375.7695045405144,115.7547229313053
9479.281400888569,7583.43552389139,689.840634668695,257.467766567749
6954.529170988977,6214.937030851673,1088.5433572752297,246.68351100842335
9215.604015494288,4966.20691452296,412.4249307870621,183.89681389050904
3413.6158889953012,4313.402148856158,855.743394001144,9.906833455461946
4065.352183907191,8708.858039234829,1022.8133081559986,244.1342434714195
9371.948878159079,9657.303883443377,334.157395078609,23.010334351638004
8503.128418323111,5687.760092816282,966.6094394426235,5.323532577404153
7112.156213958188,7175.555249187111,554.2019235900909,323.1435923731286
5903.220743160735,1594.134609513491,687.8778379597552,105.03056930631256
4310.273901880926,4374.924810141732,573.6628822513713,113.83706467036052
5117.73267827822,2315.2776449131507,938.3941967648067,175.6276907382956
1432.2573284718417,5794.452336600923,849.3816622031553,311.2331996452636
2660.26355076077,5550.429802558276,1412.1427704624534,102.90753053358571
3662.822168697904,9809.477654713697,144.62209564804093,222.49391162900181
4337.8608238512425,1405.9128790997047,1285.4927185776648,236.4730838238924
9360.894523168416,2577.785912225149,648.0076259316422,208.35872789337617
2116.864758912694,7403.904693950981,995.2325491357853,127.60667882875799
7029.124361334237,3561.4788208118102,1443.4833728589872,205.80433380680407
5610.7126682983435,2502.068761275353,1072.8100912704954,343.2507172946422
6344.717093955838,3496.043108631832,580.90845323541,78.73812326585538
3939.898071736926,4305.44253485077,280.9949952216029,317.01783044518044
6336.605710729274,8092.858301487271,1238.2745127156159,88.37198409178978
3885.0527129158418,2195.015672746772,67.46974292392161,126.05012035825567
2910.4874475627266,7209.401604263283,602.0781371910958,3.4901238750101706
9364.112266524011,3237.737827132601,180.40837548348517,133.43652778864106
5331.187320910417,7903.766882435188,1418.0090944330314,206.64067474833544
4084.3591568174575,5227.976945225635,987.5822729009291,332.0813783183501
9696.627406400288,3745.624980358067,889.3023468463945,95.42686220582854
9371.52946171528,4123.731247699801,1385.919040039245,264.3516716775036
4959.032018973641,4211.951202210315,319.274352072803,44.67261874970964
5669.783816048265,9501.21178474459,736.7845627932336,283.4451371549184
1310.73903576543,2599.2889542533803,1219.3992221581248,147.35298327550726
1817.343417201022,8195.319223982331,222.70538394924614,88.61436248468625
9840.64396670646,2328.2054848401885,170.31580369777257,267.4627920977885
5117.0568952970025,4028.004704535583,1329.0075736307754,241.91887481263143
9239.069733361204,9768.018449823143,364.25636482545195,239.27624915015755
6079.117796745158,6709.890756399221,941.1210001549333,209.25678451564212
7540.181519888606,2129.374411740166,1446.894884463025,14.756814917468727
9455.396104840873,7944.2931474356465,236.22598771843482,268.0794475370716
1130.3540658153006,6010.4704590757665,1169.8832443366334,327.9860762225433
5461.504185019782,4981.468882448918,413.53764491165407,213.9280381759501
3375.8268131436944,4906.5568597797865,1002.6118388138593,312.8487262212506
8911.674538845691,1759.5046989067573,538.3721063379055,260.6093885985753
8672.242351720368,1902.4462890243958,770.7594186888477,220.06746811230556
8396.761507996467,3695.579317097707,781.3309590654231,193.03257970615155
3678.866407607659,2186.7417067041106,80.14085701847958,268.10281937677166
6730.364286528089,8951.990333561722,399.99995135267636,47.51638756093858
2177.379179200508,2318.8951912205134,266.67329075745585,111.29416216877304
3510.405118173607,4095.9748592064107,669.5474508308389,307.9994733288572
8759.028067524148,3381.4977972558304,169.14083168156134,201.4217954524083
3981.1805805438516,2844.7242505737695,1490.061015535814,169.22863950210333
2402.521476882108,3996.4794728317283,982.4776634810152,116.8761888279147
6915.056492899483,5434.457462471039,997.6119978962103,115.2174370462463
4975.260761878131,6296.828922906355,929.8081907659757,140.2879088312608
4153.530241545339,1591.7290921374965,469.8978102265716,128.51605539017532
3992.083024078707,8179.470347770685,973.1595704872017,179.5998204150138
9547.165479382673,5514.274241902531,1204.0740479912315,190.29783510142306
8850.77854561048,5672.475879300776,348.7666258707748,25.42445391435136
7997.211717880009,7767.102068176102,1257.9577176321643,24.350603199207224
7303.210126680174,5414.483530149743,1305.6993804652077,163.2316122229406
3857.563819247887,8358.825048521885,295.35349065011,188.07734584640352
4225.502971935508,7863.472297779413,936.9183162394404,258.65857574406095
9404.666312256419,8201.901721027178,720.8075946993955,208.95611946298092
4516.332680024436,3542.1710819747477,52.71509532709447,323.94861823833315
4304.998511380085,9521.594347931476,35.23013648969477,177.04798890342906
5260.111663571929,9134.80474278059,1227.8974584760858,13.07892542648021
9825.692095822329,5052.60527492382,550.8440504328101,45.42991145116609
1889.2537405257517,5789.5638041789925,1019.2136177926453,63.51081480493817
9723.55717568031,3769.9484091284794,631.4733116015329,287.66377260800095
9894.595345830796,7226.948402942585,558.8874306420197,111.86585654693087
8610.230968149493,4521.807537955174,1142.7602815738262,336.4391146723395
3276.6261404854686,6932.2581888485465,480.1324811363395,95.39251215321619
8828.26499918255,3208.2787878109593,323.6581767076745,89.78632982596979
6799.955546210734,2169.3712148694585,578.0736744915457,100.60567212894651
6472.2157183859445,3673.978988806824,673.4909592879939,318.75539122987186
4818.451344439696,9135.098817682232,1229.8076991745515,66.22663925975341
3380.655536268919,1534.6475706840874,4.287727975322182,306.4848753319927
1761.0361533410098,5297.558103826245,660.0121805297723,289.2314506274505
8593.499125239923,4410.378201492181,246.56782184722246,245.18365993513012
9169.624221785583,6467.001453671185,498.9289657123875,152.87169706150777
5986.155620845161,2046.8892902317002,511.1751247195233,194.74448208098906
2363.3164101587367,7027.438495691513,200.876264781341,96.06924808117566
3698.7811288764947,4922.047872871936,1052.4402231587953,12.295402513126614
3818.2794807968776,1307.3581819836177,250.43550180554848,3.6652710458347375
8670.077214093268,6901.254306735602,1018.2284083773467,204.39511581089437
2641.054524572266,5184.425537033287,988.1921332839609,113.96367999073762
9223.697499578328,2885.8760888054007,1073.2154205383788,107.32549977769776
4287.02434988027,4880.390696881266,361.9279148477989,225.44880435500946
2193.592817435161,3279.832395668655,77.01956214625132,116.6625198847761
5203.405556420906,1251.4137391723136,1471.4714806681868,7.244136412755875
3071.81684317063,1245.7880919844315,94.75385025585723,168.25561907758348
8151.283578298596,9641.647526702603,1356.764244620286,304.69804708554506
2063.449787131588,6012.0969450700395,1202.9648611038544,80.25738394291523
2944.7016038005772,1771.082682925187,791.3769276631836,62.57311916520287
9381.403290352895,8530.068101624242,898.9299264510776,339.6350525811044
9797.733082644427,1558.791306641679,900.8320994711698,210.70055964133007
7199.470740323051,1182.7657467799195,252.44036710996227,3.095812810787873
8657.608385526044,2935.37694992079,965.2572770529997,127.10073347108425
5344.0564588044945,1436.2432589891896,615.3325381283732,187.365071728952
1217.5484701117382,4882.473348660639,1234.2315277962352,276.1059997336038
7569.430613358973,6352.723972203874,959.9443985566351,236.77127407258308
1363.441351734731,5824.433312973901,321.8714442876118,157.89732350509018
7115.639276061311,5646.617131136922,749.5377261031633,227.93913791510542
8120.278029345269,4087.169496824849,248.67274025298772,10.07066661634445
7492.1366017866685,2203.405240307856,400.821051845968,126.09592604817058
8510.459270146228,5640.686858875448,676.7539683348889,344.6637278550772
5964.3272523919795,9693.657876922824,718.5466704252611,308.7095566726929
8028.456784804073,7764.181486483185,934.2414019993204,176.78860081825204
7082.29329707173,4852.822516056478,1492.316737709156,271.5130499075983
3898.86746733296,5591.096260443072,755.8734621984785,325.9365800091802
4650.8435442535765,6998.316895496503,1460.4200125787922,54.50199225256521
5765.130876623428,1251.8951744451808,910.9713499726535,191.36062155731017
8889.333332683345,8077.26177808223,140.7387973247718,108.55221352546637
7330.4864089314915,8231.513343626839,7.848416159654982,131.39444379512074
1913.9450141401983,4352.042513077615,1116.9886977302128,93.616404356395
8149.740158394405,8032.939394072435,315.78680384789675,144.17891625582553
3595.3492023890803,3409.583465251728,166.86068313047693,230.8125113479923
2447.2531241033776,9910.660879021028,883.714626723104,266.5730468127035
7448.513050618943,5892.443420979021,839.0607982937871,19.058140182909522
2386.7326116756485,9548.369804453016,40.17578785374674,272.9863048779965
7209.341617499697,9282.628174394773,478.8193605247638,52.86276247176659
9388.021950165308,1126.9142130473556,709.2021108450175,15.701508608064287
9772.667619286152,3734.203077230605,1413.0537968028689,92.61860504830965
1434.4352671709648,3786.306494487783,1070.5871494972682,172.48749653762846
6644.345656342668,5492.999127787854,472.92144880558413,83.40850903127203
3853.5319509500177,8260.177892399388,1189.9549534771822,132.3800828771117
6532.165710374923,7842.857632186462,100.92643409781597,179.1775267555457
3880.3271467370673,2580.074039870348,943.7690655172933,65.08043520400713
9876.13747530109,1110.8000167431528,725.8297211036077,110.65769741418706
2673.7597513357982,4314.7529612501285,93.88472830446132,102.23158544168842
4898.452943511977,8190.771991180432,434.9141768403547,145.9590074665591
2594.6016015757673,6911.442471326181,351.9343689377344,198.5692779711964
8045.174470918903,4594.999425328826,577.3598127757298,45.365999813751586
1642.0154476812345,9366.098999008706,503.16687962536827,329.0725957398975
3963.971570150574,9713.594255079408,1088.103054039056,275.8724463448697
4990.939442532913,9133.510636745574,268.9859519077007,303.0306520802851
2718.851113238856,2842.306190520376,1499.9996617199947,151.11903171774068
4930.338963831973,9456.132628319852,1224.2552086001265,264.6743488208621
9434.946957069116,7788.419801305458,608.441496685635,253.55221404068448
3476.9557316443024,6239.534258761539,500.37975244378936,16.831839131818512
4704.556456748762,2888.8021463553737,1497.5932365525844,146.03126560430002
9598.780175347285,3382.498526889617,1408.0866365292559,318.6185767653593
2274.0999535619194,2599.5281115388243,1228.8983591982992,30.25586095385908
9884.612855278316,9681.98977781889,1382.5060467732999,298.3488972382824
5370.62398333499,4807.922553379009,1377.826777973145,219.69753330704103
2078.627104410085,6574.508775739053,72.18250830508862,129.4443974303588
6416.166328388736,6099.321933668185,697.682385432137,36.43680143088895
5397.482571248018,6886.763041718365,50.86004056663232,151.4083441967688
5090.734268509342,6029.736185484228,527.0344561906076,355.73203144226073
6650.950332678444,3339.991499491739,1367.8448885014077,300.8868346563612
8354.58864651376,5941.213760802945,576.3230902226335,300.8763562363469
3685.3170134164616,9855.013861087982,1137.6527042256607,35.213866537893864
9860.78818113329,4453.92529911969,594.0082894194428,317.35677547776453
8534.767982414816,2354.4097116135754,511.9464091483928,94.17573031030173
8300.016105569319,3475.1459474199673,225.20610291963902,122.74660673497249
2991.179899329842,4624.840999580725,930.4389121554609,159.68953745364107
3129.2491212874543,4524.107788487512,239.0097945571618,315.4834315769322
4082.8425103219415,4188.507296886841,1467.0665585141119,227.04117438440542
2416.381471919397,2839.5980698400726,1015.6619284949891,145.2956193603374
3593.765528166557,9641.924049062689,905.030776623761,119.60617483653202
1579.5458117699143,1426.3470773806155,995.3902559253942,312.80138208065205
6295.615401323858,8552.4802670498,441.7253039241067,91.89205406578643
3527.262724438168,7510.032519244703,533.1919540933676,61.62478325538442
6361.831888988687,9214.076404284619,1108.5702938745721,288.35453196342354
3364.775113418224,4933.688822805124,552.3824660540399,348.33250700727734
6259.36756690895,3394.817187668061,412.9983914650675,79.1029472096322
4776.230479511314,2657.3292291277166,1255.0755178720485,226.80008717346553
9386.130996409884,5332.402434304154,1103.7329534447865,67.33629146662926
9745.473300000442,6834.655875267463,849.1163734326327,179.327394896801
5288.214190786669,5890.100847685739,1057.3529102419,64.01914362889968
2774.532527157222,6419.236981973425,937.338889226652,186.75668177384918
7799.1830278707685,6647.2678028180935,909.8856447308292,141.81047872354316
6310.7296009252,9617.67331943778,131.20079641395995,87.18468673040626
6674.936176205998,5710.262156512563,1281.6424345711455,137.0430079757275
7850.402148527387,5042.510013826051,567.0822868296084,131.90020295436233
3384.7108500115446,9479.176143985684,377.53884801662696,186.17732075851663
3714.153837078545,2970.5252776389107,556.1084420353515,80.00823424017793
6132.430344846863,6391.659817279635,134.90457204549193,103.34998869504773
6715.374277724677,9169.196284340414,318.55047102162314,234.16371583479034
2256.736009187803,1111.1890173780414,12.112919212670617,188.52791618623584
6962.167106706863,1547.7368677191696,973.8921477710502,182.93147398824175
6340.473230558781,1528.6241435427307,918.0364601281482,31.468810743991078
8842.952351404849,8859.54151316825,1329.686640013588,91.12104196519458
1591.561087994453,4741.425090684243,1251.7068541564197,69.05387563003163
4415.245115696809,1970.7033557245065,450.23342094549724,254.82167162694873
3416.831100542015,5404.7060255863735,846.8754279971774,186.15834065320658
1938.1869477666323,8824.717932577823,1123.3767444439393,117.58460417603672
6879.200416000566,9195.340610149482,697.4596848006573,341.05406761790425
8005.077699788386,8173.218475118331,483.18364760361027,240.6810960659356
6730.120841234127,8458.100047214995,1471.29574447163,236.84098613157857
8496.939638819287,7533.671220898898,962.0388499017592,349.8495164408583
5394.34372809508,2313.96520045355,356.3665624237649,111.5866310576095
4573.816103400022,4359.670117388355,827.5662543845502,13.960786883859004
9995.31239771693,6434.842693943115,1223.9931243862202,276.96818701289686
2936.3575588472536,2246.10520731829,1498.9018896688347,68.81656117122434
3222.3156212601657,1570.4127152989204,1310.9192722674993,119.68631776010578
2771.108765997987,5273.152227246051,879.9170248962889,225.36476837737828
3534.492099964835,5260.440816917617,426.9864303111484,343.71262018567376
5355.351531519821,4307.800176105978,723.9843948676971,19.78042716852776
2909.4584241286448,2904.2814717965484,255.81875725214306,90.07629897118036
2806.6898358106473,4631.728567743763,909.4751030227964,310.4142193304288
1684.7207214579644,1699.1203613740597,1496.6956330076534,277.44380722849274
1998.2808865363404,2058.122940189841,804.3489510673776,211.63758489438626
4572.9805365705615,2030.9875805248348,111.97861884810078,195.14831555727042
6548.926132172397,5177.1651499535055,1257.9637555203258,206.23000321203457
8804.322956591852,9421.55666929719,321.1187280813239,244.93552419648725
9070.557247256802,1247.3662504311465,1034.720825413859,5.596274419817303
1865.3336406032636,3779.746880682615,10.592892594243748,145.1161773581815
9715.534112391633,4354.277846394306,414.53011463027786,352.3606668982559
2240.3743487738648,6741.841818333257,1198.146121962984,287.55227967866887
8168.727503381018,7380.467112667699,70.5793781631977,348.80555341890914
5739.421614065996,2526.1937283232937,1224.842070067487,228.62754059163095
2992.305237021147,1173.8960133512269,101.14314778510305,100.73835698585108
2702.4370270760746,1624.4928741117415,770.3874186705134,154.15176763906342
6031.768242192016,7615.157597297912,1126.539679348067,308.9299528240716
8138.571364347635,5701.58466881564,1204.9860027434827,210.15615558306416
8520.20458035423,8807.212722333326,530.7581497777456,17.49825626878266
8213.826078063403,8857.424638933255,1467.5075436892243,33.6479899210178
8525.271395438396,5807.528343246006,972.3359551163409,294.5896700058839
3735.9549545539967,8345.14491717653,1045.4144300258422,331.3692989153329
7944.541867103917,5835.981636994888,585.0100389542247,332.7183962048687
8149.6010873685755,5496.975939741017,556.5960083285497,183.24635476913883
1777.4929871922777,9504.301676013823,1316.5716106602897,30.670360947757455
2132.969153260924,2855.570929613694,1074.1673615924967,171.61712983233593
8629.912842877482,1165.7539752633916,784.0460588420083,273.5405155972248
4774.562776288236,4062.434938553815,362.849145172971,202.8870906787415
5262.590798231433,7163.404764357089,1132.455529665355,112.95397142631964
9564.271778360951,2188.716874955319,646.0477501979291,280.10156639351146
9528.54797469614,9650.832171166385,1032.943785676324,293.3016111270274
8007.435217651599,4984.87990349111,234.68156433542748,110.7776631963064
5413.245333927376,1232.2634937841392,615.7470415705816,5.399928779788503
3031.8863901913846,2640.4404079713777,956.7030995886071,217.53894574897657
9008.503886947045,9876.412524534193,1221.7595602401573,12.322099523605356
1876.6975226920624,1497.3701624376927,1351.432794169548,301.41033518573573
9413.587585318197,8544.169801294121,1361.0775825841058,89.36997129482006
1606.6048423821414,8996.306062816835,898.9701027501599,31.09357407089947
3835.295683936305,6740.427103748896,300.6424806589986,152.94178998277405
8535.166209714534,3664.22006526213,538.1852679142271,83.90264727249357
1162.2877320767086,3586.0914868752234,429.4844400840901,131.6139666874872
1763.1761621488365,1618.598433673526,1493.5992095973404,178.34886793975377
2089.8945400031375,6637.479365280383,619.8281016404196,227.30285415053692
5398.1914637478485,7099.612667557511,942.156035053767,7.384675867359763
8301.819616909936,8650.075771146961,70.98378054290252,77.75956852177858
4773.240332184512,5279.459307373752,1340.9483868856664,297.5140536427601
5817.222840794953,9269.658737599531,995.749265910127,200.91172802518182
4678.221432873046,5263.71172724407,363.64459176784544,290.18255966887693
9779.330366616236,5931.6273343596295,713.4092666582984,92.15661599335552
9388.244739979182,5751.03739165546,42.999213055300615,124.16399801228323
1412.6737935531064,4731.033986753536,259.4982220272535,42.92437292386472
1583.500439704081,3601.0963547173137,900.2675397065163,115.95426179400701
9440.774485165173,7890.0991300960195,1311.742862896627,234.65000189602537
9673.832290477236,1140.6964840070466,115.88505960154535,153.53687755992829
5242.468020398491,1523.3869387684413,884.9195310790104,229.56309400569097
2075.0520047522405,6888.129377835646,777.7029864144671,135.867960859036
1930.8172082354513,7564.174970320655,1326.4892533581447,155.80116066012067
5673.517644127547,4199.300116899771,1247.2181307932374,178.5969960812846
4826.989026759149,8531.004399327063,259.6277508897426,308.4670277377661
5526.343551893195,9114.980901911451,775.6747315845637,201.18947184396765
4770.424056372209,3288.3175213239215,132.40109086950852,242.28699278494116
2904.81021465613,9043.66470088268,1197.7964237663846,347.4186945010083
2869.7981975328403,9811.94547692433,1380.4592571456217,143.00350709533444
9267.958551719965,8730.993595491642,827.3040062697332,64.66196366496321
6303.056966662457,1322.6275366858615,377.62750471791156,1.2692015630430569
1464.4658135019276,3246.56097204522,378.6108557281586,271.16826609310914
1559.8256122981823,4632.905053754787,1189.0889244993944,286.65930676736997
4540.4007226837475,9619.93048296731,721.1176774518742,306.10432403505
7938.548178140535,8279.551684484755,232.26917493232042,306.40365968449686
9197.69567088176,3772.721815741557,1469.0260019412688,109.39819773533799
4004.1630837117264,7297.936874072456,83.38001058181271,175.4136535707153
9720.048160182681,8745.523361448826,938.8413072695039,42.49153221837237
2996.1950841171174,4158.543646856668,337.86412477761826,197.6827142520298
2212.2414609961543,4139.927925181556,106.35210013736031,196.44797819099136
8694.554131281846,1422.5169377478387,827.0165671281776,9.591910984118556
6402.779823766039,2120.327415619194,494.2754715902077,216.13740322096558
2767.5534535970455,6445.852226511551,821.5854195560732,230.22560917154541
2347.70862769794,2447.207120477531,467.400250401676,45.716828463897
2004.5445768001164,8539.44941409714,1124.0351030813138,204.73184944649964
7377.128596383416,4241.041230716633,1002.979966563462,355.383186676411
9947.666390853596,2987.9950237781713,406.1337419525841,295.81494950414447
1581.4456527986774,2823.4712427805016,79.32853075180516,222.93202384236912
1817.6731661356357,1718.4448899343265,123.92745134430464,244.42522229699492
9225.57988372523,4945.293846763338,144.85338204216512,129.70514750131707
2922.168637397158,6545.141657546117,549.8107338924711,335.9974372024425
6253.763697498723,8267.745198654882,1350.4648864220626,337.56347045762976
3476.2496097800954,5838.443074581411,548.49687348611,268.9342677921213
9340.42749066149,7169.841688262006,863.0077938388725,265.756663403767
1335.767144174911,3999.4704514867813,1013.538310951433,208.76475659317026
7334.095836118198,6305.2366787523815,311.79284345996604,42.8652927810811
1689.4135579527936,3880.6210707567916,7.6573476556029805,333.1282546936454
8813.091155841961,2060.097329432769,862.7565099118175,104.22900095777267
8534.723139214993,6146.9257586467065,395.7764951689498,11.448072364377008
6038.483641364019,5317.042902159018,1386.7684015283082,139.26343731690073
4014.796933432951,6507.969124483342,549.8771116358016,138.6333186107888
2995.934351672773,2484.8725550537374,983.5536074495044,43.55193955486706
2220.853126772269,1704.8196760166918,533.8191647974471,157.38942528774282
5704.059816718407,4886.598343468582,1255.3500924005261,348.923080798014
2976.8204487088265,9527.600075298085,56.65266550000614,335.7715545886749
9092.336551366381,7099.790319278598,134.20813523758557,71.2531341703867
4304.979623776863,6631.231980070197,661.5860343287538,278.58656234652847
8397.48395624874,9373.180020936641,60.73941406290123,315.67438947345704
7220.942401002044,5136.779735861939,513.2579500952895,126.01231408114953
5422.650141044207,9164.715135747567,200.98222756163833,67.75248433977004
2513.112963398652,9237.800856573484,497.9493263141392,189.7988077852518
6876.41227545963,1761.6293473140504,409.61400195164936,220.68875730859514
5661.7755025458955,7741.89436031086,1385.0781840124816,100.06668099441032
6795.4498797794795,8895.1658497517,98.5213950200637,305.8502533606261
1386.1235215193042,8447.735793056754,1274.6926208322352,354.9194467195664
7030.309973260741,3015.883943483821,1378.5009155618109,126.51981550208858
2566.2597705910557,2317.1250189215416,1391.982598536336,294.9664575305768
7770.7963908617985,8262.901775651902,238.9884206574548,140.49742752399482
5514.577804869543,3638.3392150864115,620.5521817534794,351.6209905861978
2408.2303077889324,7222.337389158982,329.41854490312704,107.08552251646327
3708.1021792159963,1763.9016052299985,38.38266189253839,325.6922174487405
1964.7558570105516,7825.198669114836,1483.0028843689242,202.41192892122646
7764.328677839004,6461.772803548815,151.77834513557175,140.73585515993958
1193.5779143012069,9027.105958455533,459.85053559940513,30.916220494006158
4414.838047836149,2750.120999558506,783.0257638988169,320.7146711494708
9390.69237332883,6911.6727077593005,842.7160256295141,295.0922894770535
5924.904029362905,2855.584987107258,964.3925818811131,128.28921256320467
3924.055893825947,2283.8481550522006,1057.0199475318677,133.94007132994625
4757.691744966614,2981.017071289004,1302.3874144924548,232.6044404563081
1844.829427077627,6975.112941843705,1323.1499680732393,49.42921512249579
5707.31919246805,6691.949398293818,1164.9504917707034,281.44341278745236
7113.354935035004,5939.38291444752,1005.227390476202,107.94328633367937
7894.167190253802,9283.967278127908,389.85567690838326,194.9037457921691
8592.348048965356,3723.62420861868,444.9711198521047,284.66453544678075
9464.309167384054,9232.913461899852,468.6391057400515,158.24709904119538
6154.947954560829,8141.490469638643,121.30635606540844,202.84868181022134
8364.88366148515,5786.841028947879,244.09348057304763,25.827389593050167
6572.514957188168,8047.719411872599,876.3592692202334,302.77853554309644
7222.487638323373,3717.780296583834,603.6707920275269,137.17225884668116
7116.69858125042,9550.212886018002,632.8825124921813,235.77329311988126
2768.599977577048,8399.891997197843,1238.441561298855,252.20668072030404
3016.6565045663638,5431.5981844772305,472.92138245180547,301.1360404244537
8332.822747577731,9847.917756418836,775.9959470144453,27.849547311302025
2557.2325490091303,1383.030241108379,668.2103640118589,336.6667199108878
7021.92404789207,6717.863390431738,120.94164054847991,336.8068975621249
1106.834235797925,9050.226373525722,1448.8621578778693,59.747042968952776
7602.270170934853,2423.289413198365,638.650120682173,139.86625240962522
9254.34200610498,5812.438437248294,68.64676550961336,105.17870697748555
4750.578106094217,9868.731147744384,411.1047661517055,245.2787690868561
6084.371072237582,7517.366696955224,564.3193276241099,306.3100729823515
7257.097839508995,8744.960733277845,231.5747233863378,115.16424290613774
5888.3372261954455,6302.389737903825,477.12904609742367,189.30366893792973
7706.64688769785,7684.7143670629075,1334.6923893114051,300.8727106694852
6557.020951384886,5854.042540327363,261.4833549866868,92.22715906838482
3190.3822018347387,5737.39038108405,78.22185004777685,276.4382045191585
4977.190683935595,8474.44162602703,419.1411466034633,209.56423291666266
5505.844986409008,8180.715133071271,578.0576693201134,153.97800843708615
3644.3058184742576,2363.7779024491792,498.8353476455752,89.6070264699789
6692.972821241767,2947.7242346010403,1490.8001342338312,266.6866467210794
7901.650769634167,6737.5527527129425,1045.2159442150162,322.23188727466334
9665.18357433933,7685.877302411586,1400.0611093132113,344.6367029292343
1707.5145069352873,8060.977825427669,1178.5238309092526,236.1451852249996
2026.74165449502,3562.328415978311,309.5486249662349,277.4664604857582
8823.177206778575,6580.327876474788,992.7234899916915,48.5316405314169
9271.604346945824,6217.858881045666,359.3589672509865,64.67431508426787
6554.473972397275,3943.2261013397165,1177.9131604116435,96.20405696694618
6350.8213662663575,4584.737535227722,550.9589731366707,109.32572865602332
5925.736789359952,4572.862669723212,449.54327547703804,74.66432103165934
7439.154445112374,2567.446078178844,714.2802303997933,215.20199254850982
9759.751787717014,7070.300718429577,1034.2999985781319,343.8129050089303
5499.414769567836,9236.897589673152,1056.521999849753,311.53193268201716
3069.166655588111,7157.659301068701,727.9088185457864,71.93422660198152
1547.6531064413762,8789.237186505601,608.6864778880026,348.7425028952911
4644.082301535815,6479.907959039759,1120.2601450331663,117.94204847326083
2726.8459382888154,3889.8933550935485,46.02875103086438,305.2968878181729
6298.05011488645,5651.53296803687,564.9097106623011,320.19566989408247
1211.6741217422114,1465.9018065490732,232.7074524554296,94.83488719769235
3717.872859820071,2172.293028181044,821.8556239413751,356.2732433563103
5600.701811104856,2312.169198608929,715.4047176980926,1.9063906919917275
3638.5059114781952,9846.080767190224,665.7972763569502,117.23834272332678
7412.214608690499,9368.679807809962,232.54542685188645,190.7566693618034
6684.4065815306985,5029.362863305147,715.0861780914415,358.4373544858287
7707.342325277258,2156.4564112522194,317.30172158808506,130.75952307653242
3249.9864773770673,6522.769129170978,449.45555028873224,159.90354782512182
5800.883244157497,3784.855809196162,732.6635489510779,174.08751651431646
8934.303312993588,8521.434660586645,67.96300407980279,208.0347824292556
1768.6456651091298,6860.69858669888,466.0208442053267,162.07855626899138
6652.543299587964,3764.25946539927,354.0418308251181,320.05295680117035
1800.2629493963805,3712.853796379145,78.21257547152803,83.25095441888008
4628.47325444072,9731.085806205672,1193.853802078253,144.6598072068815
7729.3928702312605,9124.647585423554,706.9375787529882,115.33092302911189
5864.940690383107,1730.5136434131655,118.9158872489406,308.8475127022578
3443.535912126981,3437.326272802902,901.7102898500872,162.72514419107839
3825.3672376319096,7198.977311197105,809.7606544241975,273.801101286986
2285.970264679785,7550.960681794228,433.37220378539223,145.24866431975667
2308.173466009605,3600.252225528637,1076.088176256081,260.5544240053282
5428.839289148579,9538.350823275863,1053.7836957451877,76.27152424729277
8407.391008256553,4661.679527317598,985.1491304211472,241.9785033898241
8796.684658688271,4499.677879885581,1069.1817612214334,75.5017377794736
1409.7474628464633,3516.240821778224,330.3389142507676,74.15078116907982
2145.645456196436,7691.344455021392,129.33050435145867,74.91490479523426
9043.845833702766,8120.022713427235,799.7732117039361,262.461151702349
6940.806381274079,2767.510999101398,328.76871967252623,51.855037191041895
3407.8040969998433,5805.260043592783,815.3384924642877,28.454821171887627
1799.144512852382,6687.323633907146,638.039445983506,334.7761426706658
1549.5901393733725,2094.3869719902204,10.211913160123217,193.66857549873447
7261.771097266743,9085.659565201673,154.8378116115153,6.471524927840182
2178.33055383372,3873.7839431048833,817.8143717241054,205.25219927605127
4202.074265133408,6319.861763877527,735.8894397049446,285.7048785705286
5748.831722462623,3322.8006677651542,400.2333942392247,16.66498438241969
9272.091213040025,3641.5571682859554,169.27555253639153,336.594747770847
6116.273655269845,4286.988059909492,914.5590005679002,75.68446246682387
9567.82797268006,5303.366336848227,595.1234038681463,332.29703043959853
6242.563325924027,2420.412987510507,210.20403014238164,314.4195725186986
9429.5482012107,2544.3433343090983,844.9353880941102,154.44642967902388
8464.691384653743,9634.063879107955,1081.961219253072,118.51206589471914
7511.502622910507,1866.962476896681,1163.0313684358262,214.94736755352335
9774.144875129643,2005.3820603948318,1431.8733672383357,160.19853051526806
1139.8408816653355,2227.9257187905305,621.3983275653184,27.2880881727855
1968.6468747228314,4388.464929841559,1043.2291895213916,230.34756861321523
7493.676449871863,7053.35958014696,84.44171091515751,51.24811239848409
3989.536936963686,6906.685965580317,40.352248433161606,127.26340734826282
6935.5059411635575,3515.7488239502977,384.39909199323944,165.51244055348337
9952.061123953008,7454.795500386165,1224.4764778150152,31.924743177831203
4441.005557816814,7036.341529927823,449.137693613713,6.932935302734137
9517.919621536234,3920.778681461108,576.6330726838,181.08647950680492
7338.338797184612,4597.240156063346,1320.2005708244785,141.41915590652883
1674.5868815412969,2582.0513997930702,409.7331210162299,334.69540651623265
6626.940376831379,1444.1000817858894,477.43857578425633,298.07112832349566
2702.361637147736,8964.60318420727,1034.7058443682035,223.36708086095342
6623.544014013406,3555.120945587132,1331.860319008289,41.95546949205137
7150.014661883593,2305.0051589651184,292.0537778217256,275.1012631773512
7126.64305512909,2445.1587867184944,365.6661424089524,21.27672500139082
2280.9795485604627,8854.163068610173,1063.3101071581348,214.74408433567456
3046.5472457598166,1884.8387846783949,329.51171197093976,72.11177584400514
7655.551051085968,2391.3967252922835,1031.7563924279862,186.43181297458352
6431.520987973074,7113.0932733424,304.8435019160278,31.87732931624655
9248.2135276232,9638.800159214805,945.3567465240153,13.74581912290029
1419.8259711581472,5183.855977232817,171.86674950460053,11.141297289974364
5198.7020676467,3157.353934878673,395.94932800032655,244.50392276567527
9656.737147242744,6137.804211585944,123.2272434751863,336.6924056878843
6802.395089625098,8643.093871066952,20.06213248967602,260.54229553984186
4163.727268031385,6967.200716270566,325.4733708171329,79.80781077050506
5842.441451636157,3605.005110923125,1444.5217860894506,59.20199498177678
5015.208056642461,4859.943210371306,677.6098472196879,262.0367093673224
6557.68338377929,5830.013924496468,545.4132403471091,41.1944539652465
4648.862787282201,5331.737138311536,1474.8837984895129,32.416520315529084
5547.258685496421,3379.023301108313,580.7569099270722,341.4091006526586
9454.068587638361,2753.229534077742,1045.023942004402,239.2514733743889
6250.699414836346,7827.627699770519,496.9886960453228,2.5070940655699214
4790.840189648274,4748.955295722082,137.94328381965184,236.8076248806342
6006.086949973373,5625.360869668128,477.36633872544,354.5327983000932
8430.928170203051,1612.7646573033437,1135.440211653053,30.747648974280835
8023.913635990606,2228.9689117086023,35.730174355866005,225.24938069455808
3816.582187908991,4861.276541651722,494.81453968248593,39.1632340698099
7542.923873569684,2063.981394273008,1410.3290238511697,157.31257238186387
4437.073396585105,3426.3321416820913,411.6304152056227,23.063337609129533
1459.3282093027628,5143.625758639858,225.2211489927074,62.756228742423886
5212.882486558571,5968.984373963759,201.17669528609534,180.40734539338172
3179.662481902279,9317.908043668087,25.66383884034509,257.27849232949046
4062.6368935857863,3643.6760774040954,260.7746951160044,337.48248897451333
2807.4926749321244,8322.507371987771,1316.4389695649106,260.7453291091319
3516.625346808423,4845.6055036991165,1142.0585265332782,105.71868807719778
9152.889619880767,6798.980066111614,283.63585953281483,28.14206607972992
7654.4536502032615,6192.843089759561,247.35499983732086,257.1300198846807
6859.735975003543,5663.885175766793,15.441692079844747,74.33128858833881
8527.122232453035,4593.169179596553,1349.5456604708002,155.19133762007868
6589.789049820063,4161.651204310103,717.6684758623805,99.8387432166546
4288.722793158987,8661.843449765911,577.8299013312258,103.78420487070092
6010.001018542184,2515.311241602931,750.0813489031359,186.1631363527055
1363.3574577299937,8065.001902916106,132.98578978868875,171.8353710132921
9138.53415258713,6463.743683907772,900.8695088183518,231.72224275107058
3293.9935413211015,5955.5835074095885,1097.3942455151234,29.9110285480477
8439.553207382214,7996.351664082829,794.7738474745144,314.75653118875636
6971.662022896465,4608.979193603071,508.822615430874,7.921656235475088
4803.502067479714,2720.4783261031307,1245.5231804985276,212.33359766303266
7587.322919502238,2539.7965619145943,199.67571232083012,224.51345620827425
2402.910178900941,4046.969127471776,349.69297219393366,290.3899032401132
7282.06106249217,8509.515843087607,903.5432686582305,294.05151276720596
3270.497340955458,7639.1849116641315,352.19287465471035,159.81971372032731
3966.534337102666,9750.29540425629,908.7743176540909,233.98165554104799
3002.4662010707484,9595.337042679746,1315.425957721289,346.67767038159525
8745.480389029546,3819.12728694977,1120.2907675006823,170.47510161907556
3653.3127389451406,9153.964144187845,43.469153285974066,255.3441996540598
9369.684729400378,3073.8928275882213,17.88895072586773,42.41901416817266
4591.649233322716,6427.022308822352,401.8569639777686,258.1844741523086
3457.047661813984,3806.2871843669946,1057.736283607362,84.47704061592154
9729.079990825578,4350.917337157087,469.5774726020914,241.30482758090105
4538.70715431293,2278.9212927579197,11.626976214437654,171.44983766659334
3028.456509196737,6523.953759496936,1471.7156017076945,187.86501261079877
7299.031040719055,3615.8353683725886,1199.4604370583234,335.14462652536196
3048.610634099064,8325.208139824677,842.6938320025687,342.0163663346933
8336.557590846933,2643.2658970758307,467.31871053896197,222.82725778417523
5421.197497274877,8184.644595980452,1015.0240162669843,230.5723916512251
6589.439524000667,1130.4870266525515,737.9259941582918,169.7127062083585
2387.752530368007,8393.911035599904,423.1452598217551,147.35869105374067
5039.53678789905,5601.809402435605,1344.798912606889,1.80592741086336
1823.013011524551,3796.670443189771,650.8300999197078,128.92537954867566
9506.517237163558,4459.604965912377,645.9153703994165,37.49437248272782
7966.730018386703,1643.5038573408447,361.8635226332108,204.95779129259597
6550.9127089835965,4347.6503156641165,1326.630686355479,203.44122208225625
1761.5710936842338,3721.99430656389,1104.0948815894708,118.32555978719157
2184.541852989498,2462.0748950465286,117.93227733318838,21.268832481755066
9624.597919294518,6591.162553340037,832.1641449471017,3.7016934389019385
1238.3333917856346,5639.792435848417,915.5050365814011,330.97393504986667
7080.876892985636,7435.011607665681,336.69650477435084,211.53130193767126
5208.111150760936,3790.181033981005,915.1238934540672,61.26658423102009
2295.861783078927,8133.9419788529785,162.16348158887394,102.92395737777522
7068.066654439246,4029.4825544052655,550.0996025542867,342.29446949646467
4224.0407018313435,3297.455067974254,1175.9746992596254,229.75375301810155
4359.776530807798,7401.44238447062,815.0689015104257,179.62063854668023
6964.418938792965,9816.23792565726,382.9053364398803,211.35385916797807
6821.0890638414685,5564.823219246458,848.0755643087587,84.92575228889713
6592.5012433952625,5334.443121350286,788.9090673628832,153.53091968785068
9264.680091931608,7472.303138560776,1434.691639288349,293.95133917499084
4878.077687254018,3493.196668344772,399.3614068222643,298.73280118350345
6683.35375059553,1954.6270796530323,475.27483927186296,86.89066469903713
1343.3719493455394,9539.842835259004,51.42144641680164,4.910747852820194
9631.49395230927,3288.6092050823872,457.35624954735874,267.8858828562634
9163.629859960192,1913.4355928366272,1268.2510485735984,341.11999159413136
3075.518868850049,7838.480826812471,137.97617159087463,199.14557098967546
9931.256198079425,2121.2044824415875,1337.4646323935563,246.89484157068833
4343.277764245593,5033.3958621398415,1340.0162064207711,348.3436405464634
6367.909971177038,6278.270858754499,324.8716212908592,205.29259259779226
4762.359722235657,7257.682045802469,1180.2562061017607,173.41474556848712
3951.844258621647,1996.294105881413,833.0558033177368,164.7197672416471
7060.277321602173,1870.2612326732997,202.73030704147922,274.40233881686527
1578.2602070540433,7745.571089517997,197.3841690378594,155.7043945403524
6146.964944828466,9373.709111630116,340.90134588851146,121.50779399410152
6763.56498132787,7050.56633135156,425.49579137367726,240.77290441485718
4033.627098830171,4181.4330686326675,1368.362340209781,118.2687050619613
7099.102916768219,7645.27715312938,247.25321662947036,123.66405047429757
8494.572961878901,2717.074269934764,829.9488391120623,218.98558211998403
4145.279814006923,9510.130865935205,95.04652059820302,181.0874763891853
5554.381072824574,2233.671344698959,980.3796441313904,319.65015569228365
7377.334381634044,9331.846907823376,477.8969180263116,146.43993523029664
4442.125619778283,9722.782445282752,992.1586915291751,334.73755106180744
9851.660568514493,7054.007118309659,1238.423725967548,71.8215790431722
7734.994164077203,7329.003589812255,129.39641343136455,136.77246128781493
3794.981230762886,4362.409351650181,1310.7039176228577,303.4259644379177
2928.649626265018,2247.42744654994,1256.7629546641979,238.48190185667534
3709.5479995184683,3355.2852933844974,764.9488858083839,147.01981587339685
3573.824221278883,9206.378209752058,151.3376773541218,328.2782761644262
5186.861957582749,7925.318561354836,1295.1367041692135,99.85690867234406
7540.268242663006,7335.83796838118,101.19372413394717,287.17484174280656
4843.325564302801,2775.876537091147,1199.6432034633772,132.94741204103482
1202.816957861927,6328.14431234737,737.179781048395,206.80344354171194
5323.334989641735,6997.69044543,1347.954111769846,184.80881474187356
9303.469068056176,3291.2724756905677,542.4732281099028,279.9202245111383
1662.019189482858,1610.4669695968919,499.6355002407605,177.93395001042543
3314.111377657236,3640.859124988465,1035.7468693525973,212.7697487079285
2622.8552316930527,6810.205126404402,434.27607275635165,192.3068482905361
1449.6636657161491,4913.984712904103,204.9222003550479,281.41885389342957
3894.546894531939,9975.048591512103,1218.6692803356696,66.43887427781233
9910.14832036479,5575.620106090259,372.54962085526427,28.20930208379474
2539.8698307166233,8741.658035653232,714.5347645766819,37.33125875400511
4129.202756226459,2478.3358564991854,847.3808278734756,34.867837384936266
8475.61341535065,2247.7657526405083,1246.2789740037983,163.76121634000722
4469.600316593116,6748.106550879809,872.931478130094,284.3599458178752
7130.028989336957,5285.03380662148,110.70873652965348,257.25838380730096
2387.014068560873,5735.231841478547,1248.7880195333614,14.646444738421556
8611.234129668203,5387.613723509552,1340.4447953291005,243.23625029690305
6944.162716290985,3361.4543813555742,1476.9166798944498,14.029186048620673
3103.5219361521913,9676.50271000674,885.3711689642791,49.521690756403544
6909.250696071435,7863.686415215097,523.6392568526018,118.05900160550719
2303.6471758795547,9860.91697938582,864.2944576741733,80.20048618557314
5326.940982600764,8121.630336168916,762.0434322765035,51.18244470696913
2176.7404244772265,8368.193827767811,844.0722341287005,96.20127466246223
6672.396042851773,7335.460646341995,499.68568445902145,237.00415775048336
2188.935459653836,7819.94325774071,1089.9469172027625,190.30906028013476
6166.5552204424,6126.203854072837,605.7856767392698,181.0057409641139
6943.447971461052,6081.580019991253,509.0556107455441,183.75794063402302
2719.8940852446367,5639.2582280696015,424.38288220006353,230.17094456152302
4849.2934369122895,9867.611932040641,618.717485617187,93.66164039783092
4060.830944098101,8625.607974326052,174.67438888590374,201.62907671507193
5004.451106826167,7104.885952862249,1135.3265062645569,351.7075625870708
7456.330714120105,5388.140987564593,1474.2932388171882,359.44597335122825
9003.324874822863,3907.1525665252143,1149.0409907133976,161.35567112521477
2692.0328760215484,5774.317313311502,1071.5848358518015,155.0164370242306
7084.393817326518,2946.6539482997464,157.4263872800201,23.80547220568021
2520.0496729367205,3955.8228723857333,676.6977399111901,21.420454760235376
2831.0395730378086,8500.147214040475,1366.21639539199,303.70808473810524
6470.883380081603,8391.599080515458,535.927033525998,211.99062289066998
8364.482236290827,7097.044563689723,694.781232280375,107.02104005106814
4023.183936187303,5376.524452836093,752.5622334305104,205.24495997731347
7068.953197240732,3134.5942228865306,650.0055408493884,218.73530723828932
9307.531010148303,5335.927144203643,1328.9853045662758,244.30927442059115
4460.83295793334,5298.345307600382,1291.472164086198,231.8019337654495
7665.842441155284,6123.257159186651,1333.7156947219137,88.20298249402487
6250.5885150530485,9137.950247224868,1320.962352782774,325.68560843113806
4077.0725170197193,7210.258407604519,273.0857887139483,128.78269415395306
9465.004188611041,2678.4777995077757,1230.0465666678733,229.1403689031291
4635.602480837381,6755.797031853325,99.02827383081285,106.85784176932937
4585.278269325637,8971.548427671154,795.9344103962155,53.43028151572434
5437.408488442303,3272.118160640185,224.7759565900836,122.47078575375767
2614.740368128601,5641.912044140813,108.39714881893596,213.70925153270153
7093.15604080477,1396.3820431402921,619.2869365902691,155.2185594976592
2022.1330529495358,9861.315845516141,1179.4791977503346,14.031567504715603
9477.793313312834,9128.629833087758,923.7142917836114,46.79422330827252
2392.2392904871226,5720.152638956064,345.82709408577387,287.88033577405054
9982.74880207152,6132.721887098165,844.5079686092847,205.05929109037967
6975.749410532534,6765.464500560017,1406.0862331460273,196.60204440263468
5396.542658140541,9738.958633174336,588.9703664295863,109.72965338574005
8390.803731473628,4164.47045405575,47.15981629040623,44.25027510714123
8293.945026732188,2892.717721997882,650.353500704543,205.54053311999212
9830.589489272917,1334.0536922824658,950.7626399830199,317.2202830117272
2692.2854283979905,8393.545984829503,742.8518915554378,216.45256365276128
7732.706310611437,2758.307253431805,61.87633037481492,319.11801171164717
5306.3602110745705,7699.845002704018,147.70530252464383,334.9578240534669
1289.09473817101,6097.447196957802,1370.1873923067496,193.93155497947106
5187.846386596843,6419.1381846701715,1319.5329100062297,24.575198999175768
8423.393655388485,6576.1368652775145,1018.8961681789428,233.3402626977397
9563.222210218428,5052.762218021526,1182.087789975289,95.39641080547885
5907.559622040973,2869.5274594397106,1164.4342015369293,99.91743620049593
4063.9046270482236,7969.250929155457,652.393100567364,71.44971953923496
1302.7702255649565,6304.8118478890165,1377.664187891729,339.6492233040385
3105.6043878051405,1757.194219713768,1056.9971524457653,220.85361437626258
4078.1628471184117,1806.408860502742,780.8767872700795,22.49446291088187
8641.262475857613,3053.2524881303107,1143.6645866482609,286.0064402678987
4767.352900902554,9719.559280235044,450.09980443595526,14.629631052668596
3091.5573406625717,6847.27751468189,1159.1245459764923,62.04211023225725
6641.125445244544,2339.3704609885335,939.7508001819718,87.8052398793797
4332.721777812207,7461.197849175706,1245.460152495724,166.25135893118852
5521.625385799783,7093.289491801928,1489.56522989566,144.82209334417095
6541.508064530457,6328.879278561283,1140.4691817336318,85.49820375191302
4522.121819755359,7119.334225488244,750.531695554917,216.75103933929057
6580.644217472942,3718.6431874399,317.4704317258577,9.912481234675726
6201.793054536187,3080.3114902304205,720.4485480465822,145.2620560707017
8910.140484745378,9058.338955995709,1226.501584610591,237.7219315940851
8996.801599744085,8094.448689344194,848.2148195102493,17.201400996273858
8610.575646552745,9546.400702944495,126.88048549408512,233.25333007617678
4477.777788986168,8484.438911516576,22.40485940419917,230.3077681442463
1654.4555649898725,8065.679519454225,446.7118552333557,132.96949372129185
3387.555337994215,9268.823202635767,363.4959708201859,264.22530901904776
3415.178291051769,6411.837766812293,391.1744769336452,92.18682744566841
2712.0939049788385,3258.1759601437752,511.18414056570026,125.90998446219311
4708.173966058021,3706.457164918802,21.279488151125793,62.88352086004188
1436.06557120383,1546.0050242920365,1301.0574355048582,179.11777746367153
2656.8998768746214,6677.085441718141,404.25339023788115,269.39746047872853
1849.8710699654278,2009.2765669856008,1289.604559564277,344.44234686580023
4121.044031776964,5722.282320711006,1311.0368727797886,17.27555331013674
7352.323264743233,5824.910251344686,1485.4758528310465,328.2073224835736
9685.578958826121,5105.618224184333,10.59135501004475,129.4087555236913
5539.316262437791,5120.828505286637,826.4079733191974,313.6829343453894
3865.4825974453215,5773.80303680748,774.3933066361461,180.73607165036952
4357.24881973057,7019.061550633616,1448.8045505571827,273.25304301949757
3048.1144351952516,1877.001139072751,1069.6746895292906,24.874541615121252
5008.178577395127,7291.999541940702,1333.2530979775663,31.315245124146237
5141.611523924974,7280.0423213621625,907.8451257411369,289.0815337027907
1488.7906183078705,2021.0232290637925,1187.1401583293498,338.783052436719
7174.522100738872,3900.1314551887076,88.0325465522841,306.5666988192495
4048.685991808002,8132.427308353855,559.8706471453122,275.2064634297689
1710.2390262459887,3792.5240734384315,790.9941618716186,348.55920223554773
9068.293397063231,3571.490419956121,61.54514754195378,324.45394421378415
7938.8906715404555,7303.405612733657,470.1100227422475,105.40069723065183
8248.760993635799,7735.439850215412,1136.0704385780973,294.5350598662539
5218.269411535426,5170.052970624972,413.6970285242657,71.49278518644647
7607.263327008187,8424.016598114897,1429.406718337531,77.05335445723311
6439.183749970163,7788.993406952815,19.070735430946733,153.75887896536682
5618.24378577189,6981.38820242626,670.1689072242903,293.00455731132115
2029.0458793513935,7506.187589215215,850.7693875887171,134.0611638122859
9494.59826409469,2392.6395238385685,1074.433774498625,150.07136780956716
8500.986327661027,7882.655596285941,365.41425192369655,7.668651885371474
6888.6445399470595,9273.85545329791,666.8945298568481,350.4250051188969
7396.958177968348,6469.697397456,1167.8650109194014,289.5959997450373
2983.8841416013797,6541.753133191459,1056.0467230124718,87.358067298345
4295.561632463835,7617.94452866106,345.52739795448906,192.55811808385437
4117.335189836602,8430.520780810337,1087.5576842278713,127.25843062946133
5801.009236031412,5159.227586578898,820.2420270820426,84.19146706316724
7561.384628016529,1747.3986919370325,506.01106689541314,89.24378248117526
4381.6037615888,9266.812785093538,355.13465389950517,251.51756072053527
3939.3542150355493,4380.432719061549,423.7851588713898,200.34439713278195
5046.143431355529,7752.635991507691,348.21667976691975,359.37908280748576
2032.186616386291,8842.372936936541,752.2811857612278,208.36666271659686
5597.306624226964,5887.035621253919,1464.0156495620033,319.62360083052374
3055.2767563476427,8408.14017057516,1149.6591053705185,123.86344709350871
6977.848325735765,9449.124698132864,429.2865015834681,207.86161545621715
2969.862973585092,7023.996356442227,802.2351116212752,172.75700631293856
8208.072583388099,2678.2112657338143,228.78325677853334,355.92688361812156
6870.709178151753,6802.7137931274665,1194.5694481914506,319.30805375446744
5279.884861838993,6980.479626577003,1328.2483285874666,215.3905596063035
8053.241791952833,1698.5568917527821,162.49934835709743,245.25975404800255
8253.74629398586,6141.117574847523,983.0801321605456,273.97320190135906
2438.2687592659286,9694.320054200838,781.6284794760638,338.47986220740796
6326.136065500018,8023.650186104479,95.62382767335639,219.05673417857685
1862.180479404806,1649.5933414732378,454.6947358337967,319.1454471154949
6071.075010589591,3604.1637981023723,1231.5595675777824,27.610619251577404
9382.59329652364,6466.9254270304855,560.1803135756984,356.5863626661185
7952.272283713342,7219.522510323522,892.752123858346,58.95612438651156
1770.0588812517685,5881.735427933779,737.669591964887,285.70182148070916
6822.586516620427,1355.5567977807525,76.13451341065924,117.05746320929566
5154.244484426697,4839.385128516622,1293.7932624319862,33.25450878560302
7110.065038879324,4642.209107068435,1217.5146563746948,38.90028619899292
5932.878811024772,9840.83966916892,311.23032963899385,61.62260151940277
1230.4377822365404,7735.374675301184,419.32142361720844,56.2340236920819
5388.655223911425,2334.8925749457003,504.6279350614025,196.19099756741312
5258.624040772707,6472.836526692508,1062.2170494626773,55.172145030542836
3038.53940178475,9436.09499850532,488.0589360057549,174.33988955476516
5937.374979090876,5903.867285837295,956.510022338009,202.6304553794683
7408.787371608252,9350.22043311649,869.448099118327,322.650937288419
4809.166308664156,3344.461018242527,697.8441599537055,119.52775798052836
4544.158730623189,7002.9121187591245,1487.842161605746,266.9238063946386
8152.3702341852095,4255.910554140104,195.0389250563169,237.89074373806392
1994.3098350516132,5335.69617404953,168.65172084080808,151.699062820321
7462.177094631129,3474.3500506470896,1069.058246276005,124.24313525681998
2535.425626642645,7205.408339752971,1426.2603087425814,38.31296875350182
9277.294475288432,9120.1980971892,1380.60165484902,175.4989182238392
2717.4192831351047,6342.73565429404,849.8260301121652,300.7884932087001
6042.03925181048,7160.318047388734,750.8619431278845,126.04756391075696
1643.5339573899844,6358.396565071236,456.92236307037143,77.7246900235881
7519.212228100925,7543.544214474974,1376.7220415384934,191.2046529685293
6486.755344116639,5596.342711788799,487.83536061031225,12.440915040664082
7132.519432141584,9451.53486345703,450.97970825973164,230.70312052290078
2562.50257152415,8934.856533874387,923.7380589516254,118.1954227489909
7353.481895064066,8314.911092516948,5.931399823522474,291.6273900086257
3155.2589064271037,3287.829131607107,391.3044707227055,288.51522194189056
8352.981056201974,3952.700285070551,765.8950531669724,137.45168922246322
1364.9025221734112,6542.740819595731,1048.4058391458536,141.70459566262875
3970.3689873954227,3274.642950713478,1130.9580999035452,65.69642439284803
7267.285734598858,6755.773219734629,1243.5385178328763,133.56139105942157
6107.352397900111,5947.338542703455,25.198551569657614,62.96504174440978
5505.336459692214,8014.885864752405,752.8124430049006,20.427084325869817
7647.479757879422,5826.766348580351,55.99107524547452,32.98491697162307
8106.400557777312,7477.512338509476,1166.8914319893952,49.77900888139602
9595.362361421761,5059.119376064763,434.675459835189,129.0323329603848
8297.315912811557,3631.412636037084,786.0319195719825,47.84753069150088
4947.41173804983,9559.224249270537,1391.2468617691886,349.52946851716047
1486.3145396371388,8767.838975290124,164.31473655015887,247.50775737114364
2825.9388544627827,7165.423685468246,1205.5915411508959,241.84148805442933
1206.5164129126101,4677.349695078574,986.6010061671149,157.70980344665136
8924.991138273166,9577.628126338359,761.6788160692886,260.7611370154384
4099.441220937437,5657.432802775461,1300.566262095426,179.89947881152753
3656.1639643722287,1496.0556215231422,982.3106600492711,248.8008612626567
4381.073919978176,1772.4898741700197,82.47500169156432,191.2869075699153
3285.7307492869186,3374.3151379676274,330.9774047334285,271.2785725276159
4219.7565038905905,2356.9270299791187,478.9371063121033,133.93500124856098
2817.3164054270883,5190.394682029093,1281.5769892449903,265.6464330997851
1250.9793867255823,2530.1038726697197,1007.904317241289,84.54695379990994
1880.9446630649124,9841.080330500938,83.00582483039601,33.71567029263227
5631.966335361181,5846.078260029114,1179.4696882580158,94.85814412127341
9307.965714823247,4022.964505729852,755.6238851521401,149.6082418757553
2346.969333493,8955.114934193356,411.91582560498824,310.95771652473064
6921.687915309805,5834.059971444005,224.35280907469132,207.51810952838414
7954.241425050129,9434.87675882706,184.34803849769915,281.33986078478455
1484.3872805259866,7622.2857836188505,416.9773978104556,266.8749923351288
9190.750899962282,2356.7907433790283,78.43584290551313,11.890374939012526
8323.988293957704,9933.145702463917,1302.9716296139375,229.34686227653475
8733.391281486896,2643.2866051977426,639.8582105382735,321.2779783367852
6096.830567108706,5206.68589377377,934.392478391755,327.79698744196867
6380.2275745017305,2542.0348238025927,1133.62143082905,278.27619684869245
3308.7455299195653,7127.144212569015,1362.3168339201343,24.876422410775845
7693.84514195954,4663.883384508571,1440.4510664349639,34.06305635465527
6353.420383439334,6064.835397122053,230.5556511410212,278.2549159906357
2187.1939319276794,2296.318974567868,1001.210838187609,277.04737673165346
9735.621129570916,1189.645397980828,212.22883505202847,160.10487862363124
2133.8967194874476,1934.0830211991524,1048.380733835064,257.398562750388
4935.999247590036,6222.324354536764,799.9663379475592,323.0984002776362
9993.635075092408,7089.551270052872,923.4867000458984,13.385374474086497
2333.64170245473,3827.9154960856295,444.54090008399896,83.67881175904519
9321.060752316811,2394.4503810942365,1136.707033028409,340.7495753180284
1525.2807213042267,8918.838847978262,645.6014063357826,303.22998331837863
1393.0131687402309,7329.938588663716,1182.167278503066,10.828651380174124
4207.896778340826,4034.031307921545,427.6023457024632,239.2918772078627
3233.235513118807,6595.425898043715,1418.1162068288368,201.16971680809834
9981.78626427024,6479.367631968402,939.9689256111245,106.41863989686448
2288.517864675462,4996.427722206337,1066.4070676437682,332.00152125841834
3675.1453904988753,4101.881467806279,218.72084638852778,135.0591693495319
8239.578127681058,1189.7744664927864,968.0980393742899,261.533220347067
5313.521414879757,8405.485129604667,400.3273438295912,341.4778417592413
3855.7364403896563,3847.6485842956295,411.00602471402914,193.9718912067873
8045.002641910169,6122.67749641541,571.5466119986713,93.1846232677931
8939.043188098673,4443.375715825108,791.7913287206239,329.6759647972431
3560.54715004757,2203.9082695582706,759.9249534408497,297.18418252426306
5137.662627785636,2730.955647776044,1049.889871073316,112.94879391102154
5372.596771178735,2435.872400841806,1055.4443516521985,328.4805224442656
6869.578115072713,3960.393219221345,1490.0390560953672,1.7825137265725841
3908.4362863966094,5434.376384943007,549.0710197469124,241.86121258041464
6248.256635177475,1287.1631045368704,320.4597097928269,210.73391135018045
9932.999524799134,4513.531435443389,1125.0195385411407,59.46387026395824
6019.154358551299,2287.2270744637026,712.0617698306723,101.47817540942444
1875.477846359488,9100.149768093885,1276.0935251998196,119.80643869634531
4509.893832504735,7882.973527256439,1246.6400077033,326.475623755221
3700.374301542673,3591.3420301926744,1145.3767068683555,197.94068234982143
1190.913657672946,8364.97860412822,291.3295008437198,29.265882561456813
9157.366358813779,9849.630340228967,343.4229896132526,328.1647458187235
1678.9695598065193,5968.811638879706,1431.584235258577,357.3832301104279
6831.822061528475,4236.391292789802,1313.7444981006313,230.13131490448671
1255.750152521869,9907.82558807183,556.4807544992888,239.60998191183185
1121.0645169506936,2778.524226389517,176.22178433337052,307.3017826005524
5460.334106996247,9388.951418903218,756.4441223937786,40.732535382813595
1457.8657603514107,8407.026537377773,1272.2216157949135,61.514789476839404
7431.3809264750325,2528.467479374479,329.53761931747886,134.25529808653707
2531.8937902531206,9458.360494706152,600.4592069355105,111.39446821842516
9998.827448199234,1540.4640121789523,75.9554556444558,322.11937389714035
4736.263710872895,9828.751892323837,6.036045010595192,25.932546933696024
2759.28978132285,6162.851522290076,1394.3785574731285,74.51956794000591
2812.6070098852856,3026.247500808514,749.0245953935893,330.54278634716485
1231.8266591798672,8523.31938811537,1260.2119734295018,53.253612303657555
5995.226877769818,2111.5416581399013,115.09182760357328,141.3053952325363
9130.11224347134,6948.562686790819,584.760622293153,344.91206514588396
6192.952351756892,6944.717445221829,1112.995291664813,218.66999380708165
7799.459838805626,3982.605238780388,484.03929233375163,234.69276288749555
8700.018667954715,7113.264723859148,1060.7675555542403,114.37816085984804
8364.263683909492,9708.346247825615,321.843058883199,154.29087932446302
1274.840492014956,6786.461871201646,1114.6112466146974,233.1358181002447
5705.107053380999,1271.0612096499901,278.2368815205923,219.757490504324
6766.739238082771,5886.905066455709,1255.6333495903052,201.83146311058232
2154.72201611991,6151.987385698307,642.8984788687518,5.254099466302809
4547.037073643542,9982.730244037246,1436.9738756138195,355.8231187385474
3401.648865696842,5220.656498906269,1276.1397393729083,144.74169363313328
9938.9392081408,1984.5443489076079,269.12952085153614,140.73299982725644
4042.5881544548492,1273.7445565331082,1137.969411145303,275.89837746704814
9514.64876679079,9275.603201923244,395.53646267851923,69.8547067712467
2275.2630543413416,8186.8575976578395,1429.4184304886028,215.57019065983806
2710.924378949945,5011.2734910874315,1484.0411337030407,293.04197316250026
9044.642462844164,8697.112582136546,1301.074882849371,85.09366024860617
1421.440224516072,1248.5010617015841,718.0108729981828,280.0923481971829
1904.929479203367,8884.019597177969,1259.6726677713577,137.61499169302022
9596.89391836162,5278.5217383193585,1034.3123065938025,131.77926063211785
7438.897099376899,2922.6069147097833,1152.957407547158,40.86029448073439
7177.185670966279,9014.571568238021,1048.2992059054104,299.989758732295
6611.648492735513,4191.347845188381,158.0379198334439,345.97670097100934
2994.4942486215496,4644.553502856613,26.01798473574002,197.6066698098893
5797.912641996702,5290.93484283082,562.2830265583208,309.4700115359729
6323.9802268046,6908.562647527302,372.3607507761284,196.9997843374809
1636.765613985905,7497.692624108202,1253.0253516981816,350.9256346753668
5218.367517496451,9458.365127166415,1070.925375497817,87.3502630268393
9610.307145381366,6226.152537052789,793.8623124698978,108.45442393907919
2169.992980300891,7766.173891930857,964.2600600792944,14.351854161340936
8089.941264428708,8596.812845759763,1425.7250918997343,80.49422020729165
9803.202503629818,8576.721294782503,297.42537753515984,231.48716537641496
3565.9401463243485,8546.211954579408,890.7262790594042,101.76625961357847
6967.407987008592,2565.4987640281342,1250.433594597756,41.71730179796838
4535.763612511331,9724.648334654932,938.7580354813085,201.60331841853184
5615.2755077944075,2439.9095679241605,907.164299762781,336.00664315765124
5081.698730116959,8434.727933194197,750.0190365117707,320.50168435553076
5070.422780217255,1799.5814845779005,1151.5922750875716,351.9822872304078
5764.181835696588,6656.3483796572455,663.3406740107416,132.2326846721038
9299.549695883657,7444.311441100639,228.90708615898683,260.5005504738117
5491.140073973327,9008.69965775834,97.75995824971281,146.7450673389551
9420.52577104843,9723.80491825336,749.0706880788883,289.6720737286545
5526.355399659259,5357.859212154531,955.6374289687453,245.7983935943656
9150.857239582396,5986.921433987714,418.4243333373734,62.79583683658481
7891.1187042133815,5305.902831049472,519.232416961118,331.0937002851033
3096.7210246608383,5303.17577383705,1414.7607474358776,62.38558372346223
5446.869006259665,6557.286340346033,89.42664690010876,133.65131703943646
6194.466281846454,6889.248028188894,431.0475005700187,91.48231656453541
8814.159795208594,7829.697213552306,820.4973307957217,347.3330286397449
6140.207752481492,3132.671129176186,554.7590408951575,156.54137725292077
5331.603641670857,1268.153353789241,743.319169134974,345.1909195017491
4088.292186218919,7970.374571000457,888.0965761177499,178.10055404191252
7593.991196988599,9776.353612706009,934.7310519056465,120.96295580045488
1471.9683560828705,7802.847384859945,761.0224273448431,223.36825911673134
7852.930696370745,6788.419958202615,1072.4323964747755,278.23849589938686
8377.198874685839,5074.172990872406,234.40832961810239,87.1925095056875
7366.962474325571,2184.5751237090935,270.9674133866965,113.4593419664446
3532.4223131489057,6141.56112007167,1270.045815608029,47.57267635779989
7112.749150251031,6159.921593258271,1348.3764499923566,160.63195972828584
9451.179213694386,7849.517866935401,144.70552325720604,83.67845633785957
4250.876374966227,1184.9639925527076,1157.1369573993354,338.67868748790573
8647.96557035905,6670.932970849195,207.56993759908667,60.22041183035626
7929.140870066576,9366.820527759017,671.2596667298822,219.05293822556112
7434.412435368444,1898.2018023609621,186.273720084629,158.77563471344232
8016.3662061871955,6525.434513314712,1176.5283054932813,45.250565076386664
5001.918544495486,5457.5844796277215,1224.2488226891317,342.9665197686917
8331.508129984742,2883.691152490067,1390.0518396044865,314.02838928911666
1676.6058364287173,4064.9985868194917,74.65556613030053,26.448956511894483
5330.8220439334955,2020.3208240305883,1127.2641052111144,41.15653501283986
9783.421314361713,2987.3020365917523,330.4164130712532,261.1922118093366
9235.503545168689,3470.713076361759,1178.3872361516776,196.42276491864752
2922.213636631489,3573.271926457716,5.878258482106084,84.43967303995109
7917.776299858998,8909.345436256503,1103.7726569457564,43.95684920491577
7470.086665552851,9994.654614381625,1490.518078726095,287.69224198447785
8008.243889088859,8313.916971385377,814.730409289647,138.07345909374413
9147.638621392347,4935.477445759132,178.4871106341735,145.72385136303126
6833.082953478219,3467.987467215825,1338.002916678433,123.70373942959341
9346.94779522452,7214.892379119093,1040.131859456269,27.789862950953697
7856.15504675081,5563.8158582551905,1150.5474282122905,219.50188029562742
8900.953025678264,2398.9387191055393,1406.4735183503346,213.46535220432295
4546.586561333068,9214.765727584261,703.7618169326126,137.3580428295456
5359.603556215618,2980.1960732184643,1315.0510840048294,112.12697509552585
8200.545892676579,5479.258116902529,482.45564396995576,32.46561379680662
6453.744720659379,3854.4488655026216,1298.8027913869355,228.2120735673034
1322.8328305066907,5218.067765065673,799.0880234518829,327.601431677326
7461.521615806754,2627.00344737593,14.651185715629346,344.28672791521836
9148.910724591278,1260.044686945718,793.1236787097914,9.848649357438044
4434.75736004242,7283.867996332905,1129.1913471018643,218.7129165722938
4986.60210900779,5031.822648192605,62.372848159205574,262.0446371512913
7254.777463848689,8464.236335444719,1472.40335415402,124.0193401727355
4501.607343591944,8568.004103979587,502.7040426915852,157.95492450108537
9508.326644398225,3976.071176244012,1160.120794433002,32.287757221486395
5006.0638117711715,7974.803781175616,1144.8954742326328,57.78120549647133
9148.808036064685,9267.405347387761,1490.4570748729534,123.33897866450955
5080.530447644755,5444.371371540328,602.751588371139,86.156991271211
6337.653499545663,3263.144428843196,491.713155630221,340.4657057029847
5814.943926173486,2375.756673662268,184.22912552120468,153.78748757048498
3442.106590859082,3077.0561723898545,60.23432861434345,300.3353518879962
3247.779830684228,6428.83313109706,564.3238904071385,15.308535024109803
2587.2284622795005,7429.450368300568,92.10177166016351,125.68127609410719
1770.2020058786195,7369.157870558383,314.0277067818904,340.7204595004744
1469.6352852109374,2150.387759087794,1358.5149866422,253.55222031044934
1602.5403395984529,7880.573482131521,592.3686272832745,96.00811546877569
4077.486333360355,6351.783495623656,914.3640649403105,24.960028086604723
3329.377384606073,3715.573953409409,207.93889661042024,135.86626963003897
6491.681096126568,4364.816085925899,1001.4607561451149,324.99092415378016
6463.644112878097,2056.8014304523954,1033.2950873470004,163.28715494490916
4656.877556715727,4032.5075568467346,1068.9039526153672,87.9848549540636
7083.790315899543,1111.1085190841582,1036.347371328903,140.32661749548512
4428.019793761707,9239.94183568982,1017.6967831776681,113.62328601949774
1358.5401369989731,7568.086033500036,631.9656251708187,295.35534664290014
6976.15243931199,3162.6946175168137,504.2941754564431,218.98719685436438
2170.837348704227,9501.170883013468,1029.8654830230362,322.47902761733604
7746.153438894424,4289.257705940538,415.3130790929169,359.32727575865687
4959.316547595055,2441.336030732784,228.6906456392998,335.09683806524555
9185.854616352886,5178.430690549017,88.20904161186269,195.11426421318816
8780.913925675135,3684.3530550508967,683.7289568367354,154.5914792819059
8296.712733055108,5380.121334370795,347.396372302627,96.02951637389965
4458.003994937071,2656.6701818881957,1284.8977571736402,168.77522809662855
5707.394702424746,2789.102495465748,992.4918711020015,10.864321886840294
9636.725253520803,6069.719034402305,201.35976282711385,131.91476341420196
4360.320693526315,6475.793423377195,422.41090299489963,282.4638977331842
9198.43473523359,5598.260117434921,947.9653146059101,348.46626737827415
2435.50235473973,4023.007939321298,864.3346804011455,157.0673409379577
4313.019577078912,5873.647496588635,1410.4253385080235,71.28420997026235
8267.016920124617,9483.107078207619,254.39602421808456,140.76482345209985
4818.723330565104,7155.481157867006,230.11074420513935,250.68924155955614
3068.9654765079313,4550.633007208873,1067.9041444329362,258.7323953385231
8507.95125018126,7550.310423341947,1105.1914088938718,119.95208043759015
5777.1812241828475,2808.5776033482807,35.056590954272934,44.99347690737619
3701.714151838355,6799.542209857135,941.4378832351248,10.223933905190849
7914.178845052871,4977.338302728678,43.093457183886635,257.7804502385398
9378.821341465597,2000.9619714608698,349.8937321283754,244.83145343919372
8015.522112313209,3566.791068975638,105.48080936741144,310.6168306663008
9891.587483663407,6880.553065110693,198.0705417978311,253.0568640698731
7861.967503530935,3595.649382545053,679.4290686730989,22.38090592270667
2293.917405700634,6183.861073096067,985.7706279370041,209.5594620867093
7401.863216929551,8898.904253031582,1248.4735699201212,192.13059771214935
2622.4136655870793,1603.0731000017602,1168.5077595485618,237.84547242254578
3363.2334748176672,6203.461298961602,1172.0418155793234,131.6200608844852
8659.554234256462,5776.39867702464,280.79435583007205,107.52400023534875
6782.092230551669,7731.930008810093,1356.3888246663373,238.61138839233226
3692.2025631522415,8879.916440682784,967.4287831935386,354.77257183171156
7506.924067697056,9781.991090821582,261.86257291563624,31.999074402011495
9434.900432271312,2711.6955861555625,587.5747956397929,211.79155022191975
8339.426721130392,5591.463112477415,610.7626857876486,201.0461873178517
9449.187586917735,6217.12627021028,349.5365485551667,153.67921438470253
5086.30553857972,9292.001811399536,757.7438459552562,53.396301323778765
2908.62412490458,2939.0149776179755,852.3017916996293,346.87188624055403
1575.384145186891,9485.419094553823,313.6398728202321,118.81609878484075
7835.847966003489,4485.408310540788,922.8771286811746,113.00168362346537
4018.4633232095275,3059.7237828964953,1236.5596878645988,117.58611786806664
7147.531633720622,2570.353098869048,1019.6195707302593,143.72140212841262
8430.861387873323,3394.0063176834756,1103.8801122359891,86.58130507683278
5752.477047356877,5194.643224480203,528.9833148380241,197.5670890856083
7860.752746934812,1501.3993702701741,715.1545935748835,53.89349162157297
6780.376483921785,9871.778272064841,554.13294322684,324.28657235842303
4360.322987487443,9934.554948690182,285.0014375270022,13.88850569155497
8069.19762953019,3680.686833006818,1416.865635526573,259.9281314391326
7000.433720682747,4688.037711214063,13.019739776249647,319.6871610093492
2544.694530833691,4128.032762709667,543.0968689956264,12.982192507632906
2866.7344228767547,8916.195603856377,880.4895124636864,169.09919783179447
8789.228334797459,8587.894039760391,611.6997353370251,262.30620561829795
5420.986604044915,7400.465433178594,10.844610875282985,63.21364416309712
1350.1702845787422,3574.270303139896,1024.0829437063794,233.93059430193026
6371.497813272472,6474.85509668187,184.58402042049877,323.61419364485033
5533.63511742772,9382.780640382467,171.6886225755182,155.84714270862497
3582.709164113239,3407.538578565239,1019.5592941791142,186.42859106084322
7735.922673859224,3181.285641698236,194.44306020040224,268.58206016297606
1667.5807530477864,3453.132046502561,740.5304897282716,140.02366581616673
4456.772425030113,1847.6400396637955,895.0546752250796,193.65879626423407
8335.328546634104,2356.2824104927877,190.96225300821092,356.59592230627425
8918.466429128155,7379.354326668306,1322.294096793136,91.05031829557264
1433.777253420006,8232.952119837042,417.4504239790288,153.60968368641608
1791.4668790151843,5336.054940349676,731.5987011463102,281.71897728245
3421.861900821967,6930.282036533086,1438.8317369077297,163.58345246593075
1254.607957879945,1100.5974238576146,518.3315933413521,131.96546277486962
9898.178863286888,2173.3100202201936,790.4228208705903,272.3098214581437
3595.8191343767967,5449.252798989436,971.0080196698947,91.85856498551225
6129.534088811745,4659.218282852233,324.9192172079872,217.8382212017737
4767.137846343254,5132.040099596384,268.8389898589516,270.3369271673943
5626.7687193774,2972.055888744852,418.33169018148135,229.4084525720252
1714.85923858062,5295.805913947628,613.5163825313621,134.2102058807438
5121.685006166543,4556.177515449215,44.241359358471485,142.19772274758006
6122.673608272371,4530.447464730034,1378.0719187306368,149.35202991210997
1784.0118293899886,3601.6896353742536,547.9103670464424,261.6625333539262
1850.8286930712784,5646.637385931352,832.6378520145892,174.8502418667707
4543.584203253444,8895.729576654077,156.1628478559933,3.918660401012659
3537.1743213082086,2326.754966189693,1330.6599262009395,106.9635366333511
2500.5458894004896,2122.7780699234577,750.1824791500993,324.60422698334315
8800.90535373464,7128.846264825867,1494.6897459922795,279.66719023791694
1143.823143267204,2060.4826196339345,420.5396140509426,52.8541403216641
7164.027692821588,7339.698373283638,191.64387335112212,351.257870925356
3230.004641528901,6827.730319824335,1224.8166659673432,128.43346881139516
2205.325616706552,6920.957365950948,1241.2980308248304,78.83276991097016
7020.022197206968,3461.1913927695605,162.1739469271234,11.70932532406957
1577.4108308720802,4659.14347075693,1050.0852245302203,237.37007319062
8816.413951794217,8757.5260838022,753.2266684585444,189.79268582281415
7857.159205719496,8650.098692157535,368.6786121984263,159.0500088679813
5894.81229329706,5331.251184910386,180.60436618567857,60.556049704219284
9028.09318105123,4426.080118000273,1381.9378562809059,232.3023853073061
9820.56422551097,1750.241270582357,132.2906962209177,162.53447341150772
9021.36946271455,5967.4726702970465,514.9447628447691,115.92492217717968
7944.4812250441555,9997.0622726388,227.27097882657168,301.2959301049246
6170.10781388014,8833.347048315172,305.3986496754634,151.248947431921
7406.089740726168,9206.244502254322,436.0555544563763,250.9092267215541
2175.284496121366,5404.908459632771,294.49153003757783,279.7275981802386
9555.929787691375,9571.808378622387,783.2944928437844,286.2716104967989
5292.703748689212,9546.219145597184,1395.9634827985126,204.02056199352836
3271.0403598026155,8662.715060275103,764.3456400286325,180.5217447706779
5671.454492736903,1428.0168617978952,1259.345177014597,328.4159982369319
7331.689622425979,8805.537936216555,485.6228835339613,339.054724284065
7174.610702953744,7101.866248491974,334.6478973397126,214.7966132993742
5932.96280547388,4284.03813210897,974.4518906676266,129.3061120883751
2633.5159071718945,5756.82240391976,108.59549329246926,103.67181477705492
2726.2969631227343,4862.773328731422,1483.5477911295586,283.58483459070203
4343.033304167791,6280.393747146592,1167.6881161696679,313.5351517530877
7269.730297923001,4210.654543676487,1178.5572308717894,291.20573334378184
5795.037695916728,5041.5297504255705,348.6496135949307,244.28887147776481
2181.5246188330525,9057.483665615617,1489.2792391850185,267.7417824990533
7660.853372286802,3100.9036473810565,1423.7796587578218,142.5985857197305
8580.65150049771,7462.414785658718,1137.7679521562454,97.29508093536849
2414.471123381345,4811.489522273967,733.4101425608056,296.65961396189675
4152.50574918546,5750.66562831407,606.7633971232025,277.04436145134474
2278.5827790149115,8042.571140220264,384.0439249513415,331.25651363530045
6869.308593181757,3038.489665952575,446.39832973557645,238.60283096780546
2050.6572437706,1132.7206375823407,760.0624695596858,51.57505938926906
4557.472722855595,8441.092042896042,560.5423383541508,293.5244305866398
8774.845435074598,5947.606783853544,339.6286353892322,336.04880633665164
4360.911923904203,3446.7834016188576,1408.1798693251274,231.57354037031732
2022.941674592843,6646.403006535983,443.3705001328788,301.7493708144091
9520.348767866273,9892.612870447821,1403.0568545611814,169.87031440241321
7341.691272843614,2264.6254789425975,300.65315427118475,230.18855443072886
6641.00353307461,2220.388765184235,330.97415663277934,27.33017035085084
2917.3696441618717,9471.412529848292,942.6262633216195,273.2261045408586
6194.566204417956,5658.59519130674,735.072663945882,258.1319091266775
7899.747257947774,9509.229354341513,815.3308195999789,37.25286495380525
9836.966888934874,8468.140006786396,998.5809213943033,242.70012806097355
3902.057248016498,6734.934449813416,849.010315216975,276.3533995911621
5362.829190705577,7406.029544844922,178.37750743328942,170.45465483626202
8705.312208440686,5538.259420789999,351.5670225472822,301.08638555653994
5894.856144393489,3693.910274800751,1302.180617634702,126.11435485602387
5578.125604064633,1855.7288532391103,967.3228261421959,217.09799824210126
6004.998929896624,6480.52241315495,968.1491167830605,2.862920809318531
4404.767379931667,5765.718806092983,1077.6780177442865,313.6300850556169
8492.110761891712,8336.800273592471,1043.8222317290376,30.48445004496126
8731.866995689525,5923.113789002691,961.2500456343993,293.1159403393622
8816.158905459903,7416.659108626832,1360.4699730316704,169.5283280864156
5539.509087837095,9736.005975186004,840.652993411086,199.80441010928604
5836.593474536425,8871.997985703663,1363.3337083146141,359.248371694556
3477.3681549568564,6119.329431474443,246.497550783257,232.84813855078878
8216.769175820013,1695.4295692367639,139.4565358018871,80.31135874984271
4659.433108602285,9711.220811796895,853.5381164186376,10.571909162698804
6985.360839538496,8957.462384313538,521.9109914743765,107.61676080200152
5770.827523634703,3270.9224331455152,855.9230492682345,331.9420468198118
3023.173427571052,2173.219097317408,772.0957770110765,320.74491613592505
8431.360472155582,1484.419718111396,487.6381313245961,166.64943123860425
7237.356607556917,6397.018479585432,1251.9000013341765,34.740223346017316
5485.771644477456,8035.746945937436,366.6966029752261,87.52775438844932
6489.967039266238,8610.290870209536,942.5065401333677,102.33672626845826
4312.27152330431,5887.5763630315805,615.133164787104,106.9246943711266
9903.058763568397,4747.881841996865,924.8090996121025,168.21800603120488
3085.661531694232,9043.477890748885,795.6638973144939,97.92880808046189
3997.7159532460737,1937.8643301954169,1173.9025072835225,160.54503948816887
8277.66042169878,8460.512548895531,51.592157991038064,63.74618803177662
2944.9921291871365,1123.0341315390706,151.81154394558044,87.42503801316478
3059.4174960927944,7920.18368690486,469.8640440191724,9.97430177545357
2635.0237540610715,9953.426028969416,16.231886224509438,349.16583355985415
5570.028305982267,8082.088942770919,1328.0172245225906,258.15331062797134
4783.2793411111,9044.889128501422,153.7127818041268,107.68793766272182
8633.85784308671,9012.091404511513,6.8294016272372735,11.55857481113587
4766.0882904254395,2688.7203919687563,1361.3674666496747,210.70298266312193
5869.6246554492445,4209.396713269794,670.2586011727118,174.12528704642352
9502.900717102797,8656.15944106055,1254.9255165569984,64.23239056899595
4571.208946947564,5662.937812857542,647.9104431458771,271.62381401449414
6620.2500950084495,2985.6767586420588,1289.7806409577827,76.37632670510678
9541.990299687466,2706.607916234925,275.3722333238008,247.6930805889351
6627.472228517797,5983.048595685539,852.6156046836256,235.7123124362855
6191.77855748328,1488.963663214267,843.4663770169199,44.53585516690164
6733.842424285387,6470.296067255338,983.8656062134588,72.29900734754125
8593.996886633682,6040.796947681543,1044.1232214343065,267.0870952757287
8956.336809348146,3939.4688548619383,1287.6285560685799,154.31758514088568
3809.955592737363,1842.057443768052,1236.506352019177,47.56771176487372
6183.767026383152,8722.686165351142,1168.6758324790621,279.05167641122466
6454.1947745493,8605.869095180693,17.588884265360974,119.33224438405348
7106.092214809485,8216.710548783703,424.52190630619316,20.59978185901313
3829.21333906797,5758.512605169649,1051.6918471175036,193.11166428930738
7670.48771656441,5852.315998326405,574.1117871132866,257.4982602424996
8422.164140572535,3277.6423880399025,1231.1267257945835,76.36220770052792
5907.7222279180005,6055.241448982494,528.3066006012533,113.01631246092077
2923.6856053294273,9131.521331934371,1076.2638655270393,313.25281225870776
5821.760828706088,3893.2614384098815,274.6317646953191,223.83145508677723
2708.1799514674212,8489.305323384957,666.7538195438212,64.5338245896908
2888.1611037497714,4693.403609822766,165.9150262447212,186.1266837504058
7847.113034826648,4236.8215220244465,1012.1919689243331,236.62018080402112
6954.953008117795,3422.515633456418,56.780185733750905,257.1713561655226
3110.55428308115,2379.365812620639,1250.7742519903932,190.46072817920884
4261.106337898168,8301.502140021817,358.0058153565161,4.216730626054137
9016.626478814014,4194.250898536349,23.630045526794383,244.00730778172928
3959.5951669732526,3838.4511389526806,861.8688012043855,63.484258920918535
2223.2096179934115,8985.51016842244,1277.410944320841,134.87371372257584
9878.161110522316,7231.393337149527,1496.4153698945174,334.1273639564305
7078.0356362667635,8484.928675552348,825.2909337916827,354.28622056564836
9642.588812398988,2627.5962277597664,729.6661262243668,71.69337485795911
9359.114561827751,8751.911356221412,555.8143590498094,234.36531377742497
8216.281156136287,7620.071336741199,1457.4040535717975,114.99801336588807
6513.1244853674825,7750.155229384244,280.1558516622563,87.48783754776119
6345.41527138385,3097.009601114,769.9019639383602,221.2722144471049
6039.359058765514,9760.319960620653,617.1430151505442,322.3424920623443
7226.836329896794,3500.6026024294088,518.085595507349,276.64776179350434
2140.9849180443844,1981.6530008784866,128.50592493717843,301.45123482514117
1956.4811985681322,5976.077041412747,1030.962773059508,216.4268944728507
9158.929615616344,8506.106646409871,865.2390037446893,317.19516431306863
3322.148154959768,4734.832204801156,529.5026942199637,103.71495854296826
8230.889394896885,1347.536952438021,764.4249508774665,104.82417019990936
9341.740378925238,2329.0087697943604,1367.45475669934,264.6356506867508
4043.8241114412235,6167.521975378194,608.8730011327718,134.05407002048375
8830.906960149383,7756.441931726435,1237.1897777847817,182.43657358030623
3712.5658016174866,3892.990569669105,1002.138111538198,262.3900797326139
2137.967358051026,7662.969312793168,403.4442641129391,22.78150127560756
8089.9185301732205,2450.728191661996,576.6857165026956,275.83209902401836
7473.8328474245445,3128.7981079981773,1379.5296409521475,313.86985895460276
2481.0313630603664,2199.595129464755,742.6266294089562,105.30397358266626
8180.555776324172,8372.537897807648,130.89628327590938,1.0628703542313
3354.7829687911317,7454.619414015948,1291.6001984850689,220.29444515796766
2988.3857511953665,8346.636708521024,514.8618781617839,329.9950281815278
1107.2721005216345,7602.284843392871,570.2242512157777,351.2666045843237
5578.500738368974,1338.5457692968444,1254.6924326501455,266.6958108132414
2959.3825749888197,4327.392011902505,680.686806045632,181.21528348609573
8844.905479874315,4355.214806219398,1482.119688787931,18.5568015029011
1488.9066064622693,2388.895707559368,27.657473473316983,352.0335434555455
6731.346990239976,8230.073161855236,28.608131333403847,307.71595312042973
4938.82323094103,8819.836256230188,1098.7769304875792,116.13640970280177
5258.105566975358,8077.446073877618,64.39727923702254,52.44331518206148
9869.151241527241,7890.024740410984,566.2778271786359,38.31902521326334
8627.01267636081,8453.04379547724,1199.4399400117443,205.71841487319327
9371.122745624916,6170.241550180925,882.239875353006,86.27038667991395
8060.596945699137,4954.20952734893,1245.8095418420555,47.44169350506853
5258.897910271264,6936.17068021537,959.1277449975285,328.9694911922351
6518.078763309217,3326.776188346912,597.8229050470088,57.04142496189164
2435.970831353493,8646.416856132899,143.4060868072708,201.6978574687349
5000.47064851356,6023.355585846875,1312.4627470758076,211.39279470511212
4733.702136103915,4665.747371813313,83.05616538186561,355.90720833104524
7481.458707841755,7293.3308834509,880.6186103795749,223.5767552349242
3978.7839869158847,8522.55383516178,1198.6533443921128,144.8249133209181
3788.6111755566735,8437.88361461741,1145.1528365230247,312.03799275930106
8068.630972143435,6677.284642857352,172.51458702516965,357.24884087686956
8424.208090367436,4443.307961895722,573.4651596780421,292.6199429375016
5581.241269267735,2159.536717155574,1262.5171581942827,224.34830535818475
8050.030009857797,4979.762508944922,130.2663486477172,171.79586098894748
7421.014984333807,2285.449418180685,1120.079274202907,147.39211794176003
5964.013200557345,3516.2831869156057,72.43336096349627,67.55940910888323
1754.478153711455,4075.6036938795296,448.7709951710878,168.8302579972786
9494.350945527896,6763.7737508111295,847.2569392990276,334.81262807543254
3528.320406781408,7224.26762325022,1295.0121610044032,1.7531975865651885
1380.5556634868335,7534.742854591226,311.0244811117199,292.3655363920192
6199.436592636737,5684.706891266636,1415.8242443699785,75.56326415038878
1113.1903060920945,5470.928688781132,834.2590810108774,311.996628343865
5102.681964767631,6794.281842347389,352.8552336881822,33.46078319183312
5984.235173848131,4565.425038840467,63.78551773993728,47.89614975638041
9893.206304627805,9807.828869127421,501.1086243018695,325.4741488987863
2847.063967691586,6433.434737999235,865.7674278702414,258.5896514895706
9362.804036586445,3135.0846504582582,606.8646017569641,307.0683508297754
6459.925632841494,3851.99314402234,1154.2582989632049,216.99818156204665
9897.640421745273,6784.375022463054,1252.6802991592292,334.3310042088017
7562.180036787242,1121.8533399431844,136.5790123220123,78.01885080821432
4785.647232226528,8779.542776473245,775.889660469676,125.27563795096884
5269.903485902767,5146.2320331367455,618.2504040920343,51.71732381348965
9903.89020528412,1507.5780066561063,88.27035776789354,179.73612401943132
2974.2164211872273,3824.0125812700235,1356.108860552207,122.28795625026304
8538.136222928313,9298.6553244488,405.1289023668598,151.45785672573246
6288.719715262773,6799.481071457616,750.0833994785987,187.2979893264495
1424.985481036103,9480.472680279923,1296.145270581724,48.242907424393294
6723.986419214289,2451.00263368535,574.8164992768793,276.8554205992473
7614.889143302625,6327.55922829299,1300.9054477147517,33.75899123116162
3803.9945468683723,1250.7940541840856,121.30744935793162,313.01841232306094
1925.376124736973,9109.188139441312,152.03190274468574,208.20054618514365
2597.9604307082323,8775.005533193033,670.775734711764,167.28969073112012
4840.14069529755,6582.18658809978,664.0183026321745,29.75147644608928
3182.280945472292,2892.681447105856,300.31589695075684,80.85859354256651
5337.082283963536,3793.5897706859905,1060.376903914198,338.5727443986129
9707.607291510323,6712.860900728339,594.2790458981995,212.40519117637697
2269.1366018262843,6045.183531294202,373.22328749170623,215.6300840090616
6641.597518637809,3698.0863824847515,566.1739220416194,172.4548548279354
6258.757761420973,3092.9214623106936,168.32039087647703,187.92654103946452
4218.051176640118,5543.364451050809,1387.6075492331447,300.80605401923987
9534.598384628911,2288.5576711225494,1232.6297046341294,145.66870303856257
9679.926183364942,9189.55463349265,924.3975790072673,79.06694870851356
8809.078960055802,2000.952346212644,249.9501455095157,288.3517330356684
2523.4066986867456,4386.783429138692,176.78852728678717,139.97030080413109
6995.189103108623,9104.020900709955,376.67098259988353,81.68986766035525
4107.069603585218,9593.5060110562,546.993336407904,206.19580743555935
1452.335475230961,6774.713392138505,1355.1893114386223,328.2885507566598
5761.652530374071,8681.583393696947,727.7310662647463,197.1698253990925
6142.1795425209475,5269.863069573453,201.94563970391133,81.66062932864193
3529.4568558309406,4332.16916828209,18.178753966301343,15.776758852119453
8002.5052825657785,6163.108167586735,1466.3965705771177,281.280469978567
5152.805961353251,5739.267281791383,1425.5066447516247,95.74995024192341
4526.616753386255,9514.952902073132,1391.0215239937406,67.92748173908097
4622.740765546176,4191.9896980565,920.8238073694027,32.983099415651594
7377.703934409351,8800.334774227325,497.35676785352086,233.02050477560707
5227.102213144592,3832.41413841488,255.17915137292033,326.45460493023177
8863.21498712554,2419.8797127079697,1078.6657667254524,165.17508266540978
2697.693335824655,5188.957405579253,1088.3592211453115,56.02374331082358
4416.649755446822,2279.166702714653,867.6526826956567,294.01667335642594
1862.71925942965,1131.103288702768,315.52410422441693,18.856492232824504
9933.004045464946,5063.43406944291,213.2383912580851,20.156952954184003
6531.905423672177,8764.845114799631,638.8547128796831,106.80791910208019
9209.695481671573,3319.422484259438,1485.1502084730046,231.69024654722867
9722.705187047664,3585.4171542238437,229.09097803601264,254.8278306230869
5960.465874485566,5421.239179826486,770.0541911801027,92.31027042746427
1165.5900522671873,8662.641966906674,228.4587865988792,64.78185683728069
8963.810482288958,9397.215109954463,857.4632957284016,57.93822103413254
1539.0416321576658,8102.425906865793,426.75729573740387,214.1479005229984
2895.7088434888446,8769.43023625971,258.77390158753616,182.4028649440373
7836.323754841273,9659.660876505703,17.49707420402694,11.885117702756688
8454.322733676196,3974.324753938763,1241.0286030013942,209.79598104318177
3495.963804237239,6685.592259803671,761.5096487642508,257.9909423019816
2354.624351440197,4309.965266081279,721.2904488338097,73.31741022141168
4375.039813273089,7908.751290496731,787.9967688102138,284.6847100445806
7914.374677740756,1642.9432745927447,1113.8881513571773,265.3796565493242
2495.8748302402482,5209.5675137781345,570.187099561416,186.36514541770222
4318.150076801074,1129.2554613780235,1279.193950297425,242.04209210740723
4816.460080584988,1493.3535640404134,306.02245210218,268.75853930141415
5543.115731149113,9345.569307306478,133.19024589318974,116.5895445550776
2097.4324450523745,6435.541999276927,162.50131122049206,250.88264927388082
7941.338298041209,4509.453381590908,1404.6888767062526,118.81959698769579
9649.612466151104,6223.000453164768,1131.1422349659344,69.35546254979671
9776.389087760594,5540.648846997152,112.62963964061403,287.42966763569484
6417.129573931792,1207.5882360813596,55.26748573315856,124.05789115257774
2977.477606414667,1643.3958600042238,146.21317011858866,46.65755105524111
4198.411394720567,3794.8503541307036,1287.283831929433,164.97984256361076
4928.901483729913,1822.2116001834102,926.4006122762089,245.98118145366703
7309.5101853240985,2673.0566116006685,1307.3404280891261,122.47918691760553
3570.1767482685314,2939.6845462167075,482.22137770154905,6.052059143870266
3258.3112949541132,9107.20167817992,734.4524778568226,304.64936394567655
2005.9099425953166,7245.430038888023,57.720659813764975,119.0423755968437
2463.477480276989,3780.032915873652,515.7198918576901,320.41054660769953
5796.356357988634,3455.0356840577556,497.8432554587971,139.36216112625604
7784.764403298189,8715.00301834111,330.52241869375877,29.859758929584448
8161.015021368811,1403.1686440710937,167.67245491739158,253.796756917695
9061.58340088452,4002.3820298095916,647.8015770847381,232.81918809079338
2578.6711317984445,7438.663728314416,1226.4552708158374,273.3634540650039
7466.82173597763,9235.620809527813,1201.6642531439816,30.876464090583266
8329.854627839442,4269.224462718835,1248.288714411448,25.676485248256068
7224.811151646158,3819.744756584096,769.4906047262352,110.10323219475019
7074.441157563477,6221.639213558496,1388.853632107614,98.59364389911941
5795.898531275927,9005.299244143596,1174.8861256310574,260.0768043964231
4061.1953362749286,8033.012668657156,735.7849461445952,39.4457403974197
4948.05215373196,6079.286032671767,662.233861165219,288.03653395425164
8686.852427441798,9394.066400895932,527.8842117376977,338.2196351712942
7227.76132449,4126.3928752237425,1397.7739238013353,160.1879216790295
1749.5142951210296,9896.392877154532,69.79282624323392,147.66311843671
6482.134022275605,9481.033036460347,1093.6925665783824,92.7666981609054
7225.8082866149325,5390.1411925969915,1240.5615260918935,356.10968080658
5466.784949224558,5967.671680482456,5.0026515253143495,43.73923090590667
1321.2747316161867,3311.935699683565,691.6162219074274,196.26408211181462
3393.9362861975005,3694.005602670139,1222.915813347639,24.496955938181664
1536.1208232421009,5740.65947101884,653.8336216267487,25.361752686992546
8232.51398937941,7170.112884309282,1108.2325353671458,306.1812923896255
2448.843108515626,2410.284879566132,303.42716788552383,35.39159400700888
6457.7451869432125,1740.35562777846,1143.7882622691534,201.50080518793462
8443.260387328992,9281.664029022633,1283.2765277182616,155.02987962011647
5557.358893899775,9947.042757829084,325.56662830987824,238.78418806116198
4816.277611042664,4904.563271626834,670.0681157771359,138.8122155059834
7721.423079018399,6670.128141199293,266.4617217200514,234.35038242740168
3390.0880783175025,4273.551909710099,182.62599067186892,315.1469825910883
3833.1907530984963,7590.316624974155,280.4217337758494,57.990739864154904
8604.563172344306,8651.796125668767,356.53841392937994,278.68697059023077
4063.8668725176803,7626.790662027895,279.3034624224406,223.0831336599703
2475.697438754559,6471.672728616815,397.58160194326695,93.85885846643812
7570.014603029241,4043.577583031518,636.3855617222104,349.55391087122996
3014.975650242741,3652.271405569516,328.845046896865,237.4547878429851
8965.567033979183,9122.53577789076,1021.5794434145106,3.951910180282124
8166.855968478426,7791.000554052919,498.4270443669956,77.69595084724229
9510.71824756108,9472.770432452975,401.1201198643037,181.48693799627475
5901.211254257998,6923.230847003774,463.02875614706943,327.25729696404414
7383.113012966847,6810.701438518796,810.5412417517465,321.8102118473742
2375.2683294461267,3699.2549635011073,254.6854250945966,178.61305103738917
9781.78938351514,9548.581210151333,125.95867049925613,169.5243288711868
6230.05682631147,4173.100082528845,1034.5826966816917,132.07917129751544
5684.906847589454,3175.3465532089535,947.9362696038443,252.1704029030179
4429.156333781646,4034.0674319941713,970.6743887952052,211.8686123440433
1731.4341928052609,3447.8554546763644,323.20523056536075,268.1690078732503
6988.224388094792,7689.737242842805,704.0987802555874,242.27183285039825
7518.285586999099,5158.507764716673,1239.88615421396,66.78047594185166
8841.006417614924,4684.1746186134105,346.54805189194,250.2097152402754
2628.1995567776667,3415.55554796964,779.0806177257441,301.9824344137284
3014.701503983323,7409.274741345199,1394.653166254461,265.42090996926623
6670.1349084384365,1427.574170559307,530.901956763958,125.10568415788599
3046.31903907397,9124.367137774669,1279.3610405985216,132.9485828750373
6764.113297307031,1600.9129569753482,905.5867475710899,278.5227085033268
8666.679013659326,2631.8492565944753,453.48123610871085,103.35171792003707
3716.2841553838834,9307.250185299677,1341.0078622374838,285.0032137934062
2393.322194376061,2409.979182249548,1050.0428245275864,189.50969079873602
8920.373402872901,1240.1295727637885,345.6806113846664,145.61604239301383
9563.419989189282,6896.447832740807,640.9580330261625,230.38502536092744
3491.3081320202523,4907.738298229035,32.420996369073265,29.613396566391934
8304.03887215504,9929.063228874264,318.3509428265883,93.47457477062419
8551.112581054565,5293.51021127028,787.3880071486891,227.85381104530546
7170.384476696269,1781.4332237014905,161.88789555719717,51.187462458902104
8060.362670954854,1101.0748616349917,611.93928986254,50.438175952542466
6143.985391546367,7259.858745716492,176.6800751059474,310.96392854265645
5617.207464281224,5842.025721620683,1287.5529484635413,269.6545241638499
8671.122552576559,8459.827679005475,363.26194344761984,327.64941904394084
1635.9169599739025,4451.2605717170045,1215.4292497953422,233.83851658666003
8544.373343056266,5042.455369116267,536.7495341447751,322.81313289370985
8236.867880710975,6458.2548132749325,39.13905622729448,88.4802592646798
6838.635055062017,6276.947473583782,423.22576937444296,301.83323184009504
3071.061493875998,9034.661344041117,867.044144626612,232.0422365617412
1988.4360388225418,1312.832021588885,993.1452005048423,165.98967797046487
5436.170141603493,5758.9711663566895,1333.6094255909652,92.8445642254092
8044.089512230322,7024.773122726047,334.50471744495576,343.44921183980244
2437.7396225840603,6641.42977708352,1388.529372171094,291.10272720505293
2355.552297949393,8733.70290046297,31.952307731546142,331.1762034400811
3785.165202803853,3289.7725759407285,337.9400382141808,161.69705749567086
9054.527780924824,3859.2894891962205,299.5907788364489,134.05157411633496
8188.011605606563,1242.4841242403427,494.98395590599245,327.72330251609316
8153.308392068183,4871.183629495354,1255.6927807744826,350.3529945528234
5475.288759389002,9121.327217486853,726.4271070055177,277.1932875772507
1578.0972114683668,6362.611848657771,394.2031989102807,166.0712492898517
7101.031876127039,8244.956766748797,315.94142333544085,28.06188999932629
1465.2632867801722,6919.826023821407,207.4747764836589,118.50451894127706
2696.7267791183986,1527.8668529351476,132.1881048110195,352.5852059392874
4357.393639297776,7477.643092227047,663.1103321586623,257.8126552375848
1835.1275594179285,4628.93842173743,469.76683827504735,256.2437917460655
2633.0592353252587,9711.492225187943,536.9750913628599,259.3767658331359
5252.15554416888,1524.2793210818754,994.9220318820733,275.6154316027705
5907.411001057684,2048.425999108537,1415.423350862498,242.9052096978078
6042.886338834346,8615.160481305227,740.7476590282082,328.51633682420515
5789.644758822502,4956.1441100741795,892.0420828054852,3.4526911612524804
5373.608622161077,5292.64837326007,1362.5256039073354,233.28932053203167
8265.408470065177,8791.555466406968,912.9518534567063,343.41854439961475
2164.177701328391,8594.899229429142,639.3964284096785,259.46964737823026
3581.35531103535,7898.952127760253,447.23648077329216,130.32613117707368
5483.5097840306935,9636.050787224893,136.6571854951714,20.586854080981453
1300.103662606372,7409.48320949536,277.90946510692595,194.35832346296021
6998.457643345683,7124.566221557054,200.3407162552845,132.01449038664904
7962.768891957359,5714.304432053542,41.925749949579995,32.56177161930286
3566.4611189389357,1965.1536705670344,1270.5014515651178,185.67495087963033
4781.56812053503,4774.173814755495,401.08867544569085,302.444646729502
4617.397046610463,2043.4649474084185,681.3938203116194,115.34833799500976
2287.86089855872,1918.299917145098,1281.0094347927113,118.55934744873063
5239.310546304481,9179.658221364694,1284.4010897493915,57.79869035383604
3145.0877954608563,9773.47463911288,402.6587020526809,70.19320061151087
3102.3098075167472,8744.98075189993,1254.802457839906,66.93791457643417
3435.96788276119,2125.6698455916376,927.8325715806809,197.0158198521467
3563.0334831833234,7717.189871972457,1271.0960315749362,170.14858678827258
5496.218357085763,7085.598131286313,836.4054872462849,25.199637749493586
3708.1373171674495,9217.946936701832,1180.4936722656212,214.6049068570344
3128.3720515577725,2716.4866785738614,367.05940310816385,19.1169396236906
7568.2515686613915,7626.561459760429,1456.29180602442,302.5798710477132
3636.6693238519665,8519.47896270343,1018.3232584185523,346.29001413888955
1593.1486180079721,7617.7391230754365,134.51886911785195,58.482261076703296
8795.2289939403,3609.8671857668064,588.6216057895075,119.98396693007041
8920.33007649014,8613.523962658333,857.9640344726131,341.6985037324255
3151.3804780077653,9547.285466066252,668.2508345997613,50.84955679583487
3453.907179649772,4076.7880861223643,878.2168516995363,36.75594043244789
7910.981227439239,4292.091680386291,922.3351391347004,193.93741959928295
5687.747179005749,7575.047131009036,1108.3601270889299,14.902235156170864
5506.427827660586,4475.21719180895,243.07211073711207,204.86330452332047
4879.229960465551,9512.774772202973,1273.89213772017,220.85668028503937
7894.692417103245,4502.620188602096,623.2615524447688,317.3622125461831
3846.984552559339,6989.745341270018,121.66825714725078,90.8697195106897
3239.9058379844314,3026.700123703538,1211.9052436289542,59.53669450248019
7256.4439504588645,2636.9042163578947,1236.583477780933,212.77200178627785
4986.764729134431,2593.6584998201765,1035.7073337926558,338.7692716237045
6867.632198963148,7313.256731204029,1034.8147175544302,108.42457871261684
4917.145695547539,8206.293504030014,1366.4724568743025,181.8598671380912
7734.285940345954,5763.3170420640545,468.1434347403617,218.13487245293518
3379.2795990539203,5477.5039623052935,1194.2916256305896,280.8892262096076
2645.4925773993814,7469.4296879858175,976.8122769785778,144.15116767387403
4094.5182609894414,2965.421851928757,806.5911010791712,82.24844188151968
9619.096195982778,4878.294264291253,218.12483313122038,157.2472403087272
4588.886025541748,4743.27119105052,136.21244641712792,105.26719316578068
1198.4100137366831,1738.088380950068,1376.7946487721006,92.4908416624089
6570.550743638555,5265.1201884197335,121.15796836706683,188.1822007563628
9204.985987441363,4884.888415028519,558.1299092477398,256.3557404468703
1675.7065993842646,4142.240083730816,250.6211655118246,277.3634978131261
8547.067052377191,6704.4811919345575,867.4058911360358,220.6675937797478
3081.607531653854,5611.120807794201,775.496240485502,55.56193277968259
5510.782237197904,9175.336621449784,852.2969461809201,57.71161823509555
6593.423277471566,6410.425708169234,304.7149338164277,308.39641838139863
1821.3808569417868,4209.678099585162,59.71582708721442,191.10743008275603
7617.296748984846,9205.654466392165,192.28574337400994,192.65861423826888
6880.253965879436,3531.9296826463074,366.6194583779147,200.2830320711896
1977.4482055904537,5522.553530589402,1250.4309254970167,56.43982188670264
4283.253650621666,9804.440797784366,404.15146811926684,26.486771182079313
3769.3203158944198,6331.6513247389785,1168.9387973128682,210.32299687860876
8860.79362259194,6377.702460659229,416.14990283457416,189.68791968422104
5627.580570398152,7519.2613908092035,186.1093060067474,135.78688856025283
4054.2635405885567,4205.655565978323,1428.0389867748122,312.38551620010924
2106.6283507597286,7560.314135659443,1287.66258355806,150.03465089097446
2034.6121666275856,4063.703923742263,1290.903555011381,104.16092991093885
1842.5957783540684,9972.583191871623,140.17316528917246,352.397722320012
8512.443281242093,2994.420902469413,1410.401679078023,205.36117697817338
2831.440509765475,2384.079627749472,608.788464620089,215.9191368991041
7759.833987143054,2000.6156942552298,1421.5752606969174,103.26336192939075
2081.243914309353,8014.5033685253675,1093.032856521312,31.54947231711025
9556.342160777915,2042.8710829466263,521.3040045831552,298.63128116511365
2502.5349866343972,8454.213651788035,587.8819098379131,174.64873010432316
5722.499384733303,5868.51360227949,669.9599158860499,140.52747431538583
1862.3214330247208,2586.106122080726,566.5879706037091,54.427379434470936
6917.66158636997,8339.314122675245,1079.725883903958,283.03012093793086
9041.42215522407,7477.150168736331,444.3825903115636,228.14567260609496
5276.852954230107,2912.527278872945,1335.1929069765924,267.83196520749226
6072.456420620751,9477.460155359804,842.3299512508921,232.93727742694793
2228.752815205878,9203.106516866523,918.2748971071725,189.70574939571597
3012.690646432679,7844.660964968696,882.9870660241535,327.2819397435861
3861.97456283699,6115.334415662148,300.2967504159477,146.38061077298536
7061.6138565352085,2803.729015353271,616.6400590437225,195.50671688250915
7643.731922981026,5373.088663282218,1126.774559248795,301.7677035307376
7174.364477842531,4384.984804008884,291.3696605943922,251.9013649959437
6001.522485465927,1874.9300336049878,917.5454202203102,177.85517918126942
6944.770959518396,9216.2609272639,975.504935899273,358.1176178400506
4624.067368766111,7631.2449945079,1446.634592134632,235.1518414511596
6647.214586042028,6919.442769745928,32.705754183011926,71.25479629637371
2682.8476079327766,1242.3878309564373,512.000923045468,23.980736918778142
7131.709429570579,8253.076054753707,473.17122985977585,348.4185560281165
6763.679727310771,5634.929734526081,112.10203087369135,171.65673370019638
1473.473447939649,3278.462981508109,11.929422094164124,258.1993127575362
3670.8653606518865,3459.530220910519,1251.618122410676,274.84708518432996
7057.822209874943,5081.004876161742,1448.9985682701927,191.10449475439736
4583.825198857006,6331.237302702625,307.1835760000305,121.31747804431036
4377.291879131812,3517.073918500605,325.7791810841619,139.2349836536724
9310.536396810712,5354.157585796336,1380.7175758262283,102.00210948180758
7825.166770181517,2174.7359230775473,1080.1651108652436,147.17441795360682
3673.482089394567,1111.0104966814795,1247.8671720287848,170.64955068805187
4575.386815450656,6362.461941954648,1442.5405370842661,163.46344536439307
7185.669012744675,5762.138786440425,1298.6715600751331,28.152864078392525
1871.939234077308,9819.639479537856,1305.0298407387534,344.4921905253876
6773.574630867012,4731.458109949124,1291.6471250841776,114.69330821084888
6172.467090995077,1419.0003937638119,288.13730884894187,126.23769893423479
6263.369152185739,3196.1291617549628,1059.8926892204076,184.5810493619237
7453.400073466951,6644.819008568457,514.3952181182062,227.63623395780465
7099.010448000872,2813.690512578234,283.1179849302142,287.41674350229493
8497.985283512007,8633.347100692556,729.4366657637887,246.6515126130887
7078.240617034069,8925.640744016784,1441.0428283360002,278.1092367494147
1224.6180801658493,4468.5425066121215,217.88548906197056,82.29220595066096
7793.767597309527,9082.970547788012,1346.5028769882513,308.3726810713268
2837.447391645867,7584.226275034859,884.175784060028,285.6993941618499
5815.798603262379,6465.927270151794,969.2291337458638,280.80909817443734
3222.374849619727,7552.740037258946,1049.403530294612,130.64384159314045
5359.562952764524,4417.805142794284,58.5175041200115,238.61867229807234
5762.830623773043,3918.2639732245075,611.6070001858449,288.2934928096413
6374.536573023516,7565.329752658653,631.2771709916448,192.03688038653303
8947.723569457667,1879.3356483787948,496.84030944855556,218.93519130199593
2334.189033477816,3852.026117827855,1188.2717013871602,107.96542979409055
2760.973605357408,2864.69800615668,1090.0506924208457,70.24760484903214
6531.579610172133,6652.92790010651,1173.063048194981,233.87184602403983
6310.839681135298,5272.454765219162,22.52101851548953,306.665121080132
8557.862626606911,5775.600044027232,1305.3084230268623,14.808198606716788
4162.1338344134265,9787.91642356176,1004.7848056928362,118.54818686718379
4828.326206923893,1850.2528414902793,1032.2648434782716,282.349311203877
7230.506183404823,4500.775263293304,157.6823078246292,84.19719995337807
4966.533677320031,4940.895887229533,1012.8382762802821,109.9438689391413
2928.227099878166,5906.2838665569825,831.0412105499091,330.0182967685046
6519.631896858826,5172.449826830529,464.2402499178933,156.4115770755831
4880.731673460064,7130.38591340353,709.7435725340914,126.02041263292152
2356.5681262487706,7542.723900641501,336.08543525432685,108.15738285324187
7375.3568425673875,8384.87980823893,1464.072516719042,174.01523499138975
1976.321339065927,1205.1190429528965,357.60455852771145,95.28509060972198
3371.611819613892,3072.5843208248316,495.34007552211204,139.18757541021316
8944.654680982861,6664.764304993907,1154.440642511766,5.36402878048166
3123.3273436491645,3953.893199970851,655.4182461655972,57.36321897597718
6680.860476617474,6116.394150767948,732.7278789066909,220.99301476215393
6085.533421679525,7968.430833469367,946.5952969756344,24.140206686042507
5215.633267773595,8076.4123691107825,716.6136718957551,290.76048626357107
2062.4751926192953,7165.2943995440355,504.94924687600445,317.5528994055662
3043.3093597110246,1965.0284376955888,1420.4663980887287,135.89092184321086
3657.742082965401,6601.569128823344,616.9016172688715,329.9735485267304
9162.852145143508,6804.874721874726,869.1061584654577,36.195674928916084
7752.653749489405,1147.0471782987297,393.22268873742803,11.726880161022061
8811.109545030888,8382.708437878522,1073.482472344725,58.48641817553127
9723.957268855798,7008.914319726224,1188.7891637382802,79.56430651034168
6028.726215639692,6428.066073754321,1274.5458752766956,251.64773730675776
9654.652936118928,8299.635707504658,1230.0056126381623,219.78481508877496
5260.741500997166,5267.0597787978795,885.1088706694793,136.9918019394909
7604.071133828628,8509.025724173665,641.3717447714213,187.12407422685538
9723.558633809576,3813.549767877809,143.26293007424056,155.90553242923642
8674.96848911942,4964.134067712068,597.03355566683,350.85952931140935
5853.911844520439,9802.064557608177,1384.0685184399633,156.6831081468557
6467.892879571973,5613.481630332078,644.06890955762,126.57696214123911
4903.58363186295,7160.332567024244,1294.5935429745455,24.951047358615305
9430.903093447841,1419.3004728469227,97.38160283714484,19.44154716797268
8767.216907387185,3177.2393527008517,1067.308376370426,259.6435367334307
2602.9004131825777,7078.316165042251,1416.8836185269604,323.4943398670556
9758.93390750053,8136.363633547018,1495.3766285706758,103.0465059276333
9948.364230241956,5791.419168290296,823.5669078339977,277.059702458517
2188.3328905740227,1737.6688872752688,107.78454503372994,12.494115937474916
5316.856528537217,5384.784919699375,792.2206004655391,190.2447676192098
2395.3184486225086,7011.655663018345,805.3717161219524,37.7661082148091
3139.3006806422027,9781.549676183668,1040.2548598000349,334.9383119058638
5965.871439599452,5566.540461896726,623.4841531290622,79.20051932056289
1720.6367877693124,4615.72791793069,1460.1640343101892,97.3175320897228
3541.8628117455696,6847.833847325135,1380.8979919111637,119.35419335982812
9400.868831530515,2936.6648447236053,338.9979935655449,156.62697160461553
5775.346958804813,5433.5413302894,1262.682363616358,266.1964181211792
2255.0413645956455,1837.1737853551508,1216.9000942193215,211.77424032131643
3369.456503388393,2517.966070328335,830.0413936954709,113.72952013568701
5151.275041921208,6761.300158452201,125.7321935064094,37.54606846456447
5019.673975018703,8748.905556557938,320.54653432336795,195.41059768722897
4417.883696292611,6075.810759037843,1355.2779671073215,86.89605742759242
1776.3165004097036,8859.389380937533,953.4480525079174,172.5948910312085
4100.137960219199,6856.578187050422,1408.1227369840424,192.39735120105578
2564.1188023867135,8643.320056199078,1297.036885900558,359.8898283328803
4778.7952173359845,8457.725887768647,1053.3861746360005,29.24522646906616
2809.249590216163,6224.441127170561,939.3849324899113,90.47488485470696
3411.3686339672167,7803.579818800613,255.75211669857214,2.5906088689506306
8897.210668159258,3973.9623585774834,300.35566469798533,308.6632125053618
5239.215947609244,6213.484696475832,931.7037600106804,313.09254445341253
9472.923931762709,6561.651354369512,968.9108206749285,270.43781919148074
7693.442946884208,2927.3923072796456,1095.7041865643075,209.9325511268866
4289.721257478397,3168.859836252603,622.7684013768227,10.840929186580814
2453.71204928937,1621.9417357358107,34.89344083238927,188.61133966566422
2326.2241403522403,4355.2176350596565,18.265804903654335,250.10871310299785
2093.7784161849886,6741.3332578870395,1245.8416883811808,356.4326131709564
3013.1902830269473,9272.587879709901,1338.933861169863,228.8477827669183
8747.630845652904,8830.53548984509,1314.8710982956698,145.0576123528923
1698.9805764372463,2412.630623358539,683.7918764375594,309.7385855490946
3660.4776560607193,6506.339343811936,996.5633080043892,169.0436335752152
4258.866166457088,5754.898519577436,1262.5480420483764,19.19808919909643
7388.349369665321,6248.138347987633,169.18833554012414,259.40084655320703
6636.552364371812,4906.449957374587,348.3130078526711,233.98912253403213
1853.2730655303367,9284.844710148878,1251.3797739819377,255.51835168319715
4193.958325036656,2697.6056401018827,37.01303067485874,243.44900725054487
9517.315376394048,9019.012564895054,146.43750522491513,91.35704071159245
3557.043096287454,4395.605060093621,499.827157734376,293.7208150542121
5970.006461635833,7535.532220735441,1030.9612554849089,264.68987335689815
4808.8573154849655,2537.218437343944,318.9363225772668,81.77292268649055
8577.820509173755,5557.228323586016,838.4232122752525,111.47953760892752
4468.025024396324,6954.509003734698,327.15678418902667,21.461151640774602
2462.5306121155954,8671.260931472541,1313.5611273562986,328.37873033305016
7829.202739400739,6865.254853669764,464.36518785272915,143.43131972052427
2650.818410600027,6341.386761431009,1166.3174082598762,57.83393169503473
1609.4796984736863,2161.743067662358,1441.101467505907,107.99388050298812
8012.152399106003,1312.9111794174673,1491.7425068694938,221.55700017992638
6627.250456182961,7595.784342184437,1427.3384606663544,215.59867930950935
4579.95415980436,3850.9701740350592,364.2425719199901,326.2631706478289
9616.580038129647,5062.477280934096,1447.835253307752,60.596968536489726
6926.1408734332645,5603.8205906801095,1191.978063983615,147.52233986830277
7533.9030549748895,4583.468263332376,880.3774934058241,122.64450611250066
8730.836808851658,4786.100693690829,403.13093240380493,300.1863341227811
4052.9322369673278,3896.163314264299,296.825380846169,201.90269485688552
1391.2673584040226,1448.0860369378124,223.43767101872285,275.58114925934046
5063.304363948862,3168.077983250305,870.5254045845551,85.91482299217576
9436.474271557458,4497.323533438905,777.2342096463022,313.8146962295824
8022.323072031091,1242.4393433955279,1086.7549140936458,36.16578239793884
1584.9675439621824,5016.0355359460555,1408.2403679867186,244.8564728734365
4936.467641816262,1263.1321400563172,1492.9515245949615,349.5351074916774
5638.700053184927,1231.9567274973688,54.465387919483796,156.32197609479593
4372.041968754924,3750.070231610151,871.4611557153128,85.96669584679113
9989.236295956656,4018.8736640587917,542.2783380270915,44.80020433994737
6409.989582981162,2822.862727730486,579.4469932846057,188.62451407302694
5830.537545051632,3604.645117984612,202.33061330142115,2.474344853612107
6798.084880850008,7672.595438153759,1428.1190817340512,37.39106427218792
7890.931103170529,3044.8891585670763,1238.7144795137785,227.93065844402
5330.19928643359,3361.0100799820057,587.3915373861921,60.548671203493804
6699.85739159126,7809.795533770217,214.94610389756195,316.21824008584787
1825.176249032509,7695.433262747964,1012.7987583254841,238.80671058297645
4635.6556687445445,6359.979772150058,682.8371031521897,180.31613799394887
1361.8547718841353,1338.2075716106392,183.69497881059277,77.76475578063602
5119.817343165077,8877.4018902152,977.6326783468013,8.724973207104844
9824.861367682062,5614.830748060322,735.718482366103,135.1436647929186
4477.816196837665,7255.015905935804,400.29199603375497,16.927764719664516
5519.197120259258,7482.350831663372,958.6260621260251,266.62046041976896
7920.521860656444,4530.395659424097,282.10873508032387,113.63341353761672
2773.8935706864168,1199.9863680477013,480.71272175458597,180.98968946595517
2611.11345199806,9209.821690560893,152.15778824447017,132.73875835972217
1138.8606815130997,1464.1543632341668,1133.8901109466422,10.51248580136712
8273.668201841168,5489.060248246751,517.7744501492563,93.08846750237747
4049.490048506724,4531.062751924073,1425.095662626674,293.2414645655388
2199.295227682225,1870.5879771384875,776.8033026088524,231.46237378366328
6610.893231340465,3614.6206868545955,1471.7213702182441,51.965119608668324
4425.959338437416,9870.129265550506,4.4169744268822075,135.01372937358948
5985.846338430287,2240.0253405971744,308.52296285518435,287.31791206355336
3065.489236011528,3453.3176849728593,1360.6710270360097,60.07879089028572
4704.715890886677,3213.807383860234,300.83061278492505,283.63963417709516
3139.519504783094,8524.137803390146,739.9794878453419,156.5686771749189
4662.552552876656,5359.856002354038,1457.9717929674487,44.4646604891813
1613.6073919589198,7080.861164751845,1099.0289191116046,58.78282742487784
5405.664149904271,2939.479812059869,207.51373368222986,322.87442931955985
2291.1015153678018,5096.89931591938,315.61861053521125,353.4958863118488
9430.255999444886,9520.429528401462,1086.7189647368089,114.9997976340828
2063.3334916248973,9597.8863004419,479.80835881778984,12.822228799742632
7582.706383901673,6583.5662097518225,171.10022780490675,268.6804767650589
5580.480209815004,1128.7579251591285,440.7694996132305,275.59191134047825
7048.9066336188625,7244.478085084156,462.47555715929593,166.701501112432
7259.6340744693325,8583.07586888634,634.1625577846598,351.5645288562688
4547.485248257577,6798.2263465743135,1313.1989252450833,345.13897673256906
5994.401551723883,3972.2907149198063,1163.668654183354,194.7201821600828
6337.5650490633,7119.333219005832,1445.306016036666,115.21342392272865
7177.065882090217,4409.398557535145,465.9212861799378,203.38108714279363
9343.336940163628,7480.388700900967,1349.812347024125,12.64820339939916
7307.066410871026,4056.5972238701256,142.4873054240926,28.84650378935376
8411.104595521549,7441.688500208917,1475.9550431785733,293.0055420840174
1577.4344071457967,5830.332717044437,940.5399198465782,57.11687596400964
1384.687250593904,7121.942670599496,1382.6751386245444,139.09501791983672
6215.035517602329,4900.545014786177,443.85613057327686,323.57600030898027
7429.497386264891,6289.702719143836,718.1417676818894,354.5303873939339
1823.5661267960045,3735.1994261947784,612.9305731575661,240.68180436346648
4137.369667596426,7153.188086866589,1206.4460710310145,150.17090466762863
8232.088023385057,5300.277777914715,163.79551697752348,226.35821891002672
9611.386337432345,8845.050538801486,567.9393162721944,278.59470332491514
1912.4316800496094,3804.453013466231,1199.3034973892852,75.73995457948422
9819.733734088553,8658.768171277658,145.8253537966037,270.87035998599913
6272.563027910278,3522.5926441252554,411.41086113985796,17.121471764513416
2362.3424986040336,9607.874241280679,1207.3549834093017,149.5370620185198
1998.7513736593862,7822.646900219621,130.13504487427173,133.02203308038472
3769.8049179001155,1410.7523725270325,150.39520257909203,107.27624850374826
2796.441874162292,2481.767194389993,1363.9535452784046,320.141926378688
3623.670938269285,3405.1834563126968,1220.0778826865278,207.84367139676812
5429.206169257172,5842.0513761531365,1141.951961926879,44.545830125888706
8366.564463603409,4343.729771062761,595.8032088399981,244.11056554823625
5327.011776398283,4375.774157949771,216.14058387437177,28.671208531327466
1926.4759866250588,4674.276978011454,120.38694024065505,341.41024828551673
3993.1734389752637,3087.700207832192,392.208593219319,203.35989105413023
4544.40808840349,5974.125383717305,712.1080880031969,235.0679499495846
1813.5779677595992,4822.112538425299,387.2503189079227,7.638014070353247
5405.020853465872,2539.531000346745,723.5718811421721,270.01047631112584
3424.4936642255534,9107.822881389693,685.9744434921702,108.03278458906095
4238.0130838029,6190.979784282076,1171.1405382778298,314.6354532723776
1208.3182811373863,6186.105765378096,1199.2739058506747,169.73356762338295
4144.56056830323,3430.3957654800074,83.00487683920224,169.97712426304406
2994.561924401904,7123.33329857884,303.2764717135408,279.56925110429717
5163.072485746328,2493.2332466069734,1457.430553809553,115.30856427452616
4264.692453198924,8862.15038117595,1370.597810387481,342.62694647924855
5759.6629801700155,3573.0200848854925,1370.4184632744552,307.11982784864693
9618.006434380988,6897.744432217968,69.91568016585,37.02925602954384
3356.176173937709,5372.387226822052,481.99845291005295,73.85422977567434
9207.719419811398,4432.461052985777,1103.7294073700543,2.230434320630035
2612.8645057913527,3155.722969295053,1235.749854457167,82.42098751741258
8401.211182290144,1335.4180918060329,1113.5776534125514,106.08059323268296
4308.128102960682,5740.727964984446,267.77514527908403,275.10788946265
4737.256756089961,1752.916470663744,714.0304488369707,324.7991206891014
2196.222105649813,7790.944645618387,728.0533193719378,300.6768963575487
4874.984255725311,5108.631512935504,618.4085040013099,252.4537397285637
7791.865075250371,1361.0358376391139,985.4931017492099,123.77473556067568
1303.3000595078727,5435.853373981335,1455.5186966681404,134.63164455069904
9576.01800241295,4665.42678568826,1073.717924935193,275.40223232383073
5885.98641097361,4594.856877704144,863.780071566605,323.40317104457324
9233.331632524667,8991.724137581985,564.5317175661743,278.9155734171786
3117.9632536494273,1409.9925982478778,1058.581931107697,180.6851667076207
8444.737989923553,9694.43426564399,64.03920280234547,318.5274911586614
9015.984785177814,5991.463326470867,1252.1024954719614,171.55376356376246
4057.552776539833,6948.799474062692,1036.5757410913766,79.2937580362369
6462.496766109948,3655.6358200504214,408.97234401383184,177.3401531125897
7724.962513077289,1667.1176527680682,1030.1116568930588,205.3550266013419
9678.249910682818,3425.8230245322047,497.91429746351184,101.56826020190125
6649.324520306632,6323.748648869027,1114.188628342052,210.99900159094554
4595.466240467496,4985.119657018899,477.63222972423455,221.26867600643777
9392.665075277111,2029.5659720270203,272.4536528869588,193.0916166510119
7518.610681748406,9037.241810478248,637.4593813138472,337.1667957046336
5898.052573778258,2491.9712890521887,203.67282999646642,31.191731562262113
4810.125451166139,7785.0390012150865,247.5702673223341,58.18618336826153
6351.3975405485435,1412.8184662786812,223.30584924904213,219.8559024111513
4527.977775433085,7760.980522128203,461.4612497732067,83.23642030027169
4447.47792931432,7414.694018920033,466.53146505095197,230.5617035743262
8188.002743366901,8734.293703128853,147.2341582966249,346.21857325617015
4530.367703768772,2597.500604326463,223.84142608329012,217.92338831632063
3256.7315607125465,9720.237836830302,830.9286699784359,249.8442129063046
8942.059616009807,9454.95753893718,1290.5709121852074,315.7526006364964
3280.2957059457503,4076.4881857572695,1110.5692310763457,136.09167526526096
5317.662801264958,4281.4961841726745,1074.9543251126051,260.276482980313
1725.9092348422819,9059.310282046004,1117.8194469072293,106.5821742538622
4838.89083165571,2909.229395486863,420.05859724048514,38.61974619240867
4896.99998000833,2372.6913855371813,1368.3445181698567,23.574249429833273
5039.635314076059,7425.437584246456,1211.4198113783561,134.82213535102255
5858.172434030412,8405.868502093805,1075.5959276729316,13.397545509934124
5084.018857624814,2287.732585448331,908.1154749195359,180.71554625949167
3604.9667651850596,5431.435087727011,179.1006835867664,96.62545558962627
3338.1368903966404,6799.002409563776,989.240361497313,159.67416268576727
4046.308712553094,4651.270690913974,889.0872521424301,204.80223699045445
5644.315359070343,6932.58070474436,55.221688330208586,255.8798053096054
8224.97674670464,5096.673875748786,798.4359802250231,223.38117188446623
3377.6874856823365,3962.276972500974,828.6672453937798,111.04718793561125
6183.283804249032,1198.645425242054,960.5243046265952,265.66154091137986
5599.446329465041,9938.041427117705,1317.8807088832898,219.62232559769848
9962.173974450947,8070.554464281848,1270.23826434173,350.23424984546165
7648.014704702443,7514.630571808688,754.1178126780486,213.00316138338525
6593.0451297294285,7965.013000556669,810.7278261474099,336.35035936338335
4728.418510066643,5045.422843599847,164.8687555640295,140.6521800853382
5595.069561532227,6376.9225046597685,832.3714502088579,276.53858648279953
8189.54331207914,7653.069447858148,765.3119844537058,277.68308841720574
5146.096329489323,4079.576767331295,918.6692258791905,250.9253376284283
4872.102056064485,1536.6086130747287,1225.2322228480718,274.38411750891737
8830.544078110546,4793.8191945051785,42.9661507876422,83.37805545871294
2180.5539966939596,5060.864696383498,842.4009623147684,113.93363138328293
4420.979599690376,1385.6950428446548,345.9789571095265,151.85956950316768
6530.072300065348,2929.8603273506815,1380.4192832262718,293.4485968524837
1706.8704473813102,7311.727524007401,779.6989842173173,305.59766461468433
5539.733235922513,8377.945308243783,1270.0665336377172,14.530798210879574
7685.693821514924,3975.179062507974,458.2351498190224,43.650929494278756
8297.840413787322,7364.106863320664,1223.1484523098168,358.9068044310156
6756.720211178599,5115.488403030673,919.8516575350851,356.9205202987018
2942.5348332774124,8913.990600413359,12.176525964319344,78.8917532044283
2832.451857821139,3718.0908658630046,575.0243583051591,347.9769228420277
2526.6612195000416,1875.6417933474402,506.0438660426941,131.5544393267231
1529.086802168008,9557.130476972341,108.15074140963159,94.93296060977245
6930.905889206138,7837.370299259324,1428.5829201247846,259.07294798474413
6856.692635674819,3639.3062163658997,34.21367650265607,286.4169582069382
9646.557173340081,1232.1277718488827,33.46950408197045,9.875537279101232
1445.7692422853302,9672.689378893307,1391.2011017062991,96.04299493096715
7366.399535268176,8500.761560496328,1135.2714406597718,300.6263270642732
6006.649260118992,5977.344384990997,679.9526517355829,8.032486917231228
4508.891750434737,2647.099276523031,1127.5899591809152,301.10674573667416
3274.9521972952543,4045.020863229613,494.7818887629773,44.43578901271224
3869.8352300460638,7221.8477801967365,574.9262692803051,11.358701630829753
2156.012238243349,5442.803077739375,877.9633391463193,117.88400232921067
4212.391572481173,7624.049985553929,303.78647967473773,202.6484736683142
3835.667299612062,7505.514809903523,485.59925603359954,56.60921320045607
1264.7374459692483,3275.0865299010575,272.6539568943739,209.11383438185248
7418.216809090514,1221.9693776911886,1402.0123389617288,318.9520120690299
5208.879933658319,9146.382517373664,448.5684205798079,14.507033323628058
8322.077845283879,8671.016974196738,1248.1356722852443,88.69711637621806
2314.1498177978165,5128.013596407385,647.4331047261242,153.66487356026119
1826.42393663669,3741.2171918116524,1481.8020570420044,106.6967713138622
9464.540965538305,4832.131030415516,1180.2890985045367,59.814266261857526
4347.535748802879,8658.162938319347,161.82330682541672,159.10444948323487
7332.933494042937,5674.7776464150775,1225.5057311236387,86.277878909274
2711.026958434697,3011.0622944227007,248.0821501656151,122.02238287991294
7635.644401745232,8937.203506746106,108.09110071609493,323.64515908660417
7045.464523565301,7278.028828592963,222.59491955909013,312.03116861180865
5747.06633349104,5504.745818762271,338.39607535905594,274.6756737559135
1468.9263229743058,4539.348647683235,153.61927258240087,171.80536722062521
8070.410057454086,4404.164326907785,1219.436862139985,90.42816031726173
7198.905789202905,2469.6415718594412,1247.4380509095938,252.81138304360886
8546.627370011982,8235.695644615835,107.24132107296836,3.9899198001247287
9939.774590798621,5568.627185780064,714.4498040570302,63.13131769317062
6383.215317003348,5110.593125364387,306.16141847614665,8.044253689009409
6266.394557932125,8762.237901872963,223.04778089125836,108.25179601099676
4620.576364771804,4296.895163986985,949.9877538879863,197.1671889826989
1251.7685333364977,9208.522653861415,1098.837574849099,280.73798099564505
4603.134579107339,2991.9269157648714,349.55223752221013,276.9505030488343
8353.474801167522,7359.520473789516,42.61302315171829,44.0160581869517
8813.582405293637,8775.852515357137,688.1176541637493,211.45333809475392
8136.37832617564,6958.5263943289765,364.7950094693725,216.11213693388194
2291.7732523616924,2556.4768197168287,619.9921264041539,244.72935670449556
8398.265502049355,3432.650763036948,882.733844129571,129.14976236400858
9107.962242184138,7727.333120636867,1115.7881287057382,334.1370178774473
9741.625918178628,3903.27801022172,528.9224294700424,317.26768491235555
3173.514304472326,4101.810383746331,1180.9981624278694,79.93177024162813
6966.401266648373,4983.070966900561,1083.8465206646606,15.86595848923011
4089.901448463181,9789.151944082887,307.7805571418629,339.169032022005
8170.77916890975,7783.170220018904,1175.6538561070765,21.166309724521334
7447.6528085555665,7052.288619688413,693.9920378961311,175.63299579771456
1652.9545271676577,6762.5876826855465,1284.340941164263,86.7267914368136
7007.907027608091,1675.7815200223476,608.3518685901093,73.72029805335454
3730.727713747542,9429.774557277007,113.71698886954796,172.1087626171268
2282.487438598877,7314.593330502066,1250.8354581676438,318.00253656768507
9435.071552649446,5812.63694684165,44.49768936536203,126.01520298243824
1648.4948551744224,9262.819098096643,261.78812358938904,143.08021585409142
2879.3197708545777,3586.289242978664,907.2846130760386,174.07590266217048
9213.93805605755,3985.296267531638,156.62272667413333,283.0685220802368
6860.942149964547,1431.5569679798061,90.55152141629327,233.00685366191658
5508.458608755307,2482.1370913869478,237.4079348942113,223.62474788647222
1849.0190822630002,7906.54613708789,816.9977693721572,194.61025289691406
4196.891686697502,6227.502095480194,1272.1019930806897,148.50415119737514
5104.185799783041,8852.984708714428,126.62325964314414,298.66654511874106
3767.3822768213845,3023.120568700875,1379.192987716845,39.05412562696439
7949.293567345019,8621.523331974007,1357.249426100992,6.320877346974148
3041.5829709988175,6225.9572788868445,1283.4551418070346,259.9075668525947
4929.405191003886,1605.3428092739598,1020.4080695480116,75.5346383955548
4809.140309325403,3852.1192152460035,745.7879240565654,198.21770279705981
6977.288239621157,8894.002964061783,885.7916255284214,214.36100938359147
4340.19373598901,8738.907489768037,865.8564805887922,251.53883631575096
7945.045701820238,6453.425709116749,851.1464672207151,347.4136083291184
9170.894678894645,8303.029679297913,711.853924136433,238.559178604463
5598.727826451948,3962.4037977796875,4.775912194814133,65.37314865356925
5641.6624809032855,9044.284312963602,1383.5845728807174,314.3954828884889
2445.8218055025914,3558.271238157371,646.7593401364653,87.25846081212454
9604.466367788908,8194.077722895885,696.7061601059289,151.1761905328468
4629.862627586874,3851.1337654968975,559.4752029201146,5.623457274185657
4940.830380413843,2212.407959911842,143.4951484436274,98.80635119340181
6629.375576632526,3122.3454576043796,1212.437504264066,64.31442264268638
7897.186045679655,1371.2052020658987,100.20947724964526,240.09634182964376
4255.55969018172,3097.366682164914,661.6726468620487,175.69807786312455
9708.902037671509,8132.692303748972,342.34020154081844,16.463433513458895
1572.8690352545252,8443.439204938957,1428.166255249314,79.19054336333737
4315.497726129557,8831.171388379895,1160.784577651384,274.44503367696535
3548.217314262162,3440.544694955923,341.7539330537493,52.61946085365241
4246.962533787697,5536.72147369779,727.332928385618,154.68018680087596
8522.747729763661,3163.85409113611,446.26491781873096,306.2652860153612
3913.0279446411973,6566.005075752709,1047.9689401272544,312.9531440414024
2198.480870521744,6948.674453029925,920.0516946255865,230.8986791003701
2736.2418426054674,1212.6069376606088,1361.6881030588772,190.51538532725056
2579.6342261354384,4682.564470382259,939.0852934996311,45.1489304392155
9373.883496295628,4566.164998676196,1123.082059072139,223.5309235260968
6076.1250961860815,3953.0552483478277,823.3464742222882,6.500736905810066
8224.20418042226,6919.288081061531,385.48488467884056,89.50530818080988
8994.89265382561,1205.3145205528317,17.048197378668306,123.19209486309803
5416.542360546591,9132.401390716377,1132.3477550021482,160.44176810364203
8793.242823120267,6093.537915586426,1467.2950550371795,65.75170959809087
7366.515560528365,5971.711249534519,1290.390030645306,213.5282105261874
2658.889636687484,1780.6035739686772,684.4453956691674,220.5180657404246
5409.534969595704,9062.20971546071,813.4412283475345,91.4477144711691
6001.883867729229,3041.300599688914,19.521474039696706,83.70072451543078
7736.3973152685185,7816.193733708593,1369.2604099969724,19.200162058217234
5520.332918668041,7243.9430698937695,552.2642952844798,149.96223374790574
5603.379570681858,1978.0143592004426,181.15323101795082,342.7554131199834
5318.3357404930675,4823.462384072045,394.20557837881074,212.44696081332816
8340.45886174313,2190.901486388698,1226.4517725276496,200.76783525040844
2110.5509135547104,8307.234823623829,566.7526785163536,257.1159853569155
1425.7739183189813,3944.5759706500753,1034.3392555793246,260.35339408452796
8952.228949109816,2956.062702200721,149.32557288789235,214.7630263690459
5146.353377892135,2370.0488679473656,1414.947478065236,82.40454447095675
2385.095387101832,9422.484593798596,833.9423180254773,197.52752487604624
6738.565885558662,6543.2894803940435,502.76679457653586,222.18014105610237
5007.622563141814,3479.4305858469065,348.14709864952937,90.39815714106567
4298.775116902752,9915.320464227108,1493.7508912991702,225.20075883170637
1324.9287286484248,8295.15119217674,601.6133522475272,253.39271730715478
3509.479914992765,9523.488402206194,1304.0655606501853,343.80478659187946
1471.1426248309433,1976.615592814207,1428.0392923780717,66.14877283208465
2735.846286920667,1879.4451901527352,732.6117219812568,121.8797204518235
7643.28786154371,2150.297017996206,753.9187332035389,331.03888784163354
6208.354245657842,3482.8915274689093,930.553056974566,265.9184824292205
1783.9525042673918,3233.7046515146135,153.9478858919642,100.4073784618141
4195.124846599578,4223.395859342643,454.99911859273834,287.7399095521457
2334.535052356541,7905.132810985135,612.5908692093823,15.940837283714382
7020.622232834611,3158.8707109371708,1402.5956671265083,304.49107048276915
5809.664782337328,5785.502728283008,1095.197268570411,339.13413174717124
4050.7296715563375,1825.5928775468956,622.900083130388,344.30832964137056
9704.392834564907,4039.2713265087937,6.714770436965395,92.0841343311701
8513.238245676366,9563.231023765435,885.631778985529,215.48731096959443
9016.669007158125,9381.381437118827,250.10927446395684,301.1262189723982
7522.644338175471,6865.361240481734,644.2097288737987,158.19407072047497
5658.017277646544,2521.707393987468,794.0716911952288,61.48305056280942
2815.9125761029136,4853.632257170333,187.94877674185247,229.14611928468344
2631.1679194344397,1735.7752811260993,1293.1837333394524,211.3784855259063
4774.768120872329,8197.963154976274,918.1092718946297,353.37298327461025
8053.624419432274,5542.833545965985,1153.8177864326112,162.57600554300703
2733.341635381925,5073.7409119179165,614.1158518216934,210.77182141913457
6201.554472149902,6675.350123024086,113.41419962956304,142.66529336197019
2335.9023053341853,4661.761575713419,423.6892773565988,71.85289987458947
8743.437588644098,8955.572967888133,677.546196696329,226.14066400321616
8352.85725569117,2611.575676159735,79.14540178998764,286.5083790741678
4912.049077787648,5862.535332295364,759.9898083236142,330.9168786211849
4863.384513128613,7155.43915405909,1119.267540694425,2.395448209258093
3900.757170116725,3160.350112708594,532.6173482020336,333.4400250156935
1815.5613491128408,8364.463366536078,1064.3821766346202,92.44017496001369
6259.977275378449,6341.490570511003,1403.579549215256,187.13601002925017
8516.229758194593,5155.593787354048,278.2831956276748,272.61605399341255
2461.0219270309717,4858.482512661412,1135.0675427353935,272.83522716523834
9660.631608251218,1539.0913341634207,1133.8883590012047,223.84757432515048
7503.461347284621,4247.296387856627,781.1352662098977,210.35346281718466
9009.838784066196,6767.7288556894355,364.77702419050684,209.95798178824396
4277.365079003332,8012.272241864463,682.5863591990072,106.38979945140572
8340.659966461642,5461.687589902058,1439.8861492562344,260.7583293901831
9263.173068221218,1438.1812979133147,547.1148825488528,40.00584879389958
1263.4317705707247,1570.091363307864,188.64102364724488,322.2105291737393
3220.572229761019,5103.641379986657,345.90690815651715,115.27919564879936
3871.4510919754644,3430.8714153082574,71.37916916729507,181.97581388677182
6419.882641302729,4210.11935374602,736.4979582856754,90.68285913249703
2369.9202811973805,1934.804713941559,79.36397793319458,205.57725278240952
5716.398572010982,9924.80905481058,1209.4025376662964,21.625102617309878
5761.633779872802,2312.621773828017,858.6900921261604,96.45805603205672
8561.323286179428,3448.4973250679272,1176.2432118733898,69.47591569005588
2132.6549770509064,4640.803359167154,1299.3561336447738,303.44545355762256
5150.295197438887,1722.6826975536133,996.3569036918029,287.68765586497767
1358.1925557916816,4898.181128113161,1180.16261883627,345.7741552289236
8966.661926991568,4778.637621559077,1018.4197886584551,6.812600499645623
8519.018889955696,6108.225891053592,26.306148256310742,258.8066612641209
8880.709147731231,5346.49547307272,543.8279697023881,129.01232934721457
4287.911880376201,9189.765313015992,845.2735570294659,103.77088638209342
1769.7001972319097,6880.4214016979095,93.88645784414186,219.61602062434193
3637.869277645499,9363.15770942243,19.043737416641612,57.03606713416013
9155.787583469999,2490.945240236092,1064.4970104031474,275.7645515274624
7418.652318266757,7727.081242175508,342.84488842773226,343.9308413304084
1391.6807268627542,2840.5572450846807,472.83636092790925,59.358600131621586
5769.188626771957,1202.1288742137458,299.732729837075,67.25553254302739
5927.508967451096,5396.18561719011,1170.5604833213806,293.19432582037575
6353.924158395268,1615.1154821840937,1042.4236354585453,44.074448452410046
7827.3959676229715,4179.84848783362,366.9350927224451,168.67754980054485
7984.711237729433,4543.044833064946,288.0024769471247,47.93476605530635
5163.73343628135,6917.5655898641035,281.1960084288219,331.5339239810107
1574.260351482226,8426.390307460904,576.6999340462289,54.668981482745494
6470.857956553749,2388.709008430669,918.1332814557684,221.89998730375433
3937.7257451201026,6285.169318163021,1299.1470691506984,208.18577356247278
1108.7132619293936,3676.5970780512794,516.9110251231095,204.41308418830937
7677.154233865073,7851.600057401635,141.63495546346144,156.93464117863428
7416.7668714652345,1685.3754900972858,1424.5608700607172,250.49380802633289
7620.748003063345,8309.400468841712,1219.5100027832218,189.71550672242077
1381.6073589119856,1729.7549883446325,1003.6506266197595,137.609922300419
4775.377057453195,5907.843787374231,1430.012094596579,133.52494097241092
7739.502094492672,7323.625863675209,173.85013352730627,129.21081279852376
8551.842032923552,8302.064050293891,1002.7428430167993,182.69927893948858
8717.094487350336,5994.96647101436,88.14520802043079,253.83742784051154
2749.3697051223644,3649.3041310053513,182.08753626204302,300.135043841266
1437.291427957402,8022.709355678392,1090.9151954430174,96.04835431632128
7224.880502381334,6704.006302874663,305.5914208645503,256.99361727643293
9825.292939803567,3110.343849913122,992.8920901229519,96.04850741198925
3275.243393979143,8955.7606759679,29.23138024790812,248.61237245632967
2450.1333056032786,3348.9739812248104,756.3977701469354,273.95480280011054
6138.87578127381,4644.560765737563,428.664547866756,253.00405347911843
2171.794608657464,8403.893735882992,367.7562066820736,324.06826007167814
2803.174584049594,8383.472569685859,1397.1626065510548,269.58212092761835
8785.871121883372,6700.175831469858,329.37374058268534,307.5842837862681
4584.508667857917,7320.214448948158,862.8909669533674,268.64654286974985
6962.862857572994,2988.5768927727913,492.0251402295998,120.80281663370438
4860.421420974244,8883.640339189566,456.6423735654577,221.78427329492854
6293.559328960432,1588.2347861132932,713.4902037656313,202.83062142393837
1133.1673020621563,3027.365724800729,33.98844383941272,121.18695439174301
8798.223306849239,9153.218225882072,224.49316404639472,64.6976652242235
1372.316751022213,6147.8762579295035,428.9530130172422,313.3303290088485
2586.090055677497,5390.517238107418,1402.7948516998053,138.0804956311164
5377.108622042396,1659.4307787552352,725.3077555080181,177.92178839974133
2062.942564527343,5534.102463450971,806.5331628521195,184.67890504771552
1217.7212041256105,4559.875380081898,399.2871089734058,14.762771180440453
1518.518122488108,7095.554333929829,1031.771006205516,336.84274107936204
1877.9868060204158,2638.6407195155316,486.8325404499087,332.9670357090044
7548.695702504837,4568.738378930586,183.83752779077216,210.85315847896214
7507.727849229988,9177.121639744693,917.0001919531845,297.15068116419957
8803.135341421577,2169.768804710677,677.7777943045106,214.18700958113465
2284.481700855121,9201.736770693944,499.06096505180994,342.9063799762541
9721.521519230904,7681.962912210537,534.3408038218897,26.474565468173992
2215.8894275059533,6988.8202749825,961.8467851919171,151.7053337448475
7402.806929850489,9987.04770945219,968.4684425492928,346.5264643862667
2396.6318669468847,6606.671307383774,413.83922798676053,268.4884701401462
5214.617441964629,1764.0532339263318,1433.2800746789137,150.31910513961557
9990.68997893917,3145.1741016418473,1086.055172203747,234.88968911955035
8631.965663135878,2756.770107656421,747.0546475592618,242.69725892303723
3791.114724442298,8106.68768058918,385.45642165150605,57.51366659353201
2700.0808308511423,2902.330410299821,130.15378322353368,2.347294489305224
6066.708843122587,6835.698947238017,151.62566641268538,7.0484703209507815
2179.0736240161627,6893.376441113308,872.4990449678702,212.87880016355268
4431.006738294074,2008.3524204546661,1264.6451521454378,306.3778353839664
4278.118163563871,6952.380280906116,1478.5800516017368,6.666416501234297
6282.596624518148,6774.258171807716,968.3347664347605,345.9961705908852
4044.3240579848443,8145.2442203398405,374.1525844254449,216.93778835036608
5991.751660691043,9438.574065616836,935.0321635815461,328.6889608318775
7593.591455422453,1835.2396009509596,593.5241574938867,275.68173316656737
5173.935563419778,7201.5893584079695,1380.1799939616847,266.33790420780787
4851.995979779347,6596.839063130208,995.6647241461417,349.034498023312
6892.31373010873,8718.90370891687,567.5748539888475,311.64587446568385
8829.984197112555,8455.405245359467,1213.1166109774229,276.42923740302894
2574.55555804046,5747.041419976577,1200.0111772416653,321.80412349483
7775.802991789861,9383.28888303626,668.6809811763021,80.30577630970662
4593.615690642555,6695.08696905259,1273.6194885456587,261.1839518308441
7816.961115854648,9677.077813286493,697.3616416356223,347.49748089622403
7880.717190477873,8518.195689227268,405.76172383891594,13.856267512492602
3831.069734706064,6314.485769264295,1471.553442911931,158.0941154319621
8914.879721013007,6303.635812262729,686.5028792757938,182.27454370585588
7132.15710706706,6618.213284643534,448.62554205366655,186.6498986237876
2853.307051142612,9937.023933660006,1310.5336175047264,107.40460514185804
5532.5109693939185,3802.7027117928237,484.4356885669948,270.6392517363796
8823.129754515001,8472.111413880699,464.5025192361345,293.34726642311426
2388.615609425587,7864.275658362229,916.7749609857952,153.6794018485575
6116.926935500959,4879.958383415587,930.7516838035039,175.82270761867838
6938.329367829191,4239.724235329524,738.7555835487309,50.465262027386196
5505.680120576476,1607.2737569768801,849.128750761798,351.7072784562246
2984.142900064483,4565.539282552461,958.7545437330706,306.49042044686627
5291.518790814265,9084.949044654632,958.0505333050352,52.072302136995255
5884.250023981159,9895.943014220797,581.7438226036762,5.978312548081954
9021.512357367916,9953.02756241302,1248.6268029187652,67.46500289503349
3408.7632061941704,1239.2886920000642,1164.4377176665728,250.06295517436598
6895.718858627228,3058.711785351893,118.9265640354744,275.0201411772384
6980.70758196793,1544.443575689605,389.74575924758983,177.36383034318106
5294.02791907805,5574.206533305379,1319.3280021705257,337.355217642579
4756.064282744461,5783.834678009312,998.8981098318236,148.0847613342282
9410.953477486464,3821.057411929511,1492.7060963485312,204.2873260388568
9039.155293378622,6844.889883540824,152.21189840601323,67.41225436133347
9018.416158822762,8576.19910534563,783.219215867056,101.08327751341568
3772.385997557875,8237.612525040846,232.87218853319862,358.6071791430336
8794.843335978596,9182.51235203166,1405.0568920785383,325.99073316860637
5580.275701852951,5890.39931801784,1135.313255282946,141.9287667579065
6171.173376260713,2765.030129691886,1391.2400711559405,119.47207702891164
4796.748016622989,9378.396544929825,967.7304254463002,318.7053880139772
3696.4931855359696,4492.068394962673,475.0910434318224,79.13609298778734
5987.273852478231,5411.13848308944,566.6577775688721,98.54800826697158
8670.184412379345,8023.149715612588,1096.8751222160097,226.48445707986656
4814.389961960316,7017.251432206907,751.4457812277149,14.554639923739876
8625.354405585123,1708.4971456640933,1229.929991534344,194.35434779655114
3341.3834228996125,6047.005108891999,888.0426259188156,114.71577845485899
7677.734985446169,2612.428300729034,1292.7360948764647,213.76696713365402
7101.14878260491,9984.217153663943,1216.4840031255742,245.56501706253488
4246.679410151739,7416.220717950956,447.94749158303415,339.35668856638364
6087.837455357234,1329.3385265871475,700.7162749035572,156.15316488926246
1595.757920548712,2028.5728467804897,355.280284538918,3.58983657251307
9576.08576513848,3375.027570144845,955.1950247293554,326.0526418385533
2771.9472985089205,2354.695523436132,1403.1003038844215,80.00936702985365
5300.105222914494,9805.95882439756,572.8375503950618,337.2330895958495
5818.536388814276,6309.967897284385,370.1301018741104,57.822938781382526
9939.861832403278,4234.576753703668,548.5920698813834,72.50423543467373
8569.726328060595,2924.673790161221,37.977748753247205,236.2140540832751
6533.737537553335,7968.049988674943,1354.3898597529114,281.07520642462674
8028.654196510178,4495.933364143471,918.6010710798879,142.79994514641393
9950.17666574923,8634.23738761203,1493.1813389412944,60.83735457051342
6797.006944267096,2631.498443094424,1379.988149763973,131.11760774756013
8419.497670535075,2822.538744439527,289.8927906921157,274.6701890368296
6858.141996009086,6933.1544211534465,120.13904573446925,296.51156068803687
1789.4680367938754,2197.4038684754296,218.02750395910874,80.65247163814315
8042.005035800906,1568.7878232932085,971.7768668196067,300.0318798483945
8815.200021973367,8528.46941263539,586.9585064956188,39.203194067693026
5349.647093494693,5407.487386428423,1470.7904393140793,311.5649855226726
3319.2868011970318,1338.0497705454832,438.5162797558602,217.8046266341664
9442.815029122583,2222.1172751048807,1455.3106037848067,63.162975038739006
1378.3662489079188,2485.3148225519153,1270.1954742470587,74.77089793029252
3105.5937843053175,4469.009053886979,766.5927263260766,182.71305285049957
1168.0633854118416,3415.5423095461842,346.1180161719307,325.0120499332912
4148.419008182127,6846.054880758288,884.2850217026216,141.29078160244237
2867.909213359644,5507.504291331944,905.352315664817,110.529482607047
9952.48525864798,5303.557795299749,1328.8946618659181,181.70347854950558
4464.534397055038,2625.485805959279,1062.9729313130067,9.27823711340779
1182.7248746798136,5629.021448381481,127.39024239183016,262.7813307501534
1273.7408138898277,3396.160230684219,1361.2534341652868,256.76534859115384
9087.465226819957,1832.491396086944,830.1888740341275,131.7383616328091
9162.071604164532,4777.702710684954,1242.8303504641465,219.79599805576734
1393.002332100029,9080.54721531554,299.4020303239458,202.38942883896803
5689.212700333607,5703.757502713792,1415.884054646068,245.69604208909956
4953.377880232272,2268.6999825419725,950.929545775799,239.6754512044406
5862.381963513927,4425.909426926328,254.15923541892388,305.45996105280744
6354.140972690768,1743.3087887065499,1444.3863839422638,266.1064254001494
1370.764205740344,4055.05656774801,876.0963199305338,350.0028243073148
6527.91934897036,6348.909406364301,594.4298275496614,109.76717531205783
3009.662657169307,1996.2735656583072,913.5101027380687,344.86547386568674
5873.094876088273,2374.473516115465,483.3574224126199,267.4914580375491
4851.113915191564,3943.227774923672,1207.0884377588166,100.92706892072172
1600.595352501538,8589.968433705933,1063.523948842432,10.455188148505032
5656.9960642365,4023.4372415985026,1007.9738453630098,215.98407608226896
6290.308311108803,5393.21760821458,1151.7571880995176,351.98042054403857
5438.095304163067,4011.2913449285184,1429.6701177980676,116.69848016552443
9972.223422627525,4307.517920651286,1064.6858761101155,186.90316238062812
3435.9830870853607,8847.374275030348,1426.918266711806,226.41664519051545
9335.826320568463,6493.128529519498,424.8663590867896,57.69836645634555
2061.877075677215,1141.1656418483492,29.140725559375767,311.6285231437544
8650.106910369395,2482.879723362362,1453.5454431912228,353.58087930110025
9236.906619653382,1728.9737785463476,161.1196267943944,48.417029179002554
4259.7119326951,8429.609353011861,1047.1927719224407,293.3682722686827
6774.8430993123175,2787.5740427063456,249.4768615438085,265.0053421005346
4336.74058083645,3982.640364799301,1269.6147970950658,176.71908930437235
7861.047475360763,2256.17929302527,613.8359583937812,81.72431824051212
9194.84961270875,7166.40375902469,384.74079312756174,182.62995964073704
2953.223847845475,2938.341544658476,407.5186370882064,150.34161323424618
5743.1077299513045,8255.651494424357,442.86556946110665,71.78589699855186
7397.12999751358,3734.8312779458656,1370.8070824155602,85.48611693054673
4877.35145179306,9577.056063095488,878.6719589202219,9.16668359991251
9992.426969123951,9126.979565379226,912.3833816393899,329.6599438165516
4083.0368476582776,9870.7276764972,1099.3295428290335,92.15273729436284
8097.863601363803,4079.501593585875,275.2083134540136,180.7171043178014
8969.39862753859,7536.654144333305,940.0585402887347,38.03352852692402
7039.268991109343,1412.045543883686,551.370358595127,15.750694402710904
9388.744130839405,1309.5422818102827,698.3861814053871,78.22542411252716
2841.7073101471597,7471.110676083334,1259.9752049597678,146.74553204464715
7824.73791129395,7868.711332215475,9.31823170047013,251.28201902864066
8723.400366199188,3719.4559113263986,61.841215682824945,176.6256005801602
9993.056409946275,5204.409470180682,1495.2206107792235,338.718126715376
1545.86072077381,4007.5598334245933,354.13951637352403,175.25978813566635
8021.377924888107,7613.933693329702,1259.011269183176,207.04119594077767
3574.804490036826,6014.567065555962,94.18402721251672,337.55381730662765
5131.386040287694,5572.455501255869,1245.3681315950566,109.25034410120514
2099.7037863884307,5555.579285687908,61.2218115099399,350.57702219614725
8283.23196874079,9347.910238913577,1341.3998715038636,233.9474727893973
2872.3614391106116,8552.678255239354,1350.213492607258,101.77277260144662
7952.389508461252,9623.680240406386,39.52689874251837,253.95303592915556
9618.191777684133,9865.713634272366,232.14801324984046,17.00621090206669
3979.1658925738043,2702.6705451505813,1174.2018631927265,138.51481565977159
7669.07354031446,4250.59661004957,752.6214396192464,284.2939182046018
9040.931108899062,3200.742438998829,960.6980057171639,158.14074898514866
7058.222699599051,5311.792790364576,252.17545273884613,334.23928922766464
9413.99783480757,1298.9861616648366,1120.615231592738,279.66410753407825
5222.224982237394,8584.01601295104,138.9452934296137,52.267414709551005
5589.12018175113,4856.975982686517,753.3940853288965,255.99019745210234
1513.5523557648103,9354.567239738048,920.5824984767113,125.62561572013706
5002.661546342576,6506.696397553466,753.9353067378969,27.924606366210618
8754.342268598046,2686.6335574429986,560.4946017078031,251.3072271624458
7946.671195660402,1336.6062572259916,769.7261913677897,101.60712547671655
2572.61522764815,9992.289641485138,379.2789458834695,225.16862041381282
4686.7357072121595,9487.280847218477,307.13842125285316,251.44866125183444
4743.607166064867,2552.124107417725,749.9657338208408,246.9288441106498
5885.533062981511,7442.144628227401,489.2073092873607,333.55885548076895
9999.729122087827,1138.0812600505628,1083.0813215235141,266.06390751328297
8496.029863563348,4961.704569125404,1426.154802485378,78.76977363014555
9492.896217884741,7643.813318108446,379.85080188957943,154.62599043243642
4163.7759584942,1679.0435826587136,1181.554016621885,322.776503738251
4719.237030072162,8177.65902043626,436.6420815828933,133.79547879793603
2647.2367443923454,3527.5805135819874,1309.3987819885112,73.77223836702129
6189.584405546151,6002.601114300251,53.161877887151434,80.50571691574568
6705.422294747849,9703.131482653218,900.7735515411905,135.98197917392272
7075.966039191244,1369.4205640227487,774.1520339871887,17.576878514582784
9894.674675865077,2134.0488613540647,1168.7977450688447,186.90714311017248
8800.133458916443,3067.080173710434,358.971050831879,287.6905276296507
1194.3936071088124,4429.9223736030535,766.6013398139977,317.5964722972588
5030.132334740974,6621.14905926392,535.2722913626701,28.334166992763045
8734.479106310293,2352.005001494369,1060.0944346455965,30.340617932132428
6947.225419958538,9249.482368436664,776.8454917496061,213.28717132234445
1253.1044257226413,5209.978418247021,296.29834340201194,358.3432152054294
8301.943547069737,9356.399082277163,274.7657888599951,131.84029231671627
3485.745050819332,1208.2493728061743,1484.523732635569,279.5168121676636
4395.849610764244,7613.490471657152,1018.1036130412015,187.31655351589114
1631.6108584978006,8718.340091898823,391.6599160542891,213.5946409930618
9971.242137417128,9011.153786037317,430.82427050265994,162.72259210414649
3076.05985060559,8780.675538412346,1315.8073159034598,97.09218804920097
6037.277237446533,8750.084366516512,495.9730830762026,56.959906635484884
4273.445274349524,7279.24651686346,1147.4053119559608,298.1192546674286
7232.404629251097,4692.719249957948,234.85761425412667,110.70033867296274
1425.2528967626922,3466.4209578944256,328.0233213585903,290.73351157779973
2177.1222190810304,9107.782706339596,1185.447323283743,175.09062028433397
6462.645054117082,2884.3744390469997,84.6564224066868,194.48023464120615
5132.1948366593815,8696.189536479898,237.65436171799786,98.06301211965977
6191.844903958067,5673.3944339251775,633.8575166613888,216.49948270390726
8244.663945028766,5596.6393731078015,329.35043561064566,56.62669011713749
8921.354066317741,9740.915599818269,427.0186599137403,108.75501560226694
4797.080914520753,5757.950862340169,1201.5994166079206,210.12151377954007
4464.304716064156,6299.442576139591,438.5311196458209,44.09334574527654
2784.664431978445,1384.5787843562644,934.3969248801927,131.06715759944836
1485.6174489490786,7323.472320813026,733.0524021022247,63.862636964194564
1507.7045149193423,9247.498840689463,15.30012801210755,142.88209322236966
3722.792375105542,7654.069871118518,1145.4212802755656,328.93669740739045
2414.556597432042,1251.060273434084,124.16172263686545,75.56173474224263
1233.6656599845776,7315.048216529677,714.1626904981448,2.679932411768013
1802.8239573793453,2946.1800975388333,892.7779075056297,347.1319942610037
4220.298220896374,3672.466442948116,697.4778762958421,247.30556694999055
5941.262154886855,5100.299814087909,422.98901905211,301.44636356492396
2918.848518163777,2111.4192598743493,803.3596876466877,236.24683838718195
9490.498156954227,9164.288587736617,1231.792198201688,209.43652348914125
7333.977402380916,6343.911049681533,298.2420698323095,137.0238179310829
8186.202794506744,2179.2230346536917,936.6507138183412,124.16169363391792
7784.683457874035,9720.54712761897,589.0380010582475,7.340038970791345
6937.846629112258,7139.342105236326,83.59851139385266,131.4346843796441
5409.489476768883,5142.567552084472,218.16478076815838,262.0192747691331
3631.2025598033474,2356.167332263696,568.8339698554068,223.42008313822186
4010.7456094657173,8654.821972586727,226.12433297402373,229.62055532623347
6200.197746266733,2446.3500697622467,804.7045925081017,258.49527747055265
9068.599468473963,9593.135881851282,670.1221200268523,8.612759232918464
8562.32416932708,7199.317314496442,734.7960796125916,333.4524071260912
4684.842939976888,7859.940324892916,1201.875144831234,69.17053956038716
1272.5939665493704,6935.22930090571,689.4616492949123,138.41656791842604
1460.0831168971317,4776.157408501858,937.8924350417669,36.09909918784342
8656.549316046854,1299.515986284187,846.4527488310019,66.14037979917035
5000.098626216246,9943.332412256806,1271.6749310147904,90.4575528230336
6449.18928897678,5838.120993928962,95.26519907781957,147.2394578746767
4804.992539682067,8723.05467927629,413.22140645542066,83.67836310797847
7014.0933539454145,1431.50848044017,1233.9841524212766,244.18177450324524
9953.214736964132,9967.086782396535,820.6012325161893,188.01000106421083
4641.698860511206,1899.992176851767,846.3158199880075,162.170860495094
1999.06127690147,9836.329326272064,607.541830750944,217.9962302020566
6811.416556751257,7208.6809058749495,4.664612089893858,151.4985157628581
8097.266833792371,4184.11005092588,436.2258651363195,313.3289786214467
5491.854080750382,7371.38140426004,790.4406641502615,98.27773684865878
1572.948486537941,7517.1651876147325,116.35497106973271,90.21604943127859
8851.923953804475,4963.293845519425,1382.3551737554783,252.8734757159574
9734.945176589346,6754.411429362548,525.8194257156316,114.75419003679535
4644.363448501341,3076.912709334623,709.3072511468282,353.1592912301115
6005.552710591011,3003.00022297921,1382.7797421481705,199.48155965218552
4202.613439155108,9770.569559415226,912.6317726844798,264.6018126663375
4693.897017748035,9767.103001437805,48.92826388796177,253.24578797784622
3719.1990603925233,2224.69294041333,1072.16513425713,297.70039689062344
6321.659187738048,2676.640548637598,228.58086496734975,48.29480047508824
8179.2890799439265,6919.524659288921,937.8151883442349,246.72306199981628
6680.189078841625,5301.473521688988,533.0755250674848,353.69463522560716
5400.790060664084,4791.344018916872,591.7094963130935,12.600906063134952
2338.2072070638014,4216.9930260567,728.9955547812652,270.0289424614598
5969.211621767014,2408.697853650935,486.23623857605656,207.7272996882814
1860.1701280920315,3605.962825837154,972.5197988676039,325.1227291607424
3474.292085018605,4279.679065818612,125.01494514042822,283.0195597003875
4270.504524951764,9555.408726727977,709.5997219473875,318.41601536295025
8712.19753342995,8628.610887040915,949.446623327398,154.20308613040805
6315.863846333834,5254.595788358931,501.3291913839053,104.7663760872212
2710.2367945907513,1508.9774871400894,1218.1721492539375,321.6447364058461
1794.8543377185279,2077.1289565921898,310.48218014318013,160.09766811149092
5402.515976160347,9140.649370665624,1459.2494706808975,331.31462823132915
5433.472593853494,6922.384355972775,1186.4511956204421,267.68291131013325
7836.927946556468,5294.942534047907,1199.1322196919007,239.98963809715653
6766.618297494157,4268.286339896619,638.4659138301301,25.419559015258123
8177.566508681099,3585.299727696585,553.3644763645306,81.16934332012212
4394.735408635923,2909.7749776782757,462.6614646052213,79.30763390012393
8131.171190988075,8470.46783066928,1230.6004399774147,180.82096299624246
3686.1021621020004,9996.616235967931,569.0168143915515,198.53812050872094
2673.9219701042225,9581.684628844512,519.386849734021,215.75555741978877
6660.47927343713,3121.788205750765,492.1989527518658,168.30966229574395
9820.268195480354,4482.8308068575525,657.6625521740257,155.43989902162872
4258.779719925991,9043.595821475214,284.88615255451543,109.17161265207493
5269.155267219788,8617.928868124502,142.63062722206362,75.93209250345669
4991.241201455086,1790.3079601089894,317.1467856270421,74.92733927247914
5268.930238733858,8287.74910118362,1129.609539423575,289.1322241304967
3393.4528318205535,3344.680512605672,1096.6488233505936,314.2342299954374
3426.990618771944,2385.731692500324,136.63730100025256,238.31465354506045
3156.116993507749,4859.002276456059,180.2928944461692,22.558611286964407
4601.170014056004,5355.784631116912,835.8524954117702,65.83947106035039
2185.043638136091,2257.471550490656,668.8867094700076,182.7260318061967
1700.3084619935769,9180.090021921966,1190.116015319406,35.0998973063718
5950.958952926275,4073.2074520820206,873.5326125419656,333.32373522952076
7778.590077042509,6166.422867447996,613.7043065018373,215.45995651678194
1989.924313444351,8573.229061499114,666.8333722452381,96.0163625063601
6731.523336308559,2086.785660205756,1311.145853627341,35.39951139879627
4327.739812622998,2833.8004983087617,270.88535701818904,277.35866332866476
6626.631854247908,8705.080929610402,1493.8908872985287,214.11099735406725
5284.159560511728,9523.568391644616,1267.941503206661,15.19074085813059
3414.6844870829373,1363.5299432304269,618.5694829988718,255.76191546936172
3219.7785069088623,3823.778985968863,189.19810485418395,193.17531517692836
4628.424212458534,3219.942587229654,714.7734828576606,46.88133674563501
2887.1400144748595,7721.364621289179,149.0961310171909,112.84167012408714
7041.096502426997,1625.9774457046888,1078.5186275637623,14.00550422281822
8673.682883167061,5117.6932295601055,1099.1533231826459,118.14672600949382
9983.579261015315,7505.339021137448,1167.1837989799303,278.97079509814273
5896.243657343131,4281.1463732657685,1048.1834847349078,17.88333703788437
6381.30278199405,3841.5719489132907,10.560864104324661,203.55907207123178
5621.119802263876,6375.629079811087,876.4286340375454,90.30336245695702
9417.602690046095,8913.160683255082,1313.316110119127,89.04861144585415
5047.354518192265,6606.927969885535,410.26218619547404,56.09318401605401
8071.891170900953,7950.256990562724,612.4774307149999,196.9796674991902
5613.557397199247,2017.8829868432456,989.9548240852034,274.3500128263165
4043.745070205292,6326.236146892269,61.08184102515254,47.80608354447201
2507.632768656191,3793.3097806732735,1163.3728279659983,263.1891748579807
1555.3888931710185,3914.3429576197964,892.8679478630675,294.49685910225236
4795.801612900221,2502.6865633321304,1084.0095619213766,119.47403454002531
8796.048768938137,6211.906493791891,80.93805511150681,164.21961462601325
3470.823474828761,9847.018129554172,339.0261799406178,84.47075339220224
4590.971170299887,3826.0131369002684,1086.8033699750783,347.0761864868275
6519.701580966898,2070.033535735543,328.6600976543999,227.60229044017328
6096.349570696586,3611.3313162821505,190.95530421277053,234.19146104565218
9552.394948586785,6091.0877242662755,1496.6107997759973,227.32476616351937
6335.607905340245,2877.2687464894284,1301.168118976265,20.047281691901905
1208.7768131170021,8033.4057683296805,1258.5667258579401,320.53412473331747
2030.931929731588,8575.392270930595,811.1531950419545,292.5883041406911
4322.300679925284,3867.3119158063937,624.1682866335755,234.40021283737843
2902.84000931633,8499.20463640036,735.817069018993,267.97309056194456
9977.704130299931,6755.045349099556,429.98195591766,196.883094773191
8087.62182608268,7269.251869954403,907.4430123532603,122.42648495701141
8237.335576017742,9548.281506424217,11.996380716868972,54.58265963247207
3149.463494078293,2082.03958428962,914.9000815650315,191.7412971747704
5663.299884219505,8971.316845950874,129.3017873177485,155.27568831617276
3807.613940087802,7704.832393242477,773.7093645748258,197.85792984118459
8814.945798771812,9142.63939273639,1437.4054723986676,148.92531421873295
4787.577602781701,6786.656525690695,952.421122048815,345.63771066977415
8520.859147265724,3150.5476611901627,499.7533776631958,105.16128730090873
3079.03039636004,7695.114319979384,907.677178646354,18.468220313334417
2730.925118301572,7523.614116563206,1430.0244567775228,214.56777373131914
2247.4761179796446,8215.24658764834,1032.4653484861012,71.07375851901611
7297.182308195539,9388.446763937436,32.15225907738899,123.77378514965368
1320.4415816248566,6575.596229800317,1287.88249199165,354.6929399200446
6126.924678761357,6190.107333084334,1444.1155857477647,169.41690296424756
5015.927216751933,7870.087025732515,1204.2558272473955,150.14726066806878
3971.5610755712983,3473.7309031339373,915.551256206451,304.75921982877975
8912.811379708997,8514.050428009294,342.2327595273565,13.379751431684909
2677.6279194374392,6858.736693403617,1312.4796427995338,154.86128876120475
9687.634296144828,9007.484222333705,795.9270346198678,327.8163413654545
1685.1724135162526,6130.424122860868,986.5158496537563,263.5293709130015
8923.823845556652,3537.8548092107826,1224.963586322836,56.09213382845598
7187.81923570236,3223.8816237326278,1436.8632676194347,153.95907062690617
1795.651705256581,8963.691925423685,472.4750498990551,129.94767092145585
1633.8310484869035,7358.757609630571,1013.0445333923495,39.07904382086482
2645.4182127091444,8870.701085281387,805.6027844920737,301.33142059291765
2144.980889507402,5743.385603855802,459.3723816018,81.10144428800092
4105.4502797843425,5628.072591438436,1077.5488043064265,196.34136511077577
7282.010101526793,6390.503673525615,1307.492891493523,228.96762025063418
4712.478803338591,4004.261982601816,889.1699939367874,339.00343642231906
2956.71251185932,6937.4267014038105,240.93341500063727,339.16239260709466
3837.8129974406447,2107.7298162447178,770.0131690678229,45.579548995755935
1605.4965876277388,6509.315402612638,653.2478631432733,17.8233486103819
1320.5234319773629,6041.237079099858,1146.7011829950627,125.50685365316862
3055.140680778448,9988.667062969755,1384.2808051818708,163.28631187271037
7641.749453837588,4795.000654531599,1145.8259951381988,81.57294646013465
4732.225828131359,2459.4131341034254,1359.5169179980753,211.4832414196074
2094.433489330191,6163.34577888335,313.5748393099045,290.39435681571064
3296.6212204104854,9969.446051738158,316.7695382597857,250.72241686762624
1460.4999330843018,8331.924101499,701.7461603516442,59.79387443102383
2510.438133816313,2159.9560975198824,429.1168305147388,73.00300369563051
5965.929175937874,9756.038254603103,1178.310954621851,115.7140854849495
8000.814704557765,3878.2490106291293,756.0667775575553,268.3376262779531
9993.77486825422,6746.981934776645,1085.7262275114529,30.42311942009336
1896.1749734561988,7288.440134197447,63.581983766278555,181.2798908104833
4783.192420319644,8970.688154018864,122.20581968946375,99.29774430964545
8982.116744842164,6295.634182281943,352.63166226366695,30.72208880044312
8684.507270227543,4587.116707035157,1062.8353630047975,315.0939659288738
4617.722665337698,4904.620698866087,76.45829906265965,268.27439600349305
9983.730525405288,2916.9401342632223,478.6638411017748,244.3977794677137
8439.692668164007,5754.454362877508,774.2257410327616,74.50497178588823
4632.59674094919,8059.149799845978,976.1225865361429,190.71128721690476
4535.647328497727,7218.905717668994,538.9092713725597,177.69590760734494
5416.3934808984895,7093.483952463778,767.7572941945723,302.79729865009506
5072.004228517479,2848.5506752939114,1248.5870516322632,194.63557741051187
5266.316198209404,1528.8762040259912,70.43992159448203,83.05712045355173
5494.046855686558,3397.6643275336087,356.99393470306575,192.09988488437438
9700.330345723953,6635.481533934431,120.53045926788103,172.7497725159726
6642.281766056493,2696.4635339203824,1431.3220095556223,133.41587387502685
6406.602931400695,8029.347555032777,329.6619500452237,272.71707900789403
7919.590347139348,5867.016788551248,677.492996662048,80.17876164466074
6863.984373791125,8424.526795107879,1319.1850089478073,43.6348894390204
9692.08188757275,4550.499252991542,1153.870018273929,69.44859711089835
8864.746504843934,7334.766900240119,949.3839077706053,305.67349445412947
4184.905305903771,9926.536362849161,133.39397326484254,18.491760622004445
3960.5810198521904,3674.6714954612853,869.561581957058,208.0325669216703
2569.177964180548,5105.4889375509865,523.1336551642214,265.65562768016105
9595.664885053216,7255.433491469132,783.7730006224724,23.71102650581335
6030.370394257619,6900.65833538431,238.12573617764738,344.43756066830616
4214.174799045028,1492.920669578423,302.98991087350663,242.70733066126283
9035.07148251852,2066.8842880225493,38.17332837540747,63.731425260867326
2547.6643972677375,4320.682718999437,1171.9358417234298,146.06186054558785
1878.8142134766595,1497.6784529941135,1388.7345897935134,40.94201563484353
1605.7306879196542,6621.3535727054605,193.1500798941782,192.29942555439564
6446.530691606398,5109.230242802582,217.22273432375374,101.42705299024753
8442.019864369984,6747.246453267781,843.4374280125273,78.4411354053783
8291.35207430621,9614.940445091785,241.1405993088773,357.33446570537205
5965.5007971687255,5232.321801978768,705.3416499890966,250.4709235858668
3983.933337604823,9943.15119657605,670.5861970303791,67.39668936305418
8964.578895425171,8096.792519024037,1021.0301032502035,66.67998510266953
3543.0311971312913,2465.8773194067103,765.8601865290024,210.25345736476535
6506.085032640608,8194.39466130124,534.9888051417778,212.0240261035115
8441.548941816287,4337.417868225579,128.4385469302194,117.75565228046811
4838.580421316984,2824.2774731188733,985.7878162003739,283.9976621136798
7602.889951450656,1489.840852386221,1436.9563521667146,295.41766078127534
6609.020148754528,4555.48973989958,1030.052239901839,316.38987783323523
2055.1683801762542,7969.418297338923,289.8415216638166,264.7170667027395
5444.879851459446,5922.807413495643,1227.6276113383885,154.1064046838773
6249.440721523568,4149.7663703124335,278.24269463781883,193.09476854946044
5528.268847558441,9116.549141437194,1362.1005342329431,135.17408955846648
3575.650904878393,7139.698459385901,939.8555790703367,311.4074363748428
8721.090857915286,2476.146198728638,872.7321070556686,1.2048622915244134
3059.41949896031,3124.333298623639,1154.6424662931597,62.99860320794282
6797.387916915427,4145.027783621118,591.4636716262237,38.328734807032724
5006.949163687586,7727.315647590413,374.73539131067884,213.96432819224617
9487.511318141733,1981.1493504505638,604.5335081115547,157.67413576999022
9352.76896435472,2513.168554368193,731.6419289178608,168.75473797188064
4975.44221593331,3015.556081057672,1086.421366284323,277.00254498256044
6841.7777858373,7898.383003821055,347.0541729718505,171.07685178794196
1838.3613359399737,1900.0730891278297,1309.324712754855,233.8747042060898
1814.7520560799317,7215.189297627002,1118.1052872962866,22.331131918429826
9435.314923404128,8492.131874039413,750.3563719687124,277.3941510790524
1793.1286185550657,3401.5429895126263,53.325358963939685,138.17535845303223
5725.672296254631,4428.972903337784,1169.215142677582,231.8287662243732
3811.4199532369325,4236.4344951255825,491.16214161044854,34.551059945123306
3100.3200679570036,2342.097741235178,1351.5416498829113,171.76037505089462
2669.9347858545107,7883.618253859282,575.4762632186885,150.00914681213146
9391.073337537442,5761.613675901025,519.5249364632274,90.72338949269403
9112.599180438145,3647.975740789814,1101.6590510464875,347.4785832392102
7893.635279380821,5082.4108631584495,1462.6262629534197,127.57876971315206
1177.3683073169123,8973.877473416418,628.5081298230818,331.69923483905256
8148.524964180458,6810.827926632408,761.9160765707811,241.8281146655731
1453.702824084262,5863.629408872561,488.4107005747199,45.73836172757208
4055.872603061591,2681.9785062917927,1339.4801888785255,120.03616188337263
4173.76678952859,4297.236154590613,1103.3283951497997,318.502482615963
5598.716204741251,8301.290579719252,1364.3564661317437,264.9808986191869
3357.1167514181902,4467.699764910392,400.45984530846073,15.573906915605864
5637.230197702085,8607.179771254247,337.4084835747964,116.89717048577009
2984.6734418895826,6940.412238073876,927.8981724187541,235.49409466703983
8367.065467368717,4326.229082416893,592.8652828192179,254.74873877648847
8474.376643996682,9271.86027235461,1396.390319534325,74.12087465813762
7405.7194935791795,4955.2485034235515,1477.7708794186194,108.58494617411112
4471.677020588954,3687.4129965447673,398.2293277450215,89.60534681575867
4915.299359864328,5489.312135426294,1121.066230629016,356.753045303231
4946.238219217603,9529.903887665567,618.058091249692,139.93759507272412
7824.065959773626,9087.058472317713,1377.5090990432282,247.44303632388466
7335.751073515504,3702.8931285350636,641.2542426476036,36.81163194503699
4183.152489765733,9920.673908097957,615.0224605205153,99.47871915108222
4562.487661545973,9228.087247940606,538.4614601229031,72.80192844433894
1318.625563742196,7374.045847602913,1345.6918112833157,290.95112055609616
1975.4431388747507,1858.3294281737633,73.48124693271066,208.28857928040242
9529.779059588212,9839.388001171534,106.92500762044153,259.41067464463714
9890.097272999834,4736.807299872151,666.2575175311426,33.64276085347661
1943.6863302767556,5698.027167591647,509.96498788399805,278.7129157935765
6028.902101883682,1170.7943016959237,266.77464866685995,146.8894268243877
6436.623588808035,6091.543057268824,1305.6016108211438,298.46199550695286
8608.812365591271,7032.207399870252,850.3155301527032,26.223858650019906
1579.6003010960962,7165.030618138485,388.8516316466845,116.64461815959606
8303.238142636657,7161.435282364167,69.24669849575224,66.71307518167104
6882.357215095973,9722.2760917942,711.6215279779755,219.09838115639394
1603.126720297873,4349.44455363636,1007.6176482132208,67.33805772014395
7479.733765963924,9196.754405837142,140.61707357618516,23.969946688421807
4922.331158594724,3529.571411388758,242.3023683074042,157.21666321506768
2076.2553008150503,7805.80058962565,1461.9637831527864,74.80003117045976
7205.86082368577,8049.594480120925,870.3259845712513,359.74765901432716
6528.929570679714,3049.6464388302206,950.6408351648914,111.51883288957856
4101.992187951362,8996.52931963169,489.5562994157416,21.589906033003803
4371.813058294911,7836.155089183333,1285.9903859501467,141.7030940685851
3669.2846421956096,6072.092134459119,881.528246719602,65.70530131183229
1556.2799572312133,3134.008783063624,806.5328250488034,86.41318746829342
4953.065978714654,4296.352517813042,796.266743848103,278.40191314821965
5039.1936909401165,9400.396262519835,1024.2086269009324,337.17399070938234
8176.449915666161,1465.737804588967,618.6214468607344,131.9720458172157
2173.885809619801,8430.82439857181,323.4978560579886,17.225095302695085
8462.318506657393,2436.1639336979383,1209.4159996201993,226.749333008486
1260.2492074918578,3891.4820200836753,1341.558397598127,311.2166864016386
7181.33882610401,3151.876214759802,288.1634225443663,212.03037457638823
5066.864013872322,6625.143210665527,1476.5570603370868,252.93146467903352
4319.368764160383,3698.6663429592722,417.6352070780597,135.2797289075526
7584.871839611132,7871.6669041735995,61.55040209692169,207.66603377770323
3304.8356751353244,3498.6410376159215,358.64648703452167,342.3399830592183
1753.710988303349,9316.663388249104,313.43664613681597,333.8525184365453
5281.351290259782,3352.9239221894495,984.5713685540605,265.8583564631462
1206.915962734592,5305.012409916058,948.2467414607272,322.8055583043994
9495.758329758934,5296.315293722618,318.6984106329948,274.33305957954013
8717.48674044016,2203.7229722612283,1190.8204621364239,156.17872336682913
8279.057225745855,8448.44495374861,629.5524339841425,228.01010345534297
5478.292401445454,2658.5466393949496,1405.9431693622073,74.94771374784067
6674.765948956097,4350.597554111831,676.5206460406455,358.2682983665789
8911.084947841662,3990.978374539105,124.07723745229889,181.30466907619416
3874.8424494406486,1182.2982689759317,531.7432047388928,4.607475442290842
4376.857581655541,2591.857321338692,1284.5628575979874,117.25142455566977
3155.0370527332025,9059.795467568449,920.0743967060292,297.28996830856005
3854.755372474895,4781.825794743556,887.103537859401,121.5779332593497
7191.821512374841,2726.825203634975,27.426354805550254,301.8242150938339
5635.727098261478,3549.4022198984153,463.85678205956003,328.67146623658675
8219.372976289746,4987.623858239298,352.0678488442833,76.41592771148673
4380.4433018834825,5762.179945775277,1172.4003545247147,232.82540431787024
9933.095859030404,2135.806578001324,380.58337143465627,210.09948141427998
7291.341051009799,8938.705394558918,1064.0701979971886,313.660799217372
3595.376587146493,2953.4599997047208,297.5554307999938,2.6320103177938043
9627.987721484775,8042.763148628111,778.0627140065684,245.6314382781598
3022.219191055169,3328.858726307874,1282.0432847253921,93.29704695927573
1575.9012515431536,2463.6395599084144,409.63615203592,194.00085805799333
5982.869901935183,1756.9293855175627,135.84712644260503,65.05144655286783
9792.402826038793,5810.369081049229,675.4391976688211,5.450774303132227
7742.788090566134,1771.6003233807376,1228.9067468297303,238.35032894736892
8969.852973536137,2916.4024294066103,506.55930195423696,43.99980926655109
5687.240209545072,6723.558273277101,230.8846795997909,207.01489743112066
9829.2705537851,3529.3381388271628,1347.6329944031045,150.19636722823694
5379.134431112437,3188.308004153767,967.3892245927449,302.2975061933436
3622.8840588856456,3895.2025117375974,557.304888881194,190.3473596152587
4073.494698138331,6487.040740418621,437.7908031270466,33.180435815626396
9913.15640695489,3972.8013623947613,998.33290106626,252.72236317766897
9839.996281377884,7736.028876176787,500.9132100690654,88.4888579587363
5979.717429001092,4685.875771160436,474.19288616664346,101.46443009513526
4633.040052473909,5226.759043435487,110.99880355127328,332.0319635539588
9599.596191906476,3377.0086777460187,1411.5372319706476,346.3035990974758
5597.018078188834,6849.193514085971,1459.7990441859254,289.5981248608532
2955.2617358089833,9080.089973420898,293.09420381707645,216.69656198855057
1244.513151907714,6316.503165216897,1039.835317752161,359.555554161448
9297.934462570258,1475.8916660228729,1157.9850489819626,290.9572116723653
4751.069237027234,9688.197434707477,500.6277515053019,41.239163433535964
4790.758666484462,3274.126307090226,919.2871545795672,274.1814420891419
5807.852616874433,5350.344699605155,135.25197662428303,135.09806171754911
8274.557636157992,8586.975340689709,263.8698719707762,200.46022291237477
1177.2756669577525,2220.652244410985,437.61641078891995,160.85736078459342
3517.7275632483206,9028.922477161479,1135.8161494796423,212.1429141377413
8005.860774892288,6997.9234767306025,1355.250529683301,126.98433109748734
8121.939053612504,3099.1540314655917,607.5220473413027,78.7484488303106
8357.678140015883,1561.8317397490434,91.18391493786423,40.29158368005757
1865.9650421252895,5984.444552460136,213.60190883320078,151.11757477806822
3449.0781222251053,6281.533086425117,488.95479777473537,358.3600962957087
1698.4049652584208,8873.695686518116,1272.0751355368732,298.55428662514356
6252.815463125886,7929.45191522764,1469.3905977219963,345.56258336377834
1414.7880125375752,7205.737579345934,1362.553579027664,170.2309127111999
1202.0830186591045,2597.829287415065,1060.16938304575,343.85474426254666
5657.782750320953,8068.033044687948,1232.4714875476895,69.9482176597319
5238.872298348076,4697.945495406267,682.6200325806583,300.37017349964395
7927.760048747831,1543.9780739653029,126.27211888090928,299.6443805845818
2491.291089289024,3360.6203933355537,795.7978191848541,12.950633590671359
4643.68860294543,7052.412168850839,1059.7452307072276,280.0004505664098
2017.5605920445,2163.2968352187595,415.7213715123691,64.74616823598151
1297.351688229738,7047.209302571284,991.2524214001054,203.38410099791417
4353.38808830543,8480.443875701108,156.43132006352357,177.9026439623057
3546.826304478133,3655.429866454494,1257.286034349675,187.89378462257105
2962.1915105736853,7097.616684738395,388.0638565463846,134.512171005457
3564.600667039175,6271.878152999884,1263.1367011628834,137.9484369137145
9401.859103231838,6739.472153494767,193.9299247869696,193.3011237409555
3914.1192474326895,8382.211566476935,237.08708701330366,55.621367212923026
1290.1206890312174,8110.719573459094,704.508075077268,245.3719217064903
5749.00499505619,6201.2455186987145,1092.5293560819027,51.184490404299424
2508.856869892407,3755.8485108267705,153.33826524860237,293.47167973841414
6039.554819609788,3435.2204752310963,1413.1965393273551,135.00673570363864
1582.572506751944,4089.491999371796,855.6459596212865,274.36697189943067
8506.887348655593,1657.418192469392,134.94992763648779,150.11168476324812
3731.2546734895063,7051.350285987849,822.1372981559541,99.84966357652105
3083.8449750257505,7424.081675217654,508.870969258848,199.64300703606813
2086.058696025292,9140.522717328036,665.6908302870381,121.95808482622557
4679.271176362556,8125.581882921811,429.29228140021,139.29960308594647
2919.645293423259,5910.601354622905,871.3039877945835,192.97624330564557
4207.629559572353,3971.7497010199904,1180.1590318753972,42.323495196194806
5713.151366361507,7724.375300795651,1458.9699267874255,153.93881075371556
4674.241785527414,9065.324228666364,768.5894922996522,298.362934578192
7654.001024005202,2849.2206148692817,973.4082986050884,277.3787169391337
7641.020421009973,2291.480021244839,806.1690901136196,353.27464408424174
3329.9290270133733,6989.155212951619,191.7666748046878,346.6523743784464
4570.510684633093,1494.5120715207167,620.9259364139564,90.17458143114236
6997.383331021443,5296.286816204114,1458.1939003175962,313.49327758706033
4307.888392690687,8834.645557544605,703.5635484505057,169.5468206566707
7826.416601360156,1146.2700659866625,1137.0629082967819,61.04057067894872
2156.594521043559,1772.560193629844,655.3549796071183,281.26727284655595
3238.04674022351,5450.486400473989,1161.4629632868578,241.44441053509416
9464.864055211254,7236.254237434457,1217.185101201632,253.22624769686033
2047.2203018418263,3485.3241177794253,395.32848739863414,258.6570003780316
5223.142189375624,7153.914329369871,827.5377499766532,43.09880162793594
6326.921835540767,4667.459047481513,1030.9665172404887,274.63605054597804
6762.459083776067,8336.921228494135,173.4022252863496,321.5005508359919
5507.247594011965,6618.818460335614,965.2291813959636,49.97218618884202
2230.9105742006655,5641.510952982756,225.36934391980964,9.602035799381868
3546.432129567457,9265.035223997525,45.828164201811525,86.74689471553691
6069.5129748958925,5572.585573329386,1141.6526729947777,194.41057187324927
6309.485929062995,7877.914486366007,929.5448201693147,166.2528891054149
4927.839078082361,1157.27333864401,575.4330279859013,349.7366504217715
5942.677017239556,6470.024969644031,939.245874782088,164.45820730485107
8107.091047259638,9440.427017025013,514.2919882265677,118.34813503389177
2836.264711217562,2394.190305266717,908.134639496901,211.65721596159284
3390.797962019563,6427.464518085824,1144.3611056295106,56.10231184183901
2181.5680562603206,8249.167374402037,175.96492415755387,38.430546719046035
6113.047491414606,4762.493015876247,624.1236000357371,14.716357665104358
4095.051997195418,9090.922051831125,194.10527924158475,317.0228119839807
7341.168017042424,5080.511482670871,286.4815655490379,338.0202712480641
4872.805723415846,1501.1506388791424,86.58891833734214,92.41566340033617
4266.752029226782,6612.593219468359,1086.123862536972,111.6038338744427
5324.868267061625,7107.409579811968,688.696735905968,137.99508929702796
5198.643464139191,1609.0460152951255,1144.6026599375266,34.89998027361237
6972.041048546413,6201.836328240116,59.7978117981548,232.64058969292282
7969.080482804785,2006.478564483502,125.96890832504995,264.95755971309285
5451.030957362154,4317.727989267411,565.3020535404684,256.16469812686205
3234.719960031976,1899.1437791941598,196.91157832444065,257.13860033417234
4224.127605327936,5278.454953687853,1072.04598510349,86.64671001078109
9782.21509798629,2310.0274346156148,97.1000924379328,269.2564462212137
6226.583043099022,6577.149445555203,673.0756709665939,113.86553523459692
4678.75603640862,1962.1955970674233,1196.5134659450598,88.48871944319224
5133.138349246328,7233.050064876341,171.95575099138318,108.95001230275331
6547.400993942461,7563.9706976517,1435.6610120099265,79.64867122106439
8502.564645034967,7814.003611649711,802.3651874190168,31.834594255170284
1189.301037705381,2808.067774764459,951.1650886466911,32.94440188008228
2312.650765706498,7161.135826749046,736.440804608441,326.67208392582506
5356.5635770009985,7726.945770171947,484.05172178935914,37.20104168696069
2019.0052071732216,7522.509158348002,649.0642448096269,5.495558575886216
5331.251098413515,7102.572184560099,404.6541715919009,73.9597387331633
9213.063585983327,8118.767045826947,67.86342694813418,108.30451698242985
7933.458615262126,5593.013369019605,1442.7004778933585,298.5195054902331
9043.81598454759,4171.930264403038,683.5773968681918,54.05856154002447
6594.093670221161,4839.77348295271,949.472078235033,126.03686998877423
3822.397435274535,8613.161139073132,94.80726850005871,212.0624489550964
3595.6136425227864,2158.5604489732896,231.96464230965609,308.82956315073216
6289.595214218728,5644.047141355805,336.38765734138263,7.8079424258614
6009.441912575182,5105.781500396934,177.1012144640909,177.1902179188682
5498.891812970131,1258.4198004838802,389.78776537957174,45.83446809617116
6614.21667017048,4395.535782154284,1107.15003021695,177.4763601526503
5857.465511132906,3866.9807375636974,1486.1670882156138,222.95021022903808
5529.724688036835,4278.260323365436,430.1724554048914,4.610016353809975
7619.734119526989,8209.012750988892,971.9945591948552,42.83435524584337
3680.4469685968056,5431.503680696146,1251.084143761031,134.83753530361503
5934.230595703384,8504.003022714638,1034.996502690761,306.2757865916865
5094.610010858003,4760.068040496706,219.82828208887815,260.1219667151008
8832.307845045607,5084.788119508569,1440.5424831823043,202.38039085545782
5763.129074027479,7530.396516026011,432.7633680461792,40.03521410407306
9985.095443263841,5514.775028529701,1341.2272031856935,176.05367763347869
7980.13497914575,8064.02835579557,228.66540711509245,210.8607897698556
4883.370317342418,1960.7838554085806,1380.6269265263381,137.08194005476636
6018.1680352100475,8330.33765441263,989.876033819605,314.1415676673488
5396.047907946133,6041.6539837731025,341.7507226185046,232.29268213146358
8210.929698610526,2502.6911678225624,1171.4637132249031,97.3264731067877
7033.329472288758,7858.208984664244,120.57503421383738,264.9010766384221
1848.7624884806737,3792.091425612448,312.7745068418642,235.07206033422324
8003.062203397737,9948.233175496667,433.25166645930494,305.7972173185598
8305.613237667418,8223.604425409823,172.01955615979395,87.59751320685398
4398.693461620442,4927.9727455322945,152.6265654019982,24.394224323861412
6646.198802800919,5156.03816023168,1368.2807851790546,321.6121526029022
8946.199189456154,9156.182853669108,507.71379218867213,74.02901719284148
8754.98008479262,2587.174503238517,92.77788138880958,251.88317654207677
4123.1053959107985,1854.7292980287366,413.52132129586863,40.71902742984127
9354.444368589364,5847.460201647292,658.7435700847382,185.47281731871723
4567.5961890482695,8581.568065329864,550.621846212699,77.77563799024297
6557.60768662414,5144.150538437387,880.732218229447,324.3544930274419
1870.346040757379,3454.9971373578674,1423.4592999954405,39.24532998865959
4581.556956798086,1993.4045362175907,1197.116981955456,172.13536780129652
7992.516077050251,1402.0791674873558,256.94663539682335,234.98883461272007
2252.2236638842933,3727.904597655123,229.26108680253589,63.32268226545846
2837.211485547906,2755.324746771797,1441.9053696003054,22.105034844209147
7444.361697645361,9063.257495378142,1374.06567745685,179.25769637326587
9247.614937309963,6946.897327211048,485.7306748678897,342.7182201201216
4330.670996618165,6237.612116897028,164.8581856186237,59.35505015598122
1345.8979418350164,5509.74964286372,255.72836258200286,326.9242605739335
8859.715802059478,5421.875236345791,624.2663628338786,163.11118249674337
7711.869064108524,9994.422795665754,572.9620727020374,127.41621343274467
1330.8744239800506,7637.706487509407,749.5441824342577,34.580723081997284
2795.135225161839,8289.88804606795,631.9508432996919,301.17329635587896
5918.068276776769,6400.0183851240545,1299.5457610478054,43.32315665884263
8633.969663299778,3623.1053359631187,46.79677775731239,281.43505559531894
7827.102439977419,3737.410481845084,1436.7476613248261,162.27227370207535
3280.457753338828,9752.941037168377,26.470176619959293,200.1955500818114
7917.662143393102,5813.232006542779,1209.4707673770552,76.33144745915229
5059.14337535833,4190.434615771755,484.0970375020707,288.9682217877794
1774.6674028701384,4839.161144977485,620.0571750831743,332.0562067238119
7261.438636477155,2776.090520908649,607.7913149481999,46.78930673658851
5037.699193510339,3391.425676986341,534.6520237783707,286.92290803553425
1202.6414528495213,5517.052908406217,1467.232801832121,155.12465686557834
1527.7732895445076,7903.461950379371,981.6316357558954,300.5454018109964
4990.053866140629,7290.923550609232,1443.2696163163587,64.10589212169485
6909.037983660685,7049.316465436476,412.4142314392702,63.18227357858413
5332.380932737923,5852.316927346184,1082.383384832233,324.96736515173876
8405.806425631523,7645.707425260051,922.5179225477344,197.32344501043002
3187.4387582382396,4397.007808142758,751.1810420783547,181.72227217091006
2416.859122773024,1904.8697616804402,354.3541532417974,137.06564012323528
3559.437294594648,5743.270737261652,1413.0018906780713,247.47960802602464
6558.655832062039,7041.255889359902,751.7304705246061,152.0102219189597
8052.462905943794,8888.579522529142,461.0788428863288,231.12316056083552
7358.956429562335,5833.3757482150095,116.55197925914962,22.26194923788179
5742.42753723065,1398.7501323486795,592.8294326657515,290.5756173300419
9781.950616083313,1531.1155411042405,1242.872997668996,130.29451576276665
9665.554049120246,9832.971347416866,237.8526187854314,314.0366783008058
3826.2663537762564,6591.956704010387,601.9207485987575,117.64119484750381
8380.621748475616,4270.37094344272,362.37085840679487,268.7985468367562
1396.0599006952239,2866.5189573655075,640.1158829871938,50.746273072532354
9015.678575894584,4435.297005612481,728.2284635521406,116.31179355741453
3581.9928182564463,9619.85989121052,387.26473825099384,287.72063423307316
5233.315505940918,3741.962643126693,16.338892832956496,244.50683148334565
8565.690744389753,9948.801938371878,762.4352189002045,31.54210785737762
2737.041423117409,6795.063535167568,981.6037667585576,346.68677008434065
9980.438531966256,2403.4070700511593,342.0250357282054,348.43200878759154
6146.97172663673,7684.229708359005,1008.9711190763882,228.45924342017435
2820.8724895131036,4364.793997102592,762.6456260801353,336.29349111205175
1204.008068018604,7440.941977715902,792.344578412105,212.03628312307174
6750.588858269053,2274.9359767145597,130.5522290545323,351.31423580755245
9959.486511696035,2259.4656763144767,875.7392195861512,233.96549394640272
6604.976141931308,3107.27982501481,177.08313089225817,1.652141251353885
2632.660242125411,3934.7883549277635,1486.3117192386428,261.21683231725814
8177.692365691649,5031.391656617918,907.0293052049482,129.7740686204236
4204.3758679546445,9233.739901648416,22.262212427312875,94.42955821787096
1488.9206846146953,8823.01318152661,666.2929596906906,211.64357588338356
7561.32617815792,8806.932641365576,186.99450115411975,222.48138736206903
1790.9079595746662,4820.230108133429,368.43314980107726,101.52208538542743
1744.4503920332313,6118.1795790776605,1061.310830393758,352.6369500197129
3602.244558878489,9007.478429301907,146.1209311525027,185.50782491386872
9638.366891514366,2533.1852856689916,1081.4288932434604,145.18145830750885
4408.472495729095,5499.754894293341,1028.8614298164277,258.6118088804625
3967.408203777017,2751.021974105965,642.2002935156237,7.8003593656942325
9694.493122072754,2695.954854214492,9.987049909442106,125.85971615066457
2258.600208101102,3075.7036505656033,1314.6273826513413,254.3651380731496
6081.124521971253,7258.975743638579,568.7718298250187,284.545239664793
4528.293300727786,2976.8364397949804,1309.5333767180077,313.2530282505229
2749.3462708024963,1830.7110631510384,283.397387941713,55.102919061837625
6295.053542918724,4314.748793267212,330.5806958007459,56.81709429988342
2926.9650936333437,8759.046311128372,804.637194535592,158.5207899582318
5791.627638537385,2178.6130391077295,126.70254670130802,204.58835403298593
2893.0566755099026,1297.4757879557073,294.9309644881541,255.74274634303586
8556.259798390265,8075.157584640409,1413.3886546460194,122.25429513116458
3729.595535297643,8168.607393438383,1243.736535276815,296.318464054627
3204.7960022708735,4250.024894758299,1154.2251668888082,15.546072571547704
1731.0510733257142,8908.932224405757,93.64569979442655,10.313514180389955
2536.5649274895563,8922.096875610698,36.9245601279403,359.2959610242723
9580.412279530512,6845.238049710182,1270.4918407575335,9.444582562544747
5642.354518143115,9964.836855070076,1153.8392375912601,312.3164652896588
9875.985616819991,6807.859463159668,721.4125201422664,22.677659146632806
1816.1068560089814,9172.331510400163,134.33610301886316,324.44628897842347
2348.0511233177604,2985.8375482346064,1229.9003179182632,205.973425363898
8436.007237642312,7878.831837746602,963.4668662968892,309.43628842169124
4053.972862734336,2369.643019650477,153.8033647894985,38.888971662761925
4085.979648560661,6132.39619346807,249.51875297436422,70.48779298562164
6332.690500401762,4677.403905098703,1332.5024604175276,309.76492519859136
4658.195921948467,6416.6525087372265,876.6213088623981,176.79558577644997
5393.364870241123,2171.1270489835824,648.1810406092545,267.80377514587644
3043.6339503184963,6789.339728889024,664.3698844480325,122.42985374374102
7670.492109615184,7324.781024367927,1022.9621438160029,174.87427584975566
3461.327198848438,1670.787007997407,1116.5966055395802,100.30403271382751
3832.5750096162747,4253.574284932787,45.30700683081632,90.09509245043887
6768.626253367108,9794.00858933495,10.033468114526146,328.1186859438372
9218.121438955412,7105.004441511994,1180.717070095854,43.86716029990596
7373.8658244007875,6630.76179237167,353.62176417971506,186.8687952451781
3475.1888424768836,6844.229598629833,69.4057417471228,14.337741540021751
4846.982497809247,5652.470233089137,513.2438788545412,19.590238392073783
8171.066768461882,3522.001081869284,913.2709324335157,100.9797218401914
4239.786858584384,9807.07146296464,799.8646762905405,151.7624771720358
2683.416358703076,5676.3666777224325,570.4159516221761,197.9098571635645
2582.2804048034695,7356.84992180084,1469.9625324179856,43.340640032098335
4077.0966153504287,7530.884785283504,1262.6886524505633,42.55749049973372
3419.269231644169,6357.419930830059,981.3055444936248,142.17647004858992
2991.1856177298814,1122.4281077418275,1383.693700585628,126.33745156033258
8521.60897421859,3743.2502059360445,1011.2055795748777,326.9126827173868
2201.3172361723778,4861.017746584095,1465.2038569222852,6.180492551364466
3480.8855340721934,6727.799493376717,608.3974947668413,17.582697798564325
7557.530029367246,2915.546681543936,839.5192991481402,327.4171951111375
4841.443547286391,5523.497292520664,4.073382470510605,38.95705068809201
8021.556885987287,4935.639093265422,744.0802587501568,321.400756956906
7649.368843962533,5613.8448705016,1049.3666975318795,304.74813374377686
4023.238691760413,8940.892524557197,407.2080067306047,274.39211124156725
7038.760601674382,6689.043498748876,863.1630696935338,338.5699611725688
3866.3745009719414,1546.8296168023758,134.92906726699692,352.3452075413628
9341.977220500026,5969.992610969601,1037.9146605443132,134.01634909518057
8304.040774978119,7519.570346110768,1496.7019891923173,317.8704206353138
4395.280245000496,7176.268569172879,1317.4620604087856,9.94887695862296
1622.6017325242424,5928.019025878583,199.30480249356168,288.4984618591791
8723.454410632661,7112.181928150395,1093.4617047382626,61.03600528002528
9247.671224364665,7147.426288610281,135.8924812041746,126.27694856875773
7506.741224253978,5249.371275641291,78.89496107377667,169.79374171463562
5408.091454237319,7752.559213690028,603.8946839923088,181.34799231767454
7061.269507415957,8941.810209170515,855.3459559094667,178.55731049041893
6610.952035804799,1643.575700438559,949.0212108785242,288.288879081402
2010.6525740697298,9849.986289208526,43.992551119769175,265.77580879970355
1272.9746501536904,7793.05022371819,232.99125634036793,216.9170650725261
8553.146326174241,4361.996391208468,1386.3852386286744,184.17031806414906
9457.919726907265,9206.374744721325,136.148556995717,58.90547002455667
6603.070614135288,9814.774134804164,886.7935093786144,180.30856796861983
8619.526950519594,8848.195846350482,1425.5971426940255,190.74831476463362
3658.5179887061113,1267.4842368557383,374.6767970710726,278.39513599545893
9813.362870560612,3116.1905755690336,72.00732469078264,319.09140866652467
3340.503592462766,4574.778899100611,1375.1662390728663,124.78483542387393
9958.48549775958,1584.8374858613665,34.57935071720268,126.34685780649036
8529.558594750451,7108.494038576615,479.96333999635306,240.4149158485974
8620.537510655504,2943.550248016504,1250.2408157353893,346.17687768660124
3642.829005159522,6646.990626413158,1448.3511992583065,202.537880107282
9163.879361947871,8574.878856750172,739.7778316859661,167.22971855758686
8602.436946200814,2768.575884609184,906.7191936346835,274.8241254485644
7877.173351773297,2622.0886002451193,29.14787564743056,183.33589051758742
4391.229172536838,3180.2235908757084,1204.5787605428707,104.17286750557761
1433.1765546603513,9699.278403795619,766.1893102935574,200.1361889451707
3649.7547311495764,8583.362501553667,1409.752152573065,14.915272158417158
4168.52824980741,3902.6451736676413,1492.994477992112,344.91512469564566
5371.472580627099,6968.355769231891,540.4668279090657,334.89954943397896
6069.0232267127185,2452.1055751217036,165.3657484715792,97.66352129415743
9365.328920131142,8904.718426612148,523.1637346177621,151.6306499807475
8793.844765501246,4334.696541553358,1110.3137822876786,356.7486813754591
8321.120215001338,8798.59424466137,1419.5865545173847,272.8624359230322
2302.558194139647,9881.926853383424,854.099424051593,81.88742659261057
6995.0614544629,4910.779931642421,174.68680457650225,278.3166864617159
4966.350175112705,3296.5922174370376,275.112756298569,147.55267476449143
6061.950147446039,1822.3041526052757,653.8009950202636,146.2616246947313
5106.221952341557,9138.23329576634,38.29061758158908,159.14425229564023
3414.232983025684,2756.3745244208585,382.7166615863688,65.63992010448256
7621.845822286616,1473.08070073387,239.1672330856697,96.69927875901489
2160.432229270564,3530.3737574367783,457.68993532425304,114.49521885693812
6608.772764810938,3900.453692637636,493.0017448130518,208.55913408548042
6358.88579725489,8124.5209898772855,428.9840076001139,136.0232847270812
6651.082724687975,5578.186161755884,1498.9913617876234,38.969483354939506
1163.3402103350147,2529.681591866437,886.7740157094321,26.331069236342547
4018.6704535064914,4577.09285031366,1049.7465886709476,61.700020870457884
8093.341211235187,5826.536603898441,129.4766910879897,216.2758293376808
1562.2985126496549,5364.198823048983,602.0383470453468,342.9668790252172
1664.296472650583,8887.931629631672,224.09555234709828,159.50604217943643
7553.808778237466,9121.52781591193,255.37291703133045,53.713190124430824
2812.2108912412987,3086.2394994322817,1488.48793264061,131.1775264284639
6323.794765289637,1593.0181740217222,38.23884003155962,157.5098952953484
2449.2364104640037,5867.653004987023,948.6274318947753,106.1049374454538
7063.835706473688,9414.573349212063,767.4064582118475,152.4640273580927
9092.422125792697,6117.606074746716,270.81968673534743,93.56728633491788
3954.3957146546645,9769.610672685092,560.7523591413327,323.67367619651543
7188.857720166345,8753.611552458948,450.54584339092895,138.79567644820878
7129.571848895334,5881.524173550498,377.39647676406787,227.10340343064317
8329.416096776164,1727.5058784902908,456.88267143452424,265.5042353080853
4417.1869254545345,4121.913927335789,1365.458390165009,29.797193264583253
8567.702826607327,5940.915400557921,802.2488782017685,46.762066098455094
6064.099474717998,7205.716904156279,1225.5426951548511,180.22693337622968
2752.079549084595,4804.174310132003,334.49113910172366,204.96874429248635
6524.785068130896,9896.874209528996,105.2438512057847,167.78318644521983
3091.633285719851,3792.6917365309896,615.4890751962865,335.71209411562756
4171.147282147633,7409.370493944187,1135.6524494622954,197.18185245571814
7996.693769940687,9568.046564954831,1059.8852888198173,156.21979665588634
6155.973372308475,8409.13444900202,281.41013192838784,278.0882625867748
2478.6779740562406,4327.230578491079,25.404980118614617,345.04619004427656
9172.19664110822,1921.9026636622445,251.10582590198007,325.6880855397432
7922.903459912778,3072.8291060639312,971.0836774023592,77.90828366960137
8637.736335446398,2955.2277657443647,54.547483672118915,147.64334489650554
2757.1513117025024,2739.7168358594067,1261.363765158515,189.53233568620323
8538.993132825255,8704.567455383669,1458.9580144642202,69.62686575370529
9225.292849390888,7897.817500337404,1262.2596844143034,59.313912921591516
6451.39892027868,1295.4368540477924,880.4783434657988,301.6934086026197
8577.200725759394,1734.5425682240475,1476.8910980720952,113.91359422635924
9781.5993558723,7788.826955128925,80.67514233126401,346.048227674332
4828.9198014168,2365.721223704217,699.9256054592893,308.1202520709665
4861.054055352978,5017.756354960924,1416.3166287870476,118.63348805596063
3661.391114335467,4963.674033252133,646.8603558715421,108.84697168559818
7877.138930021035,5681.519182412429,429.62983876728384,137.28917952093394
1555.3333907641447,4241.688535678099,867.4737004350164,157.04139404456924
2086.8598562549437,7617.843071188527,1058.6010252073675,90.42322516405272
3259.496297117517,3008.7225550955936,840.551305071616,134.59267737348566
9727.16011743757,2743.6783763840485,200.90902253208228,83.09252279019
6765.835233388304,7043.107156211663,957.0710462749439,173.0877994517543
3955.781764902012,6303.430560350979,848.3940900087748,173.36016116103747
6363.9190716580915,3117.3186986845585,1408.7235323224788,227.7750362848876
4168.076444108138,9682.916469490792,1297.76911311043,167.95632741689204
7962.2142214678315,5834.507155277724,1485.449765343904,216.36282989262372
4069.7553973466083,3486.4681908809926,103.16384301050161,187.8111333437959
7570.605037188928,9576.014654814931,241.7454658924799,129.70607604287687
1846.8213993771556,5625.946412060377,759.5040841187343,5.312507091367295
9330.895121356813,9035.70393857497,978.4673781562818,253.86514994160487
3140.3010986908894,8060.315993174231,312.2854392785391,194.68438391600063
8917.698730828526,6842.839152888795,257.9838080985086,111.5614022519675
5046.850033472662,8983.498698137075,263.8547812496688,180.8775106962477
8368.110637799375,1802.4644445192948,712.15955374649,166.49151440697187
2105.83994120173,6680.247138205942,279.75090105641857,138.38298645428685
4907.885638777017,9541.347097054828,1322.095057627128,311.8992174270898
1480.2894359067,1511.3657747734708,294.56553068708007,129.00990215841293
9992.697025004087,9942.201712736314,696.7853542929864,191.58792841996691
8070.385832141913,2949.5529560192044,770.7352519742144,5.949219751730422
6965.127920450459,2972.266004199171,661.3637939744077,73.37007018892773
4342.082218793134,2453.197197435243,889.2874734660343,277.87748962659157
2718.8220921786833,7990.005243362462,1337.4171342029351,1.5207966722429118
6066.089505389288,2335.5408226385607,934.5806785642222,187.14510383058948
9093.994666882427,3781.2562305030046,1134.096364310632,91.52346230745579
2251.161483671197,4126.499531404852,287.8639698018703,208.42244862556177
7699.026243175913,3439.362235280321,182.81761944189623,189.98679952027524
6704.754763044173,6281.6593505895735,806.5133068605124,193.8080773500631
2811.5445055492128,1273.794215349409,1107.4133361353406,106.90805037525476
5613.560492540726,1204.5294537615923,199.05233407299139,105.4514844384279
5483.964278661898,3480.147032762348,1472.4195587661284,48.21426168553565
3015.9289297293444,7325.104331091724,788.8324174096683,153.10645396284517
5463.1067431393885,8579.141154251258,569.315109901793,194.85627073108049
2497.6953705017913,8001.616323362395,1195.1057134466926,317.8847696776112
7277.64101709721,1501.979339177653,654.739641816768,16.62045216577438
6797.108330057103,9452.186038476446,571.6089572914242,59.42672798625207
3160.3513561986574,9286.531271192067,991.8211585970149,329.97973425699143
1953.2354773273003,8760.418587511915,405.552689002924,89.61231665229244
2829.3048143924107,8764.10073085673,616.6588927040211,127.4956274677514
9074.064075751885,6232.932799456042,1037.8088657889184,265.02690485026244
3960.994875757159,5643.537770913007,1038.5614382478714,256.30134432209195
3584.5024031541293,5054.842021443205,150.26488610139427,37.16287744017928
4759.809510831972,6716.244367534637,643.9906204574845,108.70548276797481
6422.731976469284,4814.823571254575,1201.6758855827381,95.53640670001771
9788.578101874622,2923.4901509623187,1484.0745837565723,181.49321337547605
8320.956887196196,1792.4842472955174,492.6714217160385,80.17966973235616
5232.200724491782,9225.705869940488,1044.1213020643597,77.97318131532215
1203.4442047010875,8446.37958581014,388.3311588945886,114.71095266123
3081.964538837443,3496.764577220667,773.4995991983602,216.01713326664844
4955.992173629631,8410.062525556219,1254.3553097524339,34.08416105161578
4826.762691588011,7015.432876282472,1409.928462490694,58.30147991329736
8213.580191569312,2224.1927939991706,1367.1346958230026,307.21266869064146
1393.8208338127217,9310.390739990482,346.9436507125118,279.72947797671856
8768.89900452715,4030.654232706886,1190.0913539933156,287.34636132385117
5576.666676086277,1386.2685121365034,411.4416012798482,236.8231431792874
1374.0980466179358,9095.733971244277,308.1170834276009,283.3083328945128
6037.453969113863,5311.088500425587,1094.99654065802,200.3542174325506
6386.1745370297795,8604.617860326754,305.4485453438787,231.46994895656456
6178.634922238953,7165.227989721261,1045.3124532410225,234.7871529036382
5556.533079263391,3176.780439735328,1376.0467637328234,319.53356836775424
4603.453261054325,8551.06916602828,106.61402390414159,45.991422076745344
4219.548842400469,6345.419345394063,1025.406635599661,347.924985014356
1332.5809339421248,6188.000216169775,749.2086838328291,27.006529301725397
9267.913950144984,4182.682742621077,171.0977223534507,321.8307633972086
6773.801682094108,4401.493710321992,1151.5815710562706,20.788818105797304
3915.191169954417,5083.161108848727,717.5429138893469,286.35208208614927
3222.30721606578,4551.145112054153,6.260825838908089,169.12008144166427
9721.06993062153,8994.528465280595,382.16538382035696,311.82475520652036
2985.8714614600976,1696.4423413841614,1451.2811125101257,332.7116548456509
5779.150836181855,5705.320423586848,1327.7125336428348,338.0288531340846
2930.9105528913533,2127.3991291675275,777.5335212316605,117.25766223344777
2934.9929834110712,3089.0333266419966,205.34523317003948,188.57573303386158
2821.4202995243195,1989.8264348396724,890.3393191776695,3.47301062472471
6211.073985626683,9400.854706173674,120.3062625203226,241.03912500597482
6412.547818471066,3256.144636501593,1121.050885999411,268.42455262472475
7451.253005885809,4315.815740838327,630.3595549474204,133.48787949985376
7671.60618923556,7579.8285537570155,1140.8518697069715,138.2629137141385
9608.761021370829,9148.055339768976,559.8571587213363,138.2043497896987
2059.328648513391,4836.95090558391,156.27676571924215,55.491733656767806
3259.02837788179,8400.813334103728,167.87106403031177,152.1618243563144
6146.854011172852,7243.156419256904,1016.5936682417305,154.46824314267135
1918.25968387642,8984.39873904522,1288.2198834882622,285.2478090346758
3976.1925256555646,8118.521287514881,504.38033392891685,272.8126827454774
2844.821555071649,5638.413918224917,1457.2425215717535,264.30608066887794
2044.5972503717417,1504.5309673108795,1425.84643910743,254.78169052308175
3614.5128654383698,4107.507953560793,1148.216706972104,113.88648170178915
9946.075039251216,9935.934067675631,1370.3983524936282,317.9740170206833
4876.710158649077,5689.942041937668,948.142137818764,147.6749707733407
1255.3018448494654,5989.011962428526,1051.3371663581545,272.5488838818368
1196.138544498033,9067.79130813864,520.5594876142293,183.86445815378272
2902.6947375573627,9132.422900676862,727.0380222628936,351.4680298887731
1902.8394362076288,7061.235043690492,280.6470073946829,99.31674338187676
2223.744401934086,8483.659811546368,722.9451798923631,342.1280086290935
3379.9548626401843,8129.138577791618,1302.5715738285392,42.66406196971187
9257.24272175563,8905.220435034445,166.88219662968913,15.696246404541359
7085.451586024918,5472.185577975008,98.8260289729398,149.3940081908555
7130.983688886555,7021.517700018902,141.99695320973387,75.67236208501046
8157.922844162919,8893.39962276788,1269.4559386046512,129.18179342448678
9527.907203135483,5090.609628705877,885.0465904677045,210.32717703193163
4679.1356629975,9943.132041560879,91.80861099095974,314.9320829544363
7972.938565262369,9439.51065399709,498.61518314196314,124.38774988592273
8959.48205270667,5752.591165722399,97.00777004410858,202.41408502592336
5886.429594655971,5803.077710947482,876.2412507141353,347.3531097212802
4185.246176309447,3767.5023105520436,384.00978124017047,163.21796598113445
1793.757899134947,4153.915111767134,1307.015921832603,289.65692158029265
7636.5186271260645,4014.5772894149095,123.80200904372995,285.0669726564018
8446.234158998384,9790.89400387751,721.1907962479089,145.76242297996447
2309.216406250502,5390.24529076986,501.8716089302697,323.60140626981325
6049.593500532967,3152.6070866759264,1147.1004322715976,8.15888969277881
9285.695308218834,9939.917653591048,1131.4466079950741,132.68950889056237
3319.9777692211856,2093.3868447746872,1118.4725056879568,188.08071217465604
6753.7815168563775,6814.668402603952,53.3503104670783,142.37337718380152
6611.019255623273,8213.153240269403,154.30174889614892,48.471570349958675
8069.789568461721,7139.158095916179,1125.2716035636772,142.7498156209972
3015.0557793606336,8248.275095254277,637.2045113175595,36.36108047044056
2875.1267129113025,6159.753336248062,30.78251622166612,343.41878694282576
3842.993114822173,8993.711956911733,520.2295268166878,214.1215365494823
5420.832197600155,1716.585825787744,326.27001146131647,318.64211324613734
1662.3718532201935,4799.781376820863,1329.181173457601,30.045689250864474
6569.8163156556,2561.7061482213467,393.0624853102327,117.04069467667578
8513.830255615328,7591.387702661196,514.1806712376624,236.43457832449474
6136.605680520387,8424.27750415961,1000.0330028843019,221.5928037193104
8374.397380883118,7202.0955460352525,1340.5470294767322,267.33604156100046
4753.3089847204565,2742.697325142788,1251.0374127179941,46.95885473772836
5099.7315009288495,9230.096581564969,713.1835260667691,259.9819922166619
9397.605907795172,7817.077457034692,1017.5544394390242,301.8194617886935
7986.79241274654,9743.251791034721,850.0028250493061,273.72246273657925
6402.279709759843,1324.392952368107,79.32683906952818,144.3969918179375
4893.06324196372,3631.591685926523,163.62651074688353,17.739139512743847
8380.711901780876,8024.324139258375,1189.671016970449,94.71916762140302
6437.371749906281,8292.794552015803,681.57978747467,315.3799258209844
9006.896544384672,4813.921305940456,225.15591275750037,105.16590750379542
2249.5871718678677,4351.808583655498,670.0265134539512,5.3096452254364905
4047.4649764926335,1470.9463423340048,473.12197090148675,150.0372435024295
3253.3628509324026,1936.523344101136,1148.4139141340318,217.77478906273865
4854.797083412468,5663.833833842388,1408.0553389400038,166.04277745365079
9996.975325456327,3350.0158886350177,103.23456923861971,170.51964239806668
3073.5176305831965,2785.100446901307,782.2219817215725,99.2666156379938
4227.757678979731,2135.160691105537,1180.8408220291242,147.2381998328869
9776.547419788974,5299.885692505029,766.4138479450368,78.81110269742979
3350.852496328246,3312.9376583219773,547.2761949468832,232.89105949202877
9936.402625938186,4537.581259019685,783.6771638467499,132.6060545304306
7358.89658291468,3876.78363305864,326.23508510675214,198.93567647286702
8411.475490210178,3557.2151739105275,107.83071914921766,136.10386854068804
7229.3553221137245,6611.182067855026,531.0756281773496,84.3655250142417
3261.8229171733287,1956.8298567523552,1111.2681506208528,214.66601222887923
5195.923655541535,5160.851084637542,1290.7590255039242,200.06582556254568
5737.686799720455,6755.478205809941,745.6118535664439,95.22051257209766
1989.730051103389,4768.453080305686,1059.3425720665628,70.90498409098586
2780.4083363701698,2566.324187949909,95.01705805150905,39.861945710595734
4992.642451170409,5231.024626015386,1449.7131347325603,222.63950166735927
3234.286358261152,6861.224547871511,377.4380566156286,138.00340334955632
6806.386164625025,2452.9183496997703,757.0028246924851,241.88647212463084
1503.3489665453922,9468.715445922218,606.1936371094743,284.87827649583613
5291.703599946978,3230.8358756495536,599.175628448824,135.7231192800689
8491.378785748644,9034.481882717508,849.1198123277856,306.95575268670154
2852.344410778395,3435.311640738334,614.448946216879,25.21634486370388
2216.5859381569317,3880.5826749661865,301.3280159703278,8.172516130735257
5631.749909540825,6554.989888928913,260.50838517727607,312.87075314439494
3462.536874680158,7582.152979572337,315.5294884674657,54.3946234013888
5359.193980944314,7160.783021713485,1291.5633991815168,212.19467368375848
8108.745472470594,4519.7421709625,667.2036534066253,125.53463068728401
1889.5242978143065,3630.473407016835,197.77088254974927,77.99108847314938
2540.060571280609,9759.487553135932,1030.199170405269,186.04777741999285
8253.74368543374,2019.942413789262,1014.6804938735193,288.91491291663584
2540.4233128353226,7742.432941694402,1446.9546503117542,235.53477289833515
2049.963929534855,9673.431373258767,405.92089419885775,209.3588621580291
5923.848551916731,1322.6095182064173,1419.5836738415783,72.38276345325092
7525.855567577263,8481.456420900773,231.51281899019776,348.2299574017561
7516.779859368001,4825.879925057972,1450.245277358409,217.88940935567553
1847.0288027220622,6575.538651338325,427.94096097204323,55.908821453175115
5751.646366174591,1831.97014575204,1408.8034970836766,3.5800839193050598
2714.3465276327015,8766.744879158126,1062.2296926751924,81.69532861832988
7021.8483695337945,5794.387243485192,1252.892775560046,79.03123572099125
8988.318285127021,2420.2936884774854,666.902991371048,200.29498340117945
7061.171843606771,1987.922233825133,136.6609442501306,99.82803688740233
3759.805621062695,5913.931809759555,331.3098612586825,357.96818089358476
1661.0270623679885,1208.9491700344106,1390.3205915092544,270.0567772095585
2005.596023112795,9360.94716933636,536.3357513463951,26.354899638340864
2785.2875837659194,9097.362944657589,1187.6883088177567,5.473965611956683
4190.228178704938,7170.806605492868,189.84221692471633,234.9924833598544
8101.285252712183,5969.002363627646,684.8105747307054,45.05560242031397
7606.335011374374,6066.402076976075,527.2893059038785,106.50385159630173
4097.218358776137,4000.4675165242757,710.4798932197879,157.66118553665757
6988.4487731962,1558.4144369834648,1088.9689302429324,323.60234208860317
3201.7994318593915,2304.460221124258,1220.839486267789,32.774535574046794
3550.5213506802233,2297.7151408226737,1208.5034575604354,216.0628755184764
9454.357335994042,3109.795076624994,1049.9469052945253,253.0818643223817
3556.9456913973395,4372.073464182038,625.9912703079009,48.43980945842827
7105.280019368107,9842.85925816248,431.9835201990528,80.23600319648435
7591.06680379345,8748.66878914622,437.3264884965708,145.1424795322415
1339.5967809526733,7728.04268721522,1432.7224682518527,124.01836956773107
8173.852453069945,4639.195183935644,761.96127377438,20.158383303172915
4303.772000379866,1763.0827608246875,190.09210899955033,358.32169062151087
7542.6436639078265,4115.908004045815,873.3172542817922,286.24443687640456
7459.705729282104,4818.471859201933,1302.078133078818,335.40820706508447
2929.7527312199977,7597.071116954234,997.4215905211965,125.83448990299223
8269.056419570468,6438.106068565564,765.1609711029322,250.20515700928033
9555.279074854676,8094.686968312281,1277.8747199088143,140.42306453558157
8348.263170261225,9267.49334674846,1203.070789221464,257.53208972005643
4574.189203358597,2352.0043061321257,72.81515791396585,169.97707336008597
2381.2399499024195,7907.196196683041,583.6056268374803,10.250646120062905
4896.026775571779,2243.61960771018,776.7288943378601,11.305210382476059
1764.237632154077,2239.927707898828,549.3370399630445,85.74533953266643
7584.194160217765,1385.9432004218509,1381.6857707686331,241.90479510630968
2419.2995499681483,6271.790506268822,894.7748863011856,320.96837911376895
2315.678623591448,8116.1782822073155,1424.1000574367692,181.86687604609358
7636.414871411728,1993.7771056906918,267.2003365038424,103.2027708540045
9246.122134374604,8061.709209092584,1197.9469578227204,240.5285957340282
3874.851145223419,2290.2808284987614,363.89863150679025,70.84294453098607
5958.195269834982,5675.150255968958,54.15928781270162,34.78089193848056
3102.9015995557957,1911.9778041567513,81.43225788684367,94.91510220686438
4112.72828580659,8358.7744716228,1037.2186240970736,42.167407307002605
8054.640843072949,8930.710002584929,839.7864139330163,86.99884520921026
8234.547088044106,2731.717551472644,676.8952512177441,94.02842637826211
9546.771308559215,5782.268718536136,392.92089943465186,139.19200848381618
6392.767949380939,4522.7576167207935,867.4077058150186,57.744327454000384
5722.639316385176,7686.839166149013,991.9344846898815,109.00386751611238
9803.976243878424,1840.032192624793,700.9482489028259,36.833692055137604
3259.808127230033,6886.633297333101,1339.0782962125636,340.84760496883683
2909.068563308635,1238.5461662276819,452.79821007912267,182.94565101132363
6303.312307537283,1946.3434422403288,1491.8725196363646,329.74971432298486
4036.606340647921,3289.8567453343235,643.2978306324751,164.9618567861891
9575.773452614649,8050.445546341047,1000.3681547492962,30.51000889317363
2772.7354515949937,7395.9448095682565,1199.3412266406954,139.66361072617434
4574.082413096132,5830.866722169241,212.4562382317673,96.13324603459223
6600.458241761944,3910.5115614878155,919.0278530382335,45.6825853142319
7327.211664075375,4053.1744024562754,935.6780173373086,357.23097375339137
4080.127091616509,2130.7695250758356,691.3698815686793,206.0550052375609
5534.419234560411,1683.4170077222143,377.94320693364745,12.571806860628252
6413.78030932678,6018.765704932367,1067.8063501650647,203.39151148141912
3263.3254307208576,1580.3681074325991,511.22034923158964,2.878515709630713
4916.537068287637,8667.154038686349,39.24954330038873,46.94283886852496
4129.002785024877,5168.252479077564,496.34959394673996,33.00184498157986
8442.183596444156,6119.112886349802,1329.6580966484667,356.32103147887307
6609.955514326596,2581.835989099128,1316.244547697227,23.0096223959999
7168.886740407636,5136.886836063748,734.0511357586425,94.22091144247307
2235.150933435608,5382.962015619752,335.70939656668037,308.9064344827022
8987.37498091226,7091.780395232219,1279.052993904554,212.86037369405008
7237.021327807021,7639.894464157727,1039.4605327334568,206.21136906100512
3701.142609491857,8399.864357336646,31.15113681252779,164.63471021496878
5708.611808367748,5514.457002624045,1050.118555517762,166.90117310805604
1351.06841460561,2856.5974306405587,645.4971328011944,46.12764466256279
8623.00133014943,2800.438077077368,729.6128609638205,321.02323407344977
7218.590099705614,2858.1576015773035,591.084231006739,151.17363609547593
6947.842068764599,6329.720393905249,1163.9748915537882,240.75704795714014
3057.6763083531514,5089.479826678164,265.1486134377329,67.31688738419435
9312.311255159313,5507.203881253526,624.6106498590058,315.9187349619745
4446.094620239743,6745.413389678764,56.39526319118109,239.0564156040327
5314.656311626173,6799.768921912751,1109.422300492991,344.94984385842275
4298.13095559,2403.9288472596027,389.0205864893623,338.2443897328394
5237.160130570525,3656.7601314620633,1361.1098389967676,168.08869620792143
8135.463874687778,8383.620439760813,920.2631367601699,269.5779222618259
6898.259498053388,2826.7654205016534,1123.2588436982917,47.70612437663468
3969.8523392823963,7293.04908558039,220.15404372899818,141.6252060335516
6000.9383137117575,9030.745321346647,111.32453641280236,175.5052019893037
4343.531118914729,2380.7176959732524,972.42610231304,102.88031950810384
7943.143826582901,1478.2914718886586,383.42793672570014,53.521212141548546
4860.763816087247,9944.04069272118,1274.1574455326302,323.5074604056896
5823.802327370243,2660.254270779165,1080.0560839370755,157.80767991702376
2243.90638941635,7704.57536177446,1300.2370605119402,215.1470570869633
7934.5030388311325,5025.722068472598,1066.1364232271924,108.37170077564595
5190.684007493348,5314.79284467848,683.2767975884209,329.4749245470649
9915.728868616587,5522.654793900598,1222.428814662598,47.42451551805389
6880.688284638017,2102.351916644744,707.6214230896417,336.6422363314337
1151.8439094940254,9532.398023416126,1008.4372606226017,145.97744039653617
8047.9443390626275,2127.4429729824433,1288.6738653276063,12.241113869872462
9698.891346894437,3982.0879412211634,1152.1395394399558,235.21538770766907
3918.787365763641,6086.624960248191,112.47887170948233,290.8062719808805
1480.308581457945,6113.214535821247,911.1095755779263,309.70198845183535
6824.640794475967,2671.885663663329,1421.42227467805,181.14234944081514
3927.634901044698,2064.5476191754296,580.8559234513245,76.4113528701273
4563.588248510158,1430.0207261365274,167.36744803209268,218.80084479451034
5120.0611011801575,5926.497968896851,715.1599262968379,358.8778791182792
2503.0641924396023,5554.009468917352,598.2309131766011,231.48215720694523
6834.323846760068,5625.094791967554,545.8101451863615,125.9016836117122
5069.364952020652,5247.572277052042,719.7039533832705,358.0092906626266
3716.157171691366,3396.7316847340076,263.1015027528303,160.21396610212315
7134.2847889759405,2550.1783639765727,941.2415830387848,267.2000597994339
2290.722987943098,2911.4493731448356,404.3471368721793,66.2582194931544
2140.4684184656658,4993.466558851549,103.33704521384482,18.308831158973984
2140.7767141908844,5458.250610413661,1266.0544944661378,242.5308840304154
2363.3807430599963,8462.58708143899,327.95067509813344,12.98989479186841
5525.1088057967,3473.688155395228,1243.6150327969415,94.42080570562194
6953.144041745895,9909.391428419425,373.4762005795721,284.04572478653387
3469.5031374752193,2233.0834113103883,1466.0894990317283,338.57720862003924
6038.293105118321,5008.639592865104,994.8914246668444,310.32451175978497
6956.6250474413655,2484.612362907468,14.356986695457904,59.62150392738191
3299.632972704538,5319.659329623135,831.93383530871,223.13147934406533
6001.804190108152,4166.43772887914,1098.5225689936,196.68411377496795
3827.8819762566673,9226.217666872584,1171.0103915026039,16.94870135653301
8690.500980143574,7011.074528972088,1140.5565438329197,83.47086698694721
3832.3753259782793,7264.8100276075975,81.03252909375345,14.717458704164915
2362.7460329412206,8702.031254378402,1291.5174410098302,21.60263527205725
2086.4340741592264,9773.994860554141,450.89137487777907,218.53992723755977
6081.592153643079,4139.368246372696,179.15984448208297,154.35904914779522
7074.60976297142,3449.009178609658,430.70606943995455,144.3874466481989
4839.473938854647,4142.1367349495595,412.2602024927279,74.35947917095653
5239.809196499801,4876.914819000411,429.15016965239096,356.79461682744426
5275.165120018413,9423.620239892873,198.08490341752193,160.87721609222086
6417.18487589119,9984.075548898376,1255.3857095575668,113.983340145421
9997.614576956561,1573.1298184363295,590.7417205184506,119.64294395187112
8276.116454295945,5547.78099052044,548.4416162665692,291.59586312947255
7745.578377160013,1805.000077702812,304.55404901426766,262.51251063630326
3958.023759222437,3965.14416178239,649.0356133822928,255.36506374475707
8579.546889570316,9118.09210789134,1228.2801712964697,298.4508905313715
8747.69460921593,9790.382651684089,207.872846157638,288.62786100335666
9968.532503454455,1940.6453934595852,621.6793272822032,97.27525102651643
5107.635631603081,6549.1501983076905,1148.140292360935,131.53857239944531
7855.724175016343,7996.197233620265,722.5346836779502,121.09872986838141
5074.801176435229,6188.525763764468,521.4442894048375,266.5633170088872
8421.510796407214,1352.300507044579,960.5689182472503,292.7427828138131
4361.846342547226,3882.6367811336736,732.6270225867131,72.71371082805301
8898.480733073076,3950.938991006452,176.95444162989548,160.22562610293528
3550.071096670792,1481.986802252739,841.7239995139682,79.4395276708344
9923.987426230666,7343.516929566639,745.2275298659805,295.69252546606293
9362.581235276248,1961.798928175484,696.199761433483,264.9354570462417
3065.605108347612,5357.605426443244,1335.4280032007978,45.93750146519842
1639.274743964923,8013.467133272848,9.174275908196204,27.81547332890465
7838.840618787292,9719.281702551623,329.90764243297684,165.57394996783944
4243.671282066765,5493.921717390533,713.4718128760319,226.85465793861965
2680.9587815822456,1915.8777701648355,978.2102313644566,205.42879903255854
3843.3692603336635,5726.516464420679,167.3235489796001,351.44486207705313
8017.21710999964,9431.366101399792,368.5157332183054,257.0869760426917
2959.4608786488852,8462.318717028873,743.0067245528262,349.7574858659107
1634.5212332254937,9299.03457248703,815.415787686753,78.07329470980672
4291.242553589258,9421.820835819613,737.0607493603513,161.33372279751387
7114.426287121664,7166.965843641057,1435.293684258279,124.95589848829782
3873.8535253743307,3031.8088286014354,895.6053791246535,138.89841967566937
2398.641797943307,3693.357480751573,1489.211834720591,199.79823766025666
1484.9684827992016,8670.100551431824,1471.8709531580835,16.15524297846885
8145.941895282285,4843.831086691226,969.296279163125,106.17552856809215
6703.58863426861,5043.682466033479,833.4202429191172,219.76121457532943
3456.686322532938,8162.024740298308,749.203857596814,256.520797567557
8662.136685302543,7852.969477886915,89.3752165538272,167.27027462587344
9034.72681960386,8574.263621267346,202.66147315216332,81.70830384717338
2641.721658691351,2149.349202799432,1103.2878251055122,319.9732145313922
9710.353555018995,3471.1771270989652,528.1999418479576,130.03441831832703
4793.928276143941,3094.9365604617906,777.889531688756,106.52031064180653
8703.384271298632,1514.7009709211122,575.1769355010027,223.49178687319096
3859.775372038828,9335.395652675566,572.0435109242735,36.70491273133523
3328.7296148309124,9051.29148411431,375.54709785173367,315.57457453800674
4636.838380044013,9764.432904935555,958.4255439359908,123.47792385408272
8901.465559741195,2186.6730761202575,680.5220895294627,175.46175927091207
7754.296750801237,1711.4103184971332,711.2855437899505,340.70288192508417
2007.8299511817008,4168.105342562219,1189.0153744186202,256.125991036148
7101.254399110386,5872.684791854285,1008.7761279392954,180.04630981236815
6045.7319929143605,8998.416704947716,1249.0958820050034,274.7303417539493
7682.120341978534,2845.524717338419,33.95162065677609,226.4845685395116
4725.089745796964,6122.947595061416,183.88352868283437,163.86262517500154
6339.872024399333,7188.118905493155,613.9615748260304,68.90558028775769
2762.508592449496,7256.051731124836,1136.2583137099348,241.37172744211242
2244.9570059686375,3751.020932621841,983.4691201735831,228.64485122002034
5773.329004531145,7525.2090940199605,1089.7573334510498,228.5951748965973
4612.764706140928,9166.44321751773,349.1826618890738,207.68271862606926
8282.4773993165,7628.11196784763,327.3146093342212,211.07870443559668
7294.585617716161,4050.836590894093,588.000632150042,198.2207177582569
4676.40054523041,5622.477755905802,507.8917774509106,319.8338965551677
3493.1081969840957,1357.516329997282,1351.0551801886868,108.8046968377642
9297.491297151642,6766.125105677776,1480.2489131936925,102.94519906497997
6982.599536935859,6885.988525866587,999.2196442421196,25.855707384309486
3597.958108223707,5607.003578273544,151.35368986287932,330.3296277603811
2605.678142168601,3021.6917836247876,733.5373918144426,359.28500261287326
1504.533684073501,9815.163590572969,651.8014261401221,103.55113689831413
6524.795717121288,6405.165076555295,1276.7619296508562,279.66620267294576
8441.783752580457,8225.946161568776,1483.280654946856,257.8124038803664
2626.2101623665376,7292.9781579196615,1267.8809344135013,352.7917508422199
5737.476186599119,3148.672596094914,784.6036510943732,112.84622983983513
5214.382034414199,6422.768090883356,20.528036305357848,306.5287210911971
8193.631229222152,3032.084413071338,1417.9659998041936,210.03176890943993
2254.6295098146443,6820.953138371214,353.9138160319363,36.79528741696964
4488.380706719123,1902.7071496986346,275.747983768562,132.47425495291083
7703.117636900108,1676.132412705224,139.4355870887472,47.920261448864665
2804.8986637653943,5322.937000232486,281.8899040230785,149.30653249255872
1276.0930101250362,4792.646086541768,1149.693437864123,320.5914298893883
3103.0142088582606,4754.092705217607,1239.0412500707757,40.71445705295758
3499.0468746552247,2290.8552813301126,203.98996235837993,286.7305854391108
3251.022156437794,1596.7775852004906,234.87816335912322,220.3576954650674
2435.7933820945627,6274.272172687915,513.5462484606558,17.614336806316413
8055.095782875728,9297.387298226582,715.6001948168645,354.0523473108256
3133.178336555168,8494.162324929397,522.0846142726901,256.78079976648706
1210.2398483687657,3418.501032357243,371.1531838652926,338.88478603338166
7662.341611988653,3649.7406563840223,411.1761677737546,124.41310543633527
1823.7410850527476,9753.929935342729,1174.270074463599,145.43051720873046
6906.138384451018,9560.435515507063,276.6963125976506,239.09739715427628
8088.7707646509025,4967.013541124522,871.8752457754966,171.63886955006114
1949.6933084974164,7050.7020758331,1369.9882379847063,359.06213160917866
4888.6942927860655,7000.5350245048885,1169.743295438989,35.73631195074271
8655.713335640086,9367.194574959163,1334.351103888398,198.7658437924414
2917.2019079860574,1916.6824724096114,570.5247002701715,275.1405674895167
6809.737294278775,1164.475368522329,1489.6311728897335,182.76749827425988
9988.850175966396,6290.507872685927,130.58345459409716,301.7410371057066
5235.833048541132,1223.7757881071761,243.08750530405416,94.91537773656198
3196.8263300782332,1947.797226051248,1343.1241102247604,54.37889454272864
3765.970720683417,2165.3575016201466,39.23346699394078,19.483556017710892
2981.2412276442783,2281.9338922539346,1454.2298628865424,307.06378079312253
8496.708256455038,9533.38798909063,365.07741816536594,59.53743462082218
6748.243358537217,9049.3598433089,433.24844435737117,31.908868766344117
3678.8812779264267,4337.267943197789,973.0281200168477,51.428029886173455
2137.2408416228864,7141.668605707794,245.43342461232447,124.20753227472811
9220.907923549625,9166.352903496878,419.25878388229995,215.89581173313164
5957.233177823738,9507.161993843292,309.9477439217251,53.321315997290576
2316.5100708509367,7525.527923524585,224.0796561222091,229.45923737188198
2187.9233928471194,1379.9125272462638,847.1958453368148,134.40199023715186
3103.024513062306,7197.367977567321,298.1432991033574,231.17641905885753
3022.075458344542,5399.910609773452,1383.3236297124379,123.35604144319058
2065.554929665385,9724.393919831069,52.01666585297545,330.92618918888434
5685.341512180881,1184.41261362971,961.8009659849076,181.20274642696117
4969.011830112641,8610.433914503106,1346.995611888567,27.74152848811374
1210.7786640497238,6689.460589944144,156.11794651938737,194.75328111566594
6370.215974063888,6460.019474813342,1426.6851910211715,165.14471170255226
6466.410643046875,4990.847613907298,1229.8455736918074,248.12311150313667
3848.6870776900946,8859.571493986641,622.2835078976618,328.4515860852951
5770.487997895043,2913.3285200214614,692.1538188499106,256.4049811958272
8846.70007021329,5261.112651849396,1162.7304598945316,137.89824459990024
6937.851155199816,4164.107563828324,1048.5627186778047,333.0238344159107
5712.693982328889,5649.234246621143,89.84590429092479,62.267436019500224
2113.3832938005953,2474.4799846341475,932.2352689438994,191.54199056570124
5086.34369753022,4765.693955893,368.257869245455,296.61855315746385
2175.5803979078455,8957.77145891804,838.3519614065599,256.7109985694186
6877.05922641877,2191.2698859470365,548.0466617349698,119.45891325343213
2651.4918528668995,5351.754073548304,523.8798014749493,248.34340646190944
4765.974484407428,7698.067169661126,462.7736944191233,335.4799947793482
6937.47129211833,3332.283078941021,1219.6902956323984,31.7862410221577
8692.062793591447,8456.29652279406,346.1879683407099,101.79437731779905
4159.351180287875,9860.263798260368,1346.7140996068806,177.57981578991544
3609.781254895989,9383.720037198364,1069.735286271944,269.4121674045119
5739.4765129239395,7576.5756993444365,1320.6992388573242,338.9968628831765
9937.323824537345,2276.4789902317652,318.86815466951737,63.339565734982486
1338.51466104297,5968.457368614093,23.32459691163953,123.95799453341786
6463.01451537357,1679.7066355520674,890.9391089561645,346.33491587837335
1289.4293476962312,2635.341792318157,398.72278563978034,311.59174156975354
7771.834050314311,4716.09693200481,52.22570341617818,145.40650251201419
9968.4451669259,2690.9023550910633,316.83121802006787,70.93229441977728
5425.764163999609,6256.488750064078,816.4447644395244,68.78961208760757
3260.134417854749,1589.4396828792742,753.6234675560136,99.61457058055512
9543.917001104546,2070.886693502083,1280.2422931917229,300.94840564171034
8019.551970806725,1672.6358481877955,1376.2384563837907,160.0574027726785
2457.683359520881,2626.0104170925783,2.1690739829795693,319.18187383140094
3033.396972497095,8840.822061479626,1412.835463585939,320.9210369945527
9020.934403428444,8236.144818360883,809.6282622609136,193.86451538554854
2175.4891745978903,2549.142337758788,1254.821428836041,343.4983039938487
8610.220597555632,2647.7253988441284,103.39532814812569,158.56101027106007
4053.3700649373336,3577.0943639593756,272.9974414580323,320.9057415599862
9785.139898395912,5835.837822602182,161.09572007960284,315.0106082360846
5112.718786848821,1573.9338302267672,971.4519619717166,23.367870825201955
4482.318341509908,4881.975293760589,587.1178394555006,332.66466707739727
6870.670843290067,4000.7213740562165,1429.9518245814613,234.52248626899
7809.610819751515,4606.774240512021,653.6151201351195,222.8894086703874
8737.76557519249,8446.153233143319,1008.4823691616858,299.831637989497
9137.32856545493,5902.739025872703,92.54042248030188,165.2686862485864
9697.659812465783,1325.2652127964366,573.254532929664,66.67391284351889
4329.507050814989,4603.213253676062,41.54681464222206,297.4869201654552
6172.511002985009,1977.925514610974,287.94962540123635,50.60027338109662
9611.568443886232,5521.9400153359,661.32293166671,188.0694520802354
7809.328915560406,6564.875073531164,755.8255704140131,241.30679968466887
2081.39519192409,4314.18561045069,377.1921382270288,178.81805916285606
2339.378853925936,6988.006142814982,863.4953988887734,265.5402540028939
3571.4869273283985,6966.323292893352,902.4738099851426,53.8522286561067
6802.990473471337,1862.2752029702615,1417.2738198852876,56.10214065960367
3465.199407606315,3991.5030955349325,880.0786154659926,173.90532729343914
6903.813254643542,1903.8236781472065,1497.0885385590577,349.75476099893683
9807.807382937248,3554.205422198857,1276.6911226667194,141.37769047906704
8556.129977013796,2104.35074030543,1138.1085897082319,311.31068498836345
2396.6273123454193,1453.8755692532761,486.87598876715055,53.95347686509839
8881.591147833607,4103.995580060315,911.7624895105158,210.84494559648905
9325.878634809667,8619.019538982797,994.3412363002874,71.0513262543606
6412.195266841725,3075.2672107698536,1410.4786588977117,330.74954278355904
4786.127539713447,1582.7725616288449,1264.7037439336614,266.0875636978747
3869.0833942091003,4196.199899412558,1467.8321044424854,298.7857490572382
2211.5264102110605,3715.7327734548403,796.3998943392626,343.40415987452235
1675.1317443179485,8078.647304476795,222.99582018265568,230.505878236393
2219.730273404509,4281.572490198402,1032.0931634831522,127.28615828724449
8621.028331932826,3312.11194264614,746.6415037870256,113.73896519996052
1476.0560194558188,2594.8371448875987,618.0291114197578,170.72361236922436
1656.4100135347505,7500.279932423093,698.2058840036314,282.9760316216988
9571.433324011894,5393.37101361181,264.7922978761575,247.60959267236333
3373.7800730884555,5161.860908309193,836.5536522879614,59.799371910332994
3474.8246836602225,5849.863629375051,940.4133407926258,142.71906955677127
3976.0914664400307,6333.491958919343,1131.4472614999747,84.51806450941561
7367.00548603329,8439.466540322439,1428.4065859482935,53.07359420337846
2344.084288847809,8116.269855037297,1116.6568522309224,91.54260497080509
2629.0523055519725,5975.855307697889,1217.486273156807,136.86920505677523
9114.8607424926,2715.9194586373746,385.92630009484265,52.380561433566406
9778.629810627483,8915.057117280343,1092.5047793141703,50.30577784893627
8314.076425222414,8441.622065366533,736.9963817397946,356.04720520839686
8425.859447471186,8344.832290930422,749.8685280508624,289.86010759524413
8145.538743342625,8425.555797294259,1214.5186999527004,59.051675074839906
8763.42874711069,3946.024085250666,1189.893213390407,91.68516888130851
9432.541996424983,9107.834270903066,973.0387129829404,9.437013296437096
3295.5712454511236,9273.479218124132,1467.68965810861,252.07218483649973
2457.742615137533,5908.794220382481,827.3015581662702,70.3296548929463
9308.284133018173,6925.155183126295,550.9081390227306,115.61000432141114
5312.909815182191,6918.594230744567,911.0379043934906,74.20051040896149
1148.2704847370057,4059.730851638076,1300.8382779160445,94.41319439571832
8951.654109152136,3247.190414561664,114.36400980200511,123.33483469298524
9382.478192147239,5445.92973859106,365.696528409745,163.99291666110926
4683.433861169503,7236.524999581337,372.1990309221471,317.02041433600573
5213.803979539373,7020.719521508187,1156.9193221390033,348.9225326635743
6403.671582532495,7646.122214256873,8.163218056414479,20.085067966708795
2561.5890768649006,8237.69066857195,1460.1714496799925,333.49535702500054
7493.681171721548,2767.3849480367803,3.80528902297381,37.348261963847904
2270.104661291532,9978.46504652141,928.8538180729812,117.78607178320999
6621.588914657414,3940.0876710162843,207.6182680041163,230.77708124843346
8937.088557129342,1827.8522259052684,1378.0004582291156,56.99303904493811
7008.664683070346,3841.1100779682206,1198.2896556286773,256.44352443161404
3780.849477115876,6997.108039832566,467.70387385769493,190.25186788870388
3967.6163520091573,6707.891369402162,971.6656549728784,24.24693245711142
2073.4758549901076,8538.37595510482,731.9864663708797,28.955603281599863
5865.895617540903,2050.9623718419884,1388.1981197988414,334.8598215931097
1519.9187573962597,4818.393715342468,324.14172219553745,319.04831252385463
6455.6374388376125,1586.3599690593605,63.35987195309302,263.532563000371
9056.433751675417,3296.987742938635,798.8443091784943,228.0603148049059
4321.62904506371,8113.291465457005,616.1782065810737,201.30090132922547
4659.447904745533,5174.447608649147,261.51063074099363,340.2087978933648
7140.333167515962,4821.3527469396,1354.2923002937086,102.44299145763732
1781.719601911742,5032.625577625369,1431.9118524839664,191.90906719548772
3283.283146329802,3534.991476362913,790.9066976267464,135.64340048791402
8923.701089078557,6758.554460165511,273.5643359830763,259.0159804059931
8500.114603657657,6660.09500603293,392.5446821745429,295.78921040107
8516.142797632672,4123.016693364792,958.9279401891805,32.10251273955354
7617.344529398087,6641.623487616055,1190.0616297584263,112.13152566884975
3323.933449240659,3710.1181582023223,1061.732157027454,206.84219168874372
3897.9208680936276,7639.457684545956,1404.595768834292,157.93148095639725
7093.0352120345815,2635.501800099856,1083.060394584478,73.80210718403575
6972.2688274549455,5614.971124153647,1280.4649186175254,224.23245813122813
7611.797607948061,1785.1540301925547,86.05512861276,256.9472137619323
1162.304147003577,9914.965151780014,1249.1518783729248,212.64845721067704
3462.7379069031854,4194.826128192143,337.60416508630937,117.15962367909897
7702.636702349642,6355.545255039537,250.7746993804547,143.4081480327913
9295.307805581731,3216.857539017253,400.6058197276163,202.29066966620962
3017.481690261933,3410.986880937993,747.9367173975493,229.14087021109893
8268.440978227267,3914.097016388904,1277.199328050689,318.356749669592
8455.879215516572,1516.8581256564512,1419.077387743256,142.30938745128995
1524.0170659686542,5711.85598594376,1063.952222123631,235.61077710416552
8990.680180054776,1167.989031503028,11.413417741875936,128.83892342529322
8723.98736382469,9184.854962950463,100.54464716125302,192.45222287255663
6290.915249546981,2755.890487367281,303.5062324946961,308.2427637270944
4977.478742586666,8473.86675325744,963.8937154264252,342.93139968161944
7200.530468127438,1591.9441686853643,544.2852951696103,293.44324220702066
3174.243091232093,9652.808942384254,1047.2297491413271,84.3790094111908
9098.774834254888,7570.982258066661,1072.493874756949,318.9228084373791
2447.0835700409507,8121.609490014296,107.98539743484577,28.549653617151904
7355.0602698084995,3263.8790260434,913.2362513780115,310.4685815471738
6719.065291736166,8994.1128716391,133.2858660405847,155.00085673774538
8381.077544761698,5138.170628043816,236.53036478116755,90.99098291847983
7434.790908992301,9437.314258518882,917.1734800281109,283.97220640092104
5126.80431473686,4302.108014422269,569.6269632961674,247.3419343332482
9911.085817165533,9862.508274663678,218.76014934723185,90.7928429662293
1289.2720716497722,9974.213355064432,17.339093669907005,225.84575154653456
4673.375572286763,5288.393678908082,927.2037130920443,249.63198980632646
4839.047587740122,7425.739950599181,350.12255547216176,169.36636856665282
5186.083501784806,6920.152549179959,755.5062121621762,238.2209695624795
5063.0427692053845,2931.235307571392,1251.7058162165185,89.39866317185383
8013.598962576615,9639.568706021857,1260.378125674083,353.85906811192655
8084.209404290116,8170.130623374631,881.0812157081309,254.95153436906807
9154.116912183063,2392.7663064742774,987.1687161125653,93.30609015182375
3315.8372208123383,2937.7610808060717,1205.40781297183,264.2522696639792
9309.972472243939,4391.027081497892,254.3222625914865,205.3750938618024
2475.039561147012,5874.1140334810725,50.6288351138981,251.05371785929648
1889.7220047115024,4791.050896069981,1007.3341913300561,103.65603289276991
6221.9788192148,6566.227698813641,224.28799930317896,26.50599632171548
9252.678448009206,5819.729870323326,1447.2904116982002,90.6588649065006
1848.0823603785198,5590.87018090468,387.0064375785099,193.72404177395626
9605.648230613398,3211.2115600803268,1110.738618872108,76.3244078249884
1297.8699815858577,6892.145463028402,140.6077057627026,39.89701018643018
3772.441201260133,4601.698433467978,1441.9573559006935,64.97927884014608
2978.174018813005,7432.720255698635,1278.1956444623845,164.50106973983995
4395.2450737024865,6255.847104257976,286.69908381788326,255.9856739851631
1673.9262818152897,6682.296143469889,635.368751873075,243.41932248823207
8500.944240116187,4710.957549330469,640.3038832664872,358.5739186271467
6175.2202391392975,1924.6156436211647,612.8629932445201,259.9621147978119
3256.480681536729,6404.723226880683,1034.4287580185187,118.53547361309639
3857.261710998221,6733.099544235086,169.01383981121205,297.5541977720189
5405.731512717896,7173.46729380816,1222.9814800328977,153.27912506333416
9467.092686760538,3290.2539959492606,676.4027289925644,197.34713341733055
9335.081434771728,4137.918141339363,371.0197089721016,326.77881881321395
5253.16566554651,9179.793191874252,1332.8804195058076,326.31568915897543
2419.375642239679,5653.581336269243,67.74969787157346,133.91361328312027
4389.410090790528,2810.863835277186,721.009489479718,183.97744522738444
7219.817457211504,1831.853813799868,326.85292016602654,270.24779735407583
3207.429154916558,4739.090169710684,1201.1893068878019,42.10559649574969
8086.117950797921,4304.60265792176,468.3420291857037,341.3189413599167
7538.969066570425,4374.240626067567,152.6009303825824,315.21918705936315
3195.003982413258,9907.738455227138,562.3909956966326,219.19841889375115
4471.672546476013,8786.878520057677,731.7315371495033,140.603296432898
4092.111639541031,1438.8032093618626,726.3030063180084,166.04079652946447
7025.858183958156,1377.9233795036682,452.1332421500035,211.7184878648981
8366.094036489729,8650.266722728953,1274.525545008186,163.1144672728062
4477.79135327384,8986.310356725164,672.1149888879299,213.9821984300881
1247.1003035814251,1397.2179108131681,1429.5427603161695,334.2233323838709
4482.953090887477,1661.4383891053408,471.04823466598936,167.32899430643417
8697.47513992294,8101.690593603997,1439.1819482159185,331.8442374385724
8659.79028176501,3202.384152222248,980.1098855009002,286.88246030895726
9203.660297405622,5418.8414314574875,668.2248683148093,31.564443224329846
7539.6510413760225,5659.305092268465,326.4995638703379,332.8694717491019
2172.54516531676,4705.993110954055,1284.3104683365696,212.37936660338582
8013.181199472418,7350.605597305023,1070.263226916875,113.15609254478302
1367.7989467947395,5963.826149020284,974.7398360158293,321.38407296264097
1116.5155789119358,6606.0928546036885,481.48001213811455,221.1573972129417
3692.3515937677666,5433.544610457325,1319.2974319511382,223.5823332709277
7156.830061801979,5394.768847912681,1044.495104877899,204.2413246471252
6711.826611894463,9507.388587623918,1147.3520335755422,219.97625169188396
3484.1550954493728,2666.6686441264965,1400.7736734937846,114.9878710588327
6380.276115691979,3518.163382136421,499.8795017214428,60.79757319099963
4057.169071173364,9109.26534477416,1230.3865706393483,353.76023095346204
2871.748788685365,8853.729385549035,600.7255682194865,302.2481013893845
1435.9919654857722,8015.99208954491,139.53004753101027,189.3766542815826
2419.94454158615,6939.2265269085065,1114.599263494507,296.5465436995063
2534.6731288131323,5102.1578854549625,637.9742423844515,357.8957581709725
6922.264057316554,4774.41610513782,503.86868028661536,236.43531751967672
2675.055620522189,2218.1035609671308,1025.3792118816982,252.87378485370283
2910.1782786187223,9140.886314977055,433.9404651908567,152.07268382863242
9141.947212738798,7150.206707518686,691.1279530949217,14.521926958243935
5130.485954586691,6060.8836654575825,591.6457804328425,245.7529440856047
3508.342513454507,7755.295728144161,461.9415399067847,62.067476944144566
3433.4793647207844,2889.148453867552,1356.7280211791667,168.09379077535183
5435.568412332066,5909.90927915486,794.799193568083,85.22712871784472
2834.093956882314,3755.6677070814676,647.5203940179877,297.51030670094974
7158.983366502005,1479.2456381735558,1323.4845655604151,10.4496995245016
3513.8918449644025,9345.653020572221,211.70371389476696,290.9052984331774
7089.246588212551,4778.308982746412,930.9260427585033,287.9076543010325
6740.207100386179,8340.835166955887,559.9475549076878,274.112884839964
2820.5034546886036,5414.160475426616,1277.729085163011,321.46841856285874
8901.082821312171,6756.755431183213,794.9320999371689,132.14315278795377
1801.6532161351256,7584.113424703366,372.20131911482974,116.06524309151443
5016.9906030375,5863.34548123177,725.5437914368349,84.05511358342315
5938.9898750938,4419.27198326671,10.501187381881657,332.5174819765224
1362.1155975678123,3794.0106287463486,777.8132050277444,179.47019561385417
9129.701045162157,4543.901720373549,247.64856634715542,156.76202178335708
3738.899205553479,5542.409071752137,1238.1200597975994,329.9367110652607
8017.162372732465,9458.912849165275,1388.6690892157328,223.73904817111574
6182.107668410689,8999.255556335258,324.0104779889624,32.437847927795744
3754.211213534247,2319.7105662205754,958.77374910114,245.3181157344108
4662.398700569715,8681.66626964624,507.13114495927874,239.56020104097996
5623.976509905689,3636.9215052125815,1254.817501920552,288.88362980871665
2660.9523173755015,7081.208133029813,322.9822277753999,147.21596630249763
6226.157145387848,6472.735402491916,1350.8421145975606,32.48687200735837
4077.047811408875,3863.0278127959577,1295.7168833873152,331.06432305220375
5226.794275562408,4676.183353763978,624.915897951124,25.310448307316094
6199.955887175621,5628.824286823242,450.0108981639437,105.42663350760478
5925.1961798272505,2093.163338659214,899.8212532673176,92.47639124463447
4438.688108799427,4198.283030726418,1473.4067146855934,189.72833021360643
4435.252024915586,6302.961497473488,465.68380864513017,57.075663122951646
7273.209661156815,8214.854848857758,466.8118895468808,357.60067382583594
7247.897718152111,2207.256685445045,1341.6895936056774,310.4912400738134
7730.703696836879,8280.864406872004,606.1514799936791,177.58746698928286
1457.9075542750638,6942.185273203519,1302.7164809774215,21.74092275163917
5857.732388435306,8237.195968626065,200.09985492780223,299.879694680979
9183.793775012142,5894.384868886385,1184.2246478397067,267.5310633788086
1837.1281190644568,4006.0240507165836,315.9975762411497,17.035431052932395
9838.242572043468,9332.041617588953,1002.363147685006,14.79247526922124
2183.747730279423,5807.975931940785,759.2977445317657,243.0859296211519
4006.4571941812465,5846.75428080671,885.5865614872223,154.33302824512782
3605.411963088055,7713.566334327128,683.4727471096809,294.26251646860374
7265.657086556044,9063.5287401975,1195.0739763563322,239.84069046579776
7270.923038688471,4247.763769154947,176.74479959418014,327.4030987233402
7074.955795508721,7565.803965260146,182.25725860193654,24.87927747121636
8647.300736802368,5712.601630570097,1241.353736640992,249.88219335985704
5518.5181258693565,8370.437757849533,645.3970001173155,56.05184078339106
8932.499064150226,6042.000761046743,590.6623444709702,52.37412579793302
2365.8332481991015,1337.6087897179511,879.4295653338245,222.0583469191863
5215.908701109088,9363.491651404804,597.5129553709985,127.3335055841609
6716.110967606478,7067.489934383161,26.411188595273803,9.855418679487352
9141.654346763213,5932.415229272083,44.31544971250526,289.3126765905727
7821.177195913509,6451.995733180033,797.7145100038222,183.3921532916445
4996.403712524685,6531.530237529247,1481.0148628326294,316.0397780857735
9233.298182640694,3063.7618750574384,1141.9921334572687,314.332910383413
1798.9428330646417,7251.993487507639,7.886840814286288,191.20948931613495
5554.826715568546,1598.2767519922998,1365.7671809881267,13.413679018262258
6682.796076163097,7217.334801342418,281.32287183112436,61.52936981342208
2389.503708457628,7905.400092180217,1140.0113645136794,346.4526764424426
4738.943022724963,2149.220433459137,1251.5925956127003,210.5562848655715
8884.026735659047,3744.572456860545,1079.0987156164624,72.9555575035032
2980.975504956552,1531.135582695656,888.7065555289402,6.836331381668085
2364.5453173462697,1512.3349640276174,1187.6104206813377,255.72013675794835
4302.100512775393,9669.830810643665,913.1566450502884,279.69162398306753
4722.5603253618065,1798.2970694020526,1320.4367308605113,201.9311964473159
5405.780715378274,1727.8276857159974,1416.7178107706898,280.2530724434279
4606.305212830518,6925.6164635359155,1435.9735994385808,90.49722911205454
3788.7768250142567,3260.3334631256107,732.4475251055205,99.01416661587966
1514.9910741274334,7768.172200301687,255.21528056485883,186.7248444812179
3018.9170790732196,3598.2217257464313,1314.5442011819812,343.67660900022213
3107.8963323478038,5465.605206047602,345.74124595260884,10.849087988872071
5939.331034440457,7893.039204725483,1047.5469693465566,233.09078639851208
6675.069587140464,3399.754723493263,1299.7760005346884,287.3046457584319
2144.6297447440925,4819.297126480241,74.4421081581061,284.8200019368933
5722.413049939519,1223.0373793904,208.32875087309455,338.5706304932047
8688.732257975196,6825.243474791139,133.0353091300939,291.60281141222777
5226.699635822681,7411.131544831555,890.4249061158439,168.62037963352455
9576.109320602935,3175.8857757172213,609.2097973127957,25.881394103351187
6955.466016516453,5648.260670245474,90.16306270087236,58.71453511745474
3635.9045000839706,7009.642637809451,305.7192103027376,311.11579433782373
3077.8019483230605,9857.760035132456,890.283341573125,154.09754590944897
9684.815909580306,4725.643226988266,424.6054086940477,293.88472033517127
3296.82469903825,5302.890427865131,1283.5710221257823,131.9561940339276
9380.017880220395,7416.154346690372,1352.0728809340142,203.5130408956856
4398.269715002834,9717.286636073444,338.1433575973295,120.46448698768664
5521.347339895749,1108.847673430172,806.1489353876744,254.9079109439422
8393.001695500028,1166.9681134710831,1294.569980993467,25.775251076651365
9310.903877043273,6745.714738588157,659.2904229547557,297.1792114407925
3710.958520534079,3450.5156139575006,408.41325688165125,209.95390155151378
6818.6131639195555,4608.441433392518,1094.7233143455148,313.0914184753124
2150.4223048150407,3884.5187180420044,782.8927836849243,242.07050116744736
7686.2665562991415,1691.2933080402545,371.7555383476998,233.53543535374135
1620.6983657026585,6554.3604811360465,1260.9276509300037,174.86972505009004
8944.69042377047,9032.92155776099,687.3187601821948,12.331899300650347
9208.573586752012,8084.590067751545,148.8761565226356,211.31395226283107
5725.848387023635,2737.3577267178507,1297.3189046940897,32.53695915771968
6440.8842369881995,5792.719974085453,1378.1786292451889,168.39780766401316
8666.435185418268,5370.193840442259,511.35471453132305,54.25850560119996
8075.136846603095,6645.088333829482,1238.1009165411024,64.92137702446794
5669.538402600861,6369.847055284864,864.1312225085352,38.35308541386182
3164.082353574196,9589.635949389647,711.6474973257267,334.43766688124435
5854.3384581572245,5781.6710969181295,1441.3223112667683,230.2251693381968
6396.944282120534,7193.502347832101,1266.3239779601367,30.76374561183958
9007.902881634607,1479.8283547406659,1432.96796920373,352.4562650197617
3309.924907383173,6873.288035909457,468.6910728390881,209.8050596519174
4434.457215531595,6691.908737713268,864.2094713170424,189.29825389792146
1966.8836362414443,8533.80002037889,362.66587500958394,35.30550323345909
7124.456498510723,4832.810096167148,433.09224207171513,116.31631093002704
6585.421390904686,4204.6745222337395,346.4391331007307,88.90006380852778
6943.942470071552,3378.209051025073,125.32183978941028,162.5645801380758
9544.850691398533,4911.15067665879,797.2895711229722,324.55946470684734
4155.148990695414,8620.551518693257,796.5870708946045,323.27801593032075
2889.224562315125,5894.906049501509,27.469577969435097,325.60050359133294
3603.0284824788596,7098.720542412065,370.03586991537554,229.85700062459904
5411.409742995251,7430.124259894241,1317.3371325455723,292.13807083382716
6538.025037924307,7420.719464014417,713.3956819073977,8.703540125411456
6846.303423833759,1280.193259439914,487.67441542938997,315.0341933004451
8018.071798838643,7551.243447757706,525.724403722649,227.8438379798123
2326.6616681914693,8542.09053241117,1089.731242513958,260.1724571124976
5006.744091786994,8206.8736963997,994.6552040486687,280.6691590202871
6361.871043317476,5453.170565501543,697.0599403589355,130.24385168466554
2499.1785363863305,9104.144458142026,591.7690042914719,134.19326577130667
9375.749005532638,9094.113635452995,1.8134962165271968,182.2483160984446
5603.406059175393,5897.867015525049,465.8147101623292,267.98307816190027
5157.85276440476,6738.347628194303,144.58553375775185,348.9343205298772
1875.1412136442682,3748.9094747164463,547.2123689025674,9.221362043514594
8878.899927732204,7231.1247837629835,928.6283538971645,62.52197086991631
2719.6802730385375,6798.983989401751,499.6184033045474,327.1133321435657
7911.126831610794,4346.067200000212,45.340084531989426,110.88367817422943
7705.149934350967,7372.681130651341,128.2862923189871,49.60028619952713
5554.185416722191,5952.096243895416,651.1535599786434,225.02168292322986
2342.8626995575933,4943.917051915798,616.0893719746804,332.9296699989422
6742.722454999013,7185.141238577731,226.68927441123404,136.5566464314
3240.302713718626,1567.8070280343368,1279.7222080829938,255.00829449551253
4176.320384837528,3586.032285996198,1151.7729042602639,122.28618295857656
6467.864671133046,5227.952732998244,652.4845863080905,210.30692590673445
4344.347986353494,5188.910824935599,1463.7696347425904,172.9614621542971
4963.92937344683,7992.451981744825,1302.2624793763807,289.6361625919741
7748.889026507131,5888.978539314709,1023.034339514845,174.16235271227237
6002.3996119503445,8038.268597690074,1354.0912534470192,114.7070821498417
3073.439316010002,3674.668083708996,665.1944623836596,254.61980496481928
9021.638723531645,4297.861346399417,280.6107481546482,315.0834212697943
4718.266252349167,4661.714408308468,1478.820071578619,191.50671935779042
8974.350062900558,5134.654975805639,130.26240982518422,75.63754690086746
6103.386453371159,6019.70557570699,221.14307497252602,135.53278661409632
3130.523772547098,1242.6860736556819,468.46259140771025,247.9481656019154
4579.409615937105,1146.9993114790188,259.3021133247681,264.5062406779577
5462.408577543073,8123.970999463739,1227.325493379656,107.68257102651317
5444.540518987519,5965.920833273552,285.9658710351344,78.74910982063103
1310.706074144909,1356.6228585023773,658.5672813046947,270.32497529960256
8038.550343844522,8212.259205851387,395.6955899961675,291.5611621110641
6692.13034536321,5789.504288077322,99.36065388323476,101.34503703857737
8944.494399276095,5889.254192242042,542.3845467363896,353.20055381837665
7449.264224034457,7536.072976040612,1329.894507922641,284.1796934199483
3105.7291514973676,4406.641152197724,1156.27299816298,333.8960169800587
7962.004504859247,6873.465289492674,1494.6640234388374,222.0859009761725
7534.449631322717,7159.780359167179,1478.592150414662,309.2700429201217
5331.262125405139,7020.231247640955,89.43133965790382,63.46929393342147
9574.72882204648,2448.078712441014,635.4826969352102,335.1946380862132
9401.456399095234,9142.208917585092,558.7283297469763,203.51137527717154
3267.491318125153,1758.9367904115452,76.41806629258629,211.48690512534512
7212.453094343393,3813.025372083773,550.1098396908902,359.23065029907895
6420.895529357722,6944.670079772305,858.5062844998336,130.04178720429383
8222.649621970817,6561.550029708887,1151.548806766402,28.84742945545782
9731.385678048191,8343.999708915126,759.5728556499452,240.8041271563601
7707.165781692421,8209.430357573521,514.8779453903479,313.21098854489344
5101.53139044227,7928.240633780094,1224.8320565908978,178.98179891857222
5483.406005982356,4292.422930366157,316.50180199178175,187.49082106236423
3256.240089618038,2533.8199845871495,432.0201444252151,187.885415568914
4381.199948672642,4950.908970843557,775.200818733686,192.8933339198303
2403.4115598894223,4429.234887550574,1063.5973111959117,160.269885712711
8887.711667442196,9399.517073240397,1121.6525185235346,288.7666202600812
8956.052042075657,3037.269017217147,1024.6653988372573,274.4791342724978
6638.159587395633,4154.446748892555,303.2340745329327,218.1364279954861
4737.47696669597,3118.505957490146,947.8728787062331,29.973186598702068
8049.1869954774575,4735.000512910426,267.6125104023853,351.05979130330445
8315.037110700177,8544.11312373017,529.6671187118244,106.91687134070118
7621.389148409104,2094.0118472526783,1214.6100252338142,156.3054442193924
9515.993079981772,3189.0076699765864,243.23278334073848,43.043155436894104
8440.961382713518,7166.293275602207,85.74923898286356,228.07040364986452
7139.342393220394,6717.177593831535,1332.3497994131822,271.7801467765419
1541.1532297706485,6660.415550769007,1289.5286631685076,9.931649693538432
3702.4025263295052,1101.6125210879384,1148.4069878686416,16.718548526142133
4035.7502797161615,9606.883275761506,425.47046795615233,210.73886742379145
9616.59834377099,3460.2231598160142,385.3214482846475,97.29603462851539
1586.311881542584,7465.647198775292,1213.800538547808,222.09995529242133
9819.279784808397,9959.665168508187,875.8570438936862,192.71560784035742
2412.2667462200843,6221.255767372055,89.07130473956522,157.69762174888245
6604.954155562356,4880.820084903595,544.8344081123073,304.04347337067577
4024.2742206703,6325.65281981084,1153.4561498535984,141.7491636385756
9295.603916694383,5959.868756768463,286.35612824983554,250.10959165670567
1102.1730056432134,1668.5591975206298,1200.6238476582691,144.35177528313
7078.15182229358,5446.380377564366,838.3929141915844,66.91955600008623
5100.141063331799,6774.843999228583,405.6429175201002,207.73830674785304
3860.456566099904,5206.8207919134065,286.35706533826095,233.23386448700143
2661.421969133323,3591.7669735766717,1395.0556210851676,217.8416870469208
6414.288793264916,7509.104307621581,983.3981872830713,153.30696104986959
8154.390267716104,8626.486979790428,1329.6342899632393,333.09805399679726
8386.976491720729,7479.5690275028255,1004.1130694046866,254.78133513060988
8507.027999060869,4615.615176624718,1153.0057448058897,139.94271694137657
2299.7671748168973,6911.817277254094,1163.6135052987465,198.87466212244598
6824.853734120232,1963.2335175287055,520.6576451230658,189.10698844235802
3438.2692227941193,7415.502653798602,1155.6148304293408,26.058080023441295
1284.3757576598998,2126.9183022634897,267.9923760018482,72.82315605352896
8672.561985295531,1911.6186434815545,294.95227304490726,38.269945011310966
5609.656453822519,8473.172515501701,752.0369406506784,129.10748150614756
6999.297352665244,4582.098200024604,67.32376560048598,342.7385673925993
2719.739644755729,4854.23986387743,995.1023463996554,358.9605540926309
7031.990760216368,5007.215308495761,643.7427404515679,209.75784505061785
3633.0793137544465,3770.34554158759,451.456491423053,240.94110939153055
3244.087786292305,1725.9535419943772,204.4514845674673,318.3157648779005
2702.284788354502,9691.721723049148,1469.1193517053723,253.98791180437948
2519.203078000804,7125.954603016467,369.7385680218011,191.33439268756345
3506.88362978513,3846.068921200418,493.17290112185805,23.542935581183094
8382.557721271452,1842.5531016628777,525.2201056964227,285.67878003928683
8899.507096224595,6213.385600064202,488.4446819810035,114.70233285281549
3711.8950035095854,7390.824930262045,446.947902752624,206.5803404940148
8199.950772150432,3487.3628028449066,883.9832796255132,50.82275754603887
8025.080483028896,2528.953069613214,1101.424056444074,146.9927538516238
7442.411933410391,6642.4013932778025,754.2272579445442,266.71178091889374
9331.738200876203,2955.515294195334,1044.183434028945,286.75205570662797
6948.031235223088,3276.2792968925046,1437.0866085691148,238.89261932610046
8995.028492922043,3563.5670443995473,569.2820331926285,20.941593867816938
3690.6880151953815,5259.388338519561,171.74825572028465,56.89785649689892
3209.7457039803758,6174.223771136773,1431.7413463496143,92.17392622508765
7670.64399540915,3077.138997146121,1403.037551993662,26.136747386364963
3692.0228788332265,7903.692847093212,1387.000516833724,41.873039924169156
8763.336596336354,1545.7773074096406,1107.338286663266,217.3353911709581
7068.329310453707,3809.8546406959986,1055.822290559195,345.608628466837
4246.341158480191,4848.447056365463,1328.664857253292,197.32233505504868
7996.920302202468,4755.085499292776,333.96455112068287,248.8807851196468
6910.261280813547,4919.299827583486,1046.9997486678146,293.9680116328261
5345.0065806105695,2375.0306113592505,1368.920584058541,23.181525324965154
9434.337563374267,1608.5631119110246,318.95506750927717,226.03215666637539
2436.843896016106,4310.272844587156,214.48884397927506,77.36939593335345
8661.055080361884,9215.55400199908,294.17332854421625,142.1449862589692
7979.163180258716,9859.56247653367,240.25655398477028,158.60549937783813
3859.20830183406,9884.99942168278,1056.0911129597453,53.38012941846228
4196.673761289281,3920.324092155702,27.596914673013302,312.5685170482298
2979.9516715874065,7816.9211876144645,735.4939153720592,282.6352873319614
3805.9633063952315,5903.9320663253975,1259.6680090720638,150.66863347779892
3677.422751398947,3342.8049878526813,1385.41624419196,175.44434078201212
5748.779070453213,7157.0868944585145,516.7449127804225,132.23498868787718
6003.444920438834,6113.780805989827,1269.2217525305155,50.11753695915636
8072.380387771548,9025.449483101034,1301.0754058375417,288.4091555696527
7688.514964216399,6041.169669037562,1405.8086476409344,354.3722049387289
5342.299029262688,7112.433251319016,426.592098659535,324.472121829735
3609.0282830128394,5707.966408647591,1100.899265625856,82.62163395010109
7445.063740457838,5903.099515305216,643.351421058285,252.2812309581962
5679.119484224044,5727.823942408525,786.3406941013221,317.0052521942659
8214.44864736352,1298.6872257813816,162.75798653810278,277.86394457407596
7563.182989136898,1814.327575833841,544.1948363046187,224.83405682974276
7612.552962069152,1303.769736677695,1257.3665736457972,112.72211554872038
6852.745973156976,6662.076871519476,701.8212155227985,88.20881370969771
3535.0640447250516,8800.954160311583,267.24631664174774,330.28116780693193
3841.409568239989,7595.746269022233,30.88811001633066,169.96035595414156
4338.006381215101,3363.2475291445567,210.76396984068126,352.45076460969545
2478.4919909119226,2119.0356223310996,890.2556819341052,218.70701189721376
4017.6907598793873,1705.9815793535213,1465.7974815048094,266.8633429720243
1757.7773232639145,4207.930424431462,1420.4800873463696,326.4299520590432
3702.3792210394886,9794.02477579522,260.4205699636433,86.99551663468729
7086.823018297606,4872.134275903361,722.5845401313088,151.50881600554098
5835.269093600059,6446.384684179785,1494.5959517672395,151.2823646028245
7871.2195962802925,4767.640923276082,603.9259668069999,133.6546204516379
9270.786397885835,1611.1343521790745,1334.2246278754292,176.9862942720663
1481.836201589996,3521.6684762891864,1088.8815822936479,94.5229643397592
6727.611456877888,6002.534724639646,972.1527650493656,305.8366364014096
6480.60581653849,5223.044755257018,767.1254603277821,63.7824330847171
4906.90152031958,6658.535953057164,1486.5730408818627,33.148237710075065
1304.0548680296374,8155.381365533228,924.6429658559075,274.5992978996906
7697.171210786591,2443.1013164095825,490.31672103978184,150.7202262564622
9364.822504321464,9056.113260315778,544.1091163553255,158.59112144010385
7843.627054133944,7812.821826744316,296.2765516331065,79.23046965775892
5623.551638754171,7755.331849592481,1493.7764201005339,314.8335511860385
3042.2254094528125,8426.283839559848,783.6668092045811,355.69486921934214
2345.043303913269,7819.15722775634,898.5600230614127,284.043132707114
7245.389972781286,3772.3127235304123,679.3545355430895,72.4104297173923
7509.937599480058,9108.521237855788,619.8446485266068,354.0112157688767
1941.0327223685497,9364.56288042966,1289.579308942218,310.0391561193906
5031.494729032157,1446.07551090943,409.7381289043661,15.856389000618677
8238.128521266794,3208.9273702785695,517.4461007581194,358.73313374815
1529.8173943922786,8567.282805329653,577.1072381939987,157.00694938248643
8366.055609045205,2224.2342190892005,242.95352576642352,85.4736649035557
4741.928947159036,7346.221539172282,1461.5136550066845,284.3151175832159
3220.1514360094943,5793.853160083241,1101.1406628724742,98.16363379203015
2373.3821978251553,1317.3073272114602,1319.971402333282,152.7132273478919
1927.831575902822,7564.730556936901,1128.4018140752462,149.48745942133615
5757.190731314859,6062.788563643678,1185.5340811507642,320.3158904132612
9053.904066589104,6354.294130310644,305.7001042574924,124.22365284901711
9984.889254264082,4571.636681387417,407.1110468510712,241.70438581393452
9394.883701411249,9766.307856529571,1213.444609136789,42.75598682535451
3880.188134056086,4612.071280850745,1484.8900517330362,238.6749322705964
2548.3135402997277,2260.655971193759,324.51000250360113,177.84789324665184
2248.7200806544724,9266.194219864059,1278.5415734821834,196.9152334007069
5291.094541874213,9457.720112488474,416.23167753340937,343.032657398278
4837.71732051889,1100.0224494598472,1314.2211584964043,41.31279806688014
5485.571358903771,2116.4240410030066,602.9233185250233,283.9682600673115
3049.410519131473,9085.472258797254,1317.3999130911782,68.78168658505002
8680.527312932665,9306.693650682144,1324.2617956293734,356.81208378742707
2850.684213891831,8186.0520104643365,1481.4776568963123,273.84665174603185
5876.211924595637,6747.993235565659,762.5859509441608,192.4529264688474
5813.130561978063,3183.033864042722,1270.0808409924236,51.358187903754306
1785.7609519011887,8534.808011219091,1371.103348364594,131.52376614459214
1994.8197531542046,2274.278051636774,1328.0687762743132,302.74602882971516
4337.402408493706,8866.267711339788,510.8611822392651,24.934014222531275
3064.9286798691246,1698.4901974382256,54.23005398361584,321.6120055999207
9967.344569642099,2865.4248261716343,1033.3814814854322,174.63775865289537
8699.817053522249,2319.9114827055246,917.6751048571325,188.82478875863845
9301.619342771704,3598.8652742693575,148.73126490936173,216.73717547995034
6445.747122035553,3141.1687299677606,630.1616815054675,24.86656600708859
9564.479353191928,3562.726894433896,1485.4031993132794,251.33940674806638
2721.1513611205264,5596.44854979898,6.07466514214795,187.99563745501695
1702.808259600996,7650.257936719261,231.94972912605414,198.66566875019402
7597.93843133363,7801.3480456505295,348.5783458180335,207.99969137714288
6514.785151902544,1931.7739946372026,567.2913955310337,265.6311630781337
5733.566543034571,4840.444404185559,1317.723458851319,210.17037802196396
1885.6559162368555,3165.9686882275114,783.7675568984438,158.90384554238204
5057.599522807734,3002.51513815373,237.5093304201776,215.63255021799418
9178.689796907776,2106.1095077989457,997.8483457483271,83.78824185700346
8726.40535631116,6909.528915397905,68.36456877462479,51.66369602031384
1785.8354556692793,5883.584370466912,126.68360342637592,201.42689005213404
3140.3132712596807,5364.8302393227905,1241.0184620383568,96.34607755637197
6685.051097147384,9995.269506218568,496.6348870987933,270.46895318965005
2116.8654375930582,1699.1926725211447,569.1622765766122,14.641818207984482
9595.360035997528,4534.573678540374,1292.787057988496,110.64965255655251
6937.335919187523,9080.974588936619,388.6260234978235,269.63873625607107
2099.409989352156,5801.601267216431,140.57115586296598,244.2935263595672
2665.5333242702586,5382.795539789617,1037.234608082037,72.57939551637494
7537.2926843916175,6430.855026569466,465.8383427861563,97.9333191308299
8906.965831236022,9365.343947862122,778.7604177755865,192.5529497883839
5169.898623415624,9097.289603335523,180.3626182912007,273.8721730731918
4579.769766628847,8307.050060429805,470.6748384540415,176.92955830149697
5031.817066725762,5380.8913447586765,704.0409028617746,246.98618885701873
8246.122876370286,8646.694741141355,332.31063266246764,234.80879205557108
1822.272147208227,5488.195167486595,1383.601471067064,65.49257918999186
2209.4297313782845,1586.4835532942084,956.9998720785837,211.0587881080716
1942.9696467782123,8735.744599189817,241.66005842193806,223.382328473981
5230.788977774511,4907.712115521559,589.590106320134,254.95621762664624
5388.056516005336,8526.617287671299,212.97323482455147,92.34061664881703
2818.7012129553696,2765.132176274621,967.674913491269,324.5399650949417
6199.723392988914,7727.218686418729,64.52098810783595,108.50092797326704
9771.628561105172,4615.8605224334415,1493.45569286691,219.0002189803269
8282.022668347581,9887.944104601645,35.237782575007884,57.09389384604679
8729.060737089145,5820.085002249198,416.1788678217585,205.0780758180402
8382.185943880428,7368.036645593198,1499.0238306772355,21.57633490693838
4725.6241724244555,8718.024556934039,710.1344236402805,110.63568806662636
3136.343195456002,6708.917288266989,1000.1030808326066,17.029596492653983
4749.336709243028,8817.781658672044,1480.2870063233827,272.84576331946073
5605.019130769121,5064.144332429994,1221.909209364015,314.9395533039422
1872.4657123217162,6271.054058116429,674.916293586438,7.4521433951072495
5343.688953450116,4120.656228938718,1393.6355767711368,249.71882335660626
7379.116184506757,6896.096804190882,904.6453860952545,30.21823892719602
5031.997628002597,6683.38577973477,209.22523513573796,347.4929655124957
3159.7563015182604,2682.0529808954666,602.6639122192609,317.1999466024478
9654.772851612675,2551.1145543052307,1486.1757672810973,8.218792934175326
3266.535779353312,3021.8433736856755,1133.9707255879894,100.5380844469085
2739.6478877509226,4914.6545386302405,1059.4710017360094,169.04355604584788
4458.579804146295,5583.937164690124,613.6498090371396,87.87146861372861
2848.7349211640467,5490.970138988625,558.9504421932335,160.28826061768874
1212.8465157662583,5938.187391721258,467.6702097397796,280.90924885559167
8436.557452765739,5713.308215988498,482.69612122539667,274.9272854143595
7041.211666632182,7046.744985756054,55.1034143464407,138.98787767316188
8183.104524109781,9818.822438224946,718.6738068972152,229.9198036612351
5871.118923487791,3710.403408022201,1363.3885238816295,57.143918947988055
9338.998355700664,7703.050525298397,1146.37134404993,274.4649407468176
9605.915982709588,7354.7939932893205,1429.8246990897471,77.33246422811828
1403.708528174683,7396.298895084107,997.1451187798166,44.67679146496557
1490.3132253198603,9253.261197295418,790.8044031347084,130.16027817059245
9875.280307461293,4681.200510023931,887.565633956115,240.96275503474322
1671.9938748432735,3157.7363679806435,734.3146128408644,196.70238992429958
3373.8499821915134,6687.593441656326,669.2583337574591,203.23913267231458
4947.47312351243,2651.7148306601866,1483.3917740028721,69.5970820118197
5913.254370230121,9592.14103477907,784.8175100323315,223.95640141479313
1198.4252006385798,9653.36321545577,885.8249661225832,231.63952196107698
9648.629526594632,6322.132922322581,1018.0934023431836,58.1163725837219
4495.625009615214,5733.479376141654,1054.7451526984808,243.42534475958666
6305.261455141587,3782.047753219322,548.9517269749527,200.39148768555302
6541.223795270475,6305.533652701973,1329.7612328637597,175.03165094753476
9483.858832717926,8082.682776178893,886.8137191276404,1.7251211404170999
1817.7723144712636,5279.14880378465,96.52699028215888,302.81815645002496
7977.649878507813,2887.161790443728,761.0053618500344,174.4224542838525
6683.705278209752,6325.03813693989,159.95790511217507,323.49421450868107
7205.869250991065,8093.75473543224,572.1282644813233,184.21404885173655
9039.45292401762,8407.127804890735,877.1080848638154,205.69208311609572
1818.1834889821798,4910.401552367562,547.7107467630724,342.9968137002591
6541.762030578202,4135.764513386179,532.3782240519761,207.06699365281034
5538.804650636724,2028.2547170718299,448.31762180472464,126.11708552323006
9025.67747700428,9012.617554053264,211.0783433165857,354.7802591282803
3709.0980681375795,5924.375478803238,436.59102936076414,33.49257193512725
1672.7779404172538,1706.2857672595178,1272.9125945228975,184.89969415578207
4537.796521936827,9592.087607073718,1029.661300393582,173.97355979914943
2664.6013849738774,7533.61982292425,384.45545132206286,268.24701095595975
8707.31886759312,6086.925284381831,1098.893748688851,257.016835883142
4304.374466232444,6576.729068623341,265.0642140167335,22.88881306823771
5830.129802616284,1338.024575223429,187.06998343151054,280.24814379268014
2468.8231197950217,7188.531717238767,56.47051881350563,47.076573629112595
4571.849172440057,1235.6601253767103,742.2250534093799,60.68159535539253
8570.318515245759,1875.6954679826865,1132.4784840396387,93.65163880342175
6987.459715191842,7261.324807547724,1232.999796894973,300.1244579942715
1416.5874130938412,5933.412874508943,343.14883424603846,125.41182824533111
2159.328103615876,9689.856105235409,677.5505155977431,166.51529741818663
2502.6105243097713,3515.332342690107,638.1423494582201,286.3308411532653
4760.483041363144,9974.790462544395,417.5720623718783,166.01781910472405
8902.648289339966,8310.517167941744,122.0756761511675,275.69039766367695
9139.900808110702,9394.424386183815,893.3006108771208,97.30559057158145
6693.068919284733,8490.770418762513,1348.8732711997463,323.2635904841505
2588.5915036452056,6669.755440456368,1131.0434847803467,244.00304412067973
6955.463194939748,1297.7026442838687,33.79420109137748,190.44153095558562
4988.701712558017,1313.754108255082,245.2640341231412,316.19136553189156
6961.916602773687,9702.719025454446,198.76446352339468,54.32803259430186
6056.323698105822,9648.868627745878,861.9181628719803,113.80733949926795
8463.918119400929,7533.808260134311,658.0519891430378,248.28251165833845
1924.684969077582,3066.947006087985,1333.0146280033168,358.89262449862883
4185.524406035482,4468.807538432047,123.5958264541679,359.9224044140357
6535.682562787034,7351.962765220121,473.91237099891265,359.71279707299834
5144.554947750166,7266.706655024081,5.670987321128658,311.4069179627129
5731.35370630282,7732.722947026136,1382.2255196640701,66.48763803851969
8239.679772615964,9686.61866114152,883.227738563625,350.3426015274789
4117.736842809691,8206.34401592391,214.4298320481496,71.0470907824423
5545.541650169525,9627.413722799598,940.7994263969966,91.73471209394481
1197.441808563245,6143.644908532494,892.4711226942385,159.64003079419783
9569.640109273492,2731.145869440871,253.6351542996336,94.10369258759145
2234.214129581241,2314.084659422708,740.6049365052093,49.559205425507535
6898.287074798905,6295.3404159604615,191.1417635940201,168.02259230007093
5429.813116754463,2420.7018449126963,629.661942599305,110.99382506443173
9140.899005212836,7770.64402969669,209.09979773818998,9.10647933503339
1113.2612205611329,1631.460156569266,1085.8856275222508,8.7320570187305
8834.554007889194,7491.955246313295,128.52455041898924,205.0965967446306
1376.4348808384232,4177.026335298056,208.09376618375822,127.51848379002817
1305.9961164412794,1833.4294909079638,1130.4279817545073,179.96274154722113
6278.142054387095,1225.9541925363183,735.5516329296655,190.4190382094243
8342.487181786684,6380.407429948784,1358.3968497031826,324.92755906766433
6316.093999957563,7910.263342945524,855.9967945055611,173.7185808560754
4487.895982868829,6953.63765708171,551.9644752085755,297.91282299102966
7910.023679363654,9729.711604990225,793.759044690426,269.04697535199153
4700.793604611672,8628.570959235136,211.87205599944343,211.5389962680265
6719.600768310722,7713.555448171081,1169.4291192579685,48.619214732654704
3234.911705072242,2682.1383979865777,524.058255625654,331.4273056918121
9608.089967131278,5815.085098749545,124.65914919751023,123.69909802102052
6836.781015331468,3094.2730342599225,721.8095722599713,175.14074745088038
4374.229213691162,5246.825194696021,1403.9384885045267,254.15046957590388
9021.962904889344,4753.751432726487,1345.3149891248515,345.22878885528564
8808.811236204132,8177.179401133626,296.50123974569334,340.92626317072427
4133.544279317846,8312.74401817608,142.89855530886325,24.048053519612942
7808.057200514328,5408.814845482721,1198.8271755805067,168.36858108674443
2198.5893893252855,6832.086067497029,109.77991141086433,302.57697384877116
6774.6864113139945,9616.193482965562,696.3569185727316,263.19062396235233
1475.0172908059094,8640.863018283346,854.3441506862488,358.3661028612107
1189.3530677689196,5908.370181224724,382.6188763937987,318.862950012093
6797.678874886436,6411.653143914492,1391.0073789849305,333.3767307939156
8996.392316457288,8033.369927886814,862.2792385706057,315.3904091295328
4361.32742616496,3429.8228658383746,1159.5954782130486,113.462983239299
5016.28746465127,4968.486680767174,93.69336610452564,21.031406089559667
3842.3522987105744,7537.839570113689,1377.1054811380284,134.38820606880145
8756.800681764289,1554.9613759702966,655.1494237313599,302.8248606188848
9619.391529571749,8265.559487109334,646.1647698497655,121.34367557617371
1450.7375878148855,5183.495631513459,414.64818703692856,212.37893235760512
5338.111763662819,3445.24084039557,20.482788219286668,30.057660721951947
5430.649692437101,3554.142433740809,374.6464640453053,282.64578662956205
9829.460105925154,1419.4201749844092,309.73717770025115,77.2707613767236
1422.1761932831025,5031.306857442939,1390.2057573484533,311.40188430683656
3289.8764222665272,9444.858924366063,758.1852267498812,197.81885363698626
9041.5187998435,4789.304922677111,1377.1523811305667,240.19960029379868
1978.4750808064075,8847.024548068195,568.9241618671492,219.42043145931055
6584.942934728237,4037.437192808731,1446.1839698899435,129.22267239201597
3891.1407850898017,2700.8367819064715,1079.6761792925724,337.93253399062905
6835.937772577227,1334.3178867496806,893.304088761065,187.98316957561272
6126.027984813321,1682.828329893436,23.41666082536122,123.8679294015899
4220.533304334975,9313.640111207213,1000.1964746866773,10.008490613242534
5003.148867493359,5782.1407744221,1091.8837936529665,99.45464176440807
2294.1941835568805,7736.546565477945,467.7816334526315,231.13535075949218
7726.47080388244,5793.1910394265415,955.6506303803893,7.779832771733874
8700.329822966532,2687.235541522533,799.6450571367486,104.10702586160262
7974.470814250465,4813.829604163579,752.6034170446425,240.90166833733082
1123.0689376903167,5278.658602423198,42.94961905844348,48.279817887880874
2847.288763173785,7968.996323601247,1058.9017242095574,185.7636118446857
1740.194273209563,5985.340668569045,414.16948424164883,100.41817575367831
4109.898105467858,5830.999588936549,709.9999930868355,173.5308240254978
3573.916013062003,8699.353165805162,12.6894728776831,47.76505740390389
6952.043815761031,5195.85807902725,401.72278300727123,303.8965255531236
4221.057768902139,8287.642767400244,761.5844424130828,40.67809307174721
8501.938268859065,7256.334942217317,179.86274037054847,67.7469090122102
8990.885659426041,7725.7933822007635,194.2799147523932,266.7247482128575
3169.194418267365,4052.561145918454,918.0264407309559,67.96038806984072
5931.385587488295,3474.4577875644845,144.98938909806205,43.61274017435711
9509.075283108728,9436.765556652634,1075.072605371434,281.9604719116109
3454.9032364715113,9225.625521612386,699.0741917396512,218.46110602566253
9709.073327329517,6283.77287035177,332.7562000051308,224.51677552493027
3439.201499905826,6253.430133152386,1256.9135585140352,112.2032349929228
9999.909923772735,2246.683538210811,1434.3833208172182,224.24918850391495
9814.415707548866,2816.586337698,440.7081362367143,326.55969768655024
9628.3994375123,9767.917038662154,1412.174603894761,279.3725240131852
1267.8479777783302,2133.6482954454677,70.56753634104585,219.33632359975724
3477.922425526653,6715.788364874544,1022.3329154140563,132.4129614456128
6043.950230693919,7091.0228495451465,159.69231481789808,101.80663381199925
2472.8376368684753,1734.0377766127299,618.2430291642177,163.67010431622444
3256.7426004264394,1823.4701094175189,582.7333360758635,175.9937731970713
1224.6819746963513,9688.60031439497,302.2572586669946,284.0324667375506
7810.868932159317,5538.527955220401,919.1081926647724,152.07909474800923
3624.8112331632133,2979.4738826812527,590.7420677513365,318.18677827297273
2580.6574904893587,3607.4386104382547,726.0212118359011,215.17174255914028
1866.608414061532,2923.5604690355285,46.393647532891016,188.1092061113823
8258.881096847663,2366.8454170815626,1038.7803572151759,323.4444075039119
6196.893819179875,8631.13966699749,19.804638035528964,218.36892379958647
8555.887454917432,2931.7759316865677,600.4126070932073,346.71751057723355
8779.90453558406,8785.10431449562,112.26710490702906,145.65494747842058
4227.143248021185,6442.0376287903,1051.108517547023,182.5793330193212
9274.863254861611,3119.389187726023,910.9755941698409,97.16103739601533
1780.3190989850818,9064.538220223218,397.86141824402256,294.08065839905055
9829.30251080763,9523.62206891487,788.8367821382855,94.83661825921548
3654.8784428044287,4863.1420718372365,275.411796894772,220.08172851342135
2415.9856890420515,9188.14455440704,731.039682011014,129.0981479335858
5890.706013822542,4409.206197588937,1475.5218408395133,182.35156851045903
5843.914595206652,4362.5118019547135,1185.3383337188507,89.51630249268852
8324.957645567742,5128.665978110719,342.7594811077448,339.5245557235042
7282.514845601136,3995.16489541179,32.83910529008004,216.00493784243818
7522.383870175109,7797.062014706043,820.2206644702167,106.72233839073748
9639.994107297814,7543.180844558724,1030.6138311419322,210.75174807509973
8768.210365254068,7258.711831497846,485.6538618857606,205.43643283944056
3274.9572227405015,8815.833803188973,1448.1962426835973,267.48093049746484
5417.849345593841,3205.6106482848654,1129.8481537843188,339.47244142930145
4890.426520309047,4397.83588796687,1193.8376429098103,247.71526136340856
4082.641602540721,1388.3474379527038,514.9962165241257,48.961543529785025
6599.089371178139,2706.499954930228,948.6783925161302,83.05486091176877
4150.606583714698,7653.240061285848,1073.3940546394458,107.84491177221058
6675.949651084172,7797.949928005582,64.58926969460536,4.592694860655151
2104.263647710335,2655.816823071381,634.2853152899276,339.8192886019787
5094.837794148707,6913.603758836589,1286.3068273578144,199.25405304289703
2507.0575204820743,3051.0215797011397,725.6676309058624,12.614419563812314
8046.811048295442,3778.0735528220775,1148.144313106467,70.24218906253098
9299.048845181582,1675.6339996321171,848.2337914269746,351.21630085161286
8792.113701833008,1382.955609679963,996.4720932749532,150.76559312762637
5348.432361986333,8288.45168697257,929.3683804610035,346.9010644686532
1426.607310547773,7532.5576712811435,1053.3633101024777,150.54279478642945
8263.373985508419,8427.21686724831,1403.815661870163,121.37862636796783
7297.500584004403,4376.304684473494,1095.019338387059,76.97511705474437
8222.563561893934,3326.8830568197423,94.72074955420476,136.77565170080587
1264.2889769179162,3749.247963567637,1230.6016990760977,183.35332001609598
8809.403281437939,3989.678658356401,311.49641410953905,49.19185756526315
6397.090932495234,1893.28384816529,655.0583905175073,204.33312100298212
6586.905977809626,9086.61369860932,981.3292671903203,106.3570612524284
9408.29973607945,1165.5646649416333,673.0584598529466,144.69092971028158
9269.672099788108,7592.0467074690805,320.06866364872025,129.54888722319623
2665.2591164116066,7010.252810161212,1056.2245014594318,166.49320529975904
7843.625783883644,8820.043725932046,318.82243902827184,189.4466880399398
7798.403678940712,8936.226601621833,121.36139968822981,237.15353444562774
3390.599404339624,9115.603960079075,231.24789653472558,277.15749532512467
5218.24396889113,4213.056915587547,845.2079737609355,244.72499994793648
1970.6086202839797,8003.9319944805375,391.74688939394105,75.36187112989982
3392.940192969144,6625.6601212513615,45.99860631709306,105.23169638466523
8381.368691522162,1980.5114688099575,157.08621262314264,135.72744576744506
6877.006778853307,9469.050255460214,303.1428573207375,157.9525456911861
6375.224807148963,9068.723074857819,1343.8424210436851,57.424264069534544
8202.6538381764,2443.348834044229,998.6488947722811,175.5059203900374
4415.2362044733945,8328.594474551439,903.6645172722067,357.5657104568596
6537.273936408454,7675.156089434486,368.3889707747867,234.61913004550547
2091.7506737126537,9068.126563427159,940.0404198152584,204.5770219941701
3740.5873820510114,1882.4539949197992,736.2557976375195,148.3439597214292
5274.87950592458,2162.7781935405064,1103.0680831327418,5.742994962500674
7076.982471441327,1691.7378459139195,1375.3981230818745,275.90643431479225
2352.129958452047,5967.420193291713,976.1848770510381,250.44579214967385
2036.4213855442,7012.138737647577,938.4903213074507,137.30867866359338
8022.878562461613,6191.557460831477,533.5035305000611,335.52798678338564
9848.428243326161,1700.6153371319126,511.99704574748074,301.0878640523245
7019.240246352354,7774.273076403734,1264.462989015234,253.07622451708397
9522.836264940532,7921.555693484254,1179.4733260504863,10.382702491171028
3527.934461549485,8195.981594795852,282.89504193264634,319.6215737528387
8117.451904937299,6426.081350846536,187.5221351773767,114.82534974946344
1485.1165775646182,4218.402813288672,677.5183748038191,114.09187207374683
9589.445183833035,9603.271967075898,828.1205090576967,23.059483549591057
2992.5124112499075,8573.836078210083,875.5360386335258,173.76731763518978
7111.377347428629,6009.160556365057,1061.2810496725263,149.18923886942994
6872.874336623608,8595.466877835075,100.4517671807225,288.82432002304165
4617.664999457851,9708.719960473145,1391.8521336219028,266.94279276081664
4446.040245205115,1584.0989742402348,273.8053513535087,233.68866750947382
7206.345532214813,5187.81793547945,1234.5840941871515,9.774188624551968
6238.9195590706,7583.148233586795,608.1326665455814,217.8362617700148
2364.402174467287,8052.576609403346,1007.2118321545863,177.1046827214603
8246.258072979444,3056.6995206651354,1484.0479940072066,90.76295019045008
3924.262178427626,4642.099811849602,406.8978573817536,45.348450145953755
5301.380765279543,6368.364346807908,1352.8782217651874,45.49492059024813
7994.766624101975,7026.046566592242,640.6588018004851,23.730186845604173
5170.147302692218,8234.64420885337,536.5118861044936,305.54220560964353
7439.063743191465,8696.703203945213,490.1017716366177,224.75262757375629
3557.232578958712,4055.2328788951218,122.48045363228017,297.51911225591806
3554.0074915023324,9972.013928178578,1407.926991997479,37.336733432882404
2996.4391143239054,9267.265593702752,1023.6959299747612,21.114651762741932
2897.4994270788366,9325.502075336204,713.9791890493385,308.4044371913942
6405.686824018571,9752.671166632716,1328.0769402075102,343.717615290909
4082.9604170491575,9212.81357033506,1171.7292984581418,61.86437123561996
3813.5248215745346,2612.1582237521225,1090.712765351814,137.22351558485587
2976.1016566899766,3482.9669683621537,1436.2223741841408,337.9356302289321
2550.651754026984,6242.103540336865,811.7815859629733,324.0257378948342
1936.2508443109755,3971.5992985082557,635.4330055941035,5.048551722991749
9722.289711018111,4682.842897720693,1193.9872084733972,295.8733200556399
5125.150172885762,6742.214114181842,947.8239898536739,49.87809111859409
7813.9750610772535,5015.631475577208,769.2574968017502,183.15469455099569
2653.21659370887,6304.067741382589,62.18366495613705,237.88062798882487
9206.668866774155,6864.956049021774,422.85215489387906,272.98884244573554
8035.3521521418925,6847.737530240678,214.98714281620428,1.048779646335149
8080.269475452339,8431.456421629913,1482.9035056800892,265.6254803254477
1238.3353187180423,8828.618395580514,883.2941880154518,139.2493121610979
3535.1486208946158,9265.166291639725,1226.3716840614095,192.4735682530721
8912.311987534318,3809.8663249127258,220.51099298457027,13.472167526826789
5296.46170558683,8945.372091852849,106.13950034846698,235.6048211147113
9556.394648530955,5445.0427276707815,1087.326594373907,274.74821911597417
9886.659508064096,7838.852389012787,100.97047052377245,93.13294841523499
1504.2777136869524,1242.8681623657158,41.08177279560265,336.22666114142197
3748.2249580941534,6872.8034644680465,148.76392666187772,256.7617873373231
6844.375604271277,2846.4552946211916,861.1748952956891,288.127506120673
8978.33650047976,5969.079347053973,1133.6077437554873,264.17435684760375
6572.396576461325,7007.558262828199,496.18327896014154,258.894691351764
9619.129067781205,9880.817988987546,976.8534502768691,25.640740653789866
6545.959375458567,9125.444845810109,1087.090678131772,46.1378129264065
8814.182320779182,7960.754459246997,530.6141247692929,353.64806377304114
1566.2867847533253,8501.967286418363,591.3566614409996,125.86986835180468
9815.99594860633,8005.236121504448,1079.2291356506394,89.96831791993509
8589.678917514513,4428.415440432216,314.7237500818625,118.62770189003916
4555.716197904869,1243.658398084526,1075.081444294094,165.9888339635224
6895.096306033006,7791.082196726472,1477.5933115479224,119.36137148771247
2679.6790166921255,7674.488145271135,597.8818240604915,46.39144696401579
2650.8573194810815,2064.640550023467,123.35353870664798,279.45314711093954
9859.92549300321,2783.6439724481243,585.2773785986984,175.7243599615662
2689.337677052479,4947.563755482053,1414.8968123841273,22.464754947639573
7251.6158839398795,7551.974443046427,706.4296198771835,9.076665644122256
7255.533933330879,8659.656007891526,1116.2289420713048,212.33118416111228
5308.851059411707,9789.971006855056,4.029510120853454,80.46804085763532
9167.70697555811,8376.94460834358,180.08641046762492,285.93053910777894
5188.948264192941,4412.185104068165,1017.5568829929085,168.0604015417373
1926.247188800251,3691.851489982584,1492.0506840778082,33.7948913053151
7681.993722073022,8691.554446210954,1416.4717717089181,152.4375647641194
3992.1520563182958,6558.638815810525,1451.6727776332089,318.3327040270405
6779.463102559875,7045.738971239307,990.6831021402076,333.32075765783065
1960.946233142917,3137.2806585246926,662.3865006381942,300.76057777427314
5168.1047444766755,6438.076230784393,926.3080182545652,115.28905695010984
8612.209754718951,4390.570827744013,1480.3608401728652,42.4903320873985
3471.7885444223766,7781.739390239464,1304.77294390152,225.84486014072706
7122.209651965721,7463.264934971327,736.269269955618,33.48384129196294
4106.287481030684,3752.1909059953914,738.1417009571464,267.0893407167709
1555.1706888390152,5045.744136603686,199.55588132921514,101.92248599937736
4610.768597159391,3152.364068043829,850.3575057893356,263.7924030291928
8432.307261575592,1943.0571121432592,869.4556143726271,253.19464036798203
9253.821280279593,8232.876197928363,1375.8969488146765,272.1912113428088
1298.7055187420765,4038.1776321150137,129.84864812706098,276.49244088803374
1328.7094695368812,4346.991056925126,783.6747256140997,166.11004551503143
2501.837475913576,9059.464413172704,440.28503840404807,92.94571945149806
1807.4311820812795,4658.221764421418,922.4647014562796,249.25360739197635
7548.075541548596,7965.42804992372,1484.8198348725812,27.40547629417146
9814.48770938136,9727.249693570777,960.3688689338403,227.96705126815246
8616.475523103523,2293.5633389359577,288.96899257695685,68.69561154484052
5832.063239178081,9248.461592789568,359.88364900679534,40.11745988879896
5837.353601056001,8402.973344561522,227.4967257105313,307.4802186296848
5863.952818413763,7096.460964074817,237.73125168397024,156.07664619038343
5202.565280350709,3752.691544113243,465.3589816881914,303.6660548340415
4127.5670612420945,8244.534406291212,157.3832517105107,153.52214302500758
6565.81292061481,7619.716713763021,509.0522605578497,192.9351194799154
5092.403424465616,1815.1494723604746,1061.3588582586535,167.3073635752866
1293.6313938954047,3236.555763304459,212.7868723301882,49.850807802322045
6358.123003513122,6250.557341341458,1405.2629385786297,168.37697438668263
2595.0114012164895,6401.210736681363,470.3277082346927,79.2145142693071
7930.94007688636,3245.5617063303507,712.7652920489169,265.92637126476853
9472.569591933006,3192.065532530456,326.7090185220583,193.12845317559072
3304.7993035267564,5110.523071885775,455.96396615582563,309.9259372013434
4656.0408339144815,9403.492086046934,445.017186495337,185.2595807140593
8084.083185994994,2365.3817652790012,1162.5052073766067,114.51868118371735
3819.1706413882976,3039.046327249523,834.8124340614261,296.9119263928185
1996.082085881133,8919.388048749093,1044.1983516114158,63.85159579584424
4163.222465125948,7839.895074641845,1047.745172625749,36.2228812064985
2333.206435337904,4207.065525134674,1416.2432891169797,297.97814246576667
7540.403207292547,5002.53276010524,1367.4122511915746,38.539397598738226
6157.544566350788,1666.0130667895364,1358.3791972549316,68.00948535392537
5260.507962357688,8501.325395354843,1010.1360098902996,315.6120787961242
9539.332509799842,6256.483499478294,1005.640490599069,116.03873406866708
2282.5071127438614,9622.740360673639,310.8526505012358,314.8674772408478
4897.960619058436,9361.927811933825,1066.356340750624,55.54421339574669
7809.294983297322,8355.972924781341,1083.5289787044937,279.9288488760366
6994.912350653721,9573.170427752191,718.0841098513998,80.36251318143725
8093.706197439575,8464.181106500828,260.31989580465256,57.69006842173055
8311.597435162465,7338.33236764153,1230.6036671728675,294.202848072476
1878.1246039155944,4661.676016574387,256.5477968603677,84.17029038438233
5085.7942467244175,7753.049007064364,314.45863098776374,219.29695992365956
9116.241347661602,3482.1152253537794,1449.129828270592,14.844537355210418
2837.642812281203,3189.628399573659,340.73999604798183,310.30261228656116
3912.337887733824,1351.7802198353286,69.36328363707918,82.08031504851776
3303.2050956043336,1368.25193207843,13.37660796192883,88.32249451010638
3086.7709318017332,5399.777282811296,47.78225197580633,226.76894392775603
7810.286535962212,6870.5186867113725,698.3584445275616,169.17008819729
5230.443528623497,7136.323793294829,187.66044838261658,164.98218627757186
2489.249014666553,7967.993501656573,721.4085049020716,101.28665449721025
4311.966417406602,8348.622373313843,1488.7536414664708,215.59243300825042
1952.7072252747253,7666.8335984609585,1470.4393088089528,217.3242240164387
7636.933328060376,9847.534826068013,1226.0098197370432,257.2733546646812
5984.77333351533,6692.062160280843,408.3747809518784,246.427201919764
6233.698138163521,5576.854751724338,188.334891413627,274.9634588795603
2682.718541074111,2746.062113045943,671.5970936206654,133.8177083335168
8629.342315032267,1325.0620070291932,705.4748972198502,272.5625553183735
7603.451607722665,2599.3113014216087,54.561376797050606,332.3084412571188
9865.831173601091,1936.1543190087461,177.60768341558753,182.44885173450115
7793.0125185689185,9024.191039577083,1434.2888939125276,108.14938265799483
3483.7100447937764,9119.117131313686,99.54720639332545,194.3274941881395
5387.897341350871,3756.618279596818,1429.3534790032147,31.350632397818526
5013.856433712994,1602.3857931406683,1405.4986327235229,174.8315073159546
6760.072674312742,3641.06915923046,639.3634069680587,248.73824151551443
1426.514337557937,3027.002079427205,1244.8257319983343,50.704932777833505
1187.9896949830654,2251.4591253437593,4.2820826279484585,146.08165674390023
4765.0681365340815,8307.317307426645,1254.5989551478626,100.30681855910655
5421.6092569914335,3439.8951081397254,864.6484720801659,342.61718627902866
6094.748084044495,1338.3826970224175,987.2148433725894,208.5343661763138
4697.980676081963,2717.8760013623296,1267.394158303178,12.014941413002152
7326.236976869198,5669.466533443031,371.31924374848023,291.4086872054475
2197.3016120810507,4127.2249917561385,85.28907077398297,264.45154768404564
6497.243825648312,6820.3269413849775,308.5760877075049,14.0068378878235
1605.5368198146002,9458.308149012351,1334.3324386402787,48.76337469570889
7529.266726373478,9137.18056427398,1159.5603837841238,23.552585038129358
7321.908568531988,9957.851887796642,1044.2900055837122,170.29624618152351
4332.137947292928,7027.6314936942335,1152.2317098843698,199.4104638053719
3286.144509377965,1381.6712430672487,1040.8185750227465,109.2539248140766
8717.87919859072,9277.786725242106,1159.82399171494,230.75691146256358
4797.474592734263,3655.826160928478,1025.3673209016258,145.13697942749994
2849.3053007153676,1381.7693147558593,878.181763995614,80.76860512124708
5082.750448864956,3703.2341118040886,1093.0762553699947,56.839863088012805
8462.498942371116,8484.825735534685,1119.9313275987943,86.55290915335634
8018.115508946179,6634.075862131948,1099.070876082496,248.30912913224296
3577.3541058776955,9533.646300160217,108.90338715524555,211.5663448604596
3568.0943555411077,7551.920568061347,1320.869150680312,225.82481664058687
9760.203225974441,8915.60270338492,792.1958724456181,291.55694969923115
9350.113055247222,9084.818443664568,1201.8974948679838,87.78630257049964
3510.5101258738578,3312.7598040037406,1369.5374080780919,328.75964322824916
1801.5758079629231,5931.192185400798,78.29430386552697,160.71629706527182
3192.075054364166,3817.3903974280784,274.49311414343975,84.06087264902835
8923.735291650633,5612.358185784571,902.7751292327034,160.13267888452046
8288.095239428603,1837.1792766453518,796.187869083465,259.62620185566874
3753.425769336316,8627.039874579394,763.285087288521,257.4503897858483
4177.787641697234,7005.094812808516,1141.7617762929685,277.50027392106693
6962.898159474104,2562.455102312275,1330.136359971012,77.3237863466089
9889.31301434452,2686.404127827025,305.84852064742097,130.34288192214797
9311.833890474563,2794.762822958165,1071.515815361842,323.500221240919
3540.628934830318,7268.788475720053,1281.462214087465,8.422091608055148
2985.88955994719,2222.807995784007,599.3215296621196,30.010192548980278
5452.885052437853,1422.5771183036047,434.2915796331206,58.223237232537855
9224.731622835721,2993.7086157645576,593.0338069840511,256.72965135659695
5196.318924050588,4340.919200711472,1368.4547078926832,277.58986616458793
6858.729387422775,8300.558400074002,1181.2147085110544,242.18771161669028
4069.810345096997,1654.0698182036965,568.2584396350119,83.04739813501259
6226.740660031286,3304.5771302090347,94.22947027191857,201.0388902349715
2553.3568319973765,3607.5375114693893,645.634254391425,211.78821412833935
3187.3698793922285,4016.008205227476,426.77753526342417,139.51912203530622
9619.898083196074,8819.884432685903,334.02533048008553,251.03960279376213
1838.2614953313405,5055.973649884529,1272.9221339328078,159.57521870542274
7320.356580006494,4604.099024122269,1307.4752547768176,75.76175864788188
1744.8408645023228,4164.097588461825,1327.8057650189871,177.7920353967706
2867.9373692358527,5646.6930067002595,1387.0801434796895,50.6680714790577
4429.364995780254,3445.4063557275003,667.0760400118724,46.2106796945808
2634.6789157394637,8635.536534098974,415.4216408162502,258.2552019681553
1614.8571963246386,4380.324887015277,79.98179949690325,179.6584927124214
6020.226907440447,8447.022959528069,1270.8804302164365,108.24183501258365
3412.5546426030783,8635.591372078568,976.271795403984,100.21380786632544
4866.214679954707,9937.36319762597,1360.488254075571,343.5384100498011
6541.312928578508,9777.724086062648,976.7585280774047,8.150824280395929
2146.1464535811156,8256.335084064931,1295.5646105767526,185.90775709686218
7082.9426721951995,1211.9540627939782,1014.3586405923386,283.2849111582815
3215.2709508516064,5133.737260903898,1304.7578595751158,149.95267340538098
6912.161801531451,2711.9638940118275,1040.7437304908071,14.429422313116198
4728.723841817775,9500.285932973855,868.011675315593,40.43810779681866
9819.758943669243,1119.468330359255,1045.705719508344,39.7250547331018
4784.04985714944,5651.217176362124,1051.8097909547912,248.28091130128053
5623.3394795258455,7713.465124587108,305.6921060045803,139.51117759866545
2654.0730244475017,5546.903679391383,1368.9985052968802,250.0797571479549
5779.441999999008,2953.2021428101425,458.85492051776765,139.14473128010061
9091.480982419347,6464.95208670786,707.1324410245072,229.95572564676294
5667.888616608704,5706.188417852441,1192.6570137944616,323.72221444989043
3925.5441025247055,3494.185258466193,766.4135017174207,138.75066682977385
3697.3528022647047,5073.406585821727,428.56456065248733,335.99486928738537
8078.18377798005,5910.330661957303,807.9196149412954,136.05377722061783
5461.874346892056,4601.4716133999045,979.6427598219245,79.48952539795339
5927.39762266615,9331.54750883932,1281.3197681917152,153.86581449847495
9157.442181692695,5140.006262703599,772.3199136855781,173.59804396212456
3166.9551412329515,8554.226512088499,313.18256334199907,344.1249772527438
2132.4762851024643,4087.453893006502,711.5558376331988,359.52039940859197
3167.848372181762,5348.358008916811,960.5880173311231,350.135648039847
2292.6850361960987,5271.5891138107,1062.1803628728908,173.54715126577602
8305.58031046157,9843.292861384696,1039.8209388296004,353.2728190122828
2325.9840490180177,3876.331121394239,1452.6633886054722,253.54492452480247
8081.650992745781,8739.988022015737,320.7432446403221,297.6366787658068
1708.2741847873242,4162.706397170096,948.2054418664808,27.215789171846644
9273.255287936236,3760.1338999756213,785.9347690129963,144.27306664774594
5096.3748413918565,1158.4882461107281,369.0585128089533,19.187108661432703
9205.498554853295,4351.567292055903,1466.8759620236895,130.42474045810874
5449.909638589114,8192.491950647043,578.9226969377655,112.32046777683503
6204.831055059756,1885.1615646542184,1410.7258281269185,35.10576920415631
2132.394239783127,3338.4564802652903,919.6164425949983,208.87761782791412
8112.206508040013,9556.730717182643,1132.5943224273133,196.04466962084908
7142.841981328445,6604.866600708799,475.0522804756998,174.25992699990184
1123.0390246937895,3561.0078240829134,1049.0706997044297,228.2558555843393
2929.200435760501,2458.167770623977,500.1447376378584,355.24150786257786
5429.701770379275,2425.0647454929185,40.279429834627145,40.20441817676688
7116.174431667141,9616.899683918635,1245.4337729726853,250.523745197818
7817.2903543241555,8502.23057698721,601.5227518813964,245.50689971645005
2748.0022785423635,4894.143938164347,578.6031711332075,26.84234262877158
7565.651246770403,9130.014592227446,770.1119954249281,129.41558221159264
9485.637783727476,6877.793211803427,765.6689373186599,191.4450846150331
7539.709707342608,5650.650918187894,1337.477613516454,7.706480360171747
1631.3948778013994,5007.460497325408,464.0709862201404,267.9950489907871
5728.601054075593,6205.4100054450355,1263.5820712008426,322.894545079124
3730.8966324737335,3261.43146436908,844.3912517437376,184.3884075999777
6347.500829225671,8516.63341317412,316.2093143567887,293.5857928785608
2247.065950438105,1501.175366082065,334.11476272645814,150.45731632549354
4815.779365956039,2908.5331981381014,920.3161869877483,240.38210807420876
4501.663720086486,4002.438231585345,223.52088442525366,188.65400336414166
2325.7801527499105,3109.538531918241,1264.453736784157,81.29758696986734
4196.880717956401,5355.408482629427,1390.6982484292867,248.9298685530206
8751.544822814736,6523.959917263907,166.5605315738865,113.68043708687763
1138.1686759862653,5470.987777226354,420.59236649345684,340.9001171707455
2229.49129688388,2187.4167763547157,1058.0374879601586,333.8860576590688
4981.092874374695,9493.520274304889,1173.097802940112,40.457813304620764
2182.745427846692,9592.137248432018,40.64123190035297,131.98582662527667
5412.0270863401365,8746.123165821755,259.6089041727161,179.00719631630614
2725.3817002483784,8018.313837358089,50.356036708756235,49.509535210575464
1949.7484129691416,5264.630282219312,977.0133682589676,227.5072280399664
9182.825786316274,6581.845696611309,343.00922952260925,208.58363021431776
5734.912062801898,5692.0498944177525,902.2628656621463,28.502414955070755
6964.437043406443,7942.483988965489,975.9020732640276,59.73918978303785
2925.372419137513,1750.6517271567461,624.2262740140077,40.42315090604031
5332.2971135446505,8702.02343668053,1385.8840561984482,87.36977096474527
8116.2441222719335,2827.64997148131,1238.0954256300288,249.83889680811163
3501.485071514609,6078.979582129616,885.8927762207023,128.1141047386413
3344.962529870084,5006.694010784342,828.2733905746379,59.09034358968349
7103.418484199754,3512.955794218867,1362.4987878511245,213.70379337511196
9094.209015146771,9539.012580376495,578.5761823370088,24.273046976777636
5503.379289449629,3199.2752979571483,922.2240001054917,358.00178291312204
3075.137064576851,8324.596871614383,1291.8998406231667,155.25567380768902
3458.3102914457722,4479.6384660694075,1226.4778385544932,19.203736701609838
2815.26091491879,3228.06046277193,480.87329089855837,208.60368033162712
3918.4736643635183,9940.653208546226,883.7461886467903,250.452494608139
2991.5146707208564,8958.946221219532,388.2380248216623,287.2253682894618
6521.408336391044,2863.175459634273,497.20994675516124,255.91605317924936
3629.570606986968,9073.576470895987,457.4404542225507,138.148834323742
3428.9538123219263,7904.464598927415,883.958417920998,294.74489977036285
3740.271284044111,5472.39590857524,1088.9876255464594,101.29780394336144
4629.680291144799,3915.3781313293193,650.0465338879162,64.65544796528812
5460.832731621515,9464.126825725232,737.8050434418993,95.45758131698888
5919.384968910343,4548.232442393022,391.6336219187278,301.7997065787644
4099.109020024951,1810.2686444216126,570.1697728139025,66.15937854020858
5714.46991257588,9654.014048419498,26.004304709886835,309.1209215581834
6864.587068688504,3199.6679295016593,839.4702197105943,88.02583264758655
9732.026219652098,9097.704301429243,217.48344963160886,153.30166236055757
8604.058082732055,7127.041690405402,955.965423132678,240.46654669509172
8666.035849417363,1432.7972799458516,1155.9869507597577,108.01083498811462
8503.37266462106,6679.498942089185,120.69390065493893,110.41858344787511
5768.710491592523,4043.0278128968866,189.72503994158842,122.13498618379049
2939.9077006687985,2691.5941761154113,1441.0139495918972,356.7491934796205
1834.963693593267,9075.266235569186,998.707749455175,84.79427876844463
2383.197534545464,4791.619789117131,770.7281928846942,54.81266818631398
6500.510710177609,3972.0330006995387,432.95378558767095,258.7266576530854
7591.546604897706,8739.305389365563,765.7970372801245,197.53892993161375
3245.0721510166404,4719.787512782037,681.6775487538742,235.91242656318843
5601.256559671489,8500.398469591466,1028.4026293682373,295.43481035944984
8426.022293167516,2396.753770238541,225.01060490323525,108.10498522788191
7405.360797952347,2211.6089848532497,1383.4714216707205,349.6990412921838
8044.382036796014,6039.018735051804,176.6522695845931,311.4763833224119
8538.138828922252,6288.234328505646,1137.0308067923854,337.06287410190333
2223.0600053642897,8626.928806194188,1178.0379259841454,203.9647710994323
7265.856093957442,6054.266666476655,296.0425400286361,3.5085546887180072
5565.879275435926,5180.007572724391,1438.4286406199817,335.58926114506386
6566.558250385745,5176.505981635859,879.0219308755173,220.19975546438252
4893.953861201591,2542.483983943607,1335.87071195177,150.84640012065208
8281.978139156196,5084.4722689758655,1000.6540832811277,17.917602173987394
9392.041517265407,7669.053310794748,892.1371726016673,35.89394869638382
7370.271593654575,4722.452116080543,71.70449807058901,278.3445273382477
5734.393077993268,3022.79931880233,664.6628982453135,266.2886271244858
7124.949319780237,2155.29940675702,1362.7478304937465,216.1767161197156
2211.6583798750967,4483.711983266205,1092.625187370033,231.8869300958321
6075.775603790889,4895.14125119324,992.2184894561478,256.6261597336958
5222.413569824143,6166.024829455609,1198.8666657674248,25.274477709126167
2531.4922992624215,1383.8028126326053,42.57545916313433,261.7016500898686
7858.872126018118,1772.7258748673835,1212.4859238891297,339.48067865374406
3651.990616617919,5842.350132610758,1422.8146068710969,89.18949588456209
7306.491410406487,6964.328112205248,13.048788223534263,134.55997258396548
2772.8818199349266,5000.209801235083,522.7727543379975,212.9786549437667
2323.375607117752,7492.857338223117,634.6982317450646,351.7896897862986
4335.082268641882,9125.3941697491,444.75637272014467,147.5880987190905
9059.739595302042,9792.64581303499,710.4142626583715,56.96971452771168
9364.599637842379,3104.4603620110183,10.278490861828006,140.69643517547348
7650.046846052419,7980.02499512978,459.6508806952202,356.07172445207976
5769.432266932956,4790.345621086521,1073.7865551188731,275.86635345787533
4128.77615504662,4948.943206103143,1283.4036688866595,341.44933784947597
3450.974230006496,2894.233266663522,1266.5685440933707,327.2092611287078
7204.256523571672,4935.375660441216,243.7708687575769,126.94911100327683
6205.730365258983,9446.823296357157,1333.2045178588053,138.1740396022701
4872.003356716755,2368.852782576824,1343.1346235146839,57.525205679735215
3793.5348093003495,2651.7054587836174,964.9993311208073,138.76215785599993
6047.614889310943,4508.072566668213,487.91013331620803,318.56814840195614
4121.954555202569,9671.472793553456,909.5651765606502,344.80202817058387
9496.983142963718,6455.620480505416,1030.4838407843963,288.31886037281987
2228.8249023620483,6836.42692020355,515.663705093858,99.65080958487249
3860.961320674809,8471.253040101938,1497.052527347587,259.0317784058158
5899.183291957071,3799.6949564757842,746.8403868914396,1.8270918078068645
8869.07610536696,8308.120654818504,783.4313706468128,282.8429537626227
9358.514160900944,4980.437777322682,582.3060424196307,18.56611497664987
2106.693907272656,8044.2226713741,395.1972170512099,269.38364576841826
8831.373009188195,9727.950017609768,507.2983321240691,222.09425814641398
6973.395474286412,9109.610037069404,650.3055285922723,137.58499661202003
7316.418657715958,3967.07287477395,839.5063381522112,272.35878275487255
1527.771603364483,7722.839028911053,63.12673197839817,325.78902677705594
9406.10630885677,1862.6924217122955,1497.7896418484854,353.485205284597
7032.880485821985,9346.258137101846,1362.2040903478544,275.7430151730657
7361.891483269325,2313.957493712199,335.9806901014049,168.15093661932224
3419.6457006847563,7713.534609281105,609.1025956954599,186.98122429009436
5794.099868557795,2655.577173518202,809.1853178182803,193.31538896025495
6071.599734742564,7001.492377900978,109.15841218992803,350.993235043994
7779.512727703674,1328.6148279441973,1055.6600251583634,281.4282254352865
3277.639421238378,2626.607960405715,611.9599722627618,60.97703422548402
4147.926242042032,7579.310368876872,396.8512494191973,10.020412072651023
2359.2914386542216,7276.071066387449,446.18897921974053,271.87689432484524
5645.891407643645,3034.705429538394,611.9880890883301,7.051021112125661
7151.9701109448,9366.219090900016,976.2374916367662,44.70837357304358
5776.665959278363,8686.953730689453,1092.0040425197901,104.97300549375993
9894.74355014881,3831.380549746188,1290.597061703401,1.705476104160497
7551.654149497262,1252.8407939191686,1357.6344738109742,165.0384969539192
3666.439995714392,4956.226252221508,279.58477415156915,172.30577271458685
6213.951269677358,5218.693277657517,137.00376959021796,306.5193411799085
5385.896696609707,5219.495212238359,342.3899319653987,11.14254204966726
2022.8474250287659,2842.3849371974325,1346.5375459481977,335.56342358381823
7440.9671019109255,3623.423966309937,888.0148454124658,2.7185435134734592
8655.001245227762,7471.080355800448,93.54213475192294,316.8011376310824
5803.08382252487,6535.711228327671,1107.2476089202207,122.09629552168579
5389.778630262667,1454.083116765392,580.7199294413546,113.934124623117
3775.786696101018,9253.122976010905,446.6203392115998,307.2364761774222
5115.45225785531,9234.985035982663,24.668701420296824,191.6655931933155
3652.817955256327,3048.1426943106667,872.1138347566948,9.406584086893686
5656.782171516574,6103.39155967139,318.1797275600825,356.56765682321844
4119.482408364099,3506.033189226728,200.25352346445396,257.96761270497075
1419.3680743704288,3943.3637865968853,989.7712354334826,358.1036697945583
3736.931570610531,9066.29989928821,1024.8989746267857,61.08405724517111
7376.197288836941,2468.228925364122,1237.8264913020234,264.86453783457756
2463.9926605781707,3802.7799658333597,893.6528675300716,73.37612853331687
2225.7905552999264,7384.448805555007,789.7953289746027,61.77854252642767
8282.961905570777,7011.58840431156,90.18187899086443,341.3619119524053
6246.965695352828,5261.056988811347,111.38089791205871,148.83613371539425
4907.8548616800645,4622.803275115772,350.42277706784,301.0673995567306
2568.430600907105,2147.7457153265955,128.41656591025003,139.4045503324944
6499.719300462423,5130.896717102894,1234.181902285432,333.21662811770824
8952.783773208004,1879.6953572405778,47.99956302473053,309.06276104287446
6041.212430977207,8405.97101679281,62.62433103835024,110.70424139069422
7664.004376123233,1540.929367022573,351.4982418273972,350.0566887321475
2372.8686150275907,5275.9157719333525,1360.0036215216646,214.77914602574057
2459.255520954821,1493.776076512162,62.54924816669268,31.607213650613026
3282.5351626033716,5917.850909129499,746.968166547673,39.996428394140175
6998.968009204524,7257.109657159978,832.1681921952438,308.95668965241737
1988.597652984888,5463.5510628706,1270.3884652478666,2.9784109069813614
2997.3816585410686,3973.249858241369,701.3231907839673,181.31819425349883
8380.393422404137,7644.03042195846,1329.0672704638878,117.15854623611756
3592.771750937414,3001.2720351697144,169.35003609392703,333.83126913507
6764.483468096511,1672.563501473299,983.6142581657008,115.75775693577049
6531.453393054729,5294.473866645596,1071.9251562292498,151.6463986570815
3313.029262523497,6520.834564940125,815.1571825706977,32.13348852166786
9736.4789881905,2464.3332376137673,1030.4593411207093,340.8863708869253
7307.044493020195,8763.142247374013,1378.3480944285332,204.41030514339144
1764.4320160008747,2976.8434742281333,895.7006391149436,50.89281147639079
3722.6470297222336,9279.892344056037,77.3246423753944,99.14557320466758
7761.686811858051,8533.690404999146,886.9124021718258,28.997195098401832
5655.162917373175,8664.427305145904,954.1449447179392,60.40538536551752
5266.5664670749,6933.507555206332,506.419135438851,331.6762255716818
4393.491721730795,9518.984575537823,1334.2920282256973,23.34335061593008
7959.28060608845,5551.958173351699,1189.4239488101648,40.220263434445776
8062.177676666805,9038.564802936966,124.27252657480598,109.51646757949537
9122.483097152835,5601.168286712035,192.13840577066375,290.812629948555
8195.911076219352,4767.23151895221,951.9679696080267,267.449887089502
7906.000188645139,6991.439812424729,405.78567516945407,327.7922357008444
6941.510533174203,1172.3800394004065,1201.931291771714,334.0111060085392
1102.5442250427102,1919.9269094416802,242.8745930470326,84.46439938875962
6165.378624796917,5630.12029774168,1129.3823318302198,164.8197214011889
3016.1132527284753,6317.577898447247,1434.6390021832135,164.43457956544458
7306.490688981954,7289.446080881126,990.0872867275716,58.16864714683744
4596.084836164813,1464.689960473157,1384.197794653075,343.2525756756308
6586.82529416754,1837.0062810295085,565.1658291274098,139.6805584748683
2845.380875993566,6256.4204876571275,1203.9098449932142,90.46720840923473
3821.390471839523,1180.3089885823033,151.66943043711024,67.92935617025107
4810.916735359904,5403.407136059034,32.05233035248834,90.31509558185482
5816.522157914559,2331.3946774961864,610.9577929289622,109.27321743343701
2515.785092172181,8250.430049387207,1242.015594978419,205.81611981555665
4750.099661705128,3979.8621819831246,1305.877460542575,140.76176100282603
2258.273068658362,7671.186031391493,1395.2676856109558,23.010802186845417
8130.412513549183,8828.18510721869,734.89258368701,43.48170191468532
9957.852662581256,4803.339234110037,830.327283999889,131.61105665223386
5214.445235994733,9936.505723865765,1345.2274219063158,191.3689386518911
4289.419852619507,6596.767916724647,522.197718454266,226.9577914856515
6597.770711115293,5167.948650355645,369.40648780719386,243.7840693410402
9896.840348746691,6593.072421156158,102.83825964833275,321.5451147590269
2321.5934082297636,7294.831096614081,385.58763133534075,210.4761173243261
8796.582733422485,9098.854254926271,110.42830208881539,131.20933159062469
5411.118307007622,7728.434849068993,554.0438564708285,199.1224483415563
1766.1353624840792,1457.8411579866145,634.06620336734,254.25569850044423
3705.020005596964,4372.784701834392,69.90145860046363,141.97372615990548
5587.094612002213,1135.2588219193312,318.25636267230675,324.66129335073896
3915.995565258165,4824.573244254236,1077.096128918954,279.92076144640066
3988.7498307540022,8587.40191945752,904.910988929443,151.48709382304682
4342.715354795197,3208.244083847534,1483.1488097222689,292.34134813507376
5648.468584611076,7470.6874323236125,962.1285399301314,230.47488082507454
2243.1655125600846,5475.639360589888,443.8676395457583,260.1095881873115
9692.641660432073,9643.73705222058,1378.4548265915216,292.2234402570711
3303.5855320666524,2748.113854934576,577.3757451850202,283.2957777966494
3599.888212940009,3103.145426933722,469.9685072069784,51.789731948438984
6983.392714356649,1801.3351400487627,1176.76426240579,127.95824206974369
2299.2675302560147,5857.8852248248595,1030.0995223142809,331.99058633805095
1419.0978170122723,6535.696386841194,515.3750160302469,18.565090464510448
3207.6961309091994,7371.17873437689,903.3084753472608,64.41623696847564
5497.238878028821,1102.0684099403704,304.44262526015314,272.24963397686946
3664.2300025848217,2462.093332955848,1378.95011330848,350.52082401113597
6890.950581147736,5733.361044027693,554.7792630727993,341.37227191743636
4416.7193520323035,2952.1403739799234,332.3640727649697,323.68638832222086
1548.7343696633006,6400.380763731546,450.1936174879911,260.5191904867399
9438.000834599106,4119.77370523742,1470.5689948062306,72.43120035347525
3465.9408397794014,7809.3725240431195,728.6687554881346,117.13391762134265
9791.041983552543,9424.75594068663,1391.4729185166268,7.366679207846069
2080.8687833517815,6411.276352964225,954.8463369819555,68.71781524379695
5472.54293386896,7995.466299880724,1039.254673474292,84.7840166960428
6473.662251811251,8778.251755650595,889.3810888194505,71.93391855117424
6305.649401450204,8953.75647039854,1290.5356483878793,334.1381476825584
2819.059395211404,9808.1741407992,491.71570036458684,242.7198859868137
4589.794950423043,6907.912607122819,97.60461700671756,315.85643753863843
6263.773916997534,7241.353943782026,1307.7605377328068,239.01904164037603
1659.6288489580577,3015.935664772086,868.5248779514611,72.6955233458369
7252.764331777008,3732.8419260478368,413.0547447529619,299.13609259410845
4219.028975887537,4107.3703606582185,805.7250309394607,272.06589436064263
4884.017681629951,3258.2007988914547,1197.5126594432618,87.98676097899981
1108.5477924915447,5893.754363194028,1493.6686630548816,21.789945007072475
2759.716238605164,1550.0925395028116,421.6114221947871,359.29602900228224
4644.846466394565,6193.711978277252,1117.839102523363,91.74954406773206
4490.692383565866,6049.97423755558,177.3899228026555,186.68850274008963
5850.759175786121,4013.9212513855887,1484.186549415903,46.57784521199942
6662.9792302241785,8473.331131235938,104.84905215654342,143.9685027731149
9960.224333997023,3478.3289355898582,392.94992707267005,335.1460802794107
9982.975386111242,8506.46790351398,124.51351212243245,84.35727195360221
6935.352281295074,9257.774958922415,656.0779228786107,289.26193595390293
8959.225796600655,6249.988721321559,975.6427277484929,94.3126031361809
3171.0434899840548,6781.142996289936,486.63155629114846,282.87070301399604
1782.9098218385257,8625.88952318372,1206.911869743276,226.20412965426195
9608.003827196537,2325.5535580699243,268.4477724430816,124.48092703644896
6339.950805897907,7693.610907956652,719.0972246183696,259.75095227106044
3831.262593847222,5120.224949315596,755.0467979420715,4.698426044822519
5849.873350694863,6863.317834575775,304.1183365357987,299.7014079607116
4259.005581193631,1238.734261915409,1102.0069710785497,170.02955506404442
4421.188750245059,3061.037416229077,1018.6338553181387,142.17665635512296
5545.337809841753,8630.078554838663,378.683571234996,267.6810657667513
1142.2513291623518,4282.573323335993,478.6378287266889,242.59627030668946
6441.976956748606,3708.474053146625,49.242527384976064,276.012220495841
8494.043423523966,2515.867393035666,431.85783476649095,329.01203957371814
4138.945557218278,7044.814134179238,287.46049188865805,32.50757264148021
5884.220739371137,7240.319836773348,615.634982026539,353.80283355180103
2973.4567534852126,8638.756017372601,317.0273282275433,273.8244785261946
7661.261798731491,4226.021631064152,945.6822281533613,188.50549336841385
7434.923016337896,3701.3992306028567,1380.147529144872,182.66241884000323
3372.338448146431,3670.1220295944972,1399.6832710811498,35.367104391674815
7226.12485238342,6539.536449635705,925.1283093100543,178.2664025035403
3931.2873338083364,6020.590311006686,1080.462389141053,334.8577288501103
8109.1246284818335,4940.31609537509,1212.1532665709976,88.62425739687815
6906.220369149055,4836.087148686602,899.7278085828957,161.17295103420588
9162.2207799756,4378.10113942619,1476.74208246282,314.36893162333666
1621.4049448340543,4365.065876303244,1038.829640074293,205.02422197717638
2991.116938803725,7056.696353227853,85.80747337886206,277.7377873581307
5218.042234230927,8282.655573698332,766.694904675764,148.3665164037445
8720.102940954004,7648.823121420339,898.8573861487208,314.49496056170943
8608.79822910458,7297.251660350881,72.84224956455705,75.77288828838728
8992.013804533863,3330.4427930008387,952.4572015605121,252.93912420376233
5362.1194767078305,2485.8201045373216,1046.50622505181,157.58873364740174
3305.556868035405,6188.42113389406,288.1697121476694,334.7853173063241
7637.036833955316,5016.562209319797,1283.2156067376454,103.5313138998416
9753.100320853246,8969.929002038298,882.2073172724948,198.59032718196227
8324.4969387358,5140.869414810699,1065.9892283242812,270.7655747560032
9608.83223437706,1323.5481055290354,494.44666098247677,173.91815733683288
2980.715555672486,3099.8921828200528,399.3069789143191,54.15065525801989
1687.3607098115294,1339.8064445646987,188.2423445688823,300.86711889939437
9039.867098980838,3443.684040816329,5.327882285528687,270.2947784828145
8181.309894980942,2422.178032738645,987.730746278923,1.3161088050307292
9075.453967903082,6368.112853423386,1396.3790382851082,152.11714728162636
5260.496479495742,1584.2270116372276,208.88266191334802,283.51749064359075
9471.08759213823,2614.2209664267943,1498.0726248404785,73.20200683248314
6550.0012761023245,2532.0902462115127,1024.753347276985,195.48398930223797
6297.516436042414,8524.394378291712,1125.64396324127,4.109437752306454
1601.1768930034625,8615.602765234422,53.30513785737885,114.60024423910407
7292.496110128916,9777.522947620158,85.68255904344814,306.5660982273796
1299.051793860898,6833.548866803829,332.9945189292237,314.6254440094666
8391.542104456163,7644.544705517687,344.5634163324511,74.9626436382585
2790.634493236204,3208.3598899453173,312.33045164080266,30.268903926272362
6175.846901116262,5980.313460586193,401.1107425293773,143.54563345511605
2446.0636491864816,4537.607383421955,135.4528973292204,46.388189172333526
7903.235314522454,7159.656008022417,163.03751280102017,22.768804725884767
3154.687254383259,5733.806041152938,385.56112528361126,96.03911246352929
3753.8911284722208,2061.298129736806,1299.932188517272,231.02326263712956
8079.3408672686755,9159.664398567043,1451.5579510086143,347.9770655934289
1904.2515503438267,2440.699134352242,1491.7668854194278,174.72946625359893
5370.216163530647,5558.9143458238705,1368.721872172328,324.43475239099195
9376.228848304107,1537.8866907168972,611.3114863276163,187.4407071293536
7485.341103902428,8664.742801475648,31.718247617545988,250.78382326702675
6389.1671884874,7766.751672334032,1093.6950804737555,130.87600869842063
2788.209718387575,7887.210174376514,96.13532346237743,106.6755007748721
2158.0253061125577,3910.3722354428855,492.00506016854655,69.31585111758598
7171.955272708803,3909.5292665070365,301.93404723159654,294.67555827757707
8570.401770153541,4618.566483396657,1375.5726845315055,43.213488922783476
7890.776333566243,1337.974932362098,334.8124581253922,302.2932492636034
8753.626282923018,2794.103428541308,198.53349371115635,317.62973325799567
2985.688596628305,7893.083037305531,826.7534760550848,182.902830292411
5941.408040646603,8555.364858435267,560.5438920054804,36.448794241858685
1463.3837445618365,2392.0009843548755,522.5710083079848,166.4011949685947
1109.1546461286794,3540.8478030756573,1098.5210422289385,178.30567033733914
7643.811626093974,7802.959829868219,666.6524190368689,357.145011672875
8942.194588901048,7999.748938276322,928.4699589801313,340.1852974647803
6145.906680038337,1394.2122287338038,296.7276604014819,71.68760515010864
6315.056190989439,2453.378653367595,702.9654518673599,5.362704199190456
3503.850461480961,5706.598639652162,800.5579460837541,249.82553559705858
2990.8379607139327,7299.44636158505,287.6636851946075,215.4741828671146
9649.666956323303,6634.055133859341,691.3121307602784,91.17114809650042
9329.231015578955,2326.448474039903,25.63166927006155,335.34149101691423
2910.431156627635,4127.359144459021,1031.9690018428148,13.585317559555408
4239.13033782143,4967.827104770146,39.87417736445914,190.2307195668331
4953.556707713948,5967.072842064806,922.9616185266045,55.43246188765938
8585.430758381042,8759.82142512134,28.854958499774924,240.70639747238292
4444.463928541415,9024.38499680016,49.34718454002636,28.207812651768997
9440.054719302349,7267.207366251669,394.05341807415266,263.98192146651695
1909.8983480643583,1976.963708551375,1134.489007111062,78.4179485133437
4887.13904692564,7694.543058181881,1117.090680199039,332.4107972912659
1158.7966256664974,1138.4206359277573,38.112460758923916,16.702747105151992
1494.2341987234095,3933.332831739879,284.52001856656955,39.465783448366324
7794.31386012334,5213.502734274801,629.9613133967348,331.0250569098578
6458.870061500693,4828.723207514409,1138.0879904668434,303.4003049280577
9294.812728275636,4294.942890476526,1301.7514043336741,198.94199456763243
6620.561249352477,4287.919344234631,1262.9309193733886,277.67572099196815
2011.4783274456486,5117.062121038024,1064.1793316057215,92.59825272306462
3640.4179767149176,6800.430866858558,310.9756549412215,349.7924915837417
1904.3146353553198,6510.857298469077,119.64767657910556,114.36532833114863
5619.319829999702,5345.661172889288,1494.6238146731826,354.71614656505477
8992.145098700552,5360.816568366348,1165.0038466110816,112.65830509783393
7908.428237063797,4159.2542599638755,448.39114024389755,142.4327622321693
6185.872435846032,7063.77123246364,293.2356699196654,196.4946391284677
6207.507207189935,9589.051885314726,691.3595909892406,307.8183212039956
2765.2447011698937,8356.376708183161,116.50058694959579,32.88987758684998
9989.152186972586,3464.0851127002306,340.29940774348717,305.628141210577
9062.396465979125,2297.8709016392568,1144.5338964297807,199.68960044239245
5570.127680456092,2559.973733245244,607.5568164027102,88.09524535110641
6495.444342377568,8900.051864890153,626.7832621906676,186.68082600363888
2868.8748452049763,3898.081052298901,372.0375500723229,58.51706641848604
6343.121211444438,3471.956398437496,764.1207109463072,157.99401641991193
4956.071472681041,8582.950748662981,313.82211582289716,120.7529806716699
5489.479093829636,7126.893031238648,792.4164674059416,213.56568504022405
1262.9007080542608,2586.0901341978683,26.212583289758,296.02948855432044
2957.786589672819,4138.564499760791,683.1599572150976,120.02938732349448
6628.550759896251,2774.3444563391467,614.8571553610161,246.5424151944968
8962.349842652377,8964.842326818207,1399.03126563935,26.043439158219677
4683.2809521865265,3627.595812080641,1181.699899019021,99.99326039290837
8259.079499841262,6336.236106573603,724.3714892338818,352.8745996411267
7070.98881806016,5647.795822034096,123.26454032388416,80.93528048345739
6553.476319546787,6728.932243992153,361.99522409685574,2.836510428927211
5532.205618978781,3914.440705471337,838.0627436396506,151.65135458971548
4702.596727030015,6878.927275740586,453.54679420057,232.5364692360311
4440.322936562506,6219.354459302509,1394.3250018599263,202.91808523416395
7334.49499097027,4940.397528110052,438.97885312449483,189.28412280695642
9305.815900157468,8334.482025892361,553.6423579722926,342.4276668940102
2171.8097486949755,2810.7580118959404,5.295845772535129,358.9128193817165
7049.426626063672,4891.742781123843,1206.1967700093292,272.0468000535006
8730.86291865701,5102.569497534521,518.9910930250726,225.75111874632765
9644.54118615189,1816.3987485473267,1091.9639717902385,36.87675385996858
2674.581122375278,2839.0197442113404,654.1643014009493,227.57171425883604
9114.493967622464,1130.014199039354,260.05594249572516,238.1403921903653
6325.955982445458,5911.73797142079,1389.7232293276963,196.26757576725018
1539.098185626885,6364.521654071856,1177.9438798492602,105.35980602367943
6329.479802699502,4722.426558513624,1110.9957175268778,199.20058976604315
9399.720616744955,6650.904242219301,203.46346059006657,49.184400547101355
7910.40371235806,4979.982411753721,1435.456769921201,86.83608226828157
8096.406483168435,1728.2229130563705,363.29120862176876,138.51890179770686
5155.246351275337,1235.6351436959883,460.661704967655,80.31148773356165
7952.1292177257355,7090.216730491733,798.7909122024464,79.36567823545053
5333.587690346368,4967.059468252892,446.4220652658825,277.9797566868721
5558.283072072238,8878.741023869508,345.3505251600932,4.878704293937936
5250.340193302086,1828.2228239457536,1075.1014012310925,174.49178051713602
1202.1929341023497,2373.4376112544574,1298.0353959387337,149.6749371664019
2833.66987414544,5493.249013250789,312.3021163959594,192.48482917087713
1164.3760743441148,5357.260832189737,93.42748100546667,36.91654339427458
6221.261211081097,8448.272785871111,485.92066550001255,234.5431802028131
1884.5632733950183,5515.096169764237,430.29053277802416,327.6913994121738
4414.325815489443,1151.617251748186,621.789437242448,137.7341976915685
8022.233118624774,5481.797677669522,1427.451011497312,29.349667422135646
2887.048967846116,1815.5706602805822,698.1588010099341,163.4233037471975
7868.106549342993,4733.998546877065,1072.0854901174437,26.295603447200243
7652.329038510331,2216.858928969306,517.2072204454909,333.197247815324
2942.083689008156,1312.5139273420712,240.37523127736853,72.36688489342924
8577.169227333115,2538.7646227316227,47.50880257649626,310.083921673646
4282.569902375448,3880.250174960529,1340.5735499267134,33.47174230461717
9024.611036445072,6073.679673134964,54.80334541775948,77.61909132879576
7273.284564283101,5094.1824718642565,1098.6014984507713,80.37153628640675
2524.341866626677,3819.6119477723178,380.74910794812047,117.03245348420326
4616.990665213927,7078.682375114592,430.06869381298,136.03266161159814
5625.419019431291,6376.093054784132,1108.3295514232325,290.48302887942623
7283.934141524787,1873.2902505185687,400.64616641632614,196.4231635553786
2635.085737048728,9454.606696168117,1141.7452410464643,29.252013590412115
3349.7845967432713,5808.24236012331,688.4799605877347,289.0228469113726
4146.962873605747,3672.2096716523656,219.84079554698494,268.03226499923926
2274.937688079056,6174.806226817416,26.909395154190573,331.41225562449677
7079.014571744471,8732.887509796372,572.4693397992365,72.6768909280283
1312.2665315517834,5685.21274358374,839.654332487282,203.83796271396852
7331.565395817137,3917.0013308941398,148.7773191516177,206.70383883264907
7998.489458319491,3023.207363370375,267.4733148665189,201.46334373484206
2801.184397009649,4612.818622669271,652.5029305936356,14.982153179694615
2051.6751688616678,7019.6435564992935,106.63648248236666,187.97818893944708
2613.853665032887,4683.654687822651,1415.5463215690706,110.29836517468837
9971.310063910933,1707.5353927124784,794.6781399384372,12.731996229572792
3018.788075733286,9846.58215785729,592.8995773488717,245.4967222125441
1139.70092723124,8305.314537817052,274.02958330275305,160.9226178545362
6111.5432311729555,9119.910713313584,980.2192661348188,1.5953459007760729
9303.408262187073,3361.1827061519075,1479.1362156426874,192.73104895646895
9184.47438468087,1385.5087751101728,814.2476187787537,160.1622715158619
8412.83651386166,2689.2460882815985,22.262162323098263,346.54708459168245
9647.336713169212,4064.1220411540526,557.446433560894,229.15394143557677
1947.0088241126377,7610.110673972509,400.89296768951505,76.14164186054947
7927.166139027789,6484.294531306339,281.32762820756926,51.68114001561202
4957.995462568124,4221.727515545498,1212.2813639349076,326.2390695408103
9630.992957349807,6650.77528533689,886.5867449692812,81.91193860083817
3325.629010337906,2474.262434524925,143.7420220641531,181.0296172108298
9113.932878428666,4437.301923933133,510.9578803828544,63.88641762118911
4495.157614067467,3223.917824848874,855.9758804243016,51.444214485862275
2154.6140196122988,9322.970453591068,1345.9980500278568,1.3238377197537994
3758.59982390212,7374.262514637495,368.21860634869375,298.510417522209
7632.596279139362,2032.6426207860031,401.1693650496047,254.49469993527063
9388.185385576218,6977.43856570673,829.0388790330196,278.9019523377407
9400.639251168046,1859.0469008593261,675.3587169277531,82.78161878338446
6606.723361968485,2274.486790720972,319.7542723065647,104.87432675712483
9353.856886525778,8821.312035851402,164.9517265930559,288.3566985840579
8757.657846802998,5587.857754743822,13.038203019411748,65.09394690299749
7000.8523449159575,2957.2220172233774,1158.8121616142216,238.58115312915123
5722.403747393109,7963.456497018509,680.7210916911348,195.41120962159798
3533.7851796327873,4419.783487476114,1414.0375031496371,143.53498351909317
1614.452251692585,3157.072542521567,852.1043088034085,148.3806583817919
4778.837842598394,5995.245568738414,499.1800866026033,82.51248476067907
1831.5137816958963,5237.749178720761,1273.0964004995892,237.1661666748394
1528.5713597869972,4928.682064279686,742.6862728938146,197.58038802108632
8789.789780720357,3489.48993961069,1094.0612434122925,23.45906443865761
4105.355586863008,7374.234750980843,475.06064608152326,194.62806210661248
3353.985302562069,4831.026412298349,1364.5620697812321,126.50048439434882
4562.870592103794,4691.642367848818,555.2334652134028,32.66928247606513
4005.386025834489,5041.072395542938,547.0752512086669,197.38858124088324
1100.1646562426583,4978.357032018323,1314.8405813000888,302.8165864581064
9473.564111071491,4723.567069064926,1101.8360112478458,129.8656567420679
6782.170016806847,5796.281725589979,1010.6271443311156,30.832386293789483
3666.2992762886324,6509.602056114962,446.45218633225306,341.6957626375024
9422.7852436971,7259.472322023758,902.9659573436871,334.602891030587
3994.341547337922,6099.496562112586,1155.7136369488196,52.59779566313342
7466.700693227333,1440.884532384334,1275.4015054875197,332.26830718987094
4246.792553653486,4567.032085075834,564.9207611943391,14.124532628425468
7839.452450806062,9456.851284601915,479.7828323736822,317.66463717552955
2265.2214424859235,3641.890046212897,686.9904745595801,139.47445285014177
4699.445120345849,2594.2022009770035,527.3539354264527,57.05609608710675
2294.1237034151313,6047.96841661944,530.5579406746588,185.89262521587187
7108.64870116454,9777.587985794777,311.20167521850504,279.1398952486526
8467.364206909147,1841.234506258892,535.2610060267103,295.4115925906415
6294.116789348078,7371.040851921197,361.5759085269858,166.5736016755211
5426.793716212022,8525.695638733767,429.5067332215335,55.06019053951477
9760.608158565561,4766.280720015864,647.5860461880992,270.2819706070718
4676.9855460333965,9393.144870867818,117.75706203482623,74.69517065062634
8791.8437810256,4222.160163525805,594.2099127933736,230.795376459251
6001.304045363893,6531.1883429260315,1410.2963741367957,50.14039826880903
4481.640038883441,4072.2504598559017,755.6624694981234,151.71939705364136
1960.7354857374576,4242.046380597112,1336.5432085198158,173.59513632877136
7486.3587974221955,2424.346628080862,1449.7841222839834,55.35011912645351
8070.958346415682,3165.8362100604586,772.7374708827384,267.8242198064527
1999.272797821533,8217.207626943018,779.1054049923513,190.3801692702212
8626.509525768906,5729.699067398115,1437.143019209853,286.4088003338876
1523.0688778913568,1414.1122151994011,268.1962269610629,117.48311827296969
9770.392794081541,9895.203059146213,1068.4224589885412,257.39625413028574
9152.83321640708,3498.4333233619423,1228.7785277619496,31.211588345327613
1892.2975747504663,8584.554027275211,169.38222233001164,14.4758843781475
6079.533811596655,6366.1392163326245,774.1969960050135,342.6975823260126
8097.52680872026,2705.634286447975,900.8767163247533,308.8132365940336
6620.18902653726,9325.801011814987,142.8474991874053,146.19067036249837
7027.915552260266,9743.010129963675,457.93189465926827,217.57216799174455
1357.6724192823258,6185.480872260577,417.8712882364335,204.28847337284176
2054.01036851764,2254.79454492526,1064.2018399751805,67.92935738251575
1125.4442761781781,5244.128223691621,1495.3502809643692,226.66077384357698
9859.578100969464,7027.517512967375,1062.2205603517123,171.94024551808369
7703.458078569103,1525.1238692525776,286.935264220561,286.0833529683603
8721.052346780865,5102.512442903317,1069.764499522024,268.6749874184102
5692.608661423774,6396.032505469562,1240.0939583996058,77.82895591421287
4855.508239937943,7407.104106353764,1414.8761876034434,321.6670272046184
4819.760635532533,4224.933001217201,824.9763049479144,263.13630870871077
4451.403155375599,5649.433505047539,430.17810521151375,220.52972826641152
9262.850810959633,1777.2322488086638,881.3064880490144,342.77051662094794
8030.578856863175,7884.065308901534,840.8825874711513,159.15255082842765
9371.888729221777,2317.3036493917316,1465.7106728297142,178.7957896826044
2042.08310069462,2738.633420886562,1275.870234754009,202.07693013983953
3514.336353158657,9896.945965540806,1383.4995692890666,348.9524988956415
4146.229825766035,8141.647174593773,1318.1234876295603,14.968256849021142
4959.140749521955,6952.6692635908685,643.4381546872967,170.92230811306632
2993.8171656891154,8639.725761680926,863.3516109319032,284.54996081702717
9708.240075944275,1226.0436988509332,1118.1373986798303,22.284256946168327
2417.214295498588,2802.135813994809,159.20138814074176,129.09836738039627
5211.702392068388,4064.3343544377053,147.3870375498056,131.29747279530676
4535.0970913689125,1958.1559579182804,663.0033425880175,91.23760795832301
2964.861279834515,7139.260152493575,250.82707454070032,200.49542277819327
3202.849157764153,2798.9671784765223,450.59424013503036,274.7064404583061
9987.38684883086,8197.8581916342,261.8604518774258,145.460784025607
7982.685343676416,1401.2986549287732,1095.381956185956,225.9611700874127
5142.850135224064,3641.668704716596,591.8392728107199,294.92561369006694
4329.77694142701,9120.529306732305,279.98708026650667,12.287391605861105
7241.528578826543,1847.267241483951,296.7796102797311,322.8647030992079
9447.101753580459,3189.836702257813,1057.024552240164,70.65155673472019
7943.340040463357,3597.7919304756265,296.93531138077645,353.3905899050234
6107.113938171616,3796.2414035518627,1284.286984748921,148.25857329812965
1219.1664736469177,1573.4598940549058,1227.4833815374832,106.16477881898918
9504.882644521427,6964.201219871126,356.296794206117,153.21082143529065
9790.346912266426,8539.59784582779,290.1498142012539,272.01427661454653
2463.5450199077623,4799.145565286521,706.926777183165,40.57102908790282
6449.459916717826,4824.791971829152,1287.7623891628593,290.3910112772361
9480.718054731713,7342.661830510824,955.8929464524967,130.89772132470364
9925.15278876075,2333.4844839154057,603.5957335439396,118.64201248521739
8792.202540914703,2531.5856439156064,901.2580648979354,172.14202956723187
7100.8731275203745,8759.649152389335,1107.1137343556115,205.42600077912107
1662.0553065259762,2897.043960326438,1082.6106868328923,325.9624212795063
2865.095390460886,5282.155800750276,806.4946502641277,226.8177411438297
8914.127841675048,3624.5630380870202,40.88810574161058,129.2432653725884
6114.952570435211,7081.073364527506,443.1001757160187,29.392630806003005
5363.591918750615,5316.093472436449,1145.8225117321047,276.5396712949137
8234.494575789187,7052.666042315701,1085.4308319890722,265.90960686977184
8096.276263779568,6393.445621961807,588.3588207125382,165.9086699863346
2929.215812982242,1904.7398092980043,1194.491546821532,198.34638379051052
7908.721184668432,4176.9526041695335,1372.540494281725,305.0700294995089
9462.81388119374,6567.3427255259885,960.7497990432413,167.7515030454302
3658.2396657273002,4225.880640813188,261.74700964395305,70.22225124891023
9084.147116275035,6251.492240087333,1043.9112663165397,7.638070551458884
5088.550855916115,4016.255653192527,1209.0187681833524,353.15920654524837
1683.9249082262468,8347.700657915506,922.0993356515693,15.159861864325897
8134.48847394145,3530.296011089025,1445.7717433116347,155.35854433477883
4312.6782753893385,8018.03255425402,493.6861042667453,301.0151303633274
6132.312364488782,4351.990531820624,669.3355250701161,199.34123213285054
9832.568100723489,2634.997236537245,1418.2336906606884,61.02455884602644
7332.608958715258,8007.348763337917,548.2669031544589,235.31891440313382
3372.0900282280822,8366.964550161914,733.6180780579381,330.9181346931247
1417.2118361781074,5127.468487762671,1201.6113122519437,227.9194968765031
4264.94489481857,1682.2297922650346,544.764492970083,135.2864215905574
5062.406097647034,3265.6087198619525,1437.055671981887,36.287394969831915
9400.279870650049,4789.152177747884,25.65187872778361,83.14344862346256
7401.192583611664,5894.75159394123,879.8759385302375,52.54769565530227
5168.960348268028,7732.597410123069,690.9968785922167,116.42346133276186
8428.226014646596,9516.167237166042,931.1700030392107,320.88561901143584
6720.575193247533,6446.111174143802,1159.7287900784395,170.6344218362275
6814.009190949752,2751.17073372663,1354.0742358095426,206.52234962521044
3163.2734034400382,2553.8482303774,73.08112097395578,341.11995691410954
5123.307383796311,9230.719262024784,1122.8658176181625,339.64863763966815
3790.80425183988,8950.563659679996,141.06986277435954,147.59689589404002
2383.0444000836633,4955.737130933796,765.2242994871258,353.495885203974
4134.614850644537,7168.801247448131,1392.976969179607,73.7494162249277
3887.3599620752407,4673.023408237496,782.4238439311083,164.2891100566892
9131.582617656046,4336.61750128754,1068.6651840817958,123.55377083120077
8643.187259041568,2932.699651979571,1393.1476469742079,250.55995934738934
1994.3971731473314,4128.680645503326,296.306605304073,174.3834735985645
3545.1382778171687,6897.063280184105,171.90401820511596,253.80791749826116
5188.431677821125,5861.355717924018,954.1930161664477,21.549315889208
9705.658687421916,7116.82688060231,1443.3940963008772,38.820671630750944
4021.596422537087,6294.006360216212,411.99737556842916,288.22786904111285
5538.758744261485,8441.445524229974,1046.0241163271107,122.14694206949434
2383.5332212638314,7058.573913861723,1025.1202639096573,329.78550263004786
7890.358167428451,5042.684912602821,171.81103974987835,181.1805073629866
2043.504410519532,6924.190390504782,1228.3328726783757,72.46469675257318
5235.140288516287,9290.51694406999,649.527498859853,71.9402441455992
3246.9964811164955,5663.075203720619,426.949542280439,231.73312035194326
5948.120700238716,8506.798037101584,472.7106837575241,157.30105408596506
1623.4335442786946,1270.442493700902,457.278736135728,357.3317715170112
1311.2791014137777,1211.8343311011558,461.8865024847528,333.64493761407545
9016.543064574797,7792.987838031447,286.6037595752227,65.70463184207757
9505.6097349876,7971.721991212176,1492.6339851508433,251.5583413210788
2459.8940815806172,5507.323145036994,1.5889740740773624,58.37646331510018
5798.117069092366,8933.72215411499,325.9141649816222,223.14767989526965
2808.2060959679466,8115.014913233565,842.1873280263655,23.959472249485046
6187.390504622557,8924.792788047573,572.9997945782549,340.72705103579744
9476.36513951081,6882.803477387296,1215.0333051200635,209.92864065662056
5706.583447831716,8363.51411334677,697.385890448226,39.95504658151172
1132.0134997516352,2274.3906483019646,120.07590977323412,110.96970457516012
2444.6287013486917,7549.220578484414,782.2146400787348,205.61640172841467
5339.807950748841,9062.64052180057,1488.5003335387403,74.00143806449431
5740.850494068281,9108.619181732705,902.8578543499037,334.0341549987801
5703.83658120671,6084.9420072490875,21.05445807118184,232.5359178516337
7547.942826417693,2869.803663285519,150.13295223591592,20.42860174471774
8595.144502077404,8466.640245013465,131.21871335032625,25.4266496959562
7850.211933339849,4927.797716932644,265.655881152316,186.434172714379
3222.7101629434583,5491.521614891751,1482.8678611910645,228.04761036760357
1239.7424496611943,6677.510644823613,1169.2011123967814,311.22980832717104
7769.085489253427,5654.870192562027,1009.0979674226927,284.8995728096376
4359.321677123931,3391.1230295647997,424.6834332858153,125.96518960740629
5480.131854768614,4105.643687454779,1350.125577824484,56.299001016281174
3963.3856425070767,2882.2536262373387,981.032508013771,242.49206136152952
5356.186978222664,3040.393818241936,905.2981918479826,119.06367695636446
7269.738362069645,3941.6605640127686,1303.6311566805343,11.74565512886073
5206.607733439211,1692.7259621819462,999.574670101729,350.7901897620673
3126.472491315444,6311.541071074448,670.4392948154722,88.48057967213975
8078.416412811027,9522.588412044659,1242.8027837227626,96.95103257105768
1454.9496258018826,9618.48692798019,1063.808810215356,306.54559390194294
5159.0843253598505,3002.1047755871477,825.8947230436135,314.3687734783618
1912.8214953565107,6240.303570403478,1401.3995179997823,334.95394695006814
2248.451279711991,2504.2036414903696,745.1480148942495,117.41816761149221
9455.976869658238,4453.324401094638,968.8830834292049,199.00072197786469
4527.534260955479,1161.830239466135,510.7783087567432,139.1302076733385
2095.071114316788,5639.8515321217155,770.4130634402366,211.96823958063985
7742.535998369393,2439.7759633087753,960.7913105695508,191.78632148339227
6142.232456218899,3178.4748097512866,1357.7446942587717,352.5450581797964
6219.789431121891,6896.075125209993,1.9952481977074923,134.539546687065
3996.2078906049906,9046.967716076095,1411.1503446357742,174.34332723029743
3489.6934046297424,3192.3462072882517,957.9355475673709,252.82381077114144
6760.970792938986,8539.81739304533,270.1397245428645,40.826106630065496
2100.3509245095393,9360.737609518219,183.32107897426087,206.6493709133524
1571.6844195280905,3424.9455070520053,369.87122494262985,333.1653627306082
3373.803635206939,8556.49764906386,457.27121963243087,234.36608326482187
4106.410714203082,1276.9181094413989,275.7545446153533,144.16658256468216
3313.694412405645,4666.974382504767,639.3307921368345,265.113261026868
6542.56464074576,5603.336565355064,93.65262249216678,348.7151907165742
4679.419078375885,4794.924618791886,642.6893538135054,159.82997452066118
8574.036697753723,8017.756677222906,1259.8026366730387,171.93826780151994
5184.380199796862,4989.886514530463,597.0924046323066,156.25693179706562
5073.91945170064,6056.854197694849,1331.952387992186,292.5147638734783
1604.543991423145,2601.4649308140984,692.443279457202,156.7455152447384
9827.355460780185,5902.717321442519,689.5997619512945,208.80440460301202
8723.319645934882,3269.250996325467,540.7966910106577,279.4180417225741
7800.48927609953,3718.0042689523857,1170.1641496989905,2.981650171315229
8263.440871418788,7154.28211807371,725.8779083386348,61.493437973449105
6676.5517277583895,5477.0247708602965,501.04606430153575,16.69147131449
6924.019342078286,1672.485304610128,1125.244836443394,52.64371002115527
9478.377318228417,9293.32846484274,265.9650803564038,213.21812437538514
2052.6335932232214,7020.8907274373405,127.27899624959912,334.57902860085056
5099.518055753018,8531.83737496533,180.3415895110553,352.08362078822245
3064.569403747888,8023.889268390009,380.3138225705918,155.4881411982267
3876.956816938298,4716.287532452813,1181.3476550634036,24.75006743516172
8528.727847641807,6157.313203636972,1097.3833551447244,267.7088710327528
7202.493259050832,6448.792191837205,794.4573615519049,147.90101236984322
9085.419711124418,5703.224540078451,80.49874880005557,143.01573317537716
5190.928758079872,9217.93600021168,1033.7588273735475,3.534236246835553
5126.266533063155,3137.551285550234,1164.8899976260625,12.13913914976866
3028.30118568369,9476.45443787524,1432.9617106034207,158.86276821022398
5265.111245605948,5726.6348925815855,1167.3858541896363,200.30722800238308
7866.826541169886,6891.192033819367,1334.2765272642205,183.06658504467703
5919.639382513631,9514.342373190508,962.8649693035773,308.7158113007274
7272.7966612657865,8474.608330125004,251.4092930432157,223.47259750030594
6393.671776915078,1120.0856556968015,678.8637597787134,159.8957161158018
2469.8521740938286,4718.672323593037,477.63065319911976,68.31213235366985
4911.201770884906,8047.847843108797,722.5612597911592,244.75204167420807
5216.034849547615,9137.50828239572,1319.1372982350415,218.55394669550807
8978.374447713319,4246.720186967972,494.21239085968756,172.74674445929952
1166.9242787756475,8255.103015277095,520.9377065318467,298.5533944791409
6585.333637370421,5037.929573857982,166.83443552866777,268.4072400834535
1422.9583985846796,8458.220355152736,57.018473954040445,115.36594677552225
8382.12174858287,9282.329039401295,879.9054729759085,160.0265242343134
2746.771796945219,4771.287846440354,426.6145582767629,68.25851242663356
1778.705244224561,5801.76503859835,1241.0114988452258,198.90202162924552
6621.012768884448,6488.794803504693,1241.482924049762,145.57105223141556
3228.482981102067,9743.992639678796,76.09848635166662,264.0434364409512
1774.6275868092666,3862.521674095886,215.9007185309797,227.53794245491085
9153.15250983366,4434.9376708818445,357.35051666044524,332.7120941590853
3218.696958104244,7094.9726143697835,586.1030146527587,346.92165536017126
9723.68524361678,9816.438772068852,1013.6428806351942,297.8245329269406
3584.263202591264,7675.997578033366,589.4646906445156,26.234820370109666
7181.3122677303745,1764.1039413810167,1258.8378064941255,307.8624229247716
8390.437686114334,4781.389082053967,635.2178190238722,9.277549054326473
6351.965529542353,9484.665891157434,1214.7577231169316,308.4976954469903
8458.733330634976,3127.57129966104,629.9036242807846,280.2634123508957
8983.163927778278,3619.643165530986,1341.2882333513917,211.2644098660323
6703.312757246513,7143.864032285347,1493.0898533482812,327.40345488963925
2942.301015378607,8387.303047324176,1449.855293435658,40.80866160957213
2318.148628900636,3460.377996980029,412.5215779388364,305.1074556476783
6612.053607612873,8986.29392315225,1340.7391253578016,71.70889669292333
5714.128772467975,1326.243135309447,1320.1722763355244,278.84534181748404
2267.1297507850963,4647.199034494434,1196.452745689673,300.36454593102616
9783.47163003075,4992.076804584328,1152.5300781838018,183.5505563761174
6246.227124967208,3557.5798980001678,882.5036760683538,359.0390353896386
7063.77989877987,9916.7455543093,318.1761941458225,278.30199427049627
8527.465086726428,3079.5513645450565,568.2867708383909,247.18206639625743
2268.472138672034,1933.9912246941167,598.6243360842473,298.80287391448206
7272.7499664227,3178.2177796153373,279.0487889320212,116.52660298607584
4127.050669451897,6082.478222348396,1365.8061530173993,147.72866248720482
7515.206918701046,6325.271312537218,1424.5493763346547,324.02908626400176
5680.524990621522,7491.041585573619,228.25564870502802,154.63794982482466
7030.161475429959,5250.824476060113,1376.746879694606,179.78764812848735
4976.883430139658,4228.739207419323,1119.4141026571501,64.45704078593556
1545.6087682479388,4083.5077062672235,1187.0132825376186,338.3282628491224
7039.053682343391,7320.705583928583,1336.2526512051552,67.30382881076068
6754.898491725942,3511.9471562618332,472.35758054889465,80.11141934660105
9024.74838508258,9610.19770352065,251.35075820704603,273.6607434745689
8888.226514592621,5557.697416526307,748.4219650187084,50.47713709487754
2094.632905910608,2799.7532257266357,996.7093170392493,248.51077962352917
8568.552905858262,2881.5651512796176,335.57926082463314,246.01242514168916
1232.9447633735547,1973.5254099446772,1067.323119330262,303.9872822739075
2563.536262437701,3584.148062953975,963.2388044083134,306.0832522543617
8829.964167595695,7517.127450198047,1499.9793145527233,105.92832336445373
9535.207699861992,9425.145815317805,870.0888927893043,204.63164788201027
3240.1414024779624,7324.828087633926,1338.108930010452,112.76785411933118
7152.891498488776,1774.6103357179825,221.43405284827554,63.99701927878543
8688.50824102174,1526.5378650636421,802.1832750954774,315.70054426747237
1908.6015566552373,9867.020476463344,744.7259992675674,275.89889061521785
3478.5695665768503,7120.5504938122585,1276.7357724749886,12.149466274148466
2088.0412155498248,8875.69689024561,703.3594841793303,321.3163649534757
7569.321593309532,7005.012391570192,54.595403853345154,5.299258502514272
2183.4817440869683,5597.928376544199,716.2937077940785,356.8117548927379
2574.621332507702,7369.029210720876,511.9412527419388,40.12765533258892
7282.781490211179,3069.492164410949,1116.0967131803052,91.21287300549787
2871.8451302071853,2769.550141673104,699.8218108593557,277.5665769443373
8987.893342420044,6945.110808974874,392.3801832622876,180.97050133410002
4448.43171579216,9393.036926818706,1214.0431432797943,214.93186155232596
8439.083832158536,2843.7733186520472,887.7303565969971,225.06511142393447
5113.4187077989445,2225.574144757946,1257.1026819237895,319.9759526843949
6432.942769481409,1824.781490456633,1071.8878527802487,225.77960241352534
9630.478010607942,2077.800791301998,412.84183363409767,267.0144058082088
2542.9208484148944,9558.45370216888,549.6948272367072,347.5767719835232
9508.78483249073,2923.597486244261,479.77301444402866,244.47682043163658
4623.776976411209,4298.7478220014455,46.75893517850226,11.44643747885139
3775.2060934517845,8511.097535668345,47.33996172013693,123.24933037588434
5833.74128464622,6228.571831393536,535.7630145829196,339.61218206227693
8547.973949608986,9343.564192272368,192.83139520027265,319.7394622763102
5195.314926733025,1409.9882848691987,1002.07722322356,199.10977452927327
1325.8378551266496,3922.898879745505,285.3383961920864,117.27985874877704
1822.4857578853525,4682.796843904959,738.469359895135,75.32499324921959
6650.151884673978,2007.6970856804494,685.6136627546208,83.08808166233605
9868.729328814265,9041.935160467954,55.007994111358826,150.5161483522707
4940.548843051331,3505.4739857812965,411.0684278624202,89.53364782170752
4446.106921350367,6724.330921934304,1222.580334725959,104.10131343378227
6109.082834841189,9619.040871155878,1477.9587845501733,276.64938234161104
5046.506159125089,9284.288676417167,194.85142673854486,113.90498773451088
9258.515267685672,8697.634107496233,1132.0167494447999,175.13818475715746
3723.255696648717,7886.491870934317,469.34506510856255,56.630839452830514
6768.7081120368375,3135.6466323916493,1153.448180771062,26.764440454485985
6645.89414285438,6902.6152509442645,1358.0557014753072,246.1248536388734
2520.5329540534667,3489.9071400359812,926.1807721466927,302.17828593737903
1875.708751382366,7581.878896376289,137.60483072083028,309.749303817264
8197.477636933807,1843.1503522892217,1119.0078955411732,293.5662480611653
9032.126763636945,6341.988064955715,41.39303241885531,323.8654627373741
3151.65158987638,7069.327861817104,1411.9965766078171,269.06688395597826
4571.868194839185,8853.282464054151,1392.3349801772931,122.34048422560971
4471.913445522851,6664.637809875443,806.7257227501715,145.90320057902161
1615.648859943608,2325.5026253145215,1054.8575749765191,232.0871950453287
5741.656658558851,8116.73212122851,1124.4715560841973,18.465030608811443
7658.232315297709,6521.503813496365,885.2553896541433,189.8196524021577
8514.9344602614,2553.7891329981244,543.7317222275834,297.13791103401627
8268.550333254589,2202.219253882735,248.7204642661909,2.403513649836778
2452.047212177208,9843.1100810902,1348.0460585608935,87.41052512553603
2988.1151483994563,4210.880849457637,1198.842633048532,262.7816560180483
3981.532812726215,4382.598341892969,1439.0751971693235,340.62798262321445
7090.579960355744,4450.1819205504435,174.24149997042716,209.58066039835472
7766.932192667577,2938.9002180042135,417.8100269962021,67.81238198165961
3284.0142815969366,8325.677284572826,1149.2070545289082,295.86039544983186
9950.954793659379,2511.938549059903,1464.7874339651698,59.81852097689637
8530.155678952211,8857.448175209996,1181.2019561327422,217.4376444291688
6026.038967540364,6009.000858648602,273.11767018343767,302.74444068547734
4121.152131774157,3772.9553938869985,615.7857691075618,146.66255551712297
5888.557207206394,7637.333482888099,953.605313109166,265.4354943985748
8962.54363913779,5846.7670541107245,642.3188584621638,346.61690076565236
4111.576847664246,6010.638441721223,1376.5463798327276,258.7514652494112
3901.453485363114,2840.2428856811,1188.6692413572011,188.96526237274904
4701.674527329207,1967.4890793157015,1036.0904970780882,14.801460635596223
1537.2432912972527,8296.013992771987,1133.8108568344473,280.0016355655841
3534.399900863987,8748.403213304562,342.7753746585099,94.30014111823508
6077.686387213129,5913.547541056037,1360.7790474738283,29.716176463662382
1460.622870777954,2518.397060487541,119.76197839090851,191.74011881209807
5030.1191117975595,6896.3761985446845,1435.653641626213,121.52614681035487
7646.931428455798,7738.842642667377,1256.4810118623548,128.5759882983184
7213.265776696033,7051.365408860914,1365.6987068546423,36.342641054419985
2886.846823981739,4944.401026369054,487.25288049608065,123.40518422746285
4495.095470749497,5231.913344092815,1138.684504258548,5.114133913614655
3824.767299164959,4769.377543854556,656.9516469601529,123.73535985992746
9463.953807307187,3767.401093466145,418.33562929120137,133.54617996440135
5865.283328772731,2117.2053691346036,832.3290338620491,148.76664921470325
3274.3522158905525,4775.596239983304,501.6706759629598,56.27873568374639
5149.6801323944455,9989.580480778233,1028.648707561235,195.859051517425
8788.490406205614,9966.807399525787,135.66321421531168,198.15449674498527
3222.8469108476893,2135.4691808807283,723.9146436962485,113.64628681549075
2721.5267676030367,8340.134233452969,228.60223990233388,83.45672758181594
1885.088784824694,5137.093754690732,861.8137719857158,231.16325822444514
2799.2060386452645,7029.85369591266,66.62679391743684,32.92472892848859
5525.070033011807,1444.1966433763796,601.7055078052067,231.7088715305273
2143.2785335304534,9974.545582029443,946.7163755696686,211.8654546781635
8133.8809223626085,3199.965909880839,1444.1386633676175,103.96487336319801
8014.934558328895,8886.047030434824,740.3930285728444,205.09606377768222
2843.482302110767,1264.6005054589357,865.4523832572683,358.2653620506884
5123.860485491294,3605.509567464515,1300.670894063442,91.39631068622778
4388.944243798633,7771.70698298061,1419.1198431466792,78.96987114857109
3722.013643469016,4685.027665376603,553.9275799950906,217.39839792507036
4650.007906321187,5335.92753580667,1487.8365739356727,267.553218260755
8563.732348821666,2625.6227129672707,934.7899670999841,297.07428816024543
2512.4773803634553,9779.785450877924,679.6983454902412,279.42092971877815
2612.2684072639286,1956.551312535366,841.4106623014274,206.50189339947494
5822.949000443274,7807.311888436101,457.95680047422866,241.07335654563633
5508.064287684107,6026.0203003728075,865.4321295059993,2.3487428247064317
5797.04684185809,9010.487469427793,306.04587091304796,86.06335629955568
5773.817999009258,9944.805746885062,308.56225235544525,296.11036073749904
1297.995262364151,3789.3959310100263,783.4355924729962,326.8898311876142
6375.522872071326,7545.390281929242,733.9697087724965,97.691630008444
9963.228922691851,9925.889346609407,874.8024738911372,8.270059347504274
5401.045789411375,3147.790247504455,24.267761472467733,210.2148137808671
4187.315187020893,3295.0603115296162,1334.5088808251735,359.12463500772435
8230.961946138326,8809.72739701736,1206.4519007294737,264.88373613671547
2617.1521750880083,2145.78590305952,149.03295659503507,204.90753316273552
7669.556624404454,8854.9633109934,1364.5771565320101,139.2789476295639
8247.600136154017,4483.75863681493,1225.074772575171,347.1096500525725
7335.9195740243495,8592.460992135824,461.36925319404503,273.77471960445195
7456.381632504491,4933.911232097904,1089.100140183585,124.84706945534231
3322.1392058114493,3622.632159070006,646.1753384976112,334.9399139835701
4167.268277440691,4191.186361421616,850.2131038279796,183.20312187873333
5518.821708741606,5469.63151475385,1445.1717522213726,132.91406831636502
8027.008878846172,2854.729626549719,204.90692077579487,320.0506033843002
6418.567645380906,8379.216234483145,361.1489933296133,51.66729895405436
4873.117600024248,6657.1817302391155,109.97744341003234,117.78685045421447
8559.015011711006,8780.94644297889,1275.4100534644206,163.12131594805567
5579.574627064085,5577.523423540438,57.67364021782145,221.72379828252403
8287.391215932686,5471.344370516667,1242.86377242902,317.99193745374254
3920.388471922905,6501.715532717771,786.8246977830759,339.3714752368086
1383.1017050769801,5973.326120864632,45.58481202554254,45.70914550334747
1672.26458252721,5025.63077868058,639.1140134595594,241.50389439199805
8924.12609847854,9866.223895386871,909.5897705361162,83.23089336102571
3015.860816824703,7871.694845708052,211.7597862972535,299.651448062989
4387.873707114764,2949.7310356129956,1269.0802241771369,220.56618556716327
3500.479484477783,2549.9526407193935,53.44671382449797,118.44942767200816
7227.980486605413,4658.0945197785895,338.50190156444876,93.75420669894696
8684.023597652871,9439.791753692145,1231.5649766679812,336.8463739248665
7434.676341213414,3514.4274486264976,442.76607303831975,334.7891443926757
9463.69450711453,3422.704031804714,1082.6818922679286,3.4744975231208164
4238.4975568603095,6562.607668450679,1103.9212997653026,333.36969657758544
5612.809443173204,6406.073918601302,363.4135719427553,344.5649046592995
4848.223825407493,9146.631688185496,1414.9320591807732,284.7016362901587
9544.665279671768,9833.667805135214,311.35811318881855,275.0828883581313
3470.782008172084,6737.47327628045,1000.8651722190359,347.60061304543495
7645.157676232106,8340.132629277023,1494.183227678627,233.98900471689288
9303.852310616516,7074.822641214525,148.41602295563823,164.0269326336303
4734.995435286926,3454.1293689775184,60.21517074021086,147.86978516257747
4098.281971949247,8645.289575115217,659.888792905394,268.5575736419352
6442.466903780733,8882.227329962052,83.77816666162737,278.5170271678613
5237.806177361257,9503.121512842717,182.80925530577503,277.2068046330008
4938.7422161621325,1732.1409012113659,354.16204821396775,275.7762106048295
7408.496135079805,4985.904774796687,61.48700902440204,71.70370752703703
3196.4024966204047,5712.386028910623,170.42081404724806,319.56317764387524
3414.0065154670274,3010.8531736850646,126.31264073273852,34.172835328161405
5783.778473483753,8702.758554501408,286.52333122295045,115.02956489588956
2003.1350889947448,7809.391671024462,1253.484446146145,169.236332690653
2872.0176246683714,7965.765486175761,1129.1822107787364,329.5655882598701
6042.21628302589,4334.565415024637,249.64055144079163,152.65775206253943
5953.6362733646065,9126.906713820732,516.8105783577035,154.55382112365336
2798.664414659399,9304.068197060173,402.52650135289565,91.65777478589375
1808.4622166824524,2027.2191875596077,523.0473857406016,279.8623519629508
8083.997208073483,5143.861079139801,400.421052882569,20.7466890410639
9459.442769251878,8563.452185677555,577.7869457764375,70.40021494799956
6805.5558849987565,7590.1852585531415,1222.645507475918,349.4478480955829
5055.4151795090565,9213.49785758993,168.71896678498777,26.82965308111212
6813.446162857719,7350.019920972757,1481.898754611172,53.365039015728605
8754.13292394076,3132.0551637331946,529.5833230113514,338.5370959789012
7165.174145196648,6313.838855598591,1327.3328315149315,354.4985487804705
9788.211547792283,4667.028465581121,80.99882360775565,315.453796464313
7663.012172502222,6233.7450917768965,694.8938713425327,324.90070222735494
5733.243536723128,9891.490619740085,356.29411162181174,315.95369136850275
8786.418098798702,9628.986514430328,1143.4403068756326,155.37028834009575
6107.985560198748,3511.4181181607814,1032.491742253473,27.145379803863545
7102.039943431416,1656.5352249639373,429.32774876738375,244.23620397322819
5175.686434539279,9351.754326789585,1227.4641329441265,212.48902627558022
6934.027486038048,2770.9879012372894,320.4748695814481,203.09180092132326
2613.610508382446,4011.380829136732,309.35309711460417,103.42088498115506
2093.346224833524,4621.466693807966,455.1876850496601,353.9568174733637
4166.880820733667,3003.087421338092,1094.7879742546031,220.9830310243293
9642.023004786848,2696.30429816836,738.323394687908,195.8716519047744
1142.3759109334035,3278.4274534547644,183.88145899107664,216.51950142471028
5648.036945032077,5108.9234938764,1416.076013143458,211.72908106204596
3734.714121204974,4218.857454108987,1484.5390900710217,249.75405819510823
7424.866378458924,7468.194946670085,1169.3095874023754,34.94611815475391
3238.741785529482,3204.403941449606,416.03502112829227,110.25750104330861
2645.0090825131083,8962.853287780406,945.375096793988,179.5131869065042
6249.184812664098,1404.3418883319887,567.9784385524794,266.2548604332767
6298.311785531704,5592.479646073812,1074.5112072051936,31.129341416982193
8295.76574411993,8870.92532977807,124.14821225022332,177.02966326063031
9808.602553545914,3381.3986295613204,101.77427152714017,205.45283926565676
4824.453886571677,6856.8317633699535,1156.650380045489,227.7148285907124
7147.151070789421,3394.845794889064,1478.1614849895557,241.50349308855326
3318.019691396432,9085.45519566532,1494.8780995583263,118.08950184921416
3876.9654231535483,5947.335700759502,1168.0924952365272,124.15435144737579
4344.255728615612,7604.814857949812,1148.0142714150948,143.69878467154993
8052.461317396057,8566.17357352455,893.1919856857927,213.4594926621224
6384.100845273236,2005.903977761453,1354.957191163268,272.42273331982517
6582.101895033755,3191.2362402327835,640.6830905107637,183.05482202618015
6369.591180922654,7321.240233848003,49.03712928626752,356.88940398273735
9182.368960879005,1247.9929958938544,733.5580092654873,247.94869530861698
5408.775890489917,2795.068059322355,978.2098241706598,246.40444987165202
8339.293432242317,5653.422184804463,872.3196144776996,317.35954292742434
1210.146890764066,8579.21842981047,262.389295614815,70.94380801478783
5464.321626965432,7042.0377978944025,356.36425028062234,135.90590562946724
3832.1828370721078,5121.480963802861,799.0562734661826,223.3967122912076
6920.413319881042,8079.495163202694,197.78088882995002,75.12144071293854
6934.867422303813,9626.184779408619,174.76501791048852,30.21191363915427
3202.625918499979,3857.2430042215033,1135.4062615796881,169.33679702647663
9426.553731407568,8023.192376512581,1082.2045113592883,206.86236049261393
9634.713038671254,8552.496194399733,1409.6730041392966,83.03013763284315
4227.412899952051,9761.161832795178,1352.6800497453119,66.35074275659683
6887.8723313350165,6941.552027968978,1103.8713684046588,61.61133521105525
4761.7994926976135,4668.262754756226,299.8075649548157,209.4876306164284
8309.761999499191,2776.853417228613,496.9709267494653,357.1669316086492
2025.0081095639941,4090.583514208363,1066.5611163838755,188.05518146646116
7797.780986852112,5993.408147769448,1431.9558493437182,194.7827672956548
5089.705843003829,6362.017510410496,1274.3735679279232,350.3126909869677
2395.2362198184437,7195.402321280988,482.88064727409125,228.50388842477625
4327.533814528566,7623.790195607211,587.0185212810866,196.68174016675061
7842.232537916714,1789.7010716796785,757.3873834095109,177.68467650063766
1536.2036112958883,1443.9218210502654,1337.9716022736798,105.9189322547244
8170.336297188051,8048.464445870128,631.3681179198738,161.57079879481498
9456.591244033107,4972.222356092052,10.852005809049293,231.4904604086471
1495.1620519274786,8508.136901071153,1155.475440466993,119.24554326043653
7039.810449959449,6332.763185749212,689.7653928878711,320.7739527199833
6788.998551929806,3751.20356422784,498.3637966648089,312.1527470295366
7109.055276250073,1760.5719927774599,1240.3056554429998,92.56346091888248
5117.331419979075,7786.591088212373,619.0300326242494,65.97027970689193
4631.4049350638,5009.383525134357,955.5574065405596,234.47261483770276
1777.0587046938304,5032.986275463792,83.7859476036319,201.21776946286363
1426.880094641996,4775.595816851712,55.40687801966837,319.85629886778133
4953.970171253113,2775.999446086483,320.6266649398204,327.1317735117906
5134.268730274241,3255.6283763364804,742.6282579795934,15.350451565875982
2920.2032986493587,2994.0804993631177,539.7101732532761,16.57641827643284
9614.91058727829,7976.248122920829,1145.8969449494207,102.80459714852893
2620.0984188693833,6567.633255390954,1111.3964648813726,141.19560264949126
9469.678925167964,2999.180516331622,1138.9068554141618,299.40879258351015
6846.674258433125,5943.363725842309,1393.1051831276702,23.85317310150022
8413.423821917428,4970.447305197722,62.44178217643119,8.934205683104981
6829.937824234035,9334.283778534116,494.099068994462,110.83707396750533
1117.071237661523,1745.6658646711169,914.4987760107214,187.39235018983817
4949.235088594745,4250.703478110236,647.0793077947095,217.1000100722172
9843.517502763088,5679.627745247955,1204.1408108801163,346.3545624648839
3947.3975168469574,6308.776880743654,198.7454174598917,105.85971987486235
1151.9282576690925,2168.6721564165605,447.23610450296945,107.34471388235393
4338.549609914808,2809.1651645010443,553.8928897083646,174.107471350206
7381.01081353274,1970.1148502421527,566.0362151309008,182.3705602703816
1548.9588838204393,7756.408395736496,1005.4808065704027,267.48461508819844
7160.384391848663,3561.242330029899,1058.432733071497,119.55333029696715
6910.10480808475,7611.5682835381895,10.60076329611076,295.3692110445893
4056.54674564748,4685.38493035319,657.9858037522291,160.22016282271989
4069.9959916271146,4957.781913643683,291.6882651211893,328.54541880601846
7662.992877427655,5377.899088345161,897.6945075494527,266.97460591149905
6748.468398463946,5768.968692695693,478.2516086095477,145.33391776539438
7602.30747902251,3250.9900545229093,1490.3039501026778,209.7567523699634
1462.8818024284421,7021.578435036401,272.6534658804121,208.58077000752095
7051.480169795004,4710.488454609942,411.6962397046599,295.780154698177
4105.84466743396,2114.687390577115,752.7352075656005,279.13259470578095
3000.2132339560494,4643.865514325142,714.0361726235453,342.6158376759043
4803.3769487351765,1445.302738767807,1355.2613426040405,325.52703519968316
1444.2946991440053,5736.492238173875,886.2459794208145,224.8358636151053
2471.211785839284,7154.126805452893,1235.2054968976488,213.6102756941521
8114.457739643532,9275.603118240782,59.98258916972508,144.45836882189403
2720.3098691656446,7287.2213073440935,1493.0761403351592,69.58576872416359
6827.775513215086,7981.640870457115,274.50554141406815,20.688152040670793
2708.5564227008836,8928.76811609219,809.7915359025807,69.09073503210229
5276.91149710894,6264.692559820967,385.0028180167466,223.000766357297
4850.924747969355,7836.9776961398775,107.62608617212386,278.5866451664318
9483.826036612762,3197.7068260573956,562.9907574011195,144.55415941132634
4399.073425760756,3387.2906975728633,1279.3691148683902,302.0733798828459
6683.299320384147,1277.9186904933995,1452.0239386954568,30.53017639745041
4643.090826517975,1372.403541345982,1165.1813426312465,77.75752163555049
1307.7297690473997,6365.475302899973,51.02956249031996,228.97659145070298
9653.835329773496,9781.097708071986,1155.4403261875786,49.30202023075961
2109.2550286688715,4801.423653737333,1344.5711151191263,61.19276396255579
9015.753813110288,2552.296491813469,661.9838620010994,340.3176774520809
1125.451460874912,6852.43132988452,440.68972352139997,329.58431517122887
3169.4932878631826,1175.4825135443725,380.83439914610904,184.61066096219596
1662.789346240082,5173.805528752547,616.1240248901354,26.453766649985795
6441.362887737515,1258.718508698205,211.63308539763173,36.1015600198305
6705.8867126514115,1968.7813346750395,46.842965059783054,280.4904535608964
3235.534091630092,9793.909099134948,1323.5970233994103,341.13252351322063
6435.201036337189,4799.973589841043,252.58199978770102,254.86684801459322
6583.0302229743365,8310.066320906653,643.8382496870831,343.2813682706314
1110.4350724799099,4548.695852343245,626.5305726122268,314.9006287320216
5031.094116224749,6194.600530456008,351.7451142984255,324.59006789746263
8738.180542150756,1559.737650725315,392.07198678858214,226.95640083856537
2936.207855647945,4067.091140719212,1063.3345081880207,336.61268723735066
4141.8917003686465,2217.527785042203,1356.1482171164223,254.97557082511992
6567.872665935067,9830.610958185815,749.0273252250037,326.3071453314038
7206.957914802347,7354.841339269227,1223.610808406232,344.1103942297622
1429.958040891008,6606.926030405734,674.9455464058019,152.3296321315165
1973.184794419595,8501.447456624268,1479.4666200548413,212.59223428867034
5880.463997985473,3403.605158690809,877.1917689901205,4.588106849774936
5943.9109715116065,9371.50476442515,1051.9372974888433,356.8175900780639
2688.23653443181,6412.080488125874,253.99409057827847,6.70903959285035
9325.074845074361,6923.425711100938,563.4777389174608,176.51760508151813
4973.807602696932,1411.4807395048308,654.9661718287128,245.3737022580059
8065.603741941423,1229.6676514008789,1240.4483118346093,318.72418063451056
8642.867310098978,3254.8209915034663,733.8184911827817,358.2340362945674
6084.6306819224865,6549.934524639563,480.9880441031812,99.49078916771049
5817.3023174443815,7402.167020269706,755.6500425658222,293.5473359661314
4729.039861627392,9961.705495206928,1416.1632309474292,334.5312687063197
4041.929033895664,3948.3617680358066,1457.189370536967,345.5722185672614
9768.254738520794,5965.485412852042,394.9791436374587,248.2404950957673
3350.3813578092663,9518.825851459083,1236.4432595623932,9.256532572100989
1789.1815033937382,7182.31606919873,612.9225429916074,147.22777202442302
7925.367227443526,6644.94262990484,1069.3593818709176,191.13506513149352
8588.541824146454,7024.060870937642,152.61439731942232,46.826087054637796
7865.604691920774,7921.841286496557,1238.2271016759996,244.81693000451716
2820.366153183754,6476.187693557297,191.71740479931483,284.17120275821577
9927.398347353133,8587.484753701643,1034.1526250179854,196.4526427331496
2505.7731047880316,7843.5566616531505,1438.4797117949245,239.60368769855086
6655.196729503089,2663.0738181554443,989.7301696167432,28.33158396792979
5414.309425639784,6076.798423079336,720.7351171800809,309.07510727857493
3808.9165620267536,1131.423874573278,855.3730120825404,72.06068525833521
6569.635379647939,8474.582930619774,346.63933526070105,286.3822332302021
7979.190179627556,8158.1730407518635,1041.4587159822593,67.22821032681078
6326.815556559338,8587.958560347975,697.5518480429392,180.99066222013283
4250.640900118997,3330.7438198165946,344.47683931350565,56.66123508685589
6763.931024440044,8304.12737398496,980.7392018411277,143.0795350382304
8519.388521554396,8821.130965226635,415.74333249352037,1.8289277156633674
3399.9376208598765,4884.782481731905,139.29772680726185,181.52524584591464
2616.490226103235,5439.817458505276,381.94130385978553,144.04453468406626
4263.78540979323,8282.247330631191,1343.9301940974703,16.9392680768883
5754.544291218144,4332.739437712275,515.3216946300292,354.2956334580517
6181.621905212942,2385.3998036431385,4.140444325045152,345.87511959169274
2735.6058038614815,5950.089673822457,1124.9191465740455,260.5667012305671
5437.371379091235,8480.585263515903,1430.6154364207596,96.33562959754994
7332.329891323561,1604.542887952032,1452.3587885298698,173.38726743493345
4861.724053893453,2804.609189527588,549.5413590370465,328.79122277116414
7103.31589481622,1598.9279126997112,1235.0803642799285,325.01526873343226
1489.8394055652966,8186.481762860719,251.88615519811358,6.288993805505983
6216.556190369633,3949.557679202917,190.74534178731523,249.7780727752044
9102.316153739994,3580.263289800083,725.5684837675158,263.4404661744591
8028.595630797422,1622.3281544412657,676.963144249078,72.17063716636838
4760.663025028363,5723.790981282196,1461.1262303251542,104.44380361215894
8075.173783270983,2438.8694895754625,63.300943936548514,65.84228706786247
9235.285354817635,8677.78831408309,1402.9490545829456,64.1551993446748
6883.553155920578,9107.986996043974,477.7454250256237,178.7965936359907
5388.681558698114,6651.464677547645,1075.9657876949134,81.7871187121106
5908.783781604416,1507.927952105795,561.9598993724663,39.94673883859441
7032.164683090625,7716.560621929244,295.94321854667214,123.0718456146501
4306.006287609651,3803.576813586691,741.5530848629691,117.08709687321887
8830.31178422471,3214.534408790969,1276.6652589678688,141.65752488621007
4631.230416343203,8234.05012054453,1435.4875798912988,293.9921180948358
1795.8371758427766,3991.6022935368005,817.0694571751695,98.77118204168073
3974.5648050614877,5461.663037363624,1331.9099837112715,304.5481668296864
2600.14253454951,6840.4576264427815,43.964248501226635,155.74628693870707
8743.324315057976,6775.422991881952,831.9211373431547,324.4503478399486
8098.152180883467,4606.829516192306,1239.5328525933885,305.8536459544121
2109.479116126792,2378.101981894709,661.2851296346175,51.28449418396214
2097.833275057909,9977.41164886982,211.19913801470503,330.25466090859237
2624.0566156830746,6652.640295354653,634.5847274205922,262.9303783647716
8796.87309894117,2546.922685480331,647.4561829578062,277.89228630198124
3098.6636469258738,9640.92265017789,1420.0165281964494,356.34345348415326
4832.943803383079,4548.607641231298,197.53607414866116,47.14896321592778
2192.193826173527,7185.008812528313,299.72406203688524,168.2332232182127
3564.2541201742392,1189.7870426739112,864.2088270729666,185.23663508624225
9022.79603755815,6075.230120940656,1432.63227318357,92.00201849835382
3843.6203443403524,4768.834823900861,838.8943480820352,133.95367922606198
4677.6144770185365,8070.660220920521,257.88218718164893,176.45148267351442
4502.6244322057555,7248.3693408974095,13.399831444291983,236.99506829211782
7144.75400787322,5733.74102758106,236.6813417307748,201.5610321140105
4133.024002248067,8975.94728091254,436.6986196365702,105.19254240229161
7759.714217156133,7084.5468920688145,1336.6372452589278,168.62119064519138
7889.83562105976,9782.957323604758,425.34141135489415,256.05915827435126
6624.033199577869,8723.015632241386,935.9229542898311,282.39345330250916
7299.506597825884,8109.636145432291,851.1169078620569,56.47267172289815
3977.2141553769507,1667.7256260526847,855.6301948240687,239.2549982033367
7893.967908150109,7937.377680506482,1242.9166741266934,112.65915169995793
3037.158479744059,8471.503024309925,7.954945199205114,281.4220357764788
4658.373453808417,4545.078532569435,549.4990499847119,218.23770993538108
4632.108605298683,2083.9581000315243,1042.9325851299416,72.0597122052378
7120.7803575897815,9072.344404740452,618.8055032134278,53.24880029175987
2442.2621174794363,8214.110145740491,84.73360699320784,37.64535717758743
6888.077222460374,5110.36978101698,861.5328396926651,29.232200877723496
3731.2582965443507,7506.009505094639,1359.8662660147327,346.90162858413817
1882.1797788200383,2221.238832091413,1064.9014191318506,21.995487016179794
5118.008875526051,7718.162337654489,729.7898620903635,336.61931614775267
8307.359419530141,8893.94716258728,1264.4235693920189,120.19964048240921
5919.640658538486,6702.530890344183,915.4953424308316,297.41029520807245
3545.61812280206,7721.413499025318,14.178739481214343,106.78033397226947
2329.3551772299243,6495.592146362273,1084.1743033494502,14.88284254218552
8346.755312184308,9606.489482303738,188.00710338498172,166.24429225737077
5354.604890974452,6068.088970985843,42.65656722768884,132.75059962557373
2448.5967438250464,9347.072113414191,1132.889048282096,187.91647330951272
5905.286255262093,1884.6028023888398,1484.840449888085,121.28206376681108
8287.168531317253,7806.037064181435,554.4247304930202,213.9207826111044
5788.697359011476,4275.1097686919,528.5754366026299,206.8250130523523
5155.038304989183,2547.788853561818,1382.1238800637134,294.43527984073387
5536.131293610731,2038.3028633582558,1397.3844835575458,142.4946298398985
7787.086314168279,4044.3460596493123,857.9024128537636,272.04043639608824
1123.2667236135578,5594.273156620959,1045.0452926725086,252.21988724628585
1871.9699295317705,7140.285940439793,971.0770436816267,326.7132161849235
4573.489350636866,9439.638574578306,70.57539729941038,98.0695499947848
8669.110851659985,9495.813104137113,175.45875468354174,8.463900057135607
9958.729686224777,8149.848925583857,706.6929273991926,102.52696888579689
3136.718197850264,2640.6061623425476,805.2759961817083,70.7442746850457
3381.169627287121,5609.780772752833,406.04741620679135,152.4756320921111
7600.091568635945,6515.011255978094,1111.2055891064788,282.463640320893
2795.5225052812266,7409.327421742381,565.2482953614154,63.070417448509374
1416.6857217489762,8473.98272645722,374.63245663346163,316.55160616773924
5643.560498263733,5907.141745222899,1226.6597627408341,353.3334925704087
5023.15424085809,6833.720970857466,1331.9815614529198,155.99845274979842
9808.37040183114,5004.774296999258,118.19295860469978,225.52473341462755
4512.129236876866,6337.558296981588,941.0537558853529,322.9706887608924
1925.0129244165742,6147.243256169687,1441.706786768079,7.494070352624169
4014.1260177337062,3847.2449444449194,1328.9080996592697,189.6198107023245
1509.9849134371411,9863.203699937261,128.08795139593425,106.33023047505436
9605.741275718588,5879.458288432518,1250.2315366069736,270.5067567889357
8427.221954512746,4560.976671446199,1086.6119577554248,310.6912685062267
8063.050111796514,2034.1468961965138,1412.937807828695,176.49085204800582
4348.193610496372,4006.161728179603,335.02145656672167,139.05582984030525
2796.646942649601,9133.325903498448,485.2968055749619,131.74216792665794
8120.928575807644,2623.413743024451,432.064925228283,328.47269572381884
9873.116753053331,8367.427679110784,550.9426993011244,206.01913881481687
2580.3883844829315,2676.6956359876876,742.472060619425,96.55097105593593
4732.494203348958,1636.9079482724683,870.2865388974678,291.34895146986224
7188.7169643706975,4650.446596263331,188.18142693070038,178.1940781827573
2915.516113437392,4765.617046098343,202.4778978192678,71.66219084377083
1623.6295771714526,1906.3484835483364,49.571530393011294,334.27185461853884
2390.9393689079907,8316.499704299637,747.8143821802536,16.692321181933615
1216.4324287800691,2093.234395912419,693.4582050732215,86.26696924226664
3463.5321092927998,9257.372830277418,189.26120218430063,168.9627847056827
4754.377695612557,4620.378242327824,1433.0523830008158,131.57569858129023
9459.795975535499,3281.4958126927863,512.004431639625,250.4788747664808
3242.473538172211,7672.962693017784,301.9652082890577,224.28428307080796
6167.539825979159,8930.241034057988,253.2080884016037,5.573754690277364
7531.377446109165,4324.319786321226,1459.073613315262,94.57998805818346
6788.741696693534,3714.2916043291693,800.3089508278482,190.5629463360516
9864.14131985345,8814.427072674483,558.0055091377913,155.5565141085903
9540.460755721058,9282.773530900391,243.0085411979204,9.79334408081232
6879.007976283245,2165.677778804753,514.8456986204912,117.84254909211155
5977.6183005735365,5366.365292523855,667.1566690069966,120.61480133191945
3788.868242859583,8401.835351405723,871.175016452054,309.9752670275576
8755.207877489654,8000.250578787694,1299.8615557604132,245.17948569364765
5040.271173288402,4750.161168117516,273.4329676901376,102.26755034733729
1340.4544230242336,8058.017553738962,363.2209226193807,355.7231291990404
3937.7069671685776,4642.276215745823,1266.846116919534,7.503817055820721
1292.3178718302458,6794.124185599117,475.4313723210426,167.08443800554028
2110.18290742189,1570.6962181552485,9.527146864493437,295.188604391505
3540.836025499279,4347.9768864283415,943.4323478037695,10.84142216451936
9492.123436085816,7077.335153029669,838.6854640378339,82.38245456527987
4725.903539697856,6224.800755819657,567.2628061731699,149.66695037735303
6772.574187645957,7047.1174819461885,1075.8037468150821,321.56361573870316
4195.9826528464455,9276.221098891956,137.83065995878212,1.8225112947125774
8625.550324303242,8683.192310601553,828.5867167706368,226.7189567160945
2668.639164422588,5877.054923915202,880.4120701752338,93.83475422565986
3423.750731573239,2215.7828494625683,1029.9922280846897,335.4255833631154
3844.4625365223164,1405.8277998797835,617.0914185249808,3.928056981312805
9704.335155695357,2527.0091098618886,501.63296686794854,320.73394283433595
4725.914624402036,3769.374719185989,631.6830809190808,268.35291279911576
9400.82690717671,4369.28673426676,407.8796537661623,199.52778486683005
4060.559535992637,5032.972061501838,1348.875486892237,214.66526637398854
5624.0713545485,6680.421277128795,1197.166748457805,53.75883411025303
4370.670926268391,6808.748465577787,737.8543136383502,78.27835991332822
9602.77001935521,9362.072985849694,693.1389887589087,84.5697192434959
2793.059431739194,3303.849625376061,641.2958813440868,72.61752485523937
2934.4463900985443,7700.644520461669,1354.6849243516838,197.5862624774354
8948.486957251793,7241.55535581787,705.8536930949713,222.98674405351352
9356.91028141274,9614.529325347163,1342.978106904739,328.79448525233494
3653.675373686452,5467.296826856469,692.4853897985041,339.1131858771598
4966.421162179148,9073.38240607777,744.2538581347101,354.0136927940977
6255.165608751419,6265.590193470609,1432.3845695613406,178.58416361263045
8516.407475678185,9009.471389136386,486.8036197568888,28.160393147127273
2542.5199772207898,3693.4982009054625,1214.879763852565,44.604486714471086
4356.028319633062,4584.192314024375,373.26333909414967,132.7385014433692
2570.741908952772,4144.923382205456,945.6065087807004,282.0401997824281
9172.17960024342,6559.316222993826,435.10021341810483,340.81225448161103
1634.9309592684726,2169.393705093282,1096.2164266041473,274.9312432160105
9674.562952374044,9709.199283432632,575.6665896681142,259.23846692282905
7611.79853570335,1344.1158094528275,1317.5634307441328,89.4510921131406
5861.533543113523,5351.800141725058,1306.56845893329,261.4672606069087
8615.30120655318,5365.590801934024,924.8596674239614,34.103340256795704
2800.959765619594,1559.399037878511,717.2830079674619,312.1174345161353
4598.3759396437035,4070.009611646764,1286.3046259543187,196.6720847210873
9232.396770280453,6129.309900631256,984.6484653254809,120.8195730946092
4503.868107147911,4344.893384700596,364.14534457599234,119.49407925351593
6038.5630992069855,3499.141210093993,1081.434153542749,271.1670503668878
2014.6652796388298,3776.8535930891035,615.6755856917164,46.59524980051341
1726.0889664287347,4471.2716222396975,586.2411757133845,31.602365608330054
2394.6401109422404,9676.763442675825,587.1668573586027,235.5074621314691
7537.05399459433,8237.6395425003,289.0057645754065,244.58666393914365
9904.310495819016,2164.135738809704,99.4842793431442,105.02594176725766
7038.650498927397,3786.607273271494,1230.410497212459,58.602280673625664
9118.052770344602,6853.131051978091,194.2681597676276,267.12460866693226
4397.341174443125,1701.8159105952768,587.1682228847372,65.29276910149119
7259.304868813204,1188.2330182223375,665.0014734381849,126.2700858925315
3891.1378422665202,4883.77987540968,15.360518402084367,126.20514868473725
3675.946992104821,5997.233378335302,1432.282814694929,296.81953088183224
9560.669718072917,3624.0313636952174,954.9176364010333,359.0692981828272
9417.949912097998,4119.792447439612,1075.6052037391705,214.9368889324528
3480.3220693274243,8827.73251598586,480.92319048627104,80.5558586926743
8748.424019292448,8928.138492478529,711.4132569367159,123.82115514835547
9933.046918312279,6188.6196971410745,731.0213539343471,261.277475163932
9660.678016700998,5250.691489121315,184.12710500584154,307.5676142462463
6939.499104448984,2590.5475248241464,1249.0915601861648,301.9351969612114
3601.1328943694957,6553.86279791006,766.9359275062778,198.0694271301356
8261.341392274757,4694.235347886439,1047.77937102218,313.7579819008248
7289.189933193523,7001.317910840183,370.4375151338612,233.3555168979394
6850.3285763961785,2322.169029948739,1378.1835008349915,344.01577799243864
3026.4739295056174,8050.111029038935,1366.4043893451249,168.94176101361688
4709.952013706825,4077.2121340572085,647.104983498996,98.0761729829095
2436.5781994852805,5276.453099652823,836.2304451259531,145.36817429571744
8852.17845773897,8327.905573407563,704.1070574254793,180.2192965041032
9843.095198922452,3617.3583190286563,1370.5949531191707,60.9087657845701
4150.443948951552,2978.278309014813,229.95122465269694,22.80411746951791
7542.007111900757,9238.608722604338,730.9976838793549,250.9214013929626
8238.857887083364,4714.330118962694,888.2602809993899,166.41412157922656
5833.809624698021,8763.592988019724,1161.446506023325,158.08533124891213
5626.332248521503,2722.4698114847024,506.7242888235523,246.64944144685353
3827.691159801379,7045.121490694916,1382.2342275764881,135.63966415638438
2960.7798423923796,5377.639771077892,758.3276879509611,147.6887263708174
7389.263018454221,6670.205120829247,1389.2430457133264,205.2329147657314
1635.6832467555878,5097.826985825683,1039.5217575780216,358.0609684782179
3167.654969767953,6911.047696445823,1229.3274125261987,211.96985291871664
2613.8328274028595,6134.21718408547,1328.4126180197609,233.49740984328903
5540.974676595071,4732.1603405135065,929.3445687870524,55.308790303741176
3040.9736121684628,5873.63002610869,1328.2452624742753,301.69726817508104
8015.5000984514945,3185.9571628476433,1315.4377602791863,241.165489050384
7542.781294949801,7463.712570659506,852.9666063879762,10.955187822157647
7969.93036279685,2074.7587636563235,1233.8290840428085,244.28787872349417
2014.4978922506134,2254.586612239391,741.6628584837537,78.64764094339577
7282.927428271892,7725.711487210761,1314.7447709809658,212.00399276078292
6223.632748269073,3832.303517170373,1073.066056874653,169.6412184770788
7519.437301655764,1876.6221810522256,906.394390346852,326.11317453480876
8020.989433840617,1866.9162689725358,1003.3176162679594,177.17923187664437
7660.00995808656,5016.6961570482,338.7743869994954,75.94361404244188
1812.2251625550234,4864.782563711229,1230.651318229137,116.77821124682943
6884.522269219505,1407.4581579239825,1075.1693029731425,29.425859844488446
6518.911439274088,1221.393616359021,776.7923189271066,69.62805189958497
5677.640282540723,8793.637570612877,685.8689687313951,134.3583178736834
4418.701535828659,1620.4839533812649,606.2878723840668,261.3211477919664
3495.8182164056275,4927.065502300726,22.278903498375488,316.57961027489165
9836.364495598491,2552.7147780066366,1473.5499148152114,144.91403731111382
9126.34299697785,4263.447685307094,1086.8980833445964,91.14989205226374
7951.377142264708,9312.765448059681,860.5334035600113,137.37007638832242
2055.9918135587995,4306.468702722399,1117.2897339562228,200.90720149839038
7783.110343804624,7286.725937733411,723.3929525352653,52.44544924121693
8428.059115048349,3014.884678799265,18.525845598529322,175.2694644899324
9139.12877360687,2870.3980583520797,668.7428095525647,334.6320482163844
2124.8928915029855,1455.9242723211623,573.6214805999045,359.1682108670419
9666.32047918708,3897.97400672982,837.9046965149377,49.82842961618078
8255.91172491989,8514.583815798445,180.16138195985639,25.61969128778303
7956.544006488609,9200.541134362926,243.9328327336525,67.78358161508916
1525.9941510295382,1461.7695621584955,406.19584882687667,197.04910546229618
1706.188525330566,3332.9294213447465,659.2601121273117,202.51234990906212
6211.59989449123,1413.0536055470425,936.0655542277829,210.86607934705333
2638.8338407366964,9785.641736553938,58.73093879309416,337.83622138824404
9773.64104260701,4552.7438590713555,279.6649087654335,107.85783132310304
2599.405456334504,1521.326345195584,674.4874115922169,275.6173615010086
2724.049891502391,4896.095227399739,277.7707832134944,349.5973538242394
5751.076246382798,8481.372581053716,888.5665704221917,274.7623155267242
4672.34052578768,1810.497624964416,19.28356945034073,60.795422508819954
4803.6411445749145,5224.806049320658,118.912024916391,226.30609598190884
1303.222142931605,6662.831353061586,949.6613202093516,177.5020033293436
8488.522507520782,2962.0943132595285,953.7985982430116,191.132897816516
4961.992037207223,4938.454977824182,895.7169084556924,303.70720559279187
3940.235203626532,5051.028148004871,134.57971610572145,129.95305637626066
8002.683339838366,6146.008648150161,1333.0905187547742,79.52048079579278
4960.312050424674,5717.965988090507,420.3669118856904,263.501112789004
9882.561025216124,4711.754530841244,497.9776962493935,220.59465595204975
9602.765996621842,9625.873586171476,1126.1020367171354,306.2591620172367
4915.697510396571,8005.06081632973,414.1694200490037,175.49359774597767
2115.950795459239,8815.781591349425,1027.954942505107,175.78889796937437
6631.747067966238,5140.3268814828825,609.9699611483666,311.88657132784397
2310.9472664549976,3991.727348393997,254.95678533608333,271.5442023354645
4030.9671175250196,4037.4303794613597,947.1851907894963,235.21274925207385
4241.570958372657,2865.7489042636953,1194.7843147629262,223.69290345369006
9668.77597717139,2743.1503254227005,33.313366398961485,116.46026818772307
2099.0772564873364,6860.571186704266,135.002889712367,104.54373521230336
8231.315960800954,7844.881243991094,889.0000015174643,103.93042855807941
4430.688438121189,3983.073733785809,2.78863092810418,77.14627214998568
4580.089510136779,7108.975704104651,1376.0240643878521,115.79973656356316
3526.378867053391,5021.831810323181,532.7987558755946,337.50568272267014
8749.215548932661,5335.779650342681,1281.4942380334182,81.10291276260861
2369.7840139269942,9167.90604401275,345.82134306798287,40.42440247246704
3102.247016641826,8329.886226712886,898.7310630188786,81.88657229308963
6172.265914017945,1111.2344889115634,1046.1904089482032,207.47359958928513
2107.5203427636225,7948.016905418463,964.9204911043477,85.20500731087687
2926.958735174989,9158.97113268787,882.590294454369,103.23309876828526
6767.4651080592475,7512.188102733651,714.3454434691141,10.012358317598872
2833.7628364520365,4612.779774132816,1333.6661040214406,75.4429414633841
3534.1309028600485,6425.116395817569,1239.1614462542427,318.9351154572923
2530.772028983601,4723.309333071563,1391.8147663571863,318.4712130148454
3411.048471581717,7467.453045321603,1105.0299756560405,338.75009533020926
7572.096392208448,5618.089543090785,648.6949351458514,110.28055361803952
1551.9508200598357,8991.835441580679,1420.26372039799,57.81279922463422
7697.307673882411,3074.1086386349807,693.9413707036219,97.16084982407031
9696.205376743193,2765.572324977252,1257.8666601087202,316.71264907802725
9859.965492844904,5855.384496962178,4.40921068676384,299.784025765534
8302.019096969008,9529.571336915202,904.4588119918923,212.6273487547845
8898.34929185238,6687.24604288748,1387.0530869059937,75.77588565264924
8859.511718243688,5672.48921755327,1490.8103425378174,310.89466760541393
9179.422021851911,7045.086385595426,472.89342662676535,38.56161295322944
3580.2278679829215,7838.240794681979,787.4379589516828,207.89606530646165
8659.187397310165,5817.670201345163,512.9542089765238,2.7044795386226923
5251.125533422505,9607.4728167907,227.25650844836076,214.39515602139343
8671.416177959822,2636.450686329178,1166.3090909022594,192.6075362982393
3076.764815672358,6909.424942959734,884.1071248352647,44.0966573549378
5640.635904482252,1489.6465489909233,1099.5951200893628,198.17409586731964
8875.49213543419,9683.43126394012,153.27358801848143,37.47669882887421
9953.845409561161,8396.850928142549,1032.5089648116357,263.57028500950975
3211.504266863161,8168.2501364916825,1064.2744897500606,79.08715751236903
6686.187595451894,8408.096162019985,946.8349848193805,132.37727551925238
2443.923114675233,3496.618559807308,432.4727051923025,258.5196398938536
7783.521587626704,7052.844442304061,384.1553269803539,50.300379846425315
6101.987851350504,8166.940612948674,1156.1972343663265,263.7600168324752
4110.170072508666,5908.840321754706,425.13843392071345,88.1415044582985
3026.692579942514,1996.2783345271791,201.560777291791,16.07855471690948
1683.849565967052,1273.1552786500715,349.6319153767705,108.8694831120004
7947.873135560691,6385.374142522516,972.1854087629033,245.42474173849993
9322.58945332681,9655.757015746536,214.63257813048705,288.98894558995454
4460.501770902671,2787.1886512503693,313.8899158774459,179.3103733273297
1763.3080180010386,4087.624667680069,922.9181765846237,286.9334809075948
9623.567465383538,9164.271419869096,970.7228403271424,143.5441667681636
1481.5465890585438,5070.988602513028,812.8561499334348,131.34331937308716
8863.315307422288,9700.563190066774,1142.0372473898715,293.6538086091097
7185.505576017683,4707.29247218604,1120.6847122086936,153.71077053297554
7982.626930291746,7662.54439736725,21.198184941360356,282.91286421062404
8822.238300591356,6693.8775760722165,1419.9883174577183,271.3359842359879
1809.9609400294798,7418.19805921574,1213.3267754425988,329.8410915915891
1414.356819181335,6553.7883674376235,1249.2802813861624,109.46600924105579
6434.014920847611,7007.6195961308495,1012.0359519023883,155.35262677689076
6629.168981509479,9129.091909402623,1214.673352057907,311.8489164364075
3119.8085708191875,2531.1873676408204,1419.4275847214578,333.00300444038805
7258.982212833444,8122.144435278813,1080.845862317776,57.08372004630584
7471.522782820735,3258.605618823019,535.0131672217719,92.70161111814501
7327.728212415339,2565.135798463779,373.44881467580655,294.13800492192286
4030.3505423323913,2043.4913205505557,968.7417336151768,100.24291046380944
5950.033842028171,2906.236382491593,1125.9489012423971,101.38974508269979
2964.2541430870215,5751.5020215936165,148.00327041628367,245.25324914853425
8823.384928653728,1830.0755772633188,455.0062062200081,74.6030124096436
7475.377966781807,5836.564697017053,954.6679672478323,227.76975293194286
3113.9718802188245,8956.797487811687,196.48190315712569,265.23698233858
9306.358526964472,4965.463923074207,1100.7601007434678,228.79226580489117
2416.7883565036113,6584.666938773831,470.037814892738,3.8182602876398977
8406.590150763368,9881.95952895231,1061.7100654478659,11.78460232024923
7394.020784164831,7711.929227711151,265.03363742166914,274.06552809502847
8663.526773105626,3558.089864494504,227.17258363074285,217.94151711220033
4885.351423353797,2010.5181160262764,1404.9057363772451,263.3581949162961
7899.017760327743,5920.579391256783,592.1152207716037,114.50647097400953
2915.499615978576,8570.170585196516,1250.0296907543645,326.39541116533854
5743.41786121348,1351.900158608437,405.39415953465675,263.5774995055025
7360.026442774197,5149.922687072334,1057.73138498982,233.0456525790128
4255.69215738461,5170.103255074702,585.4082304732791,53.627788877589055
2212.599271862092,2713.5555640064704,935.3837828671327,158.85132347923852
1798.8729708122569,5326.193074361104,531.4882286523081,355.7801957951975
4329.5786609445595,1529.2543007411018,652.7800121484363,131.14523971349794
8897.40971714065,7102.780911664903,626.0327020662295,335.45332675554505
1564.6701432274858,8910.971222866512,189.45190427159986,20.69060408407792
3843.2589095851354,2968.9459404257645,974.1510567622165,37.952634624328375
5511.095896748535,3819.2057692539506,1018.222904353686,41.81328188683521
5951.352012261702,6264.370278940252,711.5717400311064,103.5755510849518
1818.572760730753,9295.13887267485,1343.1765078134888,148.1362205095485
2642.810134483298,8869.169037323654,1481.4070523109538,94.73730123724395
7333.603182685876,5323.470843129471,974.6475777425936,75.18851385186971
6319.884933824595,6920.244908358857,51.92538084100763,116.33784933847461
4052.7038598641657,2663.569819238597,1272.6005643986389,16.139441855159966
2619.427689404498,6043.480209143211,423.0450602045256,224.96632370970278
4350.5410053433,6298.829803573554,513.4481470003992,254.60970938394155
4244.067986563548,6393.353389191082,311.7308811490685,339.32492320683974
2790.4843082285115,7047.313212448138,419.33053453690974,83.69525501037931
6483.870365001356,9608.017186943176,17.408807933301475,304.90760751776764
8029.551944262859,6080.939807580454,137.19371007106656,140.65192655299364
1467.056461368814,3370.568436634806,802.0720204350703,18.55576407892281
4119.4379834289375,5442.05668529344,956.4488645393296,267.38938839927926
9595.444971019831,9670.25431098202,845.0948307023494,127.05382630203638
2240.1129295741475,9810.040418582363,181.85594566670636,113.3923759109862
4103.302181076557,4680.922611015123,394.483203638705,172.7913172681648
4273.285832455762,7061.787743447511,541.8463882523447,42.727387029552325
8166.416428207202,8325.784448364386,386.9853504395858,293.60540110096485
9386.512535794103,2172.7746864786254,1357.5569032416024,145.26712752587153
3341.188766252682,6867.226573714606,149.15706960970056,123.6215937783378
5010.296744538093,4117.930045050967,1315.105381185781,191.55887300323226
1125.6955289585935,4344.227085247445,1334.5673357591243,202.07593407205664
4822.781552610006,5997.919154024199,1119.6328940029516,328.2937569560965
2366.4647608178775,1145.7109420676602,3.1799010702520736,315.2180114916916
5270.910639517895,5852.301663281752,660.6006887076667,136.59327278936237
6533.7769960957985,9624.992231644072,608.8639291371093,143.20989334657557
2626.7572510699893,4478.808335680995,860.3681858007733,148.97386919498996
9698.922508784355,8303.638999979448,1226.0503786609177,138.97486585582257
9458.533256693103,9628.78220919283,805.6036766487617,157.8267685813797
7017.51254048177,9998.923934474777,1451.6132938520595,161.0999626797419
1866.7304445130405,2487.9413171464835,26.03336168357642,131.7470970921984
2829.153695818047,3938.071611526915,355.10432756402815,91.44392784991874
4202.879376278827,6860.715586968019,786.7041683990467,313.8669299466346
1268.8187206780474,8405.89502650586,1346.4202249316838,328.61938341722794
9377.445135951322,1110.0791296269158,846.4021129389789,134.64922951674504
5296.3474868650665,8237.156272871865,1460.2424895059094,120.0197896529589
3031.5659585999415,3793.4456745990474,456.9222220699949,262.8460391734285
2236.2613957938797,2873.79621813761,233.0684908382401,230.28405207758533
1221.8666319728145,7682.639879413831,1474.7939300483504,294.19949768895725
4252.419709778916,1210.5305469038512,1498.9219579903668,78.66852684763074
2466.6784914184987,8075.809386582526,79.09036873194464,300.5705912893704
2728.865468095245,3045.567993739629,911.0537748951251,286.747987445936
7058.544410070257,5502.6972289275145,39.37019084437427,89.23237650180242
5068.925813513924,1735.7434491901186,1226.8557723679087,115.76190384357287
2789.720448714794,8093.560933348545,1144.026224334149,97.60313928002743
5232.542251839866,5095.108902008691,899.992951784892,44.62782908381047
5790.038889242674,8627.276513002842,820.8615262243804,216.10190829130858
1837.7219076138483,4558.02607872115,1183.230049947291,168.2549945812438
5792.298803046503,3528.512129923813,198.48560375680196,227.61640515424435
7828.186664487143,3812.776325273683,1465.2190979573202,198.09400716798586
7914.95395733687,7952.4331980216875,1419.4942000257415,78.47776988964372
3991.667606751504,4365.929830595422,1022.9246770590817,121.12904821289588
5958.755068545359,1511.8740745031869,231.18570886931914,225.81524213554968
6927.131791731158,5910.112000461614,1362.6109173227935,68.1073723877129
8366.536426524404,3434.523073152723,235.64069829611736,223.8595699818896
2099.557835555033,9434.490364834093,582.3236958839394,69.01980353003934
5302.531510983558,7086.52617362234,1387.0759027835602,79.45174617828127
8552.513440923538,6866.099876697665,685.7074400312257,230.27029476136735
7061.583309778386,9700.389840348227,1269.17708279018,193.25174848270146
5045.155674410826,9297.555771280768,8.090296174436403,41.47524772214429
9275.51103633696,1441.7564754273385,647.3991019493214,119.95492797070332
8589.262549070832,7141.774224776804,724.7617612098026,126.20198324673802
6634.71573428139,9515.68466363571,1294.5963020548916,175.11180569494613
5912.705948301621,7143.899598448371,71.40283393988969,304.38328132087634
2768.8116771372615,5346.783695505465,743.6064234062238,164.4178627487563
6074.035708080087,9503.201792828177,821.6593742053326,32.560859378435445
7683.388202618265,6621.128263515356,1200.9165727839265,109.13829321241538
6862.492005208068,6400.601347310378,507.8655356748919,57.89217638975301
8949.14289379745,8806.095078898987,272.45691492191236,238.07032347088588
4118.586052934848,4728.971002621738,1001.549096996997,346.5915988351245
6771.414196993407,9492.513326387896,619.538017076168,311.27133510542683
9332.326799215825,2712.214310480562,783.5174501105232,146.63418206460358
6224.855568378772,8672.435055523865,1358.3655187872785,291.80794859241206
6774.655680048488,7359.540563178322,1491.7157801628687,357.60478681447717
6548.6910226699465,7912.866671436172,790.2705815672251,81.48310930988288
5661.269682949801,8348.311396824827,881.5116150726946,63.137617075801394
9784.556049698134,5662.838835039996,548.5748659570232,321.1445869634537
4801.040848870703,5667.485392928684,1444.2552042299342,191.73752719136115
1243.0939791634269,3788.4039522856233,626.976921968098,106.85036159356245
1997.4849368477535,3195.476667739345,403.2774229754697,86.10325353186514
4444.612410867441,1962.5429193944424,91.65444991124193,251.36638214059516
2913.908350926087,5411.909930341748,1068.2634114553578,47.473354093596555
8411.595910584725,8649.05428569385,301.3283127101556,22.316493862666146
7621.841258507696,6843.979308829697,931.7759728693313,188.4737794386194
1458.5209735361873,3249.7880479356645,1346.8052709611961,306.7886111927748
7387.252642244422,4417.102627191174,965.5967795216843,300.78328144027296
8771.930145412978,3469.508670837826,752.6910603044967,223.0365965026636
1257.3900306251178,1540.7935949548596,912.8364647807479,96.28893855402391
8953.725149234098,7976.0777695029,840.4463999948009,243.623684411411
7280.229598574022,3392.40431579435,489.26220470213275,247.45552171802163
2965.0041400310342,1850.966324753246,506.17929748650107,295.84344445814133
5678.519757848568,8328.30498814875,937.3956986399216,34.70881149820018
5113.999822245217,5385.388449256371,632.1239876896133,106.95673841822052
9587.364650165417,8476.675423248707,728.8061584240681,296.08771536477775
6449.696512204436,1902.366259599444,1483.11319719355,241.0835213866585
1824.8137745311535,7052.892703394926,993.3160852631031,282.9669939963884
9586.828236880005,9864.275825422164,1334.5024616433202,193.4693606115706
7254.599236784544,5371.633833763857,1359.585877526336,53.058500646876084
6108.630114653784,6635.265947863495,114.2694474030267,306.1337707820905
6613.157944956916,8623.344731816582,568.8227923201792,247.60018859661298
1185.1923408059838,4107.429807564251,1382.8070589751828,108.9811426515352
4347.052756117892,9050.270342281885,1112.674176852399,174.63710012770025
1633.4381969258668,1712.5482726660198,334.0514470555884,163.3930364204851
8524.73947168429,6237.337886597906,1315.0560233983556,147.90351113747926
3311.211867803085,2649.5516510921907,700.4262397887891,5.497540594808113
2713.5367780691668,4776.435600223198,23.390934282622446,202.7550543066445
3885.175512788372,9169.429444077428,89.13486444491733,320.1094002298364
4320.243687206912,3036.572958385641,126.03177732303942,203.01534427644413
3204.600616258306,7920.453841307303,219.78754212787436,307.78173720703745
8019.284328812412,4365.234244198482,681.6063533119304,324.70152045095404
3580.7970885982236,3765.7821159839045,700.193896342935,125.81934543446563
7422.719890195144,7872.54963729401,1472.2149696526765,247.32129667946276
9111.87109084029,3813.27900878018,11.403646666876933,160.36816971238565
2431.4062363573294,5373.581072620488,1193.0444768340406,113.5988464373308
6301.770977186162,2388.4002167971507,918.0759572675092,245.2871330613732
8366.040175945585,4425.846366972015,1436.3469530581883,23.037496367410807
1897.1568689236992,5068.851657009365,23.1108876076618,268.9763812083594
8998.29484064638,3416.9264338960365,1220.5838150453637,325.3695068066665
6268.879674604907,3011.103324280609,1368.1997371151554,28.817394865466397
8539.654127276517,6302.258240342547,1120.5011287969792,172.69730828233412
9468.954671907783,3738.021716903382,1183.671795379048,138.18439487114875
2143.5620528913646,7770.885237387891,313.8788873511782,103.39937919896889
8621.698835481748,1294.910945814004,260.2296446881687,284.71839812487605
8412.381059375342,3034.5785292068595,14.214101366993217,224.42589309832485
8426.504846052443,1888.106725608704,903.6025894774529,255.61971781058517
1637.7530119200842,1868.3903371622862,421.40222716401485,321.98954971046055
9575.479000025496,9283.407189871596,492.1183962139546,290.19567783288755
2874.3446643047478,6244.098747779535,623.5699961347879,315.3747611162659
4733.927076629963,9917.377869859836,216.4918361820078,55.74124041753911
9665.634743005105,2485.0886128671104,192.50182497170368,72.32548725880487
4092.9379670825456,5600.248460985137,224.46831058886005,198.88371843002906
8225.0766509035,1906.5057913607043,1357.95855048335,353.70777859812296
2152.1554173909108,7474.329313731985,1024.3868812682726,167.27953416399734
2724.7719926123154,9186.908987756498,1325.883597117569,170.32352377837196
1666.5920810178523,2144.865248095062,241.18187163363467,44.32891696491285
5655.574391456371,1867.1196913860217,214.40363252017943,49.63334332924514
5896.216329777262,4740.912030133682,172.07282361630894,313.33744314975974
1966.5966509864734,8770.506609954085,726.170097121497,156.5796866379431
4789.253706554976,7565.063006925412,893.6442323239789,318.9203771543615
9200.855472916712,7461.889496900984,1349.3089931806267,293.8714535621097
7880.844970660291,7722.888609733882,1137.278895512523,317.4599587816109
5363.599220555418,6107.931594970144,1028.064745357101,249.58021881177436
7785.420889733722,1416.2620188136718,95.64378634336053,327.9607717461092
9970.35299904726,2473.3274864548516,1062.9936967105257,261.5989056174885
9168.76308038832,7989.818235902352,1080.087181229615,147.07855864905602
3962.958788469606,5678.440159563204,1060.195848190455,343.6751220959319
9996.165691540236,2996.9597077838316,393.77180825651755,192.80729506848908
9689.553623559565,6451.308880997497,713.4746702889955,53.29776201333527
6612.410756261644,3902.680604210323,545.0200292638142,339.51409844997653
7780.28866621147,8666.626155194015,1289.1864858783706,165.09504839663208
1657.1347270131735,3164.1182839032517,643.2382414983973,192.5570635995495
5299.683766339612,8987.6836591613,544.8430772554236,323.6948360700193
4321.562419260549,5875.247507049679,786.9343246888495,179.8170204355961
2915.2526392385817,2531.246490163844,135.56110550779636,42.188349762139644
7872.311009093183,3939.4994021683588,1406.7795382561055,168.1790326066307
4145.687513956087,7161.696791060095,647.1859585075001,15.758508291123967
1725.8634151240549,9121.309765515878,399.0247495537459,49.62574536581586
2162.6631390819693,6018.311949305009,1223.7297518123137,309.6745421430885
5349.576914080543,6567.491444629929,33.91358969625651,241.49406432957755
7258.512598437992,7205.736550907162,352.4501514994068,124.4981014569147
2725.745755017371,5805.702610338996,1219.576615416212,24.468447145696814
6654.410068239944,6352.272706322891,1353.416693368911,331.7853652042583
4043.5827250788493,8531.532911626255,666.6447629754401,51.414746535258274
2378.4738964992403,8364.320039633389,470.01113644305275,64.43220543924829
6348.279390404243,2806.1187350851224,523.4428740519157,25.271050768226697
4209.855173224338,7103.953833327571,346.00184992900864,9.7012609359192
4370.792301486716,1790.9291692957622,862.2787262712204,18.58603044715232
3128.5251139727543,4044.3101614054203,1039.0757270634892,326.48171709693236
9976.612582389338,9158.983375598527,100.99640868083652,358.1490749097673
1311.23873049954,3686.28164677744,624.4914991338917,249.6348292855462
5772.7926416558375,1548.266749321994,1106.9547754060802,228.89617217333918
4745.892675165129,6975.539557544369,1337.2958362623488,255.4182313263942
1691.8272976530743,2097.7827944299943,1140.5834916943425,229.23605596213
4805.05540814925,6387.131278232387,474.3368441845909,351.1400501734945
9688.011556251848,4182.845909301035,36.71395945742001,174.95928715044855
2769.1430045015913,5500.868289700182,84.90597592625073,144.36457345553288
1444.3642891532565,1269.203586458832,724.5923656813474,329.10381598734455
4812.738073331799,7502.954016380324,174.08979695996476,268.6341053582661
8961.775193411402,1875.734748147695,915.1648318423444,330.2355961984593
7500.001667991047,2649.112784296014,915.9637134662006,40.7980859430838
1921.9816691369974,9846.649340805634,326.67845902534725,81.73041644186924
8171.461742946849,2500.417506912203,1261.825290723543,171.19951660259645
6750.469268685057,8627.197223050163,11.628843457864384,241.5726602265794
8668.267372653685,8146.242560020576,273.18383937778714,236.8158936226397
6920.120163586309,3906.5730666105737,120.13938973392297,289.1056519907163
2649.4155619659286,9234.02219380225,126.88377599870597,36.44843712469681
8357.97036158927,1186.4705421123424,39.02139303363161,307.3216314304081
2845.0118900712996,8246.840390451238,991.2157775848781,12.543176854788552
5754.5283365133455,3023.8275666287154,974.0913999435534,301.8740804216722
1442.3360637705791,6046.6405467388095,1312.9176890425747,228.83547200798373
1665.8859336920368,6094.503855655096,390.34586415116917,240.55378311225118
2170.732301825161,8155.75368951238,834.454073518128,301.09631207133714
5042.9829797119455,5456.5216337192205,449.53538074582355,176.26721430388037
3620.9558318473564,3814.286290083604,281.6093723718723,68.36050475476868
4177.9876579305765,2898.917527124281,22.022480707193672,232.649202774829
3125.04213120368,2112.0107423363715,191.78181998750844,10.615870613507665
3780.224890286158,5555.2063643227,267.9642408210455,289.7218657608871
5872.385023873611,5836.692729673323,414.53641190709055,79.91239451725005
2278.1364334579557,7445.778594686131,1306.1654953049263,345.8999554720107
5898.030058501762,2056.706678209967,112.42194239928986,293.6183285011932
8899.175666028488,5695.906697919842,489.76156089786764,355.57531706979125
1376.6434439804084,1843.8159358246814,1411.7678033034235,2.084018411092381
5906.62518297534,6501.768666237976,1463.295783582977,26.089011500605544
3103.312666442268,2179.222183008896,1467.5174000225113,172.0503092305552
3735.6942981162215,9383.348023497683,572.256124522056,283.40608529420274
7725.450205360819,8903.954602211612,560.5896972181957,59.954005296937
7735.775915067495,6330.181246878955,134.6083018378808,288.56234482714973
7004.159353038785,2716.0354665319755,1191.1188564547838,169.32665497234808
5546.845098992759,8530.148223124248,1021.953749444782,58.279105276807066
3037.6797808554757,9073.33921215773,807.2257745904004,53.136911825326635
5438.23495188772,8878.154180926429,1018.0644445509586,231.7460705532577
9373.476505743869,2266.880740931686,306.84020799673414,210.23697928952643
4429.314558125556,4528.282285996349,528.4831544058118,266.7050165427082
6529.4398343085295,8745.174916824304,496.2333850551756,294.07432834306564
5086.162530379692,1392.7881066896216,208.14214492579228,294.4371530768291
6033.169745921329,6660.572465049683,1472.9624352319665,122.52379602120963
6925.11095012068,3129.8910703778374,618.4881093785502,302.1983018288831
4034.114048837836,3837.6362333654597,68.63162523212948,115.5982964253065
8189.153432552863,7946.06474203162,927.2408654496776,274.90407453566246
5112.446634626365,2444.331847977842,1369.0620567739898,259.1291376923919
4022.4451605403474,7890.112806394175,1021.7547132131637,332.20081022323023
4535.049501133635,7836.922416149042,1076.6642486545957,107.71470748729756
2932.815526073846,8777.232909538416,80.25032922518874,307.05354391851176
3456.252444390484,6160.947991965048,111.46840501095924,97.19385138343716
3076.4072830572377,2419.3914811277396,562.6022891034088,72.23700058498034
2319.8801389619275,3577.301970049786,373.4860076116899,105.28417527616992
4647.997843168017,5885.794899159675,1106.3171478553872,221.31249460123433
6551.059483450828,1624.8369560312035,654.3383617397145,17.61193363013092
8987.364575941885,9715.233612537175,1069.056289232241,46.37127933074739
1119.8054580049466,9380.4745636458,914.2699657583458,19.365482627212952
1174.023050088823,4189.818232964106,155.07913233464902,14.960439500418067
4967.989658342501,5805.8243782493855,1318.7881781494073,318.8130268000681
3603.487885469718,6206.394058222063,795.8449711453615,85.07088223792978
9554.586826229457,7588.732227470393,297.79696875443426,125.24118434452114
6648.478886607527,2174.861057562929,788.2646655019341,154.66071895835498
6020.714569437948,7393.090562263008,921.3737308962704,337.62924819900684
6047.099584868364,5059.245964687738,1030.8046508423795,13.350870047642507
5823.602146553879,7754.937104281392,612.6416476192275,81.13592436929764
5008.024514668392,4694.589207220242,915.1321451038849,274.77806719789135
3098.9568160801855,5787.781062509319,376.6268000734842,307.7984107356907
5346.748101882184,1946.1553015090203,925.1051489324794,296.7438455765243
3664.30345271199,9600.89730478839,835.7464850696655,348.72462222161846
2123.9427933778884,5593.010781295422,82.77558338049346,91.67361620215156
6075.477077827363,5534.355724758208,828.371541252913,60.06278165212244
2476.0005036604325,7395.695114622855,1423.4446647384677,311.69838815645556
3575.435887323411,6104.642257641313,661.352983054077,63.706340490378096
5867.372248029889,3782.092151006231,1136.260164551199,207.49130198064896
2169.9201657584617,8305.012888714497,1356.3721150136148,122.34313164753743
8720.40634033545,3633.339328871702,131.08318727088863,262.9651393586553
6506.115429245311,8015.079106906632,853.7829761002583,338.329515412606
6418.5069224340095,6923.404029105865,23.98195904773875,104.00482844672874
5867.836139351849,4372.266015816633,219.5608311202604,163.5525367662376
8096.751894787839,3543.6106826560344,811.38275702167,335.7438868350519
5243.605788964676,7417.865841731077,257.36915729507416,99.41557443803286
4904.61049584043,6635.363405028114,964.907755075941,183.7928237498266
2820.7929877562146,2338.4819053284746,499.66165864464267,239.31063538351756
8953.150341634278,7020.358103792833,985.3343746665829,32.82685999335547
8479.077603853431,3118.285400456247,1060.6485771061214,19.585627892654774
1239.1392413974759,6537.334451320485,1457.988969744695,37.601646804760996
2614.4409905459866,7155.5627884068645,1296.590121203952,99.46066233773115
6217.307276925665,5068.789919557632,1363.2281257833579,309.4690577069136
2559.699123767473,6075.717007311347,641.350521905737,83.58773755649162
8330.703074536083,3561.648776052136,714.6640478919232,294.51069826339085
8732.838600805793,3561.7222725719075,1436.8155458209148,343.58614449740725
8737.438744219324,7158.31693275274,580.4271340168794,203.76853748311018
7922.689779745005,9399.04993082114,414.50908404101443,29.470562510753748
6446.224817105798,6043.325708907426,364.58554471776745,47.921409465306674
2305.4377114942117,7954.073104266844,1234.01902035222,85.60543118761592
5156.235179307145,8214.434003343384,427.76210576880266,350.22383144537764
3130.5496245934974,5462.452800906741,508.9647338513555,43.85691203243134
9271.9658400657,4839.379651681793,1074.3605506943425,312.12962985071783
9621.631788864614,2793.2218071991274,1200.6093700285064,41.732562176053406
7371.8068200741,4775.616341217248,722.7623454453488,99.44901396202158
2632.71108367223,6759.175026079326,755.4438256614703,254.46924075561677
9078.548728736627,6123.746966149072,1119.8622061044439,155.08649152726997
9564.714246434707,3660.561701847045,55.59781696098691,233.88015165473286
8199.533142471277,3720.299894358357,613.919697837357,70.30152862268613
3368.860622266436,4395.286676095289,1269.3167908596567,235.78187768872232
4675.507822915074,9764.73249828871,222.4086252384768,224.67296051193821
3431.369133285813,7455.028178155104,1253.3116466724543,133.54049182441784
4397.52945907472,8613.660195126848,91.69672928971576,203.09206187516318
5559.380548870866,2968.3500586742466,889.562274347001,49.32273578536847
5730.178732383315,7595.103314339725,633.4579664802526,233.148781150445
2275.609105914099,3068.094115900367,554.0060397507212,23.226589948190774
1346.502337073219,5765.381711092885,685.296915097267,209.00896831830792
8423.907164735716,4345.433641324485,983.227928750879,137.86753470885864
2276.648354496074,7231.036574223886,229.5905702338409,4.418118869514363
1211.324785603766,7713.702967147939,1207.047645644967,311.1906854682553
3244.4324915489287,8788.832912454356,957.6215042875378,291.07217354442935
7117.915060786396,2802.9448118916735,780.8966604296218,254.7369918416219
3657.2900078469193,6384.710642475676,182.84444701832237,130.0003198469277
8338.85257481222,3710.5416655351005,1393.6523372227227,81.51898846309145
2221.438465179065,3624.950899164522,6.878384757401129,67.24756861722784
7038.876000547168,1854.2578714158562,2.8779118152713723,314.4750002941325
5078.221267461084,1103.7024158193578,854.1597816236263,327.4003575801637
9297.53591951085,1566.2801875388138,9.491283452922708,152.92369502887067
4737.098530697747,4307.428602834487,1085.964169855692,308.127955118005
9979.639166898041,1214.5477626887894,757.9271308635474,243.57910072907143
9609.829234757739,1729.5706018977326,425.4628416644805,1.5795580294752825
3597.397521623847,5085.705706648236,1291.9279574156703,346.1144056218347
4885.292542100995,1266.8544896844376,671.9433956523081,267.10430428302027
2938.7453341184673,9703.450264010531,833.4704188361353,189.33086172696062
4064.5847385921293,9931.796636456304,1159.1232399494902,328.4109621923136
3243.102959420417,6112.797764337448,45.10269511420012,207.24161339693373
9197.148473920799,4606.984338170622,394.34330843578965,311.46368172661187
7839.347355324925,6161.640689448737,129.53868457309616,250.0491256879774
2949.585977205459,1540.2859060801543,1252.7183685834887,5.246284586684535
4219.247625315109,6668.6409677083675,409.77148140073564,348.53947138450286
5906.3948707096015,5604.795184757828,131.11120493619478,25.850101213218164
5432.114333496127,6670.359019444964,17.287133750482315,320.0840334497894
9388.902881565044,7858.5374866512,1200.213373400268,139.7063860909739
4162.150890065532,2072.473608805516,717.3252613404799,264.7110690573736
9775.847497285406,3301.7353742997566,1404.1741214038896,269.9020045636642
7897.001881975265,5353.611560530932,617.1240128534395,2.9592153482732644
5186.79823737164,2648.311175682753,90.038259527538,53.172655708671144
8282.865003182269,1777.6090787986304,31.43831122957815,280.4162127178869
4526.827287039943,1291.9926477926997,203.13252561595064,54.25597027747284
3387.9430869945,9592.227031714,1229.335920311053,237.02427460649736
3893.217327691874,9291.03854067592,1310.5740731084702,72.29304535565528
5180.294608120516,4824.133289181011,641.9329383986922,256.8250852318846
6438.823340459566,5644.097618324239,1425.4704192800891,169.8562264831008
8691.196341108207,1965.8230419193312,229.8039985360958,341.06642082897895
4454.615670755788,3384.0401961361017,120.67392805050876,304.21718857802165
2493.4021113360905,4045.8492339911513,241.5393762324393,72.86018225254776
2844.890321586126,3138.9529077058846,615.0873693423498,38.805192778588975
3642.4930400687567,8590.057576391711,984.123521027131,261.89402681829756
7073.858150964065,7829.56314996318,1490.6089801353824,91.65883671984282
6991.713128178499,2618.9319840864136,1459.2344425767137,260.6103826060891
2730.5214461514006,9365.584779101924,859.6900834679916,263.58161728155227
5285.394771961514,5818.601872009164,365.88686133916787,110.27541385480235
5927.256989602755,4733.813941039896,316.70749274658124,216.18185946305115
3191.6714870471915,8466.761389715073,511.2604834084728,185.93274339735765
4986.422727474689,3647.5356628342506,390.3720134871391,238.9712649211762
7694.709897458762,9787.495300875142,81.93821325138077,64.81167028564656
5804.270511419049,1651.19370220159,564.3279304516982,259.0967167272096
4667.329250196554,9947.06684504166,29.28008456711491,192.27380306110416
3901.6933156183018,9840.58865253682,234.28220441688057,144.2209231972259
3643.7200501864017,5872.653296883576,1398.9539591921666,161.7784209535556
8870.958760687308,8475.493164953827,806.309574646556,16.485189019655447
6557.383689981345,3116.817743380705,182.1558791076015,211.22699519658332
1570.0327764729157,9313.17791383092,469.5981105505099,174.8321232105769
5340.603625629679,6806.986182328769,535.5236300192852,23.558663851103496
7185.9688892688855,2921.833089135156,628.6027892986097,240.17660259698604
9944.659705587545,1183.9398278435478,469.5989776764266,12.865021891653589
9193.610277268368,4963.977366155135,1121.3557724885056,344.59750189908135
2896.5900630747656,5539.887305691161,1346.096966073448,170.09860212873633
3922.7530140820386,8846.115949221532,365.6797176569295,164.64554760312222
9838.628484767813,2999.5605828907123,789.2313056357619,229.79425430718516
7724.2968108268215,1438.2321746756925,665.2290064238205,113.53791156176011
3964.8651002591687,2553.7859119071754,599.6956097904116,59.363606668694985
9672.210761868817,2027.7004702003337,1166.405410327634,180.23985913152828
4735.669213797384,7709.4847297785045,1264.5765453668241,296.1245210287099
8647.417882809783,7827.283118129809,69.52935315253892,122.98571583477865
2237.3538831719134,3764.669205243683,870.4547964540652,109.08587122008919
4453.243034081566,9828.90416024578,789.6052401434107,319.1575651989099
7071.366301601987,4189.213559843694,1329.1837181339301,138.9851812179364
8992.348365711927,6170.033160139526,1216.2666904463374,238.23654852874958
3233.9313992123234,4505.2532409753785,738.5293215209335,208.92088129596144
6173.6195097071095,4366.166780534717,472.63004381529316,36.999248018068876
9076.496707681226,3225.663191261795,892.408572546279,223.9475087086772
5475.518823496645,6596.604834762427,179.3677141671652,138.50340201388286
6579.3602041079375,2855.484440896419,647.1519690755761,186.8125739890617
8213.56212337091,8427.256878754237,1351.0400433371917,254.07220637014967
9660.185174861526,9033.370579606699,76.1999495054028,89.11249865825134
7620.435285475356,7713.890316150324,1387.2224999519904,56.964589284316204
3954.7410250645967,6487.31935385552,1369.7980830691833,36.2591063964889
7272.666149390021,2625.255645210641,419.1686395807651,33.51382531608834
6306.976583211163,4847.474057355317,374.8496885348804,296.5401117712248
8847.142690991943,7183.4555707527215,706.4296513268714,271.4859240749851
2577.7904102999246,4364.174346970814,1260.373769515882,340.3955699572395
5058.7296845497885,8056.905734742842,1344.1298689043738,95.61720559668044
4866.65282686387,8652.113838621994,1417.0872569019984,255.9452746409332
9278.46696422953,3098.149780924381,1414.896666414854,306.65227713445813
4616.864160140531,7638.805544662842,1053.935664904442,358.00308668607545
3960.207160875023,8648.90115828684,1393.5846959623386,353.16984002443735
5231.341055084216,8806.464264734943,1148.0731109590436,152.74128551335966
1287.8577373757043,2043.7108340719678,1249.6648733255286,119.20431467570653
4446.657376026851,5553.9783606610545,1274.06434155905,329.10107427347344
8006.1196484090015,7057.047425816407,1107.78123344486,77.75300761475033
4281.835248670743,7528.276866673048,417.67566081107253,120.50951930406129
6959.286825665355,6033.4277412990605,533.6206570292068,284.6516445154592
4867.505540605608,2110.446167283698,468.4155965240697,338.09470638627425
6703.209666490218,9502.675980982185,1357.4394423555575,230.95864931439928
2733.3783873029897,1261.7309571199014,967.7331211833566,350.43283568835426
9918.495061783513,2059.2890833018964,255.30467399861539,285.65773027676664
9620.66516594158,9558.297084172624,898.2440688259629,36.872562857173065
5799.91235325447,3230.0586176154134,783.9550030323666,72.52576036313424
5323.194367052196,3763.4748312880615,842.3069942421585,75.57891771507413
9670.311571956441,1892.1270760373986,657.782573201237,272.0247416813305
9009.521776963498,3076.0196468359054,830.9287831118627,268.2491148839223
4426.061774219985,4593.012211754852,1440.777335476169,335.4105451627108
5962.864082106789,7470.756526503249,353.0848164561305,316.48428953419125
6838.279980827207,4372.991248111036,87.82738938524751,359.9733803117946
3528.201664085925,1982.1238623354716,427.4446552035903,57.68124590335289
4079.914842685125,8320.85056219482,419.0324887157973,154.09495444572514
9780.068778700817,8848.480260892671,647.8928033157346,279.00851548650206
4407.883572561317,2168.7310617067224,79.44592102010681,323.43008277184873
9379.530171618006,5100.343778950417,748.8805555015267,255.75828096885462
2919.6613849886144,5290.560043872916,1429.720595121282,298.3742792972632
4351.75397618111,9295.698007638044,1290.2940847817526,170.6867370993554
7786.95001915544,9254.188413338794,656.9730548877013,216.4766463718984
6006.928384894632,1521.5341761301431,399.5717995120701,75.8403955559778
7445.49305219253,7335.2584006896395,1487.154022805467,56.13131784865965
6446.720595721312,9748.994018259125,668.1512577556554,36.757417336983856
9339.906230033466,6684.016028003339,684.9924213289124,310.1157198475286
1263.704962998038,8019.9303166497675,322.7671941391237,205.91523232040467
9587.319796404425,9305.758166326388,1015.1636446915127,289.50896500633974
4664.917854777611,3186.287404424583,849.222053525549,305.09371202734104
9769.83966434938,2791.59936577532,1261.9804480824453,319.83544217652087
6832.645737391572,7843.9489614617405,35.328527579428055,315.9390945406915
5116.996660405583,4158.9901448011615,924.8276435506681,61.165877602966006
9512.479339926394,6440.34564101637,990.2065598308347,347.8470007508402
6213.571381710351,6514.47571664145,1347.0726911608676,307.3744138567515
7443.469701999678,6070.1734647224985,1164.2081954548119,75.15074951147213
2923.96779864749,6371.329787760128,204.73792954755478,237.99242729575673
2230.5159848331487,6550.952228492944,1367.3809297423054,20.636307125364894
8508.278567635985,8430.839655760592,1325.8886580856372,325.94874250032467
8001.837358480424,4581.273958116737,1049.3369950077333,86.77129353118731
5808.750361955874,7781.151445829058,720.7101456623525,128.1083497114028
1754.870477550683,7079.469703921703,76.0235634233421,316.3029797251265
6401.364422406378,3938.253020552397,1454.3859707006723,64.32545676849267
5594.442019176104,4242.846621726383,717.9263726228064,323.21886140884425
5869.530361362503,5671.348983569781,23.812439676975373,260.26747590092543
7591.385310561548,9770.443761736002,783.0334412242677,250.52272807530812
4140.15347568407,4666.921887987488,644.1226792653198,159.49912936639348
6214.865224495084,5295.13003592356,1114.0090563727947,237.0478369733631
5509.353669756632,2322.890640176072,528.8537898042163,90.41975101206096
7362.486130169055,6430.9848037881175,1169.2017146224316,237.62513718552708
3026.7467243538144,8925.646776037745,608.9620053694935,229.27254286684928
7743.867062170028,8407.108545525356,473.66134326027,345.3657642096074
3408.4290191741093,4609.037214791799,945.8737075305199,197.2120946809478
1742.1539451532612,9713.364401698918,197.11936281343878,271.3371040478609
8519.387771283953,6365.419295929315,1032.7099801007942,22.36910339646422
5655.098469167826,8371.236405735872,464.38893696657817,297.7074843928019
7335.616493586327,5016.130782791437,814.760152477621,32.14191163022001
5460.2848572766525,6351.207913200041,790.5540736730894,349.8019496244337
2212.4250778943656,2648.967273599398,1495.031250812037,221.10540616638497
7988.9094105965605,3040.326471908097,1156.1660840938264,211.30941602667252
8756.318926362284,5276.843763560185,394.29365150809645,4.269139220348048
3628.7244926307494,4924.189305465509,921.2887749042184,96.49540772262428
8087.47053471791,2837.7262367908997,206.99229210298577,198.8311230722653
8103.412641722862,8117.560924916002,288.88758397085246,121.44938148898623
2412.1004167196015,6796.620182003304,1010.3605668715253,158.6544086179296
3713.8982667333307,5386.313849057228,567.4215671312926,281.7635170844006
3594.3820103931143,7863.951236344699,1055.4475474929445,354.2835569289218
6452.459740097468,9889.567928639459,91.70349874818582,131.26167132975388
4741.756299324055,9946.379021280425,431.98655331700417,232.39958774553494
4867.38546765277,1980.3836761038442,157.96822019353326,93.5151716421595
3196.8064263724564,8621.590858734839,729.0807486732158,108.12835994513867
9025.127115207364,9476.713742542557,155.98462797369976,353.85340751723936
9625.898945411775,2138.1866876749427,1418.0833336296394,80.85079936581833
1698.8704795836861,9188.292044135524,470.4846791603995,262.24048577068623
6034.970011791961,5956.599003314138,422.0329956627719,255.24058293101848
3958.9589500293546,4821.829196887433,308.9352474733717,337.4457934078162
9382.408179860895,7787.082683851237,668.3452557968518,58.874328034796754
5458.872315011324,2163.10202853051,413.61882852948344,104.92940972910264
6947.872811225783,9761.792461790053,910.8421194784005,322.35767407385094
8683.02476688873,6526.536251678825,560.1054362655324,302.7508821031754
3047.9776446652704,7645.315086210406,1180.3901713267144,148.55368964474178
3806.8728932803515,3251.0847248884056,1292.5415667421266,265.89766714600006
3917.753498329814,3350.8570867868657,9.516749576414268,214.6186092505726
6960.2687873682435,7869.363441409165,1283.5504602724693,52.983700772168824
9446.440363788854,3153.33326581618,966.6672685464321,236.24954475936465
7814.556392521617,7967.175461777531,72.91135312260762,308.76979827540185
5077.282868786726,6590.810053696491,784.4640731760685,8.279895786675038
8403.264836823457,4917.25872542899,1464.1286618726551,94.92369037403277
3197.4505676295016,3800.759094028438,275.3649917989194,238.59244068208255
2760.094344515631,7527.879015439577,678.6268147222702,30.84288598096469
8518.984968568755,3972.292715741747,944.0477542372245,125.44514943388401
1636.6784573014802,9891.05724078495,1042.9956702603927,48.42091151774612
6411.606694164201,3168.890655846267,867.8630982812792,268.72424227787553
6647.344744048365,1808.2996852537135,956.8585443193683,330.2015432417722
8234.622480495791,6511.900547645379,1114.2363805488183,278.13618142726887
9534.56698888604,8297.361891313773,1006.1786427032637,320.9575825032173
1494.3067095274077,9579.401269183394,316.60609235480933,141.91927395431833
1283.427797014669,8477.202204813479,660.5295948357234,29.90321262901023
5747.039762117605,8075.194570153291,233.70106942083217,106.9007488605748
2601.518734400182,2669.5850956454324,483.53149264213397,342.93899843578737
8662.68435551455,1616.1315820396956,296.4171475220958,11.288845750515458
7899.641670727787,3358.2454793170405,314.8953191180148,52.50229673812991
1582.371539065462,5076.630180915237,473.39820738347606,316.6340592626252
8634.759489891967,3992.4933182698337,451.9382219846037,290.4968846943107
1520.9352037555934,3870.537203042477,259.57511609109315,57.021259317916176
8027.392815039787,2590.2644703671695,754.064706717591,336.7776787328679
2162.0111089158536,4989.11443469093,444.90703486061057,190.1072241620392
3340.2606542985004,9289.266717472985,681.587401944562,151.61399144058242
3586.743472690263,2577.1962956639245,1086.5983738131017,67.96040048825247
6933.629637810225,8497.874883939916,577.9374249491374,232.57888852343086
8553.759883381073,5343.108766153723,30.875501732419977,130.65882384416807
8876.591821234979,2104.3609622314593,525.1762905458021,334.75027372557895
8619.759549756021,1407.2369842871187,1412.0332100078929,53.22574194910571
7448.894252297244,1995.0324667405098,220.18206485022156,270.9991114994359
4270.468936620433,9034.611064849694,66.10087223274915,50.85909118778649
4255.972729891706,3360.06797850082,492.6156511682271,280.47589402378327
9944.758883323533,7092.711026241128,344.4680628417229,303.8588211267471
2486.303999440002,7900.897478619639,265.2081227603732,245.32488809978366
4439.061095935707,8503.587433321285,349.6700964591421,257.82597097306586
7680.205909942374,1443.1192967662726,854.4752721482778,277.8707191399798
9969.23984231799,3957.787976154446,772.903132167423,298.9607797868814
7052.887399407195,9695.88464112498,677.0274130590743,332.96323852070054
8747.996576755806,5555.4039658950405,464.7203848360335,337.8902454856248
2280.2689346346624,3297.071821095144,1460.6844825706846,295.8763118419691
4583.744622512862,2282.033932322163,1469.6298418129259,36.03374114590202
8333.838897841048,8806.921471334837,1398.8017493386503,193.20480638598255
9491.29937470219,5010.825961097392,1373.7028876542574,316.2440354247921
2246.773688350301,2997.7669771531046,710.8696755753418,176.83694640373912
9776.346621941106,1210.3030640167249,279.0630391284902,73.03122025372448
1722.878301509495,3173.9009841723255,841.5621699346525,357.14985548407714
5479.393165955531,5405.2124993189755,969.188470024847,44.74906189438223
7331.111933777973,8522.020268034412,605.5949159895624,181.1603842561386
5152.720598868566,7509.0965057334115,401.88223490674494,325.230626888984
3895.2760633417615,2440.960321817877,546.3375340411403,143.8831125791846
1266.3524266948552,4887.506205557584,879.8863937521962,319.6607704855413
4713.5787285495535,5212.223943491477,237.65181903007314,44.02141580356799
3248.0185755331204,5482.809710355987,1377.0041987741847,50.1224968165933
4390.853246214447,3971.1903118114296,1202.7456214416113,33.78921738784161
1157.1677096104509,8030.327306925179,422.5131204556959,303.65478980957533
4218.092653501553,4183.364133269821,448.5731317533762,78.97423303006967
7227.576561376977,5826.290909405125,1254.0329075824181,173.54230471934744
3336.6274005168207,9766.55669893794,1308.360112021568,322.6669294487279
7102.638682158828,3361.075988600399,1160.5769799305986,65.15087496888916
9777.221264077181,7627.333280753542,430.0277349079382,196.32025979663624
7556.541269833619,7400.861742237796,1460.8016307418811,214.86776371648878
9371.393040980623,4201.433572010727,1480.3288060492384,306.2894039619472
4084.4109232854908,7901.006652129423,414.51469905056916,282.19883445472806
5159.907331746081,8553.375154460571,878.4016527234412,307.70626918708405
2352.5217218622483,7338.537892066432,330.77421417466803,335.71298984220675
9367.040251746821,2208.5281612769277,1483.3023511609558,68.63514647543685
1441.9359090778578,3051.9752923513524,1267.9605151571986,84.51434793102494
8279.552034807191,8323.87998177287,975.9950624518561,198.63316104810812
3323.6076126133707,1840.2756475475885,1408.0709901754947,86.21211938426777
4474.083847736909,4764.653325110632,238.6143948135324,313.9454511040341
4431.317498030432,5524.2605432176615,67.92756659540925,312.7779928356121
6191.044893101266,4868.359913138609,537.7080841156277,100.02322292010552
9604.693835845921,4235.059484585772,923.4043007312926,23.15814147151636
1809.1809762447738,7922.013200587637,12.133817964320272,49.1407642699049
9916.456597513434,2479.880409824853,330.3834441498349,328.112974119024
2467.316562865703,5266.187221947001,704.6989522809309,245.97205627135858
1738.1298466203582,1519.177697374844,238.6596757948065,320.3060778411757
2472.7308903216513,6620.251458264053,482.5845784540826,130.44474833839777
2045.3575298718615,3845.6663735160973,331.0700792989755,94.86048514905545
5940.614185101779,4470.164078561102,1243.212852196024,108.41787382707093
4710.456073623427,4810.554314519757,1320.75314725818,355.9750719609864
6659.347808088411,3687.0089566578977,175.71481797899906,47.00387612408878
8734.311394163755,8288.664590056245,1228.6752013127489,35.66886319343131
2689.784676857637,4617.942241480794,1440.00192450639,168.36953735593607
4798.03984748539,4499.820699086702,468.3412866543477,231.97247291226645
4081.7734592326537,4413.146636828255,1433.883339116803,211.67205010536105
9600.5162249797,7222.685775725502,432.7340088528328,115.4950555152759
1977.8206196187853,1493.6199342867037,1306.2162103737883,64.39236279356237
6499.350235159279,3118.667671985128,328.10196882101724,234.06992664599775
5164.428366315977,6438.874893107087,24.356598155529095,121.03338165391169
6901.469533916211,2105.6872767054397,300.5227818978007,83.50688888067333
7383.5452347982355,2964.6594375005175,665.1114069772806,101.56542755982761
8357.946568913208,4071.545223691205,1339.0285713837568,249.96905371385515
8777.06634525241,2673.1920594147555,209.27301141927487,107.02379013520932
8661.796871924184,3280.1942017085225,846.7976349514985,216.23133119505496
3307.9210700720596,2549.4371810570683,1122.4368250890575,97.59420394185297
2688.4337062493237,1690.7553970663198,773.4867664648889,346.34439413976236
6146.381922178667,2485.380024045343,1106.9566696581091,215.709757331349
4116.983305960006,4139.201809544593,43.53322320609857,46.89306411969763
7588.119337612717,2923.640741510355,1270.0537243669382,161.80537523583453
4299.3094014538765,7289.133729388001,584.6026611229931,345.59137826094974
1584.7670650132204,5297.281267009107,1140.488721887465,317.11732925598943
4627.1430031357395,3681.6442650432914,636.7720348486087,77.43761210847852
2704.31033536382,1352.730565459891,250.79249864986096,157.6065552447793
9206.057225126973,2317.564244308418,846.0594608114201,110.68683664841791
7922.41395605236,9460.882593935903,870.6511842531447,196.22835073707023
3511.0999616973163,5472.329985473077,985.0533192319685,41.20392133800134
7300.438284293806,5978.836587652102,170.65374322078924,79.53498786880198
7176.526721111559,6063.754343480954,1063.382927214888,88.78530918941212
7302.451685840716,1423.656851004344,1333.7420660739426,11.798442859541687
9463.532394016298,5332.2321453014165,1129.847399556762,14.408905615938183
3244.8548742454436,3177.360611252367,752.7126178517223,296.70722809311485
8348.108018385738,5830.575101171532,456.4920549300321,127.98999075345263
8930.084605057871,8939.376699090008,408.7549749447192,278.00752155711035
5820.110276665763,2348.522626790845,57.49107218605767,93.30328897686154
1500.0207624046045,5066.292214165791,254.17945817468356,293.3751293633214
5317.067409899115,1179.0531380393634,112.93947898847772,101.5326486612753
2588.9615829401373,4871.6419569298205,51.722196683994866,12.405401904670656
8470.290837446035,8711.151631802026,416.90078214026346,213.79617493973896
5427.283812971154,1952.99784680739,1486.364099088229,207.89505862578855
1357.8330498840232,2797.7868088239375,1294.2049249327893,80.94597992510262
2037.2684723408302,8382.897711703177,1144.1185839737993,89.87856702180541
9465.653677680148,6699.0456928592075,1396.3467887696315,278.2649784448994
2962.782113132671,4777.2868866518165,1318.7132769680475,68.83389951096437
2758.4199418808994,5112.722134974992,1097.32953562919,291.90224873773604
2893.3852905770304,8929.460192418795,1032.0565067629414,175.98936913667913
3461.590159533181,8901.175189060485,444.939910486339,140.40174986254598
5599.5339723017905,9366.272999362309,924.0609412854798,187.98787557375266
8339.677040707604,3439.131327827956,390.68126746413145,187.9588943075669
9469.075019511978,2745.515078105035,877.2285387975849,71.36425250859921
8021.1364464026265,9668.280477242186,1465.2814966062126,285.4934413305346
2256.705082198446,8685.06676460973,1024.2381057554167,330.1697348339612
8088.8105905255225,1252.5514106093517,1025.7646526693054,272.5760843696347
8921.388236153995,8257.14292942025,227.5956096282733,135.17531991816895
3451.3466389569535,3461.7218466912673,1008.1555516503693,277.3410054632513
5825.052426715304,8097.65677516787,882.1431253879572,254.98469708673196
5326.858447941055,6574.251563188534,506.88352004055855,254.33272498078662
6444.541198974871,2919.304362719624,258.9861445220004,163.15930310412088
2972.249783228296,5686.73936032612,1245.8093969017104,140.1100274532197
6119.719186428534,8093.271941383768,445.22382484789534,155.35561472445212
5496.286580218704,4242.643419029013,263.3455246709852,72.4348916555164
6934.748245807754,5848.323153960078,920.2726739699074,203.4084954900083
2734.3881815310715,4129.607544029213,343.34667916451843,347.8592169131684
4605.54871488948,6259.2503600637065,1290.8786039304016,357.19574720826677
3036.3843128802346,7359.526042671769,1274.5783761377938,273.52971665548466
1235.7866720279135,7985.138720308376,1236.939475735439,252.51626699463512
3290.0366223389633,1873.8080145353583,908.8249949752396,120.90871574734327
5593.108251930202,3707.4519268187223,827.4351499272794,67.91870502266043
5178.08407508068,9562.602411256206,806.7155085536308,137.6475762084664
5594.370036327453,2213.3993533773937,1079.293735162174,68.64817286110575
6999.289143142294,2483.0845060085494,205.51808238106986,272.98109542059564
4156.588655036565,2938.821137565357,1102.3122666423021,269.9149553184042
8966.91632928534,6377.96576944308,933.1866941694316,336.34143498320947
6731.505810321491,3593.73432533951,184.6626694874052,329.9121843774598
9550.132267271121,6847.266749965497,598.6191213460099,24.409772883085257
4713.93186640105,5583.333682618843,716.2045399895717,325.34095088988516
4219.702899855209,5936.3802345385775,1084.0272150203548,137.4116822699092
8848.21741053622,6372.145185991202,806.3130808736939,171.51560616054283
9477.527045573326,9305.735619518215,505.7802119949225,31.118105351557052
5891.768516506295,6807.635351544812,585.0635766587394,54.0303714371319
2789.0773252653335,8351.029239192507,1465.175178654033,189.0877550231366
3678.597318387651,9391.764091558,777.7288201255516,350.06258875403245
1362.3378990073004,8857.260959395313,546.3989027919253,288.121313505345
8756.725276450696,7859.512636850676,1384.2015482010645,15.91386185947407
8262.838080773521,3337.9361059127555,342.441626359421,45.04819519789789
1553.6387667611534,6734.094111722815,365.4016308724178,9.048666349367506
6236.650011260077,9865.876123939528,1189.9035353180595,166.60220298504362
7931.696202598729,6383.044591602504,879.2049498106228,313.3507549961421
8293.389304905646,5717.371259603333,332.9141171777856,315.42936355138534
3115.7121528716834,4897.963921610631,142.50559403596282,62.45364229882729
9310.725636850631,5486.580966221582,1097.4511405666253,210.41976350577815
6803.347618855652,3708.938200098962,1206.4516067330724,307.81719552542916
1301.180196258919,1596.7966142759283,176.7442960947617,4.7310828804709075
7515.93157451147,5827.409218350463,660.7554958892878,122.73636984926294
5863.121029037189,2852.4646567054006,1346.8555708289089,62.74531005040772
7076.454256356111,6920.594485863353,608.345575616521,124.1781963170193
8307.057769792718,5828.631554842105,225.54526445671533,14.601522687856724
7934.532742440381,3856.594114111553,563.4568930859156,194.4841307125374
4083.735853182647,5418.215204095715,972.5418275501949,43.52485139475138
6728.75817355281,7817.937201045972,1044.5151401525222,217.16555007429258
7268.561146465823,5241.743149772716,1089.927245269733,74.90845576464352
9424.493813517236,1151.1461183568529,169.5794472200276,153.2362549779369
8278.569779532463,8015.113772892631,1274.1127603576763,357.40964650006276
6505.723657179244,1873.929008385865,436.39804913647043,146.3815945617012
2774.1825539342294,8024.137931352601,1110.6038706429854,37.09416488997815
3962.433209357681,6018.5686924080055,1099.9329261316952,237.07257619151056
5203.008808853706,5724.6387739790325,1127.6954206689327,329.18905897625893
3041.826101236472,5493.465985923952,946.7365174406846,18.29916486749356
3777.548333678937,9384.103991875732,1044.7715620651827,186.4225065394099
7358.238227643873,3452.1356739214493,75.58686868738195,46.38559731893446
9017.876292331988,1188.441468952369,292.020410459567,126.58649946149022
4254.484940014938,2367.9094531978385,705.9593735438973,160.81606499894866
9888.7463031464,6329.801238968972,72.76843848659493,72.94549531364673
6392.919643392452,7635.241197312919,1139.8179537296326,299.91323137428117
8959.08653891984,1374.4947889825162,1318.6050025392583,84.20296299840432
2717.2731243167154,3723.2651766226404,622.0437365455103,148.97790785501138
3611.357229873596,1118.6668348211647,1298.5430407753886,28.34887207797943
9975.831796633993,2303.673912942454,1319.757675803191,119.59249638264927
4938.6660232209115,7466.064360461565,1455.1371965811506,91.87210617970779
7283.767004199069,8218.882421592854,1205.9998496496228,174.7468470578195
3494.0510389963506,1367.002356206545,252.02967030202177,156.3781632764163
3502.971732064161,1579.1131565147352,468.0177363660256,111.03168576544194
8526.804744713158,5687.2968999301,572.0691794205881,43.29535949037139
8298.228464936203,6838.140688605075,738.6691896277433,24.717466552967522
6234.496189523276,5008.5328240396975,802.5665765341231,173.6935644965707
7754.04743047911,8732.947348996619,1092.9353619883802,137.05682797994658
6615.720751051214,3401.631201186731,249.81773554413624,204.6988157768744
2454.31554842233,5271.1979895463155,1245.9070124241607,116.4182500076176
4123.718991917848,7814.382132335167,1046.615066685314,108.35108898507895
7478.906964726628,6661.954466105838,705.6863493098949,308.91684001019496
8808.49045372431,3513.2732245058355,308.89975647750674,159.45148921881193
9779.985823677865,4792.891661502514,1473.6756468993635,261.83968096531106
1512.6844272237486,2579.7678550718956,637.01065526316,80.62214479857947
7963.5344185323165,6469.87624237246,528.2927363054374,342.8391709824575
6061.233008856536,5705.847562767822,642.2282904863001,270.71726482375846
8236.8895246936,8971.830698198239,505.7068703064366,68.6819268633022
1517.3624042644328,2184.509524312387,765.6561721266382,336.33018615341155
3410.334679946471,2442.0293603246955,330.6353730092148,251.13090133639824
9054.915479060877,1584.7268903048357,972.3943680584863,190.72648999822346
3809.4894353464547,7187.11403987979,718.6473683024644,231.11215744958585
3547.078156168479,4964.45183683966,1481.8009664595595,30.13333127193649
3480.756586815468,8189.24044837568,787.9130603607006,35.0007234597377
3676.9681671212284,5587.86937535359,766.327484851352,124.92266062907464
1267.4794789501002,5081.005853237317,971.9640498686349,130.57013175489104
6556.920879496434,9853.188127609728,580.8054694610867,118.92602460135345
6778.473241773913,7177.600397216594,919.3105838542155,352.35910643833205
3833.270305187501,8598.060127967923,1141.8238591339705,22.793653799723558
6676.700807834152,7368.98982023658,1445.2272578772504,248.3620984935821
7602.452496858081,7152.851926921418,770.738311004187,190.14110734953465
7925.516394648161,7414.709083408291,742.507812266262,108.71805145554534
6188.1916993894965,2221.486883091843,821.8427606696916,53.472666213325276
3217.0474482375394,6302.846630967802,171.5955930314443,106.58157062364465
6990.642278518315,5072.893299516758,1330.8427364679997,84.65850664024143
9955.442458913425,7175.97305018021,492.112013018868,136.03986924673916
9789.978151514022,1531.2483396683358,923.9261609652566,322.6905464136007
2385.05291706724,3475.366584210416,1041.2869280711664,61.46794516337713
2707.2667101934994,9830.584189334912,1329.9071933782013,20.44674501086358
7084.9983720054515,9939.794888128732,68.01123338374819,175.91351424067997
5768.101504588687,3303.592811049472,573.4615530041382,272.25465294380865
9430.56003115299,2128.4405880181603,441.6493581662663,232.55176063325894
5310.241180167673,1171.127080383254,925.1110427408755,219.92351089429516
6139.106330236825,3142.7842686400463,983.1697194297008,61.94567778187919
2639.824158960083,8583.366126638819,269.24334298806673,157.99496512799632
5040.106773376274,3853.688975132111,351.53583962381805,85.8838196635485
3560.1998819851956,9600.35830372438,255.05524052803926,340.3596219352726
9972.268949307014,5307.975567032912,1183.8859781017256,130.06415617291367
7611.906207699752,8390.55114608673,1248.3558368960328,43.38451545796191
4767.488585810534,3850.743268325594,1279.147260198783,142.95745337003433
2063.1612797780513,1757.322575439959,1119.5664896515464,334.6946296149839
5979.405343351088,7820.475571489515,423.32640183404567,121.66431851800202
2470.8604803880025,4020.1562686943985,190.41289842884004,209.7882470042318
7903.702978441761,8940.616762127613,170.07768979415945,68.91909049407626
9006.926171524803,1327.586169358456,916.3900035536909,118.66314521573038
9801.760415089586,4871.478746086333,652.2727181655619,285.63722882989913
4783.883658385797,2363.8547667800885,1480.9271564974235,129.27625664959123
8013.97583445842,6803.315598038194,862.026750584958,358.3523274467656
2458.3498690879533,2756.6379771510647,427.7283945360416,124.52153510158779
3397.8860814685436,5126.196326641645,364.82747718090667,16.762091563401164
4926.857429357606,9180.790255067566,933.3331719102054,309.38698695948426
4412.501887732162,5830.824749417069,950.2593605279988,239.10468910242454
7612.639315043078,9201.272986492337,1343.9922039602095,185.71064774694173
2003.2454247460919,5308.362558581317,1.835800483853291,218.65307536313162
6646.8576920540745,6131.2863661121755,301.6161313886669,51.997875373406984
8436.49276509658,1333.7020566429512,749.6530245543144,75.50653239017544
5439.4475743447365,5095.792069427143,650.8328896391217,66.40101640562364
9043.507520187468,1617.3701732828317,1167.6761701466698,98.02991129537301
6979.083407042336,7274.464618135938,1060.4743857536082,6.822181873568632
7736.1859150528735,5420.75850989569,664.4646031466766,315.64346419706015
3617.7029047294527,5457.663979611961,1262.915380825853,249.67831898590381
4819.007771809325,8324.064467982907,943.2397752513295,359.2939969023005
2199.669545318364,9555.437600954481,721.3861196456609,168.43813669756852
6142.572579785588,8028.467729478914,456.62835027499335,21.762998974446784
6467.934191666074,8569.176383930595,276.87294613896125,207.83179294430107
7365.58271443517,4495.527110019283,1198.0240240603812,153.34602374622833
9777.53632077342,6115.007147722646,928.1549543711296,227.7470668139413
8525.022077349571,8710.273783648376,357.04451832417203,8.580530884246551
4296.958166205213,9802.234762763812,885.3219333919171,300.7526730871608
8660.942906832099,2727.0807146508105,541.383190386572,149.91509170029667
6987.295112522575,7892.580441099023,781.8821267738205,233.64675552630735
2549.266126383962,2126.4152708280835,641.4862548393105,71.82638276008424
7851.266602565886,5644.618194607283,1179.4603021258895,212.9180127335622
4110.326022545947,1846.0379103606401,919.8969232294534,144.605739632171
9153.02751599481,7465.555536565223,9.127909424740624,140.80724231949057
3043.672046593133,9191.959510482573,1031.2277300067294,335.83216748202403
9943.86633830182,3448.8502874538935,798.3269766220852,248.18708343106334
6011.056772547444,4616.725418144927,7.798339637252117,35.74249020713078
6685.9140792734115,1211.564399673842,1370.0487765731214,83.50515588080556
8972.777068067404,4546.28667916304,356.85745955599907,218.2427490984974
4529.131428821151,5108.496564428782,230.19149413232458,66.74629283935833
1330.7465455447416,3551.0176533595372,985.432763445905,30.165553937219713
9797.903166848599,9349.9743786618,418.9793579485924,162.73894422968627
6193.580565741489,8051.911791000335,975.6208743119436,122.9675528545111
3092.4128610934285,9585.46560036756,1250.57844591767,303.06002206830425
6987.502406109102,5037.544835067298,1091.6558857028892,64.97956815368036
6203.428032462009,4122.266041178809,1181.0015904251002,302.16926012082246
5957.445243952611,4042.643120266557,1082.3189958741427,80.78700413879567
4108.917275187594,7903.7111957728175,515.4533059880567,178.67325735895847
2190.6189691028535,5887.379953047123,1456.928799287383,202.87672523909805
7129.319499874952,1685.7624702649582,584.4280098492026,240.26245772727154
2147.6897574341488,6030.705879657273,8.307102837571804,176.7872931202109
2592.4592634714936,5862.145860475492,452.77370697047905,345.57945232729895
7809.775460727521,4656.651953252004,892.6509795118112,137.582096246253
5300.400443725424,8395.575818727977,898.8635431175941,300.8710077162636
3179.1157608539406,7107.376023258965,114.63530839375115,21.997629179973227
8896.997363927872,6540.754156810425,1050.8476256031288,201.15483774072484
8890.286081428661,7237.446168096843,654.9599676366417,99.26963335245627
7052.0694107356885,1653.0101279658322,222.74303122179487,90.48654955261438
8069.475019386826,3919.829117926401,1106.914800448311,235.81891843526466
3850.301255425938,7869.583339964114,994.3375676286448,353.3794737805281
1382.1378091412507,7536.781275623064,653.7031522919613,17.87933616529937
1701.6371438197218,8779.738842951278,642.786306590565,97.47080625186459
2128.6649329662005,5333.728236342154,123.0893692833945,217.7261698455321
9805.201525788902,4350.04506615209,209.26884787433184,288.44213109267827
3582.0750687785435,5928.6317894168515,468.63478250050673,356.3655956688849
8051.690454220323,3746.586214271646,12.471449378105074,300.41968246896823
7619.101318872743,3224.891053226178,1089.9713828673018,212.99034863704364
9229.952049491258,6262.555452505885,32.63091085263446,245.9087208950468
8202.51147011896,6643.64324813226,444.30370246808064,232.14719755749095
3173.5169462710974,5054.932780314897,1242.561774606066,60.11773268671653
2153.7650103919486,9077.91902419082,68.71598911074557,234.47971507365324
1354.3329696722633,1230.4824772881248,1347.055632380788,4.023506807399573
4827.138304615809,9031.021435998078,169.5623471158357,219.69174405711516
2160.78154727259,7380.227337838942,1146.8138193566786,292.24576277377366
6732.599954921329,6217.985870017646,852.7593373666879,168.8531757220115
1645.3156549278551,8876.249276157985,998.0648074396423,354.2330518130734
8674.52584594697,6235.652577227251,1132.6311894192731,8.999948165226538
6872.186889759185,3947.206433618602,1033.5871248892095,157.70399088882078
9222.722591903044,1275.9833164750157,566.8776348691124,324.3880948769735
6131.547750436553,4361.875545613919,393.35189125900456,352.8357345036207
8265.750345841545,9215.61482825629,471.86522930464355,90.87519982162533
9374.710239179929,5806.666137918848,501.10695217768784,23.371166128615616
6379.874291623492,1709.5694681206028,1126.9446025966627,32.183998583910196
9942.556789201757,7293.4999247857495,1289.4383514951182,353.5219614739513
2955.1946116514882,7045.360123281495,681.6545390373635,312.6425383174654
3513.1303039496756,9400.13275312359,748.2335815211547,280.6140781604735
9347.562796189046,2718.2319267398934,1375.4943976655181,211.86286414295625
2346.451292772025,8182.062970257186,1101.4386311728913,233.65047582939837
6606.799585722247,6552.416602964856,1043.8942740800746,211.1904357216849
4049.9993411110377,2571.753815197193,765.1589854114021,271.33082591346164
7521.428389715389,2177.2765123224517,199.08036731688682,166.1367127671777
5247.384037704868,7236.403754147076,1016.1145733068573,216.38541768792416
1327.2906752311042,6130.607474109192,173.55699658140009,35.8042378192558
5814.806175771653,2689.8798530922813,684.7100629415761,167.78012798636894
8566.508000077767,9803.317402853336,632.2076303219643,217.43174197507625
8207.710868050752,8243.691269979556,526.9275163109559,185.96564759971892
7669.864672510276,6899.731977715967,993.1776349553712,63.11798635885377
6909.041932730723,4770.740310798759,975.0412402529108,254.32988838028518
4499.446030387374,7839.920668812633,429.6063982340708,194.2189421956883
1846.8558141126932,2757.878126653547,45.88453884211291,130.41659291125535
1365.5206335301425,2302.492079367893,142.18059266185676,280.23621458792064
4128.683332055836,1724.4995287783395,843.555595515183,349.81895649665375
8834.18676233354,8190.015138995587,1153.2145212883638,113.30610098300762
2450.095396880919,4493.855716092587,615.1030796592959,164.70189827218263
8640.28656733039,8339.58329265845,665.6590561457022,211.64156411120533
8278.011927853207,6262.473064876867,52.78235930712494,281.73885644401764
2643.726590526828,2004.11910761257,76.88934790319188,40.23121818322009
9263.551733258564,6557.08887557969,782.4243814557086,157.3084442535195
7611.008626003393,5244.530731439414,1325.6328935144945,223.09002058017123
6749.492060882688,7309.09905210575,198.2238561899212,176.3556223720999
6827.9856549994465,5744.545833850952,1328.5776284726444,300.7065600800461
9188.52792097197,5878.966530975849,39.68755209118762,169.342028110642
2074.5752518784784,5113.160164460303,653.3340428777224,23.718479608223294
5142.454255545367,3401.4645808365585,639.8743555110235,278.2555816964578
9252.172298605903,6982.40224880269,214.52932556626712,149.95193265147407
5115.274205414565,6227.290499386063,14.323212136977764,47.405688015567506
3777.9611049211667,2126.027603742991,145.69884661049284,254.0555729686803
9007.243266507063,3474.0533434767053,55.57919758544729,358.42631352561534
3572.559903111017,4657.6086557995895,1058.5195357118605,227.6091294947407
7494.330022045444,6195.895587070779,1056.6679321755853,208.0671566621787
1572.496212723275,3292.90485355458,1011.235613833137,214.0354978283566
5682.251252420772,8158.7788240942755,807.7228659686119,102.62539427936939
2322.5121867146545,1788.146866227985,6.2336835168341,254.9060173643784
3902.8880205721407,5468.189011079163,589.7824139228552,63.12563595998641
2145.3321005532807,1535.8754045858946,244.87193409019022,64.18432303313912
2394.313638367851,1259.8082020192335,173.1782179343925,289.33764258218963
1259.1076437898328,5310.568228343484,658.9297820156005,93.37632401554515
8028.725552229532,6297.9116524122655,1177.8671940734532,178.99941905532387
2767.4510226606762,1643.916567018202,215.40874572629048,61.14328579091215
8881.825289341601,9393.92673730017,282.91884608571775,175.61230652965475
4213.934139990939,4760.590083669267,1462.3069863914757,21.013777282837214
4792.014358379834,6462.451068037042,898.6085361540768,180.86304776234255
4530.261973185727,3992.6435325543866,614.5570853360889,246.33094109340982
4345.561604447565,9490.296608283194,1164.2680086358332,313.9916846014354
2215.7148659519753,2598.8737150936486,1115.719028912777,95.49172558101904
1800.791977990342,6147.305079888645,1220.8195136703914,256.2736526640115
1879.7876961462894,8842.616084470115,148.97944135204634,154.69832130920682
3327.1973655651805,4914.6353023309775,1253.4877207022562,17.53938086239881
8952.722210746233,8197.86878599758,581.4640413376144,302.4214664460351
1177.2951341918238,1250.60031280342,1254.7337463101621,338.4144981885865
2268.426386157368,2478.2629036262742,133.74295060354294,27.20758760023898
5077.384213226355,5890.904831321488,1074.8530506282111,26.555132180602296
2988.4487576568586,8416.018567454454,170.16923801337626,134.306328771498
5603.240062774671,7872.318396659966,927.9010646168397,16.746829287128865
4814.481904066433,9482.359605306117,1373.630731910698,229.80154373011368
3998.3092055673756,7748.162715215069,315.83982842897734,59.98816650740271
6585.133329826683,4986.061464679595,1250.3480743213197,338.5069275201522
8433.14910027451,3187.1968197082874,1059.1594869729183,265.9540318260394
6361.966098567741,8376.32984760587,1122.865928774682,99.84270876924732
4012.4677826885045,8558.178390986835,1026.7166485190496,356.3152858890293
2428.456470925118,9794.675318326092,204.27024470569222,35.53237501682
5226.020178769738,4076.4542575487503,666.4514544300076,248.3515097367165
5474.464682493325,1183.9363395954995,1460.0107179161198,203.81152793621163
9078.015716368302,1816.3477645080047,1495.027000204747,88.26124685794987
3893.175397263278,3638.837788183565,1335.8166038911609,217.08252147707435
3707.9454186318635,5315.066594554382,342.5784612706192,256.57047284331
9641.43322498553,4943.264518597438,1415.0474229647173,280.2815852362926
3762.8384028335017,8377.61487439447,388.4226046463962,183.85016851661322
4103.203705947844,9448.345069441131,174.29901929142238,215.60457001998054
8384.742476641884,7382.642104450697,1339.100715707376,258.64297801039345
6380.934135498727,8191.692438083566,977.9778890214305,20.909673577872557
8601.17458018062,3627.95888145775,559.3154222290278,48.32588487727144
8769.812717260633,1445.3724191329238,340.57477749856247,340.27408277826373
6545.534018289884,3071.5699947752464,859.7443225565589,79.31238904175835
4862.869391629372,4197.531924003123,301.36550639899747,231.3370358163183
6767.14044607739,3493.586199456947,854.2162914873478,17.938234152711853
5268.6621719718005,4307.495469733654,814.9580879284654,36.77396395616079
7680.071373469942,3498.5945784965074,1293.3687973672745,30.13888502355358
5324.693022156373,8666.462327023912,856.2313323503399,177.72287517044387
7075.041748504408,7139.477293058396,939.668665183677,221.88240278890655
8517.802854577074,8746.624906513394,1292.594294375858,193.04461162167524
5955.147812147143,1885.1970413208833,1257.3943573366207,210.00269057405438
5500.453980124483,3112.296688041549,510.9808171859182,318.1156593698299
3857.8373774761726,1244.1450755583817,220.1499875128397,29.61631386886017
6902.193235249478,6885.511569058273,1124.8211958824502,304.2501670496074
4509.304841660138,7745.728684255939,6.982313092129276,277.69994818541056
8921.661360454123,6268.587338472965,1197.7365846434247,57.58893236347938
6993.846267533001,6508.317908522922,1484.7890614436137,189.0027398650363
4347.573689198216,3581.762700417811,1040.1207244475604,284.0887423562098
2413.0898385239916,9581.406393920195,1468.6544861876064,298.069412112517
7220.602842432575,2381.2603009503973,521.3920532550815,321.6761210968343
6071.159349947195,8736.637330078658,253.2772099007942,294.66748341723013
8358.73192319757,3056.6246649740074,593.4882073598899,329.9241837562821
1481.2921102683774,2590.242080801103,774.2440319142942,203.32494661134362
7392.989388905491,4910.937709779675,46.09581640522819,161.11633327442973
3444.495991922028,4641.866925974886,602.5857754940525,70.22843359536057
8738.779908639357,1800.976915284295,329.37247781094277,332.0740905051357
7096.262471377771,6868.422413910222,1008.5684743062222,239.98788074337503
6990.95893631329,9062.431188316988,313.11164869261074,58.806277843526246
7654.962206099757,5314.876894117093,898.6285988726688,313.1751481621674
8667.262883501833,5582.8158928691255,530.2331456723775,331.98852096126564
5339.4588072995275,4755.931299155627,396.03403765189114,19.019553530274983
9385.825530680882,5770.473803820108,1332.7648673667834,14.69315577097044
5902.337381380888,3541.5288281174458,781.0900742214418,183.57239799736104
9160.684404268854,5473.259017173773,965.1346102474963,180.62617381211578
4227.915311723745,9009.32733783112,790.6463012153877,113.33796458038486
3639.13927110855,6832.766108845953,1327.7658259419895,289.52699326892696
2225.0720595814273,3477.7759557913473,1424.776101767315,184.36203480827282
8784.21892515238,6907.073982134751,348.53794301681523,185.26854063541217
3153.3115145432757,5195.226391666361,1479.2463665480643,88.94647171516044
4114.524512956919,3830.897240893748,612.0699504095073,357.6590900752716
5650.695442371874,2639.666265476023,721.2708090772181,51.141507496782815
6488.195348353027,9436.302639758582,94.44135909204765,6.392153330754974
4813.189090718948,5076.344039288905,412.113031353563,349.64421428858975
3105.4520691492107,7993.344658025415,786.3549959373244,201.45939179406622
4756.254231048812,1273.3437566397452,1274.4178267332697,7.000701940366645
2506.1544724787755,3400.798631636729,31.736127588338423,4.741344720643179
1999.4829538444326,3986.948950816341,1142.615625611599,33.01832208323894
2572.385904835737,3228.0657136159234,848.6430779839621,13.896835595243271
1757.2615076557468,9224.449380217264,157.04153138759804,148.73251841373497
5558.279544236472,2137.624819015745,1455.4077842483073,106.57744964054004
4883.7045876843495,3793.3749555277423,820.2655383978455,323.2834361323934
7985.854078595265,5942.511843824944,214.59797005634036,285.1743174460251
6578.709771605497,1879.7698276096362,79.8046245615695,277.6273044210563
1665.3316561392623,7692.032763024956,767.0234637719202,250.967439891945
3055.1665651790136,4093.1793157690363,237.1315288345726,65.9667898694164
7843.21916991635,7289.363695240702,950.5511069341471,28.704333256631607
7328.464825977708,2103.3078437667173,826.672785504767,109.2548504927357
2855.212902776647,9825.758974205142,176.49197744409807,159.69150218430138
1763.328123515414,9168.069755668586,976.3187898088071,348.1753212210448
6730.002476343016,2787.499046499982,643.2394343455953,338.0941330170519
1339.544898519442,5670.22737787412,1033.1111866035826,28.249359751531692
6615.586991763743,5852.218365942605,1222.3131268797042,99.17360688502754
1171.2890694710811,5136.677490330802,822.9135734077928,109.26225642262321
3885.628610245918,8803.983480722045,1470.1985745433014,87.98950647519702
2808.3939146452394,3312.426437147268,1209.3754322805282,126.16418469844542
2135.4979070850613,4149.19758826094,1388.3154189147192,233.42007889850822
5392.501327857344,5159.404353114641,455.88352148627536,248.71065867365573
7607.203803018758,2389.61831009658,689.332206253605,168.8641287949471
6873.83514805543,6076.503921208513,982.4486611516899,224.39439915134093
4771.002266902946,1636.3646966775677,824.9146430646194,219.31977220950537
5909.098986564049,1599.8868224801859,1050.2598919403345,92.13642962846055
3819.365007504878,5867.350605720464,174.00390595083707,274.42309046897077
4830.596410754431,1692.2667823648424,990.1319440882099,351.95715637702097
8353.312621440611,6612.189095265276,541.919719084202,118.13256246974484
8843.43843394737,3985.563556762553,76.2504173354971,345.95487399144355
2743.2193133096243,1279.3431497152749,1327.7982829188547,315.79942034635656
8943.823549639425,7174.117266189236,776.9414475020059,12.684095255257693
7133.562888323574,6577.089958823773,931.9812948438484,267.48977084377003
9192.596162099348,7014.182729489998,922.1008161377478,71.74766382257405
7634.268445689567,7993.2703219736895,836.1695312309918,223.92146596688755
2842.150535254129,4334.054838735954,916.8373355245789,11.02926261322402
8893.949359253544,5924.945556626803,903.0078249950172,185.6909866692675
1494.4623319187572,4693.501431834504,273.38202061121575,301.4326989123807
2950.7631163248516,5124.077721475231,400.4349523823224,114.21938941463522
4844.264315392609,7513.3705274403255,932.6378135466715,209.09787834823652
6458.68087071693,7092.703125748494,5.137171348760943,271.51124803644797
4040.0720175162937,2952.3084632976597,498.82099621475123,307.9367410893563
2285.343074076844,6728.023469256052,302.7883065347569,138.3738720932694
2401.3905108715126,6363.057585583578,1422.626915065421,318.6343675747058
7627.831451616209,1453.23674287532,630.3240583340046,198.417531026211
7501.934876218347,8824.269962789844,436.75799909322893,347.13738930008964
3081.154326890389,1341.4578346416558,644.8668174848688,199.22912146620297
6915.914004579798,5220.064447534196,1016.4731721434363,312.0925176809638
4044.6794230573914,4879.065396279617,1341.6122296505732,349.372082141126
8982.209716659101,9858.13337895828,201.2159390457419,193.99336987069654
8297.215715014165,7417.549512670566,188.56454805860116,251.07207482785284
9510.79231917087,7043.397333735539,354.34086107675836,299.30245137959287
1794.3960765153338,8416.75811532824,464.9664076304301,23.055000107680023
8678.243206344396,1524.2825048349955,1171.094753431514,210.4161338089793
2963.687076855488,6831.377706855691,1107.0159397002217,261.0281562166375
8001.097925328245,5975.839571658737,1167.3470657955822,210.5430097098063
3294.006415828359,6764.285066339003,680.1952251185386,105.68257958355716
1336.1088352241463,3117.2605587057624,606.5084776150802,11.501660628487407
1926.0693259591383,4031.742781293879,194.0048972764307,178.38330672650906
2417.679535238316,9778.109202913303,1371.3850121531418,228.8322513781747
1549.5107492320883,3918.4809509322286,1159.0669112670496,294.6698551929678
9301.270783361208,9028.579947514863,1381.6224396074854,345.06763276747597
8602.663140686403,8811.17969140051,759.525060654498,273.9386880243745
7711.756807622687,9644.68875638226,653.0837920166904,146.8235607092369
8382.7793437424,3954.92550915181,898.1616251572844,343.045475617259
2267.1551281170446,7804.502351864978,1245.7694877926556,138.10810588187593
3385.4409698236855,6689.819872430025,1462.978836224494,75.79541784468115
7333.701726272543,3322.0841634265657,644.31413165678,150.91178512498138
8270.174516057275,5533.513038910018,1499.1242106233988,55.85643218658747
4826.377929200804,6619.525915344158,1.64008690265592,41.184731340179944
8737.8458897063,4086.9005472939125,955.3952482612005,128.48655660537167
3532.2365083067393,5672.866541232148,2.0758936701796737,86.66823705114254
2840.017572898847,9305.473067349381,915.3872687108593,43.8025181548117
7407.143379129911,8628.213131946479,651.4668596357536,144.92427036316764
5073.598493999774,1576.849346286525,738.8130892564717,225.10119355309394
4420.014196382997,3457.717443307445,113.11475643208034,180.95375235650462
6628.945719636015,7153.243253899661,392.34631049550126,64.0595525328637
1361.4802976162764,7424.025738119723,240.87637430624704,322.8384632566076
7041.878148241366,3701.3838137203247,1442.9579895515396,315.9321048605376
6240.7343196327565,8606.688551828343,1035.6502915433805,158.29804174553408
7442.244649001066,2992.9439882074357,552.828375618447,48.177640523454144
5294.877115111039,3273.290837542976,929.7165456926907,264.9273380548964
2025.0502048803307,2407.7615105227487,383.2600680454036,315.1416510968776
8197.860957319603,6564.4633609979655,585.5207703045188,72.77753363445845
9741.142994676033,5267.30632698924,1209.8524283465745,137.15054314201282
2873.5036290637427,3043.3031655996065,899.6750051772302,264.02675436158654
2502.851230606547,8250.102776669537,308.33863070668286,248.41379971838333
4031.103999529239,1327.3283322951813,162.53571665071416,317.20743175379806
7555.068059544233,2921.7583472372817,1093.8284779372607,110.13812447655506
8260.392870789547,8423.946606320767,457.89177969797134,145.46412629200177
2474.991649522902,1782.8517188161002,444.6187880968516,98.59239933473087
6276.5335705793095,4167.666999056844,879.4918500119654,12.425882608309557
5191.586098048318,6572.780493918274,354.96628427034125,347.8698313577797
3321.609905823073,5352.784899414817,1035.8687803858884,23.105926507019316
4659.260154036057,9404.157340058679,61.14221329119902,116.26493804129257
6835.722730075682,2672.771960791426,353.37355703207834,170.12726995747232
2014.1756330841204,2999.462001271134,890.449372871166,208.08471691914872
4936.989892874351,6933.9014648501825,852.8206587681138,40.21029757891608
2700.025687216931,6380.3882263608275,1053.9562908917296,159.26768101405574
2302.3793297422358,5279.907015541959,1134.9283442198732,185.840949014154
6558.527728602102,9856.193474985523,991.7848976938056,265.33373676196425
1392.5078300427201,4661.082372039097,231.32889134800607,67.09054158728719
8016.647370985062,6610.291143235386,554.1929472037341,293.13425008330114
7244.906353034267,6283.990200050664,1140.5707711927441,257.45888871899723
1785.3173319835319,9940.425463827292,1031.4309885604737,200.15842614267348
8136.981050737582,4371.733784400676,770.6691266942212,126.39922893917326
9894.414971259173,3571.374576180501,663.2026885426111,85.62359851762734
6531.69119404285,5614.189361025674,514.1543404416817,346.32741932693494
3268.285267089685,3773.4738662055793,74.75619763307158,315.2244503465805
8718.706696024568,7483.507518534574,738.5589366375456,213.3509784899182
6671.282180618713,8849.172794339262,718.416868921472,39.19637499076064
3680.0828010505834,6199.403133391424,4.27443346531367,351.00508039408913
5864.351683770058,1824.6415033380872,1072.2653385050194,62.171420746210245
2739.9086788175796,9122.538633093383,984.3371244497824,274.5271396507407
1245.4904076287653,9752.638076516478,1483.8397893591466,277.59549465580415
6892.680419767359,1132.382009298241,1033.6844649862858,15.039424730184757
5360.22477404369,7476.069069048428,1105.1370428843495,224.93466645261933
5342.583367270766,7667.432449643825,191.02951211098724,352.2672274176191
3053.3701535278715,3908.9227291374505,1062.318307397225,134.6972847150583
6581.583508101235,2867.3409663724633,1331.0935116505977,236.3307238122901
9181.246270080755,8017.469327233772,565.0315867686386,133.62267333052608
1780.1509705826759,3963.627326182258,302.2952733485748,318.0449741268441
3922.817025745449,5512.051291522742,1166.2836000292946,231.43136655222986
7419.315913390377,4692.824481363532,890.9815734004358,227.6578785234753
1121.524861723005,1929.8829850401326,657.8947776793731,260.3192236553441
3612.9339128072925,1941.8081926639913,14.393291793840914,169.74752147478884
6780.37210237443,4785.680471820132,497.65144823821737,315.95822524143637
4019.655537533084,1597.572998296214,115.6959634100446,79.93560432479357
1161.8301240686142,5639.036613469249,193.98156064771572,3.4192360326223654
6936.733635081665,8190.439554812093,880.7423268890574,216.80712102132955
1230.5356695600765,3005.3475766174042,623.4948212794679,225.36857232803197
7729.8690147172,1394.142597079457,1479.4217666671864,153.25637195845076
5560.600858141707,2879.934467122491,1268.9877908680983,350.6634841417189
5756.364925258584,8269.918355529473,154.7809372300798,163.05758392584647
4048.833375943956,1468.7385838192436,417.9397611071677,174.5002958688052
7145.032810618229,2728.924671001743,1258.364490898407,314.32298103634315
9771.6111359704,1581.6835390026438,1386.0329172340446,52.1026690835975
6581.416294417071,2680.489024502423,1406.8224021841854,138.4271250663009
3420.00178701891,2181.339678483456,1373.5202056937298,168.33579243450347
1832.9121150596638,9383.062939222033,439.78631970304633,162.24699525013108
7727.4684430909265,2689.106264264711,316.593137396063,276.92554298726145
8110.087122638732,5436.412671258663,1415.6180696554104,32.50661831059031
1804.0958161428464,5258.856710142043,402.33449220172804,110.55258376075439
3705.764057785187,6467.2091899670895,1425.591184444295,127.73441353113006
1282.3961541022322,7827.5659539449525,1226.3577862660172,292.072267455477
8733.389674813729,9307.307086562256,1004.7107598618571,121.53044907850517
3545.640648382791,6462.205390802829,629.3812583388362,53.955537032041185
6541.416111452071,8966.68207404136,1083.2603303800777,191.11404155836806
1618.6674329031866,7417.3113263994255,528.9477789546463,332.94728906546425
5849.605821238177,6849.82828397512,1319.2215977266346,46.183628564589355
8659.97385376615,1981.1212839775205,454.3928287580853,295.90642217349506
2974.0529709465745,6698.429253344347,1326.6911955580122,117.19912336495669
4027.7243332138023,5889.189304274082,1135.2280632428403,152.80857788672802
9961.404311918352,9435.638480067957,382.31199402820687,276.44773359362955
1302.6256589772313,3346.37103256093,647.3667410562168,74.1322585435532
6043.9219803061205,4005.2314588955805,493.8508795014504,73.38867921903898
9374.352371580557,5317.791196874815,651.3994884744876,133.18734144193937
9601.73912610398,7033.041045630193,41.714310102813236,345.37441119445486
6925.42223020538,6363.434647773252,415.4965044087654,270.0074110916371
7652.720417692876,1498.4439484533784,300.09076813080395,357.2996852502749
5712.217994312932,5433.831510587906,641.1709816443097,118.49546705758839
7815.269446446083,6737.400155722417,158.82395273241016,3.0278033976693934
9202.38771301079,7618.372834989786,521.2223490297384,6.138245987895378
1729.1834123378462,8788.513025831693,1261.8250862762952,246.59609065189406
3401.512347535378,1763.660414647351,507.4914506108906,178.42975840748957
5315.255733124195,2286.3904506096897,413.0143807719384,279.35997537878376
2656.409183724466,1636.8458410587377,356.50237327588707,267.5387342945751
8341.320168598013,7987.292923394148,730.8926670511044,277.03999024601393
2209.886728535703,2951.532777983387,807.5164231640592,336.1086571645965
2726.5259927635952,6608.4154531006,1470.5623599793746,163.49140790214327
5148.24420878339,7450.506034335162,598.9811764812678,28.73338734251919
6861.190199193322,4462.334440563163,1390.1621869353976,257.8406542431914
3420.118983777946,6908.383530727861,1324.1651020374225,116.80364275534924
4705.557717349784,3481.0865401695182,862.5092210660757,168.86265058531038
1702.3313465119563,2505.819474861749,803.8390398006264,272.5476757328468
8244.62192450877,5856.6673863709775,1026.9890726901654,67.11548283736424
3209.697344935914,3357.9738127162404,1452.761863867165,190.69859561243294
8069.6836447252645,5662.305985865469,854.654094873934,317.75166675088315
5663.618806178915,4767.876016586106,1494.377700482549,84.77536436296741
5009.269928799145,7953.9581641613995,334.82693401205745,105.26725222968997
7871.296382376929,7380.544422198875,83.75162823685633,17.916941410634102
3302.2089184849915,7945.498095123723,426.07292461647427,275.75326011429166
3352.266414788609,3749.145541597379,440.4985454721444,242.09496420054666
7071.515517871624,5790.743753329464,871.5630068867817,212.74042762601826
4024.248878537574,4061.0529797233335,1481.8582789712032,302.8485491304615
4961.668469462378,8782.079261505822,930.825630811031,118.01584027676539
3832.226276812057,7920.523402565339,1345.9393580162712,96.14766076318496
8949.634734410822,7244.561573762637,302.93101952097004,306.7833837934158
4079.5555501928825,2402.3000608870902,332.81216694698213,204.14871765717038
1112.3267634849465,6130.067013458807,1496.7919522347813,20.97773656290152
3276.4787333404042,5302.872842400296,261.4627675253384,293.3561596653392
5123.718116703014,6139.044985872106,225.5356539074931,16.645449685717082
9401.961895023858,8966.842118561486,307.1179675212179,29.91405321536979
3187.348498323731,3501.2816909987114,1211.5975833872214,147.08907247722038
4258.757089388072,6981.8651829200735,595.535660320805,195.54566772192342
4533.11831802684,8449.474670848322,290.65407921805445,137.18789801089383
1267.8766231182183,4183.219788088731,1494.2301072706534,167.6731708067512
9355.374288864132,4055.448523796932,419.75356282879295,140.95921889117238
5484.917931864173,1799.4671591256104,202.11718570525053,42.88380898710664
1155.0836031896422,9387.128767459146,111.17404107008137,107.36643167234709
9498.400618325219,5111.99486016851,1182.7996334321035,210.04343267053784
5045.154561015187,9897.605032143285,63.48828786829267,85.51406979551714
7740.241646140608,9871.228166502147,402.6353169594629,2.014318042797406
7222.687601515064,9030.174296416462,1396.5619547159856,254.56871658326546
8977.893392710204,6609.851026497506,480.71134746690586,277.9723771990936
5826.052277685213,9236.268513801497,1303.0413490042718,12.646797090358751
3276.999577533207,6767.033629929113,507.1560582887488,251.16962731156573
1488.750150299853,1702.012459485784,253.8805523364569,193.45536397392522
3380.5933567756083,3914.1402032971478,801.1631727542513,134.83468267927879
2164.3261412753372,8380.407358774857,676.9992113495618,112.62391551013673
9496.181481503156,3396.922368893528,959.4365278619179,231.8471884697401
9917.230111269759,1447.3941495263232,1191.605709839796,242.71113716144998
2411.544779731446,4399.794210057666,761.5136003556887,159.78768281422157
6599.498279289083,4835.28197646706,180.32864418646028,200.22258401655975
9939.146138567432,1941.0670492426193,1123.5090232534146,30.766658043050235
2607.268303455857,5828.7000459511855,1191.99688474213,184.4535859508386
7304.025257808658,8707.149070929361,548.0808629822691,6.335648190419682
8285.45908450115,6419.899983131076,8.77272154966872,120.85266812401028
7791.138256494544,1325.7137298697487,592.4738528590751,47.75924816682766
2418.3386956229515,3651.32356040711,971.5432809093708,36.74240600830833
3179.875696654967,6796.7400093711485,1334.5502945145606,248.47220961620215
9717.073684079662,7483.141390994086,803.8845417779208,57.436067190295184
7940.69388562704,8667.443366443342,468.1225083150013,200.58261757151917
6561.853229885011,3842.846569084237,1439.5398376898754,117.63325502852287
9186.562234228542,5777.27785857299,635.1198901506173,116.78125836159367
3121.8637658791426,6566.936290167616,478.0048856512761,3.371801920536197
6086.76536775624,9046.998450936033,1097.1972585201015,327.0694259669589
4023.767025151586,9716.136885712258,1057.6027396288118,113.55383842223164
6423.665510898497,3786.3416433516227,1287.5947704785224,8.347427787139651
6184.463603345002,5500.296147914806,881.3708567643848,103.01390821601372
5190.929913952992,3146.3495926398937,181.08953792139792,6.651951308092263
2426.313607619715,6268.552207847385,952.1847338564934,216.11639298395244
4049.0528575864673,6477.509022477164,1265.095509163219,148.89591399114505
7318.727340404082,4790.016157089491,686.8587958094947,337.8158950946674
1365.1319691238427,9184.021231556922,1106.7087780613795,354.44706238196727
6514.5063770059405,8575.824776384045,504.5871969242719,290.60808009171905
9502.764998958482,8840.398737945012,1378.6627354022428,230.07099352743896
9363.933456296167,9830.888620375146,804.9476861169478,300.8256612383364
5269.237559357257,8762.400638095107,1445.8109303764604,299.8874669981268
2397.4275154281186,2962.567751297085,101.61257881134587,335.38055792417725
1718.7808354942447,9101.940553942883,1138.929718451087,216.83758712955145
2880.683118756875,5548.5972887663875,823.7189123900337,273.21648940564256
2688.09435415781,7319.81602974609,673.640890108748,1.8730103537092218
6920.697043569404,3782.4256785658868,1307.4256881792599,175.2942081130046
5004.3546762220685,1838.7064311199852,305.188484188674,1.290649164953194
1802.1604823081743,2778.4068295093884,484.45057510402063,150.90979493142203
6250.349583391877,3282.605418295233,750.878856597155,56.490666185629756
2187.1969669519895,8708.560344082875,1011.9518762247739,121.42245676793657
1825.1382772247732,3515.739001563203,577.3276906598742,1.875568008817916
5197.879536130469,8671.352387419545,1308.6961535756648,268.7883426766644
4987.021962902569,9717.07536451339,149.9050245211476,238.43043816096645
8361.097043386846,1810.2715045500142,1274.7138159762296,288.65282720426114
4968.767006065726,5773.147623035012,498.52324540841187,228.19424567312493
5936.158924701265,4217.886036428065,1354.5475959022797,236.34281698069165
7920.124979684346,9941.181977749042,1135.9196822513163,70.34981542374184
1119.3832300754545,9418.744014763372,1026.0146277434656,227.0778932729244
3944.2018348651222,1592.758199318143,244.7364007971866,225.42465300709046
3844.475330418603,9733.404125233388,351.08567180961836,126.91757920983939
7303.395720054392,9437.3789033583,160.57704197964128,180.6719351624775
3421.5906641923984,8370.992633768143,166.4243305721738,345.5649699216589
5701.374231621594,6409.666599462412,353.57861160711525,163.02792213561227
9466.915572276186,9210.965447918403,432.6333963210511,95.70692162968413
5363.872191657095,8606.721944128078,605.3448345193077,203.89498577229608
4977.425722153053,9618.446587747434,1487.2732155095284,249.18525935677948
