Xa,Ya,d,alpha
3785.612434396709,8193.65522050889,1199.1222196602107,292.7506473773902
5764.207264071204,9646.84384270355,519.4122737664466,243.18460098965681
4301.220869087712,9172.897241272478,307.7702268079222,214.4553943227929
4336.888372616018,6484.026562278986,679.2545564355277,181.25527000816209
7813.726905921758,8627.775166702755,200.53447567081543,220.1888911954021
3608.4938146854893,8713.136784847702,208.52534879684518,321.6213364403898
1439.9818548677624,4565.006637731965,587.0293903054485,50.904462468299215
9237.871659477965,2352.4199841093255,76.11937286104308,325.0864620601922
5466.522980222866,9852.928677085067,372.25406633344255,252.14965517583596
5110.392949989258,8362.420039967641,743.434802086868,165.35337500315563
3141.2360988033106,9165.596436308548,1127.5337679302665,28.140702914927342
8552.100821944792,9534.331366261335,1362.1356422791525,50.609540199345254
9175.452427058706,8615.996129904212,598.6767356613587,248.7211650321752
3440.2596133184343,2496.2877181234176,468.8782429177492,239.3118993159349
8920.335594025855,1793.7730275305603,105.56216923769803,331.20102236601053
2701.389564238385,2731.599011692035,1488.0711919414982,199.0099264024453
1890.5141220073483,4253.943750854001,1027.9408399124595,11.410080362103743
2256.557785865094,2177.8537697243346,620.2235842839495,244.4409959485001
7697.140352743979,8603.725588283894,1360.9473442374258,242.71564941983237
4999.361361341296,4362.634899860107,1089.7418847608578,174.12820985813235
6681.468130776659,2495.598343735578,654.1552810475952,336.0265379431261
7240.8861690258045,9362.961421143176,245.18439686183473,199.98494736176093
9822.764255379661,8027.480069550784,210.59896427250567,121.42438180541988
7186.423080423455,2435.7441094556916,394.3079043479867,81.42105645368919
4256.123941414809,3800.7240881991906,682.6066936186635,357.82997946448484
2601.7669103204926,4284.525450231586,1136.5804558751386,341.78257021081754
9347.271553310295,5279.1827199734735,381.36797835103886,173.31255524260135
2266.4279496198023,1994.74243671335,1178.0557896673233,337.6962876109183
2117.482705454336,9178.009547358954,205.5244563277802,183.0940579168551
6642.07050583291,5746.1919630750735,1415.7910145590736,35.83842182448727
7216.3126629889075,4844.12097309351,194.1873858558461,309.8388307110108
9456.842304853863,6438.57633130573,1387.7886824683037,15.90329295313103
5334.656066157772,6471.297145430878,99.3773248705958,326.28169729397854
1995.6763695124366,7686.481328902401,1059.3586340048962,249.69819593271748
2648.565709590557,2238.816204733881,1233.2776161395361,331.196224221426
9071.329090500669,2555.540030882238,426.18791922501373,280.6994276775665
8954.130308373155,9084.182616176791,328.20905931424466,336.7115753527372
5040.4355302015,4462.941011032844,283.734111733376,232.35460998589025
7093.730019635249,6515.164881550344,19.833630931978053,70.38541056549415
3148.5172515610902,5510.576568739069,515.6039833338212,280.33450523425176
3273.997048805149,7190.48258398351,1025.4640893078724,322.0056842325391
5451.366239755404,3001.1096018904855,357.8251254763187,107.1838484417925
6854.324780983975,7791.436881631149,322.3291362851095,84.623071246904
7927.788530218572,3635.413075101587,1047.9343529541086,302.34473026419084
9642.777035379859,9746.905728610524,1267.5831492314771,13.430973091941375
7872.009804718261,5549.199515526092,489.3972847938706,346.8441525356565
2980.2016187560976,9411.932328070157,938.8537353509032,295.9358517197923
7441.299642769181,5669.278198194879,1183.7842114101427,248.78958384196267
5043.747758086554,3222.2114253427767,30.046489360312073,122.90256064611685
5925.055811036662,8152.00947693269,502.27264184600114,174.46733498506518
4246.271552836573,8448.835438259317,1272.9809477709066,176.12663812004078
7819.577051479886,3049.897451464062,809.2165036601486,135.48598147115896
3451.7014278718666,6927.536497954242,1359.189218990929,1.1843855268712082
9675.692931554191,9575.583317956278,33.45612286440684,7.9727332784056895
9362.952900394128,6035.730877000084,748.3966350703064,11.367418152151886
8099.686886474782,4289.011344176266,1479.8109394559485,152.65339252818836
3620.2101827452643,1723.9973470089622,1441.5526792450935,126.6096997391373
8947.010542698168,2426.883523885268,1082.4252244504623,236.2078835784783
1742.9424885385636,8011.605376375753,1200.8872087915047,326.66432194101037
7500.18689158347,8795.053939738445,575.0621632915866,150.2008552945931
3887.632994466734,8489.01856202848,1491.5318653036159,143.50386174067341
1612.2079337113505,6388.894110381817,1000.9992415530133,42.048287018133124
6565.322975666762,3774.991654096432,404.3615369936609,31.900100397770533
9554.60009414073,1343.4772729268175,1354.1516878889986,10.722691191049362
6417.926015748901,2954.2995415559253,48.67501447551233,328.78781178513555
7934.70930243537,8094.588018637956,1318.5286350820506,88.3508584329346
1998.4412152010564,9894.275007273687,766.880072845055,286.5305031520709
5601.385220816501,9704.668249562335,298.7618847719517,9.061349316415487
7408.248218011883,9112.783714913625,513.3106003417214,127.67144897220058
4830.68005338663,7715.454055361365,318.6832122016628,204.2402756287217
2531.6516562503753,7771.0066958762,30.804384417881042,116.7096034239693
9747.325563097764,1312.5133196972708,18.978163727538846,281.3456877103677
3220.8118591567554,2340.491810143373,842.7520711030891,178.897360273616
6718.948231517362,8677.050970420383,304.4219897122406,350.3231977040766
4700.031554242862,1631.9839293147375,835.6219697137066,11.409168770061962
9247.258433956616,4187.921179711249,1072.2491343926365,30.57730201762114
9913.747157177759,5720.535213849688,1084.2220901787416,337.2258339412778
2150.316895646104,2320.4751091632297,467.75193174974316,262.3226454927941
6869.162498916462,8376.810063618592,1270.1405271198953,75.05103294795887
7907.554033820349,2660.6059418691716,272.81424632964917,115.15960076625635
3341.69483845766,3554.55905097539,298.03625088016787,106.08297923920941
6393.9150409103795,7251.607547976817,446.8921372381175,187.61571310960338
1822.0805522574863,7747.581217023007,1493.318482049904,187.65400522574103
1396.602071713964,5638.557825491392,1150.379761044908,344.94933549391806
3791.6932235096083,1698.6073856720564,944.1156688981755,341.4548848100549
2681.9072836082396,9955.137816421855,128.0965699181986,71.11436795815884
2933.6839981909447,1655.0015646096103,619.0469993865723,273.40423354347826
8220.08300196747,1281.3019282578168,349.83671077058835,322.37186880043964
4852.550353179649,7984.2536050002,1460.6874697126757,6.187155954016235
3845.196182277064,2285.6919563074043,132.47104298585282,277.0980230915311
1648.307880218208,9854.67831311256,282.57270845459226,157.61019590373454
2896.7498183521825,4055.5620906845375,1116.6003686735762,45.117410621502906
7895.844340961203,6604.5613874151895,1036.9492774112473,169.84179469610152
5146.13609674168,7428.295489813436,31.0106676328414,343.60689669373187
5051.0254365934725,4687.064204441613,1204.4615812271559,15.862980435839608
7570.270407662732,3330.870054664087,192.42341001529303,333.0365518924838
2192.255337973914,4061.8798596587776,622.3943876318029,229.68382812396922
3558.5234138379224,5752.3879035967475,1240.8222042279754,282.193346149037
9120.793409529604,2552.7045596524254,1307.3496558392026,187.91853190234136
3273.6215083071866,4942.277269054002,315.19976411285313,247.57232551471847
1430.6673022895936,7739.856274366424,372.242661099383,221.77083907471848
9917.757041793926,9550.648468214114,863.9948821027835,128.34832655702021
1558.043779250515,4160.86203645126,3.148723701281526,100.7185042977834
7602.011256020119,7229.527697376527,1404.3864500672714,45.89506344939934
1667.218395679391,5935.319744228391,751.191489168823,40.00657173887957
5406.4650947452965,5063.341948552748,1417.7268264141578,55.34822958038419
5106.4941130432,6945.24077038764,184.28800813076379,133.17307236441243
1776.8408627535887,2632.3652700572184,341.5825560450513,51.68236701151549
7403.811621217731,5881.036848202307,580.7566077963912,198.08181164430906
2594.8026234734207,7541.27812557253,122.4224607842813,245.9705590757664
1740.9495654023508,4904.6051184026255,79.07192612288736,271.7314809386899
2798.33245346787,4186.263482946717,102.85139324999062,173.8935533751429
7754.394882720765,7852.243365525692,1214.653595453872,322.821064607267
8556.61939376569,5927.6192389799935,57.67237566048288,182.1169071265151
5276.542070035194,7034.800651541773,478.5183831178524,144.92440527121968
6817.886236345328,5074.443163429969,1482.61874715367,57.19527656852146
3836.441285318855,4225.345148719149,426.34980110472304,265.3825162042848
2180.4484281191158,4961.856476397747,103.21400564189834,29.467188489269294
7898.495404853702,3102.7478012284982,606.1309682267525,310.20929845813225
4531.001198673688,6044.802232461308,568.7211254326568,245.88713533116788
1637.313433505287,9516.974530152715,1453.785000882032,283.5212030918267
5244.8528175080555,4345.737115033342,331.2768651434509,266.8532884623146
2527.942738372628,8312.682424683,126.93558192246122,31.535070354611484
7543.978170545499,2900.555441510001,703.3697627051289,113.16560440213343
8612.93794117252,1488.7092541976094,12.44402102984964,120.46420889001641
4500.348661570119,3539.051335925111,29.614489818446557,109.2836752708683
4487.602941927205,3438.001258062768,665.1363113700739,218.32460047189682
5697.8920306446635,9420.566287733758,1339.3507376176449,122.42811114505983
7000.686041288417,9429.323766929356,912.4093872410066,263.2458631859445
8433.385931867488,8652.64167242817,1078.081822587696,235.33282626492377
1430.5039668997015,3044.2291208857214,957.2372887293692,328.17755933752454
8855.580558091033,3012.4278849655025,500.37747652627945,138.0863272611873
8270.455383171044,5600.840017828555,216.4336057517179,72.09662854307305
2424.208928748746,4171.769338068243,1394.6070531127832,314.529025674637
1128.8922154304182,5285.572157344415,574.0311306635667,136.35277291724194
7368.645189030629,7913.698632722961,351.8173156071841,161.49596185393165
5130.180526508325,1536.8528004041518,72.01739417770224,19.66858890201915
3960.270174870207,7003.856772946731,27.319659293367902,264.3402644610708
3895.219014625073,4765.406112426965,355.5670627646874,249.7662852043286
6182.157446584299,5661.02895848747,1297.7898981534372,26.493822403659994
3146.198167945221,1185.1174878053887,457.6754881905101,232.72991850840506
4165.388325110573,9080.077663758959,884.8404043574772,94.4312672598857
2494.9504451067096,7177.143952870952,226.85298931743424,264.5454689731945
4511.0751321853,1560.4881083534378,1280.876785663355,153.41252446683583
4671.7888365323215,6895.543477179816,1278.870221912523,255.14371792749853
2488.537353985673,9491.49827984919,40.458976826603994,181.68706627720132
2832.321885146631,9963.40527111318,925.3135142356211,342.5052681987248
7945.34723399327,3156.1884547574923,1225.1431511053943,210.324551430989
6931.567909391935,5323.935761660249,395.04206631748514,332.8446981380127
8127.798014410367,9356.796703367481,382.95369741390215,9.038521678446276
5668.338818392214,3617.693721941999,1330.473162585097,22.949744687408426
3647.943631897229,9899.034345892638,489.9278321958553,261.83099758004835
7325.585724141713,4724.098785388162,1023.300325328321,271.4747935130648
5272.200484319815,6082.968503861975,1332.8189557660885,151.95059653102882
6404.467728489471,8243.538807272706,445.5566877850254,76.53375008284333
6202.1085422202705,9127.881086496745,902.5061356786285,133.3324322726289
3697.6021762520154,9684.36187611351,469.8506121000701,302.8398075621412
4593.413419728282,7423.964004161968,143.7545518119288,305.2663865316729
9722.445210504518,1130.4210013531408,128.7820897906933,60.22164686273857
8926.535123550795,2590.8147179041257,860.4908819570701,258.69940758803494
4985.472651267897,1842.2115698750235,1151.0408326761733,305.33098200839044
5767.740777366161,9269.125193659682,1037.453579709588,3.9624726607412155
2303.772922868283,3002.9774628965547,1461.2056297001657,285.01727339656117
1890.6746283352018,1560.4681294534776,817.5555682313227,16.5311436440927
4505.3919026568565,9062.034869788567,234.65889930159236,25.7297589567791
3692.986852570818,3266.1714160609163,838.431809170486,277.49771033344024
5168.354482784028,2004.2076383431233,295.26770282780546,38.762635591129055
3148.461952796723,4559.886734063786,518.751078301634,16.78460495602584
1252.9402031041623,5588.245670136196,1077.3659866919393,147.02147828749924
5980.608819056287,8852.665912837236,1399.2477230170562,342.78649586603535
2722.240572819154,9785.814594059197,190.81960032551277,127.95630909783006
8311.218718988766,7934.190297528227,1181.7376705884906,112.41392758980162
8428.463744274144,4209.323294213904,663.484640598912,238.44486578140035
5888.459894442552,2091.181099670768,537.0647611346029,279.2961245866335
6010.997827509612,4509.33217317417,1011.8578971718058,343.2049742505585
1204.2657283786928,6558.622187878391,1122.7801335963454,115.81654682820411
5491.80096189121,5747.76026901597,551.2710846119985,220.7332828050215
4924.536801184703,3507.43220094382,190.90518034734933,118.02239860573408
5725.098458910075,9120.308611980614,879.4663496926294,197.9185687313404
3585.2196365803616,1511.9403359385965,237.50386368686497,330.4479147984888
3693.2943437028007,5097.089082627309,692.2509679956411,109.07148378379397
3119.3566368678757,8023.708468026715,469.38411080035416,122.5839693606564
4025.1883650985737,7896.012993423628,914.9477851574693,317.1488170117342
9670.96678116337,4459.071581516058,1151.8949087127455,126.93571104105743
3229.196977526605,7088.672229807697,1234.4871855725269,1.3537823588168356
4291.186266843179,6295.617789925522,444.6048144114602,288.7869657607892
5459.401255502982,5531.14191519362,1420.6936659066307,311.73954274125975
3607.964092582328,3950.2932021878205,642.178971320983,186.63382091562164
9740.502146131239,6251.570260535288,1114.6056635754444,1.1511312704476528
1452.522056618421,4106.865632261091,1235.259380583032,53.12475507708062
2787.011352947035,8663.526181836809,1352.1795198010796,34.70169913721904
5455.9936440000265,1667.5010515975114,852.4001723314998,326.5179954178437
5346.727326213921,9424.334214595085,1082.5873204968955,159.793325664646
2893.6561327991267,9171.745741843983,192.76974769791832,11.659954914380247
3888.8673314521825,4392.108759880522,847.7280319977081,1.9794272149563603
4616.499308995717,1307.3259800265805,207.07010777314147,86.1259432495031
2393.9539562515624,1498.841087925345,34.048685343062324,164.56193000560992
6457.905511397507,8590.912258419843,1181.7951453144196,257.7032733445552
2116.962164638977,6613.4530581821,1190.6740783671903,36.690223819346585
9029.802645171818,4388.431461572727,944.2054235666654,2.559893442686859
7086.154821585785,2317.7079133578573,349.7793455587926,50.201546606362164
9927.966033394387,2516.346018412952,871.1874529456136,209.3007224011895
4566.820486824117,6301.522635100598,574.7447538787716,38.674955912541584
8055.704808431861,7652.443495684388,731.8909577869547,51.14894116779466
9639.894327756963,5449.66471691449,360.8000765265851,336.8366254922234
7330.426236049254,8235.948583914975,506.2959407379834,53.13356370969672
4044.938385812823,4060.037840144919,1027.9630934533695,92.06825722169803
4494.641202643338,9530.660763571248,719.7741074295387,169.34652914764735
5900.299834423518,5153.615119821863,455.88013421600147,237.04018440893628
6455.087208455342,1644.529637536502,1128.2301914593147,326.98914789862744
8750.126077690806,1371.8339156226157,554.2337926780067,232.56898689441326
1143.8161913489268,9973.191863258473,924.7091526955381,160.43973352530725
3781.9110635845723,5683.238216816396,597.2408876496148,9.679191094407903
9192.284066972345,9813.493804811218,1323.9434478706087,299.99476722089537
4711.564652207862,8787.231114481205,826.5485336951494,114.77934861946325
5945.7704202525865,5058.250857395709,1435.0928758957991,302.631212717781
3580.6411615966153,9654.395065351653,623.0900102293352,55.09245885128098
3133.529568990868,1767.8784482522474,729.7429757512083,349.91125073544976
3714.7169407298707,1194.2550178907381,1007.6440205979809,348.4025945838674
4262.3075722020785,5540.793142523885,717.5338320816884,108.38296316409625
4646.506707862447,2698.6116573752843,174.57642860375648,358.0803044211298
5072.706718270596,2559.833886484087,1449.459966398383,309.7778612780974
7454.929805394945,8332.64013117375,932.9771608885986,339.37145053462694
9924.174630569732,1623.6571495005128,731.135823386405,327.81925527559156
1338.479706523925,4020.2906553238467,825.9343436878788,257.4790087356475
3933.934315521297,4312.295656245589,23.257534774728388,159.0820531256102
7697.13437303536,9579.663158085626,903.6457527862527,168.01586822808832
4063.3281043908237,1702.8269939507525,822.849458074427,38.130609504169804
7299.516829235879,6522.2531484331985,409.87586104471137,134.31788212665853
1955.5048981641285,9243.210969077012,311.25385679973374,60.4721477785311
8583.66224494931,6313.310040054811,751.4162505180541,272.8512897523063
6427.149347285075,7454.623210288846,975.4751437327081,234.88345217198946
6645.098648769586,7753.146169434924,171.73429486715614,127.75453777781684
6506.048474541976,3039.272609528606,1256.751498723492,310.90169469959557
9748.282877776628,7357.533991852408,1199.99322192892,149.60506745614984
5970.3853304512095,2395.9378574199054,1326.7351773898115,180.6505130061004
6636.9288392018125,4841.53606787139,145.69899115145182,338.4653047703378
5204.633432252439,7735.253706299112,1013.0911759550166,86.60560141886192
1260.4816390847611,7594.844129960096,1486.5793553215885,311.9690409836492
2959.2978634931787,2471.836300743509,55.38615759549837,340.45072780468706
8956.28537745206,7159.047628206311,82.87990083908763,226.3647127257741
3631.040350148923,5496.362005145577,486.21218431785667,119.90436394581175
8055.378334035913,5930.4848012385355,811.6925692172958,197.3173267707696
8408.936754484002,7515.246206828776,1451.5772479484726,198.86704986868955
8654.12775538795,5656.034560551319,178.93865405800523,310.87537133256257
7218.924256552973,2791.8456032177955,214.84006782744615,65.34865592057382
7809.37372088894,5353.59506002727,1410.0799052009133,1.9341815102982367
9696.587110438018,6346.928964130511,447.0760027661029,275.9769974755775
7777.514183354056,9370.108315865064,224.05485112443938,326.1532739087011
6468.193707065061,4356.965512362312,412.2687681629982,124.68429753783147
3185.3908294855205,8449.3666256441,29.515752787582077,80.19015062557817
8524.978281588676,2617.856806656848,999.3276688663724,9.862591777024216
2032.4947268802835,9643.243275577608,896.7910110135731,79.61315437519713
7340.841705176092,8052.891256406213,329.16436806192416,27.47589151657154
7656.533986663753,6832.310054399004,910.4871182840678,160.30828659534006
3069.6655857547703,4380.008276143113,1340.9665899005429,205.07487943255782
5310.156315086565,6814.950853599467,844.9082649357149,81.98937382853795
1590.5877423812635,2290.6862388087893,1328.479119187095,111.32630055938687
5211.776230526938,8191.0994063847065,50.46875744133767,233.77806948089508
1216.6158275779276,1720.9502664436675,903.4201914287803,300.1594359869893
1969.2512704196197,7718.741817255485,418.0776216723832,103.15376870324081
2439.8481536645577,9095.80183129324,834.3641641436229,97.61274529291205
4418.810373775426,9746.947936326022,895.8848394359799,170.77396089864044
6806.376595716562,1265.9808330453343,969.8402146964543,198.67229133627288
8988.636047166896,3083.033911748289,450.41401908643405,341.38459549095256
5430.290114822792,4011.1558665372427,210.03472181235435,223.92531369712282
9960.9540308395,6005.1572137465955,1188.361241693696,297.9212764784854
6225.719460817702,7955.271994986731,391.94864812620085,84.29602632829636
2723.8863331015327,2928.0201657083317,127.71513691115376,77.49283061596658
2280.761918463315,9037.627381397579,53.00148119118405,151.14986305916494
8455.932132398759,8102.995031612106,991.8529592864937,203.36809282737076
1781.2671807861327,4714.236170930721,1440.861514984512,225.33586495642848
3194.1826527552093,8204.620251249717,435.39753810070613,166.83297327069107
5592.235872053128,7295.245724647956,809.7528986048122,45.18479384793595
4938.458182060633,5120.251675943107,897.6912656768787,270.55770296119715
1200.7185014950853,6522.5406502257365,498.09292577161415,96.09620006075706
7896.1828963537,8411.762715543762,863.9823164741513,51.396199086784286
1308.6316567835192,5540.047051944973,536.7187089496562,223.45349334368714
8080.440003365943,2172.110430478683,507.57542401483255,81.57780307906572
7447.2833053036575,3182.388506144815,205.3040199103057,80.57566093870399
5019.603230757892,1198.8975930199151,1273.3225815040896,28.13024901082309
9705.584665460212,3950.9733663755014,1369.3624820851064,238.37485844958806
2250.8817758550845,4436.04914832765,721.0260381768156,210.64920369242148
8031.75266046179,4440.532075136845,810.7688395974941,299.7341297777822
3084.1594873603576,4038.537192666023,1094.5555227775303,133.9423035231836
8496.850136626692,5990.309457950709,600.3507626594454,89.39304122969494
3867.287614462476,3509.5155890899614,777.4190195382248,212.54494947833112
4097.713350127388,3562.7168329936057,614.2237037010615,38.73882062334059
1247.4968335248982,8796.317525353348,22.41966870261259,217.03839351600288
4055.1753639300655,9227.15181509361,794.487886755482,48.40837128722798
3455.236552675002,2211.0215841548406,322.301303093985,323.5577280160849
5731.745092795199,8922.962767655681,1076.631859755473,276.3632010553277
9351.117772941694,5204.53020731925,701.5414956806474,161.00749525600688
6148.497481253666,4794.612495370366,327.63474428027064,358.6294391489036
8223.624018569499,1358.275567125938,1072.9733264478248,267.2217455419521
4642.946990681357,9214.192361868869,323.23350703361626,265.85087268673067
8651.586864677682,7937.205291610396,991.2640623528466,237.91531782708714
1989.4682294940485,3008.2676224529378,1300.7251248809737,154.65612346786887
1649.3786384395867,5195.476055020906,1167.373118460406,79.82741226722227
4341.320436239284,4358.229736522962,521.9654899140833,295.14939430855304
6423.082110410353,3521.05132002028,881.6629551047021,114.04612088599488
9172.253956128818,4194.898966554086,883.8174274345342,66.95650417009796
9620.237580832081,7159.036066036099,959.9355893187397,19.611340732173627
8745.877680291793,4111.399002860144,347.2321511803869,6.759157713018617
4650.0533219228255,5532.308450657319,1072.0986142859028,287.3206047782927
9488.253282499665,4791.926970113863,21.079255890450774,329.95115924517404
6967.094187132647,5418.487289107911,160.94294036453147,273.1096836427366
5565.893529118203,3739.246335154878,1322.910647436415,96.91693592817371
7000.277456131641,5802.300106068322,952.7267111617356,18.54084728910275
1294.806250721202,5457.745081395906,665.1211990153606,137.7668707045348
3943.3096980010905,7517.41917699934,1157.0581921167413,176.2574217138931
8671.532300338782,2154.6545998088613,1077.0625012767068,192.866129390472
9236.193121392089,7613.219448973048,756.2179048266918,279.07824685725024
4631.713401911852,1979.7188690775988,1431.1655724155314,33.742903882294286
4740.192806389688,3279.7787964045347,989.4397428925423,358.1835522256914
9920.699363107564,7762.220528285593,169.9663929455953,210.27734189452534
2771.303404991541,5840.62025834625,768.1866035459581,281.48648621621845
6078.638241203483,7367.546565924062,604.4832083840209,72.89714239184889
3249.198998713147,2529.0436789376436,1452.2408484793978,225.9191116894944
1652.7513455212543,5988.747918262289,501.2559219188429,263.5090009222275
8599.537365139022,6834.050849610253,91.14007559810833,344.2003056628699
4558.2413892532395,1986.7999866889659,965.7885124862405,192.32228687942066
9553.331067585874,7812.7129330438265,324.23059069891616,72.40893032998358
6774.604943736144,2209.273091211717,94.10184866134462,332.98834420638275
7574.41092006185,4631.829872934697,738.582514023358,260.42931953188344
4482.50477520158,8322.616181552425,1412.947553726998,119.05001277666176
3567.22495175237,1786.8318119186051,1092.7204819461967,219.56300213613918
7616.807942537095,8371.674799081416,1105.451404513908,352.2454605410183
3485.4564099308927,4128.866802459426,937.4404441799538,43.40360139953007
9238.509012648734,4578.187087057251,118.15360011687564,147.3935420452786
5093.968679269892,6661.079345709977,340.3610093300546,166.4074490800479
2157.639713556033,7429.746778542235,106.67487548050468,310.5079032869725
9404.060909559426,8634.199318693658,1381.5013537627306,207.5709759683376
5850.845931900096,9907.749941301247,1046.8828855927648,312.76669058640806
5888.259606628474,6149.192506596308,990.9611656267837,233.0065456550776
1762.3981524803607,5146.022357662169,748.3391656708817,253.3770869481062
3718.3173810662515,1379.1809515282534,881.8124236648935,281.16604948317024
5408.7033047954865,8692.123609562823,1143.88635182802,357.77298318656074
5987.89342261428,2722.3949286996603,298.10119436674324,135.43312907316428
5482.415353163479,6213.113819837524,1011.1687376472094,346.0737352562452
1257.6303814502364,8310.685058945222,222.23597873549522,71.33148586009592
3182.1753806396055,6245.725952525956,140.54950687789557,148.29960471923184
6812.486694865716,5232.268560406079,848.0441596998038,126.50732880954116
4528.683439161101,9505.44679465759,1217.334799342832,55.15309739067306
9664.813349343143,5271.809282592064,431.6336268224709,149.7125696457548
9996.436860276657,7806.983345213646,879.2858503477595,17.943395863467856
6273.664074972804,7503.164485599396,14.36538991302332,44.729495940398344
5770.911527226071,8241.390496743465,155.79143974478274,325.7088218369744
2269.5647217115206,4252.618802499563,439.04457308721396,48.36178496257739
3989.066503127075,2454.1356628607746,83.551124691252,4.931680617003249
9899.735758134728,4654.27696285256,902.7016521500369,100.19859440368965
7710.290054220412,7153.979506655901,1382.0976557312651,67.00906778825608
4312.5854390674085,8420.660731859953,1034.6450960419725,125.89639528129545
2565.0928955522772,6866.939453329001,115.97510151490758,223.79986290027304
2002.9416350375816,5732.159041343755,419.0591145751574,282.189552112465
2554.813650570585,3996.487078232314,1391.9375344219184,359.26502007699025
7170.592540348538,2731.7708545886176,1204.4168638162218,147.1477383461279
7903.167169047171,8166.166101469732,455.4187522484607,63.637171676452326
2413.405274224234,8246.064857476307,1431.5426784219248,66.66758398434794
7141.03777181619,1991.926880548834,583.1763334665027,304.3978707700828
4599.803491916713,4303.202984479851,591.8240518872467,253.84244158826945
3238.8431262658773,7078.790959096837,52.6769285042974,336.18901290358383
9895.175381687044,7264.830816688328,433.96362350410624,167.7722924350077
2275.3552299402336,6431.337871916218,1440.725852219113,61.26493728723677
4622.632328840009,7382.896058090334,1434.4313312163767,223.30758511722036
1496.5707511778446,1829.4310739585203,258.9647991719086,204.09110930981703
4316.205792855836,9039.89662317189,1225.773043121139,292.9934131652612
8347.414910484837,5186.08131613633,392.3818455838327,319.55768491833254
4864.0103465381235,7674.6977794105505,862.2730209476839,23.485119211116533
7005.23837880043,5509.7034787571,1048.610302227744,255.82943063227046
1134.543094770391,1771.4589346642847,132.76847827151974,174.02712246234594
2773.788175820294,7325.0394927510215,507.17581184734087,156.2776093594367
2783.2495375739045,1336.201332563309,168.74768633929,142.66630004399417
3616.3410477763155,7819.1240027288,1352.6018977115095,127.54944538389519
3104.4162151988085,7908.934786950774,1269.3658694450824,303.8361023006481
6917.770672364834,3067.8317187501375,550.8908638345042,331.11504523984433
6322.050450972117,8100.737743911399,440.1329280663083,322.9086192246078
2875.104735095071,5184.5104176925925,1166.8213123431572,275.94052110273213
7090.335745044323,7607.75103359153,1012.7748300697486,210.83204913681055
9777.256729756278,2275.023174443002,1102.5284491282198,211.21074949665845
4727.839671355186,6220.392702878243,939.3674849110702,308.29981589238525
8008.1493933377205,7224.37338308561,714.5153290931569,141.75123580533273
4919.039263923057,1184.5907579519885,56.646782956102086,206.01305415108493
5962.412051566793,8404.225647428771,1022.7235642751385,194.60630451678034
5776.483312942581,9017.42558199762,676.5248786257237,53.42220541889921
2102.0372831873983,7321.43879670164,730.5078047713158,11.027322585466116
5452.336823282436,3932.9342652018595,1270.6784327987345,188.63130557562346
6691.36115662335,1503.5365266674528,104.06623683589875,335.92396637307917
3912.174061149731,5652.032642821761,8.190853961090948,340.99150002057956
1249.1548310525254,5642.073426587576,1473.309243389535,146.43662133574722
7770.622003130302,8683.703066520116,1115.3520487966537,117.40315400915007
7943.3662392866045,1546.3638095585543,1305.9075123266998,138.4757822272962
9870.073506943543,1162.698615173934,26.529702728963727,210.86032102269567
4204.305488949122,8420.919035709696,400.89434683342256,316.3879731951811
7417.073886026491,3036.2507914933103,994.6817665602462,178.97767870813
1392.4897902677822,5770.22230692486,1003.1074303060434,296.8550502526437
8678.136724416461,9768.753814250236,1283.549282075029,39.26610266503247
4939.919455615646,6274.022812509118,801.3737447652646,221.35407279552695
2048.193086801215,4597.70537685833,462.8685260360426,27.722836466074806
4944.380774264589,2663.2141154834153,1345.6202754539268,175.66736975883225
5688.96229781306,9880.493034607329,1088.6814694063635,217.5790380359633
8340.082736599914,8383.682517027417,503.2266426325655,270.52373075750154
4194.192881734627,5083.274054110227,1465.7091039421618,156.1916832666551
8574.08188411955,3414.6031030732065,1015.903727061065,69.21074914349407
6569.262530806654,5308.174395551263,1402.070637183267,252.5079411849199
8053.833750601656,2052.8042367778608,306.7856327390541,33.25647636116686
2653.499129024649,6435.302040522563,594.8833619605545,185.5619686631925
8314.44132846183,8440.176718648087,567.0203411927408,308.3268890127848
1796.6045363105786,9464.968482769022,115.0479146704499,51.527775880419455
9279.809439037257,7582.1063188741,599.4784456877607,321.96385915823055
5708.481792105419,5281.66127513273,670.5409726588612,246.23054669352285
9282.449964861833,7667.237627789442,1448.7735397203178,336.9579825142564
2860.422908307337,1498.14411346844,177.65967945357448,312.02617876397034
6821.103241530457,8789.621580232615,815.8603182323948,50.57526373761813
2847.0951546557344,9422.775320834542,790.4377338076857,111.0793156446296
3983.8017375779496,2864.5040016053445,1070.0558125318134,117.14480494280026
1118.2103164852938,6503.77753585852,547.2712885877797,297.01196942990026
4773.824821212394,6346.619822114654,1183.210173843322,41.67800957380313
4361.129385142529,1547.7725462707726,844.7873296861427,307.83186646168855
3070.874039762271,5423.5174905902495,683.9392516820765,261.05807673960476
9462.346408086263,6217.2423088801825,727.7978634288,324.41347253892576
5484.77377069821,4358.950160437393,1428.7346305391034,214.5356023387066
6432.354950902685,7594.404407468325,46.65414207996931,200.74301921044125
7288.508564665143,6100.164058137457,849.8678408129367,12.506987506580069
5725.376786235695,2388.487380269223,951.5610713284078,166.50592700752233
3121.3779061914856,6817.51014318558,721.5745293339498,337.303619129483
2461.026165859974,6373.740809071445,1113.0413462431861,240.18228904050102
3616.2834558742798,4721.538538693925,1098.363489396752,116.97445630842827
9557.560438606315,5103.235030763144,1348.6464556054057,98.95058077822993
4578.963561272965,6610.699553504875,1471.5199110606027,25.61791854702816
6082.543452730336,9164.500094147978,123.31611318033418,210.61268540821212
9149.610826541206,1422.8740996636516,116.19167050459738,43.83050669541207
2664.5250490618623,8738.297530341139,1084.0281594053922,358.52483735568666
1965.4886426967798,3800.9135669922907,113.02133146321594,241.4166406426159
2923.302037026876,5278.252162649813,394.6314247775612,2.325128392578859
9358.322550056291,6802.966455167953,10.714703309841893,126.21361466130347
8512.982726884185,9460.482092408323,1140.126608166772,168.0620123111192
5415.59718429042,2976.305782021579,461.469284813969,169.07993341325542
4372.243711760144,4377.018949010122,544.2458328135662,109.42673749614468
7035.1913378638055,1967.8367575060852,913.6825591219394,77.30116212800543
2968.6741553763586,2759.075273684422,1031.3039291401637,47.40112843003411
6453.596337353332,9331.828504581505,943.4293769749812,287.46293696632125
6190.491148685254,3238.6116513660822,427.61369917998235,113.02294176136955
6163.805185253881,6226.812118276011,298.60727621735515,297.13560427323796
7978.656515419879,6583.027358099797,338.67663224653296,216.561056330038
1230.5674652526227,5508.30299830545,244.6504684605263,27.244690124232232
4081.447519884918,7105.116143555565,1244.8977228627057,150.0926877866532
3771.9120547208186,1446.9177401223533,302.4684257078803,275.21438008133737
3405.113523234056,5334.597642818051,735.0687653334178,211.51609952202645
2939.9655348921315,8806.896541062317,485.0098958131457,337.5915240277143
5808.040809404593,7400.392569331667,1419.8403670259665,121.43935232406962
1180.0169793335099,6482.021872285934,572.407538262251,16.35385494366779
8012.281157102629,5577.077522356089,884.986134006184,352.8348729262812
9573.326981723583,3204.16243977584,483.8498959658668,228.37702375761782
7322.099656643423,8711.542145054253,682.9630023263159,30.28629105801883
5659.735652137864,6550.519479637702,1076.9368628551792,265.890486619037
2131.8818408547086,3576.77141389044,9.212804181335402,123.12604879360643
2593.1439536233465,4659.452619729018,198.17661298374412,151.93705970399745
3931.830537612298,6831.220664352655,1312.3586696363852,73.28308711997333
5753.35366915465,6304.021505945418,851.930989693802,294.5758662543988
7763.256401353311,6594.377312511607,237.58052893693156,309.46331692410786
2879.3157708710874,6997.945574242705,646.9135930472233,210.7559912650305
9243.01730202301,7754.448718477839,1498.832854657233,25.988203317555126
6647.156658082937,2557.0249713049143,65.94716132654919,222.90296908819136
8176.915544311448,3212.8341237277423,402.4458528280211,223.31442618956558
7040.43365885379,9222.539325290643,84.1153904889094,303.2128202219195
6683.109524003662,3051.1902811519262,225.70866726262597,241.42083729147404
1403.7989200516918,7235.850507700135,796.9231068964094,269.7283731582913
8660.263908289726,2143.278592442037,659.5281713226994,203.96745902737277
5116.8917575689975,8660.80385582173,321.11120940771934,5.925002660686995
8714.127882742941,4081.248742869271,352.09124174022315,310.08365020309407
6720.621369525648,2424.8696998061328,1491.0044860457303,118.1331364671452
3896.858332464517,5735.826208965315,273.22474096870525,294.9482047707498
7414.672159481008,1618.4819056206584,579.3234222650909,200.53887121842135
3365.0834287665784,6492.300871159025,502.02231033285454,309.8259109642701
5124.558542780109,4067.424256278579,454.436484931637,145.91925316651066
3000.204278653686,5035.1519885596335,1325.9372821793002,118.92225903530694
2059.8239849437055,5310.462634457445,435.86245870330106,238.78803405462565
2933.760951873731,8048.96558995135,265.1928422343445,171.9599590473435
5346.64890040328,4913.892180291445,1034.5383194330464,83.87890464536444
7940.018904792778,1365.5945803878924,304.7054536301191,253.52617522960134
8939.903579381898,8645.66200663065,1373.7935850202362,129.27995835678806
3245.4355180417333,7882.8152475277775,707.9903905573663,51.48520052689632
8330.892273281399,2903.2412508053267,1232.2240882563133,334.7872965085536
7089.27191401234,7407.365364769397,1266.6359275917023,325.80435672460527
2520.507213645393,9887.850867704357,179.4359551112927,255.8049666071264
8523.175542712885,5565.631184729924,434.23500895940776,64.29984132195446
4228.94923387147,2518.57220534128,1351.3010833070282,345.72701545173175
1124.604389548941,6015.974572618466,1375.1753704663613,207.0915341566145
8849.045322443722,9162.23505512161,1463.001873288308,285.853942487477
1370.6809985037598,2303.2749060144806,802.612094184225,358.3392602102746
2765.3841149602395,4317.796449732063,400.47277068338633,20.44515890409916
8119.952472533176,7570.547418476129,291.950890371738,142.10647528850467
4467.350272913927,4402.245315890157,836.8702441984962,11.752996884361684
3420.6297419437715,3535.4549725488623,749.5679901317494,348.6956910910311
5272.139748528795,9310.20868242449,153.22939266787927,289.8702870882375
2589.1229053864977,1206.8614557856645,306.47134330312593,214.75754676112015
6713.481682222277,2524.9723819858455,526.6125696655743,110.3523097678089
4688.543277112619,6436.321414996863,163.6192257868316,84.16750622831546
7023.780929967384,9914.394420074297,234.99609632634508,344.99023627938067
2011.2613457458315,1162.6717857769033,919.7591430616552,34.66225205384465
6600.575549063217,8960.59248418974,70.44903677745772,280.5159383672659
9289.58331351508,9568.30306718308,1372.0586149904098,15.9483266411885
9612.871001169842,5215.2926519172615,528.9763007215344,294.71616486878355
1827.6872578754283,4785.9888265560785,976.1165333070618,13.67559246174564
7179.150329638234,6244.833477467708,1088.2286162884584,226.57018973479862
7636.223759054108,5825.135034614945,436.68743705972116,319.3366681372231
8039.416853676623,3553.7948878341017,1240.329113928817,95.48943956724891
7250.243841703609,9864.293942148986,954.2236844615414,159.84521799597977
1342.9566467436957,1167.2734923176547,911.8735546516068,177.76782891689598
8780.517753068627,8131.070796258771,788.1186510697339,49.37004431315091
2007.4216149374615,9240.808027787516,430.8036433159094,237.81082091273865
4205.148153054403,2335.2278264494144,1256.4567612487542,265.2413501236701
6939.749355314606,2789.705114243692,403.85728724936774,187.01753786758707
7894.758201639336,7596.206989690106,1011.6679212983107,222.13711922414342
8922.032401641642,5403.238396508063,1251.9103225838778,4.870156584613236
4421.171777973794,9868.186593794699,765.7910103382957,127.40502119383545
2866.8282226748506,3716.5973400914418,246.98973599297727,3.1116890319753674
4731.924463757889,5082.466021664868,959.2010781303284,329.14652945283694
3246.68953168579,7989.53254733971,1435.3462582616594,235.19243811361946
7805.189970210518,9081.506797032293,1146.738487179321,353.1605914060775
2471.7105595975854,2749.190592617201,479.65887922226494,175.61521704618843
9768.42013741128,6303.764123891533,1419.7926236510136,236.99939852447417
4118.087452415733,3127.2577189235153,318.18013474137445,302.1502843203688
5759.92612866325,6395.58209420614,575.8354844526976,337.1226915091347
7115.1159344443995,2027.7838159947742,1125.5550871089054,57.64390495034432
7125.6716392589815,4539.461201733091,1000.6378852955391,258.9413797585601
6012.480271576268,1481.91264397202,1006.344178959243,136.51085243569014
9541.549284889523,2260.949468106227,823.2585974376409,208.6077155685113
8082.3314086982755,6294.956717204959,1402.9415818315015,116.93058168192407
6800.441286791236,4007.233709965052,87.3612402296774,5.317799922008517
8079.980174875385,3833.6313138530595,862.2238752797589,30.23253879019742
5879.8555420295115,2165.0233432263535,1250.6886649473693,256.9277308985073
4405.265564216068,1154.6077276961432,1019.5727828839123,218.12488202785363
1513.5926692040284,2253.661821325217,459.35186166278373,258.17599103882475
8679.517453144117,5170.78227719191,736.7132097858614,138.85908943650236
9795.563961658338,2976.6883645350754,1121.0604079921375,358.12447827923006
4098.504239656764,9485.144293804571,30.94733645109386,93.17805446817489
8081.5902672021575,6762.463058524324,408.5968864825829,353.0437287904397
4886.859055712279,6363.024378221962,766.9770441965909,334.2233479586974
1684.6720831598013,9537.626342460344,224.34262030686588,300.4337905983929
1828.5774194382375,9316.97720295269,943.0265281168379,348.15297340429964
5300.060115357481,4393.631696321765,1271.3315029716337,136.95257808126547
1715.785617293946,9641.924773076642,1454.4908370122077,56.05350511465811
9876.231344644952,7901.798691685497,433.2303546299785,200.00394757445312
7673.907445024544,6142.409728394609,471.84298780608384,52.415001116348726
5767.974265779997,6882.267598239814,1375.4182025298023,180.58430832415291
5992.869121513562,5858.490310991759,965.6391005019624,309.34697886070984
4163.473859531519,9216.157448970778,814.9653202595645,305.14224742050317
5518.799763875194,6274.802866403607,21.89607804911839,328.94593912947124
6359.621040846051,8480.3410337852,1494.081618831586,185.95096643330896
6597.088534355364,3802.8220467808096,1346.2131636297474,40.69695407304514
6683.694987281622,9213.962146396614,438.5179244804122,351.4568146628239
9975.540561462238,6430.578177675617,479.33046194742167,238.1106283804158
1492.6986967246105,7760.587333486042,448.00153900537003,131.9371522345272
6730.838215419645,5838.444888156686,121.79676862309408,30.863289366652328
9007.232363214587,8496.242190035347,1356.513750963227,100.24413699930378
3750.171135264609,1720.314237712445,661.9146169696561,331.7763500593798
5996.682725458746,5420.98520304472,496.1700632976221,198.10599255171024
7481.995706596446,9639.646342643286,762.8887431191285,266.7920168370257
9358.677031745443,2603.721902362646,352.38739987520233,316.45042634264536
5208.195728718869,8499.355634607777,1464.040920183414,185.48042801277447
4886.235212984553,8158.559605095964,164.20676913414556,316.35975588674626
8507.415590958983,7265.752730106687,77.40428092194587,256.0272217852621
1819.9062716150531,4207.3317661236315,435.9975820972925,146.1339411535675
4959.480423538249,1924.0081687771785,136.50650735542476,204.76768551110783
8831.506350463036,2990.843394796186,740.5443944475627,174.42344692031423
6488.602628048498,5733.943628842437,1205.5770490527905,86.05308172340469
7084.062726124145,8302.593263750707,1098.4897179152942,306.0764791552067
4351.547666770164,2631.397266282109,1427.6894989858285,161.1030700717265
3991.736469675094,1244.387634372149,1497.1077249638654,344.90961637553755
1425.2600519000991,9230.474537359376,652.025594304378,139.19139958338317
8746.154662228317,5707.674450724286,972.4669267005813,165.94627670185412
9838.25541447558,3651.247329510669,79.61178712504365,220.08644469651279
7682.438114147803,3391.910111886159,976.81332164212,76.25166962104582
7705.115503752984,6294.368426118773,874.8547063003303,100.80505536111853
4177.516426586265,4897.864569905798,668.3340063954745,53.42837443774094
8910.1218889052,5299.073631529309,994.2360183870819,353.25969664626376
5004.137496068848,2192.1449791563573,1305.7820370322506,11.43575606225899
8036.46914704836,8565.897259624731,585.3543007086839,267.0633359864049
7844.246253598709,3357.1372807037706,1435.6375229420216,89.1549984161315
9031.082339885405,6474.52748502136,575.1875581590506,72.84982684169127
5002.500011502767,5124.799259741539,1390.5597265003792,218.79675362496062
6333.535594233391,2365.8816422870186,481.0967086378524,172.81830168609605
5785.609779890435,4891.626148648234,1262.1222748378573,328.98457936812986
7198.050046449933,1975.9815541939158,393.957908853745,307.6846430423217
2186.111441336628,1795.1618063810574,989.5819128531097,312.2673739399551
7566.082939656138,4714.5358358908015,1023.9739004611814,12.209758252122882
6700.190102687324,3419.6826533882154,1348.9707323267444,165.5352317197839
6738.9891994242325,7753.57981591847,588.7248719652979,132.78275603628182
3820.126424821612,3528.5183024602316,826.5225847434034,286.00751900851327
4568.936053937236,3781.7464078377684,1153.5578991346886,128.6377490369032
6037.946953599558,9436.456674236355,729.5307902531837,200.98207858553255
7421.63170837279,3259.808482421485,1366.5114221598835,65.15186710146813
6833.2480315704115,3794.077065369356,278.2456654328394,139.29082184406695
3355.8450936966606,7912.90060672719,442.7836342767564,95.31827939246122
5992.031032131772,4624.574596410634,1292.3940976569313,206.27173750562426
2635.5401034468796,5179.815182280532,1219.0510107617797,35.682914707593994
2398.0792289619403,7802.72021578053,85.86464032810676,91.32772281158346
3318.5245034783943,2303.894867118319,78.75091046595946,187.9006251904557
1151.3297216323815,2713.520057948882,846.4308411011122,186.76740358114245
3294.4518713154666,5244.807591448889,1092.9689438348075,269.38516819037955
4550.259041816685,5333.214583251773,1247.8501014278602,245.8418305518028
6012.967193979583,6924.9958497200005,875.1329133192966,237.9896156113737
1430.5940239340127,7250.491076787223,436.5784516038366,96.09037321527404
7530.158193801807,8258.83168973869,1209.051983804515,211.72707644628528
6451.1067502909345,7750.531689601815,333.36796617740237,152.98297747161067
6551.165602545648,1509.8740794645455,884.268495362472,253.69646913425365
2933.870229273679,8153.584762823896,733.5356481009586,333.809204776464
2072.2215862517687,4500.7464461826985,1411.8246353187508,15.473922091959516
3669.251243171799,4177.73249857089,608.3728097481186,127.71972758905558
2542.7509972654434,4733.051790562151,940.0515636265968,52.519185278664864
3781.8434340787317,5042.834984775216,560.1471681036396,313.08746658604366
5003.354989412568,7151.240387717636,1267.3275726720046,241.46963987068955
7736.03947359079,2708.1467086447856,1055.0538335315453,271.909755928598
8595.188065843236,4165.177906534707,452.83265221973346,135.44931138951864
2867.7546016477936,9174.200966161743,1076.5033990344411,105.55635653404916
7934.920142571157,5051.44672292388,226.39190403939503,61.2670417217293
3715.1650714418815,8652.834890500631,999.5845910723417,260.4551448530189
6677.450244017584,5900.859911795596,511.31586961350183,121.16659121416058
7119.757600443493,4453.7213596844,166.44893361980456,143.5932436818959
4218.943400648573,8807.422096481587,264.9647401851288,112.57474994441463
2542.8011733551198,5142.103967102167,110.8473161020871,291.8224124350115
7884.852759612877,3578.43925314144,1102.1535778996558,247.11153899597895
8169.4958146774225,5263.442185221614,1056.5695973701186,197.65674535481915
7482.984776515225,7810.299388987647,1015.1342489530082,173.4334482028939
3114.353302698998,3442.8854057211784,1240.1190759393612,214.89856623969547
2056.316987150995,1948.2955394060377,121.04817154978788,64.45128184006384
8712.644560093862,8834.310590357009,1434.6808672584368,314.9215937613214
5986.644878423518,7509.366329197384,1007.3363432879836,300.5963207191373
4283.7436451271105,2071.712975871988,1347.2863984620874,359.20846179043605
7225.731857595907,9838.685296315542,335.1495407738406,339.5597910849074
8466.952173901438,6874.832858384933,123.48194620789047,240.87326678259325
3003.4451446798575,5989.046269416135,1323.6093447898272,199.86677740204505
9300.495098390333,3256.413463180746,1047.4311054909417,301.3162255689878
6029.751676135006,4429.6441360511435,769.6337806802036,309.3454263012976
8301.403418577229,7460.4088970524535,669.2132145895332,288.02849653566136
1858.4489613072374,6760.932984401281,1360.5286468366232,219.46304564878665
7119.982271981674,3581.5690750867097,176.7342670152938,230.51049216256567
4845.937129540734,2213.834172065321,943.9200075741977,342.80234198320807
2393.288184979653,4182.877382625946,1471.8842588226814,327.9201452807042
7947.386002327313,9142.787459769886,491.52321882415515,334.282103467493
9570.674813178715,7237.331384721005,826.4562893955083,130.1393180407982
1413.8707341842435,8178.216389073167,1331.798073265747,231.57524856549801
7151.422920021082,2432.751006548377,1091.41876100069,255.16778838777415
5807.567867444088,9762.66157872679,1430.66239568921,303.1640749534508
3625.67335690489,9806.403245241852,226.47445774834392,2.512147109075465
2572.5176712098964,8895.893283304114,496.2972775777137,264.28269015726704
2772.5138407745717,9675.402979533515,41.23270405287541,319.550434893892
3526.197580201799,1857.7326957205246,1491.855721726498,343.8857882024662
3207.907482479163,5716.271838925945,947.9143622931925,199.68080817511904
6372.418007307846,6949.625049523485,1154.0445565927848,246.34198018993894
7202.843512725241,6954.72594766088,1415.114160654581,164.37713767634452
8814.085113226389,3560.1888130618486,1182.7961849332207,23.771526124883525
5634.2103708088725,8042.5942803825055,1227.8083688322422,228.65283819085482
6607.777867522014,4526.5474128252845,172.04765852399706,163.75391765819512
8862.186955429592,3491.417842966845,1361.4646018476474,92.122687631956
9175.69842678725,6583.43573651652,799.2472227267172,97.29784735325951
7818.212752282001,8755.494486775979,382.6724049605004,355.5015167454576
2498.1258835153003,9611.271636599964,1359.5771732524206,140.33451664138806
8664.452871267145,5661.366251458695,1265.9290418229507,221.35408424773325
3022.174083725054,9082.585919588915,1171.2370353745064,317.0575229268978
8344.922506735971,4050.564643070346,1203.4429756138647,160.95937559349886
5768.911098699526,8303.155097136605,421.7657019558127,146.79789930587236
4771.604007593192,8015.087577308584,304.2129489888333,2.5210382342456343
8245.453087789221,5113.693583059443,943.1579899487815,322.1280171737133
6149.717501452595,7779.638670053653,482.5119379015003,49.22632614894696
8809.876393984554,3888.04471410055,667.2877566512602,244.03514791711396
9215.830837242242,1239.3310544740248,1207.5114027083196,160.57571901630095
4028.3225520958777,2137.3575513980377,1374.9112966865898,292.00795354759396
6506.652937417946,6696.792336959808,259.39155073479304,59.03690394499703
8139.8233922681675,4005.6792974050413,914.7432032054847,152.20338400209582
6850.380795730487,2781.5790299533137,322.6708733485737,189.09945132410564
4358.172563627362,8444.618765483414,582.170206348113,216.98297628425618
1139.4776879079552,5417.063249238734,828.4137343839029,249.633307258828
3338.9214700360585,8724.583902819966,1356.3947235462997,250.22684113643416
2148.2202221426505,1297.546594666424,198.92842242789186,158.63962821209523
8478.067565482295,8477.704135385236,54.6838980138159,190.69516103551152
4198.459496323529,1591.2411153116823,74.72158937849285,91.78624700885315
4346.33818229883,2032.2825198439311,365.3998571005729,352.4784363899682
5300.1244167377145,8024.599546521556,240.05370960350598,217.7192432615264
2595.121917864688,8515.875732727436,557.381245538793,326.6000513525504
3147.1886347931413,1552.9091734698113,813.353417672721,301.3617637771172
9310.42516473124,4550.013756455969,1481.879227395151,243.71446716724898
8755.320561389912,6220.450757298388,805.7347777671671,313.2060380281593
2729.798048990861,9577.326837841912,1016.876441109993,142.46873398106118
6759.9931217965595,7907.676571964874,534.4151366460252,178.81964676949283
4164.0448163135425,8519.068496337986,139.09743029958648,218.07785731098002
6355.020538371442,1435.283953353652,330.8597745934227,241.78839736651145
2352.4731247829995,4121.995894003747,106.31468327610983,53.70643208847926
6638.441798216579,6626.896351117583,1023.0903668193665,47.508345956372374
8606.120994110954,6863.290563537647,586.6211835361091,182.23252840448095
3726.44134689262,3035.3483505809354,1467.0733879975667,152.73772194556042
1326.3070971754564,4312.355618654654,394.11047447879446,234.73007466075742
6520.098902918329,3621.0450659236913,215.79890683367273,152.8874256257953
3281.7050525866816,9724.880497999311,882.9290969033518,69.06527661955495
9524.185115094693,5763.815797361159,109.09378298403952,134.9433288296853
6710.509945407159,1486.7277734291847,375.56728234914686,329.1771878163682
5578.569647652507,1789.648502369848,1453.277576291136,40.750577049222585
3508.2825721206787,1626.283109001908,593.1231449350453,161.06671723108582
6067.098556151192,3886.268793362706,703.0154291113228,280.3049680464391
7851.9936521912705,1353.5213476823048,538.4619216767652,238.91454396863702
4633.623764443282,4279.777847605377,514.4655127364841,302.4424566350565
5869.697241227065,4390.622518646967,226.85677893273143,214.4137673501742
1525.4045756918135,5004.800358865602,263.0330999627033,34.01693569488963
2043.3972947822454,7859.819635401728,451.96291990842406,125.99450133393853
9961.018247421902,4672.532260113861,1276.4377918320322,83.07756303015633
9961.611691802222,8949.241521590575,516.6884737120142,115.53349986272765
6852.266025169385,4879.285602243523,1073.5961584576937,58.36154763326688
6455.988522378702,4386.911360013365,413.62941181236516,54.190943038404136
2163.2304297602955,1876.1539098372482,244.8951473956807,260.2190592214002
8532.965169707068,9390.69869733402,593.1853486212617,208.1852280398334
8519.652122473151,8639.055795219308,1466.850711682248,245.43136242529374
7508.683553718829,1476.8882113828643,17.50689475387103,271.86776871543054
1234.919428097788,8666.080501096261,225.71945153626808,226.87222343692494
4876.599215382621,9309.662101923897,283.81526365660346,38.29456903037728
6608.704589554803,9517.06620402632,1185.5588560456717,102.43795954217624
4859.684721161281,1122.1711958635321,1168.104232448271,62.504253788018225
7170.24869410312,1462.7125712377942,40.064991141131095,296.54084831008396
6612.03250799639,7842.286396909946,663.0125940396282,12.083187120548759
1601.4827684050258,6819.896787378644,80.35291695715986,252.05301162675607
4859.382319410391,1229.268747102767,350.70571570363114,118.19456172468308
4253.186112359427,4919.047315735056,1223.2869633437358,81.67062174315404
7463.278879570902,8834.678898519887,300.9461150705025,169.87271983329285
8333.24792319836,8697.08003310326,280.77745061153985,35.169809500856125
3856.317331821368,7364.160573262379,308.1265517706953,354.2266725435463
6004.975036881846,4043.4791299896115,1382.5557213303553,196.64243206077316
3132.161861324108,2167.1336829085117,1002.564142219393,2.147335795394028
4195.145424100281,3662.5770497212616,107.02892578191239,105.64301761116785
1138.084285959762,9725.149493539584,1076.785349956406,246.29901456810248
5209.0406071404095,5453.6306878977275,870.820400466039,173.10056868100725
5097.301090284434,6562.643154905877,1115.1807404224894,135.506048933064
8635.849752101167,5045.928016540122,570.1229695204181,341.50170669607496
4312.640732859987,6545.963454125124,885.6804749812378,13.241671133075675
7264.106236060281,8319.31154968007,769.137497646081,150.40331254780406
3967.1159977599364,1848.4437789423273,568.4323321609946,277.7574360360505
4373.841092444361,2541.7104758917562,689.4506135819668,210.79460821477784
6832.896219186013,8574.357740401992,759.294399550828,247.27986458762535
5027.312639785394,4620.998559101065,1269.3343871469308,280.579995356843
5319.148828231123,8561.967302304198,1356.5474452972353,8.953136510167917
1703.0435260495992,5002.451629250024,880.2985521036335,84.38890936175439
3253.283965752087,3869.2053097027574,816.5839492696696,310.33472936484736
4538.308278339153,9370.524903118925,52.344395812916815,161.35730703539184
2945.2835918854676,2705.37177749253,1440.001322900398,209.06004879032335
4289.302869047868,9819.437975976902,88.78261611038923,150.88515458128035
4531.154464857496,7976.481680961995,1482.088160653473,119.33572994685156
3592.967643905505,1915.4541372359326,141.13609275598384,217.78116180187473
6266.986477863385,7283.293400561339,88.62197614783736,226.5099914004361
3132.847442811787,9831.502864710097,860.8529311652941,45.38250876948509
6603.474725075456,7840.794590091561,1008.9618479270836,78.12092607824769
1507.5785475947935,7629.976736767134,838.4441034074698,78.0589141147442
3056.7112088919894,9353.20133196729,434.7126013324068,104.74921851761906
9646.22539183525,1837.5078570004862,807.1376446775886,313.65534115409247
8785.409686262348,7969.64533329148,82.43751019444679,283.45383014004256
6834.7534819666525,4281.190513360358,1283.7711551444409,86.4370534837286
6520.165969414375,2982.879026269068,532.0788220289882,287.9636869719876
9289.069110921295,3000.259270791178,960.8875901586243,241.45490478844232
5084.286337369846,8341.453408557603,916.9459951086601,255.36739359396105
9360.258183967655,9214.841823395815,1185.0796715631134,12.912012262086964
6524.325956415405,8047.6898824504915,53.44004270429388,60.61279498475542
6156.2164208533095,2680.3960753186384,1440.3105960815399,293.5609240732526
2766.032022818583,8059.549322434131,1149.6513466479148,240.3282015534093
8871.466399520112,9155.482290519813,505.85544312980875,236.4852839849757
2475.9516036163404,3748.5766718630143,1362.498735390275,171.5346552112784
1965.7935741797544,7428.681454423011,43.231089088527064,55.965089166572895
4019.2636576103428,1889.4319441696803,950.346195946688,225.95259566175312
7923.631163704625,5650.1180316555865,272.70812197191134,241.34813572244468
2529.0705236543467,8195.481695275954,1027.6651963314955,309.03149410418945
8677.412042620037,7821.892115744977,1389.986135186856,284.1952927729435
1485.3467985302173,2954.7452974947914,926.6905986720559,255.07317178521416
1919.5643430864034,9497.590326249736,1170.2438372949384,30.005075515659957
3804.8945464837707,4493.262253313675,339.0220147514981,214.8291753508381
1139.973629492246,9992.07899219645,66.85396651332414,321.11922996908817
5650.835782374169,5885.67364287333,1405.810672402273,319.93065732840773
6815.211644066177,6183.283854911652,1446.5155495542042,357.8302570728421
1793.3227628625382,1523.5218809615274,652.9170993813639,291.67726657841007
8653.638169196318,4298.455885512027,50.01421353106418,2.1843391852590535
3640.8696051401384,4091.088780938291,227.25272760999187,278.42831332731555
6262.919927905806,7138.127573759622,1047.6212842618052,25.641773924611552
2902.117678443243,6983.723396925863,344.9091539303377,105.4751531707272
7104.189825615698,2919.1553954405376,1111.5296858089341,144.12162404531134
4340.962893263852,7642.7668617593945,312.2375610291761,119.27270689478249
4577.209193231107,6613.926714060153,1231.4185538066563,182.94163777424248
4082.6480111248816,6735.32432300888,343.5915270070584,300.41146422300426
7281.653242831964,4656.74279373344,221.33913143756118,79.23651838914647
7257.267434290575,6180.970983874275,1163.3993716933428,59.95352977328695
2670.296877896936,1300.383784665023,1256.9026836310288,333.91419264341414
6569.08609968868,5288.556987539171,1332.5944162443307,54.43314755072409
6561.671754730816,2826.8532237031513,1021.9376436550505,106.13909662121243
7936.889377246119,1151.7099092981528,1199.247669699617,241.65417169157536
6010.600890431757,2456.8949149514433,1375.1681970591655,165.53301861880345
6834.275450626759,8351.989407574045,926.7318536847679,179.36875173860923
8943.84322980039,6258.2898309373495,584.1571482532671,125.13945230501733
3715.5344350360024,7451.277766821177,1458.1469107170885,33.87278033930673
5125.763809559857,6685.6505727694275,1058.6575567098193,14.335459538920768
6709.971199374253,6236.5991351195435,1370.4049037644331,322.86277148529234
7093.05623451076,9843.898477398427,745.8764174931671,335.39554317766545
3491.4779157531007,2845.5262519964685,799.3905045014245,292.29154629134865
9850.45970809965,1201.742526591858,208.22702991949305,89.17188063310813
1551.9252232647482,4539.374500751101,684.6629478816244,318.7950862550195
6488.759982162025,3366.6265194083603,546.0915487352672,182.2980306188741
7570.702146976794,3290.2573410055684,557.9399894543757,200.80937891975995
1528.0622654142885,1555.3922870303982,1320.9494603645214,52.81162459171122
4386.739530511553,3967.229789285937,1111.0071691694866,1.4002808695062816
6245.135493926348,6481.663715526282,822.4225707517071,112.05988110462809
6087.633445367297,6384.536149638114,965.7165912213927,222.67257815710911
5963.328047557381,8433.223579696754,294.6940020473628,186.88400559483836
6107.85177776332,6490.209376693806,1077.7529963754057,282.16499836530255
9824.604371829824,6880.236507718762,984.2142421115175,173.53030405387375
9156.455606232244,1867.1058706907802,1288.2023168881117,288.1629983048405
5940.349148216917,2519.8756934862568,507.7714798010351,180.1705212522786
1461.9308596940857,3250.1399993379864,825.2583052290701,26.36026441383596
6067.597282239587,1349.6160068032889,1346.845622475532,86.57400321429569
5477.1619069932485,2911.319356693499,598.9378925053256,175.0137550980078
7377.388322393027,4015.4685434178077,1142.2261793830603,172.3967015580124
7823.826424022654,1758.2666907992323,675.9972195612796,202.2141861992205
4576.684893138943,8721.053831690831,1099.3423700808214,91.6677630912194
5873.938541284659,5061.890393685654,582.1940648019786,155.73907853542013
9481.53661237478,9677.135571955965,662.2778736952924,27.124340517180237
9980.55531668645,4195.610151089078,1007.6255926646809,5.891491900225216
7054.724853955409,9005.254610943892,228.64950307008098,125.45917324838229
8129.628599200101,3211.9736044489186,256.36870207953007,60.99629320031849
6542.513953422837,9344.220640264675,1015.6016495135665,191.02525313501897
4149.284195946404,3259.881057320955,695.0983810483594,16.488546036385074
8173.864637696194,9198.657699211773,1279.559695655354,300.58780020014905
9964.62114819216,6850.096018766717,764.1419464563886,342.6962044933139
1661.4439391934213,1378.8435203286642,627.1814597760583,327.8162369050843
6496.689619377889,8888.980990310814,182.0710033301959,105.05801971026575
4061.94608036488,2504.1690367111623,979.6219298498564,96.72752215510208
1750.0682596794572,8973.58249411349,1127.700737125684,211.23586715479092
9685.512046777909,3739.5643652039007,538.3982641945399,111.46105716184825
8347.396066307541,9129.49757503439,792.9238286055555,332.87798275121594
6785.900787526438,8425.165837106932,349.61035945224194,241.93869304093732
9508.37593846089,3121.1996852952693,1078.1991480170939,160.88471900762903
9508.768099896637,1528.9006128256447,1142.5961663662197,301.340430169191
7553.731193899526,1487.7306865589203,194.0922049908735,79.18546059692972
3462.779418052653,5527.830326586097,1410.7583622747845,263.9351117421933
4003.9464749728845,6909.726361643414,952.3003428989524,316.92027340122394
3347.013942292392,9281.606963180599,74.82873527498286,133.90477367646903
8280.286789653379,1992.8896502578416,134.78263361257706,305.47420742469296
6305.116078510393,8770.743398760422,1438.144441367829,129.34828858311855
8279.263802986421,8167.476412673947,669.2297369146803,56.4865725666631
7666.886108006093,3038.781123287264,1276.4806656859662,244.11614556904243
6350.378606937621,3269.4430237410393,1016.6925992468384,122.1524652830219
5504.392711200361,7075.623343910892,430.59601748711293,193.75989468159315
5592.8980511515565,4412.74275189687,1094.8121900456695,302.0258721085988
7247.666847849921,1942.0221740842035,527.511261056395,181.97204852558232
4230.972866177584,6654.983081610096,1099.72120872221,330.6182835981753
9687.888945268794,3676.3805312836616,900.474024213704,17.83596753743868
6146.200900160963,4356.870251697508,908.2802758885607,313.6748305137194
3785.1535380854616,8200.390272867746,300.12669027754737,289.55455673009124
1557.5535139869494,6329.241799662596,1163.571762646937,322.3913432895235
5933.884129530328,9227.445862335186,1259.0810293416348,339.9421595951762
3561.6829256435376,7177.786719235596,340.90303123155013,110.4215896916547
7750.78059574907,8980.192474935948,1388.7548280023186,155.34471235381963
4844.012846572103,7737.361977356544,1195.0540876787547,333.1076502063249
7557.904555766399,2109.5363275304107,182.4098868687239,138.8345633060065
1712.008468413308,3416.1082706455104,1030.6317842298079,300.4621240612197
2573.89912816932,3838.0614749501715,1112.146910793712,29.45899076457505
3908.4941919870575,5330.913546367586,402.9489933936105,225.4560281479247
2262.7506972978827,3900.334248842499,765.78254504138,81.61450523439824
2757.775418445708,1265.3943549486658,315.31315690852597,75.53908214106616
4629.268040746829,4870.780698796861,632.5615193916734,247.77802686127077
1153.36954743191,8118.203599390108,442.4495090801743,274.8931244102088
5281.280698754365,4796.279294091353,1461.9795675294733,101.72619778707262
8490.61655086759,7866.328532129906,1273.2416971521204,50.305699165718124
2685.442269028099,8508.53885240843,1429.5840299992058,46.14208234435903
7878.386832735732,9905.938493580046,1434.1337187998263,134.5649748998415
5265.324056409208,1840.192692020542,369.36411484493334,272.25240344274226
9360.207494036531,2915.9298232609926,1264.7391258510752,287.94816709790143
2914.007439740699,8882.318903485186,1476.2576224596548,239.66853577226308
3216.0411164504185,4547.3871696289,441.13138869454536,121.10751005541537
2782.2677757626857,1125.3982088444384,453.28994685400414,116.61028380191925
7034.193734411081,9292.10294680122,765.4619021762562,79.03746588208823
3574.151408718699,4183.3567668276455,1158.5377416979557,58.23977632467657
7318.685616255652,5175.334363907978,226.20342364553107,312.70224173464965
7702.773040767753,5260.962536587928,523.1563899624527,123.18452153327235
5388.378681125876,5793.2050986722015,342.2973349556187,225.35860807939974
1377.846702690605,8456.513232876488,555.2125787252357,117.78045035755679
6996.807383937227,1931.0275813785279,86.53929409978961,285.2273646185605
2579.2079045913706,3484.632767809533,670.5730057282453,74.26937233837384
9722.297831458858,4644.461435753565,96.33577204358095,201.3170567520362
7326.121596035321,1897.3343387448022,399.3575603925934,337.35742772638764
4269.275753778627,1936.4515871653823,304.2673633350155,299.285024906628
9475.585802504267,4566.279747247216,756.6024087291195,23.494694714147272
6016.94650982267,9716.653443469659,307.2111948790593,208.97041113579604
8022.278242368243,2893.823775712579,913.5342024670101,187.45213351266023
8000.701875742503,6949.260018070637,767.7159425366443,86.54242216405926
1427.0432977967312,1636.3601345648412,608.5228642300881,324.3202540402426
5597.190510766832,7465.4168011251,1413.1936476932374,243.16427249028283
7405.969647180827,2374.271458646137,368.4672911808928,211.4126206816569
1359.6658345084543,4907.9492519653195,546.7903322477005,107.39487647304692
9939.094378652415,5007.487077835285,1074.9897198843269,163.74496050703922
5284.804593283341,8375.369778702625,309.99327295754085,192.9362904472474
5665.820631875524,7556.400167352856,235.14253879379828,19.26465290863454
1785.116814178973,7070.072323388059,253.5848611289479,146.0824036038957
5869.381528043918,4093.67928068301,1314.500853671726,225.21292964274863
8742.059662352782,5080.972489313403,519.3146245266904,101.88513299416474
9385.906906964077,5070.193275801409,969.2637691214951,19.904375003657147
2769.540194665322,2143.040517345484,1308.1948303960096,9.02931443246149
1692.6134951910446,7072.677955226267,760.3631361774443,110.28246460728894
2321.5490466317087,1521.7204077883775,627.0991249390394,54.4298260612728
8136.612624146891,2543.4585658719134,1133.5376114224543,23.6177348136076
8873.922489383998,7270.903712088093,602.9194577047188,206.34237207893085
4082.980972932053,2993.643537436892,185.39443909616705,27.394174436218503
9650.850387165998,1803.9091680297652,500.8087834870688,87.09543133147797
2310.5166979459227,8614.68025936775,1080.2970193161498,140.46645430429095
8904.55711215242,4516.5480356227645,1169.149886049078,54.40765135375097
2929.5053402851754,8708.083193006774,1072.0865255982856,256.473523968234
2019.0050082801329,4661.429062287489,272.47073730222536,71.16823294169834
4619.4684768786265,6836.218828060666,785.8057605043095,9.764770194208841
1287.7541507425442,4979.54813718546,892.7524817640177,108.86709777945339
1838.5824132382072,6753.8011386654725,1278.9215343897959,146.59243394156218
4897.437324058385,7290.573421886717,799.8182056277102,226.6818864582795
7412.417944962243,1530.4536450143905,1146.5378877729831,335.192034087589
5916.184943846288,9536.6202772108,1070.0340469354255,236.03307044090133
2028.1382100165692,6659.653820369428,1025.55741578708,273.4874293904724
4403.950254969386,9963.771663877145,1175.7096424857784,8.670403937570727
3765.516063368601,5972.505305889095,1228.286009373874,100.95552999167639
8004.756211400038,5475.624783979748,1117.1126919977794,27.42482063352118
1913.3266228913453,2133.9392661389793,180.26317974139693,20.843474887243254
6304.986498720302,3270.846254668437,440.64683855352246,71.37511885620077
3027.933896333303,5647.085532855943,76.51568487822308,236.43266360165688
8236.630668735328,1704.726962621471,452.62072731206047,117.85832066841965
8581.53002215914,2821.897627779109,203.8352196694848,128.7302244336259
8304.951257724344,8099.875258878576,1466.9676352258414,215.3643375544409
2927.105265798593,7071.132822495572,226.4361686451308,183.6995137069291
8403.901150291627,7106.573019078516,812.2397550303358,233.81108349588936
8629.169810003168,4149.347637923524,1028.9706089334256,233.11453171384753
9476.677709674821,7711.4587767244975,1039.3681957043557,209.8835510101042
3859.3371951210574,5732.310343000818,869.3004768879708,63.29259456642804
7430.451288778639,1916.745772633702,729.8480802455948,302.3294902947499
4018.4161806873212,1390.7355584526986,1442.5308596351836,165.332990690295
8916.802476034623,4032.970286466387,603.6759739040355,256.3113875705644
9888.362868042292,9760.475236680648,845.431888192438,90.82153424130605
8156.502130301711,8622.706174530438,1275.2849738211712,323.70423989532344
4180.288533374422,9668.603816635597,609.550928405392,340.9516776848142
4653.334476475225,4757.622887972154,238.82211405973905,290.10629071357096
7403.828423827421,4457.336184341872,445.0596197913658,62.208477542509904
2381.818106617283,4655.122763578445,1161.2683905873089,119.63884805517961
6377.385381327268,1255.5903348589122,776.9607258481142,68.44151661858912
8051.864781191096,8830.391653657967,365.6589249226394,43.34807017099808
8636.12245266536,1920.0064681029567,143.69079670096409,9.876778937331562
9847.512624259236,2439.790247536852,617.5050148601233,45.24134615810117
9906.621076691448,8988.601793538746,1323.9491965790746,255.78469958059597
2017.9636559757703,7176.733226066926,1046.1603503606718,76.60829393683134
9587.794557682311,8435.844171186076,18.15651947761342,270.740702420804
7375.429970155716,4441.610992980361,242.4896107558719,177.55370341295358
2217.8463723614495,8648.521653200918,456.41299587954893,336.51450526762454
2401.433921072525,3094.1376187037827,370.39722992045535,188.53722884915706
3902.3931218710045,1349.6192208843788,863.959477289739,228.7115046517827
2439.2822217717794,7317.388080193551,610.1189113292933,148.9236594950771
2588.826769009369,5998.155114156039,1148.4733215435797,329.77726207685447
6284.04966734436,7531.304031360262,924.7033006524375,126.84653308928506
9415.794016343178,2385.651054143308,342.0932647921835,112.6969264554245
3193.8645309642975,7761.831599234556,248.38891740079583,245.65767085500917
3327.5392964750768,7654.769625105019,703.04213679336,325.58072406331837
4243.63766378786,6495.715130479478,1345.528853482899,65.3883020639937
5252.748024300582,6478.67906318781,115.19013248001012,145.5000617442187
6830.373536379984,4064.0769222884796,1153.03416008233,335.906233795592
4529.301455825318,9515.694010994692,1020.6035267534116,11.621434340398206
9390.540882091109,2719.527173566896,757.6311565276425,187.49175373739016
7104.764052474195,5479.192761059815,1121.715068660656,184.2513289592961
7115.672907467471,2611.6973030644303,154.54549980074293,309.6874622451549
4385.464948248544,5214.602709858106,898.1026718185927,197.73695055927308
2955.8443479318635,9541.563069957087,811.2306257221458,113.32611529784275
8849.807697885199,3583.9529606344922,1381.219524125346,221.76385291491584
4069.807364620369,7772.117890828318,23.00714131208121,287.9727764643529
8800.276661441301,9906.038920422236,1123.2994560712757,136.72692021864947
3724.486885776495,3098.643142229669,961.1407451647985,61.16935170655061
5252.910808367033,6913.213935168193,1413.210089178848,176.38350581885786
8736.496696375518,9094.640440593073,703.2007514142281,45.64020331624531
5386.534098846487,3549.321527287371,321.0958115403159,341.4657928753666
3055.059408049886,6290.378933061821,1435.7517182453125,11.395088823554879
1244.8136787431777,4538.554973837207,438.7709233435986,156.02911710078706
3693.4457334717335,2794.178079298713,1029.096084455916,186.21443265888357
3356.5402948880715,3988.245707684408,433.6621856371433,260.8205945327925
5728.505024648878,5844.396570287312,1091.9165027584738,210.26083874302873
3921.1925416477125,8947.637504274331,280.2254889157216,114.69364595378387
7776.415971060425,8953.322527514774,1248.0985407292087,132.19911928030558
8265.016495897004,2910.960114715581,703.7578235725676,263.5224000964096
8199.99489091711,1910.846835109904,649.7328722930392,6.447084037323927
5841.038702294218,6225.225977533058,688.6573371725627,70.87855410648564
9136.143681865151,8953.238096943887,10.98043136089973,200.21966455327316
4711.3151863177445,2801.4498294198593,1096.1936692014785,129.86117642306218
8063.43449930646,7376.955470317628,98.45859677638504,93.99528771300702
6035.345697802267,2525.450457618657,477.42175324182716,183.03238078155374
5277.485543834043,2359.213029086244,1147.1959313349969,218.9702823759918
2583.171138630122,1364.7414580249558,1150.8631214704228,94.18313466378576
2756.958769176632,6663.964628494646,1144.1411066419714,133.65364389308914
1220.7121255845407,8283.102062261092,311.15818368572275,255.30725054395757
1840.2145365341312,6288.607070398655,1168.2236521448576,189.03425577581478
5786.40445924221,9195.523539593556,225.37793034628407,148.82204983529695
5081.423623428994,8738.071938629953,592.9599925836585,102.2568839343102
2781.0539227676127,4226.105033632273,700.7423637580852,159.17291154374203
4492.802970798199,9211.158057526758,796.1213031441356,89.74653475178181
4452.043847504639,2670.381932846853,1378.7828356705857,217.1170673206788
6864.4283028398895,5024.2509950646745,677.6570530300074,183.19022846590417
7752.354638766819,4731.659862803075,230.31991259127597,38.0387002328894
4078.9191100550283,5148.389156154764,1192.235666697536,10.100753638439997
2677.891721429676,2519.187830524268,126.84622173954497,295.67112832373084
6687.334434800043,7489.335016207638,1040.69588620244,209.33158453170321
5607.960626598271,2983.1351732401654,1484.1368069376576,341.5290314976863
4397.457052958941,9555.303235808044,107.08368600845145,247.97471233398406
8122.504501986021,8552.84808325308,877.5983487981505,335.38737947693494
5898.318100127471,5412.195093231944,304.42779666295786,186.94121501142254
6036.88867005711,1100.2699076300862,431.5165401686667,302.97057741813154
7941.025095673503,4184.690225696078,1391.503415898501,243.6499578823474
3985.8906428472815,8347.019811159964,1305.49889162192,204.4649142107189
5258.788625735203,6531.982053156875,117.4756287435327,337.4542610854956
4981.493463888641,1780.3486723109704,412.21170582649097,350.5833714987172
8584.195124775706,6071.355225908478,1131.8833705935374,138.57265875401822
4454.747172866147,7859.713982422749,1297.3088597571805,202.21866368909104
8691.475317116172,6605.453997462105,766.8552851268178,333.9595711525099
8349.76633621237,3456.249801998913,140.8716850406212,147.47537959928417
2166.8599325537834,4595.45920956816,158.07982959329192,144.46500618499553
4784.002742266739,2359.407366962664,560.4907369700985,153.73914035058155
6778.4666793901715,7882.236801194882,255.6268253415687,82.65404831594047
9563.50966451542,8684.821379526766,1144.7867521303615,1.8889311340562114
7896.611432294312,5608.095237146315,778.8801889136935,178.22485645854724
4311.553189723252,6941.501316493487,213.60631341259656,48.12507005675099
2769.3000170855667,9388.45884591103,113.742100595248,246.80934294782637
2206.9596545483173,3207.0262773782765,969.7545655664081,64.82366368189602
8474.235163953956,7455.284780713747,1271.063267886839,131.18205796535457
3210.9517435306734,5946.204785820049,198.75408512143096,289.3502034405227
4293.871118024943,2410.3584175592014,807.8340410230481,88.83820533225371
2482.5843470317436,9539.482563277634,1205.144507997359,149.73960190672
5570.47148601895,7173.854792547586,776.5202832127854,144.56411866196007
1416.9433223177796,4036.2264053708795,307.3819867300669,237.80168375200262
4943.4384880895395,9101.585125948688,1472.3460140704324,146.45116232549304
1133.6067152321964,8072.39472822981,264.7761263378535,40.433771920643956
9607.09135796268,6733.987232622716,6.496596554428722,349.55224348493624
8564.029096232061,7875.949288173236,722.7327631238433,192.85237720848642
7352.103819746951,6783.833223856965,1475.189385009696,296.53670162663434
1562.6400250243805,1447.368131295506,1455.583699325167,6.713755261212436
9776.125694466908,5913.5033182668885,794.5259292440514,224.51092505134585
8987.5578071419,5485.591674523001,350.01510187823686,124.85668490424159
6818.4326160244045,4182.93957088088,423.2317007415559,140.34034512007526
6317.320036242223,5797.386272623121,224.57590739474364,174.09918610682587
1212.9231126931925,2753.8555211561006,825.9847080065051,191.1725909768743
1782.3563542320403,4243.254789324934,508.0404898919181,31.68452900370746
7175.742684088177,5249.301716909801,472.6756188534841,52.59658206149105
1400.980553421051,9875.425933192677,150.49069002968096,200.3354284996461
6822.970272909078,3516.4483296607095,104.79055829818242,223.1295253702506
7085.489567399321,5351.988492563988,370.79067226097396,38.607597977814166
8728.804549808618,8881.90806245924,1082.591989024435,116.36484742816279
1940.0482283673598,7571.111349926517,1234.884163012636,122.26309390120306
9409.555293627829,6126.206394857821,457.2417966887359,221.9600073588668
4421.000487195122,7848.034906342376,1459.19741242576,277.32055388444184
2584.072042415928,8189.397981352551,347.02832307515916,109.22892994094285
7360.349003418982,6470.799210525425,409.83063854845767,213.62813058992066
7383.7253976114025,5459.495663942599,677.9919687480717,307.7459250096768
5588.410501968738,8757.040544093754,1195.2426741526715,231.70307862310193
4823.778738527559,9553.555380724709,978.195845928881,294.61027766806586
5241.451226900266,1959.0853655000783,661.0211034530022,150.12376845558614
7674.473792451516,4039.9680947420925,1100.4976314597486,141.33223820042986
8486.774799063523,9154.985112564991,1180.0506442599744,327.98143398440857
7166.328478778316,7066.477214619927,1466.6412642396326,114.57297568485119
6465.194668466615,1581.020119259044,1474.4784021144096,3.7788126645943043
8461.960406650165,9584.152379548234,794.1312770349085,134.56146118478813
6435.183286340555,1529.5573926434774,401.1614356974593,165.41870387494458
3911.1216193653067,6492.721464114366,772.8461419985717,274.1763768144671
3242.371930793175,9327.770203473756,673.3488014228574,116.45016569377414
8061.159717757758,2600.7262781731133,678.4464715211659,162.01305357468428
6775.689958169441,8199.43346999099,374.706776630494,90.02463992434869
7358.794077578587,4242.536735455558,319.6627261810933,217.3438470886255
4933.817321449609,3531.435202623443,472.60367160598355,52.7830357656481
8446.874430781432,6305.159694996369,170.32356374045065,291.30981999576545
9857.200214352366,4647.870234389646,681.2379987329449,234.27315359848524
8849.562145758962,9244.84338942561,336.6043236944431,233.0790673432522
9605.404148703652,5037.105406982386,650.5707755138193,70.32707914818175
7726.571589075828,5098.964199869846,142.28305780292266,348.92108335378555
3348.762079685573,8159.361338633371,765.7481013330805,210.58862658862876
5421.301593919244,8731.571599185454,792.2558061643425,163.05745254197154
8934.40004104035,1898.4217879027758,1385.647438827243,146.66639141513244
3339.5407794415983,6545.100900931279,183.65248274114526,307.37350714840017
2490.2207571462923,3535.3669982914694,709.1797374242839,267.8249706200842
1561.7587461164233,9097.41414476518,677.6504716524526,184.11603548389786
9371.238574428899,7780.53500477167,871.0544467738972,349.73800491306514
1763.3832550886395,4204.480191123949,1148.6672393461286,219.47612817569902
4829.257419015792,6308.570997064928,321.1722243181848,105.8097141889272
7778.35132330932,1294.4360521712395,259.59088995538116,339.889055469893
1249.5773599890638,1886.5042121887952,367.2429350608405,14.139226979915584
2710.1784196613935,7320.906500666665,217.4100801186471,107.92458760956139
9092.9535226226,8830.887011983763,450.7558678844993,35.32803038046433
8778.406354663639,2719.871630422148,26.03240038020611,124.28900762258317
3012.3245385371815,8144.815740485103,1444.3735281559213,296.207032316887
3678.8230741432444,7461.212549235371,712.7482732764978,335.2194485343548
7134.94787626302,8399.67357236259,146.5939897209504,22.33900244481913
3074.359005364082,8618.965989095337,589.4542156440481,147.55068723565395
6458.161983901256,6450.459202809183,1323.4729046340647,273.1941046865804
9707.045272195497,9404.143518953988,827.9814041388059,47.75752138534368
5567.854528841612,6008.9797169805515,185.28393332052846,74.86738083220622
6164.504720180103,5582.630949612225,802.2864105621577,37.334321798794036
2019.7391474396202,4529.782842163391,62.50784023062654,296.6176690450471
8274.079630066626,8855.087750845476,736.4316635783482,245.51272071106308
7748.950531018281,5411.239566406031,477.04417677965785,316.4386584541889
3185.410559399334,1704.6641983257177,355.05999321988634,14.804833161499994
4696.3387817182465,3654.236690448348,1253.9918373299706,61.48710627858323
1764.5539840719598,2975.1274984160136,576.0219554394728,265.0434282027736
1873.9926891691425,9061.916197478171,47.32450762607142,130.38335950180291
2018.1291533211124,8997.73331715201,420.97879949492534,215.27397148184548
6591.5866675273255,2042.2295735861544,574.1562695187636,295.8979721398437
2674.303591779789,1287.4092140635798,296.88797570452294,147.96754058380657
2963.3995662665657,4133.198561767561,140.84815374112102,185.13410265306993
2483.3111968613157,6588.627274394015,181.73071642235425,86.08398841035648
3272.448208789942,7804.160327250017,184.490291054241,166.32056387184804
2474.1848101504775,9246.9668673305,891.1566259744079,124.06719877096512
6952.109381447952,4980.203004856219,791.4922708439138,298.95240385402985
5877.451593839196,4543.084867318525,541.158559723761,32.839775841154214
2823.7549083649,6199.309588891939,971.2544932405866,53.26386682381276
1393.8213407295138,6864.641368203343,1466.3637007885252,284.0943183747313
1928.2955100531494,6202.853085684758,1445.0195873041978,135.06241849590924
2678.901819303291,4253.95065217773,1428.5986847799088,333.4589940239369
2116.4547270594394,4402.201971373675,1178.139716677248,264.24153953223487
2979.709444552546,5015.864570539633,598.0125877588014,184.6337588524868
7118.4036651132665,7637.64417315441,391.94889632182566,13.464814798360472
9373.610495959565,1473.3982136003187,1056.6229185724385,246.61372474439995
7665.558370672786,2710.7304424628564,635.513856308881,24.023272082009168
6739.027073994809,5923.612356473945,101.7284634602507,261.2652684316023
3970.8075159752857,4105.252847463442,331.49673283431326,125.94095484818584
5641.96234861295,4954.61921376885,245.58825039456582,18.126669915205913
8704.886501973499,1764.2711486371536,23.008797330219032,286.4925235280842
5999.646064848514,5604.742750248866,907.3039186076921,130.60733289170275
6001.219481116518,8327.887397487386,1133.733858999975,187.68030497105238
8339.218565892706,7902.057999632489,793.0445478064884,303.2358894567106
5027.809099143864,2545.1851998520096,1343.5859862673233,94.03969355425397
7457.984664828417,9709.304091657757,991.4904637546258,213.73849900230277
4579.164882163486,6041.415736428892,417.0179544723151,37.984952761817006
2694.589125082285,9975.67371506258,515.5778258465276,274.1963137628167
9453.969743642108,1550.645187816073,581.5054425139688,79.03797155383661
3812.444199130473,3491.319953306252,364.88758026297955,40.71122305202083
6714.355613313445,6257.158527075399,14.817622764782348,340.7874789211356
8857.984486324913,6060.481073979379,393.4475296471266,7.879071184725034
9432.028180665631,7633.30357290567,173.91963302393336,121.48082473168954
8608.299300276845,4652.964614229013,285.7361996358977,327.58025046112067
3823.9564173399913,6790.360443050296,768.1235328930347,328.0395239568229
2414.5873049070897,2571.9415942120586,88.89873766952572,260.71735602438986
3583.7893689238863,9560.071329096245,1242.985688875129,262.27288663775903
7659.238597856336,2410.3600440006244,1282.503619500102,4.306429122666247
9732.051416409644,8338.223607787098,405.12970650238833,211.539451875476
9891.065643272528,7924.733202717313,1083.1293636221333,161.9656298944506
8040.863515649724,3525.92181490809,1274.9471196240756,77.3210801315719
6907.154048958569,9299.147079959115,1440.3301691759955,37.666932526050275
7665.7767198908,5308.574976030845,1148.766642901638,40.228236651813255
3539.2502461977338,5270.8990402927775,1105.9152211010994,160.62796639681517
6620.432244625922,4497.680690222899,307.4122348276583,77.17684878877151
7901.377279504432,6803.004448788394,493.2930905690753,199.4271810193957
8506.20181800568,7731.323997019518,318.6786618136115,340.01247661034273
5172.219041621092,5910.935550330978,1332.5709232544682,315.00582012153694
7249.085694402148,7794.462372560603,1499.6669907684582,54.54668308552479
4414.259446892673,3902.3900886719143,455.97961884090614,316.597006157456
2421.2899895634177,6269.079656505545,1332.202700698798,284.72877817918004
5608.678696075603,8933.488288155797,1049.3881961545267,46.247257370614804
4777.844135152134,8709.82997920323,494.7661946520746,67.92868481127998
3356.7517051778123,1617.8786092420416,1464.872735508602,122.41669314189336
4657.832437387811,6314.311538278128,1102.548001139052,257.23073428129015
2470.6336219399695,2286.826000584225,162.55253459617853,291.9785228405926
2310.5144241111284,2843.417968381883,207.22482477015686,278.2339701622711
5168.560779777752,9003.264076306556,441.1530507509313,358.80678284773796
6931.0006581658945,7859.69753140721,398.7814710922181,326.1995586353078
6051.564072692271,6603.03743901711,1362.697520648867,260.63315849654015
9252.723630694505,1237.0479479464555,803.8425192938779,168.28063977395772
5369.686026847328,2594.687824206455,44.80129713636241,284.6073414506323
6958.430253352996,6930.1621645197765,432.91642211519496,14.313585246049461
2887.1467033985227,5398.427361941056,1218.7581460815284,248.0687222348035
9923.90882091313,2842.3391681189605,1210.4671311267905,64.27646770415197
5787.79032681308,7795.763672454749,1066.1135294006724,35.899876520217965
4926.751855433071,9902.729584684615,1210.4854654281132,298.2776230399693
6451.585344394683,7406.919589631064,1065.6458693907298,9.20040869449439
1971.9271596727317,3289.0146564322476,23.96478660957282,25.30034700869126
6801.697971294291,4058.7168324844924,747.3145781373664,338.87284199650514
9291.50679230981,8052.859995988604,435.89158812534765,95.60985944627292
5301.166139243673,3245.2824909562123,706.0261625882572,314.49540623746606
8440.730557988834,6523.79582813249,255.16193237466504,274.0894864237669
2178.157248957448,3911.875150802005,788.4725477875292,66.34653170513364
3428.285026069357,6430.095206414892,373.4758370172717,245.6410348026894
3711.7840830495866,7973.422958120358,734.8535742409417,330.88193628924824
5480.869712887737,1833.444356891175,134.10510278061324,153.47655741924163
9507.925275295614,7464.8175515033,474.648268086248,209.32791118174904
4165.402654258927,1419.6896882502397,932.7029014290554,238.9363908557992
6052.01455086993,5391.677687604554,394.63602452985646,148.45672678767178
7230.392925632941,1751.6970996644184,1375.9552081233778,92.60287308422015
8651.192629410976,9583.472334352608,112.8278054165169,277.66602456692203
1628.6431301552536,3422.3053702844254,313.68642681636965,99.14043584146144
5326.2965599391255,9683.84186362265,125.6257162270012,54.72839370026368
6572.244524675622,8300.885258567852,667.5012774685256,35.422798616046116
8281.42644337171,9580.961220744788,295.7767869751246,257.17188425765556
2854.3602578069567,6358.620182172941,1288.0660897907585,199.47574191998098
9506.560748423424,8811.30338173934,159.4952642957887,144.0096016923048
3980.2324375595977,7751.671182363128,1312.9887837894485,37.1767242214382
9020.032009927836,7408.857059335302,1215.3047593405934,283.9441096653706
4927.610596487508,1385.6975334876258,845.6001697836749,144.804959364774
5037.163834990224,4912.880815490553,717.8479760997163,238.30895603441613
1726.960185605476,1171.1419374259594,829.7645454839238,260.746219598681
9221.640606887458,6383.936203149931,155.9365875414204,143.859298600914
3594.108373271732,9863.500706990655,33.673873127882345,37.15941055903601
1884.1341367802015,8237.207081855973,649.532443795405,85.70227131696919
5746.656258887676,6558.618690513368,449.42900198434285,20.802778469799758
6966.713144737459,1258.136992713893,1483.331857881706,323.66474359643667
5614.3378723985215,9647.320610918987,797.391448701875,146.08814046728034
4588.730200670228,4279.049722385934,319.949298626279,228.6202432980092
9684.14038327261,8451.5247989113,1046.8843473711077,190.16235954719178
5844.445333849282,1138.3231369415298,1103.1460573356242,173.94407678570184
8227.278724364729,6242.799168939894,1093.0137822230943,344.2646552257659
4444.058902213901,2470.1274693737682,740.8743607422555,345.2430250144813
2158.886218405003,8780.47103762698,944.2631768086904,108.56075166806
7277.239127954169,5319.152541301882,574.7076123674988,228.5021787563274
1846.1967313343498,4799.986747692212,803.2991298515119,127.52160231706937
7065.831343828641,2844.096188590617,1233.1603919498657,206.5408291618104
9598.204912969724,2468.0279888739415,941.8201073713377,25.702323948145494
1684.7625463848215,4290.52742293707,1015.1998317089794,344.2683279316855
9488.35283781113,4504.903660443191,759.075060631971,147.05598700484035
2185.8433932574367,5316.265145443936,580.6675670964629,311.361244196661
7501.060774349585,4256.389030570457,872.6328193565419,75.9617974103029
1247.2630411875925,4922.346858019237,814.0142516339793,235.30121856837167
7849.71523073755,8583.185821360586,73.87819609412003,253.5824124402235
4375.493803438592,3246.420367120264,596.0635547047518,62.507826256716854
1538.264182615933,8262.266266980321,1055.657650767537,80.11300774909574
6001.60551971708,6121.9401352737605,742.0076434599532,227.4630521758062
7711.7744372858115,3159.877610176576,1306.3679772374044,62.97571223145485
6307.4458206100535,3059.957900381749,765.8869873581057,226.49663245794565
6578.272727923939,2373.8031956015548,295.52887773514556,84.82010179294942
4778.834720032073,4363.344597114137,771.5430462628188,86.83740585149535
3716.897689596747,2372.9429451312058,1016.3765667199418,306.43734818977606
2722.6916448834954,6826.258136067821,1134.2596368646489,97.78074297346633
3749.1171835748637,6573.702574781788,611.8856591335003,32.09056970234998
5748.852953824465,9525.990231607639,1007.4731887063813,24.705173933806652
7807.093028233133,2352.397045186299,665.8379568926798,215.3096145221971
4783.28207662412,7309.422650553524,38.404762499426184,138.51329939907782
8462.410218618323,4663.012470305874,552.3330032168026,259.68199805030355
4635.873503094814,4106.860387798277,359.5635417858298,192.8299218367824
7649.927480166256,4521.895735437987,1040.5085398931221,33.871506516163834
5583.698822668712,2515.942403802861,785.8837394259765,125.99198005745009
6382.833496703588,1299.344179375954,1171.2824011583862,110.72442103507443
9023.094868823635,2960.7968205229467,1277.5463602449904,283.2737905401379
6983.429368565069,5254.387815391207,1412.2730678656312,133.480547772352
7955.314320115374,6673.0032275147705,646.5255387700458,179.46411060248298
5466.181798348437,3335.192047342355,952.8480048067042,272.98215774984334
3059.3359004879217,5402.640223081017,754.2295551617962,22.350593136150724
7525.651548387199,2776.8143190828355,932.7802081856765,210.69384482977057
5703.224448627261,5228.752370809708,38.233106714884485,146.2420255964316
2417.0174429226245,7464.134869201191,956.3922174678772,357.8337314147595
5299.65977035584,1123.1009002534538,317.0141741808017,165.07776937140534
7536.534200070702,9819.238900831726,1166.069174523574,99.92470800111666
5256.584065126725,8519.30581392656,245.5268566103257,82.61398477836308
7763.329329413552,5953.579674577421,1427.84435021641,321.13439831327804
2104.5632725959376,1835.643359752475,466.6710293043252,15.807806527802722
5404.313175364098,9279.079764568887,820.8250980880214,94.69150500622486
9996.871751846782,1994.7775142372257,117.22294730042456,323.997910944452
6821.602384246809,6742.228830081597,1285.0952700998735,124.20192654914143
8086.377471170505,1571.1413976748402,259.46026556557126,242.36419505461896
1494.4934426290752,7968.201106272526,1125.4062271487057,179.84307301400986
1585.2217941005863,7437.829105839293,1095.8216595000047,56.20114453535395
8945.925604832513,8850.045588903311,841.9781887262703,352.77497670393404
6095.792700978236,1158.2636259150095,1348.2771179292392,143.48106221056682
7340.925571749544,6233.300183668337,1275.8279918597839,318.25532733378174
7890.005640526047,8975.573827947721,879.3474970354534,207.19579941719562
5631.840840425902,1239.1433064124403,460.13118298828704,196.3629812196479
6253.035689430919,4118.225659412075,486.58767115820655,6.350617294508298
8640.078989304373,7440.996061601077,1443.7009859401169,250.7089783833703
9649.729403693818,2124.6581552615903,1337.961543870267,32.913300194649025
6656.094199165537,4714.9111802110165,1490.8003543261168,47.63203970549255
3075.04898732202,7778.505936776038,802.0818432320909,148.85316203580135
7180.239214863066,4775.513574742019,860.5701665430905,67.18428059568905
5129.206087641529,6465.6011079234695,872.8453418172986,222.0653694406773
6753.478895499805,3955.367119574592,628.7648816628238,104.06862615741645
7496.530477626103,1358.0759298832397,1156.2869715575107,308.7010818775768
9292.532860581243,7366.9401874502955,716.4000407219934,25.916193470118653
1160.6522532787028,9587.283780950751,684.7003598232584,323.69621545214056
9220.74931180515,8390.792979484471,406.9229725242789,199.2243333375493
9777.32316550277,7437.254169254488,147.45774231950278,289.7460369173081
4838.865707703695,4748.334106042237,993.0458862163794,223.15741609796083
3806.820138025317,7150.303528524961,1235.3275740104427,240.30445813578584
3778.0938960684803,4065.7510202716794,826.7827991092354,5.294982651803367
1271.6140839286036,5489.033890458093,76.18378860420458,85.54844260724221
3505.0527482089797,6976.080002869023,1023.3021359607263,45.54993472022038
8904.095831957995,1891.5085997710426,1495.2020842056809,308.58891863312147
9722.194086004165,6163.436746286467,936.7203030125597,219.8426448524214
8907.14985408865,8479.937089893148,182.70208785774906,134.8851203338879
3975.7322751565507,2253.457149448713,119.85759595075069,94.24337953285543
7654.31354307584,4397.248861280782,1132.2752184381902,299.32304435481404
1549.1685759328084,6311.981825019308,1359.9086222542462,309.7925696139257
9047.886344282573,2638.856542983287,774.7641971259776,122.7680018304023
6606.302722252661,1566.1990198800343,1049.7521608292836,214.31916310679694
7405.872156362163,2067.6501725234134,1070.784711519669,175.70762835509984
4340.1950047958935,3737.6280510501338,762.0765668987334,263.3067738959767
7881.830874062662,4762.93645579734,35.410303276604644,196.6774305715212
3148.784902992165,9616.879597630728,1228.488104098929,357.21075258604327
1925.8562979581825,7649.43917863809,96.59931484156233,285.4653434239072
5628.959554769506,2752.7884923188,26.76057014980013,137.9325671904649
6572.601425672122,8601.659525088631,291.9195449198497,234.9299493848884
6597.04782503591,1984.104579773345,778.7870843560088,10.563018982457033
5858.9683235846815,7773.412115930931,987.193506825359,331.7865278291482
5850.056772208562,8525.672863591932,52.28630819338939,150.304212983158
3822.6656101989674,5429.4515605333645,1158.6808470347667,251.93406055058992
9464.435920907645,1152.0162563212468,1314.0621039516923,148.6558484936812
8546.282942827056,2107.570001786186,55.45496708137765,114.00137680541933
6764.152684370539,3068.585749764775,436.31114600804665,295.0917538420442
1131.721251303878,5180.310476853148,904.008874865108,23.858334849865972
5270.245856651976,6848.586974907286,859.0977718245173,87.73346590937443
5188.496356488447,7501.340890819358,1391.595951658906,196.68119962779724
3990.4550405044315,6711.005411010115,105.57145409714528,125.8934420967768
8668.61143091173,8165.279564007631,804.9147730991879,271.2402004176114
4374.677551015839,4288.304924560243,513.5696061212161,157.82876822368462
2978.265935120334,3785.2310213998917,119.49491208410095,43.80543072455758
5551.158068703981,5047.597687861813,281.81361037933095,68.2507527303587
5036.605167829688,3047.493392286195,404.65531300833237,57.23120953962405
9282.03726938066,8153.041947114275,1211.567781419376,81.30773249534734
6365.220696422654,5403.549485345016,770.9263723710488,197.04320078155425
7385.759046524382,4759.9367313778075,405.5709130514435,277.1692813623975
4016.2244886777275,9536.351657149375,1073.3983357654545,258.67582878702444
3104.758770303506,9083.433760372089,319.52703438295003,292.38544011411784
8341.6789246033,4394.4453897744515,918.3052194554623,345.92541508550954
1325.3220714029112,2482.8757807208567,1367.8901646758463,306.8082863713314
2646.256697072743,1152.5546047852893,363.5704190786415,256.8777937952129
5520.598340899075,2271.3952052302047,1481.2860389695268,76.59995993868019
6979.26666466235,4670.823873672251,180.92562329016081,173.05841838875824
3307.0394311755463,8395.194864399327,702.437957581847,142.34626769746336
9529.5277603152,2887.6552533493646,1168.5266702074075,61.27185517809421
2845.4423267637267,6073.65710370159,327.36729368825996,295.5745853254455
5725.476696304957,8029.140971567568,453.318839677515,67.25498152394626
3615.2206467514375,3414.0079911331354,324.36243112254226,13.113441379824273
2810.6450373165344,9621.53403755772,216.0672218493703,205.28198704868453
8940.578850576174,6141.2653864170115,1432.1447936353247,41.511789417441726
8353.432369260248,4651.794908425623,1265.996097700053,168.90322401721966
1991.12013406894,4620.293400203356,637.5023281514575,65.24033112980125
5905.058677678347,7929.863515247752,922.7889406930234,357.07811506591736
9147.797603071223,1353.2655957749291,1108.044330540068,172.44515448025476
2997.3165722277768,4605.635401655991,1188.5702603558439,13.882079432920928
5405.860673849972,1388.0042260498487,124.75639805938815,340.83470163327024
4713.214581545002,6802.038196236326,449.3063455254125,160.66222255197042
6535.568959437855,6437.106630276239,129.1914780329943,286.83987807897876
6508.585884772278,7948.57633916536,428.48328568386404,29.174939428501908
8303.144591678552,1317.1569556622412,319.52474830615387,258.5916842696825
3688.498076177123,8856.012851021242,1194.8644574612858,332.76205812990275
4663.542048863761,7579.153759279366,1081.0079851665232,77.73429380002663
5298.644882086857,7747.73052276664,41.514727210244615,329.5288088927183
7658.853322696701,5306.182689832805,160.3725088241053,151.0054288533743
6588.886404224054,4181.487346246155,383.51701868171904,159.48674050879237
3614.2418750216334,5016.957999603321,191.3261190086438,84.7006836226344
4518.398627941213,6369.046025489197,1186.1430333517585,2.242276156203786
3682.868022027744,8639.620112594908,50.5567360498297,331.1590948738225
2190.749011443871,5999.923442102768,855.2302326054165,39.738351186237814
1439.2408891239284,7504.48027933587,714.1331519108752,185.22009446396413
2576.929240556913,3523.704583284095,632.3799159689836,266.08224233443724
5164.19463052002,3009.8832125195586,689.8558786861491,338.026367961831
9676.537588362602,5441.678552474873,825.3249579049294,133.12603862003098
6427.284395308029,2564.933567681982,1043.3541980028288,7.954934886203754
7690.8505470612645,6691.08124615802,1428.0729701651264,159.7049257272683
7480.308000834151,9512.326717807806,145.55816392136535,300.03980744743785
9833.336687138924,6935.270563359281,807.59178438638,311.1356012860337
8123.089131768577,4898.240634713387,529.4662410124156,196.699369426791
9696.87417575776,5346.27611643773,883.9181015469557,340.2693349778827
9520.187975107025,7344.917575840525,389.14410825354315,201.6048898090705
2967.125700072282,9049.761087333816,332.57788167874133,335.3158119112167
1739.466773799405,8013.128798345711,1135.7619631015305,126.7479042684858
9030.421198463104,7889.976813870552,609.5329879520478,326.16244496299095
4217.243419354474,3619.077744526203,1185.065710197079,206.17467956723965
2665.4922851371857,5189.316019810589,189.30037932165672,327.1981410560944
6427.193214785727,9030.588563083296,18.577569388885284,284.6763885818221
3004.755148902527,3430.339263432194,971.5030040186537,270.2744909820557
5199.514036830147,3567.1570131848143,389.36013162215653,192.32722678480053
9531.424850588057,4697.890538037648,1273.5436718454046,199.6679342704329
2800.6848140625607,1995.0556227313696,645.3966126057899,118.53301980023164
3771.2527533166517,3552.885679274364,406.1912142776196,72.3848807610762
7095.236581460143,1149.1226716673639,1338.1162724582234,238.88366633698305
4440.485143327127,7591.436236770635,1295.6633064134082,30.061732073836612
3893.2050572184,4522.0805073546535,944.7096860793986,232.60976876763263
7384.414332279396,5184.982695815363,518.355207878782,51.20448216678297
3343.010554334758,4475.433632761169,479.2701472502549,57.254069682717855
2423.6517210693683,9939.140281913891,923.1916240945366,70.30585799876056
2103.2067039443373,3139.8385156014933,792.187617414151,219.53601565898003
7516.248740061523,5207.807569836176,1308.2529101457721,161.28334106641717
6673.778707736862,9120.821450933618,1053.2562154675634,339.73196075921004
7460.508188600112,7735.27794666506,516.8018751538149,331.79065575152816
8098.938675569638,2091.6270705507623,1.216084953248242,106.00186815491648
6133.9141669290975,4839.577479928934,997.7866258613809,345.0152559398248
7174.765542391661,1502.6923030995017,521.203831066977,153.77327379712574
5045.808362693828,9870.167424328827,1220.6752675541675,148.98393716871175
3022.7824950732925,4165.084253396759,1212.3146390004372,335.3249827559901
6465.077973586657,6155.432723385333,743.3608549978078,63.55227002236439
5024.326126725939,2652.002901501238,1457.7996087831057,188.4752087770242
9556.21501040356,7682.894699474195,1039.5040600334382,289.4337197875668
3446.391569417871,3844.3151978974943,1086.3736265701536,91.61720148824102
7529.123743968386,6641.067823257446,624.1118983045776,79.98603536913528
9344.50027923935,6665.882209057431,758.8846588105479,9.247462921779807
5153.9093759185935,3340.2771551726905,164.78677757327367,53.85975383454484
4291.2607330630435,1217.001612237725,772.7869470291971,22.522722614867696
4644.517459486299,2394.7739235170507,360.49721632173816,121.16999063916698
1277.074816307966,3745.3520492097955,120.55109566258083,90.00187737603034
5519.6254028689145,5235.620027075475,50.699669257314945,15.882264874913192
1927.500655910856,3399.504627961726,704.9600413137554,326.93959992456337
9461.065816442799,9285.623296628044,580.4761803901765,44.822347821885245
9396.763924238512,3267.132599146437,81.63114564362782,280.0650529158262
5102.691861978161,4132.372366708176,722.2472282061525,62.46362785818339
7750.455776130848,8474.958074201233,178.6511759204087,354.20322822201496
7616.217300292664,5531.736806063122,1293.1565067235917,262.85487783237494
4219.0611788626575,3350.286279528596,27.861017450849076,114.47692221563877
8997.471799569968,9204.948695606094,1014.9152073296348,88.18311542774715
4499.839572271621,7561.556665485811,1452.4555902685515,40.318029771586566
8248.07164979888,3034.7963152265243,340.47372027387365,355.82283055477745
1555.5892813493454,5702.025053503781,1251.4419612160154,104.94093299184833
2321.4164033207044,4238.951590911252,982.9340452853781,209.20429528427087
7331.054911432824,9856.491395994995,500.1033448657585,134.3466668371486
3763.55874348607,9720.344274822228,667.6346254438313,153.64949916036284
9901.621070217716,9320.763853474857,774.5545655797864,99.87968447368709
5948.836338915134,2376.4646814580233,100.36628690995022,232.57523439914857
2578.964254483293,6432.010481853737,1220.0451499692624,11.748531713700444
9579.744789819119,3804.545406164026,1041.386296249706,180.89123846548932
2571.2061391806938,8035.459189618321,966.7800079235433,247.18406486128848
1223.073986391315,7803.363870352667,1379.3260702372586,304.1364234356791
7967.684520466987,3049.856158055444,526.9864154985453,217.76202651518457
7781.964205519103,8523.010147141813,1419.6962190360875,136.0593161043312
6161.451641086906,3941.6603801354977,807.8889019797452,10.56250596184703
4021.9508942457655,8466.233574272761,434.8255305437247,147.9177693114162
4801.159958104446,8984.15377025339,1054.2027062707152,174.76131041501606
6000.458306240703,1648.7934138165178,1197.9458945943907,40.301415596781226
5723.048574813401,2888.971422382535,1006.5947414799613,58.83536677352777
3798.7831503863486,6594.333053395151,1164.337848579351,309.4030579744568
6555.003955852981,2202.830257191634,1041.5356585432482,11.53042164589091
4824.986187156699,3315.054938093923,193.54773328001386,120.98828002449936
3526.0752112078007,1315.0352741088113,953.1563169670799,270.3273893626304
4688.960135268071,9614.241375351423,58.97007202116686,162.71264816651234
6788.4401488751555,2969.688372570744,1277.5285907660268,273.325998869319
2256.1857234623285,5450.813427260697,1401.9658007309154,43.29825310078444
9550.732840158928,7953.65779342525,1004.1577047541249,290.6149501905906
6779.082198012963,7460.085121141673,369.52138103853997,11.618076202936347
6458.79703900179,2050.4716444607784,7.049374226735696,316.28514651614034
9908.311428590367,6394.843581747978,1486.6041519537225,166.01512940681943
7429.391861189133,6253.340364043471,415.74054184177464,321.30318423559055
1718.5498460689569,2485.91813299033,1174.5381794345226,155.96702474062448
5483.253555321752,5077.898208252672,611.1804697820484,238.00893773375245
8471.881170273486,9285.467586082035,244.02585368375858,235.8881921544109
1299.9784104171333,9948.516850291053,592.98343476955,100.48169389553895
6701.319783764981,9167.4963783608,1204.8722335558623,254.5982215347749
9534.405831364573,7072.428736493025,767.8921172372462,314.5818493566368
7789.504594127947,9327.32955905802,596.2465635860098,236.4525749065203
8849.426392827198,8198.298137250238,1180.93050764107,138.16607567142472
5342.967609030732,5562.351918736274,37.74733030454892,89.56682941240508
2977.3609811557144,7047.48405627849,1191.655082399504,106.17956015081408
4829.4136741242455,3720.1383868674347,231.83990017606612,106.37547748436351
2551.4405746838147,9484.722336382363,1429.632312337047,231.08804971685467
4688.368111906412,8019.570155919809,552.2162397760957,357.5995888432872
2853.0382345383614,9940.66639285094,532.6725853678734,156.8697776085716
2142.5852434724275,6107.410834277967,1311.1364588296583,350.0550610613127
7863.718755825874,7764.287642172691,164.89296859169136,357.7904429651164
4141.601515799353,6039.5602629787245,1028.0053571938704,170.32248500630402
4716.363480140508,1697.037560626698,721.0753282962669,270.3861946501493
7231.833678761871,8646.381171644498,744.200054506934,23.873165228679326
2404.6889143448184,9698.433483660345,390.0858350600936,129.2297914759151
2596.475594212121,2805.494101268666,1179.3975088755187,4.308066721050928
7129.166501729101,8182.128653434846,71.8792003650285,72.52694025012633
9832.577813274042,3521.768530581225,729.0373021868021,19.39394788274721
7645.232107163215,3684.779643259806,1186.9723706557866,85.70802424175768
2065.604117948111,8567.237396639543,1088.050209968703,79.52083703826231
6097.8290639035595,2720.449753869323,730.0322150682265,125.2857049433159
1242.9831398437009,5542.735960959449,268.3423402531163,75.32564006088121
2934.988547626928,9068.037190770057,109.79461678836067,248.7586168002966
3143.547308150053,9852.775237188931,1321.1461070996431,292.2536879539835
5610.736730341431,2079.329145004185,340.09517299537725,160.6989233380636
2509.5849899997106,6022.22847422202,1350.6375235917649,342.87804867541007
1779.5804714859428,5573.242071037966,649.6362395298875,7.30612614395629
3111.7581256310277,7610.522142351363,1102.7701764316366,53.98258188065412
6557.08288132689,2813.9997426703057,546.5972531932972,105.0881987009832
5473.130413975669,4734.8232211887835,114.67481643843328,32.05150042976662
6247.049363091913,7682.513122329954,528.8638714451428,67.39851776691926
4627.559756447359,9881.855728727369,1038.6341768097595,228.56319235812953
3640.452796227934,1533.294122633543,1320.829463066206,14.154017139341175
6282.48124480233,9506.035636391074,863.5419173883001,161.45931400555023
4420.9797792557165,6013.43993451383,402.9899205905271,112.71727206724844
2601.9851274451416,2802.7404190429374,1170.5838516921071,324.6551492838424
8897.901298218832,8798.619083713798,1153.449208590707,42.18568189946861
8863.331658348037,1191.936201407037,1380.28661318609,176.9516093626151
7714.952964105515,9502.21855180511,1006.2930602908161,237.27041529453913
7838.954060203033,1236.7542988377998,1020.6237729788148,175.80825978866895
9944.833414676143,1943.9171797283448,364.7344030106891,167.83596218647617
1607.5436714548011,2266.96836310276,1008.5791997292085,203.31913302985666
6757.605955889092,5682.1108517070015,775.2215944935474,218.36740040562822
7777.932584476943,6036.221389057595,50.02102573408212,325.4826959483512
6495.4253987825205,2864.7148890416133,893.4187710217155,275.2686929989166
5141.349025597778,6791.5273480152855,774.3780539106339,298.1779503500039
3107.598485651779,5667.178534212124,592.369377499989,202.40042056620783
9780.294808809655,3609.7871436593764,152.49534359237637,19.373222876423846
3172.966387080868,8625.902306269116,1436.8494752184401,1.5094390495675771
4502.762010158613,9888.519562613868,455.99974666925254,92.02529765400757
9202.481324027249,5705.430573709984,287.3072164553074,93.8667998807882
8371.318635578677,1966.020882896537,587.0469516015661,324.4138429162792
8702.94364812416,7867.774282300092,630.6125575626914,204.83736973303732
8780.610439665881,3581.219678028753,215.82108276144828,279.81753137787325
6654.4896687109185,1210.4597757179167,846.6835270449037,273.2159176362336
4980.3280470327645,3539.3858018580745,714.1646969604153,30.52725663864771
6736.308450115383,8194.310357498107,363.0753544625932,278.12034565555007
9168.217264270397,4352.852866588147,533.9026079796874,353.011332158134
2028.2091483704326,5114.32031301127,532.0359675406371,31.643537226312812
8712.115301607042,3267.595769843333,1307.0390287305963,240.23093312418254
4677.681935181663,6774.974925927457,820.5298832485042,75.16670722697869
8515.068629677491,9102.82117978451,379.2489378908828,64.1361495165335
9936.49817063761,4002.1938973793094,260.72689375782807,326.7692964419176
8207.676367240063,4195.31233563427,495.6332619023596,210.8188570235365
8465.691845738114,9327.172126224104,1024.42893017588,152.88490938367573
4850.753805151571,1704.578465616978,508.6931311729373,183.7452600805214
8093.138959085541,1960.3181911282095,1133.5614278810174,252.3624110147656
3835.147865539769,1906.283080601931,842.8584730087184,96.25635212419454
3907.5767325928223,8985.322354166547,660.1642809864509,183.31756110223034
9389.890757870095,6863.047810203312,1154.930437776626,201.86618421699708
6909.962738101678,2023.6526019993698,933.3500582669327,126.9519379715391
3051.0132468597867,4359.316019290278,1144.444512262989,157.38573021094285
4579.70296901244,2100.1214532422678,1134.7682100270124,265.2297112339459
4335.052216950977,8055.069037311189,1463.914557337678,99.54880619448573
8101.93835063545,2886.8159557132685,1156.0525913915526,326.2504838533157
7697.278440410518,1497.2618190381077,443.7667859124713,47.721811190985164
4196.350395056901,3489.61547342454,209.60230404915552,304.3023065833224
9125.280625070089,1944.0134375944644,548.8862684273482,242.21976679696505
5788.8019104590785,6834.709313577506,1422.4253436499089,358.25988683155146
7039.148375502968,7025.514258836237,326.4267615799652,112.465432329449
1747.2106081935508,2236.5548730747696,168.4819149475115,329.24166541385523
1295.989621435823,9286.898003844572,1436.1558489271672,240.60005350267147
5893.645541983225,4023.113020085651,1185.6324386661158,15.71636485648993
9238.718092166953,7357.003979288168,334.6074333864792,87.77759774699403
3593.3029449557175,5144.17207495766,589.868311964611,346.06540262021474
4805.35895113335,2763.7924021300278,1272.1058705195744,337.47653078986764
7279.537709047756,4562.63563277103,130.20185484463582,338.9239229378821
9792.652094644225,2269.478691260868,766.5249924976816,81.12190144901054
6790.906507492734,3245.5987911157076,667.8240302861997,109.84837278467727
2645.6578616498346,7576.985494811689,1276.635503490948,63.420611955649214
3668.1804846216587,8489.717356285611,56.853208994595015,108.08723042841778
6852.6561665284,8869.588673322363,1490.3228806065065,335.3944332833589
5927.550896199665,5359.843189435861,437.84633025606854,59.33081436009534
5105.763530266791,2225.6446796759014,748.7143989371906,143.36009161963472
7843.624275242038,3824.8095690884475,379.8607178192049,130.87705440388422
1881.6957713676031,9110.750122480818,1262.0064302971246,164.3280348952604
3728.1066706625697,6954.984148301813,892.3980638984067,236.2899052675957
6161.516488857422,9633.04833441204,562.2196380629589,93.98730911624918
4295.236589545941,9557.068362238375,1437.837774673191,67.40594259368693
4669.82495326331,2000.3904407177324,663.6170678272383,77.13103001911627
7695.014512426325,1165.7189600553195,556.6043097544309,309.6829029984766
7869.090611622118,7579.861906447173,1492.7060107996867,177.23664097167813
3802.2369818363945,7597.650829859394,1488.3516328660635,221.68384093065336
9392.532383456688,8129.904522110336,837.1100406971666,313.45814561986856
6264.620538687015,7424.674576604523,730.7665094629914,158.18340609441773
3523.7909312649326,6277.468117478017,1038.208189954197,258.73459462276253
9389.879266745924,7911.898372091913,863.9585050112829,23.171731515385442
4080.9329945720942,8670.88718599878,1230.5234846997498,220.7439527383408
6124.394394619618,1318.7181520102736,132.2226827874801,325.7794579772924
6126.072900439175,6143.513924830407,487.77016383678273,82.9156575717625
8132.296216917145,3420.7985243340954,123.49783905245066,33.828028493132734
2827.694892828433,8329.583828509018,1498.490030575179,137.27100509020795
2033.3178372913235,3106.8393089577257,107.08333992762094,321.2971774525801
4265.746436060685,2018.1165345369404,196.6329740911178,131.09364343165717
4786.663470348694,8233.550247649644,1321.1520673426407,284.3250725281461
4314.878890790082,8454.976586815235,253.5447491801726,203.11950852709396
6751.858528966525,6379.014936203218,816.3268908132409,193.167842933604
7843.932916513488,7371.821742798828,99.12885395074974,207.92093488434008
9388.613538476135,2117.3244739660477,146.36390570998574,45.70215534882726
8538.91966297496,8988.26502938782,1469.843049212651,125.92975216131099
7670.677475034395,6393.977161780341,929.3184150833763,36.69111829289216
3989.750251107833,1344.3324099437089,684.1254062149703,32.51574423164188
5292.0139264120935,2212.798631235582,731.6697934405383,130.150129619207
5042.1086677981675,2071.643115392174,927.9429827282977,147.08264944891565
4782.040298867796,5089.943082336276,362.5124428401765,343.1444610591503
5928.611771611718,3310.548272493022,864.7493124993139,146.8511586698837
5826.284103225878,9534.220380270217,665.2381806875825,60.76219218692013
5988.575383729737,7272.58778630409,1245.380912147278,324.43860763460253
6862.236256093641,6664.3560868998,658.2223902642335,31.13211014391815
4895.1812161596135,9519.467585499806,823.5065230388905,54.52997139668109
9177.190508487643,9229.90640602573,437.1713054325254,73.98605916870595
5770.637491935105,7133.139334996392,466.67221789573233,257.1541327082261
3362.12459498509,1373.2493657108796,1056.0761070326082,123.86955911929981
6039.794238698768,3465.8026126838768,352.83323536357676,127.28419033317029
5473.189661217555,7409.5336293307855,732.4771097877883,71.80993721010401
2369.461647599359,5310.7668830204475,619.5732089077729,47.50190553975007
6912.473601899534,7859.301748068856,69.87980870902835,246.9987133933504
6928.102484521558,2706.484224042465,372.80324152209965,136.54179260713147
6079.544076270621,8330.0899914466,499.722598814897,78.0517005838717
9932.152368605051,5343.034296744486,264.4668067178407,179.6087925369568
5297.423851640989,7073.823821711441,440.25707754379,343.9508366570263
3506.3210498367785,1634.096738526106,625.6011816852173,198.3906329318818
2678.1299646617886,9276.955323583888,519.7770422094889,256.59252077090207
1125.8635768759705,5260.879986758583,1381.3882266274666,321.33337123787703
9873.55270253749,1417.4620223850116,1376.3087987152137,225.06229181110717
5821.372095023979,8975.267297555092,1396.0128674536813,254.8723250874264
6452.669766708438,3068.116705825266,1457.7195906286179,208.4312816820947
1582.9796356673244,5598.086132184398,602.5821303891455,136.45830233455243
1287.248447060499,3428.9898338018484,1362.8471177780566,172.4874486462665
4974.5331480885325,7620.681460137902,630.7218652182925,43.03821873596228
9540.528916074141,5329.311776349365,985.094134107289,306.8217344198066
7229.0903146328255,7729.470953348285,1232.2560914837215,99.32623528754483
6071.827436582918,8163.548475403461,901.3443440901648,151.54255692397487
9298.443690182148,9952.322731816761,1156.2733408610388,83.76210063601971
4187.960927710281,9413.296027919097,848.1530837454003,319.94904300686756
3315.470385078554,2428.166188085089,843.9693476780755,252.67127316940264
1110.4070710595463,1387.0240290493705,644.0984417745508,74.91836376100122
6084.622612424558,2776.4072852713252,1407.9951419882875,177.83962817779098
5627.142461455855,5130.867327300425,788.3705572886371,88.47577774809434
5982.464576941055,1468.9374398710963,722.0536779654748,207.6367431929895
7524.809749082952,2356.011868965198,1045.8533582543007,48.33734245420031
3280.9113765710304,6514.0283988392775,1481.5367061139402,238.87679497937128
5084.275993463172,3458.4855354031492,1234.1662305441555,276.99349394970454
4134.079121209945,6378.448747775089,270.48466500298906,31.250641522741695
5990.843955196902,4397.4156131588925,574.1452046289388,215.90753534376412
3204.9721208234437,4175.9567619173085,1458.6982153566155,259.8443301260128
7128.972772197843,4347.4015210872385,1451.1554160696646,31.6244321047009
3775.3436128087756,4604.356163217565,508.69643451990834,37.41298751526972
9683.36273176672,9509.06219763599,223.88867816478844,221.59695410828914
4017.586875033098,9946.519513511454,944.3612155938891,306.5444867149384
9295.021490317558,5510.180239715225,532.0598378186323,110.41855457495272
7335.334375347581,4358.4525311903135,163.567970244856,261.70670002253166
3711.367785973737,6033.9154894308485,654.0520329022503,116.40036525463154
1642.5020843773907,2576.1875944405106,751.8225614298622,229.41491649933633
3783.913295496931,2156.090851661522,238.50870219086528,203.57787597068014
3412.1452165339415,5993.049773166569,886.873588481916,71.28906165798966
3789.9009121448516,2926.172941784426,715.6118245362421,228.02202391378847
9969.96624183972,3781.3782143900507,95.16160573842026,334.8178181853555
2262.7796927065474,1246.771354294693,780.800288449533,174.4173067002359
5601.332481610196,4739.745962856194,1286.32846450512,229.04339876700195
6380.839012137546,7540.625093882186,1138.5304602643043,358.8000718863503
9281.490331878376,7475.471075147861,711.2302400591822,129.04208312046043
7906.558497189675,6116.022491028386,336.69193291470555,258.28238746961915
3047.7089438854287,2980.419204017987,90.45777431357386,299.9751726563176
5012.975794360569,5070.751888557105,213.5925472296944,106.29673153376007
1856.6514268002093,4294.462852170909,8.430342758149695,77.04802450038186
7450.699459978507,8492.467354966862,1453.2611503976116,303.63168118018666
7223.702666849975,7239.953863424656,910.769467806245,346.5405578914232
4704.56547321341,4252.243679883255,274.560052145486,49.21450589775142
9746.086978199339,1699.9558997955971,1403.2977793656107,206.08598107774856
3861.7519573787354,7009.626549827763,15.289358661619454,58.949445305926055
9088.878661237248,1589.957999084778,1024.1203386433137,191.07967574519245
2572.2593758431985,7225.468620558375,888.7662641861821,325.44298090094503
2528.514575948466,6446.752172873529,317.49183789023493,56.600001643804326
7640.079862929449,2953.464760851115,382.40350244541094,37.62780016527272
8854.374181269617,5020.020197857258,100.19131604729347,45.33187673690981
6696.249589856106,8042.536205750432,680.0144390734301,69.10538981525384
5952.586872524626,3132.566052978028,196.96510246798826,302.8105108154932
4319.766491615124,9192.907300510775,537.6115560137376,114.002392079926
4171.324037475962,6160.0791774894915,1163.2304183763833,10.89212117374128
9415.99160439124,3915.3503434212166,805.777752167428,218.20255253956665
8811.716353188125,8762.693008339535,1090.013356172371,38.82898590770024
2922.3367175568774,2147.1722800806015,1248.0447774373029,4.880118952915963
1534.582287341216,7090.103824320359,1283.2747455470385,232.16689940355042
1897.1764878705399,8778.413460274642,994.3017006749383,135.50756135026916
2900.6763988580647,2201.4591270703004,889.968691822438,2.55008863055222
7302.8302792352715,8576.216548630358,521.3471727387927,85.8125205053106
2777.668553140108,8343.02786087467,537.3291828243707,356.97600432831393
4006.9393284479934,3658.395376256638,1073.8678819952434,356.9562008428903
3380.1694122872605,3356.337748627037,1284.8233061303094,53.90011272412267
9167.555246735354,1397.9334642757603,1490.2930989239908,189.35424304128125
1730.986244194266,5556.277669966948,996.2047797551218,18.645251520537997
6145.020105798717,9292.703353897494,681.1463548721794,43.568724538075855
1600.781496486312,8789.583589635728,293.46025776966866,313.20647543646396
4243.26847454457,8793.315827299886,521.6705106558193,68.32543451922429
3825.746644627681,2550.90820388455,649.945798858351,61.65026968583315
4031.224362007571,2029.060314129985,1219.0191996803803,319.15810593652526
9919.006173499432,8914.101649032411,813.482710664755,300.7186425867422
9442.466250312642,9751.045731879645,87.65388385853323,294.6406328403936
9642.333137579075,4318.625330056362,411.4539181736244,292.21889804091813
6822.4937495245085,8843.916259097077,1277.7803798816437,83.49821030757161
4231.0903663554,4067.0702332964183,1357.616162990277,146.96959486400007
4120.12945788945,9969.663041185191,645.9102921608597,207.8435639464113
1760.0371109985747,2618.39050381573,1043.8882834297483,105.88126992965877
5740.235354545201,9701.211002062673,1173.0613355754258,304.90331031083855
2444.465069145259,3364.0358443028376,761.5178179671068,344.95957591797037
9629.424528310617,7802.785511342229,988.0988436445115,358.1590227789771
9205.106627640698,7486.376480639695,18.314674885545987,52.57078612023029
1444.9663318413463,8522.541328157346,484.2515917931424,69.80816052220881
9992.145471373398,5421.93367286524,1412.0244905150726,176.42374855844486
4995.565035240465,1238.8861245577223,375.8167951271386,340.00153191076896
7115.557653875189,2187.3089626021087,365.0818630497811,240.87484405040465
1212.7493268050478,5475.682289594353,507.4334419298184,49.695521456264444
3377.8847751450207,5829.126435292059,1173.1025192027353,5.546184475734722
9092.215949941568,9438.555948986173,290.49105380930604,114.58172186993608
9700.546607860735,3069.771592331874,782.719154240598,357.06839029837687
5626.470429279509,6301.914093545673,69.32923196777841,70.39216830713515
9494.369499210681,9527.489434755107,1360.6432025592223,66.77823001309898
3905.1164491010113,5630.409807704714,150.30706679419416,226.82839591027246
7335.740916003275,7840.6792191660015,1006.6296396514674,10.901311702295935
7830.959045980179,9805.502613813562,1.3637029192582948,244.12442347199305
3472.2611864865894,4346.325512181091,784.2268986193518,156.88563733808525
4345.256597603882,7294.767417712379,1027.220797429354,302.3750020375773
3694.7817596639698,1121.080520482266,704.3700515952804,184.4759776972305
4219.769857041036,2428.1252351380576,1245.2282550091643,337.5693734967868
3134.5077115410504,3146.3858601149173,792.4977280216347,119.4202351206243
9124.985851492931,7321.66558594168,814.9162758487222,172.62620329326688
2187.410758882247,8589.814012353123,364.9616640691208,15.184436474084562
1298.1586260500783,4255.585817641162,282.6356660827456,231.5792433316943
9789.178029265351,9149.644928488524,163.45685952745976,181.08932928307746
1639.4505562076592,7199.980429423,585.1538028006102,216.3232412205217
1883.6324477578125,6360.888744284503,303.3338175959098,233.07967495207606
9465.846139344314,8558.081389093953,692.2302541879354,207.02888919085242
6227.860105837263,6957.970964556467,151.85955238077366,168.65809561700084
7713.706393272588,8684.394888579609,1361.9853213077681,28.39069719156151
6507.932397084344,2297.9161346541223,1447.5054389351617,181.3285561877572
7973.673144172147,1960.2568822473138,463.1277168230561,5.350268500494169
5653.041363326202,3592.5144538097693,641.1803884186039,265.1952241906781
1873.6871993824807,1876.9009361641718,1169.0923507781445,100.38044965780709
9670.456061347226,5106.875104505507,151.02297235254443,3.6191783348217816
3218.8736938693605,4827.783703786268,220.94568490812193,349.8880112295782
7346.191748076388,6629.942899347799,588.4754805668327,298.71983378094814
5504.513228816522,7024.120542467803,847.8363052280242,135.23269837139839
3002.9735095980577,9876.492764857052,164.91862010970158,196.82082764731612
4251.136288602887,4649.964164246594,631.5746295318322,23.363338624322434
1761.007842862864,5128.853354114506,769.1823606362784,57.09698976108513
7352.148314489359,8380.406678005242,1274.8728745726248,280.2372719867698
3939.750606793557,9712.654403418637,41.114043708213856,199.97838632068246
1853.2299598166715,4981.792345114661,1114.5292249904535,51.29786255842073
2932.0721510925823,6120.481786889153,290.8561827500615,355.6187631847377
7418.98085397027,4509.332589553295,357.038106574978,257.48424928709136
5524.867076063854,2913.0708739700476,1274.1748344111925,272.47724958216423
6514.9604760525335,5465.92300749576,505.05720513960915,129.9870374428498
5574.709836992062,8555.600381631933,364.5309897110479,31.76301568330408
8137.140265053994,2695.4595539105935,728.6892853461025,170.4127298003012
7896.905620978584,2019.7118985453058,625.6580782778185,227.28307022561444
7257.718773354247,1690.1495578798301,1388.8431927935706,129.01758930039924
4234.000328021006,3674.4019098862955,1125.798434159762,297.0109383653875
1307.4498357329865,2532.5643304887662,767.3206170745043,331.8671151252643
3145.594426020577,5586.567645848771,674.8242309378022,127.68926294784269
5145.641250032699,7620.422610574852,1152.3720538769778,47.3748174042976
7230.56193414964,7622.957484530967,625.213639504986,20.48001139269425
3185.759893503287,9290.298776203806,1131.4290403761006,66.24126189745235
1661.4875662325442,3039.8597758756187,803.6294070018057,315.16095170114664
3566.855690106712,2658.688998044572,830.2525341098383,218.368252257016
9155.813005202494,2499.6601580724,504.82105018517103,75.57398237369063
7909.849380986746,9276.178289115975,151.72198045749585,346.96960958771996
5866.113292708619,2299.652922967168,810.3980672269336,345.348472645217
6023.531000917116,3675.508129374787,877.7161496672286,353.9449991863591
1497.0186609628097,3774.071718832551,185.74178068207544,225.5183697092644
1969.2150161476916,2579.258508308554,1443.0680712995165,166.4968491312781
3198.8798715787366,1427.2088496707393,40.28192688456346,265.21071301428765
1637.047015936652,7889.771606175952,429.536865832238,155.0022730617579
7492.898349109439,4464.011759991436,553.4325127766384,24.32792619522988
9177.353709067702,8963.032419531628,1330.802913415869,230.310803979102
1387.9907263459386,7755.693101887084,1491.3286996952586,291.90074682698486
6943.639140832761,3985.230317035981,1239.36031999131,137.80155324359836
8535.796375856899,5054.753213453717,1059.3679300003048,192.9848636663111
3635.9556619197233,9558.056644964954,447.5733109902252,162.71572995409977
7611.676097896771,6700.872391520887,669.7600899178691,58.74744626044842
4704.121964363647,5986.6113060298085,1498.5379531782112,88.49086096746143
6455.061010593013,5417.61183866359,1054.2855093348198,95.05877260781766
1766.692363639666,5957.624851924621,48.71737637087433,1.1702354521423495
4973.762198511249,2045.6403611945743,785.7113535631555,17.55503478243481
4156.0062253863725,6951.174178556204,268.49900746267343,343.2010118261639
6640.654119916829,1385.844186582434,1090.9815106585786,119.41473069777184
4614.710163602967,5291.76550911999,11.978351019009825,68.19081858223117
8578.841687192577,4092.1727281796966,1257.4485493931236,184.04852214606953
5763.961026460641,5239.764299786792,523.5902498950511,236.25975161400513
2522.5738048269923,4105.938876476245,933.7386836724769,22.3718389671863
8173.37437560493,4458.028788806292,686.8691017291695,297.73195208260483
8159.0016960817675,3635.1271427797396,1074.0081976157735,176.55549694539263
5673.182027833625,8843.288972149647,885.5321982544357,272.1808153201521
6924.3180286716415,5037.997140473484,1286.8055156574808,155.45021451746317
9474.48990188689,1991.455581826996,968.748281663908,340.80636162185976
8164.492206843854,3008.666050980988,1351.0249218170363,69.0205617147426
7243.71894783206,8597.705438455609,786.5272904583104,243.1508682846897
8412.173938160628,8656.833207649277,1302.8866384135433,52.83361637502597
5994.3081249860015,5869.741037700762,197.5950339053492,303.42932753162967
4360.35737773509,6366.034774117678,158.86402090968386,169.48577582205527
7745.874922254093,8765.454237230682,1395.9542438382466,15.892574726779955
4139.251156255759,4783.778153810983,589.4344874505904,161.06705237103728
9975.204161731583,9257.665954148219,467.2234985577712,316.6032537704284
2344.3413412387167,9747.929696877663,1468.996022842071,228.99573256105523
7582.549939726513,8436.581910803574,421.4122246026987,119.41470158098899
4282.244712140764,8461.196539237024,1021.8705133613275,24.413740249040632
3406.3205025692414,9128.09039574166,749.7254203753306,85.83584263955396
9300.883313463435,8277.169567169276,1333.497083026386,63.15483382100668
3316.2909490271745,6361.347257326623,318.79509253344224,11.055561303479651
4460.397865484247,2564.511246746538,1482.6123078144537,162.4414433919045
7858.503068441431,8871.421489631746,1246.2773031358417,79.44490267973877
1483.471243869334,3690.5082376132377,809.1846709629151,238.7625870774811
7287.468149671091,7715.436403137061,835.4320760959578,75.25387488758761
7915.899180883343,6937.269989666537,1031.166077182966,84.0681311329068
7891.639785625798,1830.8204444400872,1160.9193731025016,234.1684629642437
6074.003145461139,3639.9961858297725,1490.5780381420557,319.2192857133096
8330.90630575635,8386.896595023793,1409.9703352180197,283.81694369704405
7082.462455766104,5630.295159152731,1118.7972345327264,197.91510592672353
4351.125185721634,1510.9957741319001,396.5740077335811,240.1392653585929
8063.101304721808,5254.538912375503,1409.5180412777843,206.49760257664315
5215.3213864964555,2378.4918424014995,35.87613695230077,225.32609790984864
6354.66620494468,6583.520496716709,1172.2253858618562,120.0772526593967
3810.2427542510623,7651.49812710375,334.76060073671925,100.24852233336516
1541.285579356143,8533.77991907929,1162.4062316687646,75.17453699666083
7963.012187786426,7256.6026895325385,1004.1677750698071,287.42069958370126
4024.677514294364,2456.949131936017,371.4847843684093,328.6405193038871
4539.082811644203,2915.668678168678,242.37542231814527,330.7297717903341
1457.4658842731797,6519.107149390293,1229.111957265289,271.61341313114724
7106.449560272912,5906.193176024043,474.53859991560057,305.7606760977965
4559.022535743919,7476.814047145736,967.6524188104082,330.9035827262261
6665.751598779018,2591.9070896630556,356.9493572034715,271.05317500019163
3973.5364644981264,6243.182123497076,806.6807436026669,92.80757820623208
2343.7150553253177,8973.60540806324,1020.3430434121949,255.72287811395597
3334.1849742394506,3596.257660812785,120.0747390214166,215.61751014338094
5280.5502645236975,6233.372704180265,1452.9493024594208,29.076037651189793
5408.837346383906,3635.3036947886667,1137.6592610571975,258.8139122209906
1448.0327571904359,5354.918862672026,102.50314354640992,102.13506637349138
6124.900800392304,7465.545539807936,163.8670802462507,251.72137111525416
7717.533422992636,8275.018229657357,293.26183854212786,284.18236378993
8873.291518979297,2771.5146964178,1392.2284927354335,333.61239727731373
9091.716031717016,5784.202314241933,1363.9986911356086,24.48308721503196
9761.292213419061,5796.098898427451,27.50691237066745,355.70087293295114
6150.816318440061,3650.7303520313058,252.26978099484745,226.918929180261
8960.607361065062,2023.537472529748,429.6344792685153,311.5470312339122
2545.9202392399657,1734.613846853986,522.4289528618276,288.666685382609
7781.951831957994,9256.17323260605,246.15363495596097,141.44167897783134
6091.99175676759,5987.887809887001,841.6470200389243,208.72396748282497
3192.859631554935,4188.570825870226,23.669680245270854,299.4887846269468
3540.737182686079,6248.773308539954,732.2958964179966,249.21582543250958
6894.512323111312,1473.5018271389386,1260.4294407952345,268.79585688488504
6407.988885579467,2660.7114178093398,1440.188297505547,113.26453562871133
4677.0532234976,8003.205617274597,620.7752881821297,332.6849696163656
2621.101115575775,8131.472250135303,290.9764461150643,188.73664837333268
8096.063823945733,6201.896276686735,1353.6715325312919,321.7957265662829
4348.0671831481595,8189.814088301811,1333.2705331603124,328.7160790000355
7194.540256454346,3757.2525150134124,266.40129007576553,164.00243797797876
7274.146185187654,4243.600092092436,585.6392283437851,164.8663063362001
2473.3378723545075,5051.7676365559855,919.8864686889966,350.3189566617686
5041.108557717473,1932.391760505233,537.9126917992924,148.97189586391556
7682.096761167343,8570.251660201946,525.8420586397926,279.4763109973687
9554.66415128139,5543.5147258962,980.0032580210493,320.4133139780733
3271.4258016450945,3749.720038585169,821.3400339106338,248.17368502946104
9411.046807832605,7986.35807549768,1150.421683076116,61.74923765671408
4305.940954258725,5264.026953692695,352.73359276824436,154.63105725829791
6678.9630927722,4014.4855865376117,738.2020043858852,6.9188572596577504
2823.6684674767744,1492.9712402553284,416.66471399175924,166.56434535316552
4395.84612671395,6907.559021131408,1010.1132778644588,249.6346538126199
8219.281763990457,1272.7470510284954,446.8019399037212,26.575347337792554
3205.389069536856,7039.313014586346,516.0726513577173,293.2838402607768
8901.036665425927,7861.866306045279,99.33080236713329,50.44111083280275
7205.355390666777,5938.106327916369,814.5454456595013,82.46338367422341
7496.353549585649,8278.082418220245,1178.0696824675779,36.42066543357625
6923.254942245132,7451.747092040184,748.3766876141742,119.98853403191136
9047.096625281907,8490.626940089798,924.8778250430828,20.88273346720939
7101.977802601747,3633.840673578545,1444.673249462319,134.48308286684104
1615.3968046308978,3585.276053184258,1113.5972899894143,239.40659653814387
3624.858235955976,2864.0740298627625,945.0038302856672,36.10521230612671
1497.46149565518,4352.744844130093,1380.9454637382223,233.95180805139722
5424.305024130119,5471.746451347163,1149.6997936669818,52.77875348086375
4680.3600865920525,8722.004874266633,279.91782387386786,21.382773607600402
5287.420357666278,2149.439112106118,67.51600616422961,233.98239515737887
3593.470583319007,5266.090389047159,683.7219382226455,5.962157110684441
6422.063218073079,1902.0585284883623,597.1362188352465,42.17814979183907
7380.316058501084,5182.339450451281,878.4693408689135,92.32407436951058
6888.072776367382,8376.572948548757,1084.0917183451184,55.76985070900892
7373.8479314767965,9638.817041532162,497.1152949161991,288.43872138707275
9827.921349840748,2116.2815993625654,1018.2825037440472,61.9760694897993
5236.983595561057,5445.165324137729,805.9122452766458,127.85409148468459
9531.254579756946,3885.5744324606558,1494.8803014552386,70.12405623570574
8909.920904990093,8311.471834562475,1187.7650244631538,359.9907889995246
8122.1476169523075,6097.959228512228,330.6663210718034,180.44881809373092
2024.7378661109624,3374.818299814381,406.199935309011,84.07967040087773
1189.7811880113566,6251.04462138366,316.81738068306225,5.168069476056161
3097.19916926334,9510.180766272331,1247.0069429073815,82.26004394613551
6071.376343817923,9509.626490886629,429.4242774374751,112.44529826856436
2560.0970113186086,3620.0326325487895,792.888272510365,344.2423696442539
1443.7506204944168,6586.0914918225035,594.1302362100581,238.96184913966874
4685.884422006693,5634.76697095152,1300.3139279561922,315.43886148578565
8307.144186773312,1599.3159234015586,190.45673138891817,179.96785354262352
8645.181042796456,4383.223882015386,203.90604735039858,142.2141933857975
6638.83076529312,4059.8162741166593,345.399797160926,151.71414419094717
5029.7072649666225,8688.773935580724,298.5212226264267,244.07119035442278
5445.248816189151,7581.122944959458,1023.6960489130879,83.67358903013992
9457.614370030331,4509.129702918361,3.521810037845615,258.60086439435776
1926.9256836395357,5009.25255446132,169.0551555053771,110.88362939758244
6230.105473396603,6935.9387520120235,1483.8772802389533,110.97426710611661
9451.387310996102,3437.4339197828563,636.4629829944009,188.63659082110362
3712.3798679138013,4353.071941539343,1034.5924491876879,176.1870974729887
6605.931361885425,1280.0863496954212,1212.1240143641785,35.18301795745035
3428.7224219927616,8715.630254823365,600.5856773901011,339.25547257606917
9359.246941111467,5210.737258504642,98.33867208986867,52.36380944338806
2573.7737864416904,7063.806517145019,196.32691835576247,189.94432690957282
5982.303664286229,7908.729279394266,1124.2433827260793,164.75283592941324
5867.539795630074,4259.1306659361635,1453.8898203418532,82.21902848468439
1740.8446846310744,1996.360356447414,615.8124296022125,228.193006696853
2733.0836725162,2455.8134678544784,54.76481887573077,221.27610624081805
9833.488488563731,4302.060459508504,379.8199743071224,298.3593900398636
5569.35857438917,5924.769430961901,1432.2799076136703,114.05362586243594
5212.245361467474,5216.240406826918,1471.7479190963124,228.15543408841793
5680.280014994696,1565.9845332857956,1272.8389214135518,254.0468451391625
1383.4748713004724,3205.56417565534,1429.299170285391,94.28710688352584
3508.4109453410324,4260.051610743871,1089.6236690098885,45.96976671978711
5810.414355480573,7630.517938241518,520.2704212780557,171.04815411058706
5309.383918528452,2610.270369928981,863.5222547418713,21.764065384162162
9262.067497894364,1668.4613272193194,486.929411396636,43.25184585950731
6302.5125391744195,7876.200724447318,901.439538042162,7.220620130086469
9834.994527912453,5550.710877215364,1486.9367736105899,125.11690779678808
3511.223543071436,2747.7725555162224,1453.824513690511,239.82431232155145
4531.573835816609,9020.36977178454,717.1756133314879,221.78801007182733
5153.268801201468,2955.82108502992,1466.950493345815,311.22699649223966
1149.8604193773087,6678.669324903826,1183.264727048893,193.07127590588053
7195.502891764664,1960.8243010842325,47.87550654466217,357.24111476911776
8115.0083050532385,4658.88905266405,363.254720916766,146.22534109101866
7814.830356708389,9982.10170900253,165.75407092989474,271.9352281149462
1718.755892279014,2254.94997276213,941.49960650678,344.4233452297029
1563.520072308207,9038.528126071375,977.2697460828275,183.79727380797578
4536.6909598612465,5091.69905887371,240.77121168649182,23.71250030277655
9589.946801572827,4053.375065823533,940.1274159067437,60.09763574254185
9045.841261891741,4051.5697900107084,1399.9803475229246,111.34092967409246
6198.608242044497,4342.433734130565,883.0165394041613,142.416943869694
3675.781920830097,4551.5502068293035,789.2399609705805,45.10094288621307
6763.252917211065,2313.8489422625476,1150.8014805993096,88.67123290142871
1455.426833201699,7979.450582074055,1139.9595886962968,170.31056231805258
7184.885480504656,1945.1252226585498,352.71580201211316,25.842645943633105
3551.2874170547184,9141.11933856603,1186.837017211868,210.11602526195392
8443.269514797492,9263.110184397792,129.426566817124,311.0813352132585
8330.948987768228,9312.879415112242,665.9211075194568,319.06071550946865
8604.163791363262,9058.20137304577,281.3072531552411,234.5686219834061
2774.2597449291798,5846.3477724724535,50.76518593989367,34.9162188640684
9838.078453147731,2011.51183724708,360.9861666852925,344.48448614209593
3517.158072176783,6915.323871148263,294.57010662358,285.23022994817893
8415.597466684914,6679.546386980213,1209.1185662630305,159.371017496618
3307.261386632519,1674.4852971171435,672.6159039277464,171.7247229604577
2302.6510875983977,7848.816515922305,279.39512173470195,98.35896334285863
9926.19493241821,5364.608736432136,396.7146859197235,10.374928219353981
7581.686448071235,6360.195372061517,139.04950090082403,293.1924984821708
4470.653471095035,7464.808355523009,166.41019754589658,154.01031763384108
5511.923327271221,5451.946202546519,1057.9855855411233,13.052079259098786
6101.44625175026,4596.610786316007,512.2754391953567,182.96104353334957
5331.5763931826,2129.0776197886885,1090.8424230260737,48.0011468131401
6998.984528382874,6235.598517376309,1151.0552045039483,332.8784000633634
1214.0444422112582,8534.689955008562,261.57803582534973,87.96887329793299
8577.444547214585,2084.5728197359117,374.65768302272926,176.21150270261418
8655.375728542369,3316.2103717863165,570.605263620939,300.24781322734657
7386.750121404064,6525.089196609723,341.2053417406153,267.52625553903414
2717.651600903562,4866.8026939756655,996.783260737969,196.51801667239343
6084.079592860759,5281.914868327871,379.6130807874725,200.66404841092583
7050.44193842056,2797.2223182037906,1407.197617132273,174.853310416118
6507.74221836766,6327.5265620734135,628.7229496691451,66.01659857640111
4507.387277253017,8035.815680968199,912.2609381188612,279.7189306727455
5819.309324324595,3709.9065817206983,1355.1942834566316,244.52612390200056
1133.5332541417176,6823.240314260174,590.3849154656982,231.84771027168898
2980.1980997864903,5133.689831043641,437.5542059988116,131.44026921527748
6360.670303871599,4300.597192231673,281.8298709570144,43.591615856634114
7395.914078699051,9408.332630155277,1187.4898261935302,125.60537124407882
8215.081272922354,3683.398965180543,828.2318807831892,110.3506581861146
4439.785561254433,3449.4649837814586,307.01473063127236,206.78504079839402
4977.616318156876,1121.796378941832,1265.009010039882,107.52859587100616
5976.9485069571665,4208.577472000996,990.371577197139,4.052098211614526
5654.302208564069,6918.655668568005,313.63248853151435,83.36798389306887
5464.676642113989,7898.881195209928,535.7810202468168,106.7413268067471
1237.0310196869339,6307.7284554666285,1314.8389819242718,278.05800870306643
5067.575552004211,7639.974238271237,469.78075988393255,247.73787028469508
2907.8838948783437,7963.573840535823,875.9362237790396,233.30353992058684
4086.787136022469,4547.821354693335,941.3507759208094,20.371847902988463
5615.506937059799,9764.589929702133,925.3433266648916,111.43465748390948
9214.059245782777,5538.601827065512,137.01791046496155,122.97921800667442
1865.7406573399724,3803.9192521178434,871.7023169822878,160.79770463452007
3103.742760496941,1246.296934955713,679.6525942032335,270.211812515227
7350.314685396526,1533.8219751746647,450.69385032182566,268.8715098378366
5311.746063685797,9322.952800283289,1473.6732260384294,246.00823037001373
8015.8412559733715,7042.95668879146,1233.4054002545668,90.47902831753454
2026.1121209460332,4858.110533441059,703.2443529072638,336.1825355695466
9487.480585743748,4944.414703320053,346.7751385595165,147.98444087329406
4999.143102221629,9189.751348833975,13.568948362787443,84.33176434940542
3914.453857304485,1624.3306337877013,854.020886802896,97.28466842097588
5869.885384171446,8423.383241930838,362.77313278315387,98.1091063096753
2448.8599242526398,5749.044998729482,1168.462717720761,20.317320017119037
2196.445250547349,6376.216392803543,295.7475712093325,138.07930945087145
8931.254168613359,8923.786181327629,1259.0422019823218,264.60390985744516
1323.0189278509818,8493.70817715749,959.9256425705682,105.94075318928434
5042.225910712746,1196.9660926056833,113.20792813326315,67.11579591627928
2341.7275965172093,9359.46015991688,283.48586640167224,234.6100242415313
1925.2182793322704,9492.155417498903,888.2647297066463,2.8925333210897586
2451.1470637928282,6945.42651008082,634.9540778027015,250.33208333661207
1873.2893298377928,9491.191874252409,313.5342367319736,86.11707239144019
1129.721055212628,1591.9547744097865,271.8314236260483,151.15912690456273
2562.7917943942293,9747.187644160398,943.0348755491759,275.22001070757074
3728.479941865182,1787.7061447372178,503.89136471403384,213.02128741258667
4586.420094752511,7103.92191267328,632.0926071834865,308.6128407017821
9720.393992630716,1642.8077488376753,759.5808117441331,60.152304862056155
8597.78002793088,2852.446528023281,682.6272749896847,57.53647002290612
3196.7542959674033,5375.882689113712,529.0983082635757,225.98702326353126
2650.8675609707198,4225.1727835180245,1077.7190165833056,18.816352272033427
2593.8395562625115,9613.893066464898,1447.0870636863335,260.2185848181801
7416.02664510196,5068.209796545694,820.1886474130049,280.4702616084958
7505.176987218076,5293.094626197118,453.73784421361506,270.59032007595056
4916.479806346575,5492.45557589781,367.5348893813411,4.260078485382356
9488.33107598186,7477.077258842485,401.0591670275812,101.58534124564936
5807.655801386608,3048.3318998993764,190.66758111283977,2.095590979331445
3724.8361792155447,2901.553110303882,545.3364444047137,97.83492417381936
2743.5367953464993,2559.4881062610875,1260.8619882774176,200.85920766925747
7153.894810547879,6076.395100160385,1217.5573105293709,188.51692059405394
2390.242235341095,8756.179144982314,1173.4023198397756,221.60539368327207
6714.808569088913,2796.850544888751,1134.4124740349266,173.11143105791936
2449.3779150943833,9597.334747907273,1494.344501294929,3.481380687532716
6694.504105975538,4766.890749590055,1348.42472542428,263.7386952729883
3086.6177549454505,6370.6552731321135,1024.7568521227504,350.4883447418479
5281.174920559557,6175.93279183449,881.6732387660458,294.33397268776423
3767.8227721530106,3651.7623171172686,1110.4468316529903,205.0795005157922
7081.29152074031,1965.7718095740984,615.0279776240754,77.58425438517777
7486.852798770969,9484.312395845,843.6730495541724,24.594199333789476
5800.81784525931,1948.090541458358,975.2590253154164,265.7828789726694
5318.353672389818,6469.314415377421,637.9757780131035,205.86168535214333
7281.293358709408,5312.737340233649,1269.5450308004579,257.64265646428987
3268.1787048425413,3815.4788464539447,132.49653377820113,301.2022697462431
6740.4944038418125,7544.5313815897725,1032.8596666018427,145.1736467737893
5336.670973636988,6924.024139062624,957.8120305814085,232.81328894113378
8156.429326223269,8090.433508079937,286.82258815695707,228.01972971275381
5855.84163978527,8851.215701092882,877.7539133809822,219.80036665118212
8908.072056831352,3376.5956565215088,920.5743882383293,34.41943511678097
8165.114701670444,1273.7158271902442,319.73016183266213,13.278406678004691
5771.056272763781,4678.001851482176,826.0419601841978,310.2244801879267
4736.113009048604,9468.485049459985,461.455943510702,242.046972204756
8379.40402140799,1556.689182126166,1029.032369428265,291.77136127824866
8834.605570719388,9137.243926822755,578.7515222361668,86.82057211226837
7773.774739139557,2721.7154513800456,29.08608536948346,294.02148232024336
8049.473569193995,8566.079433822559,29.238618759726872,350.23096212491777
4065.704810166562,5349.8735014766435,873.5596723743814,18.087880348705397
3993.320474249619,3046.8243496537616,339.2085934866227,38.971624094020605
3455.2340656177394,6310.85911229421,158.784831279048,228.43457106340085
7157.136804498163,5206.058535634436,8.249180894002095,173.43048010028372
2653.028961589208,5462.857626729208,549.0370811300405,247.5953008452868
8258.958273861606,1866.01660513899,570.8072280482133,343.1490603769378
6462.08917181714,9693.666719660514,876.2486133139932,106.66991946317758
4283.021641438265,3805.313537970827,1331.3572101341456,30.688703773288935
2282.619720775653,9004.335211231264,754.4530235993597,108.8482752897133
3248.4376583631424,5731.838523567878,306.07652729176147,263.53299507793866
6725.747062729918,4862.795017767664,1041.2168824801488,119.8180573311777
6377.382090452414,9949.574192579188,53.76473004846308,248.79296326121488
3341.160962695393,2590.6609916283833,194.43249643636543,115.96815696185152
5719.146521572233,9280.609850089568,190.37258291580144,276.6198854708229
5052.428080553069,5601.573239474986,1027.1421783812239,287.70297425736936
5182.0881119105925,9482.003550914975,273.4345231609332,24.28091416805407
9550.888431455807,4937.169328132982,702.4018287217954,221.34746825264727
7918.608681161946,3376.824884824814,1372.5544412685415,191.73263226314614
7553.703615502087,1253.1395145978104,749.907465395131,246.34561211785598
4078.66293814796,3780.033483251275,287.5492883411972,326.31289773961424
1203.1927503731904,1499.5739182569778,195.39967230412034,158.27507914741696
9511.041270239648,8019.3646964946165,328.56044138906174,340.33664914093606
9773.564154645586,4354.523669483419,843.4918754074137,20.051578145910806
7663.059319249998,1561.1907522715528,878.3213376129993,263.07588765095664
2476.034154869214,9975.751929084681,497.2464170952651,249.8310632541712
4131.8113834858195,8809.370423691318,1296.9400721896463,342.18285667835875
2203.7881099935375,3524.0507405142757,844.8497162026914,151.68978700799042
5815.424787458185,4580.466460402958,1469.6055774959586,192.70292684024994
7831.380626463176,4090.1529534274728,1084.790505327312,60.766114203969956
6013.823884150759,4137.206965058069,669.692447996478,50.549512475821174
9989.791730171213,5311.324821353443,783.1824843266368,211.84616389833954
8224.178887467144,4021.2155987311025,110.12569094492304,341.36299974517254
9989.46061321949,5208.756955596486,1151.3383569553118,304.8599928435284
8443.325614266385,6935.732997735923,896.8597284744927,262.8464282879408
7690.251233118218,4050.495620091463,1217.2980044746282,18.46513116191407
8987.973957316357,3083.850316693403,1488.0953609905803,198.711259185227
6689.757488506351,8510.958887393874,995.9056876266918,211.92292869521376
3480.377236199301,9178.638021300754,1062.996243698285,136.51036137277936
4039.252936614486,3726.37516643291,53.20222415475178,115.24959854659443
7473.368834980643,3381.607324965243,1167.0111195088216,337.633136050942
5529.0240108797,2811.2032519706117,445.4940032435206,342.7211690404823
4925.256087482023,6954.114090085214,222.71258901207204,59.17579810662562
2324.9374953436172,9987.99427501754,65.35673052345399,305.4651168746843
9127.998981622623,1847.6829854872349,174.08886232242517,89.24144519588096
4980.483477950987,7604.856779943478,461.1167006004474,100.36498201273545
6948.008011978408,7005.47069927895,1414.1763962312705,337.566674632254
2786.3360461988777,3706.750413953443,445.8220495451923,291.18327192898573
8124.060430463401,1323.1419861076452,616.1498715706388,79.00045927720839
1535.7874153419734,8434.10473034102,505.6857551746871,117.66150598274277
3769.143344549616,6330.68141111312,1196.058996925516,344.3228508338832
2386.083827944945,9604.30132731059,850.7517643573898,250.68652183751928
1663.9737334473236,4478.295999456591,473.11644756826604,44.06656043103506
3138.5398393216674,5615.29243330621,351.440736328925,173.23121319536108
4391.490074727295,1835.523430905822,785.3151400165303,244.6589845182275
1676.390621993128,6159.927974716844,696.9703906857821,11.040988544318038
9729.550596143848,5055.247124122972,396.2043124351839,228.81159612766368
4648.946629735641,4000.0929576816957,1220.6798318002184,62.31992314296388
5351.460327032538,8743.992452486531,134.3439250735649,305.8866841821785
1296.8559882118054,3180.2835616179245,1402.102084691602,204.6991015335068
2661.6339501224165,8239.784089840141,576.5465022989152,141.6413625906203
9049.02369838452,8293.462486399245,1101.5490551359226,93.93965617793064
2833.2015490805898,7810.318899825174,141.67521946844263,305.71233724123346
9988.483311566677,5259.285379295166,221.08200897662744,164.0670755224601
6656.555868845992,9409.409908588212,1055.2112808320242,223.8561685998768
2997.9437888005623,1268.6259339992969,561.092886698533,26.192499229552066
2936.7067227215784,1207.3015538297605,628.1138175471643,60.804631260083
1574.8139057699273,6044.057957936519,1480.5410303331867,302.4933334784012
4018.7494750232468,8054.515372811911,1072.6277614906369,187.8811716637626
4212.666981896076,1995.2732524071976,1413.9413623786643,144.05874771562873
6903.958155009663,1925.7630326948995,1071.0524246344817,68.68249315376212
2730.4384650118454,5502.630978717763,513.9327639451407,88.21862665331307
9364.934158306243,4108.346714663021,1130.4467347485545,93.73407374870364
2866.9428794127048,4647.959616363163,600.1559964096156,179.3869460533089
9704.310182897614,4222.991008641503,367.01153961100005,348.3751394555593
2610.7117148177244,9724.73867381576,1214.9533824185683,149.70499199983428
2455.282617455111,3555.623022361836,237.01103499347667,317.9304488258298
1896.3710740748993,4436.883025947016,1075.5194974132696,190.51523915202336
4387.765281385057,7394.972739748277,268.36821334339993,215.97254162286765
3551.6386605892553,2915.740919777557,1361.0474623314476,3.2480160211734623
7190.695342168795,8020.060013632025,919.0192213079655,195.9870198999364
9446.201020641778,5092.4802382505895,942.7357503378139,213.80306385152946
2335.3287405141295,6616.300683029754,373.2785645185079,151.73356034788142
5228.354628273277,1988.502138120456,1110.0768542420692,266.0313465006266
1810.1878317571234,1148.204889009551,1364.4545529259683,285.42012109811674
8976.203962596968,9361.044553441747,981.2171398322857,253.76458486430658
8485.907513338963,6079.524551562921,637.9942740721898,156.709445149228
5352.60854361623,4747.245434442398,1475.9642061406244,196.90932951628866
6889.710752879313,2869.135334666229,1085.3521481938415,220.16739242429983
2385.6805457405726,9833.72392202134,177.23255819422542,66.8291159912356
9234.899502859851,3104.1358969551793,1296.5723160422863,237.23708876832782
4170.657304622382,8125.444649608875,1144.7485576394301,210.8474700444148
7884.385608449151,8701.013031660581,1284.7151061713605,216.1820433595287
1334.1979516431468,6889.163829263175,1395.2827849021014,221.15872643629945
6136.525097437316,9755.504188484225,795.7735430197536,133.93169704878935
9015.40399988458,3307.8833609131752,772.7629844532969,250.96676228822372
8205.404433913172,7262.68669057997,1440.2622141099876,134.42138902335859
5484.701278162958,4502.9705342627285,12.349965324443042,178.5875379960928
5391.02741882315,1463.4017938710247,854.4331141918772,346.0951322444311
3515.747831553849,7844.225221816516,527.2176333666104,192.56991463295628
8619.046104707391,9172.07746309424,531.4364291668842,299.95831979945257
8853.73455503508,6514.188962954752,415.7868772741187,1.6757154541480954
6010.242632874417,8687.427239860248,820.4439128904197,73.00648436050359
6243.452088178727,8261.714081603415,1120.0187875211268,285.8547017449177
7566.356688345321,7123.91235708198,412.5238090078519,215.0663758631988
5718.679740789182,5139.406126419144,825.2248067908034,23.692182893901922
4845.049809322829,5707.058466382402,55.11921818897257,65.19993637967578
8043.719309196917,3256.8043485097596,1435.568003442314,304.75675637409887
7396.117153801563,2307.227594449625,1358.968118763516,195.88631797376104
8105.568942969758,6146.589614237626,729.5910499351147,337.47807570295856
6847.06098061003,3855.3441958697094,199.28821414954106,323.3823778739799
9180.373217195702,4243.594313973783,155.92359157348898,170.90491497295093
4687.115446284712,2535.0446683195482,1252.260499317079,38.156200184080404
7181.68697364086,4853.313639854594,1450.6774695200627,215.32387403208
9628.18393581025,4569.32629852926,1449.4797262768438,271.71782546375965
8691.214412290567,9768.732712498406,984.3755084017766,62.845549447501796
3943.4306823235574,7393.455642269766,869.2343728156225,50.11848836460124
3328.5770956813794,2210.643065397899,357.3809336314202,42.713831587274235
7977.175830506156,4621.382479288854,222.3320705242152,273.4870369289339
4315.038258598448,2491.6259846484213,1079.7447970360158,96.69418706881083
7927.1451921111575,5761.830992801937,19.46525668992135,92.63898111634204
3337.3594719372873,3715.861455173479,773.8590190512613,116.27345871259428
4939.501627822787,4594.4653965557845,204.5799745597399,341.02287789182657
3562.885258674187,2104.5618652330854,1126.8092015720526,181.331251817821
6690.079791629812,5657.536136907459,248.19576924365785,317.2117622393638
9355.317855902234,5836.066855814824,1118.3660009267985,86.64418423675393
1915.3536987421899,9950.955278112826,1247.4836841610556,127.37745693189314
3757.8162949837865,6974.259294648172,163.9275336169374,21.39513757106564
9796.38675806575,1401.0119462250632,140.18011210728787,266.6645467038613
8269.50591539144,4455.47688495856,5.758591274643848,208.9073871713648
4936.797769463698,3003.3952267350987,893.9438271373234,162.65280548534176
7460.094408677319,4350.618714551294,697.3075015107278,124.81476798329287
6982.671759830754,9662.381680914516,933.9989414809263,205.4307671421792
8528.418458710625,9185.029852231033,566.001064294492,50.39867956135031
5986.269557946954,4682.946420895312,1489.4260150780156,239.82757017580948
5814.683356559921,1720.3882570182216,675.324348832408,322.24189889171976
5014.270218386522,2084.592824760292,1428.3346025847802,155.84045422407848
3345.2749564422807,8362.195679427303,1163.2255917693517,144.0055979812847
2198.3795016699396,8628.554722026087,227.77658452616686,302.68611870718786
8093.043635692431,9953.027980791672,1135.2554226042148,131.81741197389604
8530.440727733765,8625.788341334843,1093.385650148202,57.54202005583046
3941.500853645909,1719.2256088922913,1121.1031109197952,139.3766064970258
3133.3995923341226,7312.533922321989,250.27175606159676,72.27859589471764
1315.8312845885698,5821.648157361933,437.6833795870947,37.490170484472955
9954.671383005132,9273.511470935568,935.9159072680983,213.0295957747339
7811.009412345968,2253.818185455691,441.13739653220324,299.770027451786
9626.364062631235,3362.5240845062144,153.1533060501209,122.26951163004439
4289.717462156257,5114.342690586676,1273.3541422790943,185.70842190746654
3997.752147409294,2623.4339559966706,1324.4481399839863,49.703376303069334
9222.572024396006,7938.026190552719,435.59987369097274,320.5427501972003
3607.605385274622,2323.2490699356067,872.76606446724,78.09171930697404
4539.991033388391,9110.460369356271,332.44345337888967,282.6773617441921
3040.772111304799,5770.674487352914,1111.3628223318315,187.22712944248877
7344.212312141802,6551.713049499637,879.4286593885614,37.23013848634992
1746.5913045550615,1919.7439553459567,1090.7466756588938,155.11713709094252
9925.910987346779,2953.9306605451256,1146.8350888799637,39.57704784419506
7789.626735794787,4868.050001681744,1302.3371170307225,109.7407450851319
9502.713065072085,3540.312305965404,1375.4160043986953,40.688419772290366
7991.225320874813,8397.614399611211,587.9992617440206,307.1771710361418
4863.451361353683,3449.748166170356,616.4038673828552,197.1446074708577
7003.006649708472,3569.2809793287265,1042.1906103272063,158.81113569366372
4782.268032064734,2619.4823362511997,952.2084387327567,11.747813097736373
7070.8538933948485,4620.56776951621,460.5366629285297,340.21198226666905
4072.5407598481916,5142.831374898846,933.1490216968959,286.5133463029193
4008.5134986271355,1542.981652141359,823.9825517032356,126.69581221745702
2361.82796155466,5146.455194633082,1227.095284037329,62.27714409217056
9283.716724207427,3112.1041957965244,555.430600831726,308.8428409827955
8486.194177390327,3247.9212323877177,998.4218197868711,125.58263606623326
3639.3339592376055,2572.070016529373,1186.6200165819268,334.2779099337835
1126.1294166483228,5785.274051464232,1331.7005909462991,316.3076051796827
6806.481587701288,6571.653557138852,990.2500833532948,227.17824543752778
4371.305279940543,9510.810999110003,1174.1545481310259,229.5146549224751
6219.916166084489,8050.06460421856,1210.563529090759,194.57514448149573
7051.90244483492,1404.4327721218135,1431.0744947133205,79.69743238227804
2411.774073018201,4861.6926317349225,156.08044194017646,305.84375318380694
6166.922109998952,6340.337330672747,1460.7813922971593,340.0761164852614
1284.9647045573358,5573.54418172313,1291.7527892966086,151.0792191780882
1607.1964854486282,7899.222908782349,1408.908597123369,121.02223151256388
4698.622434703322,5253.882158540835,755.790127777342,117.39703337714418
5867.835212999938,8531.43070295027,92.66003613608754,35.71364616110453
4592.131725924815,7835.714219119115,1014.9012111305472,169.66328370031428
2808.657360911897,4346.847211190487,1417.5013882208532,121.46111213332831
4566.054076706861,7085.0909755427465,664.2910352511074,220.94707436218826
9447.442204347484,4255.979146222346,566.2292088242493,144.59050489401503
9264.94084245076,5467.33711683179,212.53264566230177,356.7749620183339
5349.0368607521905,7311.421134461309,835.5349578427084,191.69152729148922
7009.298947137105,8601.889066650358,900.8552613455379,93.2011078800656
9886.522540208374,7448.359589345884,4.2118156433847,304.16244354823027
2792.226626677053,6457.617767095881,854.4295518711442,173.71234259678826
6078.377212706773,7998.273058203106,418.254927518673,299.5853883817153
1287.099599593074,2643.7347884081337,1281.4328085111295,224.59432438185212
3471.0384048426254,9409.32234529895,1197.751548437983,203.38810389470035
3279.7113493584015,5668.797889306744,284.58464592755405,67.33224548978357
3402.341658625334,4210.794961341428,190.40611367196684,78.41751631534156
3400.6555919959387,7212.345336890274,202.12746160658864,353.6912654595584
2788.756170478712,9875.269750265104,377.4044287848586,141.75770877229274
9323.719004256403,8176.313840684789,24.423617334177163,162.17781122065549
4510.841644479603,8471.067348190922,1290.2936537001221,130.62506842325394
4813.10550148636,6603.80063125322,1013.6202309054044,29.409665103566603
1309.1961081268748,6101.262912119916,245.4860019695854,23.57322254509704
4129.673214686725,4968.456682569207,487.38215580166093,213.29211104193053
5045.367896672846,4861.0377741717175,189.5469902076795,132.288159515747
5248.13684657597,1774.8819716158066,767.4512794776949,261.55468035883365
5394.133040358695,7253.997651795496,507.48780502017087,227.5598365424232
6350.743572320776,6961.255443092662,780.7528990858485,229.91896119934742
1170.6592800455003,2428.275424584365,1247.0173027959145,57.942663839328404
7549.469579780176,2200.684484450623,346.8632840542346,272.9441227114758
5314.612852447772,8768.686440325499,1021.6917607232576,284.56134355973404
8728.87949194367,8972.041107076311,648.5157745654238,325.1002486015775
1224.2037591692972,9013.623632490853,449.4168497240195,87.11635518460463
7098.401471980563,6290.528599848123,1469.9799729533904,115.00581935847333
5350.058977628354,8964.35829801211,1222.2608662991431,13.606337472703427
5350.25463452609,2998.9432972498203,1279.0624873625068,288.65946083985455
5099.166735382151,9741.387384523325,740.6322439485763,303.7696474200328
8620.419794149571,5849.668158459811,901.2937321931573,349.88365554788555
8156.572120961526,8336.57143600424,312.9546962952904,123.00205978689391
7411.208656984967,4287.1533802971935,386.3378406724759,334.0830386777991
9550.933211713329,9812.10882692138,28.510091344714926,302.6612579271195
6288.547709148678,7004.462966811966,437.38659919271305,66.194894286786
6383.441946219262,8304.377545708288,443.5573531416753,166.2284149257227
4709.224413801151,9141.776416477516,925.9105487341867,213.20310518387112
3109.6265428060415,1294.596353224065,916.8877603762055,199.19616564363693
2983.768396765916,4906.606893943266,1014.580906647969,64.64737780559773
1384.9889207219426,2413.2144850788472,398.33412846691556,3.9709350789787567
6926.438287275754,7025.916448073743,1469.5175567900087,77.10286785186904
9229.13227738425,3113.8899205790062,136.89560223054772,13.937592642162619
7536.162631735059,8393.846090163122,36.99824748100858,294.07577510872824
2052.9535499490116,2141.6710567480914,1278.513385803044,152.08648357182648
3746.1743458574197,4007.3222294130446,981.5501466211803,140.27168251866075
1658.7370573131095,8690.959583714353,843.001179941496,324.52350608385797
4518.435442317761,6012.826472116424,91.76397990774264,205.43750133762714
3894.4345461989674,8245.654594244,651.7972586758796,55.641814296666304
2290.4152773116125,6874.113718625085,1149.119254452519,304.09705401047165
6772.610832917116,1318.6522744971448,431.08440319337916,217.26054819080406
7106.169474607095,2899.1040766942815,1150.5273549889764,234.31068722076526
3253.2008446522755,2555.9365271900924,643.182069175109,201.7647461574276
8597.914911861732,6660.463905456884,323.78873587218305,95.21960559676955
2795.7392477439025,6689.354620491741,357.845860244599,55.582885924636756
1676.3047153315638,5269.646245257093,534.1023704846897,89.63082964414996
9735.426855235883,3995.457477654918,359.0244673163904,34.628034351630966
4511.818223803742,9640.591118251967,142.55773307043654,334.6123784038759
5184.325398506893,4755.093148596294,414.9247804339909,68.43471268852957
7258.17710561971,4912.063329438752,716.4300359587238,276.2901883882695
5464.490438240103,2334.519640150742,232.93474034569056,310.66849933144925
3929.081793946447,7551.582834763724,499.17965958343297,275.7261344369765
6050.758988493561,5850.784555001337,583.3763174091935,45.00979618717568
8473.836032138566,7921.508694168049,72.84828017613708,109.5743533576639
3590.0675755827524,2382.8118073430483,1396.205788341197,249.6749903334497
6482.546437468376,4026.9395051256506,40.961930696234674,155.63428133755977
2785.917136174149,4432.6876379491805,557.687617690988,319.5719301484785
1190.1216104674477,9482.294085032183,427.89641620121665,7.330924616078671
9722.753829287125,1318.619669433617,1310.7187314553569,36.59716241704082
4731.983451441016,3872.709439836583,1095.078636895752,270.2944115778933
3112.846596560209,4888.454666345699,142.62385566496343,309.4663848473896
1941.7181801669558,6405.351120885096,1477.5813006166604,76.22456735085366
8668.396123755316,2612.433677560549,620.9941071264234,317.4327011071865
5689.848749887159,3281.3450857208995,227.51135074433333,233.11116667946897
8672.463960807941,8874.805515047316,196.67415543529864,347.1164490030831
8170.7502865366605,8255.160927334902,1459.958767176333,305.738687506764
4531.135547413037,8364.377401366244,350.7216039573628,156.12392792132266
4655.026106067473,1665.9035363907083,771.7417894854722,222.1108679116679
1766.7516780870287,5855.966898772378,115.37610264345592,135.97779403203685
4021.7829608881225,6084.5698723454925,260.6340274556324,340.3130343199038
9309.439777507985,2540.6257553692,273.141653646882,325.2783829660387
5378.840720343015,2968.664387214087,31.838780629672826,277.2086150689955
3713.45728252704,9381.138342138373,103.31829699928896,20.68885158158519
3410.6443024681953,8793.196947563903,1045.5046262921298,13.345594715745209
9779.452812764777,7638.33917907296,905.0471171250281,305.92428415195855
6037.426745459044,4978.868448544676,387.7241662023466,342.01527050552926
4304.251267609945,3203.666491266047,31.751190996286624,64.92935637107519
2297.896510946237,8745.869638443393,467.16939548077397,165.91740767649534
4331.784427791612,2950.052262282515,631.8945144197086,259.5124509272299
8794.43403404117,4091.6495777346054,282.1037780737828,199.77143078186427
9774.187562161376,5441.95546556297,478.6729834672994,164.62999107198394
3081.7173430522407,1617.157677596913,1219.97623865588,318.58983214353043
7933.424281641604,1153.655088931027,1382.1814053040134,82.52914713023205
9338.041109146945,3502.6648484026946,1278.9926821995957,236.14218240781705
9801.53897606672,2123.066482559123,51.02850188662672,148.87058369290042
2228.792240774288,7543.426905729937,633.1177269729446,186.1810047488388
5829.922043576834,4671.698603147759,408.65186745312934,240.27041137662505
9099.068428143597,5010.36031469705,519.1446608869655,11.359287177459445
9313.216158599813,1293.1505016192007,1424.6030717365966,2.292103198035998
1356.6744482647111,8147.907308901796,434.076805244394,299.347243300813
1780.5466566192702,1877.2273243756922,1205.811124161806,103.69554803937716
6196.0697389025945,5962.095486659234,1348.1011107235038,107.81799640342335
4538.9606296750135,5451.6804230954685,553.895289017578,221.8592709542631
1380.2430301438344,5742.891324281697,511.7119430651664,221.36660410505192
6372.734547449198,7868.3442325399965,279.3393518577199,312.04830287245795
9670.396961040497,9851.92170346513,248.92348750743759,316.7954936199677
8390.277047695428,4630.6047436638055,438.03414566835687,188.00909732904074
6268.9717367438625,3777.0113062803152,122.5344904548098,343.1892786238613
5451.93733843163,8028.8637716092835,208.1876999915926,62.471132149369055
9265.7951513617,5326.038120099011,309.8471491201111,219.22735617212498
8392.848057963944,8116.982145151233,214.5660628998877,189.62433824596147
3563.2505802276637,6661.323541699859,1042.4817911315022,4.389361395338243
2860.675988826095,8025.160176610762,1473.058635535057,357.3198552390726
2625.6648835587566,6859.164751813266,1053.7819295389365,325.5799743891057
7273.453043409415,5509.352193647207,921.2242261239755,42.38558749298405
6098.80181830856,1960.0243701546565,129.8502886663513,148.02542690315758
8405.234291049415,3280.986341203652,107.08476954119921,38.453840531865936
7292.121757819571,4876.496558871255,1292.983533218714,168.1504487932792
9654.342201516378,2634.646534569519,1085.188227478277,339.8024755313814
8762.595852130778,7352.614157614457,968.2226800739945,321.8388320009614
3052.3859636111792,1844.4221482833768,912.1652045191623,163.58295365637437
7551.878579575549,5839.567552571911,269.97319846132154,266.4454369908315
8390.874805330304,6595.671500062541,128.21080957621996,254.5979996856827
1666.3993601200652,5509.207030582704,1131.1980402089619,11.619208130877523
5807.985950022034,2002.2275336426756,149.387924138149,19.708373163540315
5449.9551612232835,7916.982254255844,1224.7990947342516,240.11540324448956
4148.430268003634,9139.716201269723,780.8636668043254,88.67866944881852
4248.988876993645,1837.8250277650088,1061.594233522969,155.24691679989414
6452.900735635821,4636.28585410209,280.64337448580443,64.20371439647178
4743.905110951196,3080.2103549665035,1159.7801043257155,140.14653351089268
1969.7944310549387,3374.8985492139414,504.63877381808254,275.3998864369251
1202.0211683515986,7529.246477130188,98.74589572432224,186.52040340137248
1233.345117822219,2635.2081284276937,558.9427843935322,68.58982169865632
8739.225757507944,4434.352858604441,783.4046661301177,14.386337356944617
2004.584819647745,9253.729594006505,305.8061991515745,262.1229175590906
6054.536270299094,8079.529931349032,369.2226636078558,244.79254161351287
5032.2349017465685,7639.660742862549,865.5283130572419,185.65798251807263
7321.350211468882,6077.998570418573,1369.1211092478525,214.27863809070456
6274.297548920472,9690.235624331128,1079.9722664963874,210.19136027612018
9620.570732223929,2631.28993040571,358.78842947164173,332.5207293067142
5630.990559418446,2342.1573501558105,259.15150752479644,157.40649448403562
4030.183739023217,8302.775455117066,485.0364299905124,199.39178573985018
1508.1029641393666,1886.715329772538,143.57921880655252,59.89315765329418
1666.887154851735,3429.6346728347926,384.1861275659769,121.87526738066526
3434.651239189216,3378.203739457187,352.26330595749624,79.65330719103996
3567.5234144536707,9223.147200384334,1485.6249538054055,290.99093679777616
2782.367711093716,5050.991646584128,116.60978022525745,28.16550863103612
7338.891416572499,8431.119713732904,1062.1508842892938,314.58826809061463
4555.750553775544,1142.242012383216,159.18012206274187,137.40967129283604
1673.7057750504791,4067.260808402763,1036.8672658456671,141.96296391546366
7472.743593013969,3581.6823103738034,1246.336248549493,347.15557257481265
9796.127065224484,4726.690725221602,838.6665035837137,330.05790979206716
9780.730993988214,9477.756596385045,441.8579951238517,311.2225400619529
2222.969928849774,9124.5017596457,1182.4056778073245,182.93625241108646
4100.7097155518,8716.233277194639,705.0955907533394,182.68938587749207
6246.662865832143,2041.68871619889,1260.8884848778248,106.09245278091797
9146.042659910821,8961.465934035552,138.38611600823944,78.6264003502028
4697.099434067031,2267.9796145355303,38.320427458174805,183.900624072266
9280.072036198557,6379.947066835314,1042.4934075464575,287.4647052886821
9680.502005855402,8084.509516473337,1182.451114894198,312.70934903217415
8225.7462444234,5049.355982042654,358.00696815092374,159.6332834188164
2772.2431008683725,5449.418607408926,320.8963562603222,29.855545191780628
3597.197615409029,7249.512875390425,1316.521692326599,18.358247638711646
6115.366803822465,5742.676723696007,965.5264285798521,344.10368840945006
2420.0614047502786,5273.022242229098,1234.5579239819629,333.6506786044207
2871.9852270840533,4192.198849314122,499.3162379507124,134.38602183676582
4089.018610544042,1522.703780331347,1426.9557827660005,340.46614611182076
1638.557525433103,8896.367090711516,37.439724703883044,289.27747923997657
5676.800467783884,8799.973556183657,866.6786672992745,19.305060272614785
8779.333826985036,4927.671306739496,341.82449220959813,97.17930127710608
8154.175777251194,8666.386122473672,1366.8260925943796,49.11497841879897
7359.106332848562,9628.47934255952,650.725623686661,295.16965178134416
8825.393950388938,9017.951019364842,1422.22859382546,209.0679285079033
9163.86464232709,8252.747303544951,195.2772884054467,210.27782769667795
2111.609970128239,9780.595998636467,907.1349399313397,195.90196122829767
5114.726329921075,7111.083148011039,302.77150864424345,324.50524773045254
4661.964601194226,2386.3310576243202,822.8772589464422,223.38753507521952
9009.9373843596,7942.277804623909,1424.7905937149044,65.50156389858714
1837.580180822677,4171.2127972813905,101.67982558373012,15.922456043439848
2978.602022475049,7336.452950754654,503.3861771252337,295.0170108852508
6673.601837560385,1585.9896428695106,795.4144506702978,7.829068395288235
8262.643305520185,1697.6866541053537,576.0338452010199,145.3303524810883
8551.821253174901,2285.321440685624,6.052801090194732,115.14809446344744
9085.55813949533,4939.751300815854,1058.247418465908,191.7869598729164
2406.129812887032,9260.583775679865,1155.3133187217263,98.08078703417182
9353.78594284833,4406.256083504861,901.6407856966119,106.81460766649091
7215.310436956059,3198.334993444506,880.8339759514258,169.17035088817107
5987.14877628003,2250.8240040808478,276.30608303773516,224.84717786638018
2301.154411083141,5801.3869544271465,188.43797294320856,32.95201817441968
7399.709999493233,3278.319497546049,548.7183453774087,204.82533373074688
8212.392434715923,8391.40811498263,188.4786507568403,196.38738682340218
9667.252452270719,1638.9966860172715,1207.1809925440784,257.6011114591262
5713.717122039011,8817.443256575554,505.576009707027,5.047990508523718
9118.195053113754,2977.1816709019295,1181.952993431067,244.34038425004144
1493.1931815992937,8591.287601025262,907.3735508937302,266.72690523504565
7254.951388256789,4190.046970373061,940.9014037150818,86.9614482313138
5440.982252447092,2970.6119820848817,982.5949941996871,145.0620972128544
2799.2416990751735,3491.176614581102,1147.4992411224569,192.0337700461507
3252.799861235585,9430.888578643377,685.7920739032969,326.4282164486173
1183.1765561981126,7565.532097187979,643.1517924089824,221.66243069522065
8058.838533835328,6923.241957030059,241.36355814050808,90.18644951201858
9550.09064790114,6572.3297554800865,326.3558605863497,113.66863421601417
3172.246478884322,6312.7331527238575,780.6729994442696,155.14647355365463
7433.967467318746,4243.454766038183,1440.2035200846792,236.79170320786673
6340.438694990849,6186.604541779087,1299.5270401141304,303.29375983362354
7410.916958679618,2980.7535992105477,755.3240676458003,116.97046932079425
6652.968948362202,3673.2755172031143,377.9111120883437,125.188657323707
5798.565615751842,6106.890900544833,1306.727847537874,90.48164244543885
6836.344036187937,6491.003810596998,649.9289701790182,269.1603739718361
4843.994193764011,7889.752722785175,1128.5621840005188,208.56857829838825
8755.310942748689,7216.12086961076,323.16866081533647,62.55534525292133
3520.07756910873,5829.347429469447,1157.050858617088,353.37153502060886
4755.303770891158,4252.25423951396,1262.7411924866815,62.90252245790531
5434.026654276567,5386.493743108847,619.3912253327551,78.44692772357338
1607.647107023214,8429.723848986543,220.1023169996519,192.16842319161253
2063.3990093392113,2186.8782112295175,598.629526115304,259.91047524906014
6477.995892182562,6216.751176822504,941.7788772272601,73.40247306459304
5291.714825413448,6531.236581395364,254.06454772093755,294.85272509647365
8912.926744823046,5437.937373360242,39.449065551836476,139.4993164558069
6492.208168131704,2172.2981123478667,1208.5245403510517,92.4925173898784
6821.852851885095,6652.93284911536,1099.2036731988626,229.5170005892264
4483.303794515064,6960.083061780525,640.8969513984027,31.98876904204404
3708.8783928735634,1118.1005441554785,1274.5800100317183,106.57517979519055
7367.334785300926,2501.058620611494,676.0783615982245,273.71809981493243
3634.7083623263297,7475.021153537153,363.37393443423804,184.67537433748885
3394.475492314483,6604.821340349425,452.7136317395299,332.2058562132987
2976.8909359469844,4055.0377116016753,244.58654913829818,135.4017360342838
8944.546550124798,6249.645828582151,1051.729302730352,308.57226780892915
2307.8834069057402,6355.733154973245,1235.9009284127599,139.2950885781261
9893.900518980177,5273.666769060909,577.5225845510611,122.46561465036713
5628.523465880264,1847.2290040403846,648.0474558559235,257.7106391482747
7986.243722297434,2871.531969619876,11.68758196261907,300.8991328187449
2593.710601317137,3791.2074868384934,475.5265160608825,114.95552413635225
5908.004786889811,9785.590781094677,928.4430490167948,75.00502884697791
1885.7533402813697,7318.6452123338195,356.8861669989275,252.64255273965037
7861.193620682706,3349.6015407052537,654.352648357632,50.49033152268992
2105.5255187657276,2921.158853966587,300.60983454567076,327.9299916812408
8032.882890675531,2296.1808292471005,251.41809210946855,174.07496292697638
7867.713478414947,6226.524778995773,140.1260749039554,180.85720800731477
2450.6747122855404,4641.2036053349275,898.9582304785516,74.04843470435762
1910.1236665166907,1405.197167785688,44.34625481289629,93.27797909286424
5490.142921078687,2279.545100273961,951.0534954453773,79.07566398316942
2873.2288626140016,1618.082021058994,481.66819487272477,130.27040071464248
8936.896513583848,3480.6573323267935,1183.4915729489237,38.06232440528627
4049.814120754725,6318.32632020055,811.9308904167908,78.95089625769567
1202.0872920815798,7873.494822609142,1081.1377843961625,293.94747398739923
3618.223198924168,8160.869937286724,289.9156535305481,42.89321047217235
4777.994947456749,4464.968012098224,1269.1738788101468,317.01221158667533
3739.9503281761386,6690.726253476212,36.036713296750996,239.1865351891583
8470.111451919282,5693.24003118736,1401.392296665091,318.23534558263736
1420.6067713814525,5002.776950541657,474.16406304339284,67.29148973250642
8448.540867033404,9404.408109945525,1134.252451166053,114.20879042648176
5772.721279296228,8370.562921145764,1385.024135398362,157.77539330919902
9950.550427776421,8214.416684490714,176.16267486810796,239.33283235318206
9808.477504731778,4418.902501682855,1463.3751777461255,335.9985210825177
5558.295838899816,4294.336364094672,106.8071349179975,199.28701019024768
8587.42233360009,8233.936528291071,508.5376570939947,47.64016825694555
7201.842506421649,1364.9581951870327,789.9656764642311,290.21894840138265
6651.366810126325,8954.725019158937,861.6567181964753,88.98360066361528
2977.697429857346,8455.786065841181,779.4787258837235,340.5903184842433
1878.6901522111925,5031.0927923727095,1247.6666234871009,338.3536534746523
7827.862617642072,4588.851758966162,1263.5444052713515,237.49801087261542
5269.340018681764,1886.9137825260636,897.787274557188,352.3266863593706
9540.936314181634,3982.499806758488,1116.3168935510605,27.8798270123187
4690.8498767362,8387.635355250073,1066.0935210578316,196.6862987278655
4213.834692260272,6949.2427066375785,933.1972938428767,35.869897691668406
6335.309166704389,7393.304179385409,54.306693803568386,136.98396951030986
6330.3536859193355,2999.400177886295,496.7733655409991,293.1985215618215
6589.689821484149,1931.2632760052613,909.1284772107548,179.16136167613584
6536.127179230998,2575.960348840037,291.62310602801773,77.33965707687544
1321.1334462910181,5931.4867281877505,1491.321730562232,247.99528379878797
6167.1364026728115,1916.594811100605,712.6775182592345,155.86862567495274
8902.767684986828,6128.4180933622,717.1982866890093,265.5257896551862
1118.6457865848631,6514.702144876938,180.51259692472826,144.41730805639907
9948.695471685754,1837.9075820202008,1047.7183682847733,149.43312257988669
4845.709905881864,5723.718664260676,200.178622910483,43.95617294420043
1665.1587621358308,3026.8373630398146,396.90866930536714,346.2836037900995
1689.9508954688492,4463.777707754694,357.6178567099757,332.3336020012745
8729.468560896092,7521.516292193971,608.2925833768408,334.7791314876643
9023.381971010482,9296.240444869747,1365.9851914058402,259.846811378201
3166.065533023348,4821.502323997551,39.96720261568422,268.309708940623
2195.4870026223143,1267.0647655802309,116.47232168911812,150.53220766669412
5860.99071547572,5296.433294938827,1346.9016349592255,97.35621435743653
6717.072759392162,8313.832305501099,8.34000221000144,82.83661363659499
9627.09576024229,5746.474091313458,914.5563593238687,59.8920260143238
3432.3543261886475,9805.642375799367,1164.9982439773796,304.8402366948596
4062.9315233788784,8006.968167557976,274.9634040912172,321.72586342715374
9138.720325637214,6797.035540271861,656.1447374076832,217.8144211829702
2740.0422352249802,4060.0858161055335,1490.7647508288962,337.4088085981471
1548.6372297140776,1294.32317444846,1291.1070718162402,290.00541295517445
7638.1683410306605,8267.941836737382,880.6056604857802,335.0679154865896
3659.930244647083,3783.968572545845,413.3480515932966,315.8986822041749
9565.471546833553,4458.792555427033,1207.9536528933172,317.2472315592138
1405.0829572306257,2550.140683639749,792.1163926513991,331.0809573491123
8475.957863424788,5771.52182561009,866.9763433726624,86.58946473136592
6819.367220658811,9210.43548346484,1250.6200541800029,347.81680353216615
5243.928421712437,5319.354820050793,761.7356639942107,203.40622914486127
4725.2735721849585,2109.646113075839,262.4116693443768,243.06342047243612
2014.9415706543691,6209.78397494435,1225.1189998089005,68.34352835243301
4062.334015080097,4913.132276207078,386.9699676965287,357.7036183589328
1502.8007703365272,2914.166280239544,930.6231864931337,145.26414380379092
7392.999353504378,3363.386645154754,1241.8203246844446,313.5666010950675
5091.651645276033,6152.9281838775505,945.9381835261311,183.87087991564943
6910.736493848641,9743.280734357786,655.2609945908273,224.35341249987326
8202.372020214072,4768.798858430628,474.3938697520282,113.69855128804237
6418.606801654248,8706.598908094953,1392.577833110587,139.43288253381127
5878.8371692804685,4053.0229669315177,1052.5549734637214,340.42863169645204
7970.394216135098,8020.442832866845,833.4896549237451,354.4897871034256
6954.045156683645,3528.563634770003,265.7232446930805,216.64321121785483
3881.9752123060607,2434.8338818187494,1273.9647966349926,28.66435626917626
5460.4107213046545,4102.5539547237095,886.2758875216712,145.7820592691358
7173.12409397246,1482.7424828003263,1013.0400482339278,192.65428517856034
4938.562541168272,7376.490566035083,695.8423268346864,341.93944758514556
3020.2363256076624,8621.095333702111,1422.8143705465645,61.64871088792681
9971.19154688053,4493.947808157379,1292.3246887453254,118.62955049563836
6824.551999600774,1714.2115220953065,1064.1254207586621,197.0346024783484
7421.263726303899,8499.745231577866,1014.6411305900552,16.19860990731415
8385.018974870622,3791.4202343430034,606.7980950114181,327.6901030278202
9409.51870284427,1732.4005284011569,853.7973834371229,38.90354829740256
2215.736138510476,3353.224046429439,1093.5495718008438,146.24079556210924
8967.126672549806,5229.024146206536,675.3719137741888,80.61076592260663
4284.290041205395,8225.611505501733,1045.6423641946917,131.56217674992615
4758.781166659377,3549.5984358632436,26.379522339094326,324.79801713386206
8430.102067503587,9963.45978104332,1083.6393311742427,352.9270559456969
3352.6226882499886,4837.798307334999,121.87038312169332,182.7658390649414
2461.8705029561634,2959.2958154293347,303.4756179523265,13.876564659286261
6733.715795984399,4692.212675159788,945.4228015502889,32.670050524400665
8623.18488482084,9404.285239510924,1064.8278097167806,346.98748675561575
7497.207789849633,8546.571534431481,1365.4928981949042,173.1512042214716
3260.4045160724477,4806.793022269203,861.2996543329275,273.47192314566456
6681.385853468836,8668.975142768462,66.06135562929055,24.716503088837914
5583.706507370986,2637.119696713439,36.320334647456015,345.3870359247538
2141.0074907334983,8873.733554913295,893.636445560708,162.86208646783234
3638.9458131794568,9383.618388316227,1036.4478128699159,312.15829408833054
9699.065880489552,9118.162644451382,838.8984694110661,121.35752980599722
1492.998379429402,6390.970448317654,1426.40239949857,185.9062547418448
2357.2104385879466,3204.997227491495,459.7061258374688,57.428240603498175
9584.758217067654,4688.837037070392,1388.2548747345625,129.4712565775658
9279.325718596643,1689.702186154342,517.2915756287545,173.98825776490503
9802.394124260396,2590.569862663968,1452.0336322738985,322.28128895212797
8586.855598739436,9112.833956905302,1280.4502360436452,252.76103659993885
8601.450581460747,7566.206251165164,1463.446848163158,66.26553056092229
4983.90116204068,1110.3681459369723,731.7871330116238,312.56077500199314
3079.6058734763396,5432.784135781551,124.90200771100255,318.29715383099244
6659.323624038322,6434.871913505643,1006.1034116630544,153.1471596304758
2161.173424107498,4729.649863364701,991.9792262327086,327.18412082800575
7577.469617748134,6752.75708630636,1321.815572209419,278.7468585419779
3600.543540158367,4842.38503849503,569.3063246909069,88.04968041952729
5570.829848275058,2003.3057294556854,221.76936577037085,275.47589923960294
2364.659282479157,4404.7580268406855,302.36866778335894,338.50985646053743
6494.986698793182,6326.188259668317,1445.8042414032461,298.21027477937866
8847.622167406771,2385.5216608270334,508.97620810220945,196.9380357687099
1191.1912578239128,9235.61018463448,997.2004092819791,119.74237936157974
2332.213561912615,8760.076741409324,5.5945045105624,83.73562322865072
5637.626051867535,4191.901938473386,568.1080277799406,241.7464228030645
4826.683736415094,2255.0972326944384,523.3127605936497,210.09483920433172
8134.3656320018235,7171.600149717545,568.9412886720855,34.24925211631775
5306.340687482887,6151.009318218507,809.3062719992735,303.1841609587908
7952.7293566124035,9751.122711560618,521.2768220432872,211.95693270417343
7403.9363732661795,1923.1838821686647,1480.241113349473,199.31638453667495
4024.3404967277306,8353.570290623487,325.425849656651,270.4585128920895
4815.6082228130745,6899.688857792629,495.6318126081361,186.0920754892668
2016.0851775197575,9357.655941256004,184.3491706614983,273.0590954173509
4365.105534132597,3106.475405013092,1249.5032062750106,278.81646846055185
5027.371885467033,2573.1809761386,1309.686698749889,126.68844796778703
7205.018232009709,6734.107716743355,1171.3027108059039,253.29259162823735
9415.163908801462,8338.868753670922,1149.1264909536023,144.5552405992415
4410.295737988979,6070.444028957326,107.41204642092033,52.115859259497576
3357.2290736701116,3830.004975519639,428.44260057007494,322.1842599279171
4374.476662062549,5540.3908062429,1105.4901363125286,75.51604709189222
2802.5692090848206,9458.043553218838,383.52391274714745,288.56620396940343
2852.41619544248,3775.6118548320746,423.6111164029731,74.84356631119329
3884.2518505364524,5094.776510587768,1228.6438303864097,57.71133895587336
6011.0981090705955,6644.5246108097435,969.8440168934294,5.147347646722796
9853.324572464842,4377.191570159879,181.42313142050398,221.80386630374372
2586.94499771549,1590.6568346932618,799.698670777971,104.31621080768761
5036.792208293731,4252.43976000192,1420.2356831808672,300.5041311015188
7244.837970456536,3371.75389969958,794.379482220526,231.65933524024678
1293.781217114715,2816.5334336384067,919.6475779371523,355.6698422548325
3357.8279139272076,3176.601339595678,118.8018474007188,240.38735729134623
3351.5477434741706,2485.796595556929,1056.2119056059598,66.65746198162066
1231.2428765869854,7526.7587783523595,425.80188534926754,228.85012290755319
3082.486053676595,2555.565762377172,1122.1255594397824,121.41570535794885
3032.6227504798135,5578.2709931876125,360.3305042955662,289.9871677479692
5312.32111447526,5427.128711478229,890.9426682012999,204.81350979182142
4329.7674044174855,7462.875519781814,347.895132403081,162.48690414304653
6510.985043815661,7582.15717039099,1098.7026533774997,44.28721275815331
5714.32062878202,5264.170818566656,1227.3403172264318,344.4557339176319
6537.495564622052,5586.646972183774,1412.9630795199348,284.17669264061806
5960.500079345993,7178.179903070858,144.5360504917686,281.0396621229375
7491.677673109932,5024.895831788944,1468.022149281984,143.56899536072663
8754.820123393998,7468.682265838662,1258.1060870471495,110.99152114590937
8006.316193865249,6725.519816022632,1056.863249637704,79.89289074505994
4019.3861645804873,8352.256829940749,958.3141220125738,211.67655460718666
5460.579198682505,9768.094032736397,19.95140472935476,68.9954510021168
7711.925257662283,6221.4632088521985,83.65015119366397,219.37411785544194
5000.28272870332,8938.809778108525,243.84847714154162,203.26520403860096
5203.897399216923,5820.976510739217,543.9004150404702,41.88025607394619
1980.5037778452513,2193.0781339067657,424.33907626545204,293.49166865913105
3442.5988422764844,6215.028205918273,57.30324954300948,268.96792463653264
1323.6947757448743,5364.529362714554,426.48095935906383,280.03423403932965
5953.797790063789,5834.760337318745,1421.319640761005,351.53667358975355
9789.249281909917,3555.6004911627956,1299.5882161185775,303.3676717171706
4188.076718429857,4147.5679126879,845.1717224297242,230.79341826495659
2086.248143360785,7922.081951201394,1287.8403137424618,135.10999439097455
2038.2418137323057,7133.009570684457,304.62981581265535,171.29818508350925
9506.899522160664,7445.034525622976,1051.9969057362248,307.17826750747236
3529.365904097843,8805.911166136259,620.3390198915012,56.626995267027986
7290.107185075785,5857.318062779672,199.7526063132599,273.4063682231563
3443.191183307599,9106.519431550478,433.826634651658,319.2088476431123
9728.868701421536,2450.8552817344134,557.5768863560726,28.102579621936783
9153.799674778576,2570.384739951742,63.792840699015926,129.37281957920317
2411.8221654800936,3502.2938797253987,695.1218318169377,154.82975327424674
6309.980319197664,5614.7836126594375,243.0549171686337,9.984252957634945
6550.798029179583,2909.6729319767546,883.3870545565618,346.2236820348535
2139.887284875017,2531.4627857639957,1023.3538441107606,53.31604232858061
3373.6516688991132,5683.716152819034,837.0518278470523,224.33622507817427
9664.975887799937,2869.2346248132144,530.0255830120705,318.957121211311
6839.731078746246,8808.256514631772,1157.3732450592308,34.39591687683265
9093.811122513333,2083.073447379783,1185.539257673471,149.3745044726678
8964.84044185495,5591.706403397045,816.9024396791381,356.2495652786803
1756.6894812985738,3225.1413327526607,301.4635681279144,294.838614315738
3444.178104427927,6011.725117326264,426.5865163766181,134.77852406617416
9427.144253708948,1762.5428458514727,1332.173242402142,55.93454145157377
9745.401039142052,6765.117011425125,1192.2854992530288,167.90593116132402
2699.7913593300345,2342.2697553527446,512.6715568687134,347.09013603246547
1522.718408911323,3285.368576923313,559.1976967995952,106.81143816469286
2119.214347181606,4625.376150331669,1027.3575640687047,167.31874850839017
3721.074191820714,1242.2981869530504,803.4983111842158,84.8640354658271
5713.285328843759,9989.888603727351,1118.8344239715398,126.79177000039292
2727.9998886462085,7273.065638965296,944.3675525638491,232.0595616459654
2738.3882251577124,4039.484686672123,1242.4527239521399,270.00919899632663
5003.559311628021,1367.3191473694908,1046.8093824597659,281.4248244493253
3036.3027720132864,1999.6953563414359,472.8804855227436,4.44922920686232
7108.87632449492,7747.93731679371,930.8996253386014,112.21548422804712
7213.438917422097,3598.641424567628,258.5021556916042,85.58971275794651
6118.610164811405,2700.4181081665165,774.6330416620751,30.22511764594736
8325.443450338693,5144.556789292217,620.3742404712982,85.36883082481872
9198.204424369676,4703.861834008869,942.0266701830919,185.81363391274743
9443.872165467594,4112.8335015005805,26.54521948004167,349.72318653774346
7749.288116093678,4052.9898171801724,71.81700037321134,136.5831177218002
6584.20855322861,1738.8517078082307,1469.6568977789448,165.9569896896163
4365.83742867067,5971.263461913432,143.55257312035297,115.09828207411503
1993.1747784748263,7906.934007554864,713.8480081406424,269.8035212615395
8542.412749866322,5127.600045422427,1230.0233058523088,249.66267862989355
4749.055951370152,8940.85588693251,1231.0439433845256,332.9003598626677
9632.714028922906,8931.11169323503,886.4876151271828,323.58720677035564
8051.121204491952,7093.758409318986,1087.507224542281,143.82726678933957
2853.840621316758,9874.543034275997,1019.0598177583038,22.403524359412152
7708.698995232767,6903.989285289126,860.274274714352,37.54044679123297
4786.683869130337,7215.798242251656,941.3712833653085,89.66140298991817
3030.4303566150656,7923.658276443923,1496.788601830394,359.86694522680096
1873.012975339424,9349.38746204023,814.4192119314414,41.957723905038584
9919.036767036301,1967.82555113185,370.121894319333,288.23385580438577
6031.451062804067,8755.574428723416,1095.891372317541,112.23327915818601
5409.820579062864,6281.974270317303,725.1043112156692,277.59225985149004
7466.055735664726,3548.431940560586,536.6331483132935,226.8807405031039
8421.39118162394,6294.2314974292185,484.42101532959725,319.16399970553476
9971.328067077713,1992.0461706098426,953.4554019778329,61.36582688309387
8961.057551378759,3303.8263910906617,1209.4748138642092,321.54756290647776
4614.173611742775,2160.138598458884,234.8282075446556,120.53455057442022
6795.955186392531,4618.830983932912,694.342764630064,197.95446319703532
2427.4756757584573,3557.935128026152,324.31591807040286,59.795014526436454
6793.550145671395,8962.004697138334,757.3441757816158,302.4898916204225
8620.078253955928,8725.216947498759,687.5179910761244,27.0270806040632
7805.262008874534,8665.29066439273,1349.5210366962833,143.79989497243042
3765.658840152448,5697.647057736175,627.2581986816147,237.73568853370787
5698.048011034344,2350.0310207836555,237.19538750088537,219.24474418403716
3199.949620197267,8529.380366775247,924.7281219375759,245.10955103782848
7173.998756111146,4997.67950756122,1498.4987099575294,94.99573759197236
7301.5516337093595,5688.7520622131915,767.1348974681321,36.379162375689205
7985.726763724801,9556.901628625767,1197.5987618846418,358.50014352380845
9195.184547670347,3648.179895784661,1371.6844791848744,104.42590730160775
4224.10544504577,3291.7351309165097,508.8188801387974,337.93525786630096
2569.056885345204,5596.208353723302,805.3658589439397,317.45338583436416
9360.572206370378,4572.317149391508,1085.0387807709894,228.04467518066886
6842.429380098257,3578.298110292108,497.5817308831052,301.09479086449505
4421.266735720088,8259.61848200022,1052.6864258469907,214.20962497908658
1802.792053140784,4334.436577748789,331.87163403294886,250.45803922703558
8580.526071139298,1856.3731141125072,649.9612161783002,156.02115969443273
9901.87264284495,1408.77384944643,1276.1791776143787,160.64820815788852
1548.1752894774725,9779.741273306918,551.3547726788341,331.58209455909963
9009.875996250377,1981.025085761136,266.34568709128416,317.231866182126
5292.423130789701,1491.2782984107919,246.11276938765886,284.03741270592417
4270.942972124833,4601.439327328996,203.73021314229484,337.39894146516923
5208.040933558587,9858.670029166324,1124.0094542137076,53.96602843405928
1324.5227409427175,9574.399193434438,470.31139104229436,292.3589983375602
2152.463999268523,9239.818877249716,648.6144472303865,158.34628528002227
9308.187865599513,3247.9147931626694,536.4682790058212,152.41613057097524
7718.076674478047,5715.163841948299,208.66036128806516,80.29751881601716
2943.9481893647862,9808.111613816758,700.0513712688808,109.0184744809578
9392.544013917588,4980.491750030836,134.46746421171886,317.47164986462417
3668.0705597884266,2896.983524945307,859.879521850794,81.07301097659091
1886.7607107530512,5840.94972470395,1043.2268340891414,64.28006325405079
1807.2664667661506,2737.0623246923333,640.4649805919563,13.07173111819643
1962.0105864095876,1918.8000570910185,1021.3410728086159,130.73190871026858
4289.967097567164,3820.7740577018317,36.95978729606871,206.94226826772794
3457.3469227929277,9537.094554983672,877.536689675714,81.34116003706231
1934.700883363601,3160.659858487731,460.7172661943563,127.76382580483249
6838.806690729682,7067.627446515119,361.32738812944285,299.78948202408395
8844.580311665935,9011.01035301104,982.0448456156363,53.730947593046025
6325.670229589132,3454.9401395960626,324.9448710302441,61.596441902559285
2631.3613311601457,3048.105117266439,463.56633739631366,254.96934661861388
4311.694502324766,6476.185160228188,930.2134164411993,181.97789508343163
4657.567843010733,5329.991986437041,75.65457299166951,136.9670555596359
6606.260823921027,8587.75052324022,917.6331621062857,101.04508322122061
7447.83676595826,1285.3030582957708,493.30020213532157,84.81336373056311
3463.6166545137307,7625.0557379173,532.0061551424366,294.85551252477296
1141.3165455862136,4427.957815680067,1128.9334251344487,294.0782107491493
2533.930720357919,4340.610595219861,1097.3506280616577,102.4746848691131
7187.864309045773,8812.745069788598,747.828802513317,273.52236952065795
5079.996998733323,3725.197044150811,1449.440224206893,270.52981824394135
6229.2973000264765,9034.28182772931,1471.2741487407452,91.96637033702648
2068.1451937927804,6801.421471057711,1145.8512112617282,178.70861035916494
2970.376010770993,6507.411522576706,1027.0693495865,346.45030244836613
8432.650942193948,2695.562252141265,330.44976121921815,62.446310607334134
6495.476485162085,4947.231708434935,17.67493311090473,80.27400598964641
3377.7273811648697,9371.103027929437,1249.1144344334568,346.75586494233676
1272.1590966919741,2104.5759491256567,668.4801784024484,246.35047753962138
9967.875971694475,6763.432754436113,889.4386268626129,48.34860048596911
3819.909178875009,2842.762994801228,662.6659076987446,176.86506127399045
9473.707513959369,8423.484446154645,546.4637734510608,222.4602912898388
4036.672962493773,4635.361193833971,1062.9350537760288,223.33464528474826
7566.369779934083,1253.0435084875437,208.86142658067845,27.165664464926248
4996.187337832662,3312.485758710276,201.6843277843956,193.46772639931316
2069.1067924034865,1317.9251487232434,890.0240178801025,48.824939296914756
6362.611765640717,7202.643950843085,356.972554946994,266.22775855048155
1373.446670766573,1558.354007154479,791.0476693571715,196.28837642964928
8037.9865826991645,7657.646432658072,1383.0281008734307,145.26147818288052
8922.707625385916,1454.8713930282233,776.1380228654373,310.41425863193007
6895.196064036204,6734.778679057609,577.1914478070349,249.4439143613313
6081.551491401255,2220.602572865462,1428.2140941393745,276.8295382472804
7131.405826496078,2942.539062187456,53.095400160459924,280.33864630253623
4082.7394358425086,6182.293270238455,230.19915277131923,127.30959352157332
3060.7053793625637,8157.614146763651,955.3393319489908,64.62737345957979
4120.923238102487,9250.837959905291,1259.2920016492847,350.4783080989295
4896.725889042125,2556.120912070477,139.3456574543338,78.65326739865618
1669.6064681801122,9920.752373595922,1441.154836325667,341.60042233123033
5977.2418646641645,9160.309359336952,692.0638954329644,76.03267949136388
4502.060486985401,3141.569083952556,1018.0978622190229,223.30481830399935
2205.680518169405,7636.267931871329,576.1327089740154,85.43395343259215
4462.110726211672,9291.777522063821,324.22571840742734,266.5091122209081
3675.978275861365,9443.142483605774,565.661141443139,56.27870695020611
2928.428325871735,1929.1713670507563,623.3678774365892,11.937594961793321
4680.239569354286,4465.200947597703,1451.5534320735464,285.27073790241525
4750.628933711814,4974.272185431505,498.8905154560724,188.70841880140875
7577.832398985198,1559.7525128495333,811.9388893726499,103.00022513783824
2830.621467277736,8084.1457016365575,1079.974182814507,17.705201796898795
1680.330358472839,3160.712762555,578.905798138043,225.92716704291868
3500.259203640842,2526.514041884526,791.6282998896975,41.224610620484555
5807.1337309006685,5233.379896986667,803.7500293687457,59.02685323680509
2195.457781897355,9926.165652275251,1493.802754541773,61.74889742794849
5829.129745316758,2374.1863840032165,1246.1307213371322,226.89757304391136
7657.999419624698,4639.568341278695,1377.9454253267456,175.79306141242205
1700.5279839441982,3226.537070571815,1400.6587113307771,334.4094993852994
8679.96017239783,8277.145456909584,887.3815304623687,285.99296798255466
9997.555661964905,7466.30774824545,744.2793394816234,69.35830547895877
7652.515541201504,1148.468942985108,944.9116958184709,104.71641871664617
2661.3916602177205,7502.863868604165,409.05966811663467,307.76996095589675
5224.145901169922,3065.0504255388796,1371.2429572877204,10.497188069214333
4653.610932015852,4373.014824735051,421.0938273862458,168.8661156669183
1168.0983967114248,3724.5313980872734,523.2852625230146,260.4450221032452
8015.906182727285,5956.074945437704,628.2829849034487,276.7651721438364
1598.325269749883,3901.466783539587,1462.4353711364056,226.98426291828005
1293.9456403423378,9135.199458277999,805.3844181850167,34.57089112960583
7914.539419983886,5547.771027849815,466.4907762273638,35.04683804851797
7467.858483985584,5632.3844941342195,976.7912743282808,322.97554547100077
1216.248883956353,6221.205054715342,535.4118738510084,308.20559637166946
9784.04521644892,2444.758746468742,666.7618822074614,262.4890182933531
8406.666155720126,3672.8004713011555,426.5938533223581,160.6693340298106
6454.358464153564,9053.926899671049,713.1026779842587,77.05668915608965
7140.401568772734,2546.223376029047,234.56218964764275,340.94059855978094
8687.127327631792,1595.2058119013454,423.2569925812871,338.27975350741633
7604.747416116405,5408.842340198183,163.14055816614032,64.30704066362321
7932.424275328285,4800.396682550733,405.4003203846801,50.922959908205144
1138.0401933480032,8870.040831697985,429.13954163563614,138.961573173945
1491.3010618996436,2806.8397850925476,380.50534996466513,237.8959829160625
6813.329025015393,1250.2463991582645,784.021839407008,69.73923933183941
7156.555124844614,2854.9944670888954,1372.765551784128,58.460149134422515
6925.746622225882,9850.692354629165,340.1793812186349,96.73289640346316
7456.78841901269,8273.414097689,1342.2857554809668,188.37081509369705
7099.3127233336245,3878.8054908683916,411.9056174169665,78.70509649887246
6499.318443133273,4550.940280410667,1168.1599906684748,67.55365617175815
1252.2497785213218,1242.7483436219677,994.9959721138713,273.7154036248282
4837.793346077271,3984.424642778389,842.1737231831634,110.61153573098707
7694.351552772898,1867.4870543883885,844.3692861279253,20.445849943211698
7919.611684206586,8808.383715559808,1379.269677751362,250.01363935883487
3045.1145310865186,1544.450774306399,660.8049397232263,292.914219918193
8365.048681141674,9177.805095508731,857.6516843824082,91.15329654515122
6972.823153719503,5898.11134165707,1014.0111581776647,173.68484805053112
7551.160325177374,7925.5380559491,512.997629487056,340.93566974181977
8554.043990853248,6016.951478828459,915.3371131658658,142.4256275534364
4329.64157644349,8186.679645098341,878.6305890683744,129.77486856916113
9834.445905607112,2386.053727469742,364.91248827710336,150.58565751375062
1778.5393562855045,7178.8366377946395,1238.5754159590779,17.568590698684094
2618.76337052951,1381.0197695711374,1221.9034483766968,283.310543281087
7602.793869342168,6967.3180206736,969.0227059634782,63.89714296796655
8868.302078544408,7398.455598285454,909.095084016925,127.56719725864947
4694.955639990003,8518.763311316266,1155.4778104556167,297.1190694733315
9289.61780903623,7350.843160330576,502.8299612197897,52.06042552868883
5586.070872267072,5081.439826288173,1401.7786144630925,40.02158265444962
5432.086061269895,2266.3192983142408,794.1361088204703,153.66323690851937
8445.838680064204,6718.283869957035,484.5336082050245,70.9909386348031
9445.945839785647,4945.426624484961,244.69485325397898,109.33505602389616
9054.651668694501,8158.384746656899,141.57063523202237,97.03528344157864
6040.269132164537,2672.243418471584,475.28847700890077,263.75080358740195
2805.600928915077,4747.144387260076,377.7912927522936,28.365592910066038
5344.067746677021,7634.886325337331,917.3226624129236,28.191789477283194
7117.634599914876,9953.032078099233,551.6622991304653,107.37138803870018
7580.133644921146,5348.636765679451,355.484042426916,208.72820695410434
7879.491521099876,1659.3122784205348,1356.182937192246,315.2185292347816
9021.383145667045,4225.319600959257,1284.4142546577698,286.72633203482553
4937.631482542939,9471.61178829255,492.3680137443903,184.58536060782905
2537.021828834804,4984.510824892193,693.9716414171344,154.97692011511555
4875.582950156837,4462.788443973954,551.10469799447,185.2528069730317
6926.761135194139,5195.395612576534,477.42938861858227,297.59924787866794
8939.242037543327,5117.556369373062,1322.1379343344345,220.4554304867997
4982.124037837035,2947.5880595413887,42.843877521676006,253.27973195848884
3698.013990730568,9208.923531590166,230.58305795790227,52.13096484873495
3609.763250654163,1663.6128650090045,756.2275646228736,72.82911925542804
3921.923851501179,3191.747933440122,487.8126817010382,326.4546194295633
4901.706484794584,3789.7779197525747,829.3750690304537,256.54449253299526
6845.927372761433,6625.670030527933,486.64067106897807,165.43459766257251
8511.019143445483,7283.032526614819,1096.2258174956582,223.59028218531867
4462.064981289076,7856.732524146348,637.8515524180361,3.868148715383966
7317.086073553088,1961.1928201779488,325.0275392552589,254.25200650534688
3533.1688731928193,1748.6188667644442,177.37666460341583,54.337626704815065
7546.819968214709,9071.038958131285,194.75448530016368,153.00209985795524
5249.0503435524715,6229.05856714215,297.13802313183754,284.3183125238738
5108.406307853649,3163.633662027805,1417.9511558898253,345.0448885736387
8445.779575775516,3476.393167670627,670.0017434739458,262.24650792913616
6621.507220737723,5115.926744657083,820.3673137750984,113.86756197185699
3122.537337522524,4411.992675801981,1307.1594176257306,47.96980629145428
6098.405078053979,5208.251861584718,78.39606311931173,187.63877066043503
2589.6683167016745,9527.790198873812,881.0598409475612,194.00926111830626
5456.133126586457,4821.752472277938,1042.9839911921333,225.50416588471344
2005.0328642891295,5564.403506856471,1315.4718192357602,212.1419316940776
7558.855257047663,6454.027308391521,1102.1819143038654,296.16151165577855
1680.2403183308038,9037.609476959653,1419.139698231112,259.41941273721244
7439.774274260517,1746.1199999796022,823.1212557351957,327.8886551302052
6641.37610344822,1284.0197069652465,1418.2253592909408,342.53889487854224
3767.1552876414335,8012.708216333909,1387.0506256088029,83.20568842953068
2814.1558970812157,3848.195093018511,1381.9438293842147,88.3327282970097
9897.832048929959,5254.889745922914,886.3240504853446,71.14633486027792
9380.108380715366,6463.3697671645405,614.2942683930873,303.10232542853936
1867.2409837820287,9042.622636501561,751.8438638242704,277.8294656890387
9375.632562032739,1644.5156228266037,495.84369145156677,351.49546258195926
8398.533065912365,8750.512676577491,280.15822186179895,351.57048604653903
8454.570505265248,5820.911929659645,1039.838758557949,118.76802425627466
7301.421823218834,7139.919070446393,543.68077958894,10.477175250110756
1126.8182422064613,3425.0252093890545,916.3539187454861,162.80109464380996
2523.609826158171,9850.418436778917,695.7566560253362,241.60902625009047
7332.320309225,3627.8158120741837,536.6042627942769,109.27081581299583
3995.758869003566,8845.657644528577,1068.7557829990158,3.4816582673631484
6474.057568979197,2904.2182599970065,1285.7095471528294,355.56898820304644
6835.653921652098,4578.946181054847,658.3286281004861,219.6563153960645
4866.928730442991,8095.411232083932,938.4573189728845,112.86447208899773
5015.341984783997,2592.1845856394966,268.4553100426476,56.0996224912029
3265.0739078406664,3427.384637800677,1446.1792567934008,269.57369063906117
6936.392990870571,4588.742527176543,1410.446026655884,286.8194217661263
3218.9824254762043,2597.3662391311664,191.0271371981821,42.24038915509174
8748.624981417503,2605.981799917767,1226.0416169635266,20.851050343094407
8094.12210246331,6536.146079551236,305.21573772597657,293.864876215869
8482.556699634431,5971.47329069319,903.5086822557532,30.256419735573168
3940.3514194523564,9688.788498687743,1167.26800249353,104.36590584093403
9742.905725315946,8615.019397150725,430.1047533465355,318.4990661097314
2169.2624512001216,2124.586184861998,57.57568528452262,223.80414052664136
1368.2253773133161,7624.693793853553,946.8836372948051,176.54755721761927
5558.815568732882,5527.858618376201,758.4809691044105,112.87608116047473
8742.243115275985,1464.128030475873,6.8680095979063855,58.6543446048447
9616.753888901778,3701.87773387171,519.8382450771041,26.752282419484533
4140.643285904383,2850.0593781102807,1085.207303332884,150.83048755852008
8407.837960168585,4287.376418951757,1251.6339888055143,132.35010628587716
3244.2174022113386,4370.73425276347,77.97036580705371,35.31785453778921
2861.3702927893655,9687.37983720532,18.29209263960964,208.74669216346393
3547.115111146489,9420.770322622007,382.7166632786902,16.859951596893275
4594.29863961985,1129.5139095931397,328.2018764473127,173.36169337468738
8783.124305642139,2208.0579157454195,167.8154191803107,34.45822932431706
1217.6750932443128,3475.1223805441987,858.9027463371945,87.71518823853124
1817.483924886621,6361.198967636036,103.09025511943865,188.2656643308713
2624.374780721166,6089.093444550005,12.645029034801155,331.8119186066842
1543.5732242483887,2236.7458736431736,1079.7065518554155,150.22913588301245
1350.0978453754683,3826.759068695501,258.6111755714247,27.287498665979697
5030.004841849062,8187.923333630853,308.2768599210884,109.50655431617292
9116.09436631366,7282.279173242999,1431.4084925991792,6.305679767737042
4471.608116188292,9405.476526713623,549.2318087238459,319.2470314314994
1488.8236995458487,3278.3026484991337,300.2561834678448,165.42133270491658
1387.5038378601994,7256.684566372077,1288.088335338892,65.08172028862998
4729.23521080898,3660.101160109459,793.9907453567786,197.19253786515537
8276.088699989103,6900.596127335201,833.5048274667932,318.1242977815917
2523.7777668233693,9069.951065874942,482.7244584824041,56.854844800587536
9596.838150123904,7522.573318622576,451.993264427052,251.51216483219113
1182.5948253013046,5186.84300745522,1196.4335409624905,321.05755989609065
8070.003348571896,7988.044530020527,1212.0850930122622,90.0108495082829
1274.5820304116685,8167.988649161715,1416.2723401615722,18.996749122905264
2964.186853179917,1204.4845215846449,1175.6824098282134,171.4159113715451
3706.1623298548006,5107.364075892248,48.02001873671463,206.7261603070262
5125.098929430788,4830.4753620290085,238.6624721047894,25.81002379504025
5378.727105230112,8944.67962461409,1432.3882521397595,341.7425055221894
3091.325895555131,2946.4995772575535,591.4828321233317,34.94663527005961
2021.6393172031144,9409.28854676329,582.1112868240042,225.17007099387132
4368.734039764664,2385.6386055066046,385.28037824708775,316.4549476730986
5689.967404666138,6850.9018207104245,371.2445257989073,328.1037996290873
1295.4735872052217,5967.677362120373,671.3788129116866,307.6844249628494
4139.460151785985,1111.733015345317,284.7483156377632,266.27931914912097
7762.638941437049,1675.0526202984438,1450.8941354642227,56.77933860637198
6150.142823330915,6689.614396801969,487.4279511882176,115.63324762432998
7196.759609524193,4835.99542461012,944.2725535030273,350.58845401889664
7736.196725450855,9157.963925445345,1191.0644094946874,250.08117891647854
7769.342934771163,1693.9649064908613,137.95804532935117,38.027676828163465
8075.770951704541,7907.816001120387,670.0669302669598,158.92917125146786
3871.5624234928505,8135.289909080234,1297.7004771692184,37.978079617909096
3368.602833170801,2505.2893321787733,374.0812485065298,113.62460307545533
2434.4088761516414,7215.874520832354,42.82525001820247,46.995250669696325
6211.96956298954,4059.0776991573,789.5127688133759,346.8996115215733
8865.630452279609,4007.229700996807,11.85224214077551,56.033319301099255
7741.477324021822,1589.2136118649496,961.1825942184462,270.68775463922844
1802.0863960520653,9316.741025944435,486.4768132646388,185.8248735620143
1362.300427367163,8947.427473007447,1454.0219253463026,48.15939854995352
5242.530143990872,1248.0148876344786,1420.421861288344,27.774239204851025
5630.858070495494,1195.5507738137069,114.28979293948042,160.59630324766826
6527.492346712967,7018.338834443278,745.6890707713874,351.8502148803639
1488.7986298383676,3861.9577565819873,827.4358112123955,337.69048152317737
9477.748052883684,6892.082193643367,388.4540923497066,210.0893948095122
8584.041593493823,6762.504271299829,655.0657645541013,328.49337368124066
3469.147237828986,4004.3003621670714,963.3664257532973,110.46866736891823
9978.399037021456,5075.550807464759,172.52190965478763,249.88135647676455
7767.865477135146,4427.492214120954,321.5718475706553,45.568469155373265
5145.235487340486,7305.713712513395,287.3984324418587,248.32021278662302
8236.018053599666,9687.289418422744,876.527173315791,137.84078428747227
1272.448310882921,3393.6341738848223,168.46937912707034,169.99698060756054
6662.556229423664,7834.226075574281,440.49562355126625,238.31736295947266
2868.86587413523,9647.101805453844,1045.1028012218171,50.55648365311424
2040.0634470365699,1491.2711026346647,10.09432518530684,242.21993356986272
1392.0620856508679,5547.50924104032,999.3315147317838,5.241648530211644
9149.729552681192,5936.473715755647,448.30229587240825,357.8322198760832
2290.481714072488,1311.6921454939488,1467.0948199192142,328.1149509736222
5298.4413766554535,6188.577868627794,509.5790398701598,296.1232549894497
5219.489944292954,3467.186669999217,1233.4292729238514,258.05181951364585
6863.279467825979,7664.894250393989,242.22721938107915,323.2894445627375
1293.4868192803833,3881.8149335756825,161.67184090324764,79.28079777231633
3708.0468003664014,5059.125890256946,1068.7585692673683,349.0555821355432
3301.5435113619637,9475.302008498255,1316.4032356409305,54.92564933808971
6321.859106733269,9068.015198019599,1486.9475438557947,317.0849974375102
3047.394888277626,7938.625345688218,1139.0502252160625,341.5093729688073
5708.796163451498,3226.6372607790217,523.1365766159021,236.01965062120414
8019.184596804222,1527.5079401315243,575.4755198434009,331.18683119480716
4936.063454216236,3827.6670658485555,738.2271116270201,10.952860590708168
7441.269218769757,5117.570136780563,6.732114878154354,90.0099918188143
9326.968940787461,6121.137115210909,569.6204480580204,206.8429436377562
3934.7891178788295,1451.9942531426263,365.27093663269767,286.56399378856287
2937.123152898731,6697.275913890978,1000.8373636315487,113.64233980711954
9855.801094173068,8166.453149969483,721.9984669400084,103.89563761181708
7771.951665673393,2200.798252708063,1099.9757631319299,236.23073729292724
7356.551406195159,1900.216535926847,791.1096664443079,136.2689150592993
4470.744411067328,7737.273743677728,321.3290749174706,101.14592342407822
4201.330011578977,8786.855415426833,1031.7760303694295,97.17172088645042
8608.843660138773,9439.00979989142,1459.1682547088346,53.18662587571453
5141.166151832607,2062.565123819989,1448.8316551837936,65.07299002765745
2113.2886102064476,3530.026432186251,1062.8159700417564,11.987082481224745
8012.109562790746,1279.7332937083795,154.33390195752747,260.4251035978288
5285.593062348013,2435.0190620969042,1188.8211435111355,351.5295350626614
4093.3878694859295,9547.347643961382,365.6163801392846,198.5658890597905
6217.062560831495,5764.308465007212,799.7074619440491,153.94666307955106
9334.470503049086,6422.602219503081,336.32317147420264,155.88031915394893
6875.108795367931,4894.064365297587,195.97018662514316,151.46469231070884
8338.803614053053,7272.731009626644,615.0411694979381,74.05531750514228
8548.500348138139,5678.505440220362,79.05221881531021,330.9720649285932
4545.3678159930605,8549.263711144406,1398.9712435527001,166.12945201335037
8150.872497829455,4329.877511829405,211.89913138479773,79.4174185001827
1459.7267949616908,7360.265917710344,240.04743140766192,34.201556437378215
9316.154666176366,7828.646460353441,1343.0994721123673,351.949856876837
1504.3490539174804,6508.643711657943,287.760506378296,342.8813848718413
6734.80197274287,8746.378496637171,70.23663569120824,354.0667458084574
4528.136867220457,1274.8621945041727,658.0332624739993,270.83976027391486
1335.0498386834329,9670.159491358489,1166.2233378988853,28.386073095390078
5239.730270140568,1223.3479096245737,1338.4347507156156,141.2079027124579
9273.247938492443,9028.341851423085,69.27263806585177,313.2141862367427
8805.755890699511,8985.86666277657,748.910234369261,95.72601511410991
1779.3133660276364,9013.265837009862,1007.1315256212056,317.78781995910344
1118.9356469280851,6331.848216452949,693.3420452277958,303.88422502723313
6935.819904391442,9569.107321146017,869.0937985639342,331.95480828217217
3828.726931931952,4428.079514390774,324.59284408600615,84.38194762529916
2958.8701732929903,5607.103404679176,869.6900344939537,220.63109673794963
7163.632286885923,7189.460431918444,930.2654335595815,11.542093530989222
6825.576001322182,2447.440117019567,345.4686012045828,329.5257361359746
6453.179585908544,5286.541585304156,312.2285801884386,148.82759292081766
9915.482969429808,7306.141901735402,27.735397290924396,338.48392235953895
3806.963526472367,6088.322605702486,302.176413221431,168.71845282896862
4275.302145841887,3118.437821362283,845.284515897044,134.22498492141207
7258.809110648902,3705.5936787007117,1049.991496335894,10.12435341553601
7651.067890712282,4145.667946811536,658.2909630807518,208.2975030888021
2956.3655597821994,8820.57992981069,222.47404766002495,145.74620730856623
2288.3741269831307,5804.705492186516,1224.731582583204,92.22386531637225
5296.113157755637,8209.903139261474,1385.633047140731,134.55356658964686
7168.357413602119,8219.996521485005,506.8425309940063,88.21512200137009
9389.226029243471,8495.444523243124,479.74366189027074,320.9050454938288
4847.106540924746,1626.5613925662592,955.0355621381916,181.13188764147046
4548.427261399968,6869.741436791973,558.7925743762249,32.49978476897657
3579.607456075263,8472.89539642882,1202.0918422284446,103.1807522373588
4960.31433868905,8459.057201010288,609.7091598421515,51.88825125052667
6263.154060184976,9902.224671569476,1067.256183179211,215.74302065119633
8571.239097481652,5394.1657762725945,959.262769818568,18.155857124479873
5548.483690194648,1614.397966112298,1403.058229947346,19.094475412293203
5972.3177380888355,8211.299154656206,1333.3443648785349,41.7517898107623
8914.468559275483,1468.993773114295,370.8391537062767,14.43741862227289
5585.032449539493,6213.4719418920795,829.5163579630923,188.29106818000756
8532.540512350402,3414.18667900982,72.86635028928777,154.39460049536808
3032.213388171855,4277.289709660994,913.61700709267,102.77734753307226
6621.394803794594,9371.08269399319,763.4188934867724,287.32810417316045
5336.710039699805,8256.773611970351,1263.0425606649164,196.1171340531926
1332.0491150200487,8836.046739834903,1134.0354753303748,79.59945636186102
2891.91120202841,5698.277862047212,1225.8826142153791,73.44893174935935
1315.0267591334305,8019.9377942241035,1263.1514637709406,16.46243801810752
1692.9434149618378,1786.334453533828,1407.2326113788931,1.7994542983958963
8946.55081076445,4504.463052064542,1400.3163375359793,185.08100865246013
7941.558413153863,2464.901988244409,27.98451815155174,171.14771198225947
2538.984189234282,2941.193255456661,1408.2871221620715,232.54134192155402
5626.275910872166,3602.908641525378,941.7158672848101,52.56596809431621
2036.541880077873,5143.856638913843,1062.230125289748,178.4526173745574
4834.510099323682,7338.595040907815,1450.6149350829573,49.53125070125977
5434.5220104818545,4114.010646587487,938.7089335670062,38.59677710466816
6076.369366316783,9533.289281938254,891.0714236946889,72.39396160258154
5083.157700193946,5734.113742554723,10.059363745753373,183.5955396700989
9748.179430102446,2511.048961697068,245.5477257838261,36.47735627862599
3069.060079655518,1797.2421689352896,1375.3097809543344,279.32193194279677
5083.08749454146,4957.538325632773,884.545265507594,144.14664668185443
4332.924064342111,2763.2321218525544,839.4937977830167,353.27188863831867
9634.392275244882,1815.9259261341278,698.500681930455,192.7480106866546
7922.8758708870455,5532.8278993145905,1032.1233722654158,304.5771138037117
9188.432908961173,7635.752457813669,1011.5076122100724,337.62332155514287
5597.125423314478,7966.191568678107,170.65773557465346,202.8939233757953
1596.2694787036157,3978.993684177411,438.10564077663116,39.82897463848224
6960.324282321333,9386.284666700083,1491.126452853565,196.98868400129203
2032.193717535025,9114.060086765658,1450.273760167364,298.9445959143189
2569.982107922462,1768.9274986047494,308.83043990780635,74.21509329176384
7453.637787705991,8775.233407184767,323.3215382964235,274.7670462560351
6224.127121256338,7907.565844799316,1470.3934356669224,46.73192809819351
1781.6965400082013,4304.560974718004,394.05113565832943,106.93177263683341
8694.078549368056,8380.356112876972,445.44128165373587,128.26508451153273
4689.37766108684,8811.840107787302,860.4122004780387,115.73168902292362
7456.5680088648005,7052.420166790931,919.2787947755818,48.648577741238554
4040.620290275853,4455.318051122971,714.6371879731101,31.504048438427592
2137.7709985827614,5750.093594039897,82.20622567902397,253.91594821225172
3297.0853260825565,9279.302310349787,1203.916838127254,236.73515847060943
8782.51499270854,2814.1299214534924,83.0779006901432,107.79110823454401
2096.88192923645,4682.763837870118,1431.5349676122744,337.70982142440624
7578.255402940042,5569.114171893248,520.9965454134116,77.64301926832316
6625.967346500023,6190.527268917541,1457.2932585968806,164.23551841997815
6024.259911545159,9674.841168047977,487.76987982690207,173.244805075266
4742.616186976686,6869.175691139283,554.8907940025465,99.92488111913794
8765.21599911245,2429.232895239842,508.8984576643142,309.9174748164496
8169.031192003535,7794.46231973577,1215.998838802945,93.88215141418942
6253.522918956541,2248.8891865364003,1385.3362603974288,267.4564630199367
4782.31365473708,2823.7228230271694,367.32102877526177,160.10806646070412
8992.381532955189,1101.6069705785228,186.49015135999363,282.937064583341
3022.270025756278,6252.676681349993,954.6612245130018,345.81009895729096
8563.500648452871,6872.364420630939,526.150220921421,41.05990119638372
8901.399960037355,9312.768771931287,1014.5057445365298,146.73435236858245
5911.1411162004215,8804.702648587108,1296.6573613179735,294.2854069759217
5273.047469254193,9482.789980542997,144.64726258040992,177.49592767683077
1769.6988088081703,5417.569039707467,1411.4873219103563,300.7205185917628
4695.3893348687125,7204.408717287045,402.81039727709583,76.93848386982003
3859.977729825258,9444.064759243402,718.6554595962493,301.6110580447066
2273.4567601738827,5921.735466064527,914.4395790655495,33.093409222286176
4424.316520609253,5110.677002605769,1045.460954309079,74.38796394151801
8095.410842321527,5197.903006914635,1354.2357488233808,117.2677087433407
6213.694115524267,8975.985509173963,1201.0271515037289,160.2677316727063
6823.91054223648,6976.430035727007,1359.6874081457584,233.48032832151938
5584.790191944715,2838.0598836141553,938.5502517328307,73.73186680798848
3263.388671523162,4666.463113505855,954.5434067330069,142.04342740217837
7413.079318068573,3803.014728380475,492.27542053101524,28.859619313429892
8478.377290310746,8263.579093510652,876.5696811173008,325.06911424760864
8609.968038141697,5844.553120071699,941.8813748911919,277.84390338271686
3171.29459813223,3938.894765656859,896.302548351702,142.12787603747648
8935.591105852318,3027.0974955297957,150.36533900259758,166.1277396468385
3889.3752681781307,5086.990438945362,621.2503777189582,333.4084883459647
9030.632839862676,8678.32817775699,1220.0681042853575,295.9358144591464
2956.484932443194,1365.741381291777,702.9437911543451,152.59738879413973
4405.177999304209,4012.170985057621,156.5605985488076,246.06444097152217
7602.519346940468,2513.001859764237,1252.3060839423488,181.40190072770085
3494.804336415228,2375.9158945401277,891.3730721395641,48.15283241509256
2847.498470595481,1220.9334466501577,1447.3583879945495,124.85845509412528
8535.694297017777,5673.964488116527,711.7266096971189,195.39554993165018
6305.23605605042,2497.188329458805,1316.73059734808,210.9872693438481
8450.11809610645,4514.27610353934,739.5008580347738,9.316309661000261
9958.272787682185,8262.116956904047,1361.3326465216494,102.96075666236668
4005.8670974798297,7842.339433306126,1487.5201695931817,56.85729548035521
4830.734375755675,3773.7873795367354,688.169452992563,354.24998779025196
2021.6509283782939,3656.0869737558014,79.41705996975986,54.185122132639165
8063.410631989384,7303.87731344364,99.81012348302137,199.29593944291526
5412.84914337666,3797.0819905939848,779.3776493858335,247.5156572570113
9509.348994058922,1882.5505341783514,696.4975189515048,256.7065505276208
2526.5260630366856,7639.506547335689,60.86567050449896,340.7518821428335
7990.752035492034,7805.34743730611,1405.7139696944075,33.62517632145762
7799.123922358748,4573.123113274467,329.3412185047174,320.2876960366068
5284.2074055037565,5082.729956019897,301.8949661035011,107.59316148768701
7237.076962095171,8046.255575999009,1045.1643790065232,232.59947511870868
3899.2614005632768,2358.2342588311526,678.8263114536848,93.26262999492327
7291.922998218021,7437.759143516225,152.53001522451376,293.23569453762855
8292.21204089218,5767.074440157458,689.2630106439128,213.0289778821526
1196.4591864976817,6445.573507592546,419.0819096234632,320.35674202343785
4377.405413596098,9017.392852057448,655.0659408543992,97.77930961947825
6879.697145356426,9530.83800240991,1443.7880554642427,114.97882372516018
8229.476579179056,2020.354902581245,1499.0074272847687,129.22709189626906
3977.9229738605345,4339.928938854781,214.42990908662134,298.70447757016535
9975.028274615575,6896.77844253002,1089.0835480135906,102.69084613673905
2657.220847781678,6300.802718710408,1387.5682768772895,254.3673107022059
1247.716563829601,4025.9114877488264,678.2960684942664,236.37344209225074
9499.740038031685,4484.630355171812,1142.0490583615413,13.215696171711427
2744.4184947228573,3292.8573003768597,409.74370683297883,267.4905439761619
7674.872802284782,8960.629285571287,110.43644380875152,156.69954359017947
1649.4678935711108,5912.475764533148,1278.4178612919839,341.5295709847512
2097.9689995276826,7260.45939067203,287.8708380976896,315.12534646364685
2976.6996283918943,7146.149724807553,135.58474044504152,19.9379642376787
5384.3108363421225,9337.636170890051,1111.1844130450042,31.69460386196739
1216.8314574928781,6427.010037540985,1078.1405694914508,231.31396695683858
8910.705106238325,7291.196278642824,1185.145423488755,200.29494648940675
7344.278125760985,8158.7534189920325,362.6228257008533,158.53320075174094
2205.595322004995,5592.794084764066,955.1877885577383,110.64422244753497
8934.191203091237,1114.4660024802276,704.5464868601432,64.14951012493441
6828.918212099024,3261.0269026714273,1031.9741325176717,196.80386281418288
2765.1197121802234,9330.907652410955,416.8510569392653,282.28988906441094
2737.61306705653,1836.832600586653,921.3652141887486,128.20885619102285
5200.875677227474,8478.590983344526,747.9499256562686,259.0727044416137
2014.4623822396393,2278.172901254813,1039.1562170167485,105.03436354879658
9859.209960311098,6285.730971851038,349.0518615016715,191.09865524774855
7348.183745751216,6725.251622175945,989.3293356672606,120.05084066821432
5734.802610258732,2227.85338667537,133.39502737992922,70.29764549661125
9046.013472691473,6952.943613060949,295.1273206662367,289.7971908543076
7978.927529202224,7286.489069128139,1123.3446370967083,243.09836633056597
1119.7825796051916,5123.986056815922,1381.309947603224,166.27226177093146
9839.783276307546,9887.094742196332,1143.237402920262,180.44958585374803
5476.541343443004,5923.629673074046,384.4534081161222,339.6773692949855
1294.4003792395652,8944.732023771372,206.15532344035637,347.99691032719244
5173.900781122975,5307.293996086663,752.6820369698639,337.5869635735065
7920.750645466932,2810.527259273088,305.39442568964046,64.10166026962344
2434.789479359795,5939.035076858404,1253.3612919579912,67.47416819171343
9686.038006136725,4026.3929003898747,1438.4584837629454,89.31018454332526
1634.7287677217103,9695.558292098956,699.0557493104379,244.08525832624605
4469.3449643343265,6238.924873227301,770.0163111883985,182.9217040114594
4938.838227092128,4895.092513924617,515.0596755869976,44.28299337938883
9957.53175102303,4164.682247210361,1406.30287890125,92.2046828181877
2957.1528775659303,2376.890308546563,492.1954958602226,94.36725902145402
5578.881900725205,2447.362879703983,1174.521948745356,327.3781769641298
4684.091641301574,5842.7179881665525,1492.8956618110699,39.46308727720092
1275.2677565693725,8828.62839018235,815.9096981953425,305.24119213852316
5464.997233818153,8988.721990454353,1205.8706432064992,246.67776714070544
1325.450920271773,6739.373884372496,535.1838031930783,269.8134952817167
1783.4937221807777,6182.356818137796,1425.4680366417267,169.24647769837534
2631.0937270803224,9128.56010007219,283.4917643494786,291.7588041327997
5075.574501157245,2461.7661784854927,615.2460151377142,302.3321556305352
6025.393519721918,2480.1817880881886,447.66248402409246,296.82511866999783
9675.213146481145,3605.158706512131,1227.5622512044677,300.36177512351975
2564.8211720682407,4100.827706897913,1326.3927767493383,228.39828680995058
4479.342942235053,1656.8097411274669,296.7738813777545,106.87035098117957
1123.905730772031,4761.075163483757,287.5908852166166,43.11804156563133
3229.0003545466084,4167.8740451758695,619.309352901492,224.5509380936846
3814.797446476477,7692.49074790541,632.3127862546121,303.5765762396344
8255.015472549045,6106.440410436879,1098.826607460065,33.458155913611655
2585.339349327318,9627.986757076102,794.8469287189394,296.364375340442
1170.4456010745619,9987.311464712453,761.6049170398992,300.57103767438014
7762.175732963419,8633.167581567972,434.87887703894245,112.55708961157838
1600.114231001187,2027.9812792072948,1091.13231139218,106.34945148881982
1284.9834163633773,4423.814128061935,1023.4939674710199,185.4642720755624
3116.002959080628,7792.340174746059,1414.5922399764938,17.793757215687087
5019.803770374627,4433.345560430553,1322.4831574903194,62.15590154182771
4765.494660148373,1141.115789614548,1217.090802475429,11.719658768129667
9432.125971458796,7808.379493720018,1058.1165926638164,2.3566022372435436
8976.980269262363,9464.55750018611,258.2171058077703,133.24287252288198
9241.41506731698,2821.7607611529675,475.4562490888144,313.618877151535
7295.024120716631,2954.497445570294,464.99704367058774,322.08294626094414
9489.085183461837,3813.4947023575673,211.35665869004453,77.09219350474196
5167.84214632897,5517.314817291808,1302.8101720841885,226.08741596581757
3681.030007144669,1723.6260398679615,156.37581421541125,257.08925698782355
6820.613350808827,1952.2672661775096,323.35266306455173,90.18612028770416
7250.351485571949,5602.5745011102845,715.4132989038394,50.22662151393905
1554.6930925959393,7301.988016490664,1459.2368990419961,316.4018596558965
9925.041118323466,6256.839153222303,492.05965003873416,82.20555697415526
7920.066502200213,1628.3797738148044,678.1164882932413,114.81658870316134
6762.585830366488,8153.292283817184,579.7612718284691,133.3533477576899
4368.135585069718,1772.9907327985543,991.8596301125584,252.14835391968734
5125.671816145023,3506.4313946471675,15.802334454085829,155.4192560876025
2356.186928256262,8694.787489410892,1147.663637854629,339.27409310831746
5660.004539252446,9473.279168616176,647.3540106196884,39.989419376160214
3370.7863778402066,8790.990216884355,1423.250462833829,311.75397479060166
3337.574047930811,3861.6736216811187,1253.1371387703553,42.60096494143768
2551.3802531383626,1601.2917961529074,506.7379957572995,164.24257491171537
7946.466903220822,6429.484103276633,732.582803158877,359.3272976280783
6961.103552158731,8008.251626035302,433.06646482001423,121.44421349983503
1408.463509811084,8492.148783565302,322.70140322028664,246.82299133357654
7760.926042397394,4507.229909852404,984.3727286542351,24.425199236308007
7960.532440070634,7924.187536651797,1042.5401892369732,314.01289591703676
4616.250533780161,2204.389787294582,935.3260893809068,284.8273295356774
5310.343763965644,3064.66236725035,1442.9616518156229,1.3903777654984926
4338.651396948373,5566.822784107449,1230.9635389994041,311.09952594789183
6477.414276450467,5911.168934433865,403.2452431338185,153.24576853442125
9043.865060266471,4269.69270492342,938.0978472603357,208.09394305754344
8890.651522061744,7403.158004042471,831.891545634005,167.67840868692042
7781.109147725675,2348.594543104137,148.019765845988,248.71498905229458
2597.677284374997,5069.459283777045,513.5781969294652,220.40515859702649
4269.788235161221,1686.0219478054464,923.5486324724168,323.131552374264
3606.986098233132,5061.624539387914,1208.2562794540283,230.06189937507253
6204.79957585683,9658.916682558021,548.6270430725207,256.7699673639183
4081.5071495583406,7934.889165648629,486.08415820070627,123.03017107006151
8515.507087998933,5483.102525149095,150.52563916728596,35.8255730671977
5701.16046501829,6358.099350585379,960.3838445781502,3.5100602179655005
6257.52853141165,9470.325821365694,16.193639401829344,53.691003376264455
1176.4291198137014,3641.327171185494,710.278696608994,231.77134933552577
6049.214082954375,5398.119347332358,491.0394706011504,144.62947096037283
4579.1221838689635,7386.521379090555,1490.0955568738027,268.90369906423825
4872.732436168944,4283.168274253172,338.6978378214447,218.2855967591464
6808.352615471248,1606.2465938616883,402.8667606899677,160.5041425492854
2626.3208442052237,7884.5369962011955,1016.2322922564648,329.76936003422264
6350.2613464909045,6459.988887991037,275.6356791243044,357.86892335456815
5237.9225580540215,3764.022102360579,1019.4712418527018,145.84303429473303
3366.2726325730323,8309.742998369413,90.38157410126574,323.6353431236537
9624.58501477829,5101.004373995422,710.2070809153673,29.385787409081086
3871.0510862982705,1681.617433052597,365.4716678513864,4.667223965121396
6744.759588642277,4855.3559083871005,755.7713805381254,266.4438687790787
2730.647963184111,2560.41118503246,6.040147110475989,247.21880612608217
9826.136559493007,4869.511011400766,1179.1827423045936,50.1670373328078
4459.222026648913,4921.822839209101,1299.4015825692982,194.22676647348214
9660.224611611477,8830.579332956095,1374.5192741750016,297.4132069255876
4181.735613697996,2152.5442754081005,534.5846168221992,175.85717648774812
2189.25905132346,3592.8561808957825,825.3270213265758,151.46422449465308
6454.880648281364,1160.6995110495272,93.88551429273527,335.8476415601135
6415.838291908753,6849.852520537935,503.7731117273919,254.16779529098392
2271.084095309142,7853.176772339837,739.3045900215801,29.786422566459056
5976.654538725464,5892.503337783916,977.9152756733474,315.13010103562
5888.598640874254,9730.765178979333,759.0827784133751,73.6371647100943
6014.184988754921,3830.083286057955,1120.321230636528,176.86722474187846
4104.610139178367,8796.4235487413,266.05236505631274,137.1172228343563
6857.911557279945,1590.1700117119626,785.9265228951119,33.26277620282815
9414.491117205216,7411.431451659492,543.6404939519964,76.53134252217528
3805.760470545367,8011.985961622539,1322.6746574151139,211.28314760068187
7372.719247101878,9668.525096471567,27.36161051416605,75.07830337833144
2373.901899300894,8146.241556955482,1049.3046533072722,184.09345023824108
7845.9714822909455,3637.5241160707906,911.6579971822139,200.3046370935834
8332.957777979356,4643.0446620917755,633.1418705362178,212.80202866563553
8865.799066738491,1400.5678958903763,449.41895889746706,334.73670162268235
5415.612649306407,6669.774483705769,1126.9189352891096,232.51020577274247
5608.129888234893,9917.174361122017,458.31599355354274,150.36504118426473
5011.123967035946,4172.007455179793,1120.491419641468,130.42324854881912
6494.378893519475,7713.157197771627,199.56860663211552,104.7867764906473
2462.5777029995606,8937.60684406753,1445.1164946374902,28.73456496971674
6080.889370865561,7733.491147063247,1031.784907080179,286.8319647131313
5706.960015332138,6224.51513890308,1411.969176771591,278.54295082386943
4413.762410141124,3881.798659293936,681.7001022598059,338.4412300368396
4907.912464110072,6396.601871909326,255.84924489682643,320.5639369838558
6469.031961038779,4339.120717159391,468.04823235459276,352.09114424475973
4313.466000457021,8593.277201052013,995.8054602829511,198.14369581562914
7511.19223083191,4238.223796153237,1150.642725695722,166.1093879077621
1210.8140154344294,1890.2621041370278,110.71561912519036,75.5070731590111
1886.41961839638,3849.036668900508,1355.9294620661842,7.76245208380354
7280.2061326935345,5618.340757982701,194.24504173237224,2.1077938846596695
5429.0117471491,9498.347930178268,459.3969709252891,143.0406287344694
9666.167423541177,9319.709957342879,512.6638072609778,255.93011083977103
4336.363187585193,8016.645317596142,837.763805199752,129.14518005025815
9750.00678381819,5321.411201016601,1134.0070163304354,173.07061924641872
9105.57545242185,7830.180661176673,1110.7595631588804,193.10175137530146
8925.732246670112,3445.7828940143513,836.4851325841001,241.9314254362892
5431.060134803285,7469.414672399435,106.0607000215487,288.6248734575843
7142.187017319547,4683.510063512152,243.83258212108504,191.55150650727083
3018.031388164966,1698.2295850023456,663.8259480296016,119.89876360494927
6130.800573110607,1610.5674734462723,596.3490070234259,208.35965311755953
6599.325455682839,3469.8776480206698,904.0221856326301,196.24080596269803
3695.339998521081,4566.178303583132,410.1804348628824,17.75074088986721
7467.26821534469,3807.6048039086504,66.12741005697552,183.20475261299254
5939.874603399588,7494.774777208892,895.4341646595325,170.68587746805477
3448.847908768112,1605.0392623878479,101.68475860839709,144.64070705349607
3046.5033609802376,3920.991322794718,29.1549214673024,240.38509857649476
2902.9881928432924,9550.745804006441,861.6173552018582,30.571126332352804
6031.524917411459,7221.59394785058,818.0916889652646,136.5728765988721
1223.8650772515136,7200.522257633587,842.5334949228245,127.25191139602573
5300.23601164809,6511.264336448829,1217.4045299212355,84.78102808710612
7722.336114756056,3434.9727235388436,337.7068244393291,188.74042884676408
3398.754279759269,6034.481690155855,578.2497533925159,72.17190243886242
5871.61030740917,4528.667388660151,1387.771602710963,245.23937067502777
3993.3585768756834,6091.5640978874035,1008.6073419633547,311.88930707796607
3129.81458444926,5676.269544210482,714.8599912394966,49.62849733110799
1683.883688491129,3312.11806814097,836.5545068673924,45.31139501098146
7562.420320264649,5609.740283295136,884.8542449315725,226.4560047632902
2582.309622392204,9350.01131083092,825.1371700986783,35.002125570732794
7978.30299322409,5778.601607379518,322.6187122220325,103.15293508726326
3528.882099743649,7993.521545965164,359.14817875473466,259.79367026547027
7105.742620020113,3643.202148332919,154.30273437759007,27.67483417106781
1760.017407777564,3946.179211770852,510.0242259222346,199.3874058511755
8576.256529744016,1805.3174275893216,356.1198345398848,250.3471822164479
4823.127541309699,1700.3589626664075,356.6548660713946,11.620112042030646
7102.932470984573,8339.428762461746,60.100755613107005,7.454450297247035
3887.8523210983903,9492.126143242744,1297.846659157407,127.40450245819588
2249.8719829369375,5238.221582208541,76.13433418782274,233.38480295115485
4890.976263932261,7624.66698488226,657.5281464423193,122.48147605529144
3405.934916904028,3092.0216877815715,1376.2604679580202,234.18430952673882
2740.1116050200735,6523.921421089783,1126.8074522610875,154.37027411051133
9144.685682241408,7315.17022403697,739.1003244344689,145.97313993619454
9845.29821910362,6365.782510522462,335.66325131348475,223.05287060022619
6990.671473003359,9987.094781289026,545.8579523662544,323.89756971473406
4866.386735841677,7922.435988640622,1397.4361710249475,68.77267846373978
9641.481217194025,7314.46933535426,1253.2599881983235,72.59547268741858
6060.832563030164,7527.103746839462,1275.1899931267187,172.65359672190397
3770.8238893968323,6284.773776629384,1391.3654204115928,172.34119096634186
2226.3916420365167,4410.404653787614,807.6648675116223,30.17180782479869
4986.153661343877,6825.926212664885,1232.6075667122693,277.9966526499551
5814.612779110733,2930.077911074495,1088.0194465594052,350.5890111675862
5713.414837806449,1123.5024403081602,230.7249622457912,300.21202164117426
4483.156002095436,3383.0029302245357,930.9524983929907,262.26300257505227
8555.570563515586,8444.810717420738,481.38818820763515,324.6741100751246
8531.923412965298,6069.645646293347,1382.577840019916,75.05475894373795
7508.2515902264595,5496.749153911719,797.7628394115955,186.91518918860007
1567.415007071,8289.480342146067,1012.0016674699114,328.74687690223186
7090.3815961733,5748.362303525681,1431.5943366389904,299.2897150116771
1624.5901291356354,6663.920973783672,309.5628904914182,263.0195477354397
7640.236691836179,6646.380754826482,526.2197248796627,331.3665151646093
9033.55237508152,6987.857346560007,18.20504515346628,189.14448814703476
3252.47627102697,5818.250138872551,1031.6760871283755,230.24684156429322
1392.6705538026813,3657.898863707072,604.1913005490031,51.81303044274594
6946.590037057217,4703.59694960647,1004.6776558472843,154.23090624038977
6284.684664052154,5470.970601112508,239.36062629263898,100.03853955638688
8271.978378255308,6727.652666452515,210.57958473859492,261.67656915116703
7916.874387263928,7853.2922093496,323.72771544381146,290.8661245394586
8868.711834432856,4920.884038066333,804.9599774238606,222.85767360026736
3013.6310524079286,6721.895188469955,213.09127999714732,314.8704384566794
2444.927010388562,2010.5111336776465,1012.2298021078309,48.50205994759247
2035.174703835627,1226.5961365273067,1464.6575508183678,219.24281521514493
2179.541060001431,6125.560912910204,410.67147194095634,342.154158516559
3106.1444820171996,4892.670735027143,597.7378705470151,154.64670346665918
8468.105905773664,4872.340851043402,45.26198873536543,172.31872344318774
2379.717542848178,2984.815985063908,625.2340154035162,48.15076426029396
4118.159928723897,9068.489774386817,1388.6639907853992,224.96282779518603
3369.435824172013,8445.294294823969,917.246036336131,187.054583384452
5467.585605906831,9400.136014627562,1196.0069830248037,210.87861450174455
6434.779203095474,7860.189761932638,781.6497416876541,269.8102951541906
5694.46199858155,6192.450031299457,894.6565318886595,60.19358695228083
3235.7606249359806,1427.5924851998186,711.1019480226257,129.1741934961758
4678.9556719613565,2778.851339773314,1322.6844005657697,352.6525293429962
5198.539060707309,2865.8378571772646,1189.9968115461902,52.5454789910624
6509.495397854591,5003.272165141976,756.5364188279732,108.24068989699148
3604.1935216499555,3762.650370155615,111.24806834168454,281.7856163475673
4126.329951270787,3705.7979707142968,879.2747016390471,315.39368729042275
2867.235397980101,4693.083933056541,1387.1273424424105,338.6886791894287
7864.912243426805,9617.423912179582,1118.412528709326,270.55861618519646
6002.147959968345,4213.493316373887,1174.0631884253705,270.63688457320535
7304.914061089825,9481.901813240307,863.9760835257573,201.12836258907356
9477.376712638406,5689.489854511358,532.2973879426542,258.1271723520345
4984.796168922373,3190.8337046959364,9.21530760608295,59.0908381745569
1222.1271364291806,3935.899093091449,1270.861933156079,186.0694093903004
8229.769360434148,9029.873598186608,1394.739397278953,310.3504847261962
5753.51074187653,8642.151426226728,393.92198215228524,172.2635593770113
8316.674765895048,1315.171822616397,404.7729547225244,289.34481702104284
9348.308412996774,1171.0858821278155,1138.4068023851416,153.12496784553466
4134.720354046687,4340.842772519473,1098.7405790550613,146.0874567885614
9512.744398277438,2108.349288978804,277.87673974249526,255.49362830853445
3694.411687424042,2208.742493027242,491.41857160069594,30.181603148871357
8283.103508794547,4918.875056566105,373.7990099286466,177.25985131001295
9438.115601731746,9364.34485319234,1267.1418577371867,125.02107711678518
6732.854287187909,8477.245540194355,270.1949028984202,280.298906994378
8124.747123166457,3298.28215012958,509.9530570927672,113.58249704987959
7712.1695536189945,9062.32827534015,662.3158760989562,44.88847890294964
3893.651977256028,6292.775978594553,178.00932654486806,122.42843811111639
9244.601040299145,8608.051457744554,75.97894991444691,34.179113018015734
1693.4074258023043,1845.154604150931,1048.4686206042197,176.9410274635097
9931.658060276937,5651.0742579095395,76.7649716889237,133.35520483145075
4676.286961136956,1293.687888918007,1462.0496352511607,315.16483731080547
7391.729750731937,2937.410964914382,1342.8981244905954,140.46028911008835
6061.109539089585,6966.841299692394,1410.9395506414853,164.44723810407726
6415.5814420543675,9605.742150903443,1368.6417740188847,265.5244256217996
7385.413655852432,9781.913829177147,730.4668683638023,104.1789421108671
5808.480666833085,3656.3361689493395,958.5079008236593,232.44001282924842
3087.1346265140082,4510.803948952849,1074.4296353294162,23.14530069552544
5809.924743311306,8658.19692650495,431.75394479850524,195.92837810028007
3674.3370208747456,3390.6417546661764,1366.236418001945,275.60658689895365
1743.2333801211657,7047.213020550579,1079.5016702831842,250.08232857038755
8008.278985571146,8351.395091831106,340.3836660673152,299.8401394204805
3139.554172791056,1223.1903604884021,892.309522743987,258.13119112234597
6874.938520222509,9135.856844316118,1050.4978095627062,8.724208012565974
3238.327658042343,2468.8052177505397,1442.4278280305646,56.88178331799062
3894.138849791798,2214.380743809337,491.95949127405817,286.9963972837034
6947.488341972322,5594.273902864529,144.9295595532279,48.22407290521276
1483.7924362177587,8403.757954707167,951.9352947566686,130.91902135039868
9037.116740154506,3956.990605652613,1111.6625339136172,280.26449800791363
4897.529496186669,2018.973138921293,1415.67053453241,230.6708637511886
1339.638809140846,5674.715317722154,1058.2841298830276,94.80496199444222
2813.367127514037,8514.252657585594,98.49754965007466,119.36756405087202
2640.765965583122,6637.8498194218,502.98108924622863,337.9257288575902
5864.174431174394,8646.793881725675,1478.8573432455876,194.19804773859846
5620.756552476519,8214.771171251932,1435.2281177176121,130.06223935528567
1214.1164753249277,4962.312175869558,1227.7343150790653,211.00049781752122
8462.647447667587,3130.930243159325,447.55639225123394,316.52880692402186
5231.770890897777,8655.780578185018,979.4219695589968,349.9450851858327
2927.076953849305,5740.847481154293,477.3089999946213,176.16324163900472
2438.794190717711,3588.773777106653,20.32168036315741,52.83242489762417
8732.232460662635,4292.465233994629,818.7428182554594,308.32680391718986
1765.931879872016,8193.736862697471,1465.5425869470726,182.7086954444275
5127.64253961759,7396.55516299906,532.8124573501398,277.4390852428224
8007.008627672738,4007.977381239701,821.124126633742,195.49679641311468
2836.6797103932795,8999.801601385469,485.61264627349664,34.31135433325427
3450.7299396736316,5010.740530111903,568.255561580587,120.62789194138846
2968.9122561032327,9998.495892739129,1411.0099910598974,283.96117273166277
6836.1519378226885,9711.78441006802,71.08122683599835,341.2112029311889
8806.198016083863,3090.2261449886664,475.4083412588071,184.18231055542762
5210.479693311497,4524.672820883313,268.37534885419325,241.83681707381467
1405.0761101749927,2507.126209288963,70.18376915585668,209.03692714860827
7624.393036863928,9549.817368523012,921.8049613660073,123.45940116816922
9894.624958505714,1866.7957552102073,1031.9832468605202,212.8171194477286
9311.393481816725,8984.697361074876,854.9905136625094,190.1678595552263
7714.5072922301015,7369.760586084922,1181.867831681729,197.57217392834633
6845.443014705412,5566.9082865761275,690.7259985595791,273.1613035726873
9649.988207164057,2268.608006138552,606.9170014286292,6.766136420951342
8827.666002194812,8375.591381324512,221.32651820541818,339.4741218578901
8238.186757911804,5956.371449324453,245.0338273319312,126.01632434317018
8453.989616749466,1801.006011186857,1034.294106477004,180.34960523116314
2934.835154382543,7408.6802569699485,159.85491222233065,325.35784730313
1844.7263701976472,3475.5817504383363,698.2119408374213,77.9015577682697
8168.953689470477,3648.0538504864826,223.12693378467003,109.85858603491047
5804.390756406337,3227.4639806338296,231.89834377393984,324.92608334329066
9973.897450065413,8793.844841996372,1334.244433359525,182.4248960831386
8417.035778659709,9463.005847492948,624.7226377972406,353.7523103806383
5142.371449225877,8670.511039291367,127.68071478369573,16.26920092985649
6053.276197943725,1167.2294752159185,806.044187854218,347.372093169885
9547.350162948132,5329.904979262839,1496.0143917995847,279.02040430350957
1204.4718756810532,8605.145228718047,452.42274968054335,278.5033606897978
8508.261595532924,4249.416329460017,1201.8181329244662,33.303182629240986
6807.509316035944,9950.69881712539,1370.1126472338742,64.11396022443245
4877.626001279365,8262.058451146217,289.0948523327632,17.280432089071116
2564.889545170631,6847.943176814816,305.9007500687134,99.3629173851503
3855.5380805567293,1218.6560917444085,483.7083450328883,55.89042563607149
3838.3093489075477,2288.4081543704806,1321.2848448956433,92.91519515990917
8070.848925062092,9808.375496137667,578.3112934497728,193.1770410448337
9785.703436166,9479.930435457989,1054.7390275440953,33.298958374979485
6390.2141378213355,4823.070529833985,996.0070136340663,179.73078785506766
2622.7583809088255,5954.703982951634,565.3741215818233,251.6937034434261
2570.395116331056,6366.305848250854,512.8994593002707,103.95712258571746
6439.4221089139955,8785.790562896736,278.03422201142615,38.015364115543385
5624.463833248504,9459.354123380852,213.17797096093975,215.13057927662265
6792.799351369582,1459.4553815927395,585.9084776603163,340.0156222292657
9280.90450672552,2668.1228938167887,781.9661859452174,26.384338573875052
1700.298547045103,4620.593712124609,672.8659194263149,186.85708398380606
4082.5121168675373,8233.824956790437,1039.2956880290394,285.3356451512388
9139.868455999622,1697.648492004505,458.05053612436643,56.6671734791898
3177.1893626376427,7704.581155762143,1454.4233329218362,356.8717711329061
4793.239403987575,8412.484481558791,1448.4332789480015,344.35830315260165
9631.414390776496,1637.9793471464427,798.15236865838,156.9392307904795
1227.7419163601696,1345.9773588884555,275.97677504081395,313.6536657262784
2199.8796176179803,9227.020779735489,94.70840916610513,105.24609551038424
8034.385276309328,1980.0237921971675,1053.2966590152027,290.2478554614526
6741.659648966302,4010.0353120904183,839.4962816334877,73.97278403271979
9380.042318239166,7412.418880286893,116.2817699068406,70.04856458343748
2170.9124023965237,3602.9330364393977,332.97105679558086,106.44757329812056
7962.73365101968,8404.403995142406,202.8027410067371,353.28891935771355
5357.673383556541,4545.579324540982,414.833214667386,58.762631320433954
7667.12907732844,1634.128280782084,660.7841837602881,88.38399352358795
5381.275690153273,3502.939508339737,539.0359426898391,9.11218741822739
9563.694528457083,8791.927086462067,1406.883547981362,88.2412261921475
4273.168668413189,7308.913331020898,270.7239727084006,51.644608862331644
2517.72971600638,9712.386643407443,374.3859845995474,75.85582104305783
8005.29170497237,6569.249012656586,598.1446885289524,103.3196158762192
9427.248335407252,9469.97166678008,261.3103463100624,280.8063593571438
6478.600163361378,6196.33368183037,182.49805416984742,345.74238881726546
6096.361305904632,5956.828048900125,558.1876143999145,175.18372768234838
9456.036193594193,3744.2793738706987,95.56872744908483,42.83883451003086
7251.577528036411,7494.96703857201,211.79134106882324,152.770511840102
7604.368701630362,3748.5387972974786,1480.9778943772442,324.9849580514984
7946.23842469531,9664.380324107933,230.79648930170967,325.6169906557505
5708.695980610935,3491.526415635411,988.143956168241,250.5673406109961
9848.203915229524,4028.412730989869,1254.2469280133744,148.07608504692314
3420.9451716310073,2609.305405964794,1115.114739081816,258.37252574610295
7568.4680090142,8372.41531338108,214.99080044405827,107.45818131944813
6945.616398480265,3280.162696712478,272.36704983940484,255.75112996950523
5757.419014548254,5283.366640337231,749.4112425478802,316.70948810567126
5765.2195732882,5773.7531244988695,687.4410097036441,269.97438664014936
9591.657088565835,7113.4084219845545,201.0987034521533,264.59425412746043
8908.186177250256,8233.394137823663,1386.3589376288974,299.9724171317229
2617.204408322083,5062.026880081212,985.3123805660233,35.05736110455523
1190.2250424261895,3315.858608576081,337.6431633876334,125.79363867994181
5459.776197110121,4211.456265000152,216.49679353984166,125.96250770325021
5915.134608571558,4569.831881511134,1213.1951818059724,190.93776927371204
4814.213223593214,6917.301857113981,1030.7945001964736,216.42400519982397
5504.780637975126,2316.2663846071137,364.5311631477762,224.72924150584154
7181.489083708613,8940.888804435988,811.801173340412,161.52331159562914
7696.5940666913,8057.00312002923,1444.9611059482438,20.923652201851453
3638.4052687024778,8597.223804492805,149.0532012414071,251.04719645978022
5279.923260107822,9778.058910920818,1183.5075449519422,239.70948011408555
2213.4722239949288,9696.964444556794,753.4683547867218,118.7076844646777
9208.000756108275,5795.7722731328895,1489.7518103065263,32.68514372939143
8031.31976113958,8092.286906573225,639.2816232211484,230.49839362778812
9177.216971207687,2568.743947503733,1275.5413426673906,329.8227297608624
7233.879343177196,8741.748959904264,536.8038814407113,249.62499606441835
4134.896824540749,8494.612583433478,1296.5934473173354,265.4502284301489
2075.1857025749673,9885.008239116372,292.7530651312977,248.97907264590924
7246.932671363738,1646.127116312339,1127.409456218259,350.4510813708089
4502.679293786961,6546.985980103019,1437.2556255279762,208.38889141689566
6785.418958284553,1424.9877806367579,171.39161634857604,102.97633651729714
4365.429468990588,1611.6266223324333,1130.9714176122816,8.104267742615875
3421.101706854857,1163.3628449138832,549.1845468006492,155.58471581504278
1293.5589760834384,8324.408129466734,183.44221369176861,57.28044972267277
4424.693907564833,1196.3939671051237,349.737068685233,250.62515063770766
2823.094664868431,5325.525146255826,1026.1163660950876,303.58181018417343
4643.7527392178,4755.002544845983,1096.4590189239314,24.725674397451794
9089.005542558963,8153.098805061082,997.2839202871296,67.07835361302593
8780.194111298766,7138.675426112293,1484.4628949805833,212.4770658705115
9615.22172876373,2298.8559005574034,194.5417543149283,70.26242243426576
9880.469683879217,2934.254304303207,1085.844285588593,41.88654062555288
9874.6065781172,9194.339111433681,468.5151735738894,294.24972598263184
8150.3273948556525,2752.4509156132644,342.25135553905284,78.04732166878071
5156.1665056467245,5510.257470391475,784.767184478317,245.34630532821248
5715.379425009256,4360.875041614449,882.4024196727518,283.84330952353037
1102.4990684584998,1683.3652291553365,663.7156789556147,62.742903764943065
9405.78911451832,6812.283072182363,45.92846455110442,303.6913029292193
8640.829958767452,8877.852191114074,894.6290172701634,272.1472962550245
9526.737430614936,6887.351643294655,732.1575648714106,229.9684541920232
4404.594492732173,3791.923637967985,724.4546631955852,61.938685327705194
3257.025573953636,9601.985481420654,280.78004661840174,340.840479715711
3244.8767567166933,3583.0990348677788,909.1643502677383,302.49514940937974
6263.333002576445,4614.113068201092,917.4986900368399,226.06001026342898
3425.501418724626,9312.742005574235,1055.2900050885657,299.42550312042954
5805.118138254351,7563.492234692342,1035.659918010253,241.39358897928625
2221.3375085190646,7607.91506791567,544.7790954527705,35.66251119565587
4100.988851031892,2302.927848242288,677.3340157173874,156.14051278708567
4810.336790434005,2918.036396937682,1368.8707366432157,355.8932647721651
3707.1929871160164,3824.6496247706928,1469.599396369081,40.61814204736237
2737.9248386930876,2676.8168128825646,275.7977062564763,270.1916819629051
9705.576094603513,4602.170525547082,820.4327516957237,319.9059794497167
6990.492671547928,9977.997372890697,972.9044722040966,308.87583690189933
1477.9763842698235,3105.7801858785406,502.57072481675254,82.00047408406716
1295.9515365069296,4101.573810135782,409.3610284949229,287.30696258212055
2139.595741541022,2252.753006490115,1181.2772382242977,35.4069883895281
5424.600313676372,8567.054050686369,1389.7141293316342,239.84306062055114
6794.087007442012,8031.385089492661,1080.5327453520908,136.78421613910174
2480.919800182918,1299.011272756751,357.1629977350202,258.9738357422395
1883.585445438195,6027.025181651183,362.12624171348966,154.5801972636226
4763.212530982127,8709.153540183448,163.1089220550737,191.5284183752774
4648.410204443097,4060.1161768476086,871.2957654506127,1.5996020122984091
7344.502588332745,2042.3101698610649,838.8854421610446,35.89602446798795
1195.4203744291883,8390.402437250123,28.06154302092413,177.80839260122704
7098.7564133843725,7623.516872097661,930.1935322504647,274.94658026435013
9315.704227796308,8694.74368551959,1260.1530823163444,241.29625405833562
9899.449173524647,2547.862575625143,728.7971698879765,161.66864919527768
1695.636673280521,7114.681356168252,892.8915876646325,223.6732517330235
2438.6300875236193,5889.340069295724,327.213093932503,121.46019226300596
6631.763906454434,5164.514532635241,935.0282185301073,236.51555552076675
6911.155783040931,4534.63760120644,1014.6929868500796,264.24698209076433
8783.993906654996,5714.651324766968,1387.1669338917357,141.58562488963432
4087.693749011805,9987.327114264188,339.15490818027087,132.45815859023983
9982.939257012677,3137.4352359835793,1344.4962272965813,227.83010442762804
4531.278575000556,9017.22759263396,986.6159618437176,347.13491631941844
8310.236996356209,5681.910026593955,24.241985304938424,353.63168628609435
1627.6009323394373,3649.5306305518448,487.25783435339105,335.23800778045444
4382.326658389824,4223.877797173149,160.17246972272068,148.31684944539734
6158.267219383119,1613.1566204707653,241.7445167871254,114.78149920055854
8894.301190162672,8447.373631860857,1050.2524608336385,184.71393044420927
4458.430659135203,3604.9153392149346,1263.1102752450322,323.7610683930094
1569.4919707338588,7458.6124027620845,232.96890999271582,33.88365191063769
2644.609036490966,1551.1621702046966,394.3945815973539,237.15458054512456
4062.001449906665,1927.6762039283196,132.441039792133,107.87854238986107
8681.144113873277,6984.821547681663,680.5161144029721,183.86255433488714
4485.11817107828,8664.991098712035,1229.6021528625104,156.04891912746555
3580.2128424576977,2585.216113022524,824.1153443919965,187.62577519082848
6781.565531878415,2861.3794191131065,327.17515190584027,308.1980393807143
6997.971704622416,6972.853138606609,620.3147516837414,196.17305189564553
4878.245690887122,4622.941500274985,1328.854168415576,122.58472221211728
3807.2927483569756,7389.918278688731,601.2382997165241,97.65058111885244
3717.036565396941,4887.705235407444,14.82381849003262,109.79570587025847
2206.3016689423007,7567.335560334279,228.02587076681456,48.842197374096294
3703.505204998249,9607.072859442598,1277.108690172149,330.90987839974554
8153.113419297884,4281.658979955337,1252.2283069042437,143.28768061914457
2901.9095673208226,5513.695119429877,163.7439984057726,6.261546774090159
7295.785425369493,8580.521450798864,413.1786916792559,357.5639459354632
6317.804061403332,6945.905624941109,17.738067696940544,292.5098805943025
3142.0092842652257,2026.6001855820962,1100.6503608113017,260.69827082326526
6952.644654159692,4923.2545501739305,1066.9761488699364,242.76791567204256
5198.457706666292,4774.620329323812,1487.0177994145054,241.20492545526125
7117.189929404325,5061.872303988517,316.2877077124661,58.03735557408324
4544.637871116176,2555.7261255337053,288.4020602695633,190.93127735612498
2920.2413797290906,7388.035867032495,1143.7597477704505,295.7461501647465
4565.134817026252,4750.164614308151,884.5940893902762,190.05331545116442
1895.1548385948142,1875.89913709097,1468.7288858652457,24.42518988693542
4603.6792061006645,5708.630096265122,1372.4954171034083,200.6416909260917
5585.569972846583,1158.1197589455946,82.9976187469733,348.7595967790879
4514.555586852044,7780.150546375668,336.7311092734982,144.2645759047768
3483.357435753083,4211.574383099174,863.106085253416,170.93613525388858
1647.0617882373465,2948.791528625613,361.4882560674908,46.645832006176626
8923.780726421208,2360.9537397167237,473.32561574660406,94.42639512341103
8457.209130955347,5322.341938589573,854.6247372050475,103.79283054306879
3045.2523327133877,3186.2609823954176,379.19710113735414,221.123010117059
2625.2098405841334,4822.73825545904,650.5797792402573,173.98326296090772
4065.5767900530905,4408.731795270141,709.8319463926445,27.338268643657358
8864.715970801837,6500.37181176546,171.45042638847113,328.2883850135595
9879.692398686833,4237.6383258799015,1303.3404093810811,42.198257096385575
4377.422123974279,2542.3263737454545,1077.041646638021,244.04604782390228
7457.9510328968245,2625.5431576851743,1286.1327526699881,136.80294770012628
5494.16269873375,2849.899529787865,174.6042179265911,330.87821059022434
5769.339324514776,7927.307962561912,1273.4465376828655,1.5899696147785134
2611.5196368245024,3780.1405653302177,470.8651071535871,102.65592765690981
7183.03224956044,4016.7351202499262,619.4996829458431,71.07386670513978
6297.235685557098,7015.285914846571,1269.286633931458,38.576914924695416
9747.248483407811,5097.3550470747105,1358.301253002012,208.00682653962718
8525.012776285588,3788.3119026240615,1195.899979522905,231.47711870314112
1292.658004062621,2572.2795726042286,290.2969815812346,98.02428805743892
8948.064483516682,2316.311223221662,1059.021866058032,12.597427784583758
1884.7974948671008,1469.314658275043,587.0926748890157,328.8562853446067
7505.945335384418,6997.254683716657,610.7740157453286,59.54398342154224
6441.249490911305,1310.0178854734615,1454.5409128418282,155.7241198677847
2348.0268433976244,7139.459320158169,935.3960644684408,188.40859258502473
5249.521710828552,7208.9400492688565,161.8454273900265,2.554739398356525
3643.1204563463493,5825.001580143712,523.3084727469948,242.17455541623005
4341.387053698005,8239.129874909711,132.7732873244238,79.27505471711682
9410.385977583956,3691.803997477443,1310.320336790017,103.78683110756056
1301.533885580549,5380.329735900466,1247.4855213313713,53.208106810110976
8766.514624126634,8190.690751696812,1313.012349396626,8.830010390477426
2326.6955410240366,5392.709055203084,152.82623237798433,300.8991752625668
2947.4173033357256,5138.7513805975395,528.224204717578,296.4075661915629
5448.519211083198,6120.802059548072,259.0228595909523,246.1374329003778
2914.926731017761,8009.335110175065,164.6776585458814,159.21875248606398
8793.293765319871,6928.663511231039,194.95344601108275,145.85570894134653
3924.374336887642,6542.133705871665,841.6248753293553,24.345392568780923
9696.829500770404,8919.310357623177,1378.3627204822951,254.32697732996138
3532.1866624051577,9382.933880401528,1312.1795709646983,101.28044576106342
9067.8559411641,9578.385750960664,625.8337399569215,117.79608726656083
9058.30056060749,2676.8803016653546,1431.3263728292163,246.96865817625604
8000.870223314387,8988.427892535974,1045.7467900861254,183.95652530871587
7671.780605659369,3129.7145786963038,1290.6268454631172,174.11994262172198
4628.22701294702,6212.384466941169,849.6608348221425,29.36690953257492
7537.292012435801,7143.533104719322,781.8405065266518,242.85788970050504
7935.006189830722,7044.507263720968,693.0611701823999,78.37257897981009
6683.26459470847,9445.652423464342,600.8493177602223,114.20927951753316
8516.805171044845,3470.702269052974,1240.8668412025072,67.11495782041224
7152.568272921967,2842.9891721563763,352.3757955471726,94.44001429734193
3884.747309582311,9084.715837725145,696.8507331198101,232.95619503638264
8013.888277288193,9574.748036817922,577.0548511623033,144.7845335271822
8896.723059646869,7087.233403264419,308.38561711972704,35.91532282618177
2558.954442607983,5950.22562027932,1365.6793001768503,225.78112962854908
6524.3712162991715,5935.521500789137,1207.4218448674499,291.90738924586935
2687.7875609863277,3851.143451101841,337.0352026647573,84.38545136199777
8570.155562167081,7210.347866256799,1264.3609883205947,181.22999355528157
5378.9708456819935,2863.720080809172,134.83549451564434,195.10725612886372
9948.85982360073,8633.471046767165,762.6974003970657,132.50883903433487
1492.3966350046885,1315.88957654283,650.1901559849847,110.24412064771008
9484.91239764952,4537.1798717988,20.56072362810825,177.15417102958202
3257.4701899674124,7118.209196021698,350.8324537490125,318.4284673020189
9432.9328557105,4768.089538000423,1129.9148637467213,333.99916949571934
5068.078179884931,8686.393037155545,1184.8800174355008,160.69884128721367
9027.137924787312,1591.6133608439477,1075.3141328967695,300.58602125521486
7644.963675020983,2178.217329063682,260.07238116702615,145.07868068979312
3712.203043401418,6713.0925576970785,161.62249953308645,322.3595502841145
3518.7151043721597,4269.239136536631,115.99341438336724,218.42402138808015
9076.885457164411,3739.9511869651224,604.5568421228932,171.93934875364707
2279.6870295905974,5014.710750443317,568.0002109447618,322.85208836011765
9651.204582888613,4997.7855260129945,1275.6720019231843,344.84548086973746
1286.6947581166128,7496.217241671828,245.2837424436305,70.5453832332741
8576.843963601677,7040.13865119845,69.42097656548772,316.6577512283052
1383.5274134791023,4175.652055300392,1305.2426994427783,339.86728858400807
9132.262125994039,9018.669978794536,1105.2600616473392,219.3241648688072
8499.785990935261,2852.340598286908,419.8989145186964,52.93210513430624
8849.909998386756,2235.08289641936,561.7271403279614,137.1086914235962
1209.6560228372548,4158.377501095609,1358.8137919941073,243.97098065002368
1918.6410539472104,7680.853506738708,996.1609130121604,124.87019527089174
9989.80679166839,8133.74393906485,411.9448389328663,127.74336781610457
3644.7953736971585,6126.491431858589,969.0861535912358,186.35522774767128
7689.834651409763,7794.79031241316,715.5851237660545,314.9087900860194
7761.928162440656,4845.09809575108,396.9506491353787,288.7325426141521
2701.606990815996,2837.215378699704,653.4741391173774,81.25263881411084
9526.429210791475,1875.5746052327459,1110.3297261700375,133.54002088250022
4229.988545315791,6718.95599717703,333.616211951495,224.9686404994132
1691.5813526634843,2491.6945089130613,326.1792059135345,316.07694311908574
2821.878680915098,5974.420190007264,229.09264765179873,187.54179765967706
5576.042444494584,7504.476620878495,829.0024472108968,179.40615148868503
6676.598582743834,8292.438626904199,922.3774224139555,96.5286844318863
3879.5779450158348,2671.209863118386,126.9166690118837,258.89791239106876
1849.8045294587032,2839.030906647301,632.7434226047488,139.47992402536187
4218.592284033606,9904.81544266008,10.396079263556363,230.04234627262483
1180.8720050627644,6452.304298398268,746.7064409461192,166.4708624580708
4167.595621926117,4929.555464414245,17.692217083355988,191.78311643383444
8419.29702242673,7647.961048637817,77.80370722473343,6.444284336865023
8850.107172496022,9494.06961939441,181.29503599275088,203.8042491756155
1234.4467864547855,2651.3341038275425,668.2915146894708,64.33859347674147
1379.9937671770206,5776.080804445671,857.5996750825585,152.28907305822753
5040.445645214153,3398.047906590065,549.2030508341007,248.01414493137727
5254.683115868933,4366.887902063356,208.07430875022587,206.36986839086475
3966.40181235649,6819.248460773505,45.60412994168252,314.54235826648215
8181.857193682421,9786.788997104446,506.20086690140715,108.31373918561252
8609.790700951304,2460.078060328085,246.6205690568779,247.11176366911016
3189.151032978282,6071.209003225708,1112.2455350052942,204.46585959502667
5648.40192494705,5087.867030857509,377.2602499184828,162.83386198981026
4124.737240572635,2631.5095196606585,90.79139248791165,9.366192025256147
4167.858145327214,1101.3100985656129,604.037017216708,295.6484008528473
3949.100757071908,6894.959812392688,840.0500225493927,171.86368195704136
4715.37826992215,7841.249403801367,1278.449161407393,257.0991603867321
5588.551881118275,8450.7147138949,1019.6544153527279,12.696740134929536
4188.969158526368,3206.0257331503776,795.5190349640684,96.50443136771035
9931.367538357306,2318.478301477876,952.6832970543549,246.19506542264125
4489.471607431236,2224.515739990644,646.6143976572188,298.89255982566186
1403.4873757635332,6246.858348798512,696.3190782328024,225.91306790318862
5411.986847377931,4933.082923088202,597.1771666478312,304.7009387772612
4071.354017351181,7529.528001660123,289.66989550629125,346.012900304799
3247.274885032051,4365.8882597175,1386.7420134737226,242.33850035560792
1178.5147998097318,9221.390648303823,577.145685975444,10.957092630213772
9274.010040947791,8985.341155955879,1094.5420586399946,15.882466663039542
3334.463979315247,8826.760932109128,1063.4803575178696,100.13432905620466
9334.728683908032,7225.88953131065,1283.985580554327,348.7601474751749
8143.662969447122,3712.60885943397,169.42941375121222,289.1174060110404
2147.52236656711,9549.724580986698,679.8508581648019,92.79319359574004
7170.899857741913,7093.132383076828,169.22479726260224,248.20469420836582
2151.6951669144455,4759.115532149142,25.884973731769275,206.81763475073132
6410.777899847145,8685.412881989992,1424.4120299299814,324.61727780273145
7968.005931168663,4657.259085616142,962.5341541791721,22.782830885255564
7597.872229111259,1867.7800885931188,58.991542058927756,136.2444936978023
3930.9213538952163,1623.2392492513754,8.424789800462023,231.06180704517186
5055.499444575125,2159.4765542969217,520.6100400960754,201.0019403343352
9545.104678000647,6517.089203565821,586.2132340851304,161.67174254599738
5143.889014561982,7700.567534438088,852.8438286449284,226.5488679848662
3097.136019287953,5084.269514024027,276.0076639294497,231.4091282104771
5761.043790005739,4988.254338344483,557.4271877092784,87.52717842368938
3362.638180537865,6325.030414529997,670.467101956768,27.291346685546305
9052.148713319124,8711.49842390007,1492.412745240402,298.98981004037415
1336.920398504387,5060.478693004145,899.0852883492857,172.6595519188756
7943.921667668098,1335.2876703317138,462.7706635063118,87.44131995046274
2147.0519949346494,6205.282845152207,1391.516829812001,193.36954545975513
5633.98579587968,3211.1998131550085,609.6403588939132,198.49090227018743
7338.873897378801,9510.293008241782,1309.7706892118367,282.20934266359575
4497.1126227879395,1177.131610470376,761.7293677346152,237.66131489095847
3217.6640085629015,4796.087192399873,605.1288051274964,187.22452955444416
2302.8668023493724,3449.111325274838,1344.9000410815229,7.068439507225864
8951.124947876946,5102.684305368066,1046.7983066733736,293.85101338604875
5521.548515102906,7591.350285643895,1413.392597031427,77.4973299797639
9712.704190381632,2777.6103186864684,536.7857583493321,108.9415220926075
7561.438376307198,8719.058697742315,1249.8133565116966,15.47607519263437
8582.749854336658,1688.0406435140526,1017.2418979343691,283.17314287086936
9063.839598587674,7903.137657838331,1036.56639475292,308.23097712220846
5427.344472246616,8888.094644588822,1350.74998811457,292.4611057430611
8785.183647901431,6863.001179363976,882.7475806913237,291.7962061388896
8957.7105262177,6289.657393401985,1150.807321624172,257.72132045901856
5049.5324383054485,5162.566146794212,314.0068380623085,269.74743012791043
8062.414055947687,3417.1166765113185,922.1674951999447,220.68694677105398
2536.205619707107,4836.167349993666,1021.8458740652675,276.74658198392075
3597.0795872637436,4110.8677715829745,1419.300631520458,294.63912711319955
1187.5768478539624,3884.817327848369,279.5291510370153,227.08693577861385
5578.943651128489,2577.2669653465264,499.4246653051423,80.02406466301464
1701.9753621815153,6529.70462634599,500.34095836326026,169.50992286827014
5870.757258768372,5632.0112626821565,935.1174979700102,338.53958308394823
2320.680067450233,6219.623423709433,510.9229652395338,134.68670053862394
5241.7612427671065,7553.765951229362,1487.2163341150488,72.15527063965716
2897.3071778185936,4095.7581154172626,145.95200607696142,121.19063690284747
4468.897585145405,6776.396025028096,531.5936816972873,301.77067303877504
1939.6511041790268,7886.106732893732,400.70522684068806,283.3499494447367
5264.361285148966,2631.2413407941744,1146.8038402827046,127.75669897680976
1484.0754637966274,8869.58873750407,761.1405465130726,167.30375118137943
7459.370810149872,6385.284200063678,955.6211935643408,114.0047687550729
5209.107958967676,7144.130887300395,420.72759542260764,205.09932296417463
2609.498126945582,8410.184966600373,717.6994518224069,238.30637403941788
9059.873126251836,9757.915222414746,1473.9874864947164,7.156305617568054
3294.825869096453,5903.260640119616,329.66876660723887,103.39725976482993
1766.2561672720617,6358.877118772878,784.28171488967,213.8062193070751
6799.995013638842,6033.838231043544,1214.0571927781825,223.5720074558945
7245.89579943428,3060.0924848282066,1380.1121870659822,227.2871705909045
1316.23847424648,4338.5681542065495,963.5347093447244,321.85286542969743
6675.226977963727,1122.9032959756557,1137.5048478254218,273.8171008570247
6760.730076425,4286.626261362297,688.7953836135864,128.96264725183386
3620.4685025842728,8333.500486632152,1416.8392431284412,176.45252163534178
1910.4608276570261,8060.57371953073,1364.984224330358,23.88722971475069
9527.629779327663,8383.671380519165,163.78289764587237,310.1521217066242
9720.132052508823,8686.381165416336,279.72052437279814,276.1602060533692
8428.774636196324,6260.886670068659,1127.0429575213761,242.57448134528565
7803.644544425503,5873.680963885771,1213.5920614074794,336.78722578213643
2060.9319090645135,9571.994254859688,443.7686937875401,209.9032904981058
7474.05515940252,7962.76162528377,1398.8729085738248,75.14593009785972
1149.8103894362232,3819.955334207823,1271.6772637431015,57.14763051295443
1371.9073701061332,1904.0438995058948,776.303044435069,166.92449924694915
9955.414865297726,6501.66313367409,398.6273844018656,10.313460144096243
8398.351873157135,7160.954562838207,1269.4142732928235,218.74296934212083
9306.487350553896,6338.1277266966335,72.90118381526953,331.44655465912746
1130.2593338875201,4603.183058396862,342.79720126308035,169.67283406447535
6056.574225943423,6557.423562980861,127.54644217710884,320.0042730190404
9019.36385000105,3327.9773045594816,209.63105594944977,125.25765439125483
3625.760219440443,3002.3254031796614,1108.9051016072656,257.135436134928
1977.821237104014,1951.6247926977967,1067.8061675585898,326.26642802085377
9391.377401939795,7921.154948084813,999.5690165833386,261.56299846313254
3895.0616134887696,7869.599632212245,748.2845673581924,33.26781247622451
6986.034810833764,5527.2301557489955,539.0199075764432,48.00373593002091
1310.3869486623387,6776.588101793656,607.9875836406648,55.11267607743893
5070.147117952951,5245.73012376951,644.3892501419816,5.555729782616597
9727.30390604416,8909.308726378584,306.2495673807309,134.57213163995652
3932.316488334723,4003.030421408621,21.830219315139054,153.42370821121796
8883.75747694122,2789.6412731427536,639.5289826113212,298.5530428102588
5371.620461921949,2032.9381001672207,1250.453947047261,304.8633152838004
5624.380447665257,3382.287704395498,1013.6700609456095,282.92228927107664
4290.8584116341235,2401.669867516621,408.88411856981463,32.84221075520135
6661.078322489648,8094.344168108825,297.9724884876032,203.92989862615903
8659.304730517095,7249.200504629232,1244.9868667246355,80.9483020094525
9886.830361738028,1620.1419132887668,109.00679911628889,199.17832654342777
7171.8923350089235,6054.2928823027305,264.57968378541017,152.8369341840124
6715.46309696182,2079.9650321159443,1342.2394301521417,24.946078843393003
4218.845599682843,3258.5901181460563,1438.0418253713071,347.3400242681745
3614.523944030716,2916.1694650765057,1392.473876962446,44.01025093427161
9535.919585712638,4422.32230151319,950.1214950197873,9.450243343882557
6211.930302639364,9528.48993641324,1035.7853835228736,176.3635814068476
6544.765074119257,8352.669686741336,378.33236301860535,188.54990493151482
6717.140196494262,8524.220258880714,1243.6201343450277,342.8767140800336
1255.2373381161021,8579.12965202039,85.5621132247397,93.78168951776959
6350.214333844869,3811.429442168868,1315.8917726873196,24.02287681186684
8069.69359493019,8318.070692220637,714.673424173921,348.90818832953306
9620.352117264154,8959.801439911542,395.15445666938945,245.50149788346747
6968.1340994754255,2813.1558736654233,1.6954281198690029,178.34236963833163
8636.43866382727,4325.268997558876,387.0759934109706,219.865953593063
8044.170130199749,4269.308845319683,464.1743644239023,323.98218111903725
7329.997436750248,9613.664237144145,574.0094140820072,243.24963817742656
9826.245811291317,6049.814028356312,1423.6604897653292,180.1171970708931
7424.718257640913,4149.893052355232,1037.6165571921667,192.64357672163655
7186.808616533892,9491.59742984277,753.0296864060157,276.60891574475323
7207.366697614853,1336.35239846704,670.1270055664377,298.84671369496033
7292.211703786757,8082.050998399678,299.50894358825497,7.873258275878748
3394.9316475534906,6201.770932126855,1224.6892702791586,238.34008182607332
1140.3803985963746,8905.483747667766,636.1346500889979,24.956290484072145
3507.259229229512,3823.256389895655,425.93858893752383,138.14489965086477
3750.098435774146,3719.5631967511704,248.67793521422047,342.98847256393543
7574.561266564409,4373.746123339468,10.374840130886206,357.73210609251527
7021.350558489888,6266.760979894148,93.34714371308404,220.91705844975533
9250.533295777619,7248.821602541136,365.9093963676388,165.16660876898118
1790.7026165804623,6836.294405919679,1415.6736878576387,164.50051038974345
6235.4655774542025,6911.237412036781,941.7840455941531,193.22960641106144
2345.848338658061,9262.98710292048,560.5148838511977,252.34569881983074
7223.620284141175,1159.9076900709888,642.4771608967505,81.55513603201773
4828.4338202677045,5358.170298501609,174.44194753120487,139.79837041126888
6820.784746078512,5575.711769762293,1309.5791175387114,1.9366422383987487
1116.2257876302995,3625.413681294361,836.5832776320487,267.4375860446614
1305.5810350930321,9800.594748222687,840.2071234108604,58.14795290413664
8907.32895766887,3761.4664872290305,403.31218161446157,315.4439106526271
8839.998662054026,6882.066245116319,248.73321490284758,60.07665272595979
8857.673526716066,2074.752521641484,575.1477420433799,1.9069049424804216
3757.3426649212133,9374.386404244246,259.3583402429297,10.603358716154425
9334.015241016605,2107.2536259188882,290.0860681114529,359.7084890694513
7016.076662323917,7203.3614980975635,936.8932069876824,44.39985507874624
5422.711258354359,9331.614778965888,1252.4441316553232,198.09427890867477
7120.814649735815,7427.864894584064,1008.2930720817019,16.632784852819363
5418.306638312325,6968.222066710104,740.0057982355636,105.74606554132129
4701.643697300812,7101.360770689286,513.0510788902824,225.32316252728313
4399.5477659304925,8346.021395054988,1131.9553453971237,48.039317535944264
5356.355773995444,2247.4207593701476,814.05105262419,73.27498479106485
2912.6032963565567,6596.010757601147,475.7225793563341,221.00212089984166
4986.630109273716,9016.65725821335,1335.8486384214289,287.66568025626214
1984.124594289251,1234.5479655915321,1283.7005528748336,278.4555117983113
4585.364649492594,9897.266899908947,1417.7828497941327,268.37661339081296
8252.244915846371,7648.272657327095,1168.090842814636,57.851688668934436
6830.951501345697,9849.927393753444,639.6193465395046,205.8354100003641
7699.38477685724,1117.6702762859543,338.4688579194804,335.74435216609356
1222.549425260549,2022.7359503221173,693.056484987327,233.51412584178675
8161.6368896883305,5423.361155363207,1398.1889593637625,58.11185645177673
3883.7897316006106,4337.020390271875,763.6901676031355,270.47851105700033
4421.719766124115,9349.560171179008,98.59138542871864,313.9327445817707
6786.881256929228,8898.389360403899,513.4549363855924,107.87599590041955
4572.826617136059,6685.761455680404,50.73551227728179,146.4998463663571
1845.3077238961419,9226.077713630391,1039.6145560374127,137.37141983614404
7461.046742349053,4061.825423429876,1158.1041147581104,48.36117377554528
4140.108353983143,1409.7261526707925,700.8417645978768,331.53368871333805
2314.1452005254573,4495.928005119409,840.2848907429841,230.91547797013754
6755.299789354346,4266.636693041983,999.4717298900239,88.40395529962026
7674.128690816648,5032.0573138776745,1242.473046506562,162.19028907890853
3055.402492069562,1353.193705557374,692.9887546428257,203.23393174729526
4773.416828497286,1641.4391651041528,23.433524972278747,309.35745471774226
8070.157001556044,1467.4848588917007,69.04928238065366,197.46314742806922
2875.2811467289143,5245.265327306426,1391.808872043556,1.2148714038140562
7528.7304982247715,9592.198973244473,714.8546583006524,133.2846007410298
7617.894728964894,9707.036847090782,975.8521260909804,249.43582969283077
9825.79773729678,3949.8884507223843,1127.4322508182845,96.74971656774491
4675.27536509223,2563.717465958609,738.459989843181,294.9700480228641
7688.3539193884835,4987.098375607582,113.99986738474283,248.7689075320112
4942.81771718025,9870.453112649819,1053.463108574735,238.53984301648154
3698.951817669154,4371.053629067485,300.9251936811087,272.04791275624376
6173.087999099485,3855.3567151572497,411.91827266821366,338.69485409295015
5199.985885802603,1649.217472715473,1344.9295617859734,326.0112386712838
5144.159961441745,3897.7615196690435,908.6294009702281,212.81269351607355
4063.78074626977,6844.103678677098,336.76433226419124,69.68038410190616
8092.991616951677,1237.606331612514,78.49253447246576,40.040657230930535
9741.419359751155,9691.144082465522,622.9905440983523,148.09291323530135
3668.36271291143,8412.572030592499,288.477870170152,4.455530768374523
9740.47709710751,1966.7859589213354,786.4577534631565,130.69857340465157
4579.657841655113,5726.1182462847055,460.8623103717169,59.55098165532831
1687.0616674017806,3798.530979475399,1138.5393156475077,17.134976140101582
5308.959945756883,3243.0220294477494,380.15580722222376,88.02012508962979
3646.89895484171,6564.358928951978,529.2514763629799,332.06977326787774
5308.470418579767,8601.972832075342,568.4691074878905,101.66922815308092
8304.381636240709,7720.272741470222,43.29801481512716,315.6075020118071
6560.238432182987,7321.086458610312,517.1846995260609,115.91449579102584
6077.76149731446,7951.97306586681,455.1662995753519,159.60398304664122
6131.1633763654245,4307.555391635393,1150.1644439735087,263.48085588342184
8753.826116502474,1607.6066305587838,691.5167951650081,219.36020167706425
8549.088241758203,5907.021679183538,818.427155563731,22.350051415722692
2019.3378059417764,5444.969913841508,1057.282328593923,265.5455856084164
3776.846368009293,5364.803227214501,1254.7755657933913,8.391662496398592
6310.573192896643,3987.842008990493,108.88592904878296,56.00248036373855
1390.7970002055313,2308.029704983259,452.64269215439384,75.39864187490639
7922.777629339434,6855.611268787857,198.1150857690798,58.499660366401
9098.022812655558,9505.973365268908,721.5551138431385,121.41515880084171
4241.9067522062105,4456.700935769379,133.46465719733496,64.29644597674562
8804.934101595401,6164.285439551941,140.07531026474547,235.63788860555158
7643.322364117296,6550.435124723087,1108.0607659106156,21.244118988740478
9694.666286655665,6162.5549113050165,1065.104906502674,151.7873627827445
5384.881705570138,9495.36453732068,25.757228766952345,267.7648853598556
3387.109614916989,2218.0926703505183,855.0454603612889,187.83235591456446
3840.822564202758,6918.694507239616,1156.0743127271592,272.5380918778705
4011.9932852347106,2341.580327679527,1009.1400618506651,84.69071420879045
1421.6403387143828,6166.502352857051,743.1098997906204,311.5283224620763
2374.8722344919743,4379.489892585354,238.7968508612649,295.3291923486878
8565.850051136971,7326.51757983548,68.97312433871006,152.32476647772143
2991.5228996490287,6050.088827422181,725.3501180442977,333.0124129960169
6968.308475019086,6865.561881964342,217.486717620457,254.96584292046586
6178.352290913958,2822.4686082594735,843.3849069276451,358.56561459795296
5139.101044879946,3916.8150107326437,1408.9131136195097,251.01003864618446
8751.722637179671,8771.073543298928,1288.2273746146916,252.46960849304978
3995.9306807140497,4909.484217240291,680.886340780435,196.31818102655913
1295.3391489965825,6838.751923296104,550.1310029835196,345.61823835675625
3179.361591800527,5459.431541540958,1081.6886584980418,144.35229554648683
5525.11351562832,5194.8688068716,584.7941757291773,271.2788819109599
9615.967894714631,2013.3847214434763,1118.1799207783952,88.99002064810486
2003.90574197474,7429.800776364688,964.8229086012857,218.46210016186498
5754.687407520264,2053.1842083824813,83.33735594024665,245.16136730386276
3017.8177110284123,4080.299428770101,563.8755319383444,296.781279267131
8112.784622427076,3521.0060582718033,305.74836887889523,223.66064030578949
2413.130239034009,7224.00141742815,188.0445208270783,91.9502493655502
6339.4620429280985,2046.7926936054646,1485.163454670877,227.83141691657227
7165.81275833318,7616.96625864973,1006.8011966874163,245.04503333291095
2732.6287237968636,2349.1441065870276,868.9594116778694,327.2402403871407
1773.74468163838,8650.035567785591,70.69826816838165,112.2149332503798
1300.7883122349615,3677.1943135618435,267.8444759770531,322.5222559835416
5707.632746005806,3384.073715009772,462.82698556725217,272.66354462711536
8231.583383623347,5282.005099852123,1144.2383923175905,288.8442010009574
4097.721214992481,9733.772992595395,826.490380425815,82.53879773876488
9496.480296219785,7333.632958604788,1283.801619224377,278.27441299329735
8749.512112428001,2067.459812059902,306.78903808394534,78.47147224867673
4769.678341878356,2670.174825302196,129.94209607917554,255.3193203670361
1893.6230281815679,9708.272337900997,1206.0855017834347,164.30045871449718
1388.7063207353792,2345.45256822684,870.6767776042129,11.478497691491217
9327.789410379675,9743.077396861352,1445.6433902614722,298.06293626171805
7718.645660184168,5249.165030911152,999.9049735153407,278.3163813411475
3253.2169249976514,6131.433701919634,448.32581828225204,142.6510448855668
9448.21758082993,9063.895866590527,876.2138403050328,76.32270655658793
2406.8748109650414,1551.9400249672387,238.37023501710044,7.859592661502643
3508.2453794471803,7715.908134816145,365.5327817060002,74.40650329885115
1195.360593107377,5236.172122423131,525.3666065755168,42.76198275460397
3936.145382365139,8900.934580780464,442.1193021857832,311.68060779100097
1573.2449461044075,3065.4775485333735,809.7670003162268,336.6494406977426
9120.413505440276,5224.858452904439,1442.842383743548,289.9187578909584
6088.9769289063015,9227.72843851149,483.61948831355977,215.1746068586478
4396.013702177312,4922.479469063104,1067.4054274454893,227.1154201092947
3433.7756251577275,5293.246449326793,375.72439263205615,306.9180695461544
9192.406214063238,4955.901747554721,981.8993663604576,30.6263908928446
2791.820684149304,9860.39436506802,1050.908621992659,175.70917812840332
1644.2496314175353,9003.183660735855,1420.8542595837198,341.06441631244377
4579.998853159738,7105.267771106705,1134.282083119039,105.33179872110968
6929.5986415350135,9500.748990369066,1265.8684516550509,200.60741405586728
9465.30466707854,8854.190485178544,1469.4042276688144,110.6813764123817
3766.585398077265,6071.683071275246,781.3106977762845,200.89307743144818
7071.711264409428,5005.191768355178,1305.8453411970388,26.423006740649672
2629.150263128152,6182.4858147031655,419.0261913594168,123.2559929930139
6189.10844952023,5058.451581297271,1265.939966379639,269.11220594175904
2777.28047856612,7147.219905219626,536.855572081159,356.92319188214225
2486.3360670971424,8265.295254560224,738.5816073160166,113.83511817890019
7445.429242334717,3845.9209968196947,647.7630010423158,193.28062284281916
7663.359929866497,6033.0296753980865,1111.0159243589214,81.02600393050739
9211.746618282546,6746.664236239768,960.4989430400979,305.7913539774761
1509.8691096000816,4764.286240612141,914.8524558195545,5.347468301662855
7077.065717065604,8165.997369443124,422.01303294833,96.71641300160675
1825.4723825669448,5552.233244635522,538.9992005782484,356.8767093047348
9603.940444958467,7937.853822477799,457.16480068627567,258.02878602891883
6976.2340587064,4692.02931848513,48.94813887037649,311.24581966571566
4145.6141489034835,2355.008704754649,1387.2573291581398,241.87241514666562
7672.396960025035,3542.81860720472,249.4692078439552,281.2891959901796
4276.422448560204,9965.20756580605,263.85561533282186,168.49527464552224
9664.754289965183,7577.84166414065,1176.4172597750153,358.35167371359023
8943.022133854385,4740.220658376764,1433.0482014240458,32.88866354630241
9143.928567579496,8305.916525964756,651.0423945820423,43.420934812256355
2471.2023610640717,4954.718402258384,1328.098038904963,193.1331546143532
5238.574493779571,6960.148807479899,346.99522581284464,184.87102717969137
4270.6601249015885,2400.9891830778665,456.5784482086973,282.46878320950077
9701.91420663015,1413.7055211193708,724.4335607160663,254.32154269900622
8060.244789854573,5824.05377323612,648.9738111725716,223.8300910568059
1578.4797700598401,3049.4996442854117,717.7963595866911,196.92523628133577
3332.7338884012465,7208.576848138444,95.5832175126095,284.66009484833745
1144.8320406751382,4276.49503489341,75.1841426734041,191.35830927333558
3597.9424851346703,5551.0420606797115,263.79410669386283,56.44408275531969
9555.80491758805,8523.627121915417,495.59286576635577,244.96323886003367
5476.331237976614,3298.2135228204697,322.4246147914851,196.1625786241291
6167.0073082708295,6971.724394305527,1156.8292183594492,5.751897764008266
4813.5315173199615,3223.945757808438,161.63017875319585,215.02342932783213
5420.661685449286,3209.0299548150083,851.0246926278002,171.59184823037242
3069.248682963883,3717.977741925791,1272.9792118291168,354.2137641934618
3264.488843794393,7631.394297532525,713.4840430422223,150.99369181703784
4114.248461603734,1885.9000185570983,1069.6352766201496,207.63109340628475
9151.19755932811,9473.699445921686,373.1312297019046,190.345550637171
7223.619138768005,4226.957063346874,717.7985361255655,335.79466485599437
8889.29693745784,6846.60645402414,91.18081741368924,6.793384233585081
5673.89254103903,8491.182237963509,252.20897941873022,151.8453159589535
4974.578362906461,6730.012924621032,175.94574056152692,253.9390395239166
8211.892298802162,5965.853487803858,799.1458766766416,161.01540478001368
2113.90086236032,3236.924560468778,1073.6574843215665,182.55609827153674
9075.397288232536,5273.841530208178,795.8398405978222,127.10821980626963
3581.8414802196517,7647.509769496757,224.2066971235311,335.8719404897501
1352.5804544904934,5094.695321905275,833.4033029794143,246.74430828387813
2955.755369266595,6760.859529651803,517.7604487144679,61.911032089131645
8237.591888213865,7977.495304803116,1013.134325872242,28.887210530675564
3141.255664509333,6951.541353877282,656.4921909720018,29.950359632008748
7454.3251736892935,3580.5667855015263,1041.1942820629479,215.62897209561197
1683.3400176878458,1336.491077335007,921.4389249618494,244.3687024983384
9164.6915421788,6424.474588547181,557.9641846282169,263.29846132755523
1635.3274556905017,4032.444950245302,51.066432920112945,301.62522405506365
6397.592154819065,9977.884887887323,1390.182617530168,250.3074493974998
2280.7849030507996,6965.473805593551,56.61061005606228,30.73846702236483
8496.500375498927,1302.4076410612145,1462.7697229026974,97.28235519262711
8823.874187008052,5802.381632945887,756.7882419860252,97.76851348266513
3511.201568452872,7919.748804484123,345.80789023711804,222.8794135092553
3044.817578608184,9439.040167341544,765.0379395322308,359.61233812617684
3595.230900354522,1925.134849324716,298.5272825619166,6.863406227697073
3524.723856189797,9208.405780812147,108.57726463523139,249.9383866543935
1425.7615358953456,9582.007338028678,923.6238929958079,196.03794070146066
6029.804402529514,4390.300062675966,381.24340165532016,128.4244535611447
2122.014066769847,4870.649914628837,1128.6176534128297,313.2433043364619
9387.160302045673,7823.953522194865,1294.0715869032786,149.98667363691
8305.009778859689,9803.307106031447,191.19023347082188,138.3627231524283
2968.965992226772,1105.0930524801588,1289.6610437669704,40.62991397460011
4572.2052870004645,4273.463346292685,915.179135523088,330.10505928947407
5279.619174455565,9263.84418810233,1314.1674520019428,356.39106180690925
2268.546144178079,2174.2038869463113,779.1696099279696,247.77460269633931
8802.113843987012,9296.240269660215,648.2258696633088,6.114617899202608
8747.77397956204,2120.3733635466842,716.8455625951531,81.36736296147689
4498.511305622529,9908.876903727614,317.5063377103925,72.9725953775065
2626.0291833586743,4338.162108726838,1010.113622910301,127.73247034265597
1886.3635426658839,4424.905442443973,973.2832621983019,132.9399968221863
8822.352120930771,4998.405068721158,416.06757303726636,291.57562548026107
4107.34538178131,9570.060527263799,704.4580209292976,175.23052297557658
1232.2101142234717,2449.4533663443517,1476.8143747163856,161.40748790476147
5854.103220684917,9582.075219944085,500.67108048932164,17.115481652924323
4424.300485783165,6630.2757515137155,1368.5761676933955,222.0842628200174
4807.374755787968,3022.0422549196865,917.0391971020031,343.8619337835883
8637.374756936642,9983.082892492326,358.69308479330846,263.01299972059553
6203.6990532798945,5574.133813570717,351.09342564335697,174.6978065402909
8050.977305861631,6139.007477886362,375.8503453924672,202.1391831850648
8205.572580949924,2744.92574962483,202.90804680885896,197.22432674642752
4733.944572511629,1349.3219101539096,540.0748372067095,319.5323126638404
2060.357810929582,4910.249692931515,986.6748802329811,204.47836864260825
9107.475951778655,2597.3473318929427,1147.6259246044358,289.5646542029624
8218.71674812957,8883.25099584668,1262.8046799763147,321.5559940499794
2432.2351010130196,9955.16555810803,590.7088711298536,282.2483832809299
2154.994101367358,3708.7922977862736,1022.8916408092111,242.35835884688987
2476.532433560009,5176.313393457819,1210.8503978753213,120.80775546079506
8893.169387409429,9133.688459992554,1305.7950075970168,92.24644080258393
7580.548763703007,5295.4261854936,251.56873817904815,291.8589789128201
9981.64808515451,6331.715545254269,493.5687740117986,149.66534508546502
5392.472631774429,3731.050908028694,466.4452213182113,354.8237184576986
5175.496602221881,6215.261349470181,241.75068698126285,359.97548721091624
9466.495332411725,8511.56048156387,1368.9290834812577,53.78682486352145
2654.038915899947,6431.3237979385995,318.29970106574024,129.5919490640546
4553.92880357574,1152.5760002433872,107.06769209577551,212.29845133236543
2441.1036645281656,6328.343348256056,475.81534612157145,182.87775182030072
9139.342656096745,4874.948804305148,825.8847742163198,42.47843673354613
8303.724362462264,6670.18617341261,1427.5419839522651,340.93324853832894
3382.4632083791134,6634.04645347398,1348.8341964351096,171.86898925683744
8636.023712867547,1919.6849340735776,361.41535080413206,225.7077410134896
4292.098874548372,7075.377252329899,1010.2936077879989,124.61870196492838
6060.968709298701,3157.1025162096944,382.2439640071311,99.15367847452346
7723.151945266987,9706.05442312948,154.72682923524445,124.66563170688005
3839.617571655143,2630.362012845335,1322.9091103381306,144.18620725508498
2952.400791423351,4626.77135613722,942.9308519196129,100.92222287176888
3101.3739176556765,4791.956843426042,1144.9088446128285,23.61127687998603
3828.3482171526443,1373.3314021330102,596.7559541574893,2.7375695277303604
4021.1559561855033,9420.770290241766,1257.5189886602204,109.19886637640798
3126.182394970243,8370.55035574322,828.2605269528802,107.68197471524985
2034.5283577667847,1734.0905522467326,1390.7354903518878,93.3091406681796
1702.336579552597,5458.61521892701,691.8868042321166,82.19686197266172
8663.899394262691,4754.93138061617,651.5369255929429,24.79358247519948
1600.048807462777,3517.1895162029,209.39360844564564,46.43127090034326
8471.851124539015,5750.81771462848,570.4637372245952,157.86419806937866
8332.38163076678,3079.567814901573,843.4353196852894,228.0646365570848
6647.811854455249,4433.259898377746,923.0768759877483,12.135329448770712
8185.247719036126,6670.228732494754,1474.0767219691488,69.84732879238938
8523.07103117737,8717.667116514956,161.63014543393362,339.43176048198256
9562.344796675887,7222.809005290915,1398.064261191924,183.4193382877788
6182.252140436156,1286.7637921452883,1363.1555818235402,104.78277375443719
9794.794801775879,5070.625503726027,170.89953857374786,41.17455374814307
5550.055576731517,7659.733171187668,960.4644064136478,316.0752203995033
9727.829878447757,4120.059515577606,71.12957196980572,259.69197362007725
7272.941277334205,3899.8799730486217,53.14069834035813,71.70898499164353
6245.773678396049,4099.073998624048,512.6685903163809,65.96807041422802
2262.4249284219477,9619.55930164404,121.52019842804964,322.6579157994973
1613.6797704304513,3542.151748924332,58.73526398783204,253.68673332494905
3638.7719996633305,8215.166981228369,728.6498014787487,219.06003013674484
6534.65419633438,6061.053896496211,1346.538528482461,181.09730383456562
6643.468952619733,6375.4875052038815,1115.976045936397,87.46249996664467
3755.5774019993146,2885.790757742323,357.135519987798,309.72073922614777
6807.550606362133,4415.398704764787,1418.7063844443974,38.8722782189628
3920.930945861792,2528.7065217736244,340.5784717957846,126.86758673160956
6071.784382288295,7562.314061956447,428.881009765248,24.914312973803664
9522.407088663633,9797.037980042345,728.6221323150919,91.04609727409799
9647.066218736738,5655.637491520893,1194.4119369570506,63.26577016211567
6486.314513075805,7042.161221423167,1030.7096775357431,121.31850088250953
1197.3656411178004,8223.933856718633,925.1291046187176,262.40597709529413
6278.672876356973,7426.664228214673,817.9366353024923,57.75480590284691
1372.0441506401646,1550.9493860845043,232.25198631761307,6.472254908862082
3155.80602481565,5682.084085652014,703.0899007052549,105.92384124977671
9624.485732284475,4692.619816142523,291.55564540618514,153.0454253699582
9130.245310140981,7040.162561971791,106.51307345171267,59.35584308885854
9705.343679536221,7012.421212677461,414.9677506975003,34.90401770854742
2197.901112098711,9286.093894952657,77.79123494287028,16.668511380923185
9163.332520879292,4077.586801515625,1068.2465249526117,223.00810254251846
2562.6926490146147,7107.28700687707,465.6046928695499,237.03024698036725
9177.71107688649,5528.147275538551,160.35199447134468,52.93542383146488
9120.221143282099,7151.803860197368,1419.84569318185,60.00159195321202
1391.0384974495614,3573.162877735867,106.75262088658228,232.4725516760616
4563.545812469055,1629.3263099654441,370.15937575620575,16.921647621007978
4349.643389879808,8785.106018408416,596.4027026828988,221.09971326863246
4020.527141024069,2041.1447525317826,243.5349761584016,208.76687032097976
4042.6614849099597,7163.347694559893,1228.5027964355581,278.90168856774494
3007.3402425478716,9138.326209994257,632.5586736120238,149.57899295205888
6524.3904054930135,4671.326942779073,35.082124639467985,224.92098177796754
2258.2081394549405,3129.764705696426,160.20449857004525,299.3111244674372
2669.5571320825447,7476.591360939307,795.0232767300362,357.7811989189397
6774.483212323708,9345.585485145391,989.4386956708933,193.07874458665773
6608.633244482681,1841.4489646493535,3.213028552695734,30.01778195381007
3780.845726973862,5232.469415065522,941.2026535194246,115.73732410578839
3538.36212573826,8277.140861854234,865.6987449981755,153.49613924062723
8992.514842384813,3850.316798020947,38.658609945845555,249.9656417191648
2201.1545093140808,6451.711404924956,1141.5133646909526,113.84842955364299
6986.4140681131485,8670.349115611845,292.83842724099355,63.95839802051334
6581.499879490359,2492.7522368153104,611.4806998263043,300.4624666664649
4403.749061449447,1599.1384576274622,1151.0352006177595,31.633542738897084
2404.6639901253625,1753.6253960641318,906.2687522255728,292.0025761033647
1527.5958724547531,5640.159963900422,564.1622836468418,21.895893404800248
3617.6827225414377,6574.136012880254,290.1232627677002,343.5674136735254
4495.771234151527,3587.4125811155377,1145.9206019597857,353.27993459460515
6854.511587124321,1406.4201702744049,805.8413540806743,286.16657958888266
4388.653085239472,8112.283353153048,888.2846123766169,80.01767554609803
7541.8127571346595,6866.063683991502,225.374862279642,221.1172725003048
7750.771291474104,4280.537454024179,1229.2044885980038,215.56910474570245
4182.442219952252,5792.297850234343,35.23107193078692,6.4227119010378235
8103.200636264066,3686.6729419823228,5.857449991319828,151.10249100417414
5193.878746149338,3658.8900041346074,458.26484048256356,70.37559208181992
4649.35479901697,7337.576431304785,1121.8734851451343,342.13095251443804
2972.4733130984664,5267.55381581216,1493.5062149577786,106.07741476697733
4947.248321258063,4175.305349696642,617.4971827430529,321.1221990518884
7058.4901486441795,2252.90516900306,1367.3606894556997,37.478181776287066
9147.241846705683,4602.1349236113665,1367.3369530668967,77.3384149162803
4231.930747860995,7594.959902334118,1188.2997230989945,266.9149370517173
6070.480116417101,9169.078004715368,156.81261066205414,275.3198931575545
7416.609312501546,4340.372222607203,962.2965926619195,253.01539148453193
4587.169755916054,3020.277853135716,717.0398725613547,193.59946806828293
4173.146660462509,4360.237787752258,111.33947681463552,271.7005627211164
1863.9925558304953,4959.085524363612,1034.0303338920835,57.956517449810704
6738.312824563674,8561.07051293147,1245.6655061827942,236.10874076921513
6557.065970153286,7869.007075940115,293.709960889535,225.94324698695104
2042.7691548958446,8865.434740797955,1338.026807051056,89.04886977672427
8937.150915744076,4081.9732937056074,910.3046863903041,170.5637936259708
7264.700973256198,7563.419613251292,444.1834616396357,136.47193315289843
7313.346317632963,4373.714724242016,1475.3350962698516,294.2935850330076
1524.1289421910517,7808.406070296794,808.7449411099791,357.33414509517416
8780.239601312196,4498.520574855533,1077.573163937742,169.11476638921852
7929.579807997935,2827.368391810086,472.3987967909337,103.73903233449909
8099.431983312194,9443.652228303858,593.7316351705254,115.9749115662243
4740.9383533647815,3690.9921247543843,328.2492080468444,261.0081718385456
5087.94121346612,7269.903535123639,668.2930933061582,327.1884699145755
7640.114316150399,8707.88089168828,1438.5634207409032,24.31263429873896
4542.290994046135,3711.3519545306563,626.2205523167972,330.8141302646424
8863.966484603425,5423.058054140064,433.64394030844284,25.715852046356222
8228.357219878511,5611.600476554011,814.3376457250166,45.623638640135326
9967.153054522216,3505.7485582570957,780.8411021537295,324.3672357992155
8287.874301492007,2613.2051835713255,641.7197656318212,281.44511076806003
2785.9756044261903,9675.193102797808,400.9346931616529,35.64864183162977
9125.697610461935,8981.37028410408,301.30598926782784,303.29177584247407
1141.8903970874674,6086.602981607882,1340.154144669421,154.213814381585
7163.440020448238,4740.546125913494,902.1751995535205,166.63777310780665
7216.601224090226,8005.316031907725,576.3654514072604,198.3789985313418
6692.220740527727,6029.496426994445,113.07436478729551,217.87424049036753
9953.745247492681,5492.3238520566165,1396.9202516422085,347.6160142317105
5234.063157593616,7494.498953028899,210.37426505748252,280.4744072858978
2752.3632832509747,7584.776355478254,1213.1834662445428,235.5723986859715
4674.360670479366,6350.9037454194695,366.2504121806012,159.32496723691878
1951.5400094188708,4325.447013060757,890.1221205457948,283.1406138430511
3592.912954306756,6406.111868662818,1141.1083706069448,13.518928899815377
2420.2906982028535,2603.255488442766,1022.9289330595437,273.54872425846
7295.348065027016,9419.28719151319,376.95753295736,150.82280899256767
6447.534456533859,3636.8139884859975,576.2868375455336,118.03547373351036
6004.144813266752,7085.528005371951,302.67461021392774,335.1343288747916
8746.429248348752,7385.818681470555,1415.2602404552113,344.0854918025786
5928.737645304546,5646.251787544935,500.93506436620294,114.6102990580491
4297.56440979316,4157.936356418301,673.946365957495,110.58766914869751
2557.3648767569734,4709.351297643687,1192.1563721618802,163.8388859821532
6449.010980089531,7457.0787244423245,1283.7132507018523,357.860860393285
4441.740405149404,3810.586306751975,899.5852688410422,159.482620656276
2774.996223033738,3643.6103640628007,877.4559720015723,170.92575989613866
5575.655483469697,1835.1354497991024,1221.9146912849017,247.73119478658637
6028.521767560194,6294.088511574618,1438.0364504688932,163.94502369567059
6815.828492241189,2891.195702932082,974.1858548364839,209.1997491831161
6106.69449348794,7188.096968088814,508.1270030270177,14.530750417627308
6883.798397444135,4694.812898126831,750.8328730933733,284.2348894287349
8308.76602803727,6567.170317405456,609.8710265726027,33.79658315837836
8598.072105237043,4713.894789190221,314.4755641619348,292.2847283081521
8323.782925258558,4463.469918643399,12.822632741641545,232.60899198671416
8860.773550570626,2990.1670339688217,995.9843078458373,191.30849168760764
4637.949238807346,9468.958669802843,744.4109900845051,149.34736834855758
3717.456054031253,4900.3763794807255,696.9978570483597,171.28506803801
9403.583490116944,1752.7739288278613,503.3394517026335,66.06230982279882
8673.366058571164,8745.600820098352,711.9857535327318,160.98240316326155
6045.540041506733,7867.380394474571,1257.7660130228562,106.34735908299848
6754.604750375462,8594.180413545993,300.3521836352878,241.69348572212573
4221.891933407624,4011.9090165556313,131.4058345484858,63.5499692639665
3834.572315906535,4266.055416903851,888.5961245403745,345.4162093213956
1225.4665973085935,2832.279202210615,61.2413267921166,117.4389985965551
6550.272273608842,8929.92147781962,690.9545125804073,118.89020916625583
2989.146291419857,4244.039098521262,1377.8798004083826,274.6552911023289
1425.8073869416817,5864.018200989598,250.7594302856188,100.75581300653423
4852.889266192428,8538.909909009606,1323.2741642184194,328.41934502721926
4924.762931127625,9970.307168145122,31.518274562026104,306.48926441877074
9636.638166981722,9567.177548951027,327.3439882310655,112.18676078106769
7902.708430211474,4207.628953068368,1257.2942054965063,64.11637179860035
7247.751623727097,4061.1927991247862,176.08906726382554,57.48145531946126
1308.7240072708566,8963.834124346558,184.0579233495753,126.20093928560952
6991.8401665248875,3232.4693646940077,228.7027257235755,74.14120956015775
9192.491714773032,6861.2373357210145,411.3518412974528,23.632409605903348
4339.203052322455,7224.829424884361,890.0682663548522,243.1919372894013
1443.5421485951517,7264.110651641102,1110.3697102595845,275.30873162058543
7119.4474326609225,7766.1509448938195,910.9224886904971,312.30679715440823
8977.138736715004,7903.166434202573,588.7466885830607,297.38601940462706
2948.190695703479,2995.5700990628998,927.6598740796734,186.82902140696604
7270.8548928635,3354.353529470095,161.91192646848447,310.81357882441847
6366.477139152894,8153.054602849407,1250.427984014191,183.1010927201888
3188.6504919077224,4690.442284018196,1412.2032216950724,17.289583384306926
7239.452419743213,6709.323165268675,1326.1601167848057,234.23790808996097
8945.5618317441,5209.940211912298,615.6594149040933,351.3987271147197
7027.458270071521,9080.08570893703,563.1548277388398,133.09930176664005
3726.0211902483056,2890.32057374351,1362.3929652273096,321.6598565342332
5629.963865052276,2297.8458496384324,1363.8288257629524,216.415721759156
7964.005452300104,6465.576203191467,659.1868641611125,149.4553334333559
3326.1308685457943,6352.617650179392,740.0367583739645,5.550673621228877
2389.64849627186,2979.5009226482516,347.4381914509639,253.14106341102163
4165.77795174592,7911.3263289420975,640.1172067839101,138.49048136673608
5549.857480752362,7874.726900648297,1405.981205571843,161.3684903221845
1211.9044304940514,7437.08515433957,279.43616138569666,82.44901064912335
5193.912956656001,4902.321329704701,240.98698384138495,48.99868491685674
1882.877550459239,7643.288270410179,433.7007838897683,348.2273759119059
7742.1927494530055,4352.46748104528,1345.6054996367461,173.19908889895842
9225.59236965033,9784.373645561565,865.530626746345,341.28664931615805
8406.576484168021,6524.661208460683,412.45765974546595,125.82195230408472
2352.812862282479,8523.22340214651,1196.7854460527117,54.545196060854636
8086.839792999962,5554.961587295262,1475.6392598921786,287.3655672904936
2939.5243273046717,9180.603232671374,1064.8274928910591,140.0316891351175
7233.2973896685035,6537.99739835214,277.8638902468882,40.575592864984124
8188.449016874666,5933.078305741762,112.74122386837203,226.98488090753816
5022.688786849905,8963.091416675306,999.9935594333649,159.28030032851538
9316.658562673932,6837.780663095001,1010.0936969639097,174.84798695240013
9109.488145248895,9120.374448454138,1091.5830678142565,345.4860221592679
5677.642486617046,2142.5409636895706,762.6141658615484,108.94235749757625
7119.38475173864,2346.8499981478553,941.97083868319,264.1617545456456
5591.473196032496,4255.177690517308,1139.9485082551248,178.95836970630418
4823.544188048272,2125.2983371848013,740.4021950127993,261.4167028474875
2362.4423237987567,1200.9600636390153,1169.693677227159,344.8977637452946
5116.007225159681,8721.82797256726,101.0477566205204,254.31230877732733
9265.182514813318,2387.420802107994,1385.2965789281097,103.2035710664899
2812.5375748225442,4435.338846753114,222.73531348129603,46.59211521720056
8412.95139791115,9078.364926390403,656.886267749368,188.55390887050785
1274.1996048740987,8238.817347600718,435.2913867648357,282.1485664831159
1120.4627166715863,9193.498026931153,1498.0131187448142,206.78539012618964
9377.507776743301,4284.267458038736,935.5087173742812,236.66181757141555
3932.327057842898,9042.827719447123,1423.0434275151472,150.48285037617597
3915.335559569471,4353.582201113606,467.98161572282896,67.09402399218645
4753.909860031468,8756.894720905853,199.75123824502268,242.99661584109052
4064.5045933891997,6748.285169455113,1120.2169017077329,271.14644986442465
4926.558354198804,2956.3939009991464,298.52168685508923,113.3613068268946
3303.732348931469,4468.492489635353,38.078038855086874,226.38791113026605
7569.737143419578,1269.845492116328,1486.073403419959,280.4760159353401
6691.59996928034,1968.5234768510823,170.22432123856402,307.7605104965636
1354.536619089877,2129.8315601253644,407.10611981639823,150.9382996170754
7838.970777500538,1337.4800124417904,114.80039317586485,1.281452571344256
2571.8432639862285,6980.840222898194,1122.5263299904284,3.074492553189753
2748.5138405627886,1340.5802390868334,732.1172645514307,257.9931123168878
5272.451387873289,3662.6292653981177,79.81574142365619,318.83014430488686
6057.906894370834,5178.400844195595,855.7078620064216,96.88731315551165
3720.1496563975747,8951.01075653853,1145.0650769349475,44.74933002700751
6053.91897063932,8218.262147159126,1433.8954857731937,254.8996942612701
7297.105301968849,7994.807748235908,541.8238904004606,282.0794220239748
7504.43018397672,8404.445557927567,395.3210236704401,203.81389007135795
8318.774695255357,4638.878586418617,880.7950130760789,161.5632642639137
1648.2860774932933,1635.2559026435074,419.9579167861569,254.62515973321766
6311.422509536879,4305.670197911582,218.68693378164292,120.02803223259149
1480.698425819491,1137.00048260746,1051.1145764332814,304.36024829206224
4381.595663195791,4904.343183736268,655.5320385412292,276.93302137179455
6832.628940848051,9776.46652308866,1444.147117064583,169.82378328660351
4484.613486163922,2969.730210061369,951.661341967904,252.04642460875488
7207.156527225341,1215.6019990758841,933.4596247481568,269.09216143871646
8271.783140060888,2074.980712571525,642.02642424939,278.76842461059823
7049.848742898905,7091.485795621152,1242.7911948772378,197.08305012729392
7361.3953635366925,7403.510392794012,762.4518307913147,15.355878994147018
6729.601808855322,8348.274540026343,1216.3694112599073,95.48931571575888
8582.341884929414,7571.0963262226705,87.70672172435728,282.2283701014738
1502.2531195401057,8302.956383596724,461.59722144517593,139.50405702302984
7627.5988153628605,4023.0952260418185,269.5048224558451,281.50250404248345
2735.399963736876,2258.050732065667,906.3752126251554,116.43025219535664
9011.569626894185,9993.921147195537,611.8644391187975,260.53805769760186
6256.01184094373,3875.6354154736655,1227.0921648447581,261.3406013251089
3370.891751925228,8267.551652591348,942.8889663217016,236.75538076848477
8308.697286088245,2625.9374846244345,244.7075034843396,45.130592138795535
3763.2914519918654,9339.628459488145,984.4938501284794,170.57895253283584
2227.6141089136104,9637.623072035385,459.8519775828753,50.667439220761736
6570.15392048801,7576.053725894425,1234.6598218768052,344.62487827272093
6433.964582681521,8307.4054492924,461.29843675063483,46.879912702386086
3490.834811543077,3044.2712558259886,166.11614504786627,177.7087708382651
4313.846848422897,9058.436020561698,288.62859218138084,8.153651103977154
1848.3803811417024,1926.297942038061,700.2062434140702,180.29121427508866
1825.5619801000971,6839.456088534669,1098.0945889203929,73.27994550898133
1953.3880581979834,5042.524881483427,973.870643383375,340.49515603207544
4201.958912772796,3065.9866103181494,1377.8366955414244,344.6586495799013
7173.921666153997,4452.318753969959,392.98939062513693,322.85898313346013
2172.5869007246793,7067.624152399736,541.2260898758962,241.81828394995776
9786.30859379358,3831.2738009655754,688.4371534043397,265.6804911711617
5915.276111859395,8903.018685783823,1444.4890051454624,198.3766739015578
7237.281264033497,3696.1818904723873,347.0640669720438,293.98871033152193
9326.713902355496,9385.426937568902,309.9092862178488,268.2893609753193
6566.666205000423,2305.22042434616,1076.7767005541602,323.4871459924956
5544.742745998262,3685.5690982119786,158.33492956506922,100.77437635554045
4070.975483764301,7767.362837553676,494.2531277768034,176.37417901873673
3177.741129517032,5169.361517739726,415.9621360649148,182.52872525727886
2329.491961911509,9361.62655923462,1135.1293561138311,231.21051388200732
3048.7569983037793,9521.755827273702,512.6874225583849,159.9730503873501
4331.408453744571,5689.904818239641,660.2967532135481,295.7183457137197
1692.2147113504748,2139.883463615218,340.90652493112844,4.9971115747261265
3272.3431567138023,8005.635474785165,560.3245328092022,68.77114724043179
9590.98458205861,2809.9089632399805,1337.3869747453616,60.337396762014556
5231.46960436659,5591.459013435839,1274.0171595683644,34.48305025458886
5094.593691643799,9119.825008758213,421.71120376721,146.69313480663544
7475.105177586304,7339.875920606376,6.254443393752067,347.61490715769617
7398.060175314451,7885.449711171157,959.8363335149215,330.87346807606906
8558.25158144128,1237.8330856246387,873.1483068351188,23.725394899906448
1466.1366962538768,1459.241901288794,981.255953843142,316.40662486366136
1358.510842286913,9883.822440311738,324.756884162961,140.71148408589926
7207.487906549473,8070.485973772358,858.1202511531135,347.91516858409585
9200.10555076589,9325.476234988484,194.88460312815354,257.7772476832386
1125.4254510053695,7916.928996429414,1096.4540750658605,98.63286056869796
1219.979197428774,2709.3730722374744,725.4505690207982,60.798123270236815
6064.991894006415,4988.014869065544,677.355183102856,255.66748921677302
1655.6457409469767,4648.182861854928,772.7924934606995,65.2512174424268
2600.164687991961,3872.634909621458,1435.2465245484552,36.70234047164729
8853.096227511101,5923.078955914316,993.205219803726,254.10442113465643
9804.801973716287,9339.490027151189,1386.6095826106064,154.66543999520252
3024.9113924332805,7570.77667516552,864.658975111376,179.16648999822544
4950.360887541712,9384.229654120167,740.7404192042228,238.88721680608901
6337.074267200337,2745.617978455569,1183.8505072207504,339.85938991714227
4907.156673686187,2275.800406150738,488.5813262296163,314.1813965727462
2816.3854938163786,3978.8741908294373,757.2228174849282,315.96654461907536
2329.300367117562,3789.2188993822865,944.4045067363169,51.869562540231605
5196.68808217718,2096.993352743892,7.312542335233393,328.7573195744546
3854.8315732069887,4598.708942029281,488.2353486268524,89.12916227889228
8850.116656168258,9114.11416511533,596.485861380918,220.6622261489001
3412.149929634578,9374.238082955639,706.1651243871842,329.9645734958992
6064.142612219306,3680.257021343562,1082.0867971411287,124.66094753617398
7176.302136097366,6973.776274622023,461.65400883561546,284.1704109349042
2348.5801128690127,6359.959339523317,1252.5227292325428,62.95756871725777
9293.171284773114,2569.4094020937723,331.0221398583065,310.139983434575
2971.987936860934,4138.93303254651,1018.7813388327969,68.43684156029728
6856.239947016627,7843.273936293242,516.2200392935673,132.69510354669134
2663.8928487878306,2912.9331199322587,968.8549818441115,43.53324858984858
2054.7626259423537,3768.2119394944293,492.4393518272425,279.39022328561435
7011.121958214861,1770.9713689283335,1467.261396866747,55.141352357291886
8853.318820109083,2441.752539215671,181.68649355194694,264.77165515483745
8661.178303452092,6928.7690653375985,817.3318929656568,333.14392482308733
6363.222906991036,3155.334943902178,1321.0014678471637,34.016668473462325
7905.168992950557,1331.539828175632,1318.4321557582277,265.0112990391715
6414.554497666199,4324.48578472704,116.4528453233242,359.68671550449614
8729.008539198228,5865.012250375746,1318.7333127221136,110.58612023477517
5405.320241466709,8073.849133479953,668.6546313497341,126.0692779045741
7419.1196835507335,6207.405854171544,79.17675849933254,163.23331786475393
1678.980665292781,8345.762956538452,35.93590906512262,7.7340216185437445
6524.285033832086,4649.6648505391,1076.9468267895304,121.38272928412879
9646.840599021427,7793.265507805803,796.860900334945,164.23741309457108
4459.21510988384,7537.2731030570685,813.0831846302739,287.6963934635231
6469.145111596859,4284.575886581051,382.854538753766,282.46256208655717
2931.062257777282,7487.713609801563,252.22979658713336,120.15733212857296
5743.967480180334,9973.656376498951,247.41126055723083,212.1242064350602
8189.249299992394,5408.393125978164,1157.644395729415,121.10523120305554
4146.831740957519,8353.39668769819,1348.4478400773878,40.45540718916704
2781.103006949983,2865.671651613595,595.8934760357396,173.19011324953257
6258.653999358401,2230.039531123376,290.1550219843321,89.66179126779048
2363.940164140342,5898.883391660994,164.0984643274216,161.91640217701715
3709.518822647941,2885.0649672846794,1495.375850588527,197.9488344925739
7721.112723875899,7854.034439388815,1345.031689907531,302.18218388108824
9508.458652119358,2659.4990817063745,1437.540270196018,172.95685298684856
8130.304359024788,3374.8198776786726,51.46003871790465,254.23091306182909
2061.157290587888,1957.3309402882237,466.9151615334419,12.986143993920425
7449.978554377916,3161.1303250565666,1086.9944796268205,197.42444172960083
6867.168971391757,4366.929303835124,543.120164044843,314.40368432822993
9373.59879581581,2533.4697097677317,598.7325645688151,24.944823988141867
3649.6311268001086,9659.028406301715,491.25567398393264,289.2098410781731
9252.1916300823,4586.346517990922,67.58028308909908,191.6801287967872
2837.185243411457,5054.257852417256,366.93407427692597,131.5120387880529
1311.3317273278835,1523.5094528243299,1169.676832744864,314.05443289116306
9061.749092054093,8696.038749891393,735.6909524306205,296.2400874450019
2805.966888564478,5897.553959282587,750.2513882532684,105.79228529713409
6545.13410511781,9142.860194043675,424.14458926850193,271.6727956453438
1714.9343228228877,5583.01956342017,343.93949647672264,324.24857709491005
1895.7211476388024,5917.176012477255,645.7290685664486,325.91885441997835
8742.140166100313,9240.78601656492,369.98647456055033,297.54208529328406
1350.5064826813798,2631.1791630831144,413.11833903444085,166.38939147541683
3465.443283475866,7156.826639666753,696.9655150291034,166.79815290704826
3781.0971914339393,2363.0567799134114,1291.3233556919488,57.01554523610055
5036.714710083399,8344.884017737262,628.991645989537,82.43199360222975
5188.727091019005,5708.416874146413,24.888970766294456,341.04007837317164
6856.4557639888235,3289.6438735331385,243.14738884336222,70.27683077198236
2606.656538290063,5617.382229794985,651.5008104308472,96.62367225952212
3526.650495263974,6569.677709668582,147.34672088054003,192.59510876287163
9729.958132835718,9684.666419532497,553.228648147588,15.675384088734274
9243.123518506287,4635.20153988518,205.17952457659254,230.02893179404924
1781.1709187212318,1131.5602056738023,719.6024912966241,285.2922935428829
5795.856358322065,7223.933007743544,1421.5980957890656,61.103007933830696
9407.995699339202,7204.862066315471,1012.2710424074837,151.25104349756353
1956.1105628338603,3873.745837033699,376.0413068968612,2.1910619476688318
3698.4571519549104,8869.532075562982,575.3901818011287,245.57372559751101
3021.9367265908186,2292.5397995830936,439.8133629843989,314.42373618000045
2175.473165749622,6306.11226826676,39.51105582009651,346.5383463445672
9501.513532197134,5128.49204490109,720.712663022244,316.7819640047551
8482.270804410287,8166.362978600385,160.9183099717702,108.0926058219602
1852.8743253342996,5493.745210988814,322.3191847125642,295.094147395267
9439.56900474444,6828.7002170307405,1027.5910146564474,19.10825069672436
2656.967253441347,4908.975269077062,115.58823106785299,339.07048689440427
2706.9071930734985,9223.399184821857,1309.8720628361466,281.02836636505117
7684.7602496817935,7558.806667928295,961.5409770972437,215.23922963879565
1364.4605410449044,9782.88621535804,116.27936185858711,21.962209555437777
4685.418811413156,8438.873605069915,601.2906221227004,148.81176574511068
2991.9817133697347,6476.655580780451,1292.395316121027,292.63655707147643
1632.4761842858056,4398.9911285703765,1160.8651126119514,24.53176068657572
2384.583345946333,9512.70842688535,1270.6212679962196,72.42359053854506
1942.0206467836192,9319.007001631358,671.2261593770145,164.9866436250209
3393.7210038807298,2978.9797892993042,1199.6533776732324,345.03334624453663
2057.583152013327,3245.7868460310665,290.47248932174523,74.81658973989619
1460.5549101523861,7704.134062469552,1048.2081972532114,215.22978934048
6034.7907910001195,3218.918000897152,1165.0488592360714,326.4218222095951
8821.79555465366,8902.366742391425,1287.9426273697225,32.43598382750876
3446.9126715103585,8280.167815524139,1037.4415278394192,269.3797847296673
4952.7737141797425,2250.1242135514412,282.8555369865984,156.1203509890298
3802.9834801016323,3126.2791975327073,841.3913204912539,356.0424016073594
4845.969498919392,2834.53522272032,1172.6024915896558,34.34985153944183
5632.524604641927,3532.250442794274,1285.8909702528945,24.584598109857325
9001.170662919933,9208.373575852054,1251.1836577615006,277.3171310902812
8162.1994539279785,8352.437306127673,1448.9021694424305,27.702080033235003
8782.471339203124,2133.7252685788126,748.6422308693711,97.87317200151959
6204.848092882791,7954.1695806536645,1140.0457573712656,179.40437336188123
8634.859731869852,5048.8540818196225,1308.5808002655554,85.5571175338794
8315.845126419164,6487.023967548606,718.0465687663162,156.1342120111125
8103.732469754877,1273.7985488725944,465.2949023868546,332.8389906947028
3416.508993253247,5160.946458851184,660.1719506983216,343.90811605491194
9294.05627334819,6861.637819595543,1471.0780396995563,337.24984370897346
8476.115711615164,5284.257085286111,692.717952176857,288.2137336394408
4113.511983329546,3610.111524193275,821.7039210197509,176.35216602021936
3170.2078895283435,8681.439033243627,1174.8240087684171,105.28175159008593
2632.0719853848154,7122.800205416564,1053.5324751485566,138.45409268623362
5453.497536995424,5244.134387589927,1449.43146810972,256.0087761368573
4751.485662743258,6305.728320868153,1278.3663653632907,245.4449810849431
7009.603292935298,4025.3232653143377,418.59304211579934,146.34750389184015
1264.886762713379,9321.474905628917,838.4832654074083,37.17941939070137
1191.7163689131507,7388.357335179316,306.2536269253615,206.64769174583157
9680.861853130506,6105.512154725313,1095.2176002469405,349.799021877442
4756.535771029691,8867.652402121344,30.031235061231992,113.24410609998043
9024.848267669724,6185.45236621061,776.5735387671535,233.00504705341862
7323.798678522494,9689.552250908393,975.1959225630114,238.12821510061931
8595.011647401958,3520.63005999848,202.9407453791251,240.15831920007113
5136.369620687335,6288.808505543751,1261.4266898855751,322.568295559659
2926.629093216958,1607.6828371201368,422.9025872126097,23.817087174454382
7732.002927136736,1741.0339753878134,1363.2549700738784,192.11638794260557
9070.661350224316,7700.290907492011,247.8865009390112,307.67407374923346
3098.946085029107,6653.540916735136,692.3356454373419,75.74288376892738
7437.029442391248,8376.112176574261,1312.303378311134,39.46979011361501
6394.452750769602,9999.51897727765,115.83609466285738,217.5185606313071
3673.504932691578,4669.787949764152,399.0321111889311,28.476436302621707
6323.671443226742,7919.106802843653,212.425847813009,297.4192743239704
1658.3705180652837,5060.181452133478,35.069485224635365,277.7450395854866
7027.458633291505,5350.812597850304,389.38970912471075,155.17794294254222
5109.075712819002,3129.223378565993,38.75702077253679,120.76914000739518
6854.495447382622,7724.6299983292465,21.076265788990256,329.1825734055386
9889.182016248715,6717.629527864896,1415.4378356290317,54.80759064194027
4862.9084880790415,6280.603469925823,1232.3129497037962,56.54429457340605
3296.0831202256722,2225.9046539397386,1245.263797627141,96.67293106121019
4518.8711501163825,4596.650045242141,1146.7103748561854,268.2839963439231
9665.57749707666,5430.61588702083,383.33183784628443,88.58365948621295
9262.762527928473,8621.480107530755,481.1639409332352,205.89430285305673
1874.3986552223707,3190.979911929829,451.30108005906635,36.73980415488224
2205.397488908473,6924.537100326996,1156.1920091355134,189.152839952668
1667.727131073862,3111.0007566574677,442.3775354601299,290.1405987809795
4473.991155621288,5050.388985688349,982.3351515512721,84.58331308964213
2864.4530170462012,2925.3095521013497,256.46204492426796,86.26349232741634
1979.679095842877,4010.431098278829,158.171327504401,90.96118458701956
1602.081861809254,6750.27087747141,538.0985529515813,107.18104656079707
2573.576307277116,4407.043819054188,351.48124198751987,323.70282485737636
1213.7298033946245,5024.94496694203,1155.545305492325,301.4535929534586
8724.732236130254,5859.350432772707,193.31773174550207,129.40748470741494
4299.427327087532,9156.018450665744,476.3129638167053,276.5185777420639
5221.334182894545,6077.059560167281,859.1829241045234,230.34729254620578
1993.0647391312423,9126.653378803323,1250.5520825798342,193.39319841535874
7078.187692884687,6212.587395223733,1217.3164678404314,239.7201109772452
5494.132582425854,7449.089547069898,601.2903707211714,182.2907452527838
1312.087011566606,2195.1423079461565,253.48484850612633,357.5892893082854
8801.277052810052,3368.8347868628516,786.0018971280723,55.81800087191252
1788.5306002608704,7311.2556273938235,242.77858483509218,257.4853120670496
7976.763229327505,9897.129517967871,43.52765602457775,249.71592608984054
8518.206188607675,7669.012093395247,1241.9646131208226,203.00507621491022
6169.057260561986,2370.475024901197,1447.3279699778868,223.8183687702852
6549.3654012493225,8108.766308699063,540.4370256355849,103.52278378401193
8081.077205133179,6539.146560884761,855.9436906726421,318.2159513137697
4266.976319553329,9800.752607466973,1068.1012212872763,168.02210718157846
5623.501148644878,5118.140029849319,1158.054267755408,41.66998116342003
6543.96726314543,2184.9399117569073,849.9309081819991,285.95917052419617
4420.953056733592,1719.5988115599002,956.4051063307923,79.78964955988774
3566.777827300222,9572.562797421688,1284.4739822599126,292.9476045684165
9964.12800461829,4043.2312199456305,176.45710820988305,26.37190515529528
2234.4623904286777,8469.428171970492,1150.2456588964114,174.88464634027125
1889.7762612397746,4119.824954102145,484.74318462109994,85.40640772381549
1731.868375846902,8693.40401214674,132.16369937718255,344.96802188893446
5148.548986343478,2476.433318474977,1017.0846166119401,332.6008413265076
5933.543036369915,9983.114205521464,543.076498719061,104.76618659067455
2148.79272414418,1101.736259737966,1275.920362265618,74.98870235465759
8280.235013523177,3826.6548049005937,1303.5959736313803,221.37177534825227
6132.417784830535,7258.10015250249,430.79991475548474,341.0786778965337
3606.494174722545,5975.851596525105,1465.6095054632485,267.68454941684416
9668.691440920276,8862.179661535924,599.5297228773284,51.703065528971635
3602.664591364915,1341.2829110424764,1458.7735404417624,188.76700199630787
7992.410449596265,7870.596570099169,184.26894103932594,35.13716751351819
7983.906955273188,4057.7862517676986,478.5579936989828,156.03675927760023
2531.3556403831217,5386.261966223478,1177.7177917267406,44.97683277582939
2564.501460059083,4089.1810553225114,515.6371649441942,241.15211539584178
2635.9039409565585,7013.535774288356,487.0488608985134,166.0851805319304
4163.285464561815,6678.067055562358,494.208335179022,303.411542942733
3419.5997313944395,9129.558768492827,105.24510372943645,323.6819523780597
4175.2388545915455,2781.9684840848604,188.67331967810813,287.84432581565267
4894.0567784791665,4053.6171822740093,1224.6255463643024,277.0781967175304
5637.534389581363,1816.6370067823975,1351.272378719462,86.82981468048142
6228.459912520859,3406.6756182983154,1335.3628450302442,69.37091927671223
2829.573232372968,8445.674296176121,936.1159569642941,244.75249085168605
6755.455932139714,3561.043221405541,166.90870595173803,107.96818140593645
2019.0696570131224,4749.489332013325,693.1523355602452,142.31214552112567
5504.316390000068,8359.824764450766,651.5284039938276,323.7978093952428
3919.6325054105055,5139.329201118817,788.7132300933339,77.03359034101102
6554.753314141747,1495.5204491976224,817.5548172106917,174.50647605142015
5732.469127325581,5507.647980424085,1116.4350257994333,26.37175032664905
2388.114336725171,2270.039952997743,179.6687962678719,336.2519989300629
6450.159518629278,5704.611528168058,37.91787847885174,176.3155372877675
6960.1347735057525,4777.326388639025,856.2816782548196,307.23148139652693
1176.5048438799763,6108.027232564119,814.4917440481091,319.40060508635065
8806.365030011839,4967.701687406988,1181.1673469779762,180.18162932376765
5383.250356007413,1437.6926828584956,1248.5866721063346,146.85461442277222
3194.3329096131074,2831.213494645822,14.950819017620514,110.8232473418149
8605.678156482258,2471.4722697247043,611.0167550355328,10.140513467821549
7239.77972304722,3489.655447379071,92.88159416778554,160.1903451385946
4493.339086591195,4502.125155748168,942.8736614048507,268.49260841844057
6207.191499458215,7617.607108844826,340.8217950208739,19.32134408345335
2681.161160478706,4472.29425426173,312.78945083995745,238.23068741703352
4774.674726500133,6098.640030206976,1269.4980527407567,63.14786295489241
1498.9221053322663,3682.8014297574005,216.03448930512693,334.55331035512955
1337.7387371583345,7870.084400963107,766.8167464284585,269.96729507445997
5924.952178735418,2152.2062016827317,683.8310988629808,348.527763255776
4834.783928378062,4862.004404781936,49.83354134917505,101.42436215638247
5820.236577104653,4570.133968447385,426.8027366279189,160.02895315481214
5579.784627183203,1455.964370190807,881.0878070930485,40.28496348315934
6978.266918446546,2518.424007657325,897.9838170972478,67.37435363252976
2757.5239181819625,3309.3680381089384,1476.975638020106,95.43755190143526
4482.995426365194,9222.682734621923,656.4761598995952,149.82930794674542
7523.079457924986,4472.409507043927,60.25526295660833,328.86551832086144
2682.375858154912,7768.613728748057,774.2952146037175,297.4367778640823
9883.864245220682,4400.573834772109,31.75850832318534,94.56957183229913
5875.911656062629,8731.465013207247,581.0050212756001,245.01426364331186
4008.0791218554664,8784.758342517856,1440.8984152038122,216.28863595737164
5029.129859131534,6163.369497760073,885.455096953339,232.28298753362307
3743.335832287021,5004.895152028952,664.2332649750555,47.02428802572608
4820.555086740314,7324.005376929913,1148.2212998877812,145.41749203650988
7089.202152644098,3280.2351575078947,1149.5553913480046,78.63240209621705
4384.674262785784,4185.354306834183,1485.6474173387364,127.62336125260681
5525.713128731371,2459.763196364689,599.1852348877561,151.31170025941958
7477.7609535108995,6518.519795946862,1196.3894559168496,312.22020902203195
3241.8693508597003,3603.7453175146034,1176.2179062373575,87.85216875047782
1899.629403677135,3638.898425285043,223.4888532845992,319.0134309554403
7034.846083841295,7054.76481193329,455.9478736777574,318.8510729813252
2628.0038818943276,2882.966204533431,802.4993466424189,279.26559972587984
5581.703886779411,6393.266064112224,966.1256814521616,105.82819834126764
8513.340201126606,1383.0151602160875,1056.4393211943757,111.5813435244901
8035.16090387315,8342.502409994402,1122.4482628645774,267.2373110714371
1213.6531339563173,5101.56479343239,532.4295803118387,199.0737797943611
6857.7381122423085,7508.818016266158,1042.8889208671087,80.76617700620251
7522.394882556776,3002.0326781753415,992.0542500790646,283.84999760350786
9352.404321262502,4940.281358152548,810.1481745828667,141.96470792421988
6221.304717416133,9122.758563834119,143.5625096822365,244.52227283999554
1239.6089762366814,5299.914895541909,528.3601763402137,67.56700065706009
5078.911146102004,5745.9760541084515,866.2923441119783,347.27514274562134
6931.330131742341,3035.167886462501,889.3203901215645,122.32327411657836
6978.816233369396,7581.477780377487,994.7114729300492,239.05663832388717
6059.294802322973,1768.9021847303843,520.251282589112,51.86617445521585
2033.1241082244205,5343.473982723792,1458.3796396258144,76.7103983568968
3640.665512954175,1840.1066677317383,1090.5617289538268,230.98128096717707
6657.382554990557,5753.041300408733,599.835997549193,283.1992284694647
2126.546849317754,9661.9610598452,147.99070188635721,32.23779297815377
1206.7517358782297,7486.967461287989,1198.488929488905,310.294514228943
7994.882905683774,2939.067168706165,834.7201059956395,305.24479838799294
9322.641970438428,4238.483082877294,369.70484360081036,85.07368761908623
2834.2379397359064,6267.217198573511,1035.0580090138599,166.0528053553746
6787.830472965959,6041.372188188942,876.6794730856947,346.93105353050555
1564.9496912917639,7611.781713315141,1266.6657292332334,39.75603611569929
6820.504616846271,4082.2608175947453,361.7602815682102,61.60419374102737
8251.00173495627,3573.3333366781826,77.58363815506165,246.30139048994718
4742.0049385838065,2989.7655163451664,748.076978230059,205.7677217352416
5661.497799597461,5460.001067864877,1423.4792018101828,113.26670451216896
2439.644743385429,4460.214494128029,686.2355790619298,294.0914818652008
2966.3980595649577,3781.0375437989196,979.5708228524339,99.34963502607087
9340.92265071479,1487.8984199099164,1242.9384652636122,208.9164511088612
4098.052240993442,3846.0082286160427,1232.9911636018362,348.97781608842206
6289.470281611543,8082.3478107688825,965.2580231328321,274.31757453734684
7577.082646812177,2126.954781007279,1370.8566592373872,61.86689008100765
5694.63288346133,4698.874081869684,1362.676120744594,340.0039958700957
1924.9936123012433,5910.773222740057,1101.9673818135398,149.0494460338537
3195.097537549628,5562.525631053564,1447.8436740913805,192.9884236790897
1260.4029801343947,1986.2732408687734,435.27667151670914,166.18468234913612
6130.958988754102,5417.612453973314,171.76775416656474,88.5435364267253
6730.467687836977,3238.201673820849,32.99821079710739,137.72752194530398
5807.2804857658875,8884.13891204568,129.8672581737997,171.00979714570207
5963.229823675057,6533.95959041329,1055.0680657034025,101.1367245672779
7390.781972820459,4063.670235611316,1086.378253517257,236.21761713833826
5076.164981522023,6129.263348093007,1298.3661009283571,335.05800924344624
3799.4755218658297,9283.223520394651,1439.5732213952003,359.5990979810901
3563.8187804792906,3892.3985111675165,544.9024876216519,355.62518823194
8799.22129267241,9505.793494114172,152.77084179944907,170.40218170211966
7822.984623936494,8638.28719285734,1183.4517371117959,316.486911657752
2970.1206240121846,7439.047001897791,1352.694102580703,350.5645487945061
2725.548710432214,1669.3276030339548,1324.691401454335,75.31120929437745
9031.238017942534,8960.756327231666,1166.8518770802505,13.818180212295871
9584.217992346245,5466.989516179449,473.02781677455454,140.22220617782057
9555.94528852087,1798.1952432696403,547.5107306850897,112.77261106480937
7545.437623409094,1740.7574151736053,12.991255078931205,104.69211279679027
3735.0118820503612,8017.95481099357,1150.9875371872956,299.8751933329219
5021.552765274069,7256.502970828415,95.47985262591811,305.4623340129068
2422.292326072241,4159.58453707524,1172.8358088854266,116.96005332634168
8168.784880483646,3710.485841994442,612.6708040773054,69.1909374606351
7968.081405112133,7323.4421434009755,114.46551960987028,56.96421190945668
1534.6236171713467,4409.223858616997,148.3318571180779,101.70134284463262
2148.832313886322,1942.8679610050408,1078.2386768509605,274.47182736572324
6765.10815370655,9919.429429267122,466.5720350282303,304.27196346956043
2208.077352569,6506.321055838298,1095.1080060741376,222.99703945944628
9374.579266451981,5054.107428943054,1254.9751229737335,143.66553981730075
6978.268761916544,5942.282307393636,983.1776429251063,336.7605334826407
3243.69925671606,6053.367454838166,485.6923845493011,258.99190501010077
3777.053409816983,1226.3279976057624,490.9028665384593,168.87616983613856
9992.342773993942,3819.1679002352435,87.52240487614597,70.49120200068565
4823.231096963422,2255.6424523553897,332.0794741240526,310.65087432493317
5998.442973529368,5422.900665854139,717.0853187765141,128.90882321240156
7152.040077870651,2834.13762775473,1082.691837360818,287.22358330109955
2052.4482948656414,1380.8338037174533,250.46332794010544,5.2060427826077715
2011.818015297105,2463.357862129243,1063.0821096297361,204.82118100255914
8607.16938319829,9734.144679147243,1381.4631606581322,103.17195901919531
6863.123982920351,6114.114367880676,609.8116324203112,256.61978173321734
4482.190609821715,8222.937143955958,3.8790554140307543,181.86441909446913
8229.730566242795,3793.2377142810615,1076.603521391546,242.17103040921043
5528.103911735335,7500.755361264362,1097.8335691562672,246.9427998839376
6335.844692836039,1678.4975704225963,679.2954392524246,130.5717417150625
5633.415972824402,7441.44430395165,754.8046545985952,51.39930984693057
4817.677111254875,4103.89266535053,1244.4222474343928,171.10397225501413
5953.714117903906,4403.7750231342,130.72938292337042,75.14024046685194
6751.55437887424,3795.1221420005163,682.6770988105526,283.6890725862307
3067.660340764566,7590.323997628192,1247.8768179587528,171.67959411869
6925.038236831045,3293.197490175784,1311.524260151191,262.8716596664345
5393.228207688909,8407.04705660079,892.7467978693519,94.18118202231499
8563.75786638006,1617.908154880684,876.4345982532226,77.22143645932302
8634.121264950954,3623.7960153543936,228.98250291228516,356.3299739338394
7226.185971898545,1251.9047155067542,1278.0787541001375,73.1282774113368
1308.261740591729,8047.082801096449,1146.3755682929243,340.58590678533074
3592.42718297129,2333.9867587979106,746.251384870752,205.5683917485564
3196.17595015619,2040.4265339307503,1058.3690809143927,50.69726908442776
4593.25368340688,7365.017602127708,441.716120998771,263.25577871335184
3697.71582584991,5281.762092112036,909.2271527775731,222.54589775241567
2810.0503307688628,6888.875966194331,1365.7311497552132,229.15649383242703
5274.702262123124,6661.187599440804,1153.1390107458335,304.25845626136123
7374.8212116265595,9231.981366758286,111.30216279371062,199.92857603962887
5565.300917175214,5462.7880348771305,730.6572477789302,261.6735449038977
2954.2383395503402,5084.7535341344355,293.3931451113425,211.01711363850742
5468.059649284452,6868.47814761904,1233.968732200632,31.598503339050424
9468.59529167627,2261.556221379071,1103.6362905362093,107.43934200659805
9101.91372029225,2546.6137267207873,919.4212814031968,227.73394328474004
1780.2822026514214,1716.3139907326422,338.1200810245618,111.43372460892687
8449.754883045003,6894.746892753758,1044.872581762068,110.69139595464134
3273.9878852732627,5325.871424367535,256.10833854849443,53.085246832202756
6083.828689921019,9268.108467830474,743.569978203042,185.73071503900425
8329.046330047548,9076.781729070677,866.3974227970394,340.87983273833066
2627.906518732085,7783.425807052444,432.01374929161767,137.81570914926354
8174.292442893217,7564.096234750646,743.73845342456,13.223605648513741
6584.74291133943,8597.82531438817,335.1335279737345,345.2704303551424
4293.087514456408,6779.06829949513,139.67867369715222,330.4441207189264
6555.807618276196,7608.733047415872,721.4766866398592,17.473460425580168
4072.1961994140647,4025.7017410765047,1410.8744207244306,166.62310880117167
5128.253440906499,8806.457386002186,682.4718442179502,237.57644340670782
3550.594001261565,5528.176168844198,103.94821745972921,293.98080410392726
5640.613812959511,8731.618871912935,1491.6959466374262,111.67663859991488
5297.456848763419,2341.6772455911314,1419.1141616828854,74.65619877262232
7267.213764391559,1982.650191900655,639.1497651601932,263.15864104966425
4415.762120582351,5980.207120420456,943.532284028142,121.27356786552433
7524.73491700002,3119.2762984384417,387.7613299801333,143.5517859575307
2569.750727070448,5057.037623577489,617.5147653416018,350.9930980370118
5068.763893544459,5125.375754606081,236.22431030693076,114.01746645672098
2016.9323486934031,5575.997420639413,993.9093348900018,97.244160085079
1145.5438300906308,3783.008864652914,312.6031963095189,282.3920685213983
9015.061265677907,4554.3686129170665,1107.508119535833,207.53367143419956
2470.332302785725,1549.3046177156366,1449.131439797211,264.13017357497074
8821.846259143169,4478.654800722072,440.0604681719,136.2869828617677
2008.1220319244574,8560.190713080843,632.2599468802391,175.56427771218165
3298.075330877626,3098.9070471839923,120.80926071283487,108.55343772605283
7450.843713250429,1780.3993450359135,1095.8200491049959,48.30552517233872
1421.4551906716936,2938.6817166800106,754.4869761732126,287.1532415324032
5242.307254157187,4773.22495856414,1299.1193914322832,172.1829625386159
6538.662028675756,9796.714555608472,1274.6895947345308,97.71524396121653
6536.786113168093,4787.935790855334,528.7708467547294,65.10757282991665
6761.644117904376,3956.2313003906243,1306.7279140407475,188.3161388291206
4731.454831400147,9636.092137096606,1105.4567840574819,282.76724911150814
4507.654086016136,3164.8506936119793,1386.325634848078,41.84855853513122
5573.554928196736,4308.893744745574,573.0344774227265,134.54706766970602
8957.584501096024,3235.9121733669326,1144.262393286734,183.02927570357463
7474.025914122177,2406.4276409768327,619.3928622099336,256.7075863145119
2993.2624603875993,1203.0580690903344,9.548912971230356,228.77570340482802
1211.4688338393878,2013.238831852759,359.97802987311405,94.94896378570019
7611.464462124793,5137.30975459621,1304.934776763712,264.29033111848605
8073.635988541203,7974.151292850419,287.34670305071205,68.4207798861064
8273.804661223441,7725.017912266456,559.3003561831479,341.23295443838083
3094.0357615548837,4749.717551486352,962.5072387211213,238.81663100207805
3280.7645457670483,3543.42789917908,685.1362230315787,263.22997313011507
5072.928741920357,6293.2796902358,1174.327857949572,177.26951103120973
3072.4962939656807,7477.773091305268,10.374021281183772,49.24462361461867
5097.168907868616,2368.5577541288376,1287.107081467685,324.2704921556938
7237.070842102186,2137.937231711941,1182.1324422671062,265.8977912107584
5118.568767522603,4788.723386235708,708.9203194099105,188.98652425693476
8300.875965628824,9167.34162881384,1012.9143186744817,307.1776059462491
5071.621701719587,1982.9654849885178,1199.2101544925183,135.31277531192907
7277.279026558702,8982.250532081614,841.3650959258939,313.7102140747829
4472.513386536648,5346.971842809532,1156.3660167824526,285.2740704465155
9006.115327612628,9572.37293499189,579.421635074963,170.58714376799713
2150.759251325483,4727.578909379366,267.91074871991947,288.4468650615346
7903.77285674077,3353.7880309015354,558.8238802387602,35.087532816617035
8902.826994591182,7492.776256057333,998.3332288234792,238.62556284603596
7546.261362976329,2224.0950105567927,1426.7997492036104,268.2743198136538
1398.8294356161714,8018.814672257531,94.393052995162,284.59130579500936
9790.668393680711,7716.931230930623,1124.8397526932572,53.3073968150534
3642.8442656516154,9619.261680953889,350.1236014858792,106.76735046359838
7462.244673857841,9509.35101833467,1361.550567142525,99.24269447197423
7343.291393760594,3597.998160924812,991.7675592790475,63.33957100485266
6967.131629315539,7741.535211085122,600.842296655457,241.4827710118967
5916.979490684266,4334.224375025982,1338.4956835699343,31.514896852021774
2781.381832340797,6784.397309733981,992.8991866223482,315.6310822802598
2715.6258228289216,4039.262398057395,908.9458193447015,45.25187792528938
4112.803994998112,6093.403550933997,1320.0584101016457,195.2934249806879
2807.7129633781283,3413.2174030597776,1221.683097082008,99.00959817773878
2190.7146264904322,5227.68636507098,1337.9176022352924,305.9749176112306
3090.7390717152466,6678.5362357810745,640.6172210356438,120.6817143102506
9275.208728100617,3216.827962355377,1013.3249675168172,112.82286779579262
7285.031962103454,5570.667138355947,109.73252401087281,144.95290677982698
9786.069330888773,9829.855810499062,573.6486681498037,351.3392260029117
9279.19057603636,5000.961828653293,1296.0237123876452,82.42570628821059
9007.176377096199,2552.1752484008266,161.14883061782268,64.95729672817241
5701.217802623481,3390.0729940156043,1481.067103145127,9.514647303080197
2572.480949173249,8198.206105031062,1117.456288365972,259.41484098470437
8566.424382786212,3294.8636864267814,863.9113480914399,103.01051615705848
9220.0220182257,9745.306675175467,1317.1613788699399,29.910510970763102
9127.797995971849,9854.616777893874,1440.998167311931,27.25809665413452
6103.8255844316345,8306.659932195664,50.81719428378594,277.8582205469075
8398.345304583932,1667.8728162328796,1223.4238918905364,251.88576593466016
9280.858478805332,1723.619491826888,411.5619114846585,212.35418003564806
8936.585640386354,6651.04760074131,743.4729770466878,133.35329440177964
8630.318562120743,7021.769436513693,936.6673221339738,254.39863624144306
6361.783913408661,5343.847520247603,271.0514298806221,355.44005749082544
9113.874303365557,5075.366045768165,1442.8056942024018,112.05249365427042
1705.4670153110646,6274.043055083412,380.66079677913535,215.52453464394412
7196.442950027031,3133.622510658506,768.297778622778,110.54851436707857
8511.753835419446,1318.4272832006234,447.0053061742765,296.19433254118655
5872.427714271936,2758.8193534025713,471.1355107369461,136.0479475915903
5023.398223902901,1726.1377515454278,207.38398628524357,159.897165178963
8859.256500018982,4775.474633274954,634.2800284847558,140.6361377426894
9118.888955085014,6797.110718585209,582.1644956539877,39.41964490682986
1404.1003420607979,3283.2721171404005,774.9642980632938,138.56374204368845
2840.3179921464907,3863.497573423755,1353.3880546749265,190.58393568939934
7304.133004265244,1777.9584083077957,1167.0785325143106,26.808464804779877
1927.258945322683,2723.5733096058248,229.2866379561443,109.08817129567022
9286.004781557098,8629.256414846115,595.4776091130972,93.99354850693923
3718.6953359143386,6453.6199081786335,39.506621380306875,313.6646716364981
8310.51010105898,2443.8814421824,812.3434070448894,348.1939343436971
8744.086883060325,9917.959945724011,1478.0088816034402,348.9227283312528
3600.0768104041217,6218.8632492134075,599.4838146142433,29.412671362639326
5080.218307596282,3337.8278677603453,1093.0765418596388,150.65825207036627
3840.115563517354,8341.290931913176,903.7992566189495,55.91917447081301
4130.924073375349,1546.7499135572891,1471.5099914430693,352.4138922534482
4285.857749252818,8350.94065574694,1279.3397878329906,27.982317680670413
3699.760796687797,5330.056699214983,1421.1882128548866,213.63401063143505
5188.882655500394,3143.7287875333304,1078.253683995157,322.76910504114323
6734.029169428126,6735.172412995978,308.83278986759143,177.8055202533929
3943.959359653327,6352.081036621367,492.85579522885496,63.84065255909306
4565.408798131116,1850.9494184124878,1249.3794334787322,89.64947153073054
4697.672113570698,2218.0939263381124,1378.1348807744523,229.09498761698802
8561.385648275991,8873.475696273204,140.03293375851783,306.1025958601445
1775.0124706372048,3269.45473387483,1476.5137419265286,205.8354550085147
7652.545286441689,5438.966820855366,789.1109390220817,111.19867731357444
3223.4922626040384,6109.552709615622,685.0146209414097,176.66543699083
6472.635498560444,2276.343900227519,1089.0036147808391,188.5745006038518
3947.547378434972,2531.5714569104384,1369.9960472025446,233.09894030967973
3848.4739700225186,5616.908614152686,1266.587439171297,15.19931192977334
3066.790840242809,5688.817996847227,1046.2992717211757,357.3884924494327
9374.63044175701,3896.070861598255,940.224360843172,161.45951585567116
9641.960119403138,5082.663390904974,1121.4465879188795,255.471791249377
2253.0040628438555,5599.153490905335,618.5815437265901,43.362907668354914
8576.63638790368,1305.0293254035762,468.55634175693734,212.4268616349726
8267.086732230653,7246.272620984589,572.2378245553755,176.87478396493577
6997.8009931287215,6090.766002165765,914.7854490759536,2.2700196648126783
1739.511681850083,3358.367367986584,1474.9241747292865,97.0788565449984
7297.753236785935,8344.08865354854,1164.2529179064265,314.4089653128083
2616.372939344353,7622.5041763145155,935.743884666746,69.80726882026534
9374.569160724934,6337.2623686433335,184.1119504447148,164.81828884579465
4178.5866893312195,8321.149448610086,1114.2308177143032,259.35094200686524
2741.65527984965,6560.286317459537,766.1507265215544,94.35420407503373
5252.757884797021,9449.798067642172,488.15211798132225,11.99738322542046
2159.82979807459,9677.918426185106,715.3187159053293,233.11943011090085
4800.8237921815735,9729.546732264762,414.8742483529847,289.9198556478011
4927.169817503824,6018.435773110231,291.3462790766272,105.0982667070981
7664.905918263133,1211.784159928644,806.8585683175123,105.17336945869377
1620.885633724791,2751.483491324795,840.6248042490964,336.23369952723766
8363.786544830247,5580.489353839354,178.7820356222645,169.33735499625703
2722.6206670867846,6611.962450458059,1210.3310567923406,193.44943590854064
8686.101624962692,4874.515489239701,190.7639941375937,38.79762187215434
1644.0115069956612,4239.149590118347,844.0193203352109,109.6904788624353
1187.4367027244764,1510.6193985661662,1119.8887189072818,105.18982823818877
9872.728537360512,4487.330070881861,334.65736113433036,319.52711994047206
7325.77794439279,1934.600379979034,644.8505238828847,345.66419136891
3720.622011680961,1898.699593679963,962.3209557675298,69.42194065904785
5712.342741085242,9911.422983448194,835.2487289169044,121.00884995321731
7756.614453318373,6815.198626577785,975.2295121905255,19.882154831535193
7050.6701121967635,3994.6619815646627,981.8107085820932,115.83513700522158
6619.6382421992785,8910.956278882362,17.596541238204793,331.89213332580476
7931.051614649921,8846.853585390623,924.0830477214336,228.37841888491317
8539.890356444672,8199.995439030155,1013.8866662579054,236.14029445602574
4844.851246173984,5071.609358439125,231.56742005965006,6.938822753168457
6376.266547363516,4408.704966766625,1009.363650909048,212.51344800788647
2945.3292857006345,9468.105910206092,587.9248238639518,263.9315892632652
9068.69983658467,9419.764391263843,506.2217311418337,9.47831152995041
6447.034265612838,7390.012009755475,992.1705174138559,65.79790859611636
5416.6544484283695,3176.7021238297834,811.280567752685,187.06770174845065
1700.3698051813085,5540.7630934376775,1428.3479889711775,112.7601050308857
2917.9128320270734,3945.3684351971738,561.868622187719,167.19341399145463
2670.2416856078876,7568.528693157829,306.1649161113412,94.25918576701235
6412.087827180146,1169.7395139676246,1174.2287805563972,306.0214182950938
4272.98730447173,9114.618676728016,28.21675917012897,295.34333617494053
9544.1433376275,7732.134506266094,894.9809372451618,257.1676535549767
9710.376776536283,9601.449163533522,302.6053423266477,20.535353693864472
4193.926724537803,2312.939194893478,582.183477949053,56.63365759543665
1448.7875554279933,4955.547622731413,1362.9595269115769,133.61345731184272
3824.4401693667796,3275.9589664735327,958.40529364351,345.8008220942875
7715.607288866222,1383.7001870877066,765.3312176367584,203.85633987086288
8062.3566419317585,1579.9458299398495,988.6185428652191,91.49938478464067
7787.614789402277,4857.215258275932,551.2571936621446,43.66795547169263
7821.360983428185,5757.563153992631,1037.8848582049513,111.25114466613371
3694.0745128105445,2711.4831170491443,665.9218409126747,34.71880804632215
2677.0933365459223,9829.210867105226,917.0707623529173,299.16191017968123
9814.646304420174,9904.876309093564,759.9423180187729,302.7560542557801
9207.726393300574,9698.973694316246,268.5130962538865,282.59651527034896
6406.215798600476,6353.165935275348,320.07164397920565,15.938208836801461
5894.022533810358,5425.99092986451,546.6107915813398,94.87918954381985
7966.775683110941,5392.189661498518,31.337965233670506,145.33753589234271
2224.68780880138,7555.514087900901,370.7444901012956,329.8792130881247
2869.0570229422838,5796.718499082816,782.0753547965331,189.60992819784263
9778.113135449665,1807.2167972268994,896.591998115351,318.80071999018736
9718.772540899074,3781.9530023011275,688.1684167383668,140.68649448710215
2749.037214028498,5321.550795954715,739.6759538925439,17.505881599048937
1387.0416652270153,1508.7306320428752,1005.9358110488424,228.94302695958353
9720.130383319449,3041.445367155814,1015.5155282015435,164.4819021177734
9183.145460862754,3667.588921646831,730.5771661968874,58.98221969796106
7170.393244938167,5815.29769236289,828.9770242022032,196.29759707507188
4659.096706490473,9527.39857898504,1105.387391052502,320.0707557612566
4599.578797955277,3756.446775406751,636.0506635333646,164.1411644555747
1457.956584159906,9535.816332819406,362.99701111347673,323.05364771364634
9215.783323709635,6068.508199480942,329.49542933239866,168.57838543469416
8673.643835804149,4793.381397509294,822.9040239610033,265.95576676817353
7122.784371134838,3368.4568335035938,114.9166496504412,282.10461647432123
5278.742656147522,9016.760582060171,647.8122625140335,284.0734374986917
7304.741434731718,2888.1583832338,1462.589855225443,79.50236758736975
2088.23556984291,3095.799783628022,553.8431736493426,354.972872659136
8232.678221986404,4571.269880331509,1464.8819238265148,338.296458600003
9159.817508321612,7313.033484081215,1218.620656451859,293.0950827521203
4062.141069762138,7310.399999758583,12.710432838871114,166.89925846681808
8585.987154314716,1816.4763948930881,106.56150603948741,102.16625606596655
5480.215090726425,3701.507540060744,1001.918214445938,175.0736881253285
5053.482087726448,7564.1032298749105,959.8776302910021,10.928360157986026
6085.104173284761,4696.960983152003,450.3340085715533,343.35878091693314
8019.691156813379,1481.490754448716,809.4010280397333,83.61458723975377
2448.3449781486643,8320.62470874074,427.78622983378295,256.86626483741
8390.908185320732,2983.3953151885653,502.5024442802152,6.531327540072795
5033.03668515551,4967.694693837424,1131.1445232655105,112.50676642533537
1900.726533985242,2636.6140378610908,1118.6780625513275,324.5421568322562
1595.5523514657102,1342.2916488908984,633.9746016584568,129.59670578047547
4944.186577177299,8649.482218955036,11.841865508083774,265.4618611932483
7057.8096854872665,5104.892590003665,758.9870701009734,103.63486455012776
1815.6829103039504,9219.705131743533,1322.5825945049883,152.27904916563747
4019.8599971384538,2053.6825688754,713.517243216138,200.69543885448618
3314.904753103283,9653.535141536457,374.88989316142346,144.15627289649024
6135.833193049833,3200.419766810191,1125.891345676749,27.064770053726495
7888.219138458514,7640.005702833277,818.997847261885,297.47847004858164
2211.900389133211,4899.684491981654,908.5513047402426,120.68224357916448
3105.463982100575,6986.479309739776,406.92923360688235,221.1627135448672
4565.956557400996,3871.2414815516668,703.5143684757413,177.96846373460716
7350.392195882517,6143.466789153613,59.494791923892535,99.93266322482802
4402.053091818558,6332.804410705549,682.074662447256,43.82205496731457
1154.9824486397947,1784.5590639556772,581.866606597924,163.22102184307508
8148.535505494984,1122.4220375832779,569.121171803151,6.347518355282555
9761.544573990035,2962.8547037637604,101.68859154221417,172.77146762104883
8211.96268702751,5862.106841737975,56.71218436669678,292.71374790166544
8835.98041118319,4201.602843389022,205.20600287222,52.2091574597277
9550.797854307586,9752.954986837061,740.2725461589698,105.58419317277315
9982.431343887958,8122.314539067688,867.3100725754703,293.2784417491857
9524.401323371208,4738.912584314333,362.2868264993058,165.06381357477446
6350.179072325262,6608.040204382048,98.77206944504799,20.249078542387647
6404.877638256656,6817.800159083676,589.0270422430052,207.59553933159884
3549.110331074203,5502.033984799043,1382.7896057030475,108.16473348878314
9234.01465072101,7310.890125942133,1115.9353881815935,245.63444998478195
4820.083743286457,8081.332615497738,676.6062618450281,201.20951204391088
3126.3182778026667,6748.771724105106,1279.5430365405468,32.69825698668226
2154.376292292748,8829.87407650595,1226.484730828436,109.81413253697029
8156.727357432674,4867.569849281057,473.9421109924845,69.71263060259723
6697.2046848252,3965.6096848721777,791.4215006772728,9.158246657041555
5891.945053910937,2345.462749509078,1030.7107690917176,44.20501039608274
1905.5924716407703,7987.960287152925,1213.0377870295229,210.44779628135345
1768.0107699731207,7348.72030482636,607.5789959271696,316.4022790894979
6326.361490546281,3039.0714194482543,305.6026611684952,242.95624008203552
5648.140729822631,9904.520579445754,773.8287915943214,156.1271839195329
3555.4192947112997,3853.010450952293,1365.8455287548647,131.65957385347235
5029.03324350847,9146.950112928509,145.2630896777626,223.1894788642882
3425.0423294768807,4223.017918005107,628.0901223969719,170.72577741555725
2514.733199962539,5867.052584833572,484.440743443799,15.75634904029653
1153.0343841554757,7411.9651112351785,624.7213743534394,128.2142260206025
6966.2003967907385,8575.398091049181,732.8415109114782,155.86463551572248
4554.968874001424,2402.7218158040164,1470.6735068978874,322.97446285281796
5969.420645496256,3894.941409459859,358.20982243740787,293.76449674645727
5022.505228201651,7296.311877221993,473.2314730684762,138.7882268116072
8834.89903663459,7910.577568109849,49.87522852709256,248.11354672594175
5188.551266293265,3445.0920517767922,314.55645529551566,304.7354653025408
7624.788865523122,9051.555783159052,136.7125328206251,192.35034119352716
6961.992586649416,3324.2187392044034,1153.6826068225732,315.41901286999206
9638.305098463143,9167.00330170399,1209.489665420273,80.57007141227697
8286.465940501392,8290.736844477797,146.12059130085532,216.70584886276836
6870.066208535422,3691.8972254167597,468.1354363707872,211.76347546059029
5143.189877669118,8109.275340587701,1338.871728668166,158.22759010380764
8453.507828421101,2787.8741356772134,1215.6822810696306,203.9769482063557
8558.118483725784,2961.3117865328713,480.96864960412296,226.17399902229758
3298.5702205271746,5449.9370863995255,3.095119788450475,88.39252897485532
8822.923978012726,4193.84413642501,578.6435927083181,18.771385843916235
2291.377908112847,3962.3697019824785,413.7463624493204,292.9573359858811
1858.9107772604082,8619.816840713598,1243.9220874768362,269.1634396080099
3230.832450082709,6888.261294493797,134.21611247342918,10.970616162680798
2907.003996125184,8009.942315958845,705.3790027029299,144.8023444279806
1588.7123105890532,6473.190376348853,753.8499970178608,278.4740466216206
9339.54916481413,5128.888940863348,390.9181035915473,242.6256014373459
9290.285162317214,1454.0039125212568,1238.0825090369685,216.6896533187864
1317.9154287514714,9859.33706713409,1049.2373288226581,293.65748671439013
4194.591599337644,2869.8687465571693,972.5902048129399,103.38710640591634
5232.133897725609,6652.798643490248,460.7112314903961,342.0983071448108
7281.637996292054,3407.3250432945906,575.3193039427274,63.0249106328801
4092.727198575316,1105.8446628023153,408.0713993223548,328.10833843957647
5804.01841154458,3269.1422960024397,194.46024243951686,161.29617492979347
8742.213652971775,6723.559110696784,1031.9669705866843,218.16764036187638
8164.273865879682,3807.504956586183,578.3653347437329,138.0026706266487
3484.7621265133935,6500.524718721864,330.7094540780302,219.90139681375402
9929.9171163401,2881.8411286158216,919.8517061974935,22.32783237318629
4311.981740334411,4476.195068997138,1094.507483648428,37.89517878362216
5795.729016982307,6144.114906088751,544.103263777898,298.4305490686279
6064.031911052376,1668.9206675578137,23.470108018804893,357.9117065753839
3547.835071410972,7767.607089569555,867.3403760688509,111.52537845270078
7403.147870036858,9139.375026358946,1125.4808318255602,221.23588903078888
2353.043468565966,2826.079802389335,970.3501234911467,220.27360881897056
2519.06382923584,9052.568292736321,104.14257305771014,293.72154592254776
6823.781212613656,9352.746062956785,651.2425405900082,151.4072820065738
7153.046945959565,7345.363560136707,1168.8916153257862,262.1129379748238
5221.303974994278,7159.795091762842,1270.4075719783864,311.78221842018706
6842.180050806488,1446.049055309885,1175.799535598725,258.4900985690046
6677.742830459665,4430.381386790118,1049.8753102316127,230.21765671873177
3964.9590155196734,3531.9153754753515,76.25969833603256,140.91972131988572
2847.6114591854734,8808.308471575183,1446.1832813627773,203.9177520570181
6141.5568492790835,3156.705619928868,1037.411591123164,320.20739876709524
4187.111611198763,1230.6124604647728,562.8839918287983,181.57280439765677
6362.011320239906,7406.667330077347,330.6623936214765,105.85239355233001
4628.857751669682,2988.641920940264,235.20207511539093,258.401295060321
8510.926944229293,1870.8308572576136,837.6715210279815,73.22705498623323
6727.322861883753,7615.286064171987,1346.2525703454226,191.98048770891543
1566.691145062151,1881.2220422482314,604.8857955108332,31.333187336179737
8724.800945729854,6236.951256400308,1084.5235352460304,340.1149100515694
3310.299296858548,9803.817011325042,945.9808538232262,55.71005111328538
1110.7434375828948,6374.599560632036,708.3811117303891,264.3725724983002
4421.026222189332,7987.809327437707,310.0943262589468,196.8848785031483
3326.044234690897,2169.37781864545,1144.3229821050081,168.17652044939803
8621.685293450395,9200.599223176705,792.9878545681664,62.78616281445868
7431.2175782118775,6770.267988363982,373.4202852909487,65.75419818969793
9612.62120566803,2081.5547200596575,478.83758960358296,341.4732335282775
4860.741428733668,1787.8571673028898,1311.5314441244896,345.3384463522744
1520.6944124397876,5853.968571716361,335.92837757495477,232.82467377597715
3203.713831767073,3764.3506182529277,886.5570834994675,252.68385690117168
4693.508463872267,1886.481235694277,1127.011508833337,255.54011211030664
6136.622632464645,2312.671254815974,635.2142458853174,20.263107908746857
6797.616600921539,9150.794147331857,407.1890351411105,149.07568118830616
6959.727886166488,6205.499353582267,1489.5503015358338,6.12002962944895
9574.611153036385,9974.574930557912,256.6673969114683,277.58305078736
9110.750417431178,6914.097698222722,107.78036475466912,334.43391613190823
9952.23470784542,6881.912992027846,453.5718327035558,92.52914367310291
3956.753786882994,7554.352642276682,833.604167813787,306.84952944066947
2874.1159359777307,9355.695779953465,361.6831145399856,300.7335282978722
7757.209426405599,8153.177609762457,172.13807340451643,117.39714836136024
9202.311380368712,3396.29651035247,1202.4455615294557,172.63535602488815
1228.4092011121434,5648.328405292908,714.534521586137,126.5283443401483
3248.945787521649,1839.6503093361312,343.8190220077313,317.2378018213668
9115.010555068344,1737.8809711664644,214.1430351354205,56.423981365219674
3777.038308164045,6884.627559753075,1310.0969102174195,308.24794010128295
3404.3325688680698,5902.491736998586,844.9188189386336,260.57289569095354
5023.502921983931,6471.894774483069,1207.8122075152944,357.9950608727245
4013.5434961982373,8891.520114371977,300.11344806961426,121.12266135338727
1520.696393722791,5099.306986377547,1455.7804232130318,159.04501998791383
5961.595119417353,3400.3051833136174,414.29843849158743,333.5140875040378
7799.348650123091,3036.4671194118505,981.7058530827165,256.2078894968237
4097.483290609036,8223.074742754481,67.3738645318726,136.15758887794047
5224.012842070554,5717.818030261523,911.2316481199254,299.69762939702156
4987.570695861334,4103.420413088272,690.3986072832236,171.12675124204725
1321.0591705884995,5871.554577152596,371.4650840381032,48.45555416097833
6191.418654352975,8170.024955436214,1480.1360235458742,188.89847518389584
1918.4351136862401,5392.528103716264,210.16258267516127,46.86486150944394
4482.621303004869,9619.096696329287,911.6280680173022,50.184122851667134
3890.8951340030894,9391.098351773637,1101.8237815350162,130.4815906624449
7469.594207710403,2212.959048148332,160.17966046802508,160.61120924112572
2988.5675534011416,3497.0746412442463,228.86730437577367,84.68901165308965
6430.136740944973,1175.903912607166,1050.5812870934908,96.54671956464405
8455.11728394034,5251.436480088412,452.8784884852244,321.5038252552221
6088.503348000379,3098.5419501958777,480.14528100846786,1.4227738070052132
4154.082568076887,2295.574187771954,1165.0462201967416,90.66062961470996
1320.4647727192632,4986.048289903387,560.0267305096343,132.06123895079546
8693.98921243833,5653.279337966023,692.6620771358313,350.02268541119844
1938.7356435377696,7384.252855977576,50.05434388596219,188.3327787978875
5273.969416481116,7699.613379562102,72.51033526123018,349.37706149146345
9849.7339567543,9243.468292553935,314.06132739745465,255.1200549310617
4022.215898323051,3798.8218224408915,1349.325377609065,45.92410740970507
5598.842712954655,4297.393343509312,44.25131917517579,234.7297659939187
4189.045485186591,6162.303822283913,1088.1402903407868,311.97396470565457
9639.152815284782,2085.0561333163646,1317.9893393864013,56.30498755296888
3700.0073109845684,6030.623606875231,176.27391935312525,250.11753684157173
3418.596867086568,5689.330111249137,1380.059339605559,335.16613999361584
4189.672358212934,3435.750570334663,861.5041494927599,261.4679751887838
8294.105394574113,3139.4910441006627,1345.5593142836083,105.50337852122732
9422.928595466243,1461.7213920626225,1176.490633155804,52.80069192506668
3612.7784182806513,7765.229477524681,519.0825173075566,296.8607513492331
4493.993091434623,3574.0447574794484,22.543971579305232,164.14683886121296
7259.390299333903,3961.6667325643416,1415.188882907792,276.65631565609556
3780.3683603574323,2799.1683593764546,812.6121461656253,95.08467938789941
2765.549248868586,8042.002799541798,162.00990968939863,298.36000668789916
1610.0796029989797,8360.453528041511,192.96954707119386,231.3215236001756
5986.324438935627,9869.217582110716,277.36906964549775,207.88924397586757
2619.7711395676406,6212.856450922163,913.7969112918067,352.8653803389722
4997.816300282459,1870.7492253182693,1319.2998846277483,261.3394627090848
2205.8986257961337,6400.004511741435,1081.6180442107623,202.11811361008992
2041.9156533268183,2429.532278273018,1187.556789283101,130.55071066742292
6715.760054456985,7542.268689497283,1469.8104779102077,174.2301208096938
2048.129038066367,6030.155718464648,473.2649631738661,192.56133209892434
9659.992156029835,1748.5949987190752,1046.2640705189217,209.90543120098192
3400.9441147160405,7912.417048496137,1272.7893553000276,185.38401704660333
3573.5909756351934,8989.727849854236,450.309392186744,290.66209990337387
8038.058276040458,9739.074027351753,872.3588229457769,210.07941134663702
6881.781655924347,6527.968079589882,839.5202016929544,62.211386579867636
1917.53996941388,3680.31201559367,770.1640639860493,100.26231739887696
3308.93797018609,3695.646802842938,1221.0656191435419,164.94863817066485
2351.1456041204665,3727.870218537376,724.5581248451914,354.3433463736666
1121.0161197852783,8139.972829162029,76.75005042137944,163.58543672088902
7126.9013147970045,9732.051039081023,689.7803880855577,275.47641620238494
8195.802448500952,1532.3040037012613,954.9868600707406,136.6574098859866
8132.343430679002,7973.890362459696,1413.3710028216524,131.25029485642816
1181.5893976429197,7570.8757793989125,1244.3654261256447,118.62353931716704
5530.743099209512,7843.19291275757,725.8831680758595,237.00848197646005
6724.831237038674,6847.161751787921,625.7547643303805,277.4621609869092
4546.569439590392,3150.223555228181,353.0475255442698,236.89993119939984
4037.6162402904843,3220.4491074285984,1162.9233943044944,72.90814255576015
2603.3949024988783,5489.143828498204,1109.3219228122305,55.13159207441737
2661.973480161907,2219.3008262559842,952.8995593924528,242.3369219329748
5695.539711839558,7089.818892255527,766.6824046535203,179.47098868498307
3824.1996951959018,4422.170310905958,544.3189853132029,11.16469748923621
5947.2087919375135,1242.1464159795064,1095.0794852919628,252.8226315657742
5188.029368439058,6596.098188252953,156.5506109906057,56.25019360529956
9694.101649136448,3867.687861335554,81.84800265516748,274.3486100155626
1575.6974861420724,9506.220738305736,1294.1809288284949,335.87518942569227
7687.562187398075,4059.081290191678,651.889310559663,254.93342198596577
1768.460600514044,4083.0017472188997,534.2280031500802,218.50670543391763
2267.896619801395,6361.469134978931,1192.3820790482623,158.4301664770779
4887.632534837148,8149.902207371071,1280.6321069513137,317.5820706176281
2801.434457465929,3307.5788466624595,126.99936235651438,358.01506780713987
7918.932085037354,7317.923651729295,1497.7520917277457,125.72092789296717
9086.230759249305,2453.1012208273773,561.2021754967966,140.47771977704525
6770.106775298754,8568.175538453932,1049.787685655551,21.961093829197598
2910.6671150449924,3238.3654194408864,660.122524618822,164.7033320968745
6175.189382914774,5133.165809219838,980.71611845959,180.38373091496885
1663.1677607703614,8299.782341213744,1495.4631643860487,105.28751698639289
3691.2409558137597,7714.21244006059,1055.7651275167048,47.898478148085765
8196.59526503108,1259.8334098827593,1247.5778454109538,332.10157747139
4199.343955170898,9947.892380701742,310.5772571074433,29.782596971750866
2465.3548606047825,2744.1503962918136,1383.351764232541,73.95962754333138
9606.985309841055,9242.524363464508,317.56121024785506,199.56642414461342
4192.464133969224,2057.401378572287,1057.9060135917252,241.351376755347
7772.282929702953,4997.668341398972,378.1774997729825,263.0025847802422
3153.0875669591674,5832.616475194527,705.1026592142613,292.6892875097436
1991.2667797872164,7703.967933379647,1489.0674626715536,57.10270059460075
7497.271291920516,3280.7971958239937,681.831524749542,357.05307062129134
4573.7840166810265,5392.341535179431,1446.8052234759798,226.86720760786795
4969.50080744737,6241.404382630301,556.7431055403996,218.75945791707068
5018.770846298381,1371.4307980510562,268.3759251086167,69.72378000063556
4780.87742816402,2076.214067667862,100.03834611688376,156.4307025249682
9470.00812923177,9456.019559958146,886.2505295850641,342.1146627576697
3114.5139853369783,3535.6621815696467,609.9366374259158,197.24379692643927
7827.77895951454,6333.531253705359,104.88142713908852,346.7926759948358
9711.032998185972,9754.603578173272,657.0523059592423,159.96253376594052
8597.309224973535,4356.864116432393,1416.2648265671744,65.40960387976544
6621.287734187437,8271.835418450017,1032.8041913514535,312.038276281594
7367.664500945481,9838.521938349017,750.7774149268511,64.32487807138439
2959.203667098509,4105.057846792037,1037.7400693582647,52.167921918498976
2761.9903606191638,7482.964549942237,161.12708266753188,182.4404237607482
6124.225744437815,7737.821956697682,337.7816456323176,282.23637657805887
9425.349093102417,4549.0164584244085,918.5576460184355,275.5006816820761
9940.83762183571,1451.9926046318014,1227.9391518641096,155.59733400762744
8374.81572651505,6016.35239155499,219.4023879948438,241.75086699957797
7426.297394960059,3393.6128536552137,239.93627499862566,54.48614995155155
3523.201075061402,1370.3283509730973,57.09486097315562,318.989931076288
1598.1080372680592,8702.395087017288,1114.1580444468066,255.2256086507236
3203.6726202672057,8212.178103928189,1428.045635758152,117.85822849201227
8213.428138245199,9667.958604884867,493.444028777834,34.77299668100584
9443.152297527298,3195.8013353932943,788.1131635316688,139.9348671276175
3109.6292520652673,5207.605867646617,1139.7949694687811,201.77383530068073
6088.907626585231,2989.858749829866,120.6164214345852,126.5664852060701
8882.961502639428,6333.540505015959,966.771943954191,114.28870921835704
1253.3396030599506,1293.3048681677262,886.4910977059261,114.35908525827425
5330.35261167456,8522.019097305443,350.74245318717897,262.44737348749936
1686.834995380329,8456.801246835714,202.57081978139874,343.473546469755
8291.491770903924,5993.472284335633,1225.4242238407987,53.42361062887649
4756.706775078391,6452.342144858328,1020.0434205098647,129.15017035550173
5476.728826143407,2664.1558955398154,731.6263628822677,38.35906478572623
2323.6340456611933,7239.10720225814,237.6516110125543,100.51418726273381
8718.765412245704,3760.051777318826,186.09464306664407,301.4026545946022
2677.8033328482225,8630.036435814092,1029.3399234653289,216.61358186602868
8126.4351243026695,8766.035106666219,1390.985709870149,215.10198036376426
7363.401263459839,4933.569424259452,638.3121207500592,107.98156538349102
7407.900765375955,1216.6136882399562,712.9544631117753,56.095186909260896
6425.814341463188,7780.67594009872,677.5791578872272,154.21384577648865
4880.511112359849,7379.003394513519,150.65406558951008,170.96171997570545
4705.612331233258,3777.5741902912305,623.1878382503024,25.814168389129897
6104.766273877988,9627.974290668533,177.7736415903668,351.0403734629537
3064.163404466277,9618.163038635677,494.62292306546215,329.805235686032
5878.737370441407,8955.644885964974,922.725271316913,14.32259639749508
3647.802451205285,2574.4498052445333,1129.9558438563286,131.20962886927563
1979.3118976010408,1256.1995166831748,107.13315547718935,195.3259339846353
7059.923172440575,7195.593582178315,1204.5009799947866,137.45826645578038
1734.3165298865224,2530.4496106635434,348.6343511511285,162.6901247563566
8636.955971168281,5541.151533101813,737.8746348652269,35.14003986908821
3212.7654625567156,2825.41471475882,1049.3093422742236,207.40955119734363
7306.481619431302,9853.424259645539,521.2989084675824,153.38284789302296
7436.870253275317,6855.179875678859,1138.4221357187782,144.42777880147324
8338.391148633009,2343.1657416590288,742.2927615096946,67.75529636573334
6705.941486691783,9956.144152661373,168.71417256957628,41.606268165473026
2360.5336498825554,8744.399801879823,532.4434828080482,258.6948725004158
7322.694040681278,3808.484601256895,166.45829649269638,309.29085843351623
4078.0484078522845,8858.963624373353,513.217968376971,261.5459068404877
7650.357885403165,5262.267404283796,175.0429597340153,350.0586511314282
8265.11447520581,6331.106939737579,1346.9256776541624,87.09592762298556
5624.056841154336,4486.985826032891,579.5051715137929,116.81002308872785
9473.353600698912,1715.997513663134,1219.2739697783811,159.76612319752164
5209.813924345739,3454.79259363613,846.3304604715595,79.90013230673671
7553.39141451167,8437.946710063161,20.583577792566246,201.18553961136251
8601.20970591221,2665.610939670046,1185.5009801731258,30.22135977980689
6341.523163320997,6188.233357658869,1243.558937565922,353.712872692453
3200.377532629648,4369.256427054954,906.6063021089789,40.867645751160424
4651.500466239923,1207.9815621092753,792.6228236007441,171.80170226536455
9512.249492682888,5060.661543333408,1498.5823233470906,142.51590318830617
4417.3976201250825,3992.5530312385285,1482.9311934215023,242.10930345272246
1207.1885611876273,1742.4665690042316,657.9850823799402,188.87262217631528
7370.540996442753,6177.168766969029,1458.2483059806855,91.51171308264823
9729.223494218872,6446.2392923198395,917.3722555522277,336.1650480081931
4868.183689438413,1151.7969197334478,288.39657661389776,246.90545417476864
2871.3799168973474,8353.469754498397,1266.6940080887168,334.094462402316
9159.33850420067,6428.850759194104,1113.201359859374,287.58878833966185
8103.569460739203,1368.6157112847545,748.465563865439,244.32825080191378
3107.304454315018,1419.8603308923975,1241.2179902451217,203.85287021148
7898.563170239812,9013.7948362333,709.4626597319269,300.5422940674397
9491.854608933534,9970.06522203995,922.3164927590368,164.76502925160602
9324.845246343855,1417.2434691589394,426.1137238551246,29.89503557571845
8192.200149833585,8261.694636175751,1298.70239720398,64.89119685777835
4752.869304635209,1736.852105103865,265.9177107132369,60.210896022707985
3342.2012128947117,1416.558687864387,1117.133709239528,262.6963074743953
4701.931011572453,1135.1977618970877,177.44127514882223,230.6982635920972
7178.59034589685,7292.156685231562,606.5468470149848,306.3476247300611
6323.324818479707,7794.297159213839,179.35960045906046,38.991578811460116
2871.3716652907488,6666.89491930074,1309.8923253352652,253.93186340894135
3046.6882959612803,7277.186445034277,404.2101959005003,128.89372601967537
3075.4499439739648,1232.1640290366133,242.82682625443434,143.70714074617325
1162.260178887387,5413.348747307079,529.0172427392079,102.10176436714345
8546.008972877822,6140.339090683057,966.7126607065429,98.68397583349599
1802.2578149317105,9267.892297829347,1175.1690191817986,56.63770760516832
8823.176337321705,8441.951769608375,1484.574276500049,69.26149414340045
8127.945346672336,6011.062018880508,23.34773512720452,167.22883042696162
7837.8543795291625,6910.166611250519,282.1057500893978,276.26926368508913
9301.1247109015,1622.0457461875958,1394.0546491492012,292.0169124030052
7960.950187755643,1660.8812114209832,291.49170281970044,249.5844794065116
5667.520547122324,2288.098839169293,216.42842280828327,226.00269404828194
6636.6352724117105,7903.333143976518,329.9969491265284,243.62965054928787
2256.0591469949104,7486.04185845946,970.4827382841037,333.8865226125163
1864.9607315097032,6559.254947308581,1348.0645187971693,203.44049558049102
4774.113395709712,3753.4051008739275,1319.4104828332324,250.29963394923092
3383.5018371726806,7532.185875024935,217.44200405025086,232.924332573762
7113.779258732696,5977.066565552539,653.8949729587466,232.07075341243055
8316.778410871659,9850.732471322202,379.0923955041943,72.50278463487938
9950.507736854548,5710.580808584315,1316.2453970171607,143.46565665696372
3071.5223587744176,4739.269493025943,912.3754406457762,101.45633785392886
6456.594340594447,1931.9875866016273,626.4899141089458,90.38798401949248
9423.296333741271,4554.5171249256455,1496.78891504798,142.02005702417077
1758.1906123373371,5698.265600878521,1373.0856448240452,119.0918443948675
3731.9054375073847,8616.078558202513,209.67577081172442,60.51950091092668
1207.4843178486724,8987.107347275532,592.1013642382383,88.7423123164269
4056.461815136454,5604.915390660371,852.6788709925635,321.9152649842147
9400.152677543978,9945.778158589186,1337.7280970205654,150.88694837286818
3281.56684794877,1593.7301439206817,545.5027080750614,136.14227349041732
4475.700242603505,6709.403442890929,766.5454354110528,34.54552297365513
2934.9513669916673,4371.0084486735905,460.25350043804593,271.607126958034
5639.452073680623,1766.3509454878742,1152.7846991043712,248.2866051066803
1135.2534234431278,6008.1446087741415,57.66493777300548,125.5727367403783
9538.971845207965,4219.7898825513585,1067.5124574395631,339.54029632471196
1447.5956566430496,3424.9607709670513,309.2294003286052,184.68196284055267
3679.414217597675,2156.7997757867142,224.78871932636466,198.0760095723749
4060.5552602323896,6974.522846707145,1107.0404005235105,246.71133041545434
4341.721580655489,1463.7672514066142,1232.9171590899152,181.31558652867454
5219.547879390953,7508.10799322598,464.9927499446082,25.71627528309437
1537.043763943104,3809.765134149713,1483.5902613624119,176.97155622723434
1919.9145913464645,9612.81528861151,738.4846842593353,19.709104525136862
4499.435269701585,4353.194868390574,1260.706198388633,137.10471597410367
3925.6279772616513,1894.253322460645,257.91700278069624,159.1694593770661
8485.259471849018,2409.3437401017327,498.09533656581925,62.655264386172846
2242.5813079554196,3793.8293275115625,494.314461305371,285.78880939260443
4006.942973909115,8537.524900238059,510.65757626058655,110.07034764400463
6853.645881258083,3496.6948091279373,424.3527385603521,335.76795088292465
4658.2454183385225,3876.6344932237503,515.8993204402759,144.331121290292
4270.640315814477,3736.9577961915684,522.3423007327767,343.44027111921747
7073.261547831929,3123.895685151882,1383.4957393724721,269.7656180970866
6948.21599939185,5244.868778217827,379.05849449439387,344.71182541100177
1278.7022189214001,5550.974452055773,525.2741985882191,310.23714901107496
2112.8651376966563,3013.433854586524,1284.75439564524,22.433877022858546
9131.696314307967,8807.056795649089,1377.8011036684718,157.97646061844563
5635.119577557923,3688.508386742844,23.421546871343992,199.6464997012405
6402.5508845148015,7868.898970819568,692.7015007767262,256.96845136608954
2594.9048429446507,4851.7446921929795,396.80847745515393,220.29370041522955
6010.88148394057,1393.3830042645843,178.17445223175613,257.5158377283155
5384.247380262982,7486.807191964644,50.07652756946255,122.90933046173055
1530.375640065806,3645.424527994446,959.8788444198492,161.9740374167535
3868.9351039566827,1211.1250963815044,398.15732867130157,196.69807210328065
4015.496477837676,3699.1128426324562,468.6147123873938,359.8488031865567
2720.0523148379452,6197.522926558495,1323.4880284374874,182.41006048956626
3314.4568226365905,2709.3745879207827,561.4956777006116,36.08525871529116
7039.914886397437,5496.8550929594085,1354.9272894403102,125.22186705442452
9924.11380715584,8994.362272400784,22.62973683545091,326.2105687557658
8836.799369794659,5888.754673247028,328.6415322757545,16.89283098637821
1733.175990276545,8541.050594936576,639.2590977460715,175.52685627131018
9954.022199340148,7375.535179307437,736.4591805392108,152.16538053314633
4662.347708284646,2980.8815912159216,502.250236307697,228.47650547593528
2696.6503587645057,2002.9177322640533,432.01954372023243,79.7568589497607
6662.721466030218,3868.8909108500893,1042.855549256863,48.27210207751944
8083.558973045498,8828.935535589124,1341.5323676185928,153.175070890828
4290.510406719313,8531.645533057643,1233.6256060868632,115.4585283835033
2828.0300565489524,6052.350507328288,266.0132603368109,39.270905188264315
2793.462188742793,9240.200905916576,583.433271153486,288.60891578407535
3011.0042206367457,8742.32571090071,129.87663060101698,143.35612493509484
3210.0134200621446,3814.851342834256,1399.1756287828634,357.7443356042277
2641.0539835754976,9573.993290839213,1086.9112543813394,213.2360244703796
5637.3154088417605,3466.513279082846,91.6601772775486,12.873461640497103
1691.8833584003146,4541.820315757983,1183.7008737845424,274.95853184444223
8342.677112087495,7719.300060118279,490.0480896116241,53.543728319028034
2262.7497914857067,8977.843351032228,1172.0958907624554,124.37212168117067
5386.7702941676125,8658.49255278458,1072.3032336951107,166.12105718473995
9586.588029036648,5854.770693412713,182.8773966804684,257.53614449611825
7357.790013320099,7097.410888907436,947.5715809584889,134.23247917928828
7448.394225187403,9136.829232376502,1359.656576036666,62.89747939219399
2637.8977370675157,7950.035367855654,466.85988388367696,224.61096339186454
6980.286992325088,3547.2715483151146,936.6934451652295,233.8073711543009
1731.6081633156793,9233.721227977512,1347.3987828292336,78.56528713927075
9933.666196739647,4213.8163166869235,247.5615981697206,266.1477921671086
9459.968644306913,7802.632338435053,201.51947153526834,72.06094126172515
8206.43156848385,6687.206806624557,1271.5950812473577,155.78879661772336
8051.798518234766,6675.984589489321,304.83785031297845,42.672046062910475
6574.164541920487,4853.425665844739,1369.4700399249107,107.46244605272351
3779.9800336160283,3628.8438602365477,1059.6145415368558,220.17984003279167
8761.41464908612,3549.2305192215144,424.4804111808955,117.26518047136777
6043.364552229388,2912.146697481616,971.9805582992936,285.76395626021014
1534.0974264244692,8695.416241350304,1256.5660458375942,253.81966168557724
1985.5046955561893,4693.093701382351,722.6387357736373,180.47182328680813
7375.557849733961,8189.580984709328,864.1485152992046,220.28755480758986
6986.393732283451,7290.909277094495,230.31272507119184,54.0884319723662
5189.864827055423,1798.1033323584002,1476.5204762291562,143.46606910829018
7477.933759580125,2951.1781583071393,1122.3692296772904,127.2780813489181
8748.865741348258,8742.905877950005,950.9668008501301,173.41399534683046
1949.3264158871161,7435.480479293801,630.1438286537802,37.13980691600548
4840.757523765747,3569.597159499443,1095.3623856719519,293.8919582387654
5969.234153509443,2563.02655583227,1098.6312106592507,283.6277473443531
5272.842248014785,1516.6524929297289,865.0238860069081,246.62405156730605
5088.532016885003,2242.832275379345,15.790335354969212,185.6175614830347
8430.720358727704,6967.408052176576,1305.5252343255388,225.19707844575362
1615.2094650178628,7076.700781079613,37.714271315178905,12.241055323621465
1210.1950654045636,7894.003580245236,510.56813291235676,285.9361444466019
5814.16004119112,8728.94912863005,908.4175590543553,119.15705399990351
3540.463391137538,1661.2749373194333,840.0236930359077,271.67331091915383
3908.6646178578007,1105.246396157879,1242.4089928294031,65.20067329666585
2704.975078265519,4655.164226493305,614.9038152463185,173.47488400230804
2602.2392460772326,9154.054667706238,1129.2005249291772,289.3710263934945
5290.7614738451275,7664.070208187543,956.4438506365044,104.18740696416208
5377.808897127997,3516.9260884746636,345.0208577535543,117.95088107939412
4451.985411563592,7127.326960322058,294.19201349963265,186.54134058320065
6770.732665083927,2815.215780820902,979.4933551026263,303.6280006659428
4208.317278674429,9559.65427861558,64.18017315734289,301.08282726736326
5718.762557084739,6443.0371679599575,875.916036753974,176.31623449206143
8876.275995373962,1584.40672708064,79.91742920558185,26.25753364436651
3385.9686245239304,5382.690367674906,1181.021471391672,170.68877443871423
2925.7558534480577,2692.223870611804,1276.0168110349407,137.94663094909126
8401.051565916594,2937.5714106311507,1002.6680605829322,13.462063989672961
9800.759498807049,8933.348565634893,972.3797835988718,23.578981925526683
6898.75533718238,8529.65604853781,221.8203140884989,354.54517615969337
8501.92016826879,2548.8457321224632,1180.4559389714746,43.96687626119941
9429.080575416267,6742.312641073138,601.6009130724459,308.01048316511975
4110.878719324078,7853.164090347748,1465.176082521348,233.65039472956053
3669.2965960288902,4084.85678526068,1451.8135760559692,313.2914859307416
3795.847347844684,3952.3351837031323,804.0047267880958,19.853485061723692
1848.971818411956,5037.848250567203,446.2943453618449,279.63067004920293
9377.16144444557,7691.147675782315,932.0325952052417,228.06842829978768
1367.813731137466,9721.887009032234,874.0531218917683,198.96879929086785
9535.364264115744,1295.676497684444,7.62649528483135,112.97109700325554
8593.940654176058,7946.511596096983,1323.2214981919128,311.7391157179739
5946.20012296754,8115.184600130844,1185.7077495424662,250.57157907847278
9919.361383696772,3064.7062602629467,648.5103386924379,271.5200151736066
2476.458192653759,4751.992889435764,1209.7396167975453,166.44539251004736
5730.9649423547635,9468.400959714914,179.1838276699134,334.9603885544027
6635.1801224568135,1201.3668396862047,1498.4125555323353,212.24742687583733
3554.6442446391907,4152.109433234719,1163.7124935820177,191.80270594601964
6748.669205155636,2052.196364360728,396.2747052461509,246.21782529303408
9106.507479633528,1258.3287856243517,360.9372621222725,34.09906949088131
6044.391208781629,6730.706358575005,889.7733966749399,206.21764558349125
4466.756786753458,2132.974160526082,51.27462915621921,129.23324133753735
2040.029835906235,6511.625661629398,1181.6589312583387,11.183465166192608
3609.7891623950873,3319.632678296228,273.4529278477178,283.789256089634
2606.000378607956,4685.588280651176,832.2581564404961,176.21907602360213
9739.5743188913,2039.7581672171104,1226.762697148823,178.42363686919316
5852.355237195533,8163.941692582572,815.666702087645,337.59498426316713
2890.3135250020428,8566.29327783404,719.0812143170333,70.31786061324743
1581.2359400909645,5198.368878762705,1230.5762099111153,113.53511825066876
6204.99073484166,2793.354450833289,1486.7914288216302,137.39903448326896
3089.6325732939476,1629.655008796456,894.1121736492261,52.14662423265925
8454.882177953506,5730.515414761849,124.97671838757408,280.5153340067
4697.523356506952,5863.914866247076,801.3974970074859,229.3579291253444
8125.268372780017,6385.7592590526765,1482.2218085588504,114.38417297455972
2805.418951765587,7713.414696732316,179.2877764250495,174.31461354910343
3414.3207601685635,8149.709720207843,1490.9090938833808,170.73898131860864
6373.177101721442,5609.195019240597,1221.6378136988665,56.173984722124366
6380.725833422554,1910.4186315756601,426.1632687403764,243.68405197565153
8564.26813973225,6560.1612510939985,318.5489652192805,133.78361255616812
4643.712144584279,8275.171911685846,768.1135145691437,8.171606092555226
9766.480147924238,5114.847011950624,349.034620272247,245.24733329020975
6851.667617892127,8217.000489623879,1325.7382486638203,23.011991017929226
6223.0902983415035,2996.5218201965545,295.57116922244626,7.251921600939343
2236.9185148160823,4069.1763875483334,685.7420419594214,72.28038088746536
4226.9493752338585,5087.571720003567,1257.9507169740978,266.16283251155767
5158.014774697436,9066.01196574225,645.0024142195366,280.0457195217538
9500.775592582195,8817.40921658037,875.6245681627419,237.48365563732298
9679.086734231689,7811.040961622552,953.2302854827868,127.15590343186743
4009.738508862649,3280.062024836677,1180.604268266193,251.74799573811072
1931.0941131417467,2889.8510666995626,662.6538602887588,130.38957304323358
3775.2081712649306,3548.67912166334,1068.6072569276373,259.04782636843123
8770.451418558923,1270.7086322735913,255.60851876281532,276.89940746675165
1770.6243995194882,3721.578123080637,287.5457191445022,291.5796425818648
8028.489950408648,8009.581819930924,1315.4328713529078,27.558228315484936
9132.789279256229,6603.556101832421,286.26396155337557,231.18981474564376
2027.3164290098503,6076.118294116261,136.88207766534103,28.533767841358173
2976.799524870704,8230.968461019998,955.6498291717157,12.939460050521662
1818.2162375297517,2682.052513348511,870.6469463624452,194.89128171749115
1997.9350262288167,6920.263704285292,624.7412647151242,44.99946175765675
8307.551110068875,2091.0643024611572,1236.2874183805716,24.994375708989196
8515.086906867878,9300.238517820793,946.7348975341203,304.80657132955264
1815.2824676625,8541.696256328396,321.50758944064216,301.01325882388926
6258.699833177609,2575.891883618059,418.1351604756192,344.65320836930715
2226.5323046179046,8902.054519888892,1240.4204711469527,185.22611572465746
7856.286664872704,8607.355234968503,231.85890253432527,335.4393570196053
2308.337595847517,2299.0927630848046,723.4754379103309,324.65212623186
8948.168326054634,9597.499996967637,897.9101204617828,37.9573519900977
3657.450450592296,2311.3059538169027,1496.4020081346248,14.38553575365312
4397.9354017914775,8909.070685887633,1190.5074429957908,27.829469427852764
6629.780833802635,4816.9366828981965,533.4968857447425,351.27790106144477
9870.068232684724,4775.2386324088075,652.9100272416039,220.23073238159017
8137.963478716869,7224.031689480547,811.8948961524492,226.25824324138117
7566.700707855169,7878.273110871236,924.1466512638899,192.6350085124668
3419.557103971779,7618.681527599886,416.9644594269463,130.3735033473492
2930.7947670573167,9860.411465285522,348.8916854000334,257.61624073080975
1142.6888608337697,8246.288160033684,484.79419979008355,239.10788693983696
3552.527608316121,7591.089641367372,754.5768705111526,265.66293644237743
2052.8688620783723,2951.0995104850044,1001.237457575775,139.67522336173792
3436.059243368298,6342.1590763508675,914.2418657037521,240.57754470691793
9612.771028084866,5799.780497621866,1023.3752148324953,132.177961781959
6384.773733907777,3010.86251109948,120.22780635221552,52.67011460182347
3383.471562468684,3575.878336904242,620.4828329309076,192.11543295604758
7578.772159311377,1634.9353360475025,1382.9024851756349,54.574067969865595
5805.787852567279,8227.595897296786,43.093539685630695,88.75715275511286
8986.34543324038,4518.2261434448355,1003.1319251844975,301.44253565844053
6976.484754618494,7003.626594124651,981.6347017240447,231.00328731811754
5973.545257736174,1920.9707091670552,300.337740180913,5.112405041429122
3385.449567367229,6079.484618114123,662.4424147026584,183.8224405251291
9241.917401886582,4177.598813511775,875.9079025505109,302.6042463220361
2731.140811483937,6303.928920015413,355.5456787174739,57.85790866817926
5839.636311241319,4910.147855261828,416.04725913796796,201.18377109705668
7629.757663569869,2012.9164809701851,103.90913428548708,184.34945233187617
1192.4647736536358,6822.817773875276,409.5126630311339,244.8824839586915
2044.1516871843135,5261.367650591586,244.05146897742912,338.53559783259055
2936.567700810684,6906.118992693173,167.35420577203993,351.10225632294157
2827.188024480698,7624.456623078578,102.45507943762017,308.31099685356304
3467.7642728347414,8510.553023165623,624.6191562736059,74.62050206185845
7633.07388266897,4399.887111735734,811.8255291020405,135.79137546269553
5773.233347672709,9918.11188154296,658.7743453931798,100.36888173851057
5788.392394412735,3253.4324195949825,656.3832135337206,172.63954179317898
7198.671306257541,7088.567063865152,1454.3725377319004,215.31637806616726
6778.170690088891,7453.021336852185,329.16954902815695,24.165090347339635
1458.2506450283379,9114.105902284551,155.8660605209412,329.00508604570194
6564.861229500877,5037.367310721545,1153.5392463605044,305.09195812590997
6831.862698373101,7597.562602544878,472.371504055474,17.011852829036535
6343.626395185793,8860.419606177657,1154.5858809985507,330.4718154350261
7026.33042928449,5924.658791375597,93.07598590637504,346.28732068594917
3243.234160554274,9720.168951692103,449.6871250127942,64.14648246461917
4642.710535568991,6315.416525063431,1397.3747025647583,298.12764568584623
1227.1063060173087,8422.689420675186,353.64923433907273,294.1494829353278
1460.228135054645,7468.543596152808,302.5730401174166,315.91397971862915
6042.9269557803245,1972.2959362834358,1308.0243845313057,249.4514429599364
9252.76167091882,8784.127220928603,1075.9120499589046,224.7154247300681
8948.429729499552,3411.4365915036647,536.1462559610869,266.9307461607609
6816.430212174007,7595.952057235431,1179.2216545637352,1.0680781680103362
3769.5765424816354,8014.932769829338,961.0461493350267,338.9267403193584
5893.5352166698285,9559.506251869405,532.6079141988793,294.22301020134853
5060.136634453969,2835.7456972607747,1059.3933547976642,96.9134373169628
7175.918992130428,8819.42558766017,296.5287907482438,40.4608188283005
1116.2878198581927,7377.233170618459,846.36336091215,100.98150281722637
9394.015471947245,4277.653789187648,1006.97063053626,52.511512890452536
9816.926990528404,4328.107864952573,954.1362022097749,286.5261331773756
1469.6622156879664,1913.823663451389,1390.4768877923273,244.19254454699356
7452.763378679262,8078.705626752833,394.2065357615731,183.91005788523327
3218.411327565983,9947.21638076795,1079.3313245285317,329.71165996980244
1743.5196665782532,1247.6293731683106,176.00383325771904,130.69696922203096
1543.433450044808,7301.908280309474,690.5968137813875,3.022532689972833
5947.386261853378,3107.951975580867,170.2768086546424,287.4302234539917
3936.169880512134,1667.8978263596382,468.9466969589926,267.57293158660343
5124.324678380815,4801.560700316295,1323.1272989835657,306.6188910650307
4687.332820037289,8526.113109985952,1220.425467802553,352.6170271343652
3074.6147739099397,6191.280240808584,525.5205042045699,312.5419626254522
1854.3351699201505,9365.28076118067,1351.842563793587,328.48938973526606
2309.477137036961,5683.84992378779,1448.7991640410596,152.86744918778578
3299.5933801929496,2208.0948912002564,144.09331069148158,31.475077732848874
8365.966991106481,9407.560392504227,1043.5779664238903,119.21515819765675
1262.0698642111463,2178.1787937580975,1285.4179591575619,132.95026258475795
6664.954394464015,8643.846535492215,783.5068441522759,143.87732592009115
1331.9360566345918,7809.96497646816,82.57428166711485,295.28569513926624
2190.736434221656,1528.3340777031326,442.5560539509716,323.27539119935204
2671.788544660678,5102.905937192938,1379.271648645616,157.82459071144845
1863.976696556057,8527.38241810119,533.7451830358108,76.83050999778051
2389.538851760534,8688.55846421709,1471.1520261299916,24.14654436713248
7899.795907086023,8943.2648174882,546.9460088392805,353.5212483852202
4962.250676351032,2121.2587922953708,1086.9096538327235,174.4283059375055
1575.5568166673306,8769.22350919367,664.9664787024728,56.29104706327814
7181.814989412885,2269.820012452026,374.16254273395907,194.96443684674867
2673.613083736266,6253.993170193931,1090.545273974826,42.05273746594651
9728.693175200406,1506.333689051401,702.4693833894232,68.77654236839676
6106.897550692707,2775.1262861341456,927.7651069920003,106.18872610793686
5197.747348579904,1108.1177125451406,1354.0342672359172,154.6934978267544
6667.521360484814,1751.389171638019,1301.0356097203387,150.06236399593485
6920.648776538135,9364.112570248215,691.5228514088669,203.07298400998823
1111.3929038231383,4085.035429279971,1350.7962104696187,353.406577020089
8696.594140157995,4804.77862154697,1309.899011550081,224.18829602225136
5770.286227239818,1715.3976037379198,835.4684970868658,260.3091571870668
5446.92388218757,4030.231953630929,891.505543372916,77.31436179716835
3753.4325422524125,2371.0277533223125,477.38078514725555,275.75568950254626
5235.691116550697,1873.6029576533156,867.9817288049642,95.3911359114944
3225.138537321246,1506.6068889197736,1194.6700944444049,249.5364677966689
1131.345019643344,4879.846368180151,950.4938091871417,90.41410827471535
3069.577277028625,7965.854857605837,1214.15378276184,111.09091865149604
6156.7242866111865,1593.78898238721,86.1724280901107,350.0664260699264
5050.745538200636,8685.872160385788,535.2423435631472,328.9510951323002
1170.1166721740115,4663.544454098625,1123.8398706968292,60.55792033500737
6541.725091527948,1421.8753605489212,1244.2656447603065,344.38208979382716
5966.024374114139,2518.700626818366,1368.9766640355472,246.41849391976115
2279.339490317185,6667.077344811578,205.34498048701752,274.57375687198436
5517.800477279983,2609.6462111957862,1271.1619761750208,351.7063527012143
2878.853024745341,7735.816583713528,330.6418701600631,65.45229249623969
6244.974768314256,1282.6004318390414,207.2555180420783,177.87758909594874
3179.019034841411,4315.289363163647,846.2033775485763,301.67084622790725
1673.8988554443144,8556.171336123552,790.4128720840158,330.47588535307995
6171.660647394511,1620.884634526631,557.9191858157343,26.1273764654695
6439.610283929885,9762.496430450168,1476.7819579868024,48.349402856048826
6074.548016512004,3020.5588361305054,1435.4345126734015,265.21222643030035
1325.4717780551741,9517.972130036756,866.2128112756941,101.69996936982571
1878.6679245898467,4646.230928908992,1444.8547572096156,8.942927900911023
6183.000610658603,3130.781631762695,1051.8880010947641,178.60293665952142
4388.676907177454,7336.068097392979,612.1253191209795,165.11242804373327
8019.404306378116,2009.2532503475397,313.6053914621645,348.8255237271305
5073.600485482053,9110.449895126196,580.7793176058146,298.5884165598352
3561.270097103498,1861.2232025197236,93.92239081300377,113.89111449401796
4537.056333266573,2151.1183540988313,484.6061226072876,114.57443222977398
2578.6432292969266,8511.573558466254,1225.1612415885697,305.47461694474936
8410.944256208371,5869.267410565578,386.36876805123535,163.6511473045285
9255.087241485147,6407.539984524996,757.4672599029894,115.94543716318385
2144.9401827177176,1780.048812275838,1486.1399831038632,248.34824120178175
4493.441423075754,4215.8364533399545,180.9097095616513,77.4010388668831
9901.030903549161,4648.559226769772,669.833031783525,172.88316358137422
8654.245336983695,8089.734883569983,683.6481826381213,297.3531579754371
7506.97271800809,9905.945315628454,1010.9765817187991,187.0410594335379
5849.452929781943,9338.875516308179,913.4297214102827,356.87912829002516
2244.913768601899,3019.850656465066,92.91042344566156,173.01330493967916
7684.334597862231,8828.027956740114,971.002219362797,101.39085844739475
3237.6961701821683,4805.483277631326,892.7158211487657,311.48377563950373
6435.45866808142,3199.343642838241,363.79457860038127,141.79093838219205
4041.5086195135455,1218.544782714557,1109.78482971549,314.3314339242064
6946.755138788861,8790.16194695712,1053.5974164628335,94.96528727595414
4477.313776645981,9408.959595693908,924.0522149597799,46.010156466850674
9653.179365405464,9823.442109561473,1347.659509507044,197.75823556795416
8977.994237784815,8015.886240086586,957.5618326119956,45.31893641814491
1682.2311000759787,9356.021427138776,1180.2313720699537,279.8594829505418
9348.42086089613,7965.2580518174545,1141.0946873911207,330.6999976259422
5958.507427237922,5677.366999014625,560.1843057356618,275.6106873399895
1224.9697555368448,5648.769490179183,479.6193937372797,35.54973556429721
3662.9226258824706,1344.262764217049,1228.9113713369225,250.65286132662874
8900.841470039668,2194.6191802602266,236.42742738173203,124.58657076935064
8293.378613769013,6778.059368518556,110.63935092131226,234.15736900052417
6038.29411265144,2915.1449771566986,603.4704777852588,121.41825167980313
2668.6145592482185,4991.364927940358,511.7384886941348,117.19770545648869
5442.610887755419,6606.957202265613,835.2331493692618,177.44284480306538
5386.763135646625,4056.30836171387,1313.4034630574179,219.8823297912379
6895.169111535796,9010.136168006617,98.39613146649515,125.30268341874363
8878.87264803049,9231.445867885643,1424.4066492870397,209.72753235850539
1670.592338580087,6013.758229795433,681.0608787063079,315.16084583817997
2197.0265173768375,1129.1250080806992,1074.4296737155846,42.50715718185933
8780.132865806678,2664.8896198682605,40.02195179497879,25.202504687511183
5936.8183956926005,6021.487341797805,826.4182034676971,307.56121754080567
2299.7431835213165,9366.330923068277,1148.7710515080535,25.73658707190496
4926.727183054412,4306.681136407131,641.1525357982589,326.2953123985099
9854.944989904747,2920.0958277133323,525.0470789759161,227.60976527999892
8216.573113316143,7508.644416196834,827.8514637001335,335.87939192079875
3923.4445085211805,2463.8389187610587,131.61311024030147,174.17764740167763
6427.0770402449225,2966.1161842526385,1275.420430598232,303.4386652940258
7663.559815757687,8154.006479857576,670.1896501022608,261.4797880603136
9863.186461887237,9829.201216905522,582.8113825378715,195.77673796250525
2765.81757784963,8770.615371014985,1143.6753883888969,240.49928716064363
2440.034912269953,3110.9766480071567,116.27531696754893,303.3568800652818
4047.122496223424,6359.275863664964,884.0175592732344,183.2120896439152
4665.537589297755,1405.035329787766,193.1393581610222,72.35607266333813
8236.28954913301,9624.890139701269,761.694625986602,345.5285610351919
9919.754638844435,2252.5434705181933,1297.9476879741783,162.63058760277457
6695.898302816481,7223.664978581276,323.1676257456252,334.4778458645239
3177.283158106931,1365.9459461041993,497.2346675810724,184.83169538517714
8273.514247836436,8837.08144473662,715.0249874042781,3.638072848607833
3443.6730057722507,1544.360590185668,1151.0345843292182,143.220161304759
7778.889949411106,3769.4933466179823,1307.0767727976456,217.7438075851355
2235.9588376033744,4209.722933654409,168.810725302785,157.51175250270123
8864.088900029541,3840.3413706025085,1416.1500714811295,120.37621220600539
9095.490185612452,9507.745389398997,1149.743095474599,193.0082762681704
7517.7986627600385,8153.306034014847,1277.4175472596996,199.51199368763187
2016.6525334315475,3722.923674605161,964.0041344418786,35.7218819266063
6670.1118603561645,3471.2254287493597,1023.3747989815711,35.91800509148258
3637.143047005485,9332.26624638824,779.6437112359106,160.70707875764265
6611.4833084145475,5002.271014683643,547.7308336079516,181.4160046512596
3932.321975956459,3021.0043340617153,1297.713745455226,35.54100926634239
7207.67484245536,8772.226254354042,638.0582531619314,221.50771834808208
9630.151238198414,8021.068664702797,1190.1802178293972,195.35161411436457
4554.4361721184305,7679.053648527982,1149.9850905389271,336.0221857501934
5557.962022671148,8757.979154841194,1346.7115362438471,81.54883772366526
5156.348538721117,5015.805732687364,1172.367596653915,99.37415160202725
9295.988651116802,8959.377452514618,813.5172914340347,346.9413410965384
7784.504140133279,1336.0361630405546,762.5834124959802,334.4651319429557
1236.2116319647791,9521.945597029997,321.50067128492356,305.4547945302107
3913.9745101584385,2568.6674350970147,6.3842731342471115,154.31511946039296
3052.794075034909,6131.984875732738,312.9342469237448,54.65651033694822
9668.033843528296,4417.286251164776,500.9052118985719,150.50557136942933
3570.9351427461684,5303.025431671972,399.506960208046,139.29526360939292
3248.863986312908,3720.245386035189,1369.9679327221286,122.80649165834008
8033.021919799223,1309.9174918043927,269.1032036362641,153.85863082774364
2109.2333360974962,6575.205549883861,1029.8655298427675,223.69450404959755
8915.650574239218,2522.8470036519375,286.2298194368963,339.3854629047972
7712.398584411404,4338.070334431434,952.4970081067232,94.31510564086115
7139.805821555241,7623.013261931616,1079.4572343186032,289.4518691558882
3915.664648125803,9350.624805314023,1127.6669117295346,317.03066281246925
1839.1610482066806,5855.541334245057,1270.924022171671,204.34595441136304
4938.490420057287,5031.385490294926,272.79308299145407,322.61118868272354
9933.900697290886,6348.267865926022,295.9289328938875,345.1711395660686
3905.494963574554,7355.734539312081,147.56211415594788,146.90561449336423
8059.638466387382,4534.392911437604,1195.581398166282,188.65212716836072
8782.819131998836,1916.9248593833963,763.0514323792637,17.025294117286347
3155.5822797444534,4532.420441184819,685.4205472946086,182.58445896176352
7878.388187502861,4321.820328741729,387.82973018526576,223.80391544154293
2302.01130498059,3629.2414266766364,530.6011657514118,333.31160934639854
3767.5421398972867,8338.236124287041,923.0614228584625,307.7372748048725
4972.122746138827,4450.553982372969,977.6243322172381,11.367396254985728
1198.4089076596642,8688.809823518346,549.3241912342606,304.4193245179854
4232.5157607933725,4467.2384216673645,1004.1978357531423,338.36480638768694
5395.215987686336,9547.70902117993,54.9104872627192,109.93088204051813
9904.773726283416,7457.622642936175,303.41101567829384,115.3046438120047
8415.446480997283,4041.592767415834,1420.7800634684866,123.3301569571439
5802.993293812351,8214.48974562914,414.83900870343103,25.90602065761057
3301.0815728607313,1216.904417542656,1256.2248825084528,19.214753345749063
3447.309714848544,5482.325050619072,106.7639653950539,217.19989823114386
5676.7247788832365,9577.1956887006,1012.9267931044757,139.30210525643926
7825.270024797292,9076.393186257412,75.42122643743681,299.536588097696
3118.992908120893,7444.992926538969,638.3186231941403,53.47932940800191
4366.584325106021,1729.8435085587528,160.23741492425006,309.2554736315504
5531.678390724839,1398.5567880751303,243.67971738642518,221.86583504212774
4999.7510358687105,2804.199777071951,924.303325905334,164.08302090638801
9608.984327505339,1123.5052894333123,252.36855313399965,249.66514297720786
4086.512867375987,6686.8813198116195,1227.9476549289736,59.407097507280625
8563.745218822978,8575.69260936238,855.243578354426,275.17693094997645
2860.5398777165883,8500.007980144419,948.7977368196562,284.7648979668935
5134.14261049657,6618.294411953563,487.6848705381858,262.38758125439523
4311.3151181562525,9343.03029538418,1374.9500045260495,218.1097601069373
6346.917116791875,9381.707880894473,540.940363675749,298.8219035764712
9494.881894718814,7949.1529951390385,830.7546779961433,219.63861664759412
2841.0648317100495,4545.85361127018,1053.6128471229054,175.39482943467706
5365.849019692204,9160.043414358777,1307.9098162045252,102.45644966499925
1738.159654154496,1848.9275508449716,1179.7447041073915,244.10128611528938
3204.2320682817854,3009.8293006894332,222.37720857989547,119.11840872215654
5235.111231238857,8508.267810021951,744.2669376499535,38.00530807719643
1625.5219381087636,1949.2958964037875,1378.5539948750231,174.12203537232648
5452.341246802706,6156.432286343551,78.05492608573549,150.82153462717466
5400.310950428949,7520.050502738631,487.8022243997994,343.96005154678204
6884.184220007303,7275.361109077336,314.77231949501,183.79303463805672
8909.843160386068,3373.9238280597924,627.5495829521673,35.072746548771775
3333.6619306808484,7476.067568025421,484.97967661375765,237.4859388536344
4279.576432657752,2807.6505363022566,877.7227450331296,349.9565286210715
5050.466479046926,2538.946128782082,1157.161879831459,19.394944056319677
2228.877493908801,1763.716711715012,1148.9889245931572,184.2290463951412
4322.855354349018,9508.886496949277,639.6477500879276,87.83361209902523
5979.387767470842,2378.6249687815316,1271.601386997117,339.9137565772925
7268.171016279025,4051.4840726827897,1495.4776447877812,208.6860416543572
9992.046069545222,3268.268194368576,27.346613717448726,262.8828862836854
8671.064696364781,1717.9373727333461,433.46239872049784,42.77783174396654
8802.85996725822,7161.959354152754,1081.208739660467,166.60338067931593
2568.255599890357,9995.42751870713,1123.98225509212,5.038055843717804
5810.506168665529,5575.420301429398,1343.0372363164029,98.52445893753854
9124.416405281172,4605.023922154059,1216.6179211496249,276.11464145138535
1831.268433851397,7295.97721318229,538.5067575978344,13.236190385396027
9037.304740956599,2584.371889105988,89.18105849814216,325.6021337632431
2198.8660568385862,4398.580405909358,984.447603568068,314.56817724631077
2158.356565367075,1548.0309476961575,758.0848914226012,238.8155170939003
2444.999448746148,4498.4292335268565,271.00405724971915,78.47283823899683
2557.5042115568613,6566.00314666453,1236.443810242188,131.4207229411686
4647.959105564521,7351.1624308547825,82.36675866067914,206.77258792227136
1841.1920752033286,4593.920569631129,543.7076080719835,173.49785550906824
2660.198092467227,1776.6572559052147,691.8514813282668,285.35654234677435
1914.5484725933647,4867.759998903683,817.2756375652584,45.3440778838161
3554.8734978225248,4051.390667183482,1198.7592773123638,353.99265085170475
3101.492024429762,5567.824873150872,228.15195994670958,139.67350357057296
8556.73111993368,4745.95640546128,415.81289756707656,220.89870705470028
7660.238804779228,9341.058538712576,690.5668509375404,175.43209247906913
3611.22474422491,4834.722379159341,918.8003308943818,275.7564771982143
9420.721510341262,5108.396015386363,841.4682258080277,104.76856015467065
6360.5720687962175,7355.843334434106,731.9585230442586,255.7516628246323
1835.7499147869476,4779.427344464962,115.87971966784306,138.67260992980525
9534.942439363791,2382.1078234517736,1132.1440190111227,303.42699911043127
5694.314965558667,3978.605676196682,332.03282462585105,160.25394682614166
3698.9684152285063,6630.670789242997,1004.5249482840533,133.621870346405
2946.5563087731075,3655.6082589232806,688.5874994252872,187.48935257426248
7926.896486111737,4227.708477784212,1058.3964924801649,194.07889761172996
4395.015030928249,9174.48139715925,1148.5399891901106,153.47900011405363
4855.591889484267,7267.629765369727,601.9925169350327,265.191612715279
5961.398216117762,4054.23250136455,810.8683519736062,290.9212351978266
1980.7212024385462,8075.556952574011,62.76026689647632,222.70683328828795
8224.795258465008,8678.089466109113,318.5223758018851,167.90937357698394
5649.704723389435,4924.784710192926,645.0772579993138,219.5802909048372
8638.175271909979,1402.9195435480456,639.2688545102762,336.25153537697145
3533.461370518018,2634.5453332317684,229.56224026690666,288.40653286186625
3700.2328705480436,2195.4356477669116,1357.3424171853221,290.819918514164
4287.952014956156,8666.250142772915,629.3620044559709,274.0483984828668
1497.0872167042749,3988.445617286916,1126.251721610664,292.0735554560557
1877.995629546374,6468.8264268799085,1482.0339078828372,350.01678839557195
3894.157926025959,8814.592498429252,1265.1140081952035,223.45152386951995
5480.2852519041435,8521.507212656285,1286.6125912723217,267.5849979764274
7409.074599943681,4096.2962547588795,619.887490211926,205.32419994252297
5258.867063113736,7621.074552293273,103.68049463365635,347.33338337611866
7118.3041531976405,9599.4373797287,703.7436748552562,358.7659800064479
4439.730468783474,7012.620914793688,1173.204859546914,131.02351156116265
2049.391670091074,6265.932726904394,1478.89123231302,77.28388731039558
4821.23153821481,9462.240293892068,1355.409986635208,339.15463425277545
9789.427396422016,4226.242561374338,976.33336162681,349.7362760904614
5523.856486325041,1721.0872093722119,1486.8306079540405,325.6913455511639
7671.430728061719,1905.596415910179,516.3802009043127,33.58973287511095
4943.237955364295,1615.5172658557144,476.245103086252,75.09390003823258
5936.5476482059885,8726.92241619131,352.2351563697954,203.38427601649116
8261.520024843492,6144.990399132886,897.165047691552,277.16471824075586
3088.728469575431,1539.7016530464653,1075.6482873524246,201.28576989104323
4078.5909940539423,8555.987917292985,837.6235208705033,170.63795227579843
5559.871779661566,4210.075960520629,106.16663943376348,34.85567931561841
8179.49561538862,8089.332735884581,1290.702004610408,101.60695419852155
6745.688942192698,5084.964873774568,862.5840826924434,222.60376055993532
8071.778641149353,8531.153021256827,335.21877775747697,135.57267181531228
5405.50767470331,4262.651621158486,108.90986603187139,118.49720742111585
8038.183032139039,2611.675543034243,912.9520207776372,178.56352358535744
9855.387232798766,5434.280291812148,1113.538911063558,9.48899370707516
3275.994574078417,2623.6407364918223,294.35876841311165,211.94119918709507
1840.7897886600517,4479.922924999938,1405.4416256085435,335.2059759661945
3554.854755914046,1886.808647256686,165.21481694990015,5.290259984076508
2915.122158304199,7151.720924876396,854.5859068630109,245.18174554950897
6983.57818599387,7476.167469569529,821.3492829239693,60.46308126641235
6746.3995129800505,4375.254357889864,998.6531188661031,275.26432023271576
4004.0464760448617,7471.809774035936,1458.822240028249,44.83866763815191
8116.4808446927655,2907.2128660513004,981.9415402777504,221.78535408529274
3351.2722540019695,8765.948558241575,609.5863942167317,66.66714103855628
2277.1238795075205,3578.714053706993,1375.7297416303252,130.9521388049399
9388.302381792224,1118.330448831766,227.28628147138772,318.0664076495975
6406.616636287135,3552.8267812540143,1107.1202940807846,103.44097077333807
1571.5313247562183,4172.0781067866155,502.7888810380174,103.19527656628188
5306.184676666698,5896.34560501151,531.874098610758,224.8622724597535
4985.59970930688,9634.022743253981,916.4293890860051,304.6026943587487
6347.481439393015,1703.7872921632902,755.7461484350521,154.67896313487748
4365.661304771205,7554.642460599316,1252.9551530008168,191.10728503354326
4346.283608153719,8999.4817350705,862.7456131051467,70.49668920682991
3130.9360560787713,4361.9305804276555,320.3456811982648,182.96020640742654
2693.735367866021,5556.3354109657075,943.0706937173295,165.4052428377439
2184.2873607113493,1612.5213287263164,682.5077927061483,1.1234116833822196
9018.646632822085,7868.065842721281,706.5824397824382,28.366170657453207
4587.427725489879,7587.615494018369,1387.972365229949,152.2545959709925
9389.507604850429,3042.0408429264453,600.314361441304,88.93970062088484
5831.632561810146,4432.153582628905,77.60257804474965,114.04663629669992
6229.700067062897,8511.368852303414,1317.5469030435036,266.8727761865828
7342.91448862213,9788.79082452928,978.5636563536636,356.79823527343177
8668.731759669394,5413.551073982982,427.98207360272306,275.0031948170281
5306.787438848944,9541.602539522934,69.3211880842506,164.93064225162578
3174.3841651561147,9767.195014327766,1248.9395916463618,266.3967259842281
4012.7183923455027,5275.720299998114,832.8125882326561,43.07836988327041
3390.551127822171,1726.0212032041572,127.6721571438052,215.8197446615928
5045.103751006081,4654.156979831148,882.1914447134639,144.24696159725616
3061.220337391698,9032.99251870831,1149.2949192819697,27.51673281970773
7879.729358533228,9408.737305118242,379.6913423878906,82.8593488587786
9024.966702616479,7025.4493155088585,1425.3906819192912,192.9155924773488
2990.4256169820956,7521.940882392393,807.9668985352467,290.31148380974673
8524.793738501066,7439.53219055635,655.968083421896,194.97256922841993
2781.114455796491,3003.253995104444,505.8057019608325,252.2204273949936
1695.1247684929317,5985.357760153674,1449.8398765428224,232.77580634432752
9708.126609371118,3629.7097561155083,1369.8285560655388,145.9957296545835
3705.763042076248,1468.789676910282,106.74194942188736,16.10580745466045
3925.181236892719,6623.639788735331,409.4765265174297,310.63046136017545
7115.306141917081,2189.1980706641425,1004.9142735251681,337.59188428459504
4279.127402872513,5484.685557563619,33.470664135855344,351.5778433721146
1444.8334056190474,5738.183232673413,971.9889063342729,4.8114359957965425
3169.997668648526,3807.1233397534183,692.9487948999206,283.04595350455065
6996.942215314917,5654.177434844065,581.9554443320978,81.44729818428854
3480.777204212425,2283.5020621576823,1440.3050904830884,68.6418788879996
9596.441558552591,5746.894327933892,1282.3037709572873,307.14519219327417
5779.68656096526,7196.41584543454,1419.9568980651898,18.990844215426737
2637.136257303482,3337.932955509832,578.8369303168869,318.85105574388734
6772.230494416553,1849.2711794661845,896.3483536879214,198.58131341819148
6872.406439699224,2179.5322954209023,1152.9824620311035,265.9817426444524
5245.866574375406,9479.345086554062,1234.2255290210408,233.00183851511758
1992.3720112942872,6334.6330837365,1365.369834557113,313.63923785701604
5530.755798706693,6839.853234402322,104.11182520379518,241.32535702711473
3315.6941114470596,1675.821967292071,382.5782746010681,141.11855897844077
6468.682854627104,9222.619774737388,45.65600822044413,89.02289630534499
2812.6536244502413,6141.275175752606,418.76645532142675,324.0775776499921
6194.9327681078175,6152.619276770007,336.3637635928819,148.4378969254498
8286.659031990752,2754.11262518705,559.3597032232868,270.35281710058
6898.800658416323,6346.1578276673135,910.0393302316463,163.34882366499752
5256.128093202749,4422.074758224997,708.6480223957329,313.18425640361534
7601.3132354071395,8645.182793835927,879.0995340791281,278.1735485496669
2444.2051236256475,9039.723640112989,92.54316627289234,45.641850591832
7763.779875554206,4622.455562130115,580.6353294341442,8.48751715586129
7017.833940474214,2256.3695004355623,19.090532052372417,188.27569311654494
4605.248166358651,2838.5493109110525,1376.0913174500463,201.4591239530152
8369.523591294768,7893.329626567404,586.9131148645321,189.9166637873894
4641.43335632164,1599.1774684748052,1203.3834180248084,287.7982860179043
3113.800548254674,3718.255915848359,851.4266630607507,129.9124123846213
9979.81443398596,8298.985562154077,395.64324785014213,133.2837871038857
8843.824738732155,9108.59919214825,1400.5591389700971,143.986274157191
7468.896561614396,2797.564798591922,530.6332591699438,281.20977040188103
6722.60438755205,9034.09934757934,411.72713131738334,297.99344088004295
1533.7384728861803,3922.9485913261537,1213.108807264943,336.52926550319137
2545.5528730193773,9278.438560594695,3.5337351430855173,107.36107728960675
4125.849821482263,1657.404066833738,1125.6464410934475,293.79387098427424
7877.163232084722,4015.239614190546,1112.4437951408042,104.82552782112649
2282.554500237621,1373.3335387894494,583.9157726879744,104.05543872476548
8679.735625189222,1672.891600341528,377.29982852511677,82.30546834978664
4523.950735150511,7241.494809996669,828.6485444684346,246.54501750142904
3428.87087923714,7527.729708297885,1441.6657393382266,351.25905291055005
9360.42379648517,3449.7037893647594,877.6581484241228,116.47236759026354
2099.0222414557325,9390.40233618971,80.87067958563432,135.90432611125414
4816.457784278175,8334.768640504539,1211.39687407376,326.1061680166029
6922.30724342545,1177.8118877318784,1211.00389054999,199.18149354373878
6649.166100773449,7328.302468755792,1465.1121086894373,216.4649412747799
2136.034614740036,2033.0025167604265,712.5945923855121,248.54155828132275
2055.2047539281184,2806.0448657363627,1477.7326369143825,293.7610847885077
3739.0628643110604,3380.382178663209,1381.784635532464,130.14489562880337
8620.226531901793,6995.319002381059,1303.7700820012958,232.24656121237155
8797.618783117585,7039.988346702171,22.56778823443327,277.10915560387747
9282.19655388388,4575.174527576925,546.3933566903127,78.16752297510624
2391.08648078076,6126.508332378815,177.18319648099413,38.184159676837815
3867.34434544166,8267.607997142048,512.1436703755567,341.65824442419546
2091.3528899307375,8610.456262251806,861.8894743340314,320.1277475483864
7264.093041921147,8414.047467389206,282.93422000843617,220.10330524274738
7477.567846685788,2491.0303203609437,1294.7593517132489,55.44995702676696
6099.349577707218,6548.713326442651,510.9299043497867,28.558516316323033
7425.192766594556,4915.923936631801,1336.3827094194146,284.1578494690875
4702.758796802704,7608.760252677463,560.6288171924213,316.44333291257425
2327.614970349244,3674.1661655725816,1032.9707331246334,311.7519247812633
4782.2586370953395,6861.382213112672,1087.1875977051147,328.1524825955271
5047.058995315971,9727.8577182964,254.96108655032324,34.1212078580331
7124.164609466386,2096.06473071752,1252.6174831606043,118.20029102724642
3078.7590638089705,8641.284646208242,1240.163405390047,218.17990595563214
6009.420484069519,3886.5196930964207,1044.0274289638312,320.14891953463206
1127.659996714046,2652.2519029749556,1302.555493511911,132.29692149768755
2810.5967272660455,5495.473222658519,1252.8436789915136,170.93712852893634
7773.962783674251,6002.197251235209,896.666637543236,317.7425612070183
9807.099365818245,3495.688344878879,771.8637808339673,260.0216926942725
3362.001509794096,9907.973344861472,380.88329693664724,31.046875109559267
7935.34320101771,5321.261623028292,220.9602516710521,66.81693315349037
4079.7083491688136,8056.2957218658885,988.5660785769389,12.794100858558819
5002.769937997269,2366.0722696908033,730.8159748184734,334.93564976805106
6758.462324457079,2597.671720919016,416.0269856644847,110.50086456053445
5965.211328768785,7779.998683242934,1098.0896814767534,91.75318900454265
9406.201109128353,9288.434228022656,1199.3163524063266,155.45214136242353
4963.937682149097,2606.898980523538,816.5895186840928,162.00470319900444
6459.034688440237,1378.4437470928328,961.767533288009,116.14302029365997
8751.888889215019,9778.421227749583,130.05421273522504,163.44174386325898
8310.768943644001,2665.2331554598486,405.4355829322445,166.13280269237714
6471.140793295342,8853.333087754654,1334.8544940085092,304.60636315129767
2375.101114176758,6713.6417211435755,1030.962781941471,113.14834960366176
5649.149712290576,7600.883584021444,306.7423327378654,186.2940291675131
8430.850233633402,9335.694193943747,389.40806393854365,299.7978855170696
5817.783452983441,9049.320334033273,197.97627276955095,87.53527223161117
8781.983220232503,4706.7920393617715,1191.2862980834154,235.27582429829252
5918.472708188022,1129.0916608652,617.749749285115,352.35068876597654
1140.17250173378,6315.908786660958,916.1502225269786,29.932607098848887
2052.326418295419,4816.861272868078,1469.3399978546463,141.41399490322908
9078.128598810175,3462.120880835477,1280.1474497723714,70.40847688309526
7279.258558042579,6333.366616183021,1164.6548583460083,152.99072420559165
6823.048952626985,1306.314159875722,795.9517970664238,59.36933467900625
5875.874818294571,8330.917163318376,128.20094885343966,195.77406252033893
4982.338427673058,7473.973206515462,695.1411383399279,85.66845099773609
7245.482776763845,5380.346961675702,809.5667276806909,284.6369964656688
8217.995805872695,2340.7307415305936,1339.5508529005683,278.3719917216767
8478.260921623845,2273.318414740291,1165.2426729853732,55.83018605393714
5085.98047364814,9845.589842415497,989.1239661857339,46.49892173083027
3984.1419381428,4742.946294007489,1411.751938831259,281.6136364247554
4364.480194680891,6149.941546818688,1409.2395261176541,164.63664613336002
3481.1164628880624,4234.079029330378,158.95310547874277,239.8360618045829
9683.506366279269,8444.842053222972,684.2443497616345,244.3841796528544
4189.897796258794,2958.527525137887,52.00106726296024,250.4119177459118
9578.972383729926,7231.247296360727,543.0226789984999,207.31998225090828
2334.2435534531287,4740.360167421017,100.04949991361023,30.738886096744512
3782.526364461728,9687.58851676562,699.1651394575365,99.27903635860815
9598.808569893685,6809.555664191543,883.2783247710934,125.52568043400045
3394.9566959153804,6551.758460020124,668.7327575643225,328.6249174608038
6171.971849799116,7124.465586868609,1480.436967673398,82.48963412495134
7269.826874536758,4673.238566112079,569.2966351173673,155.20965498925963
7268.314123453796,5212.7000919429565,997.1166044438811,91.32053172317222
8094.9020378854175,9094.575919003779,565.4434214885729,262.44517797559797
1778.172522769129,5759.245368828001,634.7811006885134,154.35356214550075
8252.566180333652,6950.7396337503305,34.89436738816101,53.86803027390337
1200.865212255377,9847.381644101011,638.8453530831063,38.359475088321744
4236.849673444791,7116.135028224238,1184.9940055992543,23.80561134990582
1879.765440055215,6256.1840277716265,342.58675836117294,247.47434291578674
1250.9542893816326,3964.0004798962395,1081.2622678582613,32.12963971953635
5074.22740599311,1838.7847678240473,944.0284898426544,278.57325205330255
4679.074256798865,7499.6638081207675,89.03769558681388,248.4954923513699
1348.5882597144598,1703.5681226691704,328.00699109581603,2.7893326141501804
5285.658437202871,5290.709671036906,1174.111829473062,24.02594739456283
8506.42389501184,7138.672458492416,410.7715709480736,294.5194114599735
3700.827928411091,8544.783519761255,366.97994645716983,147.87924748224316
7950.877250245273,2109.9869652544453,1059.0867480708878,252.6610454850224
6210.6491813368575,7611.370418538484,258.70700064018916,137.99120907693376
6970.22693353811,1489.9591701098052,745.2849913090021,164.44968576714018
5907.443192923043,6750.984650173794,608.2010033608311,71.55127751616618
1999.2471139848267,4131.812177284772,966.5636212133352,125.00570196493516
9956.099931311612,6801.3581680318875,672.2798291583769,64.35442590486358
4229.582810111937,5856.705209181496,1339.8393037800486,274.5402063350874
2899.4510471342,1134.9591115396795,823.1285041932696,174.2297529050781
2496.659872837273,3160.8081483825204,37.37503931173654,92.87212294179851
1275.7932145170075,8960.876793643456,192.29374378163237,135.48206488952653
5286.16968729081,8126.132387054743,1325.4799870270695,296.23186320079515
7402.290003717145,9275.701383587444,21.053036036066374,120.56681684255557
8429.245225969531,3381.363338584595,1195.3855165970397,294.39413146756044
8543.702999901065,2167.768432630275,1463.9327870375919,284.51055573456875
2575.816227698305,1220.1239522994047,1019.4542157833697,342.0030591227002
8915.956683339038,8860.267369582929,1411.2381523105043,38.23244863605318
9507.884422375322,8163.272240937987,579.0291126280589,178.6459594252133
9277.556360069528,3668.906484429275,727.4502516156043,165.7432800187798
4563.143723018273,9102.010646710645,32.751328557780965,284.0986037206972
8985.924717188504,7971.019536203896,629.894096103851,209.03660534912493
6461.8202081514555,6772.179553475272,908.1075010860466,190.59342355079045
9153.270986244694,9950.406792257278,875.2080158598984,307.0149173227349
2226.4181750166817,5309.174599251517,1461.3324110962928,212.8823565003862
5221.221494697315,9934.35805683965,490.3094770181686,120.06579660194785
4573.498147694836,5193.457607782722,1010.1320400717075,316.17649239497234
3530.616762466491,6401.825021791069,1264.9198988749376,305.5238016407936
7233.681486770341,7172.339174011464,1091.8716558719532,308.6348605477822
4450.607007968174,3245.5366948479073,1460.047339908199,156.47088479456016
6899.206480146518,8624.35373103798,1396.8069114949244,106.73010005502016
9347.35374736324,8060.18975049955,583.1100242206594,207.4967204952897
3851.8029024612206,7047.110784182174,326.06234337957534,194.56579482446637
2624.138603168968,4326.387595645877,1107.6832976782523,169.02628082325884
8014.298094098634,2265.632848168362,606.1490542556082,142.0426938479621
2036.059858895233,1808.8374863793576,652.3423796083945,15.366459182861975
6497.243096072205,8744.136431117877,1016.7933117204421,165.75478162301783
8624.196034448445,2495.7260009044167,763.4431088799265,26.130951474717815
1395.8650528693115,1858.171101153554,1327.7683262876592,37.03694833206522
3090.548555956694,7714.811405513021,1163.5515334619208,343.8669184047377
1735.3040601838916,7254.669256282199,137.74098275819205,77.63050816039122
9733.245311127957,7212.188460328761,563.3585221405297,226.82852815789565
4931.505574079861,2896.8238312673984,54.29901748706109,305.82605765881135
3300.354288131042,8675.731127934578,685.3496022570688,78.68683656614454
7514.396103143709,3720.7240569302608,1463.7787341428018,173.23132069065446
2070.184851180808,2171.463173508285,589.7177328857915,231.0047459324686
2873.065801266355,7109.7910915940765,1075.5788047527203,57.452214135316545
8896.488018959943,8776.472332801975,1431.8491124186194,261.8461523147469
7326.583996927183,8314.574679791727,1049.9089896941275,29.754461645004184
1214.3030856023145,1804.9120627084976,1431.3511767367456,146.28887767822252
9326.991988186697,7652.851816470574,776.5971271438391,119.00170749772255
1833.4593272152501,4441.009391139018,1104.4393463540973,180.15480593161521
1426.9937032480984,4082.6956644998395,488.92113187593355,237.9420894272387
4328.476392529563,1561.835981527866,1338.3857252628297,156.89559798375265
5418.9180860537945,3475.8336028698045,399.3454469873934,15.391206610862865
5647.218061948774,2923.142933899007,400.6402561749886,354.9503327086982
1620.9931299360549,4296.285883097921,1041.0163532281465,22.455339150144564
3249.0100657789762,6294.547503992132,397.85348612492237,102.22755372179383
8491.97818065968,6642.782077789988,872.8774013853156,71.64747260279543
4360.7790686672615,6896.819238824763,116.01667289404932,353.08670383648774
2231.9797325552518,9044.693984338603,827.0814847462897,262.53050323961895
4250.3624364621555,5198.561065754883,495.7480681019246,54.181563652954864
9553.322074618021,4527.299748454406,963.6165105209985,192.06906845363304
4387.150379182793,6019.279173716723,142.49933788057336,37.578990652128105
7624.134017072552,7683.375181958783,530.6944151520239,230.02282646066357
8338.699593293106,6555.923747737173,270.4272143495574,209.79903357578644
2933.754272464166,9581.991218157033,248.58057093175927,257.209327172043
2761.035361872824,4791.410084958654,837.7774867851833,206.93750697110985
3424.201120599733,9008.287418194823,1087.2052187427614,144.96697291923306
4623.323139920002,1936.8724339773753,430.89833796929855,213.70248491554014
5660.069185574523,3047.4785544658143,686.2495766390124,83.7477729241649
5009.104229751642,8594.982231849071,1429.3024213865713,77.35874009252316
5062.439730087579,9541.300503854578,742.7913327103055,18.348794298335672
7183.611850199528,6715.466488750022,898.519711884245,224.26140880966778
7346.185105973559,9671.91854683081,1048.3533854639604,300.5951819726301
9628.174288131791,1524.9113083668612,1255.1384022425223,197.05463170560492
5666.17563028856,2909.8652045212107,511.6040870770151,35.83521463823425
7251.011726128826,3481.8699412284386,264.80300606829456,71.98643201371607
4495.337026477299,8328.992551397627,695.4501685664465,111.63562269701401
4243.507782239003,4248.460188107405,971.0505415319716,253.46671096594042
6502.195362732176,7479.031264498971,1127.8494460631796,336.5753001651026
7673.5968482486005,1210.5451576031742,1291.6437411306792,197.6309463796242
8716.86041194867,5873.79840362505,1159.3847697412666,253.84109578860708
8761.498404568203,3960.9401494819726,586.8640601283538,225.59025688953105
4948.921681815804,9039.899028571563,1107.1012424590017,28.755529122604173
2643.179787443164,4454.451105037182,1351.459952626457,222.38272608133758
3228.442807327021,8671.585100741337,705.969329129367,132.82025404369614
6553.501626428259,8267.560815552391,1192.206526362131,321.51785634074736
5059.784150645728,5504.587093692302,1322.9976541367955,115.83704297410661
1471.085506411887,1345.5765321813806,360.58282321623244,8.87983367573822
7664.837281203837,5103.346140471081,358.12168578834473,170.2022163859243
2215.3818965400233,1396.2491877793698,662.3577336907807,169.61933405656245
5203.675891135207,6532.273418631362,1321.6752868079388,270.05309702891674
8947.184880041188,1151.7853608089433,1340.804135973226,167.2468505207218
7979.1233820867665,9515.361435909414,23.684011128499,206.53019831091427
9948.193977302115,9496.856864033383,450.21307526836364,7.4858102356261025
5883.850953831058,5564.691311828345,1113.65489068782,301.7149762009772
4388.849832104256,7381.9643081561535,282.8930500765543,37.87596180463105
5646.283653723254,5324.451697378325,342.00636768698587,244.9909603504527
5868.300077814859,2940.6230031729074,1396.8575683703257,90.21482376849224
6848.375796197598,9820.211292766908,1416.3285759567268,47.30802083449901
7319.099500919241,9876.70749438495,21.232896597253557,294.5552102315563
7477.7796391603515,7468.594344900928,1409.4445378349917,316.03596316593433
9755.740465008492,9896.960416856547,381.6080863466304,67.39780137940016
9579.016507307564,6259.658755983433,672.5854845892378,126.53686220486942
5824.193040773903,8534.752618027946,1292.8345968866583,217.9649177323389
4415.830710514594,9620.967118276938,678.2587620380028,183.6914159651235
6001.468478342871,1686.9359569742503,707.3095353210105,321.0539352283155
6018.511735996851,8279.172496502308,793.4824781399243,327.50263232516966
5216.727002146018,1374.7472047442939,1173.4423455556162,140.55580602039592
4869.951939133098,9558.096762621939,547.1326558894007,23.34429194772556
2558.484041723031,5769.960752282145,1142.7474760696755,14.509451153387701
7739.329936843424,4403.536100853634,1128.7551941795725,220.69099269597953
5029.782106102856,6902.198211857923,257.962141653776,77.4601845917775
8584.925608147547,8894.34599245496,289.0455571360288,354.4017755910434
6855.298972250171,1882.727483892465,1306.5270916766751,200.85972731704794
2987.4683840443595,7211.541600199162,468.16388157715943,148.51256758457873
6984.314330517506,8069.325155000508,1348.8434639657269,120.00068138001545
5639.692702217388,2761.6057390518317,797.1475089635512,10.37593991243735
2548.565449302957,6005.344912283222,825.9358537347621,357.20495814441085
8237.250298479405,2857.8228934435474,816.2134662686883,136.09270006187586
6479.660234518119,6035.570334794777,1109.498199074015,54.361466080956475
4497.621621654356,6366.051509438803,528.1084487967667,146.77902122170352
3053.3608731489157,1823.3639390753,156.7275327936232,283.97981658877984
4886.256399829177,3690.668053240593,418.8010944397575,312.30938111045197
4609.348131554921,1318.0756235218857,1174.5816478312836,265.410127963455
6929.58840371233,8529.539453984205,1385.815901210449,212.2501693677558
6256.509895148019,8522.443001158372,200.24360330626914,144.75297887683993
9135.343782878575,1607.3727792099369,1235.194893813427,324.32404042800295
9344.214372969172,5471.558490231769,486.17824327332454,121.6183273705704
8237.802154991132,6652.084820775006,361.8200904737142,82.19345469678039
5535.081387863745,8436.35101389833,594.3284191822878,302.213872127902
4715.153023461881,4501.904975800705,276.4791713308537,241.56909061751023
9557.44550860335,5935.38017302417,84.53548710037389,256.9909408391477
8914.129019584849,6751.272165927188,818.8749308716143,210.96358656716495
4123.761341435706,7996.776236597684,1010.5475621921457,278.1091165729293
2476.5952693524014,1668.539241874444,740.0554566579169,333.97090786953777
9859.38382657882,9325.415344538791,73.17709548682069,223.4820785766093
7657.647879557319,4762.713145030861,1053.4529514436356,342.89647315549666
9968.39174786392,4636.633056265948,68.58156317189815,301.383043756704
8006.242226774312,9119.222342908983,1495.5078344148578,312.02786728341533
5276.048759573346,2337.6369734972895,332.8619115530226,326.8725662470901
1691.9367815327453,8476.269682483058,710.3354964559636,254.94359839239527
5182.436677805018,2143.8644633327867,943.9215579071192,74.31937442269492
3312.8821610329396,1999.1419257416837,823.2328452235465,148.30501089914014
5957.652725218686,3587.7726708288933,193.24061049590614,87.6374741291032
6699.041630819898,8110.263621367641,1462.7547219147923,18.476146673254632
1752.4901904030698,9186.983531288453,415.2268889499171,162.02688782304313
5209.2116169559085,4438.059425844112,463.83621274432227,175.84220647940944
8063.870422339179,8492.669483961734,2.1482259522303364,18.70882756512933
9512.06900270322,6955.396748343866,1410.5460940949267,155.07783046318787
2001.2452124203382,6785.90345688935,771.6767081650388,344.31189640317336
8288.182910664747,9227.57213220107,192.01829005777265,80.08029149345428
7528.2398957403275,7313.1745785894445,150.16952838298363,357.4109573269846
4997.909220759084,8132.642031762767,1329.2840623804598,119.48730973818341
5326.391781514563,5546.572104265754,1344.6964694341555,138.00669386721648
4675.142992443261,3779.0928525266204,897.2318276571025,298.95572019379654
1279.2578294009986,9185.333990494419,142.26244979285764,222.78886338871465
7197.08007462022,6130.678198027254,568.9553424040336,282.88949454727674
7283.0796508910535,5344.025101074462,951.635021624131,47.2108861291362
7891.883372071425,4710.980519843606,730.4920240150045,84.7470125631004
6223.6665846300675,8599.501199701182,906.8247646713538,249.77583630719883
9217.384229937259,1105.1731790043825,566.5696330349188,213.8573905026348
9535.12338232014,3784.0220614123054,1165.4158040885102,146.62140152394988
9816.035482084295,6946.784402122069,1034.8120781748655,330.7225216290496
5444.559022048913,8455.53615658308,564.6458923159547,253.21719040505388
9776.128279205106,8884.874013846014,697.7045231369062,21.120482749751783
9170.841655104156,6268.293917474759,696.4498572090617,81.01980560742842
8423.754360028604,8328.89922087656,1191.9337384110236,44.749606861576524
8765.054369651805,7477.866520551138,146.50187305274088,18.693305799995066
6189.920751447459,2303.832099929747,572.74661587062,51.564372637496234
8821.2844035177,2579.9981728025614,334.43207045155026,176.81145061180345
5467.800290463855,3417.4030738284673,122.04148624284211,214.74149801765347
5806.812930994658,5259.988641755303,1285.7522796411165,248.5062063566906
9697.62335618046,4704.485550599382,157.2956080914805,182.76365598982335
2653.1689003484094,1179.2032250300294,1336.946754229312,94.53966457904885
4597.692452597898,7852.148743635849,1290.5175177688836,254.53322996656348
8500.197021278113,2158.114435176818,1437.8670088327588,100.1509039710356
6282.495290848277,5241.44251641119,285.4727352971455,82.14785023921107
9877.295746011203,9956.666111907425,404.433684150575,39.30334519363457
6148.125240979928,8708.516896862428,1438.3130308932364,129.52480847980837
1753.5183369384088,6131.7239067431965,817.8986098310263,287.3461628471062
9423.514601331879,7778.735534552953,25.138624532858504,123.73233076171668
2516.8158770981104,7891.761454076862,573.545265161671,116.94812364271968
5452.273145230858,4953.5491360443575,1292.1380035303425,131.276334947593
7067.4651892878555,3256.5664886610416,452.6919113719404,168.93599206390638
8335.704766692044,8907.329627268951,39.06118833100223,88.23925984688775
1346.2833813875463,6729.9570469722175,856.0117787324695,207.42384824225906
1812.2058390337088,5997.962560035198,674.9806286881295,207.34910626049418
3753.9089377767614,3882.1716348221375,676.4600781999839,262.00407743743597
9099.710642009992,4153.632368342916,438.13999634857703,174.57030693119145
6349.43993101006,7316.111508987026,356.39989862962113,85.5294946206068
9890.757493474277,8918.323615244022,592.4204679293708,101.22484348951593
3669.858965481031,1878.0439694518047,826.7216565565893,306.1230232128398
6302.997012327057,9561.903496116478,892.0243848760497,258.1172369309404
1608.119163050656,2551.2148253226233,1288.2155374578792,107.09474493104535
8022.344120973756,5026.76751674361,1095.812264986875,294.31840394804436
2846.951865287566,9920.402462393002,1064.8070536232217,6.635886114601274
8255.323690422905,8840.221448861146,335.04305246493556,297.90205724777104
4587.084268764211,2729.333451003625,570.2324104054608,134.7058821796693
1802.7752291108259,8943.295879729296,181.80455646547136,171.16378982835514
2947.93350550827,4634.397048106022,1401.0613666638308,80.3266470672365
4409.297409220542,3208.994696842678,1006.1865861600005,95.93051050730229
3264.212179164421,9950.16187522192,467.33762008265944,347.7538684149886
9586.033104356651,3216.4817509575255,276.2792217028317,33.391417989794185
2289.608370583731,7222.96212887364,878.2098583953655,8.063882643434686
8671.09567561336,6739.8532595046845,918.3342515059085,49.30621735545969
8820.550636852557,1159.8721234655272,797.7547022234276,246.22423646004276
8663.319117091603,6619.627012105227,1198.0806284766068,214.60451612759118
8506.249529453042,7951.347201813066,1063.7135348053,85.63377330012919
5255.008523541684,6982.621572747402,1396.7508148670372,49.2905992550405
3517.845180320681,2798.572079789304,60.66310605984008,189.36184166537274
2318.534641589784,3639.800453762295,50.18699421188674,174.91938631088192
6901.840643890404,6081.054558171678,295.7919399704882,299.23259934394207
5831.564320324775,9158.648833546471,1140.023412591126,231.26939669458426
2874.094713706466,2248.972112150369,1084.96074698668,109.66755171864015
1827.583399012633,6913.672875990818,188.68829078754348,37.44560197791766
8088.524031338837,7948.170077636869,82.27858059513258,81.81332879218007
2563.19357987863,4159.011335614246,180.11701244750526,90.94489184633167
5890.074302769176,8617.17745626413,310.07210756254807,212.01247440917382
1300.8999192136102,1191.627829350886,386.0978090876537,219.14830145760482
7507.569559043387,6429.5009293648245,1032.1070237722524,228.2163408164623
4626.800979307719,2529.2324716831454,1433.3217661935487,307.7542223690449
4917.871340710579,4434.153959979343,601.8038221109426,173.4370445618553
3185.8856398983066,5777.835322521867,476.8655383043186,45.706770918685216
8563.841191459258,2919.9840829199557,847.9852994472562,27.565563113472646
1286.3233195137489,8668.672942583828,531.3991386645829,265.8353448071978
7431.336912613829,8436.255735574248,564.9192489676043,359.49363497993573
7183.23570362137,2831.6953947893558,1225.4263555253956,55.27033102259846
5652.3920220288655,4604.549861648149,78.2778811499583,42.90068067663138
9828.67492051085,2670.206794043688,530.778221106973,83.96002079686988
3744.4394387778993,8241.754298004626,1051.5904216631448,110.16442308185253
5222.776984514923,8802.788382275687,501.61999266468945,192.07501273397597
3743.5506252751243,5989.1779183236395,1038.9157736859065,351.2014527372083
6867.500160519067,2901.034129479398,419.201795368241,58.146205063697046
7070.618136913915,5564.049582014724,728.505182183697,175.53028894675714
8469.015990955184,9442.904551529766,533.4390311151551,33.95753325512116
6916.748897627251,4363.37925897029,150.2109636388802,250.72642574914877
6895.858202740938,5587.735055063118,1408.5493990423781,84.98952099635427
9879.893100660871,7056.636309644526,316.1802852898986,7.405118047093644
4177.543681989366,4364.662941894654,988.199749453945,11.503437454726866
3410.0039031500155,9308.915621406635,1437.5711964119782,84.07312081565911
3225.924977793769,4311.050011206036,1141.4706868729138,350.8349614341372
8187.532762048174,6342.320988907077,346.4712066309234,14.00847889113438
1744.5786166318783,5058.002734995548,475.40254536064054,122.5865337433714
3904.8864934038866,9680.15643140631,216.8025949677625,164.24665653157638
8338.585879343878,2369.342570881867,1010.5485952509371,118.98925929765159
2793.1683885253015,6525.711864837422,26.39982131906974,344.96733723723474
2303.7927453232687,7638.27055882122,1464.9825833401933,134.78651089385437
9904.21438503999,1428.5511564600918,1226.1067010844422,12.319554341020238
8269.008492125962,1283.1475131875147,55.593207977881626,339.21757434733405
5103.003976179901,1488.1914724602575,481.4618094738652,353.80739404158385
7223.243749265407,2931.7162388727984,690.0601352762351,197.19441151973015
2745.0822057012338,7699.913357742957,546.1156156717541,15.601212004365179
3461.5717108358967,4819.655761613371,1440.9429373564728,192.81098960115838
5020.78215156345,6737.567518080355,1449.006547297547,234.9588959207991
1632.6618340871964,8013.41265857189,1471.8325799402787,292.0418765726633
2128.506010988657,1671.96769821478,857.5665944791879,84.57885292045741
8228.733627537833,8335.389142332342,1287.2560745498874,130.35875506351215
1600.2428474748708,7277.15989821953,1379.22495242543,336.2348021707586
9774.097920185133,8470.19786379769,599.3353627413185,271.7553931638356
5723.320615111704,1642.9551980768679,452.877592486844,124.6378331762018
8714.804555624118,4958.371942301323,538.0967181069384,112.34977966259913
4137.073976191183,9801.149879181296,495.85116998412644,200.6792556283002
6951.460236451081,2678.4292707578,121.13262060316003,288.21746271363327
8121.079242285455,8877.904406742071,189.0105638535463,220.17094853040513
6543.432836411688,7600.532463895487,911.1485840321717,242.8266443234319
3771.0957759468656,3486.1289533088807,1206.8870964239234,358.55246917166943
2612.8875374011677,9863.51351673878,677.9829984954812,78.88981429960715
4007.640349824564,5299.499872633853,715.8520458189605,192.9850345202046
7337.110160171369,2090.8165560816724,229.26414496853963,216.87139582712175
7225.031976374482,8114.453116457977,733.8496032786164,181.5947077797953
2155.975920983051,3725.811068748114,926.7050877805059,252.0603693488465
1580.2992768199836,7124.6471834232325,83.72037893027337,128.01760706238818
6203.239381829253,1535.945576156474,1241.2455259722253,275.8281289221028
7574.65863631141,8564.110777365542,517.2686514432236,180.11714273899122
5360.371563914167,7119.802439452272,376.6461617307178,130.49395647971284
4672.350156231454,2429.2914391074705,1287.3849384491605,96.73392386026653
6685.081466256454,9895.779054119734,208.03888924733354,4.133236110504174
6603.3844727498645,2458.5423897493583,984.3705965657093,281.3490305839628
6339.159843019869,1639.234711906126,930.4788924278374,247.41969655373725
4599.459946843544,3592.5385054312865,694.2335868566778,265.3664021407671
8782.290648452625,2074.4892395264983,283.10738331963387,51.98718295546262
5559.115000759797,3137.8762050373653,1197.8219090948933,299.90592965974025
3682.9278605583736,1858.242819926296,579.9188080951568,266.7643933417146
5111.001632682748,5839.447925159702,1475.5276331721006,249.1942693110195
5009.8762441999825,9320.646488140344,1107.8003498969808,233.26464153921208
2416.0709970204844,6384.993983714141,200.1679908064031,182.64389622092295
1264.2722208942241,4866.060400905995,645.1754679484426,210.2858250887721
8581.805125925832,9183.052595902049,1399.1929237383404,91.35941702527413
4400.754511940042,7533.7902288725845,1255.3201946130837,36.917167234046836
5719.084379394279,8241.142260691277,216.0092333340769,182.37939070283917
2526.409833725147,7102.643933868559,413.39537834958355,211.65262617465882
1638.9412747445485,8883.20997279664,777.1990059210389,204.42850327328887
7155.4745112182045,1980.7213130548969,1351.2577127723507,83.2564585715139
7014.983165652828,7456.275617418673,1136.8570329412019,65.59778050560429
2584.0657015926354,7448.074353649764,610.1176624676701,208.95532935636206
2718.054543188837,2953.6608779335093,741.3163346747523,174.47827484823202
3728.326659961011,9583.636904650362,265.701689054947,262.9884946132359
9758.306531829972,2091.5143970598583,1182.6639305603603,195.41410091690804
6223.74626404973,2127.2608938265344,606.1222574795855,108.00755158464555
8918.288336457446,2957.7285933940166,437.3443530428673,41.58494844510009
2880.910340432012,1977.4293196395745,1017.245662829017,322.7074635286661
2818.177834600455,7330.8125046582345,1263.6887018511272,154.65697705013432
1163.687364979546,1204.7290551829851,358.47534894068065,176.39058086165267
3086.790183047955,1869.3669727392453,620.4415872555976,224.8788188951551
1501.476608828337,9253.125508311603,487.2061948990478,53.66334452983886
4370.574615069203,3785.73742749894,840.5218681870572,131.38037374250246
2396.5969945762645,5546.423272863422,1395.5484991781175,188.48061869688243
8101.161502291224,2009.0443726515118,1216.0290100583084,19.98005475829619
4625.165954754149,1724.0235604136888,865.8926757022691,318.7333580970777
3668.547736944734,3853.108052722645,191.10665938744728,22.317167635014815
5893.4513833684,6576.23216855153,546.4885024108968,239.36234007073844
8656.73153639289,1991.1685729882265,655.3649514031054,28.610173473559342
5832.379585862463,2662.1443619399697,990.7178487607406,70.25900743865037
6503.201232322744,1705.5670707979011,521.1294408461123,96.314993497891
5347.001232422319,7961.233818770879,1108.1765993018953,106.43021184829675
6699.867357716889,1640.1350925910208,1143.8021426233668,313.4537093622128
9457.128592363957,2760.163852251613,214.6217414986357,263.3869838624413
3359.818121222914,6235.238253805933,131.72636744760635,241.9601506832188
9786.685126475359,8899.155999547407,817.9439751994407,155.90832095942403
6682.164666739526,6848.358692325011,49.49024330572461,1.096504290857356
7969.410794985353,2666.051073943054,687.570123052387,108.12267199861564
9968.193921776232,4386.5499393472655,1357.171420942488,78.50939793545729
2108.918253382854,2040.3928097957498,511.80504857398046,250.720667976418
5373.2722379223915,9193.735782938616,1490.9351405273922,138.29558148176903
9680.01903062737,5413.3309077276435,855.6855039133087,67.44829579298883
9116.377600677415,3556.340789535216,1126.072739098902,52.69936515303692
9801.007198914354,2097.0515346121447,301.80745549716823,304.51921131602927
7599.479638295508,2543.9917968255436,872.7490826482505,169.2974437896175
5900.120739842221,1548.9287543394146,949.8200904029674,302.63826973444606
9963.820005046879,8955.1370249187,605.8189798901689,146.65767338260156
7682.82321711604,6643.922770629595,564.0379653195425,80.44616964970947
3591.188228107812,6201.7019729532485,1315.3296814293697,135.95864584018503
8653.444442631342,6438.703870094048,1018.1800662930152,34.02021864980357
9282.732226494118,6426.141170840798,986.3773945073191,2.752872586392838
8696.981099148634,5465.388498320348,1384.4780852072736,226.6221089393476
1227.3299801326898,8518.515032631518,945.4852729235719,192.87677338672876
1831.8489851920212,8083.771917754251,19.56619495855691,218.9482817069504
3130.9603036885683,3101.8359851057876,609.5972849917142,331.77376900796764
7201.486789060678,7757.405317040181,1208.378988928428,267.07506415851105
5995.0004013437165,7420.259028328691,1165.7947892184866,278.26896219822055
8277.496423275528,8276.86221879331,1491.103948079434,30.118572792570276
1256.8815950249048,5434.591522957589,1095.3061141381859,338.1201997780092
3030.3465533929784,6304.89923024404,1054.8760370402276,78.33656704265654
1550.6457866465726,1373.362571014148,538.779289297234,342.7336941631825
2328.8965294320424,6042.743692385018,473.5720226544132,118.84061372856395
2570.0020274890257,7470.193708192513,330.20382398389273,183.78041538060893
3092.8609393947263,5518.30091147659,1035.86144937352,157.8156407694799
7931.966131424004,1411.2725063088728,67.5130892088202,26.702594630931845
2950.904768479022,2749.4443953509735,1482.9197512439496,62.41418849080988
4503.048297801846,9761.903453079016,446.13532575122,171.6231083866143
9156.313384322155,1261.6541779968293,1396.243205968651,329.16970787134915
1724.6805568798893,3573.786379251689,1124.015051455512,106.63184416762083
2200.7839169091244,4684.019651494995,413.42800532740205,283.91634693281554
7170.868904250731,8098.192862119203,1306.8818629513405,64.84068917128457
7139.713834366426,8118.741953488775,632.1632798057622,126.33086912829158
3043.940134755349,2271.2120072397115,1181.7072546170998,291.3252035221837
8383.522399842659,4288.858715631518,165.3664674307186,180.27720609504007
3817.3723789436926,7274.222238530466,840.8293600092821,83.45374455758561
7584.688219819714,5423.637113407143,376.86993004175946,126.29988827362035
5374.552362378118,6704.974215225583,1170.360691526125,271.2346715059613
6143.255583586139,4610.494939585962,880.3811220539238,247.06965264686227
4098.363938267119,3619.0987605429823,1272.180947657346,123.38597331943436
4247.802513453198,4513.737984917636,482.6083501458851,131.23100503640325
6149.838657738301,9398.730004360095,311.1697474937448,145.102699324773
3782.5378626179777,2980.953107425493,66.7145543107489,194.0162448681427
2175.3212500676173,2988.2604922279397,639.9384825166323,176.4200468127655
5679.713699499081,5334.401286428929,1332.4655735275683,73.30140498530976
6436.342359330692,5267.024227867495,1256.2619668647058,255.17528476346115
6286.365147012429,8908.258484055046,441.5656964687621,62.870722620813446
9596.08909771881,2662.4573639169685,123.50220941131553,293.73287439198066
4527.370917497246,7883.863053948212,618.8442015696645,220.79987693035773
9190.498459357455,4971.785402172143,1438.5241776240182,117.63785060787141
3136.695987794836,5960.171032361651,1283.4809396511523,32.48752608095835
1921.4288012528978,2418.562133232923,537.1124118314528,53.202086797249386
3466.1232546535994,2127.613247226249,1181.3704711815499,41.66260097911602
5243.542880496149,9920.989592917515,1239.2644139622992,334.0243142083667
8894.88370958087,3334.8025922518027,407.6509894653247,321.3200011930559
9907.346401343964,1374.5412051362391,886.0926720467896,204.29446095660023
1532.7173491537005,6905.79824799278,1114.4791345083868,190.95365550798553
7103.348768776301,7946.742916231237,243.21664865244253,242.65657600989832
3682.412099535531,5281.000037092842,938.2981724212212,90.53922799073636
7100.766874915209,7713.449813516327,1269.569734330423,221.11034370655946
1586.8883451828892,4636.042331374803,897.8821282669967,190.47092499810918
9041.040687612473,4342.54224921131,831.5305728468661,11.472090197149424
3608.9207855381314,5982.377838156731,574.4713571340177,49.399426896883845
4540.998998397054,5554.982446540575,206.14287916414816,176.37405551697384
7620.557503172021,7284.769633578753,846.6630682678463,180.09781417805013
1530.755834174526,8713.598527045302,577.5274382667152,136.685781983649
7367.182767828901,3234.41705741457,845.1407891475174,198.13592499162993
7307.485037069799,8861.37139957806,625.8397272117511,322.65486731276377
7592.993547936132,1780.5427834750249,428.7052404845103,42.767714416985804
8781.569082976634,1114.8058692090203,412.90132956762415,194.60945568196587
1325.8867380596946,4797.211243582324,323.98760750126996,109.87785153087256
7927.894661977102,8234.932215697558,1472.7891946783905,331.25440518361864
8318.673825479358,9781.19997447134,993.6362725936051,63.38892147723328
5051.771041025704,7568.880843451227,929.278391371864,315.1983241796874
2608.157636672039,4776.7289046297155,1328.1356097281694,36.14674183056339
5369.421578242224,4873.021182406023,756.6688605695637,96.28321040297875
3147.8354147095743,5464.270054502946,401.86728359744666,110.36434674806347
5759.277158890368,9044.436934040019,591.3996323173707,136.49874555770577
3630.065137090266,9715.296434155101,1082.4768559521065,337.30950324977334
9136.28239413348,8830.494855349763,645.9470063262867,145.60379181461124
5012.757425581984,1544.3179442570977,710.2123933360535,185.74918785612434
3522.2935619852233,2742.056026560149,669.841359201592,308.4036961557428
4473.204932768105,1967.630711415515,955.685479609261,348.17223220262485
1462.9450358068457,1179.457949761593,1207.876272041242,270.51501370889116
8458.374031223571,5733.276085113471,1110.6907827790856,263.3951294446451
2192.195946704858,9821.954921821392,927.7149214123149,82.23970194964478
6662.763146507962,6931.3950775095855,380.5649385706587,245.2523276128398
5387.846841108298,5595.78252758373,1239.36113020685,245.90011812362155
8326.371318377103,5711.4166406695895,1371.5899010990013,332.6787356480779
8769.573021156097,4999.871966516708,426.90608791071713,158.64983240087653
5371.357870259583,9509.669168083896,1195.9316017735348,173.5655938020902
5193.320508295658,1810.3708359669474,492.8960583376169,88.85984601945306
9439.282397318077,5110.5605451297615,73.73807835350776,124.99148101956746
4486.312550793402,7876.302494802939,762.7844571426292,324.7131445589423
4300.593132163537,3622.7785026926304,915.3815283088029,81.25387016596953
8958.036019602401,5480.354843941241,1131.8287307275266,209.0591078829159
1955.6576009382954,7933.0782847893715,116.12009535177712,337.74877101089584
7836.105802570767,9998.339021432426,923.7772904086663,354.09545725519763
2309.5482927800085,3944.9716696229825,1129.1966859119461,334.55467337494815
2741.9411220768206,5358.397647093084,448.3315596317745,219.80553388137358
2766.5106719570413,8485.324723563317,1461.6062943021598,188.06018285164407
9076.056310615411,3069.640400667332,750.032306461482,46.85653706532775
3071.2836513134466,6211.072209888663,375.7373141447732,258.5993955890015
7430.26371673714,1616.9290686469667,768.9984150606741,268.1289496880384
7246.931345349008,1990.7313693792732,46.97225776904419,124.3561076025703
7976.830926394495,5326.263140076752,142.2123920368962,10.790566838446264
1935.9930361324323,2715.064976487521,1331.9824180516607,30.827197107115673
7106.652805638662,2914.3452924470594,141.1378207516054,258.4761457029123
8858.113809943054,7164.200339474274,990.3076969316216,69.25425155725296
8999.58212354222,9712.014883518656,1391.6003836082602,234.02064009177752
3526.9018024841894,5008.970472930582,481.3012931932264,346.91021721787354
5767.364705353827,9966.683559922925,799.4311081542179,344.14338618069286
6217.0858987462925,1924.7392324991317,1351.488130033073,92.73409714604867
7185.132116925387,3954.6513368899823,5.003658585419305,309.3572241428291
8600.072292531799,4663.932320311329,1131.6878594586583,301.15398038550086
2622.8642925570693,9316.193284812709,1397.6542547500644,1.7896432296722158
7009.279421463077,3910.9120871111913,518.4342431051851,313.2635685582464
5411.895177803844,7309.356735317542,1253.9102386838288,157.33866338931077
8508.316021666262,6746.111885232721,574.6526530583756,147.05826559927425
7929.861434548869,8114.580957343634,565.9481103765875,72.81948656566769
2917.2199782796474,1961.2084741968365,1431.6445829559818,35.43306205542036
1710.9907128762497,7399.524400293234,109.46354346254464,256.40087463700024
2923.5438041295424,7932.403402657551,133.4155906569275,146.40909936408542
5336.781971378157,2995.806895293089,1364.3179670907234,208.71410047873783
5389.065072141533,3074.559811027344,288.1787495515519,72.52421710802768
2846.1767351994404,3886.2311367293387,259.47531229590425,262.37742802521603
6499.922224835999,3032.2506153058184,1221.5990788565323,48.06293322746918
8260.541801651096,9999.50192867399,1077.166812284026,66.60977787021888
7432.620268413636,1730.265507103076,1095.001824569908,101.19695537419503
7947.843133803247,8340.711256835095,587.6803331035775,183.17783830027605
7578.829168077353,6466.6602643219285,713.1397626316806,228.98657413727503
9407.631555770684,4300.31577805415,897.0293597798301,73.10423321805479
2016.5830951019902,7740.352526200743,732.2220125494091,63.462819767191505
6226.841993139666,4287.617249210576,954.6261403588489,94.42030933598426
2408.3574666682534,6858.114312064007,1254.4977800466966,159.24618634469397
8361.395772478912,6932.519371878541,1252.9938798385886,10.458527668946841
6355.589480058188,2783.3194601264895,571.3071009184397,175.66191223248438
2892.9048160467155,6362.489086888296,521.7778248070246,270.95685516270714
7900.217034742248,4443.744190251941,793.3359640171594,325.5228005642538
2820.264226921693,5119.7644602278215,410.43755067897854,264.9511039106526
4876.640480829603,5963.2357573391955,1122.4524427344752,88.35027540860479
2021.3127118011091,6628.540843661753,1132.4674004018025,346.8897071126959
4995.488957158524,9959.104283744058,179.3855175722702,349.70999803595106
7169.1246207957565,8987.374513382001,1023.8759004545088,165.13733895005961
2726.935898958339,7907.15263899545,766.7082448830503,232.5670303689157
7848.4757560615735,8318.189004860553,829.4053858939016,356.26312933740155
8595.697724564325,4257.523101334096,86.42178199408009,337.88752029699634
5640.373823204841,8664.858356026365,1315.0829793334021,43.111425119928796
4474.243869613512,6649.239632692925,1487.8526833875796,232.88150639309794
9499.987892812938,6632.120062999096,1085.20745640997,182.2678046496317
8008.768540145186,3625.080718052787,902.0927116881954,145.7488320040714
4374.292345336368,6969.321733434493,429.7420999181472,103.6184971290435
6796.139077975669,5181.217783553788,42.09814926309266,268.1496574026962
9856.58405346629,8835.263893241494,367.8946880992816,243.93195435912415
2990.373197281797,4808.273298609923,407.0120285375178,225.62117566646563
8382.327426064072,9636.071870734799,349.5845784913429,72.69788520344775
4287.036752982167,7870.106776091909,1203.9118790874356,213.12771128748528
9204.55531915287,9679.438562681398,1238.9073827446737,316.3001131712491
1201.0797282745186,7204.915032012683,948.5477146272019,77.14006267712973
2425.1098639188363,6027.311703681757,1176.1131016689808,12.667434653308787
5335.779487771719,7022.525160321761,1033.8675300215414,356.41570191454014
6851.37712247293,7338.200292635445,3.09740813656154,81.98702148729242
3207.663707484351,5954.247744784931,375.5434340011571,160.94739663554333
5814.255704835266,5478.505721061515,1118.2988297405382,212.21582524872042
9363.110149685157,1564.4677657927807,526.6029422292594,335.141471917174
2745.07459630764,9615.719471113202,1171.4043527796255,55.380245082994115
5544.995155457676,8011.833655412965,170.75816774957656,199.9711368920796
6638.269800729797,1656.28012690265,902.4646427750289,184.18993786396493
2066.7229939039453,4048.6053945531776,358.6928823883302,134.41333627135683
5403.247565169512,1346.8650319006163,1052.7085771575714,267.75772959138106
2461.4074120720443,9409.997318861848,341.4980345974414,84.2565689819006
1817.906405231785,9107.231600945806,1185.2906964925899,239.933797876306
4844.317780294337,7053.917132194159,1235.7109780819385,59.168905320506504
6641.851713549237,3460.10307545764,259.36165772700804,53.59202973552557
7471.409650148048,8903.37994809348,704.6247510956597,120.56249683831196
6801.854810453668,1517.7686359465554,492.4170695158505,129.79899591721866
9559.72989085038,6503.342921751731,872.0296410395665,212.9246207709911
9036.488270680573,8006.748824545405,283.68919820907706,119.88182758540476
3039.4592066426812,9555.53104503512,1115.3695730331945,275.5268163678609
8023.887857706258,8698.244288461003,1136.775731878464,186.67788536568096
5039.44470458385,6882.160822238198,200.55817046646132,316.1075226363168
3084.889491778443,2045.502902743991,1443.849270389404,46.59058080192015
3101.582172823686,8368.538775972416,271.9524615847217,164.24872776572815
9987.624330890087,7694.875378620435,75.1931860032444,351.8616743562919
1699.5306449886002,5744.763104332997,206.6420446344315,132.10692762924492
2574.2992207905836,2329.3462580403734,469.60823964479147,68.98292731896994
7103.0024925976695,7187.582499895731,99.63144346667299,348.37787497747496
1980.1252755079236,7382.838040318023,1223.0740428596268,171.49201363020993
8167.099212872844,9229.530013700936,1105.6808128221253,213.5611751155461
9545.719422879454,8115.039050926616,882.9703223732921,236.96707866157644
3596.378331431727,9779.187854699558,1344.403006339909,187.61954031355594
6445.57560091123,5024.008724088045,23.334580666480296,51.16619889012807
1655.9586571872242,3786.4664764149275,1470.7459268106343,315.29325087116194
6794.640158986929,7226.463488924878,546.9542835912839,89.57868863276133
1525.919783364275,1985.9607482362997,1110.0634329750683,331.1597634735097
4528.936375202519,8679.5414479807,985.936721473447,197.623266760623
2479.221372791737,7571.156555451316,1399.750242800801,120.84965687890866
2694.666932584666,4867.649796416101,350.995742413796,35.76203033974705
9110.804395788457,1136.3986842117706,257.2401566396677,16.573001558432516
4700.58653548103,7577.818458377018,1050.9146256020347,35.16337845942756
2733.5914091766153,7103.983109140516,6.049307470039403,327.53854945365015
7260.659350068003,9375.812643349094,1033.6768767811884,243.38077120004985
6993.506017023883,9072.515415175094,1241.1559065880203,102.18626539836525
5818.835067127425,6722.26558237701,10.244382075207463,293.027771937322
8671.960104509175,6543.281394583347,199.74171613268263,59.168774881344234
7061.531713065113,3098.894210784638,749.1162393748518,205.77101009086493
8839.505103561401,3347.1492907859597,550.1261516399715,25.34692485169022
4219.855451024205,7370.416774334786,105.57663802129231,240.0764865008779
8133.641012127091,1277.6454217080354,1262.7449394547655,73.36149894203372
6608.0242736231885,1518.367111271495,1311.1078151692277,20.288136721127948
7456.687886699056,5721.437536154527,264.4312733098673,335.9535024264319
1736.1749506373667,8758.898997539807,986.49634885922,220.1829832134523
1444.9755070838007,2350.663644884585,365.3062489150237,126.04114686869436
3712.424837463369,5342.828908628581,350.7587225578217,199.63304527354376
8805.01540442733,8617.21893022328,516.0191656634447,54.22270690751695
8131.037874647886,7505.378380147746,71.58677310476878,197.39003261509725
9756.417691110948,4122.128381189988,844.4594180675371,123.39697710105999
3261.3400534670213,5148.557945799425,792.6221327745761,295.50593280137485
1725.5147582143416,7322.304143327248,95.76326999474374,195.01904970316002
6961.304424263552,4924.574989609255,1185.7607284350433,30.132948214642127
7646.928333938069,1730.1102727868342,309.33787074759334,53.233379749719404
3347.2428182664858,7367.662942098092,1237.4421697597284,270.0631870157658
1897.2085247939715,3935.726862592205,1362.0904761666684,41.70517719723205
8485.319895928998,6408.851342352325,158.73305610921747,213.36636250516662
2829.1635563917207,5148.12616394488,894.5353105548705,134.1295039267158
7235.4465490861685,7113.978960353983,289.51614079979777,210.8891690472324
7539.974014133388,3872.280688398591,1290.0475487256592,246.89264890119577
9657.965942195753,5275.012186104787,786.917855284418,344.65585636914085
8834.684220442177,2664.6711988193865,1197.5535613261325,45.45327696543827
8065.742170205198,8498.10217338022,967.6094818004461,348.887951726656
4778.164654288919,7595.79316772466,864.0020374465761,81.0213230454111
8695.211439230714,7585.33468513404,1364.2630664367834,158.9250467734782
7177.429848631862,8255.866723526087,279.8582196053246,183.39049361120416
3793.5306520581435,3371.9534443929856,1367.2785374243294,16.442349360753692
1445.1019350466713,5550.778848599345,72.1285366409272,305.91979906334745
7132.4418943868895,8767.11118898213,1008.6711251776229,258.72229284539264
2543.6205069350062,6383.366184686279,1189.6454399327513,3.059251498760644
1386.5560847041424,7961.5742176158865,80.21863816922564,190.7767639694287
7014.567133965102,4295.912530589832,331.5468279691269,301.95673916162997
5013.014059497387,7208.563499603783,53.10013814905113,295.73143603146616
7575.719261757668,5054.622906481645,373.3924097858298,347.03715993755907
9005.354917557588,9502.59101244865,410.7175797217194,223.56347906235078
6438.0509311612395,6282.435303824374,1098.7238337617075,350.98945232268704
2193.6636220204928,5320.765838219365,603.5193113476803,356.85502163541776
2865.3961334446467,9233.080936438346,447.2253764635761,188.60442708168367
2621.0265528590025,7127.920912742909,1009.2750194224245,69.12346569955596
7581.900867823638,4367.445353003619,583.2747792153931,252.9620178385723
6224.409633263798,9399.811771021405,1290.3558715233164,215.62287420893801
5436.3029673549345,5779.0102794624445,1317.626888929605,92.46695236416689
7885.81394492234,1459.9861741501443,8.400046447074853,7.9510569597776115
2931.1631771825896,3903.9273563595884,315.1542908725097,108.14377654255561
7949.908767508373,9172.44982981044,74.68342135493181,326.86143419200187
4611.038384612794,8732.973573285315,501.2303917620257,329.06306437128165
9781.924217610696,9029.4802397987,1457.1902487260504,245.28061010481377
4192.788720340389,5890.937580519787,529.2512124514626,7.934780611844436
9893.281609228294,1462.3354440556973,820.3262260042404,39.88594450317917
2760.253027590225,7456.293163285781,1108.608840362207,29.175827983405444
2117.6778035694147,6511.654414356056,857.970045912745,155.04980283064899
4661.954132029705,7954.29289297772,15.745982230690572,78.77282245326639
1503.9114009085233,1865.8488894820516,1395.70003087005,192.02428991098824
8483.934674660148,2542.6864011552134,695.9814685757659,100.53860802609252
4419.531490044926,5845.74376087731,439.0366931217201,158.5789669140635
8412.736430318404,7907.173043591573,523.8422486582359,142.1703779794263
2915.8473711451,8620.70255784522,782.7974293192044,307.2951325991705
5142.888433261522,8149.7752055050405,1088.759448419297,136.66323035737696
7772.60136727212,2282.038705825175,743.3289650449085,327.4383934193945
9829.121475478305,7984.759576471011,1181.5351924885147,81.515627260755
8936.271325330996,3336.465524741469,32.97953894986476,306.591714238807
5666.061280874949,5940.392830097943,45.357106950687594,201.07111536414902
3720.7285449758065,2017.4463358213357,1224.9680788151404,55.862611207441496
9096.456407070993,5862.047644769623,1130.164691850799,235.2861336738512
6960.800783531294,4202.196989679989,1351.668939934492,173.62604214899642
5586.459512444432,4939.973655204973,1272.8269720315366,160.38706512448226
1542.6612932177939,8122.44433220013,838.99239398637,85.52557520662529
5270.433383129068,5605.883743604719,318.3899616462984,142.86860614110054
5842.802198550259,6230.141838165135,406.50616749552444,140.7861693013878
2908.1340268965187,6315.251648819258,616.6600251866907,136.29824953515606
5573.419625062116,4454.771313108917,372.87950269204794,253.9642588594645
2730.511122721351,5957.132124168894,66.7761211878701,123.74921481651056
5292.858291572654,5220.024532730718,289.63394517669883,115.45918792989217
1142.6675709484573,4596.500284983371,489.17165814398004,115.8875819050671
7056.5370061656895,4088.111945579783,1372.2213692042178,154.71275699902344
3374.514287888596,7847.894241607453,156.24051164253999,313.7611311954261
9121.695972999896,1641.2902185698235,205.803374127758,2.8427620555691857
6980.850530893234,1868.4668362420698,839.420717039455,215.2933338064124
1465.1335428231887,2403.791107812258,11.487775487002647,65.0465973446852
9301.63113071183,9659.398561859278,1293.4814185833338,9.919941430267102
3381.676622168804,7631.122485285607,1330.399978541697,163.43916348447803
8492.850234760423,7333.405207846916,1335.3009177136091,104.89895066612208
4194.425876459657,9059.376751149337,1221.32337740658,80.4355966562855
5921.293199640608,8188.005990158757,514.880265020474,202.93137418966668
1702.5161101955214,8369.440675278758,668.30743689072,216.94134409029988
8417.251958575258,3657.074431447236,214.66417849560793,42.17716013070123
6540.3906580627445,5569.633228163067,351.0662472821711,208.65910173942564
4831.252947187824,6649.429142958935,1065.0517600776293,43.49538467082344
8287.6524477606,7908.675181580072,1089.759656250013,276.327634915118
9844.4153052911,6209.158967729575,306.72006694191884,191.07799308861442
6529.90455940242,2199.1000425688035,176.13342425273794,52.70390897747016
3497.358772754431,7826.82808831952,1407.949328455212,228.66654026241892
8244.928259056865,7593.738715606772,408.3645726621991,141.93669314541341
7064.656408636868,9636.135336317642,543.0058510939273,282.87345772823505
9875.07702124265,5271.622932366926,1498.8635160996232,340.52594761312565
2570.2937503951593,3754.3514200667214,974.4431915916739,298.13681175919874
8887.38221794053,3368.3337135040665,342.7808750563957,131.1414319139676
4979.618642711821,4921.642773844642,690.8034129661731,288.247647543275
2574.857104856723,2261.2863854746765,833.3506863332973,291.73456038213925
6266.514499294918,5109.76667480233,1461.174408075827,292.25264910793743
8126.421879924498,9581.337325198909,679.246089432177,300.8927537951154
6520.6453267840725,5633.962524850811,626.1360199568405,154.245637932489
8280.678657018792,5091.666735674478,883.8178026534656,156.7118756257745
3258.018199705882,4453.267630289476,815.8967349816148,273.71762970794214
7290.801655866143,9981.184531355846,167.05817444655656,130.3552620489016
8613.578091851461,4819.335681041856,756.7937242611998,226.73117962052342
2361.29750021581,1681.0641305128847,736.2002276099272,199.2830485130683
7862.7014635982,7473.887146884597,256.89753949130466,173.3382141249411
6895.078169780555,5641.990112595992,626.8120923654781,23.421044022455042
2165.4772499717246,1362.248700670219,177.50722130636822,329.95225170403796
3677.551435578839,4949.521880432774,725.7239294742217,240.38224352871012
9760.229945764053,4932.078759842332,1004.8219013340332,257.31839969082574
2229.607073046893,2273.8259199188033,797.4445816682999,169.8098683349551
3958.4578767436415,6677.397566981999,1091.3550645094292,23.112471920954963
4040.346460141482,5152.54483157961,216.10488635046673,61.440593279395955
2798.293197161185,6093.922388318529,356.2426527518245,65.68692917695735
7041.600718497413,3131.5615295043326,1087.501713008082,279.89854716745526
9419.605946802718,7141.135147397487,1378.301670126043,172.47095326145563
8732.94248206851,7310.99119393103,1066.6066705150113,298.9939687919192
6194.981387838856,8829.506377349764,148.27322062258176,138.21602335814538
4999.550164293894,2700.1967698245703,895.5971051107265,308.1084596316691
4307.2950853066895,1615.278682767198,1044.0152630840516,241.2568741843816
2429.173360160591,5072.506720780148,329.1270788008335,155.65553932025307
6066.39650476265,5328.018729921428,1195.7796801541215,27.488330052309326
6579.701110188109,1987.2280962181721,74.69669816285423,177.38676547637183
7597.25974164422,9670.162563563128,1135.3487555430465,311.61222958649444
7316.882980153785,4833.150077332874,9.752591745848834,246.9747436969243
6121.886494939395,5402.717587125851,1259.6369453074378,62.424672401217855
8977.031952146514,4721.515713876106,431.3855916388761,40.126976129548176
6308.568301582263,8471.58117933443,723.8654629755317,147.29595420192678
2861.108915356475,5932.497918610689,463.93488142880915,24.199683689259786
8300.891801647675,8230.567551876955,841.0304058936383,98.3428890342209
8810.928021134063,6208.032401337448,1191.7382295225377,317.5504004468979
9233.161299930878,5523.416521908347,385.6320808268002,251.36939673115066
6876.839449714323,6573.37378710698,691.1459532563803,320.4484959598354
9225.08184339322,3374.9322275614973,234.79335307701984,329.82631312504043
5578.792631851478,9280.107089802465,720.8382124564946,6.493623027580183
9396.038178502558,3401.7944300988074,49.30206896647066,133.93622174596524
1407.8579100134164,1588.1445512704213,1470.4621944150565,110.48278292184497
2409.135165532107,4037.583517477812,469.69813616640363,293.9256763628317
2814.653523318998,7618.791864639709,796.7002240023419,3.272027702574988
4907.614091028669,9094.852393618527,384.9425684710528,353.26078676560786
1897.405335687347,9345.622379527142,1266.7742677311041,55.48022100553346
4676.96607298689,4154.321333499702,1114.3020284943502,4.704955859572353
1607.2655365654803,5184.862072521291,134.42395626490503,42.959546648999186
2512.487084975668,3456.1182068923413,1461.8212783445229,180.2399053325575
1935.671728900969,9008.820775156164,79.6610240411585,297.6086475355305
8192.140592409824,2522.8248328642685,1390.8531932121691,225.7658105614502
2581.837662428351,5233.312335718956,188.80299125958638,84.31431481923536
1930.5388146826558,4415.053840869034,1492.9362030023124,312.6233509800173
8698.509873202926,8773.902565398837,761.6447567051396,126.12401534764837
3396.290298349208,8540.35154443864,829.051425486467,105.65989511714868
8153.370087640019,8750.914110301313,945.1211277710511,89.66000721030922
5273.09084198434,3285.903742490346,604.8317226291151,267.0641980028891
5391.321305243113,1125.3627091897017,378.1705655297587,76.51400475527907
6589.7727777387845,1335.188686573428,518.5986667032619,156.0016748839908
6127.404522608016,1378.03260563465,1242.4740482132274,300.26565389523375
7938.539913014171,4767.798775285437,207.1880270039725,28.03546861901591
2987.2909331730234,3561.9430064202575,1462.3976495774634,171.93986351061355
5016.818964728016,5211.710890432839,417.72633494886463,83.35911704144127
6270.17253836813,6254.576290510851,832.9245255441148,68.91178672462836
7583.632427708812,9112.316581429393,292.1410707018655,353.4851149874621
3394.789242795227,3622.438715354691,1160.2199748965234,152.59312559018431
7623.185845804297,5648.48088006224,1202.7647680832117,117.37310409555242
8820.66668345651,4300.261148116277,533.9795766313761,197.28271250318275
2681.0754880176937,3023.618512599385,654.4297444818037,200.46820223744365
8427.818825364226,3657.239742211779,1371.940173943996,315.5763342632312
3822.8709548868264,2471.0516495083157,770.4398077505192,321.4243118361405
9117.875713648302,6870.996111048342,213.036794244419,110.4167091285435
7445.495946284578,2825.2080403491464,241.6734489961532,203.43096892148245
3683.722238919739,4148.973185597239,942.4511635765134,95.30045430647863
2653.4404626339274,4402.233770606948,959.0091084980902,308.07135834988827
1974.3449039888264,7227.292050321863,255.68843453705176,61.969638122663476
6288.394010059198,3373.5383701747874,938.2771920303269,46.59608957629712
3553.9171773089793,6764.636391232913,1333.523469290099,275.7804519652793
7335.168014136662,8313.23676470291,952.767681770838,50.53828201876108
7241.5119396400705,1309.6985314792687,221.66236043679484,64.73790839372971
5562.859223488923,6248.865064680771,1269.5604990572158,251.30139864762933
7440.043476032176,7389.867638631018,31.275893424618825,205.5690306411504
2044.7604751392232,3926.684412068298,230.56055780258748,100.0130240954062
1241.849442785369,7736.352900859723,433.66883280577747,49.43222919926029
6294.804835786548,4055.436007279593,1024.9630765627119,5.874599596703495
7116.069346591784,6538.9712153062355,1025.800655707442,136.8377045986917
8843.272378109683,7310.314409575715,1469.504780918685,305.5726209193281
3973.547726736814,2516.6223516573855,434.87473272694604,54.81855928279679
8421.839380039155,8784.119958528252,440.5044343868291,144.69695323536445
9191.161191813344,6743.70196673923,1348.524386977123,133.7467702584946
3780.359244222924,1462.0510283461224,448.75589079521495,41.06404907983465
8591.376955063457,2127.320465655004,1189.967998752742,304.79524175166137
6861.864619637899,5297.501379587388,1482.3383454102716,215.01853184085348
7997.861299649081,8483.413173124187,436.3728022162624,159.43579951386891
2685.2837119679125,6088.175607178814,324.7944194296019,341.30336341832134
9952.831322069502,5527.185939486405,1136.4574562192565,297.53878954038134
8851.316560152998,8835.545997727757,368.9028186750775,68.90673862184848
7390.93610008049,9535.013703057475,1010.8982328310003,228.9712295417652
4825.979390237444,8018.619774161212,132.83325692538452,147.56118258516582
3292.4584760968187,4946.972165907293,212.43763715768614,178.60049846143878
7846.366014655241,5531.441594275608,814.8074602347442,131.2333856428434
2649.988754994392,2404.2332510894685,855.8338271384778,214.8020560725844
5042.450960523323,2446.645285908316,1186.7176881369212,335.12370090551354
7658.533285779887,1799.2027917778764,1009.2162130044646,338.701488249663
5639.792568206819,9329.567642710272,841.6476581443021,358.6789521644671
9289.402861666716,4275.646171646282,178.23285336729282,93.75461890553726
9899.218249351374,9741.752144462269,1391.2151798098844,112.25485837845501
5220.198182202663,7032.512255610748,837.9344788945136,316.42370158766346
8777.53675996329,5059.700800281905,463.7590258209208,253.2669107503206
9257.271252209854,4281.816008909065,911.4242544645971,147.33638410057318
5826.316046320652,7133.659279724015,1179.4426845866753,341.2632482589429
7779.946677684217,4969.352290963429,371.5413854514014,330.18335417843923
6412.549961417369,2329.053558943906,1466.2739514815312,97.90544789792968
7630.8697773718295,5081.851975874328,1097.2551536038607,180.17619776573028
1572.5165065103936,4716.798242263176,216.90229321875995,86.61042261680946
6609.8815662598945,8325.899675748553,505.75634288070046,146.2290749058354
4926.77732827257,7991.324605082698,242.7569104062231,116.41931603232212
7148.179830445209,2107.084615651791,136.10405103551108,127.83008765246012
2324.521303022786,8559.648742879122,1478.0001350381456,51.03529353731976
9560.336451859705,4199.936510498646,1380.2283564674829,81.14142097443478
2332.1758613495613,9186.083109205692,1306.9003207101828,126.29659504922165
6441.940807286685,7233.512672255581,177.1556677778935,247.78016884765296
6516.5792783640145,8937.066667106923,680.6303623714924,151.76189138087872
2238.2819818831335,8550.259916311401,721.3990225417062,292.54980533825704
4072.9665478520797,8993.35502658148,1212.4482428997203,61.810609319043614
2424.613994751437,8840.732885043422,1327.9572643946099,313.8126570535157
4352.992635265677,7192.768717468426,618.4708677276045,350.9354435417333
1769.2799252786565,7094.702316885445,948.2764278410544,229.49692124376176
1180.9027177989533,8441.86213016701,690.3686792032366,277.56271991555997
1310.992440545283,2503.782291111186,1023.5922027717322,271.21519769042465
7018.450477164027,6071.995481463937,1201.0670508362114,16.520862409211787
8149.254140221684,4951.49638675339,307.0852826330811,80.52626455562522
6207.993940654137,4179.273827112258,98.60892978514853,315.237111255924
3671.821682801836,8595.637366534673,902.0846375095704,330.102428475562
7168.500715920072,4241.791469434695,1173.1068165301995,2.8931241200325726
1125.3591495597248,6936.283468046394,1417.9698520766592,234.24592487196236
1114.6513459545401,4310.995051994229,338.4503541467475,225.56769667427733
3748.3037789450686,7186.183661113728,283.7857647774465,304.7082897569329
8197.167213248253,8112.901545406855,678.0621195639682,236.7373894024581
8652.855784639334,1914.5533537808228,1358.0758090712418,283.2670815426989
4863.901828832624,6840.128833412825,129.34815706620017,354.773980381911
6676.067679141756,9560.49194690088,1461.3107055039407,104.20968903822946
6663.887490847195,9254.96681312218,780.0161629768595,241.57054320815314
7418.361295330505,2138.5836280355775,612.0646713887018,24.52338253822669
3084.671915781125,5279.075470066571,593.2141395841032,251.32802988423313
6563.529297880074,4245.015598660775,909.6286275800938,359.05887080274437
3671.1170525840002,5990.796911582003,1318.8248554427912,244.19594615556065
6451.022501188534,1339.298855338001,1382.4479455657477,55.74968185756229
3202.804610381906,4172.84223201269,1000.5779594161858,246.58876637353882
7124.975055607412,1429.7741588090964,970.8436336755756,143.05566932653159
4102.615738812406,7003.577563953121,698.1269874258916,330.08703820589056
9411.082677339575,5412.392274003235,37.796676071588756,155.25646752947054
6920.3358602792805,8572.905415436562,882.8680832303147,246.19387502137624
1519.9045249933188,6978.89385727197,244.8654393672152,288.6184626159288
4062.8310300707262,3565.4788978784095,289.7953576332195,239.39556849874734
2049.5194704594214,6063.0757416245715,548.7490459392782,356.17187700529223
3171.5040434809193,9423.966196775495,1095.1639753007735,100.79026606698238
4681.771850766468,9097.747757874022,207.68632918545123,301.90837219499844
9109.814283753709,1129.5986355244675,1201.7987379127264,307.82746393979795
7490.0968093210495,3823.422994579811,141.1932003188278,26.636467175792934
4359.512859956103,9095.519947617406,598.3657927813563,347.5590596331659
7703.595984185078,5407.4454397112595,1498.0715143868374,95.42113708825296
8201.10656471847,1912.6929817736145,403.8547920240712,97.33164284815975
6344.940786299377,3364.873695765784,10.044754853824463,198.3427067160757
5007.38419671368,4617.737390269876,95.26760136572273,171.18408866116712
6736.195135939304,1722.4680474866182,405.00452966564546,234.78045764911562
6333.95747884897,2768.5498036328127,733.1200038220309,282.85607333976867
7027.8379888050595,9243.575835726588,1425.7025506197162,152.57450885930297
9401.86996234343,2690.1587872177533,1209.1219590393725,199.03622486469868
8270.79377296778,8054.093614202057,698.2382321932794,55.94001343753505
8577.759491864086,8325.776325020946,1428.0811876386044,153.8635670816969
2975.6643828869937,4489.498257329366,1218.5287374651525,172.59005729066476
9445.909533270114,7734.947572095403,980.963698351548,181.6397310318893
3123.100512446618,1325.6828553892485,125.81236046806683,108.58149386095415
6226.387106620094,3052.014294055332,320.89381845227825,343.42291633107465
6402.734388147898,9827.699475903637,399.8637432877803,110.86413620645571
6725.472415921732,9913.426012588081,1381.8244225999013,143.87210893030618
7020.004284931047,3652.7049678555704,830.2625115645967,285.70404556002904
5663.443693803013,7633.125160096414,1494.554574641793,44.06094244630629
6004.6431040768775,6676.725637763289,1418.4693247706293,218.1956592281196
2474.7225852159745,6544.234663400288,1073.8812091802426,197.75963851573584
6594.468152092831,3820.6236322983,156.71139714228076,259.3806913245489
9765.31629905233,4114.032700071411,343.333911696578,183.33454145915817
3127.4352656713368,9153.112541652083,621.345670594194,23.26895453532699
8160.039366259413,8018.060423415863,659.9646543484139,183.89369270006748
5750.362124837534,6008.809883209997,191.01023147198225,59.218613990053704
6036.875431971775,2626.285705444009,433.2062882851258,238.85128394073143
3308.2096630818046,5077.802875316029,1019.6700114758171,299.69058868317876
3200.2863327195264,4306.82940402362,104.09270306010245,74.53686982331139
1926.311850366908,9371.959904261694,779.2634679054815,301.50128978339023
6663.25373082447,9504.701912645287,547.904883364424,86.55248902555323
9633.11479015477,2398.4213662984093,892.2619056170607,276.4944142121523
9615.233992617545,6189.799777928819,165.16135690605208,300.87848991210814
7656.968206870502,4167.631259058358,1292.7567632682594,242.0384984556546
8424.831721878156,8421.367393616665,857.2850208597531,332.9781736502746
2045.3569011068057,8439.703374766894,457.6591582991679,133.77984829318825
1267.961386318226,7464.762690184536,987.9344841046943,165.811044441888
7545.402672814269,4718.616068975007,1234.4275936908764,48.87532054561489
7333.3717638440985,2860.3438267104684,918.7773427006654,88.87467790238817
1142.4924830948771,6593.230693436253,732.1402407582206,46.02013093953483
9866.068491319562,4948.491737555446,422.4465847695227,124.11215246831013
2368.387439148133,7340.36332372313,650.1756064611337,225.1087616745562
7765.686174644135,2978.194190852938,476.29805455385724,78.52152210996104
9304.959751474917,6275.682456467255,1155.6867317236563,83.30309897510142
4250.46846336823,4790.45639825585,603.6562656459183,80.10595802744331
6067.483372618586,3055.521994561819,803.8350509180302,53.44733242761441
1152.0702053722123,7913.768422848085,618.1393581313802,191.19086541426282
4414.776449767127,9935.066361317626,1152.9224072751504,14.672458429943461
6439.385909452072,4468.636027448036,1237.1536046580861,264.6656520874393
3532.2176180332744,9273.734286911262,936.8486332699052,219.04648349527403
6682.138168357315,2764.4136801621444,19.951484235916265,309.7259585629761
4664.324986421954,6860.794939077689,1322.4912180627446,267.22670209517497
2255.742723235025,8779.840112404174,1348.606871035149,312.6316105929753
3978.612079578587,1969.1505862830486,1406.054406461404,250.85438578743702
9966.808078425169,7584.703906089248,276.9140427779787,148.16795670416244
6318.008511341648,7701.74027467334,1107.1319095944311,110.88253788949595
1614.3642104754076,9257.16187790243,719.5681422054248,108.89670544503637
2219.7318055834858,3794.463616736717,435.52208200803335,297.8940998428872
6006.4331062916,1681.400904669033,136.4000035639873,99.07192522771165
2503.059937425837,2540.2094698514757,1026.599394315081,3.6483684628632744
3087.901996266316,5312.002838113493,140.61789728351172,231.80418475155324
3392.648052662622,3173.602336730008,278.79308311290777,207.73002014449798
2930.579259150173,8017.934343815299,889.0039272336842,181.90058961595895
9604.340672117421,8710.18931887928,681.0809358150667,71.32539686902682
1720.2840641477944,5817.104254737378,629.2693940676622,158.9184846856279
6596.753269626786,7495.0052054679045,765.681727923712,80.65684624224451
4436.6016144001105,8524.913750499009,971.9218235102971,318.7481244051324
9003.458323672396,3346.05124176914,1222.8640670633743,243.53358995538747
4955.793304116716,6044.174213900146,861.1396182128651,165.17738476114587
6562.372812911362,6124.038746567241,831.5269073694722,74.96099930703512
4553.550950745364,3612.333968728288,1285.535314642893,141.12047677608155
2389.328058580277,4032.819950133991,722.8025608687473,213.2376273522246
4004.414644411603,9252.560284275347,785.8840416332083,33.30622732729114
1807.0004599183449,8394.673724286567,798.8027379823792,85.99594822520652
7031.12798753018,9060.136650781946,857.3184127128623,267.37542520559794
5590.743543051115,4494.483375359963,1334.8399285960356,189.2309783365671
6225.472269910357,4668.699187011876,1423.8811438260577,258.3523007762524
6641.862455973635,1737.2742780961717,122.6508330653679,322.84351902651105
7532.548797517734,7366.9784742956945,1337.0351556553878,237.62294412204332
1837.7046519165094,4653.337766816996,573.2265923192309,252.78817037458396
9900.719161696703,7456.759621812294,1169.1860159959551,115.06552755527089
5645.741143396562,3515.3319412834026,629.4338899513897,263.2289331188289
7670.496678612299,8138.818986904798,468.10572919525316,240.6137719409257
6439.5356003867655,3575.4035422604784,60.530596716885405,29.203232385890807
9539.359405875035,1425.9767057500346,621.8346092796853,190.5775919897874
5197.304916320282,7952.360510961917,350.4583445885906,39.37211749848318
9106.027846098976,6139.987525345591,533.2981195506395,165.38967855058866
3952.3881598321573,6396.14082578847,438.022778335015,341.05918346111787
2555.556770767215,7053.6698738476325,1375.6870003875101,349.3701669523406
3720.3548159548045,5100.763457200562,201.694756376496,325.06379939472953
6214.807252290193,3465.662094386069,101.33908839074293,313.40427485335067
6331.589914174231,7512.128998993282,1471.6506030532757,281.9208197784358
9797.782495768573,8037.912204019878,1046.10351625321,77.13233790950773
2641.2862800495536,8660.995331916125,110.45349582362962,43.883994415818364
8686.528331280511,6120.5460735032775,825.986474594562,331.0516198476511
6492.000623145886,9234.268114423943,1319.3624580098942,261.6089148519446
2678.9685880673533,6558.286604525581,1077.590920200157,248.30056749474107
5717.469367784932,5599.916344772806,1102.148077537867,142.0846850405822
4342.216192245416,6716.141202380353,568.8780122036203,12.936634542622576
9372.063476862144,6964.411545956706,48.434179530216895,68.10275796392759
9445.447400491616,3691.6895042932556,972.6188859957145,88.25764722831758
2328.719778049056,1377.4435580154704,1431.5425033168497,15.28208947404713
7171.799021508445,3021.7595517990258,1134.994704145674,193.56149463142995
1517.2811041762725,3362.4403832687317,1434.4822536070556,187.6441278348266
2142.0994828764015,5172.992808637291,1206.4532384895467,188.79125171439193
5937.43677291238,3391.1121204952287,767.9902813619026,208.89884535971618
1866.0910401364135,6080.935534272079,474.09762485350507,269.33273558305495
1393.3250936733907,6545.918844461572,867.8329151977849,40.04744407136331
1214.181378418548,2960.9110081745002,601.4554888176668,41.76608824490121
9135.617284619315,9323.19347333911,718.0351545581166,195.48786390128166
6653.282017293419,3379.963328758312,1282.4851726884676,333.44386173748217
7070.675741016682,2448.82787403954,474.9595557267759,285.6510031633675
3133.9627728760465,9299.64734336378,2.2560321167282926,162.20071262096312
8991.719526133173,2323.24262464757,1170.7360670254186,274.54332747288214
5869.990990580694,3871.762307036524,517.8529480098214,177.34664505307765
9952.846249534032,8510.486892090921,1259.4091966484077,291.647619239445
4910.185025281631,7710.870162470951,326.8490563956986,133.60721887701555
8345.394788026377,9744.56655774442,974.3618876884116,218.7203926816262
1590.7553584576497,5139.502351273911,867.3836958852933,250.35514065875876
4314.95742367481,2172.866672321211,518.4331214871426,276.0056117094785
8114.386290902078,5283.042274009832,967.058681937089,66.59823570943212
3730.244336659039,5542.175182695103,1493.2419016711012,93.76851061776252
1704.680518904075,1976.020141128382,1373.809297003943,359.23966377933147
2730.596489153257,6543.036723455292,1431.2179808606506,140.7279481676242
3979.793115326355,2801.050232268457,452.1203335322227,327.4737981499597
2599.4138441014347,9909.057914395715,1447.2118468177755,77.00273794873965
3401.85173292231,2816.2581321998196,729.5762006636613,260.23227672808827
8131.023892028639,7255.127869822618,231.35756176064055,226.78706568977415
8348.972014752966,6800.0531016554205,629.4618142936231,112.684983683991
9392.54618997832,3035.8380793171787,987.2296727859776,225.85807942554703
6362.9040707633185,8079.423955388102,123.56773807717371,1.9951105835284033
3515.0149285413304,7503.632881126688,618.4724095712754,108.45319296718272
1935.9525083560484,9719.463217388866,426.77519174406115,93.00788182084096
8581.658163421722,7281.715358312192,442.5952315506928,310.84632116179074
9957.679300155396,4491.944707565994,1433.9694591126477,35.469183683517976
8471.572712058967,6835.249585693827,588.4620978243964,352.9415389102043
6791.90660069166,3863.432712555586,151.3699320103644,125.2972542677847
3647.519333001929,8282.753620250893,447.5059080435554,19.690847377240857
7882.0859657920555,7034.34536035011,658.6950551751281,235.8953187276512
1130.5068820080812,2942.5707354877522,1204.4688902094344,70.94633991515872
6675.129474833049,3226.2337400488295,1303.9446412356986,22.2646772488055
6166.78605311654,2862.5926780786763,1251.5944409999138,311.5158802822616
9297.952787189877,4386.764792991671,934.6097189069268,175.5402148871821
6018.421906348483,7465.249978601201,420.4124413840653,250.16212378371333
5613.1399420468715,8689.45656106274,976.639742588308,9.678515890570132
8208.919832375457,8014.155951902766,115.20573335979577,20.92566000373563
8821.931413145121,4410.034104074543,455.5884836775628,352.042257248044
1855.375908044854,1377.9115636317058,1069.3041477555773,347.4604966679232
2525.97926905657,6562.529321846131,1105.7788419760277,103.70425087006979
7830.464946798053,9797.53033306076,1214.9787944078796,30.800967526922708
6748.9534894352555,8736.130949135928,848.3274224081175,32.27262049517627
4928.919956322006,3591.2417385025683,722.1237754637456,304.15652859872847
2287.331550596565,6203.344352018189,930.0027474495786,256.36205067104765
3196.3017587507397,5889.284785926519,1436.6527448167053,19.952799377725285
1481.8692296188378,8418.42602707874,1420.5796145675638,352.54808536094265
7336.806663862393,4437.14081889439,690.2237227077346,269.8254671302163
9541.621562960536,4905.2636600934475,1080.308611293181,294.5499455697737
2694.1537568403674,2214.2473968665554,184.9590521056817,167.8872475226984
8488.310731305988,1956.5282702565323,469.1106979824293,279.54802498941564
7486.534913830116,5789.544093377915,208.256231371414,168.36633190879758
2179.0040409005787,1553.7861825156465,1416.2955027031032,148.36543126175874
4457.644084455278,8351.558355336347,479.79599578537864,2.921877831794598
8722.29035750075,8826.377174327188,592.7031718185995,7.737004926522168
3536.78932816253,1768.6876192613227,575.2349967099423,36.18620213637986
8896.677581583093,8140.905702784782,183.7727637754955,88.39705784907461
2411.5901952542326,6120.6882683674385,759.0450764980878,310.4028935502535
1833.28212009295,8037.595003089346,1229.305179047269,321.28419731166156
6411.585850996461,7227.634657024502,1139.8819626215295,328.3265176216801
5958.136870495116,2003.4969454371599,1318.826803390058,346.81665062809327
6837.011688052518,2638.512306637054,886.6051185805452,193.83542754036839
9172.235040722826,6230.187584194641,219.39069183220573,58.08748532232473
3519.4762157878063,3609.052520823846,1085.936180569627,247.05730417324799
7313.201463038356,2011.7935379354144,68.18179231367947,269.8956945743797
8576.509273640346,6500.993096392809,431.50695376953854,249.24760805696963
9965.440347580712,9815.598394510069,169.32781239315366,27.07881751992937
8835.953430753596,2364.243238267264,47.734437839015946,16.980835300674265
9322.698693962333,8002.621030859155,347.02281905780205,123.01268480557461
4570.256476872441,4761.037467043137,822.71132791959,153.09289749307365
3486.5182187196715,1905.2264057166526,242.53524720604491,135.95452787996388
4994.608308348007,9693.880199021765,317.02832539543454,122.03201045864202
2703.4648957366044,2243.672582565654,841.1107808043745,325.1461082243906
4799.4434095210145,5022.122495248523,1471.5393200093404,12.750079343456182
5587.544085981066,7226.889421593966,142.11248617421913,149.7655585695102
1846.1685869188534,6639.121152643185,433.33137967155017,30.402739129012833
1498.6664942257678,6768.684902574233,473.70922413139704,275.3620177541637
8656.20330074487,6263.509617528015,968.4957444083431,64.12510228723076
9066.876018834935,4612.253568825868,1221.5935285787511,62.10764296047748
3460.1564528734507,6565.493997970818,172.24921530283106,219.12219723977634
8775.61265752979,3641.7840987451013,91.2963816688202,22.16791020485752
9948.329564638701,5102.365815097593,1040.7613017890576,127.42542144895846
1282.5543959161582,3714.92173807092,656.3386799573681,284.5973157422007
5338.505440913209,1971.3949768348743,66.69087204095534,151.3262233996445
1385.4481113135234,2502.514012534239,242.79874908962458,163.5762742420373
7385.613917514172,1889.9477646610783,603.6669148548511,180.26302944287912
1633.1526283870235,2762.4008615058474,1158.4024539384243,111.41268541085326
4919.134620663526,2209.4180108573046,1464.8687310921357,24.799669785337954
9808.52445020109,6530.665258140698,756.790324718054,187.28340848950182
2012.1211120644514,7678.837059171241,43.704007993313716,346.4336086437021
9064.516821511683,9961.53485476661,718.7985155066871,176.25337149977815
8337.45435601634,2117.9505676242266,339.594042425503,173.1674199467513
7368.036197191802,8855.161349598337,875.1097650230457,55.60107230406485
1716.046373770584,9944.100859381644,812.2189191714833,319.80527122107156
6981.139408082649,4947.5953799988865,1230.6537536878152,146.50747195309128
2693.058887895475,5954.153429675225,99.26224355363517,159.06471554520346
4541.620920728654,7133.327719576841,907.8227882314477,281.82194375180813
3327.720445993414,5657.433711027517,1131.4313161993603,45.59282444106136
5288.3385073932795,9391.83795649858,747.9801336073915,309.53279937008676
6876.032100297201,1626.0599494904973,1313.2187300508144,30.619768960552214
8556.465548571956,9168.137315247921,541.7265472595441,143.40829053295192
7141.47228832248,8567.466550430632,113.00200073954531,119.44595866891454
1342.9607965040993,6709.936269377531,1200.5916365766084,315.7628036495644
8130.114841103092,8199.706198679178,294.04988088362774,121.2766298542512
2257.7589453983237,9305.659114754075,235.16805906419788,336.5161503974064
6675.269248045008,6386.520135997426,1012.4494138691724,125.59227913896115
4267.795396416169,5987.224337223509,506.6752247823995,4.758391872550872
3926.2216895768906,5909.227185109765,213.80260454913338,245.79428354315039
4779.38517158642,6237.343747579942,550.2296617698977,110.45469667816506
8627.237046767357,2834.266020924709,265.39738938770523,201.69380083016867
6534.76379313761,5952.145626608317,243.67194388176105,237.58659805537116
8927.747194256961,9907.348930521273,1204.4358897682248,226.60256846045988
4057.5433441585487,1318.7220323161296,462.17444178020617,23.522367090471665
8387.174063216362,7889.753809881644,847.9378690705187,180.00343662876227
5896.2451814175165,2004.5625629138626,1499.0150509745142,289.6583137619157
1934.283791781867,5361.940926656329,12.970057410554118,158.57464176925114
3544.3939608447376,3166.454700645353,82.3174591018171,8.91431154971864
5704.366964745438,5719.839104604383,304.13440575379957,300.0089072977791
7229.826549929132,9005.333986961617,1485.267706560825,18.035421810435682
9741.68869932449,1360.2548736227423,558.3832926398516,307.3685703423974
3770.7571657563285,8413.05551813569,1343.7887548749811,48.2803999687892
4738.795582594581,5994.828386930454,1439.0364280926424,136.64977302921875
6874.952837733766,1275.6165372496507,638.5698131329996,355.27505240637333
1361.5812404511855,2078.707283240085,62.88837671864571,219.95004334825842
4805.672570597946,3100.6599995815263,854.1460929384577,168.43361035675383
7887.15794654896,4583.482298279697,102.02221352685044,236.27217503726203
3917.2856219147625,5963.511062892268,375.8047601819498,85.2622120548626
4326.910284512841,9900.86552038453,1264.372288127825,15.670173793489814
7496.721686015548,5888.197405015769,691.4863860686429,69.66286541461814
7558.757755024305,9427.393969842691,436.99188156271094,123.20850168816266
8090.43029161063,2996.988281644736,1485.9980106895753,320.8839222548479
6804.079766595333,6142.090471674845,868.3691915417929,159.38524565110424
3513.4897029370723,8522.89380677355,529.3922286470381,205.43034014893513
6371.962134508977,7325.764717805614,178.25590397936256,127.92358831232534
8705.294794174115,7085.897930688027,91.08401400994329,250.46750534606392
1958.348683469132,3897.3926817034594,63.38613146776215,241.92292932946734
9581.96435071815,7928.39447855073,484.9339031214738,209.63830477089815
3475.54748107495,3692.476159051169,1467.563242893907,285.22279766635364
9936.442450143251,2688.9293289847187,609.0533695077347,257.67314420287465
7692.231421985651,2120.825548483362,1358.3438856110206,102.65031963622464
6831.226520286452,5254.800358205231,203.96905992653168,247.9158017753707
8297.167480724609,1117.6971646838438,152.3277267691962,323.1044250936025
9498.27097578999,6105.2172330056,277.5165560153277,162.84926449662976
7464.7975946067945,6198.916431466628,817.5740458608196,200.62243689286655
3652.772021121602,7135.946816742537,1148.657003978453,231.24218048506307
2010.4111380896125,5556.924656325119,420.2905952453192,265.60210332407496
7377.321058599399,9314.166015827823,1160.5517053578026,182.40007803875227
2893.9317082082425,1922.5946057090116,356.7741268546397,144.93923442990325
8846.279831723608,8444.812696437762,585.8346437248906,91.39256603813372
3829.274928089763,5366.2419279814885,1075.2966387815106,299.9151114170546
1271.1102690143655,2425.6235576956396,153.8971404438155,273.2160558595949
6590.223795746425,5349.5446384679435,1358.111323731176,184.64850373940612
2210.0785367516073,6727.626360040387,1107.1045696318436,111.38845540592268
2226.4009831727626,6278.879761766074,345.48129477209295,107.25062399688083
2341.994114172487,9954.346792955981,966.5071661209018,225.5770605840012
8954.113713890352,8546.827699251327,189.76121236963905,92.71356701328152
4671.071654528652,8822.607110235149,189.23568252357663,138.12541199026532
6636.308685149385,7155.666029577899,468.2412470012109,125.8400091651783
9596.66244819927,3633.005657330435,12.03952345971386,295.88317740147716
7018.973877258605,3608.647112661762,518.3231457781432,121.58450799807957
2566.944368906384,3663.4141713011045,1269.7619163940788,26.11916790333117
3242.0531083958895,6786.714896130123,684.7929854305106,151.8295526224445
6152.415839332042,9080.347921517565,1447.070126502969,184.82457942035484
7527.260767127156,2462.5150794085503,1488.5559586510676,240.64485678933812
3326.353581372342,4893.011931479452,1458.7379975762337,102.81685344090724
7641.881129792468,2434.909794443561,774.4661062785409,175.2725407520332
9345.387619918882,6462.411674921079,784.1806891219225,239.22092926434453
9547.736607400557,6645.035905877698,1143.5353086654122,327.42586469226785
5754.540291045055,7243.105820850941,538.1372842935757,69.88700754067148
9481.874568690379,8768.265858661722,607.2899987673435,111.01594422629469
8440.5198802159,5031.943895153577,1458.3559177383747,27.732663344237345
2541.2328462501027,4186.627592898946,263.89792409441077,61.06969193655154
2879.462108020809,5336.601846723538,98.59578424325255,30.20546381997101
2628.8196038091673,2950.865193317434,1020.9794352669087,322.95373665339696
7035.501157471889,3387.950034161276,215.06916744946716,233.3284681590827
7152.954553279483,8414.822900993264,187.84195379574217,155.82126742606144
6863.826352119972,6109.19705028197,445.49890848494783,202.5643065374972
7827.120058796359,5185.156146979016,952.3200548773025,327.089411309813
4249.142264384323,6496.942206347508,85.63147056028933,300.0238802101864
6087.003037413527,7808.653770560862,1488.9182313531048,1.3332459101080907
6606.030637851081,2462.926848944314,803.3708832833588,145.2736960988791
2342.35934124866,1435.680394681554,1432.380113049085,236.73584904035775
5914.9728054515635,5342.228207256691,673.7389066379951,185.90176684215936
1987.885719477588,6029.914145486439,1207.6963311345455,304.40522840318937
2782.412587828566,2894.1018777895206,59.53993981924167,176.87707305698933
6545.548291185664,3903.3383823987465,1287.0809957013291,249.44021476055408
6986.207293429467,3029.7752506272473,935.5205424343569,185.81221332278636
4584.171112008207,3052.0817320248416,1008.2226809193073,117.60243083765275
2990.084170909302,8760.254992990329,625.8221164162348,288.69742977160206
7123.471901092677,9566.732207723004,197.9294505398044,157.0707158548298
5797.96480894082,9543.912253182016,597.4833586047364,49.20748917975886
4872.282322217903,5704.307767300905,396.67022588123876,239.0862394762658
3571.4595472229585,9952.92722838397,781.4738077099133,267.1707603586212
9112.739231003336,3805.8047365949296,1349.2093274003532,197.68169808694384
2915.6930357101073,6467.000060633877,1320.3402890367822,351.18979938072505
6353.372287814086,4669.96090586966,150.73976693163988,122.43899320773453
9011.940752412367,2635.9693836671477,68.16920903398803,295.13978532706454
1539.7054603794165,1714.7684411462046,718.254462337773,229.0048121786444
3661.234076896938,8894.030033697185,849.4103694285167,32.58878264303005
8940.910917397403,9447.600387403127,1081.6410656105465,193.402888077264
6682.585360778079,9638.253924281174,1172.4466442446262,282.61033945916165
6082.910102431606,7643.944689931925,612.1983490804466,307.8328627113613
2474.393692660333,7209.874708716017,1043.2611115386376,172.294263336411
5257.839904331892,6048.86290002862,1469.414692944883,74.79127499834331
9158.562521192895,7140.630114489007,713.0846163119809,20.670207601770418
5149.956628153548,6439.125969857378,497.89321368245237,178.72768136960022
2482.653233089763,2259.4927099129773,696.5955445327365,334.2039099372951
7232.104872276177,7698.8439975178935,1024.9809907376357,175.83087451065856
8163.689232038245,9924.269865739798,617.6828357058314,93.81094769988353
2897.014617961133,8770.903617708958,104.75086308326824,51.21465601577885
7648.733453683916,5488.3213160471005,273.3494443198241,110.90356009307989
3348.347295207156,8180.469773104274,1253.47697771748,4.079299761302656
7839.1953128791565,7077.002629637608,12.704766050403363,296.5261102758186
7615.535967930903,1942.8749901023361,1244.821867996431,60.154047940701126
6128.94953234159,1653.1600271959855,1156.5703021968886,97.41174408059409
9109.680434019701,9467.935610379314,1068.8683394512384,230.2876688439561
1468.6593854590915,1444.565900538516,606.7983629408023,256.45435614639507
9510.78595602612,7590.629377458392,1313.1808010759737,220.01455718803015
8489.400873651926,9033.247911538585,1102.4251590096833,60.372871973146005
7815.88034529296,4960.026236695125,1141.8300489046608,245.28857862115126
7267.8080339910475,4101.636768528677,571.0917467177386,88.60780728007921
7017.580637073446,8913.222572103241,387.17208701383805,317.57558409605497
3405.5285620802288,7113.4740325623725,463.5489213821224,24.698220285401522
5261.7200632682125,2538.7125409694754,715.77594444863,214.55885666870753
7473.801209879602,1800.463509706659,610.4696071485404,81.51206497000753
8070.827940737209,2042.3199046138247,81.03076055354578,184.92907112807637
1257.1875841607732,6805.786471451681,38.60905023763653,262.1446128010584
8595.590668680668,1879.9042946750315,357.94530061572755,324.8526818953906
9504.564452449511,5184.527697864842,11.616755549683598,175.40081575441565
2022.1915843234674,7294.704677267804,785.5609420220326,283.3446849116065
6057.91495471731,8536.081455924208,719.3537682180422,279.9199002379381
1775.5669915362814,9278.631007073262,336.679805486874,317.97415834641413
4625.652091096948,4293.884964811038,1073.1092632241136,48.11699237940157
6098.740304674171,7302.898579629456,1225.6789735758161,189.4947036890275
6167.461262897091,4386.786003872574,536.7046791477551,178.37473647829677
9274.028797765473,8672.3565419947,1138.3811815714962,214.11585822526857
6972.085680633434,5362.2812751487545,562.6631666620638,238.67620293971046
6447.13584876765,2882.1218950558296,665.9740990196001,23.365017607364166
6323.791552074182,2021.7239276573596,7.872503871099506,36.384448039468175
3633.706874804511,1565.880620043569,495.1776846034909,180.22081651076547
4253.100713587853,4876.725835305711,227.18147159285547,340.70655933620526
8988.774288937411,3073.4080795075347,272.13626005678407,158.65794888088
4273.60468044444,9262.132966422789,665.9201794640817,146.08070784594562
8521.63035232566,1473.7068909208965,374.2682290635077,245.48699803996638
2247.582940803477,2814.218777822184,724.9562191825883,193.945810077426
9698.358207020046,9775.356417868516,993.8800653966907,98.58245743575606
6913.57519757217,8164.8434944203555,698.089710323002,341.6253698023103
2004.484434113709,7854.852456496663,569.5282129887344,277.78386743519894
6478.006875322591,1303.5540806127701,720.3161556893617,221.55005933114822
1794.4667533075435,4152.970894647715,1356.5279961468389,220.1596660353437
7521.428280573573,6934.4814438744415,1281.4994526825024,288.957762505446
8896.346607471383,6598.23749829038,110.82300032281881,332.2985721894219
7484.045527819408,1723.6601316414567,1287.723570738555,101.79031206936901
9308.120788454944,7179.344238017409,1032.2477415666897,292.91041677355076
5866.9859453698355,1914.6789393632944,1250.1257892969052,336.3036042552114
9958.4478569301,4248.499405609589,1025.511555893621,96.38696060138017
1749.4315057332042,5897.951808015015,441.3782034320887,59.54704386362204
5890.320775386494,1135.1569850749984,1004.5160408310761,88.74398741880734
5211.528455880686,8234.116570887058,110.5354959232192,50.2559087282327
9440.498293436152,7128.312112496934,842.0655657801689,196.76382907459052
5499.586957116857,9686.299086571582,1241.2715465340802,117.14668518270474
9842.186807935295,4046.3771366969454,613.6976724959928,82.5923055579216
2719.9969704528858,1815.1432116999854,744.9025480215531,17.746593025969126
8576.876953796878,4550.697669234585,1305.741587441631,257.5836968766617
2957.4049505222556,2889.296077384267,311.9355577416963,95.8611058424361
4235.484231488054,9027.006556100663,521.477853267706,268.6898644913938
7693.123503005049,3202.607941269402,589.8801571174835,345.825855102988
8138.610782848915,3031.26415957368,359.7262675525452,341.84000802401033
3935.543904104869,4328.013859735884,908.2911243690771,216.60284410765854
9979.744915960086,1395.06490068547,124.55654024088793,30.291029709143203
5844.956698463038,7473.031812969017,856.6176304093037,148.10964015353804
6283.582763484459,8830.913080719638,358.59988427137074,82.64148053562327
4833.72526710877,6470.968532052576,1165.847889954545,295.57876251604273
5138.644727695115,6829.524098189769,765.0455506856238,242.1007251381719
7079.2988161590865,3783.7838539311733,122.14952689726451,39.15946910177821
7687.310999543995,2942.421415732411,1202.6041049268508,89.02856271229429
6714.128637539917,1855.0161173964307,555.4511593787959,158.0346874682047
2687.7016538890034,7197.391267586039,1235.1583095871022,135.01128117383388
7346.647402430947,5762.293732767092,1371.6672397030984,271.6864004839026
3144.598352803172,1879.3904537271806,508.86708531289605,171.50010565533103
6949.8344236879875,3283.0176048281874,588.5584793033,158.4377769499352
1548.4891587705233,6288.6529973997385,902.7023907314674,66.7938370739358
3371.8313106185897,4564.639236186967,949.8478919268798,160.6715083478588
6511.240399769358,8783.614683633477,962.5230500556444,313.3006033413068
5040.641516745179,8142.783184767766,1151.8468955699354,303.13730718588465
9142.084337971792,7323.118170495477,1213.0231176916695,250.8329252842946
1727.87372201842,9746.878416990634,1147.412720597068,316.57940477206375
3252.2280753122336,6124.888659119076,68.83048406107088,145.56230640089677
3711.052100690088,7912.0567629546385,1328.4408699909527,259.9251294664595
2091.911402895826,2910.8448562734247,344.32400370988205,309.6445512621461
6929.158012665427,1249.8929486815528,1347.4574034942486,285.1163098752955
4819.763405770369,4394.762683726045,68.6429540367683,49.99909824419611
8876.12904147993,5938.456051440018,101.7439988683145,93.43020313213769
6533.589424858162,8655.303220870828,1177.4736405154315,143.0706786137574
1527.308376703134,8625.711803813432,560.7448015915304,304.21472780201475
4340.217963243642,4050.4313314028,1198.3806231971087,319.5578855207474
2692.9796560287737,3240.8007764322842,1280.5170361055202,171.29353062456374
2266.8324264825883,6847.045385132357,1472.4595632206222,226.78019388067668
2562.3450410038095,2826.7971534098424,80.97335821888116,353.98557407554847
6488.981111925301,9921.194397587406,812.2182162371164,124.89061692526079
1903.7187793380476,2644.600697011526,322.8883354258298,350.5789806193051
9990.338639818412,7490.698030683634,1489.282352481,341.2757853346789
9616.344440461042,7452.203950401457,946.1622027627623,127.54479390385029
2735.4324995830075,5419.263814528453,1494.9171348771972,96.33389062549688
2496.15065325037,4462.231463983837,1247.6483853937602,277.4742571065529
8325.25519384613,1955.955156649491,1171.146301833591,74.84870124721029
6463.902009057753,9609.789941644942,591.7690617228451,117.68120548238298
4604.148928116867,4471.712765732909,1233.0395133459203,28.56392703095027
9026.052810854413,4803.457382116409,176.05518681685035,45.92105568924876
7588.658198051842,8428.65714605194,57.482583473938,43.30787247380535
2976.7317686509323,4012.948098718209,1062.0593007099365,332.2372702666964
5208.47319431675,9603.13731807347,973.3226967517604,214.85626436217356
2097.9759265035664,4709.8785350866665,239.53192862056127,258.2442745044417
5786.578052284284,6788.946400977634,736.5283438568873,356.0437809572419
5252.5260577091185,6967.070396819409,522.2394879059644,304.97669143908774
8772.114401415192,2243.2226529607224,409.0156276830244,222.5081240803365
6249.604437438571,5271.984859444464,905.9945322601195,276.7933746904898
7622.62949086215,7588.572422273436,908.491231508042,128.8151935850118
4351.681014396036,1573.788019260393,1134.2308725307691,70.53735824327498
2720.1403962269846,9074.382269875823,1070.3765076083748,245.80596794981676
7291.745040558062,4136.2800393767775,57.61883525717914,320.1133191620906
3520.5955569155967,3885.1691753113973,375.6395842340902,9.688334118155845
8206.846759074133,2845.8353688470124,61.2673773207361,96.6178312197691
4139.983536543512,9294.555969226238,643.4256834403764,173.3090606955366
1509.4742854830893,4308.581234985085,910.6470676267043,209.28393785672606
1944.4475321613525,3536.7105554835866,36.070325553295824,261.0712699459725
6255.03822772686,3929.0508673092663,1017.9319470919478,166.86893048318714
9251.74410285513,2112.1811869732555,1117.9916925103494,59.788248528087074
9064.919873854185,2342.0693007247546,642.9353045554158,29.97119996279602
1113.8577522698176,4602.374690387369,1250.737186947205,165.87032911154802
4352.504223177833,2056.72936509224,435.88383521959366,250.66507545834918
6842.402384345644,4569.19043560336,35.158957153867775,228.98254804952043
4099.522168274479,7483.199030296745,359.7674626232918,86.45123477689793
9521.985324664203,9031.074580887036,134.91585149501213,192.41558380846763
5893.574201557163,4042.3089430245905,9.172905536656558,267.5266806280494
9000.181014640617,2239.53634944541,364.95612631039984,214.89781021509728
7129.6123108986985,8974.202513388482,188.9589191862888,78.09138703897503
2998.6804582372806,8274.766344857959,760.9741601156954,344.5944628009309
3101.974958275945,3519.0320752946013,151.50416140386386,192.09247826664696
7796.518055116458,2757.155542489772,253.16736284360928,37.96522360159727
7925.642548158579,4203.139022134548,392.00203574880845,112.47735825599611
9600.300467862746,1241.6828601732307,1273.5491601733595,223.7503862377376
9928.243663939202,8237.953982440986,681.3477414386608,295.94842862262993
8962.176957705458,7458.129131680971,705.8509486324133,161.39393539083972
8542.770191556407,1196.2746706383464,658.1761777170964,339.05389181225337
5926.391188313167,8865.106930212365,1496.6642030355324,95.58225404104954
7713.116496727779,6625.30346792501,1438.2440579041747,277.43978835048114
9266.910159798397,1933.2536916278655,347.1780992027653,42.03501982110779
5780.161148002503,4238.2637793956765,1485.5851924197902,43.56875625459076
9116.7336220654,4949.151152789882,816.7562021501014,221.8268617027763
6927.597364523754,9093.093013456692,363.7608416728674,132.44665736758535
3901.2544736596683,9312.682581217321,445.633113066082,90.01772391650468
3262.441624854298,8078.184581191855,1382.2518507266668,337.6759129833391
4023.015335634205,7360.50708611313,491.91820238714035,150.17324756132126
4063.7943221860282,2682.1387994651395,1169.7726969608955,34.539823356303444
6404.899890024862,7817.371195796729,205.7059162436214,250.53471347158285
3775.9073622604965,6104.736078534982,1154.562175924049,288.76256406920675
8927.987166492687,1148.0263389773586,1206.052614002836,238.72304660404814
6633.22747315393,4829.230565947602,603.9339429849733,126.34581652949291
2262.2971881274275,8389.398720801648,157.6797364496951,292.515274558277
2728.1153281529214,2964.7465255346683,1343.8932926711593,283.7078189751957
4676.797968053661,2576.488483433359,746.9121948147397,153.96834865166167
6603.5960042535,7127.415446817582,1387.6008862395292,345.43708029771307
8792.903835289788,2805.9613258370964,1126.828399891505,312.85768342628677
5168.85881465511,6711.442648172869,387.3776109339778,189.05743210125254
3240.155212428191,9870.442826523451,119.75054280367165,357.1990469475349
4654.618003463391,3633.2336550162067,1348.3033978911315,343.3880965530262
8689.263908649795,1327.0439588068575,591.6755294997776,283.52380638273036
8211.383969400842,6127.183852091019,860.7662282590662,127.33361190632027
4918.6568985741615,2884.8868052475746,137.84661093516124,344.70921561204466
2236.3426564265637,2885.0049908797064,569.0840325261607,257.0433966456594
2517.4112688755695,1405.9014645197035,847.3739636437605,244.46801940147745
8737.32234343519,7245.899572714019,621.5147896880217,112.05112871763282
3536.1584934758657,9564.115375364556,57.47560511919355,107.36781789824958
9565.615082353794,1251.133206334653,1127.060582771226,170.270561752296
5281.725821779147,2556.7037752983506,540.5977056715319,290.34009510282993
7856.858392177899,3835.438091474906,240.17414907675092,330.3192231992314
6600.679248655889,3587.4280643983884,812.3708215655482,145.10539873836464
8104.449134449154,5027.086966153075,1360.9112109062112,156.49789016414957
6831.854096742433,6429.846841307402,1218.0552598475294,165.8717564635368
6488.9051452245585,6125.339007034084,36.609607648501594,316.37064313900095
2013.4420103403709,6745.581141274535,704.9740749535553,60.89015471823784
7397.985574416139,9997.248881584672,209.24225382663857,254.38972801086777
5216.587834344165,3663.12678787727,881.8792629408005,13.955722199285225
8016.605894395301,5967.172605615131,190.93690231114624,111.57680428410225
6462.257169175614,5162.318186714212,923.8901969324863,101.4128001782974
5698.666772647655,2510.211632167806,109.3793874065842,341.75027948840716
1459.8921715209149,8514.048218949585,594.735442419439,325.6112439242132
8394.472005801876,8547.93002096111,273.973952851355,21.356604925794926
6814.17642736297,9842.018061384682,35.834493323682786,296.505437244271
5528.1455325716015,7295.947166309375,595.9906697406777,4.207503907759987
5143.947388388568,3761.6004597358447,879.3736057493498,282.4036942991319
4340.929528348366,2585.053518211078,1270.031923568785,37.21595907899286
8984.466084098229,5887.269736878788,595.7870392409495,202.2727434830764
8439.570614434142,1773.0587823186838,1328.223962194434,224.93385048521515
1785.4994603833234,3970.3549877473647,1368.8090716665436,71.2602477800744
8261.722498728648,8882.42275704616,826.1786045874517,143.37401244511713
6629.65707354408,2945.522341630831,200.63939639292016,318.5910974716169
9685.212982210993,5957.409053310152,692.6428666554315,325.8417605846333
7033.683907657554,9896.793980576736,941.780757284368,46.11440623251338
2728.545005002742,7551.894497687357,1461.0831035986432,86.83251459312862
1267.9285018736923,5982.512974495756,794.7874661734237,177.43262571908684
2347.9227662604026,6201.437998117696,1247.3310584548456,108.65997412035215
7007.006574052479,6804.972048033277,936.3709997347668,113.99692345119958
2686.9453251329587,9802.045043771755,1.6319051454980735,79.4909696073411
1415.4011296407548,1194.796310886186,1324.295012249329,211.60280200566214
9996.76376492235,7884.797619453258,750.0368780988301,192.21282020691058
9284.806254950832,5822.430296895697,1053.8708188990072,193.78147485756904
1843.0099805008376,7278.7503655595765,1461.3780446227013,173.43456678507286
8901.817570552086,6326.598451690339,405.32620332288946,113.98517746249227
1289.7666868280637,3527.423175810246,711.332889167652,35.42588563724888
6927.353723202218,7565.722437892991,18.235233047683607,128.22548196542684
4987.6146993224465,9998.662608430977,306.0959683846169,208.34488090102877
7115.707705720878,6802.759292333259,1217.212758721014,69.52777020303698
7715.624291253939,1978.2096833894097,609.9169513406028,329.27051669615145
4333.381684266673,8276.328691023828,1395.5919289202159,294.04346272268026
6657.733425822404,4365.805684288691,487.6440328866959,49.993788707455344
3980.9925375583953,9211.017083871033,534.8752347619248,86.91394205865399
2237.6710822180685,6117.52245595741,614.3956523632622,358.3867827747079
6017.5151479854885,1122.5551977464706,1372.2169350121774,139.49040621595648
7193.727653770496,3762.7175819745835,1089.6152900912796,127.01293513073779
7653.034321987415,9201.434574736315,89.9203866766703,340.72974407072195
4153.996019955886,3408.777117469122,1389.4290743704832,250.56422016019349
2554.954674613312,4257.345908511503,79.58037328613712,26.176610504463884
7097.433154744488,2235.99290174463,1395.362996142446,111.21050930450893
6675.315040029871,5702.164462931026,1294.2499006420048,211.45737812527904
3055.657072729844,6269.123913353584,1092.1500602867382,144.60797081725033
8350.738584154049,2098.0848687168836,616.3454513564145,193.2934036806519
4231.9737133159,6833.133990823826,755.1909997810337,48.28858966821072
5451.142709104764,6811.032547641328,216.51810458393035,14.864905305845799
4929.2070572365465,5964.039581744826,527.0907038710192,91.35625047302115
7250.148582348004,9771.449058329486,1068.8606792323974,70.65824759501633
6046.016955314063,3660.959519947015,242.37158408522893,240.44552116106556
5291.024883731845,1368.5916783018222,1194.2388871374417,170.24264352901795
7563.211941849076,5232.051411904923,1206.2661294289362,256.1324401363557
4213.186061517266,2431.4783857148996,462.7139298655348,78.10095394999894
6880.3961300552855,5042.341024024827,667.576920158376,356.990941863807
3136.39788723511,9491.735306469976,765.3989236808503,57.96442637475821
5564.113930298025,4817.831276395787,68.17652666475364,141.640739012446
4859.688785221966,3984.5541245048043,772.5323697014929,184.86901901933234
7517.745302056545,7962.192430750926,372.86273975720906,151.35978807887892
6591.1889782355765,4624.864182057356,466.44300486283635,95.85857133861927
5897.101527439295,9903.354370181532,1474.6787869424197,187.0926134435343
1140.872895434485,8916.314542421698,1364.217378392,116.26873446481189
9848.576304159124,8741.260901203945,491.46443514534604,281.4246611199811
4512.997039670812,5311.761783608523,517.7071148243989,257.9949953466268
6565.95538388831,8689.564500165705,866.7161395948772,275.2118500333418
4492.608622191156,5875.127878363701,546.876971670172,315.8357883551775
4477.983322241267,1824.5947508567237,951.5235664696979,8.749123186000407
6608.592575228655,5234.189930145057,711.1929370993595,96.70788983870004
6465.34078355207,3206.1741976315884,466.9989953631434,82.34906086836054
2319.7251429168186,2435.649215755325,252.3691846850239,247.20816105531
1546.260304302457,9603.11482239902,464.7486269767182,141.3425309352394
7049.661736769898,7426.860913183885,1348.6861866684637,214.71453772385226
2575.788472265871,4079.935770804208,219.67344122510508,74.71862101131688
7260.130351262292,4477.35960485164,884.9394542519351,171.88013038899447
5422.984839641483,6895.117670541139,81.67191545153958,220.62453108306855
6696.949029612914,6870.522647384713,178.14654186057902,244.70377770214486
4978.213765750579,2924.571143815653,1461.5148168147891,97.15278543543066
6840.85633384657,4098.213693959831,377.8012762581233,54.32185979520145
8962.792705944103,4836.910542046691,1367.9053304942202,295.03201575161864
1890.5652001398767,8117.853458244477,743.2406290471507,36.67965945362143
6089.715873381903,3640.1324345014496,493.2489182314325,103.51113164772359
9485.731752674068,9879.362885406692,805.6540651272858,46.39526505355897
6932.109170159777,8975.235101176386,179.04660687476272,120.12322961011476
9873.83881029717,6859.764931940712,809.4565462218441,113.82086924864163
1659.5987098809594,4200.695837198107,1020.1522539599956,325.49115388574245
4262.370743125881,7262.972481854749,876.9251444152933,170.68552663227814
5640.007333612393,5815.958658449568,70.39096148384242,304.79456104336464
6407.530732642804,6873.107761712221,1274.1816947285588,138.66214955867113
8486.414506268546,4932.11388042476,903.3112023575729,208.70875206988194
8818.350496316249,3365.565899934626,1463.7782729910787,132.26025866835647
4052.3227771469665,3589.285934588553,484.95238037229575,318.0567488489087
9058.562021452448,3296.912612600262,955.0820048556702,253.5815950301856
9574.493167380462,4689.996594923761,1171.4064417996588,88.58936805878209
1341.5693441065127,7324.674844499334,984.03508335908,169.81470671895406
3677.74252280671,4961.32620137995,756.3095067493316,134.56245520510376
7114.327470705001,8405.253162345507,1426.2662746328751,88.5024718992613
8937.81868127573,2415.6355161916135,241.1906383256016,277.4723299239058
6408.914968677041,9394.55555591591,1429.009891067092,257.3581886212531
9315.041495639267,9959.689618290437,594.0166790299621,349.5779401534244
5510.168585525249,8585.699086396598,293.3925396031754,51.810854936450845
3809.302999026918,4683.83621463614,298.87258924709596,206.01287634608045
4591.1686594265975,1475.2752653820173,1428.2586180636258,208.23339500029593
2061.139686121158,6651.451534400567,1298.6610125241598,15.509891273157168
3086.8959880662733,1416.6432313220148,445.6140290392985,129.3922886237956
6981.601759224064,8135.5903127290385,1197.6945597983652,309.6980520920475
9721.350884226013,7046.513808627118,587.949926338683,260.0304569738048
5914.802067869292,7168.524551032205,1124.6875986485875,154.70329584423834
3112.5961279650887,5249.7968782420285,1344.0008844122929,123.2064670866929
9257.702558048364,7290.953636989576,616.1734977314404,223.05462093819023
3292.850513800398,8018.293197819433,1030.067863960537,217.56895270951267
5361.459409237796,4722.106658009071,135.88686414183616,175.97856801682642
6515.244909303561,3144.998271601456,524.3076238641785,66.28570015635492
6557.104837559612,2720.752600603756,1455.8284270124761,24.701369496496138
3256.419331538924,6847.306787290994,1400.3442473990383,52.290548191492654
8182.611411515975,8948.233173630033,573.5144094707996,15.649559416890858
3567.4479250272775,4961.791691607727,1372.1854867303227,352.7732880629022
9049.600214834967,3391.9970316059525,517.7822569461512,30.29891317602313
1373.801346196467,8465.821187712729,863.6555622930338,247.1151514242549
2106.230120681575,5945.325264566502,371.4864114103743,220.07131038559208
5211.167331617126,5309.755801857166,426.78817789924756,344.73055087851964
1669.8384303187486,5980.485290867356,416.00552481914565,249.46809970990506
7303.348845217874,5424.242993829265,973.5104969454602,138.76981015989273
3744.7941568578776,4938.528698850087,232.66313568069822,109.82896697825957
1665.946300438831,4883.637114456804,1271.72887883052,188.85469607125862
8121.904855694472,7495.764788751419,883.4345477694428,302.8332124533056
5914.90044001114,4054.234763193467,139.79799663319451,243.61703267921703
2273.334529962667,4787.488424333675,132.7381155584729,216.85679937642814
8279.642119391996,9742.61001822336,969.907079697395,185.82115656561817
3312.8049305424497,5019.546916440334,881.2602063751724,178.60376105180387
3788.4560575362525,8995.89662940814,358.1965525731462,191.94508544175932
6975.089358155897,3870.101200719548,219.48935816030175,270.8086441285068
4269.84169001593,9587.929653957575,992.5362291007159,84.22201292393324
3115.039639321001,5367.04137370827,1387.8232613934294,68.42171095142483
8789.915852412323,7773.652720840204,223.0763143916599,311.7717499650377
4254.306513839421,2754.561324850195,371.7850653504432,246.37591403742474
4774.39385536786,5107.9076715996,1195.7304479504614,297.4412894179022
7442.024639518612,8284.713001285101,122.97040250494094,20.846643021579098
8085.998318769939,5375.221498752222,719.2230929400146,297.5636784378921
8712.271813021782,7177.92381266116,27.06485000583989,100.33697442055472
1237.4913426053602,2670.5744638553297,1058.3321591426068,202.03549324955546
3634.4885437762027,5251.537543095184,327.27236587101163,273.5202767532678
1513.57900473483,5570.10018625351,826.1720751540253,254.60268735936734
6415.481412896431,9475.556495904655,1170.926694522745,196.85075349808045
4240.120896640177,8572.149898947671,820.5414984059811,67.1372440960897
4007.8230318946958,1565.2806342278,866.7574914805442,249.8575348081543
1912.7759916148484,2086.411931494843,142.2069827278863,146.90581449912898
2735.465032884414,8136.935185597982,81.51780002756328,241.07804664917117
6411.076180844225,7200.60766411206,413.50838407788484,316.1625868351834
5006.13865432519,3045.7033698961136,1123.1925019449723,344.0268156810996
1425.4889163797507,3464.901228967548,1191.2643416272922,100.31459267120951
1453.1977559171019,6414.390146590465,1118.0058707448338,354.69346173402926
5341.629331874853,4355.896736686716,716.3489872906691,312.56191109476043
7354.061787074133,2759.898555077265,379.8303581760914,2.946086954832007
8897.452753010552,8394.89105423665,206.15702145403162,248.42130698961688
2152.5722538570944,3485.873504240747,937.2390365584628,159.4903818453747
7551.660164460478,2851.3621759702764,263.5725858898297,23.255289586001748
3966.5332168337986,9934.205493086549,180.53429334881764,248.20561350229102
4233.069528086053,1103.9807599914698,1240.1248041632832,318.09355321305696
3240.922458656493,4998.52841911187,566.7144603010676,255.40584341953107
5779.768760314053,8572.336118816773,1328.6803734280052,9.846946929728025
6328.575125873121,4124.040054882237,216.85917624363864,104.91241503098112
7827.752869308691,1195.5300112067753,279.41769833854306,128.79365988971864
5147.423160839418,2762.6093792601387,667.0792306797781,309.73615389931655
8074.1786349032955,2529.483102012232,1474.3610566328607,18.120029381059226
2626.9145361845676,8870.552747827744,780.5337338874346,180.8893202402446
9144.467781514337,8413.383451263828,114.85853549641595,329.13555444226375
3830.864241951917,2530.9505151286,213.397710633697,32.21821938851024
1536.0126719344225,3388.8697967523085,177.5245029466531,263.83565006803093
7550.18430758107,9286.457723978143,1421.9246148874472,92.69623808301763
5294.625082200594,8790.187315366817,408.64700915515266,176.00030100466444
7345.231845861046,9968.031115065012,773.8456487723025,352.19178762702575
5118.061658551662,8036.635460378154,1405.129409240659,90.24362459269122
9026.850927192121,7275.857979161981,1111.7246232549894,320.56895886173874
5572.659296611317,2913.635533800903,393.8170554639044,264.94250507156323
7667.007687019575,8094.696381354315,977.0424632499376,155.48025205570386
8286.571176480902,8868.52921392036,155.75238653165997,224.007572888668
3118.2792749517894,5695.202844411296,1418.5360435924185,24.042997758922695
9005.800976995168,1666.795556236425,1010.2475336223637,163.57021317076556
6794.180637773075,3214.136882186107,1477.5004533042322,212.5151885077483
4070.365370611228,4486.11890777223,1247.899628060422,187.3251110249444
7326.716242443343,6503.217563280809,1447.7324067604825,264.1652887313852
8861.819288996818,4428.207956776858,952.9806745374647,181.23402851998023
7715.872042209636,7336.596291737657,1261.5717807586275,136.2092961610946
6121.555382504851,1739.3050327925653,1086.2464439493458,77.39129996333732
5716.622656950996,6737.047744227481,1199.3242545948299,42.79807819312949
5945.024813540083,3186.525647613239,468.16828842624244,70.26085902387341
4984.388445038383,3843.770914117041,780.9363221897918,247.71463214204763
8660.526419022266,5627.130819380983,220.0883785652821,146.5605743088859
3474.12289551231,2092.951443337566,908.0689243313589,67.74120292408301
4667.424545474396,4466.8171466540225,1114.804702967039,107.81931109165339
9515.53427601151,2703.231095316458,78.7581292618787,42.96431679015046
7455.138607369581,3406.205140956326,977.7873128334686,131.00953741940066
6964.9216641983,2129.520809257374,1185.3012070210762,27.055835692307276
1214.1059980585503,2222.7151509235546,897.7047613054333,91.92674263115248
2875.565919866105,4887.215875718144,311.31268190781435,339.5111475286215
7377.734554636207,6053.765486204534,619.9154551054379,32.38008435133751
1110.3738796038085,5482.909132598989,86.35690308179095,89.43412811355546
8940.130601515084,9087.93878121836,1475.037790953212,33.813173429903685
4298.688145356846,8277.038871893707,1482.6700272324517,290.12913994239574
1135.7480847351458,7646.613265399379,2.0147897358996953,158.71952532776078
4274.053160411278,1773.4064118354395,151.242498788936,297.81374246867074
3860.4946719200184,8041.736487516253,1460.328538135383,311.65901935816953
9847.368175567262,2733.8567135059757,1249.6329603378329,107.55879571849898
5584.876554777984,2122.5943596129932,833.3271077314332,226.27056847583088
9249.327943722132,7686.880911335022,507.00111370741405,137.01911807435047
3417.7140784999856,7005.82019817535,1413.5777204035528,330.0172150175108
1822.6492880894034,3994.831878960853,1343.3072860374612,273.4981910281889
7573.706305700693,1225.7005057197923,308.9955353918616,208.08448213117384
3902.337642436936,4135.023318229731,1435.4422622085226,150.02376884164525
3215.312732327192,9800.910615876597,949.1730549763674,196.19418437285043
3086.037317824589,7710.49700116347,1327.602593325459,258.72830195620134
2249.3660401417983,4085.4845747271725,757.3180045725824,178.4293013744581
3383.994599049317,9013.047086257351,143.08927274895214,151.8273708591961
5039.3230406884595,1301.4140034430616,17.744836228672153,114.67519070733299
3858.520085888202,9007.97910659535,28.250742401776417,222.3465655190284
7483.623820620391,9765.466576384322,200.1426254660094,52.022788866902985
4307.261314215688,1306.7885000573328,421.98859696514484,90.67145524784964
3057.89131983941,6701.775927454286,449.26104010814595,266.8461111075486
9238.411382509596,5792.960090278247,267.09335865312806,175.3884440267277
7007.577441506603,2311.2250803733073,339.0499857186332,318.91228276282
9978.419226472535,7312.672732054387,1093.8685443571608,3.7461514758514216
2562.730889416385,3662.2642468689087,51.75412802908187,115.95179393452337
8437.620642234018,3070.7637033189876,708.9996330502971,49.374959953647554
8222.06315460112,9431.173891543098,1084.10660491566,229.0241609873522
8473.575597974976,5211.780516734845,477.4594812125841,152.01181889518787
4436.397505835881,4995.414314950691,1174.863411076414,77.5652038261752
5767.698004188628,9045.583985075216,617.7424205249489,60.57740376164788
5978.8668382644855,4343.015827972624,1107.921814617464,194.64791022239322
2448.8357077745122,7016.361598375763,1066.5019453835241,128.63790467531373
9372.18161423266,3403.7593641480426,329.61146583276087,181.83407790168488
4279.710006357194,6240.440023225811,1301.8041986747562,47.14610291812646
2809.0939039457867,9146.876927313853,1381.450080430732,200.5324816335853
2918.829093477789,2668.818138810794,252.54868403131275,172.39457164967922
3876.149055290346,7303.7003797751995,664.6564852497106,90.49216651653701
3582.5087513304416,8791.182899224488,835.3206187950179,358.83406247909284
8724.357183965196,9951.638837151952,1207.9766816621998,321.49264082632544
2858.122051284562,2713.004826600956,1377.3582944054613,55.63576742677729
2598.665741541183,6536.953592576888,1361.607427888973,103.48281260187535
6005.513232754118,5760.172739613407,565.1735121525501,268.3474757210199
1167.974425213119,2836.4629307529444,1244.138584929491,139.4840245716912
7904.4407297074495,3873.964459593596,498.0011529308794,44.48837777101335
9599.235471908396,1859.0747025081005,898.1297143378929,200.27981365699313
6173.19333283499,2211.850711570517,763.1069262580002,239.2514671099852
8319.478390220589,9915.433833036728,1469.295492739581,41.029461662576466
3675.0655681684498,5545.0322201310155,844.0350339458947,46.76597341723994
5248.8191245240605,2517.673549859682,995.4559148826897,151.07036209110777
8380.326885934523,2056.660408472972,417.8751350750464,145.99547173999986
8354.270225639,4523.683840242631,75.06394224043648,100.96470628154087
4270.780246570741,8080.4401290893675,1066.1103655356792,222.2601902583611
4810.91607705611,7876.978268121874,837.5097468726627,165.39747232318126
1836.48070117731,2429.9361594515603,1145.083698639046,169.43535930171353
1957.1138440260602,6834.740024490345,510.231894515773,42.41164247204073
7856.446225728637,5480.705623866298,1024.9369661669066,315.30565609017503
3371.200080007425,7012.639592272988,485.8478624834369,216.47102126826445
7285.5911903091655,8531.979987180819,502.30899446924377,47.25691143256617
5130.967755626556,3812.322393469971,726.9002083033333,358.23102764344065
9404.367147089239,6740.9103793624745,1278.6831871233294,98.0539686349012
8734.160394266553,5110.018848685513,752.3866371589037,235.04160098080536
4129.75125613975,2566.0529672559123,608.1486570828456,74.62611067159601
7430.17999140327,8976.021303058387,1402.5616289683467,126.16016498411709
6335.706448900044,7556.646753784421,1104.443293486067,282.83916896579075
2611.286991609135,3359.380064503766,1230.7240707239519,278.2015475064394
2119.928189923681,8272.862547776793,1133.4878870623647,81.91373964608827
5303.706791147293,6340.462147907182,1491.4634525045701,255.2349543341922
7143.854999877541,3652.9288548175386,558.6534538646789,159.6653031359918
3161.786530901825,7312.62618681015,868.2019630517988,143.37674052078145
6863.150512022869,7828.509795005725,202.92361695328617,87.36548947401512
8588.30209326213,2613.8110808472697,1054.7626129957684,20.172549853564806
8532.21052885379,7252.329324612365,960.8992017725218,135.97582693739895
8105.14529720122,3418.415512563706,1384.6771907791856,341.4809133446773
3096.7538313690206,1748.1190217506419,87.88339427582413,144.14837466259104
5959.881543993213,4239.6668199463,54.528704893182365,77.59616808321111
5607.8048960425285,5031.885090537704,1032.5379232962002,286.21042038859304
4085.0199118682876,1871.5283191851836,1398.8298683655894,210.60709252038913
5202.1704988460415,5343.213839313377,302.0028110251079,100.3623799268782
7464.086472976983,8311.563506471288,1077.193700997806,227.46051547747933
3531.395686608891,5043.214815603529,1304.8144672283904,12.972593694060283
8663.163142165291,5058.920836188518,23.393386067077003,40.954519188861234
9551.431796791061,7308.880843112788,690.1746958151721,261.3755774582501
2491.520845378314,8031.002309970182,1429.8656187736856,222.2738087920634
3332.3544465518225,4556.62106933823,1163.195420206845,114.44615217097078
9465.124797161237,2409.786666945534,1344.1447594398442,14.473701792172378
9946.475796021357,2342.4619732830497,23.900069252551926,69.44574737822892
5338.987770202219,2773.6058878397976,354.9936090596414,105.22135201320421
6668.890735524626,4632.269208513228,1238.4966036230064,40.098565220007615
9179.120565389618,9360.989804213455,954.6133324179302,105.20776918865913
8828.55892872966,8177.453740945168,1138.110223454258,176.63502418177745
2873.4131723463365,1986.0484225877149,204.6009987559322,258.7056012405507
1570.713098555533,1354.229226163653,317.41537672183375,220.9922523934703
5306.027931394258,9080.745060862228,1022.9622197259325,78.2242643371702
7007.867501502371,5647.732257706417,585.9107577720237,7.236835328555016
3452.7707867136683,7821.202213432816,485.44091628989,45.91004068743356
7436.797075074093,8868.482558328411,1245.997318587014,289.21997088245024
6116.964098439744,8119.924959952927,114.01008114087755,145.05792668248466
3501.7746135086018,6354.158803410773,847.590838701507,29.347887222531558
2605.865476669819,1386.1556043065377,1194.808588524686,37.65952358744399
8898.549712452519,8698.95516487358,737.1713380608604,79.07662500853588
1777.513361164656,5769.827210853074,1037.4718796384068,224.6495676752787
1463.5462339171872,3024.582764239908,1221.3147998422082,214.1206938246757
7060.956546324142,2781.035159902166,270.52432279339075,311.89341797455546
9099.860490064277,8872.039804531652,925.7941509606018,119.25843203256387
1753.0649059112088,1653.3854086751376,1400.4312703828805,289.00932405871333
1704.7392252568497,6315.711300700769,209.380684759523,196.31964520136697
3590.859565919506,8955.026325790925,889.1778470172198,351.23386595093143
9733.400100716217,5859.118633396201,1444.6821958645514,286.2063938532373
9371.845418840943,8629.948649321583,1310.9627088013167,253.9256857126715
3161.6447714190776,2085.550636165277,352.6876700375165,208.66835661078693
9868.213591707266,1880.9405579957956,1143.934956743315,319.583081096634
6788.45531033229,3922.0339339044835,1089.3879985359388,238.78135823635623
8921.368076455337,3084.7611519424186,141.9370697928698,244.37455249414108
5045.771017522418,6971.875821232411,177.1381711167037,252.21053954886253
8542.833801519871,9566.7146547817,1206.2381699132995,276.1471279514171
4461.738328691903,9966.160678078842,482.73364066668074,27.073058919543474
2873.1447837567302,7168.651505319291,1389.852877832819,130.5157127182385
4707.538989541884,1706.5011681964495,784.3553110680419,287.0256915029429
9460.012614120571,4444.33351276133,812.599839053444,160.6010086914989
1220.9214999329183,1765.2712868915396,1003.5349955164082,268.2922375493182
8825.742323102153,7901.238660306138,377.25379676460193,42.777784935663206
6575.329415572098,2218.4457147003613,1410.9988300842228,101.33287951327166
3950.642999236064,8114.830136213426,249.08081649620436,322.79943460261956
3739.2056103133573,3689.716878763446,1474.0206337446975,174.39937101584317
4282.640948012751,8409.933374878288,932.9069439990272,79.64227585710076
8836.707366262039,9703.409834707732,1348.1447804902189,35.369276298117356
5697.286889804422,4631.777762624949,564.0003463579824,137.9548399814145
5858.959159398907,1938.6986130892628,285.9925418543755,50.751677706691574
1715.7285438892986,6335.053924900435,131.13628915103223,52.53608813702752
4781.356729860139,3405.594221608971,990.8255078650564,155.35616030638738
9504.213087080416,2399.938539532151,1195.608663901634,263.9840654101402
8728.417433397752,9365.7412652858,666.6772796457694,60.54664115753112
1568.2778748490273,3444.6888200280146,1005.8971171803817,223.90955010846216
4872.475261633222,8525.108406288393,804.7158831271124,9.139749230115346
8144.306562280017,5515.808864434477,887.9780815607596,334.6793952192811
7176.961127752827,7142.637668014504,525.0194684943262,35.43705606454867
9849.464910631033,8008.655696919306,82.27039694100915,339.48035545067535
4217.694587385617,4582.355071803509,300.3221708108492,283.1301779714139
1446.4515152379493,2999.2151712842406,620.2757882692968,227.29814367919894
3839.892129824438,4457.970142844898,313.75482835838494,283.66718203895743
1154.9359924370578,6363.690723056147,808.2148023266752,180.96276355964835
7447.132516485851,9942.50499151887,352.0020809805454,96.18289283098433
3103.81661870899,6058.594805016397,844.8043784583972,263.37556738874895
3356.4653786812546,4448.571621014486,1434.8176599737951,19.84339799914185
7989.297127182703,5361.7211090978635,1470.5586131126836,221.00394345297366
2175.7184320362658,3882.761975592492,1099.022845846547,103.9952017355666
7219.31278911195,6344.534636384522,280.6037365758583,157.41266335423177
2808.951878234421,3055.702371869097,1367.9995889547527,195.2688847985747
5946.308156993539,4347.218107183101,454.64364812593743,156.8578805586944
7766.757426413371,1554.9421108667304,836.4462242356697,227.4373001274219
8630.58552048426,5084.4243395195845,988.6824340353872,164.5938422730473
5703.817613188565,6896.968223104204,804.3320055245722,205.21828457944602
7084.567408200161,2255.077626093015,187.86220980372102,166.71024791417915
4741.462312271977,7158.2203780485015,557.1148426201673,120.66458154465401
7902.172892949654,3454.8154189029356,977.6443809562953,265.3162067048899
2350.656085489365,2715.331383641713,1417.2100196746267,130.31241651070636
3014.3363557256375,5327.520551904373,165.77808916892968,319.6165778651481
9520.86867409959,5878.914029001508,312.68138149639617,157.25242483034066
5106.169011528138,2205.8930293138965,1158.2361051659568,310.4303554420233
2908.927198369948,6651.689635269497,1399.9687164969478,89.30376235387864
9354.784630818636,3539.9933992920683,568.7523365838746,263.17036493783644
4054.068809852142,1762.1054328506166,1174.4583920146679,225.12315578943915
8310.865560566428,5739.862251992157,1274.8817984388886,337.0786506434271
8907.775827574267,8803.749790000642,961.3242756651438,94.65019281842292
2435.867278488561,4464.436407781494,1070.3321334400962,345.2065568481557
3607.8992844859295,5479.747050237355,1232.4350758672267,118.89666335422086
4092.6135218213985,6292.111051518522,833.6978515859468,68.36778439484426
2483.218151059652,2181.591607457237,659.0066738058099,196.45996982126636
3618.2341911042286,7825.738779893376,891.933990492216,180.26780893443683
6471.515941381494,8082.630581444194,1392.4510492198845,98.77487174538793
8770.38550008462,1433.5390642073874,997.525488055334,1.950907303818545
4010.071096679289,8402.628898630566,66.29641401575573,66.60049056881553
7160.985137943676,7370.982762919664,1476.0307406348481,136.4070079356067
6458.939531708497,5967.5290214422885,734.0372326453565,71.56710152040031
4171.833697929182,4663.69044476644,727.6804499650871,343.07528206752266
5266.041044574223,4096.258714820148,1200.301396278417,209.4493358689064
9331.777831243633,1338.7143192943415,673.4862754103425,155.1822396103165
3966.372920194894,2441.035569949221,347.5683925377087,239.57444469453205
2045.0513931725313,6198.918560330981,1156.4953674192086,273.46388402118436
7472.025917112008,4952.9857768855545,511.11627716147893,240.6163592198798
7779.360133236234,5888.281161683674,252.9207827472316,251.73510201790276
8732.599721798757,6674.420943067292,1312.8629696526589,356.20842423165624
1527.5633977698953,1129.4702449391061,973.0970909287661,353.5861593009541
9274.766522040893,6895.9905377752175,283.34621237972533,336.29840300620043
8580.653045621413,9752.957513154137,1204.7585414619061,297.17245393603514
5055.079962888991,9613.739376541062,368.8380876054829,84.10809493274381
8042.039326400664,2913.9153884439174,926.0228810850359,31.318917270537483
9822.666433625704,4390.0822987967085,1152.8362212947254,249.66747783482765
2400.1895210128177,6243.751004940488,749.9496863704345,251.1249003069053
5652.905302422582,5667.562171825154,797.3253628261791,115.77379541819464
7596.888875284593,7699.565676029991,1426.7321315168579,221.47780809174932
8861.474779356535,4385.986555251768,1092.1404833162433,161.8144526358751
2873.2637640754615,5089.542037695497,28.583624685745786,78.78038223775857
9963.14433659355,4092.537417040042,8.0882142012904,280.47023489228906
8728.311631195404,7573.633998613414,147.3607940144297,195.68616126321115
2193.678074944497,1598.87682231812,683.2412335298962,59.14312262036757
6795.454556288577,9251.306256743577,202.98216445873973,161.95070507953736
4754.304370410282,8761.712139915642,448.9362091448789,209.40168939308484
7433.6187533816965,1567.0075253148393,1032.829967029934,256.1609863707463
2554.3151106260784,8778.645151180877,294.0531078701229,175.4948098160625
6839.620886509229,5880.186064632704,859.1012405289778,359.4659095205923
4609.656552675991,2989.2554932702838,340.1084330547928,171.98694004932247
1605.5286413269398,6018.834324418455,33.35258933500164,348.6362025680502
3537.4783492907513,7200.715241451538,1207.360125368703,267.9286834044109
2524.512984273071,2388.04196979006,1073.0475890827934,249.3887786339554
6542.3546934508295,2660.7274099448505,28.88529573669787,233.82370717084476
2026.8071330355795,8908.396822045685,543.2524189646573,290.71382689124334
3179.0186971927096,9512.576884141126,1187.0235501557136,297.89419524398676
2382.960106086827,3438.802317613776,234.81625278214526,240.34519401938243
7811.056692176892,8603.644634142009,235.0393175831725,213.19083784990735
5634.061732118189,8577.312726945129,1346.1028795177094,187.8833085239891
9412.45137652607,6920.899367784793,40.27291750646469,179.45611005614458
6645.8745059856365,7835.2992870571325,207.7524162763208,57.63991519444415
7996.680985062707,4366.355299189529,624.6327827336693,222.30531478110154
4415.599119148386,5179.6387233107325,1220.734637759373,45.99996773396163
5272.463580980649,3769.375236666553,133.10722596692594,6.583427905705679
4235.265419938434,7040.238947811896,692.6193252889067,11.15277530889514
7002.017002821077,5353.543466272348,780.4909498749431,3.202522520841578
9406.209673738656,3234.9096461421686,481.4934156052169,128.29284905642675
3430.6810879878567,9200.401850876602,510.5643449054844,250.87096514735723
5260.397473584158,1581.2047423869117,1329.424208689818,62.06825111559432
3942.9678062455114,4314.684366225269,1209.9958977844651,9.756052305031629
2671.183513809151,8868.956851975458,178.93697906428326,61.13690687991043
1813.9105809931011,4451.43565865341,684.2327463807391,343.3171275951789
1571.4890274022123,4727.415070097899,1429.6733445068535,252.52014973878397
9549.564892054786,3298.387304844119,787.6743508283583,318.4305766025091
7717.513449319034,9778.759255309424,1252.4275929620733,157.26888525909217
7140.056317677689,1419.8413868953762,189.2931516305384,41.65487473863954
9010.145645839915,3544.9845996800186,616.8989679322441,208.38309534851024
7788.781961158062,2674.06951924268,977.4778718985451,229.82326393919652
6202.287493032572,9255.73936702014,1007.4827822758512,188.27273039950794
8055.644098197784,7900.024114008799,54.71340132210502,257.20801018033654
8007.749828071744,8376.600208434376,589.6248719815235,163.49699118857438
3220.8351812047486,1330.3706146834043,544.7119143019058,342.2738924514206
3381.4720318227646,4317.410948525237,194.13538300134297,156.08765556100818
6042.314295710676,6705.55302948788,1141.1546697656815,99.12562516955177
7410.4498106344445,8685.355867021484,516.0887106924312,353.61563236317846
8883.255680109274,4174.211563907575,871.553322866235,83.54576810065704
2251.860506156547,2322.3550099627587,1157.0557787261068,275.50914469363283
7521.810274922665,2080.755461599257,1302.9238389937389,273.06724721905005
6177.08139590846,6798.306536665507,135.8193262242408,23.623734172575077
8444.631320352963,5127.212487861869,863.05386930776,152.19472748621644
7453.271452230433,8821.627410804354,1325.598430765224,54.04606778463474
5485.271486120841,6700.968615496757,850.7915588737118,233.52056972125183
3655.555256548333,4612.047332103017,655.8907367475756,338.8617041609915
9879.16184217608,9420.257027042111,621.971120993798,349.92504378640433
9291.428100030998,2180.760051348917,121.43911797375435,120.14818774021967
6199.954829626231,5772.068543600994,1285.255243082779,93.13892355301041
8400.689716463658,6017.426194346317,986.4374951590102,209.25747987041012
6285.414745146287,8270.694842572322,1142.9335805916523,17.114089677005698
1122.402026584113,5367.431674903999,662.7294811011585,59.30938850704224
4598.081248329001,2855.173782736082,750.2749818750644,342.1250197909246
7143.803333080622,1291.3678674701587,111.5817946340256,148.30558113730578
6112.968523519356,4213.032653639804,1464.7318153954075,322.70925085422255
6062.0601908593,6309.803535639113,360.2466996608524,30.616992381499948
5847.780818448375,8877.82931170865,553.316404016772,264.0106230925186
5081.310913026888,6188.725677719232,128.46454644875172,260.0785046484579
3585.2767733362384,3047.0996532257814,985.5666509555718,287.66018114180736
6975.344647077265,6918.82082185225,493.2767046713182,247.17851325964628
9139.232291047338,4040.5800326431336,112.8384083675349,303.8072384331243
4401.296332083689,1868.7352288368106,66.63581485634474,234.0577075640726
7917.297382071945,6614.622033695024,899.0372833754176,101.97581340789054
6817.49791640903,4047.400119369093,1256.1939385298688,173.0249477237906
3035.6562509413448,3188.5892859506744,730.1324426324556,225.83031467905013
3401.380045628307,6760.1666582362905,385.6349577794991,252.79891046026475
9217.242550937472,5351.164257679238,842.0552004038825,117.34577364673882
4513.818585403389,1126.107430583525,382.97739102088815,340.3479339337052
8236.987159607592,8092.113581531422,404.19269344013645,206.49829596717018
1750.4451886534293,7643.964478336157,444.39058167397525,331.3440475975945
7473.605086413138,6646.210996816668,1462.5666859030498,152.56005873334993
4014.4074433504793,4700.284891096088,423.1278665873652,291.0779556170866
3511.426641934437,5026.837333798575,1498.6619164288488,1.3411262032424247
8280.25947009957,1376.2730793638607,1470.4464891615062,84.42077598024258
9245.239448723132,6126.7650214538135,521.4289780114387,231.47357930777244
1602.130186740972,8730.629743335732,407.1361352064187,307.73025479862116
7505.733417336067,2282.3288629708213,907.891049464414,307.9336443307331
4911.765243607651,2371.856328959926,1107.6268684828817,65.37490128265173
2379.0353969845473,9220.188329707216,886.5792759280217,193.747770350786
3657.463347089022,2332.7377088227217,735.0087280920574,162.45066130080653
9896.872963058637,6236.835285013209,702.9911583866291,54.78446690889086
9446.284974800565,3065.1049427096486,1024.6606629194343,269.22355840855
3980.1461244627726,9562.325251942848,1137.1504899970564,45.53614279689305
2907.770810882763,2451.5011559562217,925.9192461012541,270.24035926363786
2375.89887300185,4586.103927782798,459.5616930723778,74.50911582186276
7057.948542033378,4956.062426871376,302.6661036212955,133.64169056239268
9619.500076956005,1455.2224643530408,486.68342933768116,239.64058786182474
9023.45204288348,2653.3154008588945,1194.8317934455092,59.31503888809754
9799.783350666738,5626.170314628584,923.0056698927909,11.297686243018696
6827.348600732439,1265.762644553283,1371.781658158058,103.65118170327271
3119.524049762916,8188.71377219916,1125.6608033934754,306.0585954245252
8997.318394492275,3694.1417121889067,820.1340493966827,131.2655437995556
4192.183914928329,2933.0681926368475,434.33611219137117,162.87206864206982
2440.4136156296595,9536.629967689598,821.8107318278924,346.58406007856394
9133.329767032672,4721.3883618309665,833.199134578755,347.9076077799083
2893.6308745353676,2159.580397639631,1402.306942049868,154.18004329623227
3599.3820798061633,6532.362030425972,239.68704685429617,156.5508562565747
4230.843221232668,2334.845779539313,122.98216991965933,231.1724211999735
2397.8014442353124,4380.418509174395,765.9650998225145,23.562791216733967
6125.786122905772,6665.776762181188,7.195078954212533,234.75831853136077
1124.9061579511538,9739.211646641857,940.3306620078963,9.94113962355794
6352.2574630841455,6014.121536484425,1309.5461328572035,24.041793415368886
5367.640806312177,3764.809457407593,1099.3242343284903,335.02476551288817
9081.369708582639,6572.944326614403,105.08790800142238,44.25796512708182
2571.3813142754448,1830.1674051697512,1073.5916564722822,158.1629310266257
6387.447755286356,9202.856233725925,1485.0513902281075,354.2322284034293
5945.856713168387,2967.130345825086,1450.8151877513874,232.8142493100911
1790.839673515545,2654.5733167589765,558.5959498725805,178.05707777950033
1460.7314394192786,7175.038585732795,1312.149183194095,283.79428407118786
6827.669396999657,1314.2495178914255,2.0435321483428197,112.16457507364385
2578.093859857462,6496.38869043578,919.3168124540585,344.9594821562357
2974.9988185886923,1901.86580993624,332.4624998408341,59.376899776475604
8815.069646089049,3257.6330351096017,1426.0640447072549,204.3383046843103
8384.543116499608,2682.8244196876144,1009.3812744700755,217.58900570145653
4624.921303422013,3206.9426061534596,1093.4285207693192,207.67549069242756
6019.023339409808,7704.600374358927,1053.9500888506584,167.7862816752948
5441.548733109749,8641.96970398101,439.256393921141,339.8583144504986
1946.1207023562592,8625.762449861872,836.1385434256373,27.16526829479438
1651.9412569085027,6175.757238572974,986.7876976206225,141.5396694771482
3391.741055241516,3079.200327714937,1344.129222083708,340.79856969676484
2458.1337182171173,8832.648886067154,1318.4652474903448,155.76741540962863
2939.0587184995243,5905.408464048332,1250.4262220371156,284.24206143771676
5635.3447278675385,4626.464759257142,458.0391425562732,310.86157839643334
7942.978853659014,3035.2792732309053,996.3562619195674,267.5257025598426
7916.3037897881895,5695.640464509916,1226.551161280679,337.91899079436155
3495.0064805975476,7388.1294196194185,233.08636722644323,19.204684072356045
3483.490967962119,2269.977246519156,367.11411409594484,136.03565156484217
3221.050359051214,5783.770870742583,7.320605156004122,172.98059415591305
8632.545206468254,1329.3829459148837,1296.6857425864603,162.3024664003442
5277.485964566385,7312.248259565118,1363.0624727179281,328.30198471204494
8582.07718624383,5391.416040845236,1239.9345725829248,56.02524408714664
6256.308143958695,5767.789075957584,1481.2014618738658,339.1457735393501
2215.043422045219,1621.5097097393977,1444.73850580632,292.109822224866
7099.28192504077,2211.0854761281093,543.7761520085372,72.78033300772664
8454.054185030609,4621.7322018049945,234.97868763401618,126.14085869210504
7050.784979832194,5565.214328679605,637.3041852069749,64.36042329982959
6483.1243910013845,6936.376347215119,1344.0989092321106,269.9957203404023
4127.265371112695,1241.0923123766945,667.0485158035217,11.976591551101167
1941.0648472081712,8262.894921394736,896.3644611635436,10.97250405583234
3287.6761497281213,5971.178269009533,1401.2344680692113,5.343970553749127
5105.7709372034105,9532.280489754834,641.2623226463326,23.435293875811123
1183.0130166402116,9199.12639100709,147.84162218257183,98.79247808508879
6854.053309252837,4403.816211150725,364.9678259118725,332.79894343268546
2370.7404357924256,9978.111902127126,880.7879988796973,317.2590530041538
1460.0448765554952,5120.159682605138,548.2577133922246,143.05356360983055
9273.694854757467,2357.5593973249365,1276.131816179667,222.9711254375647
1541.8515087379876,6903.28774604646,1331.344068744004,229.7376802016469
9031.132550299797,3318.450560092535,918.9471167296642,283.8472270792195
6472.279992213926,9677.409274319447,918.2987823376087,337.4226123319159
3109.4587928051938,9117.513314829339,986.7698116696125,84.03564953059403
9818.927172763597,8233.423218850641,498.3025077014413,201.88422690480016
7177.268454998151,1364.8235838595301,1410.3998591334382,209.59254270469998
5453.205209571595,5688.057881801035,1083.7961377588563,156.74888443605744
2037.1820989719276,5194.743361207228,20.604931162279435,113.25945892569396
7186.956504673117,6830.112115678516,639.0068078840072,169.7199175537526
7271.379124421332,8187.447819231607,1407.7458147953314,293.23920475621696
1680.0110216615544,3171.9899551801836,1370.207744688055,359.88853134836387
2954.0055754214404,6784.276768697946,904.1146356177927,112.8598344490414
3064.4101930121287,5881.6483508302435,374.2500926601728,209.30033018556423
3249.9056767616626,8060.552138763964,787.2385949932318,68.29359519652343
1731.3371175327795,1162.0102364702184,1355.3731380116694,47.48946439815944
6753.575802483363,5908.898091889826,1167.3991237113983,199.06035951644196
5175.594240857935,7845.328558881636,683.7493889743187,144.60459422575138
2337.3022528766523,9332.79708270766,451.58966165120387,15.722010758146189
5232.783928393261,3395.6769517230755,103.01486962929854,93.4509993450597
6009.691297484904,5893.230399188071,119.4319932109953,355.3751774967737
7340.810610579934,9575.390847449207,907.6748414679814,312.15473464012416
4721.710211007137,6990.968112289833,1249.9096826673351,14.61515276700134
4394.2476949580305,8628.032134844034,280.06827326368193,205.95257050719422
6432.272678525423,2477.8520867454636,1018.8444472967986,145.54107253332813
2709.509145829451,6722.1368540289095,77.93542774733655,244.17976064399437
7066.609187260162,4053.2641941714346,89.54873823901508,130.17054456463867
4981.328900126788,1361.4355686417957,468.730137859142,194.1065938518163
7653.608727149105,3852.2745747604067,830.7783639662983,286.13832104389905
9458.781523733149,3994.955198018253,1219.6371375417198,350.86926974970106
4560.336398868161,5170.561560846041,1318.0741683306699,55.93294898550011
1170.756823819952,2931.2179862208413,1291.2470759507914,198.16788250453322
1517.5114922335497,7438.948636947952,643.5090972495755,240.2744315130365
9745.5621936631,4712.529760731353,72.05520153885182,153.97784866957866
7958.684689895982,9720.40241639328,84.27796010090012,263.43241418031477
7703.842265835556,1563.2640525552195,672.515365410959,337.1523060343655
8188.391104033285,3172.1452405532027,624.936201357556,108.20351015576618
9454.836017832868,8026.384414361676,1172.7872527892603,142.93256259971665
9198.253458247753,9332.999355748825,1464.407813029936,211.22600228312163
1169.108809536272,8560.76925130542,1041.9317645798621,159.39776902598834
8249.473641503024,4254.250378280043,1062.2552489087382,145.53479426880995
5526.391893217643,1693.945243569005,1101.504864643479,104.84117255201659
3721.696051923046,4937.1648154523355,534.3947595676833,30.107913993701835
3642.6628236402844,8408.300560770018,1292.737996334587,337.42284367285663
6778.015022607761,7565.475998967535,86.52058110957884,261.029686631764
8581.445184022905,9441.2120321723,164.12259642715637,115.81055740020373
3543.9765206450793,7552.3952170294515,1226.8729385889826,210.48967176370238
7167.397764604011,5268.337414657012,348.50964283600166,217.49598575220634
8564.626821581649,7548.097938831468,1343.7533307398614,258.81840906755025
4727.69092777573,1748.165599381572,629.5990234712973,207.5494047202012
3133.9443977361348,4795.926041545688,590.3407149714353,334.5934113692126
4997.598708742262,9518.984534941708,823.9258560662373,169.30469797809747
6097.102360288626,4737.286256305404,680.5489647248352,25.916453839785593
8706.764305188999,2204.069072454663,793.4560672206258,288.69298197722765
1881.2172529451873,2801.9818814557334,1470.0931858053507,68.81712914852808
1847.5658175902524,6014.573958597898,622.8759288806389,44.50642482862453
8184.826179686519,2095.4389477187,818.4561598611986,191.4587089663561
7900.9339896089095,4358.969135168825,905.3569313860546,291.70764476226225
5743.991463936278,5583.469474470641,726.580890845064,115.30473296810614
2408.652240898999,7089.016913573209,351.1191258637231,267.5504155901205
5168.525655623167,3290.033924828451,825.7869054207125,149.16903883725487
4278.941595338892,5320.929996629557,1432.8361906500377,241.89791107906152
8187.411931150591,7221.259719244869,527.7754216009243,38.363453096141996
3092.606045952287,2472.545208890454,273.36256633123855,43.36330667073217
9579.98478315986,7345.504594812941,726.0502994728308,236.05746283870602
6096.477652161781,3977.7250500725795,878.7619099465966,46.23772190559247
3904.2923969581493,1841.1153954912015,1102.2122289656395,25.332944284009624
5020.261241836907,2254.120437388698,1368.44099096631,276.17527141909017
8537.296810170239,7722.431568237951,1311.0585888677929,195.77740130404283
7851.131951885653,7193.8665001793315,889.0399508954471,86.71075273484274
8642.313967855469,8303.091707818809,1275.912089587718,304.94557525711065
4009.7879303513487,7362.043662752529,425.58311931304826,127.16606083163579
3077.759125855392,2846.756380066723,512.0486169544677,70.86857207663101
1561.242426260099,7641.113030477361,570.1895827933563,60.947797104036766
8282.137842193093,9271.205654091977,119.16836513842335,206.78139275622246
2888.7880915696333,4136.581158649005,1087.9509248599602,64.68711217125484
3334.0727277226038,2910.3761603776165,1471.8317435601218,62.72481259960149
7571.629250348267,2451.685138801184,740.9276441651361,257.4068851242582
8224.972485911036,9085.398927833547,635.0061846111754,321.7047411460568
6862.957060171671,8178.347661088757,1065.8233465656047,123.32940285938986
6246.075283380635,5441.884818213148,713.7626376556543,139.31529392054512
1543.1343898072441,3431.287030239594,1172.5296605247834,312.42478019158403
4943.010283386126,6282.629349456203,168.63509055676207,158.6376568739883
4104.536387078004,3083.965733211491,827.2590691910458,269.1438919945872
3152.9622267096997,1478.115351177681,1167.9306157185347,346.4324864300481
9917.60113843763,6227.558585189257,1024.9665369594052,151.49879330367872
3590.0391709166634,8110.490269674491,494.84796576505164,248.4489599696827
5164.285218144767,4170.756994504971,903.9592244955309,176.457206057055
1846.348540770418,8026.149088615439,1173.8842409032675,236.25049194953266
5448.932765432409,5479.093746063038,1075.0305643223087,293.4646692748467
6836.870909854894,7613.6386571385965,1266.2639257426736,70.92106837424868
9693.762687373812,9662.189401574633,386.99600986823333,70.01372094558123
8756.480803754785,8113.2226614454585,552.1805581152257,352.09717530351236
5810.052369275416,6866.514863320242,1002.7438558905747,42.502615002600365
9458.92589495983,7679.246373696134,283.78155387598093,287.43740890342303
8097.660806585554,3842.674199923687,530.9692822879668,162.87612926582827
6443.383920561294,1696.6033896195158,1051.0330816349667,107.1852051647653
4607.316628048917,3335.3204500074835,858.4735088073008,243.5987536853423
6315.044260609024,6946.110635048625,1129.4074958478968,76.73782872203263
6282.0674493743145,9063.57029616143,177.9527209651177,54.1414273724392
3705.7599430632213,6424.832868465614,1461.0038504014458,189.46481830814352
8012.3114485931,5854.551074927435,679.6580869035831,257.31745225492796
2979.772033095513,7124.113770021784,1177.0553650671277,71.53485330080488
5658.155971101055,2293.741120222098,524.4769290186503,74.25711641754589
9698.105524089353,7251.491220282865,955.5606144608563,322.85836311771124
5598.717226601933,9321.408319636892,218.0019909171992,59.76645067869271
6462.945494387883,8660.032290411946,424.3635827573488,57.098846832099284
3228.1271672704393,5410.849415878843,769.891779460045,27.43489294803632
5025.529779878239,4742.83731722753,1088.3358784399272,77.29673810421052
2543.566487491685,1789.4794220832746,735.4559922203806,265.02584249453304
1318.0941060713692,7730.692133579247,831.9040583132555,288.77972690397854
6002.207045430105,7412.017494767687,556.0874995102844,12.661004655978878
6352.269784235001,9115.436835744753,392.3083243191228,121.1357066845386
6508.226339821369,2484.9235042997598,416.70804310539256,287.33209573707273
2078.508396786334,9078.146680406064,47.28104811991906,341.4622325810385
5261.525263968523,2754.0007646673803,1269.4735845698422,161.93374860399047
5727.922133639913,1148.285964394174,825.6312217491413,141.8452081283066
4791.5082756887905,7481.167460397383,226.3762961349327,99.10525730623097
3611.1416599974327,6686.787671351103,907.7112700810836,177.66709345036716
7811.41786394626,3856.8885773984666,1031.8412611314793,114.87793313927176
1205.2659625840733,8737.35442137743,1414.0874841713794,29.246455177001796
9188.009195307262,5200.287835504118,726.3235724479007,160.446367401599
8536.082922644538,9281.454549732107,575.2656212269144,275.0966395115977
3121.6087839432857,2995.642794872245,1192.4649484111035,44.43835761174529
9396.71052803789,1162.3586710325926,1378.1616948296385,141.24996894362883
6513.278990351093,1958.854061004949,543.6299585057245,209.93963267926938
4393.861470535005,7719.055014091244,882.9177501020939,105.14257922795034
4462.3808340534015,3465.86412171672,369.21565563014974,273.07470547401556
7149.703999169917,4561.720226129291,751.8501664994591,353.9231945739739
5696.600786826018,2126.7981841273895,904.1431263081523,88.53791324397758
8480.855960685753,4686.653814841041,1103.9110148578854,283.9491889929504
5234.891393643526,2949.415370155438,486.32633336299403,33.731077207357515
2201.9744139381996,8530.910262593698,1117.4037228883992,275.2737337796244
3497.868180689465,9674.850470436724,302.63080543506226,134.82293736013074
6325.032093669135,8446.000422719542,1060.9965460764993,33.52029259741145
8536.05823240172,4619.372148140507,532.0252661674072,254.84680442208858
1809.95343422208,7595.539288617351,854.4263281891526,240.48651783078228
6429.431907895378,3311.7066225821814,823.5407842299196,123.75633781526598
4732.353937360487,5999.225453225259,429.5590887714713,12.907805129582092
3902.2973631778195,2984.4416869667,589.7889811622348,80.38144524054805
4819.104303883009,5308.605904189732,76.31736729200264,285.81586530609604
1234.9413052698633,1304.8220654304564,1299.6586696471525,294.7126394812702
8517.85453908753,6207.369220113021,754.5107309373025,102.9992001042028
2349.0556213041336,2506.270432826288,1311.3810957800454,90.06460880095521
2698.4119681864886,7794.144556382459,304.9924871732773,346.7699824881805
1235.7466912822026,6443.025230234682,1397.8101258438592,187.411185051539
4468.186809592484,9676.231929450923,693.2547686864385,167.84606675707877
4522.211423238798,1642.4040519851765,1196.338827971716,222.80143069164137
6058.969808633523,7365.2925300679535,687.6000210824011,64.8379206479097
4887.096497021692,4615.606318940533,1215.8417198265931,303.5477425959272
8039.090969434036,2320.2892678872918,964.7254333060786,143.45007407056468
9963.101916766673,5408.420436016245,369.90187581626026,157.5877528617572
8097.317500766777,3214.7222898715945,1084.8102067657744,32.02651494869485
6133.7316434241075,7515.032118397391,286.13800862309444,228.22916901613178
8518.351595073607,4799.076004807802,739.355731554572,286.8845569485012
7720.7347531267615,9145.23475039224,724.7218367484952,259.7606167276569
2366.764042194145,3008.7871593487152,1332.336245162186,233.78059643966947
2118.030766352741,9099.915629982315,1144.9489939010116,302.81771244549424
1399.1371829944985,5402.272294025708,333.77803752296217,155.39200637128482
1856.7410187091416,2047.4384174596257,639.0648166529254,277.15204710532606
5679.216135356334,6816.840379725402,1319.4680415168116,159.64651823812457
4138.68450673808,4408.4397908719875,523.6776711573856,52.59527325437394
8328.918349710948,5003.596518351694,804.3727058960618,280.04292101723235
7867.261691408271,7850.538483942623,1433.4415690363862,249.60773699246613
1927.539354850614,1592.3988344061765,1228.6190200586075,244.89890066332737
4770.985851875424,4482.962075017989,1272.8652451554128,8.071501852514821
2389.8005276646595,7744.1301356308295,326.6742746172412,162.9457014744406
5366.001848440027,1542.5558897858737,1459.4572243379068,174.61261192776612
1628.6100822847657,6319.236687490132,721.3109955358258,294.26219599626984
1121.9760004578663,7932.358848772718,1208.9263832640158,128.1677227685439
2474.259282481965,6297.663016545871,1255.672101695015,291.3388310101638
5635.32966768661,4567.958568630394,1107.7605822905764,128.0012451200412
2749.7725193795395,1851.028215263208,782.572238025559,118.160240114233
6612.087902603537,5153.384758595579,596.3709596241598,278.7233251038786
1483.1584148753338,3071.6153234056783,593.0986773654865,116.33353784877275
9684.540219078977,5019.377665179703,755.0206682878587,180.40186078693543
9909.681798816802,4267.131407532237,713.8774633558003,185.29920132571613
9106.741635874798,2801.0552823225407,1206.12681755856,82.40428678271803
5855.552890119599,6544.525267411244,459.1452116250205,189.3900829048002
9897.821659289813,2739.259701800952,454.6815822794623,330.5707025400677
9864.33608717029,3156.7612511325833,990.0431179815431,137.0974565875518
1636.2667856031044,8819.95231639679,16.88545367349333,144.60694304155288
5705.338204966412,4111.401361972941,1151.5460723815186,257.153823768003
5742.13651194082,9093.287230661994,1228.142386520082,156.1323042022644
1180.9898166894045,4278.839954975568,1322.9197061514626,127.14336652602364
5861.995186959769,2578.2562480668003,149.48483443781686,256.2661154919771
8525.028737709996,1985.6323822530103,630.2843027277177,176.19641392687333
4369.2316886859535,3041.466857836448,1333.6598722150816,41.06633149411067
6454.4762511869885,5729.693269976945,1180.5713758607476,110.76239669885163
2545.248061506907,7370.413582823758,1085.809174886459,305.907335588748
5169.724033651273,5389.770828944665,287.9185151236585,256.87226015291685
3005.8988714991206,7069.938367036609,641.6877574297002,36.82483426451228
3055.3844311552457,2608.4487813311757,946.2746306820418,350.08986034240104
7441.363281135267,2011.238000792421,594.6053952988418,1.7509711127113632
9021.447268621734,5711.496296620333,439.1258087353879,20.845000138883176
2622.4794799106267,3642.1295117910718,611.7725739722958,308.6510387760914
7294.3801977768835,9801.43831928096,120.2240335374247,357.63764211800736
2469.1411204632923,1526.164636918121,1131.3438058406962,275.4533095769861
2536.9358384309417,5798.90323740405,331.52188649472754,151.5453709015128
3491.763970027,7454.826725419087,309.0967170066998,212.19951333616066
7257.6420069754495,6206.144185123989,1397.1371131297603,214.2000038093991
4097.905348953611,4025.085940123152,250.38668387413819,70.37895050189549
2057.9105412050576,7818.451287439702,478.79443091329097,116.26637270488112
5143.7034748667065,4632.797146705434,130.28229414001837,247.00190228610805
6511.711530113258,5489.45040542833,532.2683264466301,162.51155106338254
1921.039900810811,8657.571230854886,1436.6503850709018,332.6938687338058
7149.608491031821,4038.5673386208723,1370.3441972617964,350.27566519993684
3189.898089221058,1164.7329750343138,191.42457610896992,288.0420797552614
3613.5314090362926,7054.567262371667,272.16493553649946,271.322229991462
2053.4014431537444,4797.770712898109,270.87331397903216,354.4313383702834
4849.255026958985,7005.249925366382,1089.5638887348139,311.14448568575864
2445.4671342753213,9794.719742537714,114.9783304643842,183.2863971443905
9717.807749602283,1912.9442033536698,159.82011964948944,264.54830625485124
6558.358745154295,4282.603308026821,174.93085520014458,6.554590038366351
3188.2950386960424,6461.714484308152,1477.3173319037105,302.1230697379793
8457.452143984025,7487.463367266273,1227.7066768580598,240.59179833875623
9916.41694402479,7957.459008064905,404.5676264009186,183.79617260148828
5879.305730002645,3013.948747026485,687.2991929652026,155.32719200566714
5000.84974026007,3429.3996829169746,1160.60871679984,287.94388169483216
9698.138957610261,8193.651000065933,582.3870736458672,188.1536474027886
7742.918662323969,5267.531285991984,370.8982060501077,73.70548402619842
8418.030719558123,4203.593813893222,307.07042509708964,238.91928915913346
6659.36803580132,7750.778928546436,287.8495477915823,107.72808981603303
3609.9277050372557,5559.263911059572,1239.45001231672,325.1737394168155
9057.602399926498,6928.650922445495,1112.8076286449261,119.49931917867025
4130.247430029738,6445.172760385284,1496.2194914643162,218.02132299833806
4655.700492703273,5759.670436380989,65.98675287815806,212.50175685234478
6107.4246891945295,8509.7201730823,718.3065550748476,269.31326131712956
4644.350333775303,4206.248363366425,578.1781844226283,175.226931666575
8081.7198639279995,3114.60897696533,626.0749006584774,180.36754182619882
6110.608904345182,3961.0177047322463,1326.1533532909727,200.96769485738682
2544.896825348509,3037.043671144339,554.8183406450421,249.42961878616157
3523.833472674451,6567.998908059879,980.2667801111991,202.4549256692071
1100.6913061995508,5343.445862722473,1278.1981336423537,281.4805921778217
5333.999485650204,5077.141782650743,408.5455760438465,22.36781544823442
3023.5223497770517,2460.2348642162306,326.917916754085,9.3424787607766
5426.301597113986,2579.0610098588477,84.22510348894336,53.75472565762536
3648.570308808759,7041.804925446963,899.7992152377016,166.70338132489616
7371.384513936804,1501.8641280674701,120.65739596714913,82.96553413586405
5679.069380834787,5505.0502026915665,494.4873693514338,23.83906821756039
1704.8927424444348,4858.138509643299,377.78120206247524,298.9679524195974
5187.052538232069,7043.798364120462,256.7681368343639,93.28268450775661
9285.314492318263,9509.209178034993,133.28761319319585,345.5028682966528
9668.466178355862,1912.6696105222095,507.04382472404785,38.99823344835078
2050.649003961652,3358.849606651116,1475.553182777335,222.67456577366195
5714.600170805879,8401.517612198666,879.0992068204177,310.84228504250746
4959.226457838401,3657.8440821251593,1460.344063936488,14.088379910585175
1785.339714399619,5910.602158324197,781.0087990760912,25.988274852583874
8484.226141043438,6683.4401592375125,510.9554826071132,282.39573068541966
9319.031309195323,4599.007818740434,968.7466749467803,61.012955311678304
3740.283295277539,9995.078701160064,99.25614977183072,256.26972972180687
2063.5813602780845,3314.1662273468482,1150.4934387552844,208.2426927260581
3257.7599725368045,7156.282593211449,13.081949998479876,192.52881076292826
2108.216566759321,8702.010313816638,171.69675843872943,232.12685177814518
6596.756443963895,5717.551463493363,1384.9970508689062,64.00090687283816
8477.812523659883,3737.313262497096,264.92140217130833,202.6097043619012
4273.176384333337,7476.600822682044,758.8455080035039,354.24292406660817
3784.7052200938388,2294.592567229971,179.5507831191264,272.70487979984716
9727.209979117093,6284.9903910152825,1488.4171389670937,125.05543353148337
5812.27316529688,7625.042172419652,1051.1035002726082,12.641052744855932
4664.616232546467,8337.8588900545,839.7936916777152,153.7900870302435
4563.766330167227,9476.237222772292,94.73275626412904,250.015207268823
2609.577064409249,2864.9711608649395,1254.7680333863923,279.7063690063594
5734.789810098309,9411.245435520184,1375.2734124085864,5.757595390964817
6311.327651004511,4711.282289093062,1459.3988093756484,224.81418231541784
6172.619267915837,7441.8436414427315,660.784693828919,223.34001793195267
2557.545355873034,5318.335513660425,793.986169499604,355.85951395151267
2204.393667041434,8448.311576362685,945.0306280021397,275.16256986713904
1338.1890407479625,1715.507308695104,163.21487975685838,9.30632471100056
5917.088243195137,3771.0338642463075,489.17261547637696,211.6708958826013
2556.472788322172,1706.329444672368,962.1303426316094,67.07734378361226
4939.632402363788,4614.075155975943,1022.8219999733777,202.4779313688322
3520.727220295069,2851.6244886913087,1430.5570120965092,337.4490879567445
6916.785945043263,6600.831686544959,1152.6011643024294,256.60685456847875
7485.426001347298,8918.720231915171,951.0934337570015,200.5621427601312
7809.069808374825,6585.6583512033185,123.00406476591017,226.8747496255143
3759.895149814475,7550.4970197304165,724.8845217853269,306.97167168651066
1446.9210997723571,5163.091017741578,958.187924687672,353.2440609617508
4274.439909501671,4326.363540443681,448.43903325365244,75.56627943671279
2195.9591882360783,1211.582374854317,739.6055751378633,44.06234217767512
7098.809691667988,4882.81445173624,830.6549624480497,119.08192672477396
6030.157680742438,1148.9023321578566,1078.5756771982922,143.0242628174228
2007.3037004950197,9484.257788594883,406.8200475571184,89.05338617153326
5752.629851197593,3411.353252864925,207.8425411970344,147.80771964382902
7195.033194666759,4485.055944185489,1039.7725695342638,140.12956582136673
2241.3196265580277,7550.08054778771,577.6845193334366,316.8553538363825
5828.514395329269,3054.556193332886,1130.156441652277,307.7913332516059
3543.580022375577,4855.857487831307,228.51871418348702,209.66798322730716
6952.004045621435,5498.3801612395155,215.20308885038324,59.773848458934864
5027.878048820965,3436.3088536865102,401.28594056618704,352.3366918897015
4337.378497815742,4714.590841555838,1048.0230580259843,23.9223009144519
2354.5865450383358,8030.36488292654,448.54072907800537,30.972695755326896
5722.105766195303,6182.343825953366,657.9353435407605,356.3462245958448
5968.594742416829,2687.796292080105,255.4882485322938,292.88608448528026
6107.542692732997,5275.427251372106,905.7673163466183,88.11091510746196
5683.238380907418,2773.650389062977,1091.4916652609986,86.59884145198474
1404.7523894602805,8979.17012341882,623.60802494223,28.894264508081317
2190.931234114687,2747.073555392325,1078.4223537189287,29.8987328519535
8351.825697429342,6562.957687956265,573.9615455906176,29.165631469800935
1710.286678316903,3316.167637168748,798.5589793545398,146.16542991313358
6325.538156541913,2920.779215210311,1436.4650764392748,79.46651406246427
1597.033868054775,3961.0221824223763,711.165051895519,115.99785285343742
6306.161498676642,3985.6866945923343,1024.666976712667,239.05931140469264
9077.197738823503,1496.474737077105,583.1713014723105,282.0779520644112
1552.5021034337963,1933.1361520433798,571.6111390896745,118.30092705120349
9833.654017138237,6414.792302586471,1345.6541269592033,89.99288102847889
7342.143508152945,2521.0977037904577,385.88799558345016,345.3603136946027
6324.515273817232,1695.9666058645398,106.45257092829115,358.8565846236973
5337.026991790008,7211.830578854097,730.2477239155448,215.2323196114762
3787.0126627151153,6782.929148839069,895.9803438423538,55.58322138913476
7507.407981866155,8469.443889283451,765.7175729115114,206.64097180822006
3548.1249976333293,6361.057980494699,244.75073106040963,52.816300571226826
1377.6573085070734,7325.605783156054,1266.9943117918601,14.522302616924572
6324.836244455419,9177.149770289476,1371.603581816681,150.36585309666592
1530.5410475657918,1360.2434668646238,230.76782781505327,176.02152539433473
3472.042389951704,6789.052238718596,1218.7008670347473,197.4031174967414
3855.020677294535,3271.0527835042553,1009.3390238151352,282.17289671233743
3863.457334191789,7274.28459982421,535.8552722790715,12.708519970619474
5811.036591823438,6825.843419356136,1160.2597461811217,238.1224385775432
2096.3439880693777,5142.5582063924485,259.12993764992905,176.4078717693184
8981.980212463199,2267.845211659509,444.89533327492467,309.5422951840991
3904.9312119710103,8832.202366842506,1355.4416261459533,282.096277365879
6766.451653986531,1935.8591036620812,1233.2708528486933,201.4788533223441
1996.6779911458734,3539.1325703577336,1417.6826382565328,92.03969626627132
4993.389230464529,4436.228236242647,1100.561508799791,5.898432363303304
3876.294920052913,9319.953853509973,78.29474460823396,230.6733906964219
7739.661723714792,8108.578698037695,45.255278376962664,288.1524663572692
1186.1747609945662,1217.370802249842,544.3629608868174,113.51952147437241
4713.936916007529,4058.2242430250894,272.3391574433383,200.51622660543353
2735.5844819496406,7108.4167976945855,455.9108079094052,231.20205735339684
8623.05477965826,4696.439302314449,1238.2698247311478,146.8444939394279
6376.203475958316,8145.256539598737,836.5292930921075,306.56020420368446
4279.125316396204,4679.714342530877,129.1628374608657,337.32876833308654
8912.804143480435,3514.945050528413,1388.2631682356734,141.37414668822979
5082.645999684286,3322.143829572684,219.5385146749431,148.58902089175936
7875.447310254151,2077.3743483838316,116.1624433879347,140.02721168767872
2514.701554130343,5191.726402763605,540.5679488964139,261.9263373256963
6678.254111479417,1386.3809538044861,995.4570338861638,79.55227171248094
8286.068425263016,1295.4694414081819,1095.4726396193207,213.81300344064223
4303.976115506579,3583.6741204921555,313.43813400096525,278.9831495906207
2972.7874917365907,4327.092895025471,1283.9941408834409,353.96191772043045
8580.626573187405,4091.9957419441275,222.50551758640395,295.73005466408114
8184.2466210297225,1129.182786805587,868.5102767256111,233.4880777350764
7717.525052502919,5551.624717179068,540.8713941361847,149.80811349378538
4377.9658718405235,8877.450710628162,805.5396993110119,279.3862107858051
5743.882017862668,2853.9149867297874,67.7813848658921,239.94395223706022
2127.311266564619,6520.42381452915,709.3547867480743,4.901215392483475
2462.543145512455,9700.336803434962,1446.376593978913,336.4013166786341
1963.8107888113045,4036.7803789913382,1002.4942900286964,245.00257643943078
6439.306850639536,6827.63381830103,1135.7197006457352,110.39949464402325
3475.873751826386,5307.411826501686,134.6091667635988,273.0287026256525
8250.289280544108,4639.319104843056,815.0158653910036,203.26463829046077
5758.375191894147,9991.296663092491,590.8414771349528,286.6983892279967
6056.4893730664835,2367.757025561998,1069.6125682950735,118.51622417427446
8595.449611785312,2657.4795570422757,885.1953365368257,339.00461468851694
9784.462026209289,5945.942667148713,1496.2529423888827,244.18020617741726
5853.8803329812345,3334.7397785092876,1019.4589178856687,13.806298751328866
9783.271387661984,4832.577140467989,325.84221241315305,295.73298989541973
8953.629196776485,1826.8199604676365,897.587833886105,122.44179371973111
4945.063210442251,2423.223924099635,7.341552043182227,286.76396818166904
7279.815664056563,1738.6779275537028,281.34383063448325,198.18173906255575
3264.8217202244527,8672.720405656059,759.7113293073986,100.20961969979382
7751.103712962193,5041.982573564401,1459.6539363833476,141.42619190175438
3877.0173520286617,6243.598669858364,1260.1703084690496,308.8832506996517
5246.252392867208,1626.268049337083,1119.077053251078,103.97474235157472
9780.074157638004,7118.703229204772,754.6298783867014,122.91296819596681
3982.2871752766937,5143.318208958946,537.2872725881939,333.49358818388055
2489.0211547232348,9260.888698636529,904.5456554123679,315.90176427155313
2207.885045258989,3390.7112608660777,509.4971700351219,17.936401149989315
5521.836325644537,9930.46340178638,946.3738777657614,88.54595956093281
3473.8417766840826,3745.4088103641016,646.3214285007192,169.8925290406324
1194.2577942020557,9691.022979722655,1228.2905528593662,48.39335127907603
7110.297687499557,5091.655452094289,1087.8547625200017,43.51939969005066
9894.376082549854,2388.369799027686,400.43827618722304,236.2454845693546
9267.551451801875,5081.7363874893335,484.06041339516753,214.0894285348733
2379.9189761382654,6620.152536983841,732.9270528777736,177.302601352653
5395.159574278729,5860.655874730797,355.93015456057776,38.355705533480204
4547.113503997405,3108.3881909367874,665.9743938195883,37.122022112387
8495.418991316343,2017.3938837460041,752.1410503923428,65.45751431861488
3838.834081756426,7890.152588614399,774.5955102013867,296.01223437795926
8553.391082932292,7555.891870733942,513.0638838606692,113.90799336049523
7235.883378162114,7773.168506295645,1155.0950436081775,171.00875000322065
6471.56824270297,6401.488116507607,147.75530999834962,192.28526808460228
4646.478256005124,3356.700018958579,432.5320654734408,241.69564575479228
2618.2161113026355,7365.781930020474,1125.6025681955116,237.13737047832186
4012.0348855533202,8143.100092842444,1122.7680794659848,45.755019429208275
5869.24549411697,3861.1956445668925,451.34928167300376,123.58589648034808
6846.956288854139,3787.131846188752,112.51177886536927,7.120521765596103
6577.055512079492,8985.546733643998,1260.2648198838106,169.55412537969914
4757.9620350150235,7262.5151440522295,133.6518952999932,146.54875694351844
5114.695259714231,4383.863087962882,472.9630239089668,334.48251139560205
6166.311676740222,3767.130519880812,1496.7848521539577,174.3016231919306
9740.726849022734,2653.3908163553842,838.843422597217,291.53532784123985
4087.7854621684246,3126.540119555143,1487.1147341945496,55.16201735287407
4425.258308378621,5372.361623086466,112.41068255633732,309.16883508709805
1729.825686119663,4080.5396130751515,414.7109142721086,115.92566500122919
5245.746613787421,6846.265146020901,2.4342187388933327,184.971556555519
8866.09885865861,3975.241353398152,1125.3923843151788,235.4451564006914
5270.163081351804,6920.954077133301,1467.6778201919067,18.041323966262883
6676.205551681876,2868.3884688720573,913.0529054454544,41.29676163039764
2488.847737729223,9688.044178897877,575.2048448322773,258.1707837380216
8947.655398210383,5789.332877633385,1068.2581516762411,147.31579348570946
1340.5257837258405,6935.562116438215,921.223187110441,235.39402793346966
2289.765711195147,5939.530463961043,679.5878709201381,95.5731947718326
5186.047275747399,1975.1768239857618,631.6105177363526,241.70384906818447
3743.372599479644,7873.512149223584,389.4867571293703,304.0675925486998
1491.1385178061037,7750.9673220368195,533.3096742505359,104.34132993576912
8778.720173781629,8654.9958384155,1437.0000587453853,87.12176546967162
3692.8920816626373,2144.7671307094215,901.799649759204,252.84253302800326
8467.744680539829,6112.034020079046,797.4521107397019,73.69148957885619
2827.26099733186,9366.674713622679,616.9355150998975,241.0301449030999
9464.904584012005,5473.296941954654,721.442076747063,75.55095886659639
9677.54604859368,2595.920205632773,591.7090370343902,29.053126502546668
2731.5141662888254,4097.3394667248795,805.0664710814542,284.2451880807882
2098.204209950633,7770.030910932227,112.01982556146991,3.998275886233549
7660.0538430691795,6962.150800096019,19.315705434358037,52.046379517574394
8850.713653870476,4183.8558325945505,998.4690673107058,332.87635032886556
3289.025890140109,4064.027408345732,1265.7131757011894,41.63585853212675
9293.334593081903,9538.794617593761,704.0648013654139,313.90129566259054
8424.196168054517,3695.2878106002227,1156.265199889078,281.84787350070786
7247.849634717035,4140.5371983883215,1306.943857287254,32.7539644168972
1157.6467345276033,2749.983627370306,1297.7303771073025,341.4659053248369
7956.834055090397,8662.300887630558,735.6166777419443,298.6218059632712
9986.390923097228,8869.399689545187,59.92872534168377,49.786681577035445
5370.7120261203745,2336.498028199426,1127.8739765717319,145.24717838448913
1877.3164366779833,7147.0644211223,728.8865164858173,162.3779239101124
2704.0347070008647,9469.22032961263,163.20911640622563,259.1109587783381
5408.638034366024,1566.5494534659947,1199.9883870128192,96.77033691274639
4676.7551048342775,3382.849893642244,1427.737531262219,105.40705029100614
9143.668454253122,5874.230462530064,549.7847077897742,293.0940278399028
8482.416163300995,3241.0258064972413,609.7233019640787,223.9785635131939
2418.803565317934,8696.186079111643,724.557311990193,22.27085194089698
9461.297888963953,5199.403619313643,424.62312488099263,160.4627254046441
1431.997403155117,3106.0853008474182,987.911615447292,251.94725874773204
1532.111817592189,7272.994014512127,599.4600759789927,302.64850311913347
6522.494787333118,3957.072963028255,136.13540686253216,218.933067876887
2719.736607872208,8997.049219627534,106.98508987624659,267.59812852385534
7750.005526303387,2146.451505686743,390.1821223188286,272.69715414596993
7079.4948021590335,4793.00825194471,813.9224088591967,250.46660957003954
1379.5891442417928,2435.3732756942636,837.7062104896326,154.99867324992093
6788.296762375611,4890.603664374907,1499.9446990655,165.35624966231583
1433.690488206893,3535.5350764127365,995.0095251634932,164.21651744373477
3389.2290628630085,2087.1933174930177,723.1154722248476,323.0172875043517
6655.807845768131,7402.402800896991,149.89051244782883,60.345090083629266
7538.538363890633,5004.815432973687,1196.3783712937818,220.86868270994728
8127.879401975421,1222.8558684642273,1239.0524696353057,185.86460772022073
6080.063535077949,2224.029886468764,398.0914271329513,238.91365340433342
2050.7184397377823,7188.030543585221,1336.70091587609,194.50371735072156
9845.521692814787,3919.4466039269887,1076.081788355179,33.01734241392615
5557.606931200144,9219.59394551783,791.8225543048871,52.57787834987527
7139.306047553437,5509.623278719608,581.7573722705677,153.0149382443617
7960.334797572407,3612.7421948419205,1225.8795406735767,340.33978744059885
9755.856323308213,3561.2247964679227,131.1893149608774,239.16593498992378
2883.6060894773273,4772.183570929243,117.191865246224,259.53932272828865
7662.168341298414,3849.6825647714095,528.8744769268204,79.97179936488105
3448.400536232615,3781.031867789669,246.64790036301386,79.31181370368192
3641.39960013317,9716.818890971837,1469.0238518031517,302.86778685728257
2883.510503685087,6364.4235535049365,776.3378562888164,47.88243707531171
1256.9181630038588,6634.33415046326,500.9476517994869,86.54470452705496
8907.225761975264,9520.445274832564,1053.5416977573839,164.08737181430016
5673.530147328504,7236.173476745559,323.59207389855624,265.2861664920562
5082.929371453029,3818.247251505095,499.73595133393303,126.5229708553731
1313.9860660749298,2255.0722498936148,2.18956310223226,301.4991837234583
2659.9514372146177,6373.4958232272475,1218.2039364172101,121.37628066974666
7806.118355437188,4017.7766625185777,1078.559730570657,97.17302135881658
9084.142960479092,1354.026685400693,1042.0992992669455,155.76104850497973
7061.651255618661,5103.171554199618,1271.4488300717096,212.19149490239857
6386.014707091269,7415.444256409965,973.2784761708422,219.38990364622495
3507.7945940128216,2212.8307304962464,1175.0814926445755,253.2955467658722
9630.5180529745,4474.4494891680215,924.4098446731977,297.63359909534785
5156.931187823027,8065.273016008088,444.90553055993445,139.05562303069755
9926.187354645,9649.91961618573,210.53711049907113,166.60455417395661
5119.9859748352355,3913.808120864112,1235.7639370978388,258.90120933005903
8793.74221771749,6602.688323335436,486.2995417425742,178.53956522766273
6352.755878058011,5798.612693091955,5.653681469024649,33.84391211531899
4088.3552117092554,7441.372046449854,1298.6830590371114,343.24912206066006
9921.600911288846,3577.8554311075527,965.1018463286001,116.08240061894763
4124.458499570761,1977.3641526067863,958.8325002578443,182.1839013066956
4014.8823945202134,7807.065056825119,1095.480602476552,48.14155243649578
9415.35196545319,5064.462876781792,887.207135740226,59.563731051506906
8579.907567139186,5275.438049026924,421.8769287247942,24.010177528595573
3360.4035629699533,4338.217140718154,1135.093297122039,337.6113632144269
4356.556590227114,9870.103051846516,1466.7447049680015,6.439998340513434
4646.539714739985,7097.344035280311,36.79054263274141,102.07894239591297
4025.305606629257,3594.682902561931,871.4814826117484,96.83106369692536
6334.871781479393,5942.982909243418,539.9876623855881,59.32411008267956
7835.240645076555,9700.571842316696,236.7521402896132,162.41384441933025
6225.968740131141,9909.792879176246,864.3758059970789,350.73561598065265
4435.550739610038,1606.8358087060697,542.7893321882327,129.36970714610706
9441.130017718177,5247.66542222422,556.4306803751012,116.51458477361065
7096.537590576821,2259.8142748426444,868.3791613804175,203.73165231867213
3811.49358891552,5947.652269143171,212.25587582386842,333.44150746303814
1675.541438415969,3539.429694126653,838.465378185957,86.26099126066248
4743.756299667063,2191.7110391648766,1213.690253813133,131.71904865307675
5815.927287112666,2294.4273065015427,768.4813467655431,46.09630137680744
1803.779227211364,1327.8735863193572,27.178555319411615,350.7061748331905
5905.8453653779625,1876.656050336697,1239.9437325404867,192.45024842459324
6996.425491567435,9333.688420300687,1013.1708684899787,63.88215724009571
4344.362409777128,3908.810814030334,687.9511691584295,283.85489248999005
1426.6116161334737,6452.297355194853,292.01823716131247,140.94664957605252
1163.5990865876686,1717.5844334161811,124.96948666073195,13.429449214604482
9284.128843043354,8467.824442810888,383.88771851746526,288.75886252529926
6386.149686729768,5408.989572432321,89.51480620310137,352.7316819496925
6187.901307940439,9325.145789809882,766.0403232750751,289.0040403285227
3480.937646025518,9373.448468822082,403.49305708163155,47.88019668070717
4327.088130846698,3007.9471203409107,567.3659527568283,222.45845957906604
4711.974334305971,2578.2729971397403,668.7724727644452,3.8716690860781533
9965.013602850326,1897.4904640534787,1225.2102297020695,142.62206329139573
4978.205728109721,6637.218183657697,1211.3882168463542,356.32056983917073
5198.551104293603,3023.9751094241146,878.4593750751208,222.07494701724497
1742.1547065518853,2740.018601550027,654.9323839547727,194.68508003934915
4241.484218473575,5723.101137493677,1468.8882751219305,226.5016529103271
2465.8852868344948,2060.5881136809603,48.750451205438196,186.6922046140734
5346.7083415994875,3466.0224344421786,369.6610172205475,314.337452886436
9928.56437751832,9102.131024746272,355.4981126538227,9.984915730273201
1527.1077432494385,6726.919172637382,1418.6921808496822,269.30933300117124
3441.332919907468,8753.977642926331,896.951188415281,236.3303826191564
7528.47163923315,1718.8993447453663,1086.155142424032,49.367543418629694
8940.47724952531,4825.582555820261,219.06167778723886,88.88109450304563
1483.139639037704,5056.2151301699105,531.7493192896977,351.0710496474209
4592.762436389025,3934.0137542144407,1010.8320304554395,14.332012816436473
9095.922090849088,9343.44447144989,134.51919456516526,148.29874213473502
4174.786223926561,3506.617868265889,648.415076507473,13.893977391302089
1285.137303963347,9211.224488537382,825.4842042054228,105.31261251381939
6501.675448490132,6845.847828698358,1146.6991856984707,338.27342693768003
5328.256605908305,9871.403963762885,233.69576773006534,151.78902479343418
7837.817173391625,8739.009584710406,1486.6353939940202,351.9110469140084
9514.292705475507,1146.799511954611,1306.9306083157608,149.84988937308376
1961.1135643404818,6871.782172531327,129.79186015352533,156.45317438297693
8203.353835476762,3078.2775095742045,1163.0459630291878,301.53432326571453
5221.523923755799,4185.405807248065,227.01804515028363,298.5453585911045
2607.756335105762,8348.062832064792,603.8090377117725,355.32012568675714
8476.304479189275,5879.995131958486,74.51252543471293,291.3226506089019
3542.428203360641,3127.2434223976197,43.71970008511457,180.91341329394186
4503.735148908057,3293.506177661534,626.525087266114,143.3738229171678
6783.235655227862,8991.464201550338,703.7284410289299,80.32831067640913
4741.864236462816,5065.162931197156,1243.076212493779,42.00527578069789
7105.37731608996,3245.545480718361,984.9722951975452,117.1640842909822
5262.321483214796,4570.305902818414,812.9478389571436,167.3342105563785
4536.882687473032,4636.834367213371,208.9688753306836,289.6634183307222
4638.192524981519,2050.4146502030394,937.7977008477101,273.925818813018
4530.361005364832,4636.093671418728,691.9421095385303,333.3432951845722
6432.138788555568,8034.261875637567,1199.3607126342358,241.6371511177502
5309.433828137706,7624.731045469481,1493.8299855005764,30.337772177943084
8310.647133824057,1756.772909971451,107.40790653799999,137.5787030032403
2638.737179598136,9301.9505786606,688.6634560567378,159.43132299509372
7226.883635002158,8261.500550120865,358.7677221737052,111.21639026011924
4028.4123264375175,6215.502009649537,300.9872420805138,343.93965947151264
7764.085417013745,5881.300896869057,1245.1949580920707,45.71238662135913
5163.184471098079,5689.073486785186,720.5335222643519,123.92026271970863
3647.2527779515494,2714.4166638538354,1077.8025302515243,316.2247439157783
6329.451373859396,8392.402052583282,109.67747256938998,67.89763135074269
1554.0301186519712,3342.926525903178,282.1204907645157,205.21591929536106
4003.66639605608,4485.319377282001,1198.2301779244124,40.3457829283486
2510.3168760231088,3616.5139612840208,345.3222382610488,266.6353635804128
6902.447322307442,2132.333435054693,1382.3336877477286,256.0915883392795
3205.531679942288,3926.921250548193,699.5983228851243,174.70618724780215
6940.5775658687,9438.935665660434,49.38191807467829,152.0886588880093
1966.2922163237918,3045.943067659611,705.4375712525343,359.05882968466756
2429.4999863387166,7026.335220756805,1218.336580724544,23.60336023734826
7481.979402313554,7793.987415080505,51.83197962458788,51.417338592841006
9690.21252593465,5689.216008106054,248.58173051661151,284.45409942284175
5270.250084517386,3566.7182690065174,893.0787341635129,75.65539570487557
9439.882164301778,7315.777975785647,676.8751438019684,245.51450089722317
6872.2530860842835,6583.136042015634,1249.9204116248538,308.8046050903221
4847.688704713168,9803.32371787683,581.1840295183224,244.83289334217483
2392.6693508354624,7352.429294984241,1104.2401807867354,348.9776874861565
6391.606165337165,9747.887802326804,1152.732614757529,89.67637023937833
1526.329556581979,9173.803818517834,747.6760657660765,355.0811874471388
7674.426691684217,1653.8604020234447,1232.2776047883526,244.1235938555623
8056.787173450294,5156.743633516253,1158.4772877522369,40.65762756543638
7643.084156616428,6072.32956423066,379.7764593593201,359.1628431587542
8379.618318151093,3021.6891698690542,236.1281410028218,208.98363537146668
2051.0057978047025,3816.2295648205964,298.5610796928446,24.46704268032921
4869.613405255202,7492.612204247956,905.4436621312782,21.844590021985873
4148.275921436587,3951.1492239740255,603.1584714570715,163.31144986273486
7063.928419598167,3545.3934533863467,1091.556271703548,167.1292724589146
4987.097095897654,9087.893333289878,888.5455928093951,207.16080831910378
2358.812144060743,9560.923581684565,494.48284194015446,126.74959301402983
3553.6944756463713,1762.604162592609,384.30159607930943,247.03533585973082
5709.548918384223,6900.616232852535,273.933958340084,358.6527236857992
3486.4202410331004,4657.1303907337315,595.5308266333132,197.9633761704712
9847.612337425997,9603.105533216773,1332.246664972636,36.67814669107313
5815.946667274987,2200.1756325389806,204.05313463967943,137.03578831554645
6322.340031383619,4298.477905344758,843.3430775359266,224.72566316025112
4142.0615237833,9043.69926494358,1478.6563569540797,219.8713894631418
3688.877040438379,6761.813699122627,1118.1414523391422,134.4041666548547
7115.8374150861655,7650.792316752688,496.2190867308206,225.63034849136866
7217.690641773482,3968.6710406917955,160.63002709776924,158.03425387498493
9682.041464345384,4702.865777098801,1070.3501893888501,169.35330571274434
5219.137924055911,7316.462719303788,1253.1958340871574,67.48999059220293
6116.084404652477,1616.9552712216785,592.7770103843043,179.68830773706583
1988.8938652709169,8538.880342427792,66.85123530166805,237.11140252063203
9369.190332619442,6278.526905125195,699.0156758611714,231.99915636249565
2107.9964377176243,3530.238602058663,634.2293939988057,88.50538676041558
6146.878688416644,9465.792476093706,716.8464785864549,242.82924365468872
7827.437617481386,5410.178825068593,1129.0781051419383,329.3178660508766
3986.739450544245,1996.1612597837766,829.1822322863516,252.61687397160583
5921.7333850692785,3467.011540124143,1251.336830570643,229.5164696682207
5198.990665068648,5687.367551041745,178.71886289018738,335.72471266210795
8812.392914803175,8034.382776158125,212.1775867406595,5.811797481105493
1991.969129920137,8455.672268500814,132.13041227538423,49.7812146662484
5797.032301656011,6162.7079995787935,1188.7835089740067,293.8376036960348
4790.588088283694,7130.114673746943,664.7325567617625,138.37538675674423
1537.817195176718,6044.05357550949,783.4629308297993,161.24274073564237
3797.9419036986455,2130.1481596154326,178.72442163403932,30.61085973274859
8947.007503225623,2321.2595185752693,404.2446664097114,13.053183615515156
1974.8634441417457,7482.970570816472,1148.057379399228,30.949273032278676
2376.63970423931,4572.010531145243,303.83819841346474,330.79459373508934
4010.0960462704506,4397.676396857144,1051.317166882948,48.204750528814024
2717.585711421277,7647.356946107789,1012.5788458636525,238.1904481716351
8440.807091715065,6896.027049455753,1024.8414058597623,185.1398844517424
9760.942900699814,6182.638313953944,1207.3430371261518,318.9448151026869
3859.4845619555185,4295.794405677443,274.41630080797916,157.6071197341557
5816.585947705662,9863.751809838259,1340.3100826407328,107.2091996304851
2797.308268196165,9923.177522286865,1420.040155679087,219.32932226847845
7915.654438527515,1149.5007884991714,182.44674612122958,115.55103225594617
4423.356628679863,6412.879608787309,264.30983528714717,203.57722979520656
9372.954314874503,2653.265126903314,961.7231463890822,169.73355614614636
3187.1470157948497,3899.8164040129914,1000.8199818444313,293.13522662493114
9010.982794742595,2794.5056648713207,135.30320383002697,273.07349975456333
3692.420020814424,2507.4012824190977,655.7858582034177,148.89048466536775
1724.8018240401761,5720.755761101457,907.0120551905466,17.7980464726077
7471.1850784012,2963.709681467407,911.1112732029763,224.93406421900625
5214.32679911916,2211.9358740078333,535.50125142282,80.26338895090389
1183.5696038115457,4238.162079092923,317.2999912483534,21.703218779983818
4331.882125871853,5296.770040875394,930.6933592542848,248.0881595174688
8156.735896462387,5882.123496423203,1204.0755324311829,142.9550345324091
2791.8962909621814,8027.373627562365,97.82308154915806,254.31202496365609
2246.599930567473,4050.6470889233997,1376.9287423515984,309.4642061654669
9466.683607512681,5241.76346264572,1344.0976360935558,29.47658314073054
6745.4227779378625,2176.055614302788,1395.0881219795667,301.27024041553807
9851.792011476522,8691.495008749465,31.819895252169974,117.36903937832382
3055.127879937421,5188.456575110585,494.4151069147968,28.394438700778473
3035.42766690184,2769.411613076051,395.6760118092121,226.32896184763743
8707.150347911645,8138.029723321333,707.2808990601677,74.55772761780892
8029.836512277739,2248.587537017521,724.5517980896556,303.7248351996706
7718.564704094029,3178.2920225979447,767.6468202466297,39.322267064211296
9159.882094745626,2954.78237533019,313.037497123633,145.90584852665432
5375.731268962782,4330.374150197911,373.2078703718957,192.71861697678594
4930.885523676583,7304.123747384784,1252.9802032193224,106.89289931583717
5508.509558679115,7422.502385733517,1152.733822425448,218.68670717501388
3528.635592106817,8419.562540066896,651.6665515073998,242.37780219469235
1679.716992411308,4107.816887063051,712.3744175994545,104.94358344056683
2279.9136651849576,1302.2378015869288,1373.568727893244,282.27255389933686
9597.860482332306,5021.2269503750995,785.2654366098602,257.40346214006576
4147.115961671425,9524.901933902302,1428.9627585487865,11.62904183663971
8628.478884118918,8633.663480346988,249.85373204852982,328.6556160636029
8137.015871211531,2819.1389683132215,753.6667232571485,248.65555314042064
5615.833149440624,6678.05321652485,788.1811838381143,160.9816043705926
3750.9936970235003,4516.676616700954,697.4014718527054,308.03030160852245
6219.056089601726,4795.189771065307,552.2704645169224,119.60273367898398
5176.326659985934,1913.6039845679966,640.8224099902901,98.99454324737698
6816.500481330712,1451.094127741287,266.17952078054003,257.12281351048483
5261.6277346194875,6091.4950359065,1157.1759730969209,122.3647947163439
9754.995668469475,8872.12911589041,765.063026694657,197.8945630346377
7096.437135783603,9815.084268175064,480.4843286882803,102.02492796918078
1872.7117616121986,7528.256430861245,1263.9702210810192,273.75644467306483
4178.314814972305,6413.089760014312,1326.33314833683,313.7014774196884
7998.182573397495,7619.726493074436,1258.1265472541488,351.26557493765347
7170.117783805872,3896.0346875194773,1468.7626797330895,47.51661005101679
8980.366681536885,5539.10293284317,1461.8594834911635,128.6821354192278
7134.298611080805,2983.8044442645723,1151.8623767285897,355.2064541335777
7962.828528907434,6767.412086304031,944.7191976185351,50.22759940799789
2260.9553783172196,4266.234165077394,675.3755140094233,242.11229003202277
2059.3768260727024,3055.952839046441,491.51227655565583,249.05560913178303
5821.863554215255,7384.069260853992,969.9495321962626,163.28627369915677
1727.4268218307725,3102.137827485026,750.5373678334473,327.90599350039093
4219.698641598479,3317.104625863272,984.7994204561322,110.3349930687567
7580.669410854045,5194.45712200784,1046.9805552062346,101.32089720689497
7594.925346512661,1573.6933971957997,1089.10784259749,31.561215340753204
8652.437060138858,6697.951600473316,799.9759126092108,5.25206490011304
4602.802255957908,1641.6887904332475,187.95316380802,355.5145134519339
4989.681573074922,2475.0675003994006,82.09519782312898,90.78712977380931
3944.489854365514,7772.474081727478,543.419521886143,118.92458182427505
3372.5283840587235,7544.341708821828,1347.877708393123,290.6320405722528
4986.674776732473,9374.607664885532,986.7456990402993,87.73687055531174
5716.818458273482,8141.787643241185,969.8087262896681,280.8250061864336
7002.4212490131595,9630.079151534082,112.22978617227118,62.425152508253994
3307.0643899279853,2247.6640515395734,827.5984781825189,247.412041750352
4435.950613507232,3100.4650643302048,570.2083167772531,270.8137901254252
6761.864065307477,6438.9278825169695,918.6944215038009,351.0558316881508
1315.5837620230322,9151.687612290472,341.3693398951861,180.92354063380452
3738.279190742901,4021.209088766451,589.6857966204892,169.359413752416
5008.694291094849,8425.567320030275,618.178210957788,277.1979462026386
6973.9569569357045,4278.466109079682,1253.5067082266437,274.28099256628485
5282.779386168564,2317.588430995668,1081.5173984962078,353.7986721682623
8470.134891240825,3992.7653321425432,1281.5701335115866,41.33198249794194
4458.78287750504,2414.487822949741,432.75697193447303,154.8383201442106
5514.286917290117,8841.132751754201,341.2319397584535,228.74131681675883
4963.408883888231,5697.500127426897,146.24347384812611,286.5811214192061
8392.345572193077,4399.4039039426825,814.1785740616521,187.9546732738652
8032.261089582703,3322.546557855228,1471.8665585200872,283.48226803661515
6504.193486960005,7574.339198634788,209.88331149991453,68.47023355973197
5645.156312881892,2824.1320808389423,826.2651312397306,31.555440972683726
1966.6790604486905,2489.4941854947597,424.8779942693524,180.94375572089643
5600.249007208806,2197.339617177552,723.447761862874,21.54762040004766
8534.977567624093,2199.509388747193,488.3506264484579,355.6798555805847
7001.125369709743,2566.995758226968,272.63820704429776,188.76157976163447
7009.69453354816,2863.5780833330214,988.7955825368363,315.03549125233343
8987.654881403605,1955.9291526377374,520.9410182479928,114.03303739196578
7283.830565549976,5850.319022346269,493.9573096868077,163.42669150119968
5891.402906864659,5072.91768288831,19.17612853424285,339.68264799073387
4450.997036587749,8884.123458594744,1390.3810584245014,13.795089770611819
3679.0583685018587,4727.404103295429,199.84523053094912,103.21559882581563
7888.120582804621,6987.095685727506,472.8680773858592,104.51806395268953
8973.387856083333,4802.971973492704,1422.0947307766523,96.01831022016519
2000.9366091954068,2542.258203185196,728.4813515529044,287.80502410556295
8667.44479373864,7946.804912123517,960.3181509123702,342.2243893970805
2530.623752471309,3138.692462434792,695.0104127084355,267.3364986477592
4972.5295376822205,3086.5688527286707,1498.1615958500872,83.11496788541037
9505.580177267833,5115.610461408065,267.4113322581756,289.1427622058378
8535.576020311677,1655.9919739496868,380.94540159141195,270.1687929395965
4538.167669322838,6757.167476220154,606.7097730581439,117.06348814403985
7712.322833739035,4897.393326267969,257.227592721503,295.84923095225145
2206.6508259946677,5268.488747941172,652.4269766226781,8.091460397009122
5920.239663072319,6252.715668772509,1275.4318386518842,246.81923341711408
3939.993049545279,7594.957036462566,284.2418255729209,158.16930349355505
8878.131638829094,6307.783235273116,277.0332483371768,44.82146453978535
3431.129700027133,7139.9314926512225,1152.3801134435905,161.66193852949436
8760.260958906754,6519.487180223776,278.34762532967085,251.24515111791752
6591.63693326943,7742.970176580111,482.52036579238325,320.37753316581524
5941.594529573781,7249.017523528019,115.16457625623782,157.20844489597997
6276.031339568893,2209.8673110740588,173.5258407081802,38.58137320847876
4797.958430894401,9329.631740662562,623.4326165998106,256.32141111318674
8012.269557906446,9556.174749425263,871.8169705434799,212.18039392227948
9602.628887791336,4015.186954655521,272.7609081983362,119.10850309539207
2977.6430334557967,6632.525751114711,1381.6326573996714,207.95273162233212
1708.233205369509,7326.226559496767,139.7311404423181,213.19761394746263
7473.233660316931,9317.147689886096,471.9092707532797,127.94046250791988
4766.753094890575,4705.950026696904,1367.1966458065992,132.05929309465301
4832.65374942161,7736.5825322461915,111.66835544249557,171.9710306620856
8823.12497886535,7609.03942608296,1014.5965103356718,165.28646942395125
3819.4134976672776,4443.411511299598,115.45260633951492,259.5346616906587
4805.735870457656,8069.57358599535,399.0703863425681,188.16427245989743
9400.332006782339,3288.9995783668,614.0340869685004,123.11801607130376
4215.832076011124,5444.018149339266,849.9492591615965,346.10020022375795
3915.005142725686,6579.6435985524,1003.11413446982,313.6321081951065
4631.785928583104,3766.983595822349,1304.025376597655,313.6190215807903
9514.429046127821,2699.4628881405115,1287.9425382408353,209.87810307631605
3098.0293850668536,7727.232008651378,986.4782159865415,132.45903644677944
2848.24162358142,5990.449539225579,922.5783265347526,147.2493210957915
6288.11984778553,5718.869864257144,598.5323565237422,148.93534430149387
4557.024546056041,7426.165522505524,601.9404655934738,184.0907646506228
9917.273879902394,5855.193071835821,1486.8267659752255,329.83802004783126
8190.388979116496,6880.559066943094,1203.3559171731717,253.59211393736535
2309.5126652538693,2789.5723429507507,1456.3145266356144,80.82879497664007
1661.3346190672048,5327.469429402297,467.47071687186815,184.2647196467476
9111.566724890738,2909.2172520061486,1188.676064635995,306.06040402699495
5072.860168691608,7031.09927920601,983.5038324904739,329.4714426454469
5927.2857486646435,6029.051073036879,1321.592243746295,96.46498602381462
9459.458950901848,6537.044749992571,1195.3239392533196,303.00601841370985
3172.4004391374697,2209.72528877918,885.1017486418342,31.363014561437268
3017.3379089222735,9000.239287725664,135.51164272952877,333.32386424429984
6967.551435734975,6973.484408032926,10.513510886473217,45.40837367096925
7066.664394079389,2538.2129896504657,953.9892397385071,20.78438542025368
3198.9305487429297,6308.219009517844,825.8545917675012,253.5061559494946
3370.284236757484,1245.1840067402677,138.22315240943107,69.57023649531311
3931.0578002289167,6789.985883487169,533.4285767655078,349.07226689821164
6987.300239077637,5495.4294318269585,989.4349945408601,160.57183576929444
1136.8228914622314,7336.552203924953,1337.5396846763074,181.036521969252
9850.008074448771,9794.610906972975,116.85631152733829,129.28156054773174
1736.99575991247,7175.124829282852,395.6055438680261,188.89478432384814
8782.147987135912,6666.3311652088605,674.3395893095535,49.219135648186636
9873.579189068441,3732.2276375728397,704.4429241839051,72.66333130635495
9258.584642081878,7603.101040869991,1026.4726409007314,283.2638435979225
7060.179219759085,7118.212088935488,901.7439365987367,338.7322782485354
7197.389264698188,6500.407424077484,472.7632765704933,330.82814617526213
3995.1727202426787,1230.0936712103994,263.6269251911383,20.2294686101043
1975.1739392965032,1874.0801191489595,881.5302914038211,306.71900045512933
8076.831686187764,1947.7673872910918,1438.0163472777956,50.618658775180215
4385.809215985041,1534.9310375251841,1236.2364338856569,324.33849987126064
2651.1117565711834,8764.217301018036,475.07360634606994,177.52414030011454
3625.2495555310975,9463.41310768596,1425.104283320907,305.7267891475456
9561.459956885563,5985.2341535667165,400.26840832261973,187.11953996340785
6455.931132643588,6719.910583419471,743.9113900533722,285.52543560333453
4662.315816265587,4907.349019490708,156.62414493744998,162.39572597546555
9530.0746647605,7351.056884521861,208.56782174481458,72.89491595161991
2539.8174279556297,2398.8959519081022,1154.455469064973,64.68529995112542
9312.982402349548,3980.9561268894154,978.5554094729105,20.20455288752023
5051.420238810134,3915.825636569172,488.72025555317634,144.86880176890284
2796.5770486018046,2689.315532962124,1153.388889022145,297.78298788588495
4016.6885967944877,3775.234165161303,1379.9170080400593,331.9351270854032
1826.2213438735944,7463.708201103087,539.1770665282792,318.2007652413799
7799.8893811655735,3698.3805498648985,1311.1956852696803,356.918425916163
6984.946983014579,2426.2005654933487,1279.7079990484121,326.00874910976245
3600.973418252022,6337.377919931279,70.22516519143751,339.4962382045984
6568.387516514192,7816.208291844529,1073.6538132427934,47.13522901564213
5260.616007749809,4221.909266603294,998.9394654551435,29.03985021778146
4482.947625553201,5599.831175925828,1195.0647309684714,148.00885315611583
3537.9968135191925,1905.670819336038,1002.3542687823108,87.48006884587608
5081.271681165005,1687.4029925479144,1313.0226324442422,3.1272456181658574
9731.882848779876,3504.1932976232315,115.7079706285089,165.3487324329932
2967.215047453374,9958.105147059965,1318.1700693211956,216.81953708378947
8142.512488151995,5071.809294645221,361.75163406358257,204.53524798589618
1394.2308163056468,8669.595655097168,1412.5608569953101,136.37739850666676
3629.1958985800147,4831.966616492928,901.4237432655995,116.2092272413269
9123.355526813952,6786.018634812884,1232.8377892747449,236.17973227102567
4118.467823078858,4083.0524818359518,1471.0607834914642,51.338329871992464
9619.955235183648,9076.118619196346,358.18214340539083,252.77109808361337
9319.412928148513,9413.261756158372,452.2020708453148,147.31894699908577
5547.38781379883,5848.476473942327,1055.9910479889845,210.37859203839912
6306.088468706487,8378.91343290391,921.9119448226031,259.89067893889006
5059.854151556789,6698.017802256071,531.0204746461225,27.02732049823778
1561.4209066309386,5199.404966469801,764.3203956674847,87.27379215836957
8723.944063132767,1254.7516708189396,144.4132843159503,323.27150106910426
3393.981344291913,9323.576620079442,184.71807830858708,122.80895240931098
4174.275204008421,2799.1578274294407,719.3321302013486,357.0785280069726
1993.5374037407,3788.67013458371,255.62561795166036,222.1222882475657
7190.747076433115,7689.712472376344,630.313042068929,18.910560473861388
8896.974451276765,2041.2695370218985,1244.3081026500965,131.92376242778548
6882.156702825173,8092.9094919608015,343.37614381604243,206.43906617576016
9138.652705708344,6758.425558328821,992.2208354208749,58.820375977779705
5804.320309766969,3042.5903592224417,832.2984797864232,58.76642583094338
9251.848446464115,7429.203822389874,750.62951286007,22.83129032765475
4632.43147443458,7498.694243854047,446.5903367402377,269.23710203835077
1747.5188858830984,1403.605192093008,1329.066291468892,319.4391069835036
3611.001382064511,3679.3640369689338,479.4108241713149,315.4118494279174
8849.54336403529,8462.845367394759,1214.2974824609798,235.4608246129822
8811.440060558303,4827.314786171308,294.5174581803071,262.75666605309885
8508.183444370952,7496.98209315153,1322.5835407630047,67.68198084851774
9828.013309710599,2226.8564937997044,195.93360923685105,357.8280584992321
9317.29192265383,6673.7065825025675,778.56374270341,306.66659729527123
8051.0088078126755,3815.117596693265,138.43280700074746,30.149221691066064
1502.3987928131844,6909.328838261213,1496.9895808490623,238.17688164594662
3279.9261939186763,9318.557445497396,411.054386564933,309.39987705782687
5990.065677800792,8357.736942388838,1428.5491645989118,21.75797314611184
5050.9820413791585,3081.172522266978,907.3374757484486,72.79426510192017
2284.3258513213423,9039.235769891235,1330.6434926919073,168.56802195259615
2658.9900829756393,2121.276477613355,416.4472089078297,31.20506895230488
3805.7366762614356,6129.97748448568,1411.6982642590056,254.81797923839997
7259.103702284189,4496.256945893797,955.3184680881085,184.00759004218548
3862.4798944971617,9933.359251625621,1461.5006021767017,346.708811758105
2899.5161969113806,9711.730592466502,1419.8365745614049,155.00507523327227
9742.047123317252,9921.381198114826,912.2322375320698,290.9708301106579
1809.0174056708543,4178.106064792584,1185.3400251921648,213.6992379569519
8391.885564793987,9804.270249701392,766.348911383758,316.2128003501544
2499.132233532907,7811.478391896732,138.05781033711474,252.64223081887357
8264.181117601674,4809.2755982306735,720.3380328632082,33.24909390287272
7809.162700671149,1207.8792955913182,1416.2551443740304,318.9251822281868
5146.2048518219235,3871.6036324791316,562.7144619845458,95.16224432830312
3117.582399230364,9173.676325986757,916.9872426484823,191.4125398016482
5427.41073039631,6388.889429273242,442.78068175772466,201.85873874161953
6809.337647380198,7610.813191073723,59.10222319332613,173.1951172820629
5720.995047574601,6225.48842362743,196.17035227978485,309.996257095491
4213.760024022571,7298.820063251398,700.902079209044,94.45061069159094
4838.281945635243,5986.961772410401,1403.1299733625463,251.71211321449033
2924.9344404637473,4228.1945882198015,1197.8787699188558,310.6957209534293
4758.76452478481,7577.340619541314,682.8466153104162,317.82767640988897
6422.0059568695615,4057.203820887623,583.0383953342118,101.30560873788554
9725.500028107102,1350.900513774719,1050.078548919896,348.87373161869004
2314.273112916031,6775.926054864655,324.7323831112572,171.35295682228914
8040.326777023266,6444.252964660073,1457.6040823710541,170.47976890051336
5199.798863250802,5345.425668436501,1447.364946159598,163.99067655306217
8232.636795487833,9269.884756817617,768.3473595661679,56.07761172500734
4147.015101177369,4604.508687601658,984.472689989758,258.7249703236192
8503.194806544136,7199.893180769653,453.22099059298216,221.13411673601775
2937.298899577024,6072.214621314917,425.108032402145,175.03919252625874
5761.854977517483,2976.381175635091,272.6718570310491,181.48872966725162
2985.8766164798185,7983.543491322368,1046.5318955076232,335.05908965604345
5124.47801717459,8330.16488454993,318.68956329136773,68.64749866862131
5227.409984069261,1469.1278174697516,571.3291867550272,346.0675523484747
6822.569330346779,5491.110880424047,361.53225263748556,76.18293635098097
6817.115725446832,2428.3522785290156,993.25734910945,76.28934697037214
6061.353771709812,6956.682132127163,576.0103542176514,192.55245356928648
6634.482466315369,4754.297735819042,729.8825012966553,259.8877988744066
3129.6129263933426,4943.758866010086,1309.6327174187434,280.4509618364908
7302.976291630655,7465.4933521440225,459.7197291617656,327.8302345150291
2828.364616016712,9206.20932037249,218.19909971120944,102.06008052445006
6342.647573448212,1110.3985977968528,442.5229010422944,185.4680398300016
5571.830720269256,1791.895800853255,507.5730054772751,266.49765884233307
2863.736461886877,5300.222845186107,1256.984285798204,130.6775807328505
4001.6859740473615,7667.738394100267,589.4386967356699,136.53524294165268
7556.619071777829,3628.701800802794,1332.277259052663,302.0512815257086
9857.873834991855,2548.3671801412265,1454.2721117056815,30.569065668709882
9794.410775038688,6404.704531038681,1219.9872698306278,184.28572706182544
1949.6784810106776,9800.885217093148,1241.2470876168613,100.78731432776993
3174.1188243750717,1292.1483478776813,123.09771416209533,230.240412803876
8175.5451206047965,8093.088251622744,644.983411820352,216.1267971876272
7768.614248633714,4304.097410201758,1312.120023930335,172.61498479239202
8483.549644476127,8499.732595568115,253.5974524551634,188.62516916950554
6666.944193146082,7764.894225643612,1081.047218398768,223.6130557401974
9475.817620163523,3663.5992629597436,264.1305717333683,278.1354207499757
5648.430396131027,8658.66664428034,696.6766608142536,196.4196325246815
3053.6347575020873,5125.607223618997,648.0694664551833,225.20275106672221
5423.675162675703,9754.370999280793,698.2822115957059,268.6212089805664
1840.3512858996055,6119.4702539672035,925.8547588929774,200.90638155918828
4486.12471295067,9481.630643318716,512.1936327714884,154.30213993424724
8905.15273915567,5471.700943460383,1349.0306448739848,301.7744744948581
5187.19042083483,7965.956999302363,1337.6117204454677,106.53467166025698
8181.461219934343,2058.6129726522395,166.61685612348276,224.40460135918462
6070.074735888075,1262.572257995578,780.0434649871258,109.68472385397978
1770.5183559073353,5626.693927647148,524.9487237265897,228.02709519497054
3486.2901550610527,6194.994066513185,169.88116714091683,305.0791737561257
5795.970789517927,3664.9439383526687,1211.648007558549,25.216953312297814
1451.8993578461104,4655.159896497486,1337.8420914531364,156.32482906279483
4077.3730997081952,3232.321449392966,1033.3554395509755,358.2526538976573
6204.1551006600575,3845.181327880389,1151.455444407759,98.86490496646897
8630.92761005515,7592.146263405938,365.4939467218397,124.94488773633056
1420.8277618811885,2082.3988096953112,850.2242179577684,359.6828672623836
7649.936858455477,2703.6821891507843,1136.849348834182,109.5457382097594
5189.06826723938,6572.509875190653,699.8087008353821,78.31146933132673
6726.429597877665,4431.536587190197,733.9264704130584,110.80173902161037
5465.81552332946,5586.87445904094,59.519073255899166,107.18071233189221
4660.745260512305,1840.945887812372,663.0184082204081,80.4467488419521
8722.581495740185,9359.462523765433,383.02841735627266,86.52704320149765
1909.7928103137865,5923.690377562517,40.864506722598996,8.452480659918129
2196.7258717265413,2321.4217507980156,553.4040723001306,323.49880645694867
3172.8763156288087,3309.266249721613,1070.0200398694642,45.76659217810429
8266.999051237894,9123.783401102177,935.271850992441,215.1934957632929
5882.056274144254,8560.464670585487,35.20504987529483,252.16471821082214
6593.798851204424,7363.753452302649,1162.712992803518,209.8126339014784
8132.216402197164,5157.637430764752,1192.2734196727597,74.98845597535664
1113.443382183333,1617.1450599432715,559.1008355888079,307.15358122398385
7803.097768407931,3467.44907063912,507.6345996320047,205.207535889654
4602.384937878129,7700.71008431579,523.6949204837045,159.93496498934533
2218.9630903653506,8673.194095300147,62.69939300500537,192.88069728636393
8577.708743373463,6399.981254040988,896.2212760642716,300.96514276665704
9325.353233813836,8528.310508067487,635.4692411184336,30.696923094627227
9644.511916720765,6797.980497101939,422.59310426698005,80.09677029532247
9755.792276459066,6471.483233884828,362.14560082267246,273.35366436051197
7533.61450839668,5013.816466132722,210.92640548171934,343.20986870587194
9339.704249328044,6957.450573289973,900.167871279946,301.5128657908244
8039.338780174341,8757.761748838027,1215.047541836038,346.8892820975287
8711.098090975454,9722.371024138474,1053.7265244139837,343.0928656669464
6249.672305988999,2769.711125049371,207.48693459065007,338.77424045363233
1816.6695917523773,4333.543396794515,1173.591379029461,42.55593746605481
6764.334361438912,8630.95576372747,33.256421315044435,74.58476270092399
2418.593859137934,3826.1350542726395,1341.970433061055,30.29037908651057
6686.888459788848,2780.1572845078717,63.23650567969159,160.07847681480868
1425.552722342581,2656.6177533075033,396.10282557424404,318.20494333919316
8060.920868728646,8754.183245185268,1283.175914611746,110.0986357506104
1231.9488525787378,6514.986385109192,1007.6507265003859,216.96820164487454
2692.7600636104635,1447.6689439934628,1142.4880020403975,253.81685211067744
6156.771838863056,5466.983965444601,571.7648993238057,312.9456330060413
1653.6439862858203,2974.80922752296,749.1580599341274,200.37727359629147
6813.699514253862,1665.8227236502075,987.2426226711387,226.44217337956752
9779.196292616174,3774.215580791584,890.4184248016855,1.7689899828397087
8362.706536328365,5452.010160469309,810.9177866406371,4.175341406850206
9398.287407722113,4752.221922002662,839.9918477946761,215.48210190820797
3090.2970313395276,2103.187601509526,724.3032324843355,282.4477778579487
3355.9055144985714,8757.735454138627,867.5967542524033,309.22520603180556
2154.691346301334,5975.953482409786,384.09540012142355,82.41221234426646
4984.213112119982,1288.368148020469,999.4366058191433,5.3437118224411515
9126.230300131745,1666.7292418088796,1482.8761895875111,309.7587611392013
6313.0608012735665,2159.5501588982493,1157.9662291936968,221.48646139905642
6186.605705522233,6522.3087402784595,1498.818667760901,267.3052643258279
3588.9598342006307,4746.137048516808,1350.3373312457434,272.46139769677796
3969.2049091319627,8828.111987845337,187.27671189097123,206.0010499575132
8927.018243339247,6878.584872024592,371.5410325135908,276.8765195318061
1318.5654790762485,3731.2900902736174,1019.6748122076202,259.9521149105122
8644.18035417744,9925.229633696797,535.0152790041958,285.0071058584272
4393.084117305212,1931.4267135432638,241.92342952835935,116.17302836645327
7072.254485646688,9915.666922474906,430.6737424447269,146.66920058317422
6404.259810106724,1299.7967465468196,1196.2481958615178,134.25956552609725
2442.7396046968133,2377.864842871834,685.2157383513619,280.82603257824246
6525.898974083175,6245.7746299268465,1115.2551277757887,125.39247042330533
5276.561823156066,9977.906287384101,1383.0807247838784,21.172080766134567
7259.290824812152,1846.7283283556287,875.121828087311,334.1625552090354
9001.466162527895,7840.165214123059,624.2593200587899,121.73480377384921
7054.77417809223,2033.8838642523774,370.0631938492356,146.28220309719947
2334.6925875583684,4133.838869699997,1097.948392304874,64.31610682081595
4794.739832998608,3885.971699731329,398.8883672152151,43.63200773665619
8495.785538825396,7854.913415553035,997.218209123882,328.8976798453865
1820.5178401002208,7125.739824711484,1046.2981309990453,51.055981583210176
9800.902056725954,9850.820969739521,1302.670788323011,187.7665965091965
8141.29822093664,6356.343248165761,361.39904760224226,8.970121459779342
8838.80890800006,9134.357964955878,879.7754753000888,255.54208576531022
3837.476308129886,2921.8584994842577,570.9563590489256,298.89272383650666
1342.7474137251095,7041.876939370365,903.8272753852754,222.21144639565617
4280.570010187534,5900.205919766922,430.9361159341369,46.201496653881776
1981.5023136129314,1397.0246030389753,1232.3755225980706,142.09593435983882
3619.1126407936454,3717.2596407734027,692.1573474765481,95.07448419093095
5883.097921101131,8962.9829668173,217.3809788362974,159.03956840174294
4291.966829278185,1325.6818152762362,1090.9948156429246,120.05016420465209
5093.406768210272,9184.07337396053,571.8771820683825,220.17122370702032
4490.015638082525,5525.013801380033,1466.4519063146788,228.05571270657398
4718.378885008091,5577.902048235967,1320.9841656328238,159.72691492956
2151.515733561311,1915.7658786144038,1310.6089799885206,93.43498760035993
3655.053142131565,4904.1428565795595,66.85892769983417,327.7093523825614
6847.695559381667,2275.0739181031195,433.23017755515764,204.51971859813546
8393.57597182734,8725.914953980347,198.2623202181435,282.87647337939984
2834.3696013985546,7029.63541208004,1310.8662788994843,41.47391435523885
9047.019696726216,7490.269172474438,1231.26738447564,317.10684937189814
6646.843339214086,2422.591801613005,696.3410211809121,84.95959546651655
4997.532641927704,7080.447253962703,1490.898638487679,293.53913508206665
5602.321690505678,6546.843425039929,46.18963559415994,53.83787649545812
1974.2589796948264,6298.848516143642,553.7627892836572,134.89259885679834
9080.399302306789,5377.28832162366,900.4984643138949,24.19697216040815
5071.866359673505,2614.195280440482,375.9450591633959,90.93642234312962
2064.9655525576864,7906.891012209978,1235.4943658946236,238.01480382791692
5668.049727689131,4306.119113634749,170.87617306698553,167.45968146112406
4987.722373769729,7670.6751780290515,569.3232908440285,11.367993572367595
8308.438577817913,4651.9971211221955,1172.2943679075534,230.64337506897988
4144.403849128965,4299.983110105634,1302.5025812164774,266.9841083863948
5304.294704107764,2417.054381081489,1244.4108904032266,281.3611918675766
8220.50331898404,3187.8216487031723,864.9927204612604,342.31858852240805
8511.212796650869,1235.8258464134767,972.4246160886659,177.86700233594067
5106.764507103497,1379.9128664697612,1345.793993765691,31.019218398479016
2734.278614276882,1322.2373000542073,98.47853184944732,152.6756480474229
2292.137896434453,5306.38379867059,1446.1600337169182,347.84225958540577
3026.6406330327586,3157.2494622184668,676.7931550723023,38.45908617745499
4071.810307344739,8027.371428807854,1209.1311223957714,259.61735175026115
1850.621802680746,9139.737365996136,1483.7869457551533,62.04840410858935
3775.000390670364,5757.261588791852,694.7567724104209,213.09848846999097
2635.152655923283,7062.939687753839,666.1834465104888,27.794432391124396
2583.086750538468,4790.674519998539,640.7910015676076,81.4775968024355
3813.2505642082856,7023.174875711547,763.1638419181113,336.98067919976717
2913.47744185344,7048.389320487621,792.1896757326413,5.6208724751293975
9433.908657530286,7113.286543557184,616.4198246319797,24.734701679310085
5981.887957953057,7174.337671628518,1077.5065800790912,359.84739205583173
5206.492271987091,4107.136656484916,1376.6569612740057,151.55437755133804
8087.069055115045,5955.665827969012,233.0001508764615,84.97890573810375
6156.1781774084075,8213.127677968227,964.55050289521,333.9041188609748
6840.196632989444,3218.8871058170944,1244.8233150717253,219.1133717671578
8025.398578089715,9298.875986640878,647.6195659011123,265.75390865185364
9558.422862275607,6145.30774497833,1090.7744629185206,77.42585370345128
4537.553242781315,8628.103328338155,1337.4749547862089,134.78912521785907
1914.5505820670137,2580.8593781660356,883.5721288699117,157.70088856025365
7148.481232497281,9440.523253958729,345.92746828026446,138.17665429614976
8029.509290050318,2057.77591646587,116.60805442281327,180.25417531448943
2302.1790881028205,8656.24914376004,722.9743609217115,281.19687696067695
9148.142701046912,3498.3439644868636,1173.8226319316802,186.8607900953176
1851.3332489560285,2233.4273931378257,585.4127185352828,177.5388688227466
7619.240494236976,8868.492671653185,1199.0832337831598,346.72792438933146
2993.4472417835323,2595.6710104920508,770.6781270654279,26.39673403320565
4315.52904605195,6027.304741413136,778.1055559152684,249.45949815527266
1175.5044020311952,4437.4674363416,1155.5243693526218,351.9387200533895
2656.303561037903,5568.914481699202,100.0917788934842,187.71828302012105
6037.300275526607,9403.484017830062,670.3621334939094,191.20315598857465
5879.402299447331,9869.594372427977,792.2975854718483,222.5927334677823
6642.042284648578,2943.434301102901,955.9918911536404,104.42003733747993
6175.601891791727,7735.893837678147,36.15510178759612,89.95916885404945
5043.629577906919,7480.690566141573,1060.8744708347685,169.1226307192393
1188.446496270785,5953.449048687409,945.2021957823051,47.33541395476057
3524.2689700394903,8211.185828305317,1006.2421380871023,251.98875534631122
6499.53536988376,4882.605079528119,161.87878449792217,104.68258822152522
8294.62495537095,4274.024712387843,890.7576386571639,134.71475440549187
1679.503668467623,2321.983298183315,793.9358753556004,57.60139594156285
9051.637373552257,1192.3333958332287,1190.2763183084876,33.53350297498884
4884.715464099398,7156.200163787851,721.7949753404569,156.8345835769558
3161.7465237332326,1903.4404825626787,1343.8947455178152,61.641105795742206
2294.1462770314247,1965.6373416416732,393.59705265019886,235.71068807401372
7033.914205120178,2213.0322128187754,1198.081406227366,218.09751688678833
2943.4257980361986,4584.617635950618,771.5042464471519,157.09844107372152
5170.804552527594,5287.19200343795,1199.4836643335618,115.57759280724538
2172.1266521595007,2912.3038612286,7.822829439551954,332.964207345417
9437.729834547798,8501.187526011585,1022.8772795825083,114.07833728228792
1371.6836184320834,8228.154109072026,709.1385350589447,232.5564352041067
6812.43230307763,8044.9652335368855,1345.9224425082668,244.86743118257039
2290.725942276862,3323.3450151698817,519.396638770782,129.13176550496533
9564.415632762513,4820.208375803804,1172.0386010526654,128.69971056827856
4968.5939376607985,6564.1863434509605,571.345749425743,5.135355629408413
4683.482337754269,6301.697323111752,1492.7998796680008,20.653289545421902
4325.758671402937,5953.020001010089,1431.993478533997,267.507146507791
6689.46294073169,3957.0244143882746,535.5887544805656,305.0958523913719
5832.380052174401,7918.736300951601,731.3551834243386,173.56226720906386
8952.71510773541,2863.517516529958,602.5789945898343,66.75365067710177
3974.4456840586927,3463.912024621916,394.7361861926552,6.26955766191908
5266.423032662793,9464.444975290402,784.8589494098594,298.9473780662098
1772.3067937447786,1647.63995713348,271.7758125207884,30.816009275771734
6895.491310573003,1267.7866595801252,1362.9920525682433,182.67029576621516
4539.456799303401,5522.891460556889,159.2183676941008,110.94477766781777
2524.5469506464106,6384.732660661266,1309.3502984281872,159.57159896616417
8069.124268350889,8181.327053283505,376.16202240214915,1.5438588088416454
3405.220651023523,8023.54934403762,185.05611948995679,37.21667877043496
3372.228415657968,8588.229680090502,681.6262732431761,220.0686572116997
9854.356255697108,3968.1630645189443,134.03266137726735,319.55436880168304
2156.921274198305,4087.4408874262235,1257.503609010332,181.44783660397547
9969.394903533483,9162.175485419379,1198.3754154651401,137.3314359624442
8754.813593652852,6119.640006863682,110.18396832505647,318.2161982723206
3281.7829987743658,3581.6948967947155,214.07909461208214,265.79249236024083
6392.230239586607,1160.4165528833246,623.692393751642,88.01080275203408
7798.239222018267,4867.768922182386,524.5330174639412,160.2999817447041
7977.757586406125,7988.253363539698,730.3040403823866,303.82828240527556
1452.1919314987474,2125.1961831177273,343.9061973805753,277.57399535070857
6366.820678710044,3817.8823342780574,1240.3721049485873,60.42460159750311
5170.432345946945,2679.152503235462,1219.9437700229796,216.11859771209333
6741.5022197364515,2938.783814327986,1364.0559716020214,198.79479114385796
1797.0190488611452,8680.415831711955,1343.7108359818005,199.91576906973842
4934.277831696643,5112.148934475706,181.63510274958088,26.495408244702098
6412.219517809016,1412.0728471754153,1473.4945317484387,64.69328203528073
9289.07020359352,7282.045956779732,381.0594630650641,326.3628538215406
3048.387515576375,8693.502963491293,839.2839599795959,236.40988414663397
3051.0860084733354,7054.55704073212,1193.6726305557079,209.45326107945303
2318.973304846724,8724.713722247641,288.39157679500266,241.02301906638027
7761.794669981982,6827.336248718155,465.5088470655165,144.2397051644196
8592.949650494214,4157.02249330146,813.7394680048378,107.80701308065838
1184.3319235703957,1949.9467665230784,113.42898157932181,200.11584697793876
2676.3447655495866,3487.9552130817224,495.2783347864988,297.02045137998795
4041.3591905214485,2778.3811779176162,521.6811156628623,229.52089974799733
8397.24678591916,1695.1965922475379,1236.1617451927323,268.7209471584159
1470.4191791664302,2152.1831180699164,1486.4815273496517,211.72912781697627
4744.695824732853,9414.522844646752,368.25939170914666,44.6480781369854
3923.6237617351517,5812.526139772316,173.81694439805298,231.5282763045182
1551.8948231266788,8995.360187045811,1016.373213744621,346.8410021616548
3564.4153688509477,5479.813951464593,1485.621907965467,92.49238425654674
7182.058883765582,4147.3898446226485,1135.077496737754,335.39575751845877
7425.31934379458,6812.6393009066915,226.92331872408653,113.9988859086354
3909.4467258134423,6507.11627755388,612.6552260937115,279.25983045827866
3084.376684231049,3600.766471524379,442.9582058805722,67.21961554170629
3157.3939624842415,7189.526343866199,1379.3513657676356,61.45014827010721
4225.66010687725,5977.545568169304,1268.372547865244,129.93255443012242
2988.0558249887877,4949.814454858282,46.55993021844421,105.56328536168455
8565.837931996288,2770.3457269010723,412.1076830545671,32.96588666719999
1206.800053011088,1534.083082613261,80.23238675016364,212.01388156185055
6201.514668653169,2628.7890656909576,1465.9365964656258,109.01771006961297
7785.632065391291,5114.711632538929,1177.3993736234718,102.63154336539367
7280.403832649242,8260.891295539339,506.26489414577617,314.96122669747047
8620.925300888619,4663.043520184155,286.23237106937273,13.217486350623865
9988.92683701603,4033.722242195018,61.58835275983916,248.088217065972
8439.997367504357,2168.0216065053455,872.489382855869,67.46171065817634
5628.0298538094985,7331.771710781143,990.1030903695663,177.51747239223704
2114.341010078445,6445.227456902957,1322.4802300991632,130.19871484369
2150.8188658842814,1211.5629651018617,603.1202186190566,272.2853244887136
1765.1709588376789,7393.730435944768,1018.7267714199749,276.05768260234987
2926.1092530410133,1435.2637730401623,1256.2948081588838,353.03508979672324
5677.225869160302,8062.285190846137,1447.171995110553,26.612647238927472
7513.798771100534,4353.635664616279,1072.6320188387238,53.997980871921364
2749.7677276564245,3718.2858630797928,338.408594866247,282.8196523406478
9224.045781903655,7524.074283835422,101.24074899915806,269.1011643034708
4795.25179326763,5158.581879991321,455.9060537770693,315.31045152254916
5147.136614748642,9495.924277924381,1058.4317323274697,178.9075911565518
6630.801548644062,9592.228076405438,872.9339944388964,48.5955737475791
4138.546272270173,1945.5109045849092,847.7222990912536,337.5977333789862
3861.969435072441,2048.0156783573757,310.0469165770397,292.77470136651124
7748.701114701449,3022.8867622466187,1059.540086837742,215.43343400028292
9134.499726611646,8044.80519872483,572.3056192778812,183.36263687205437
2565.672226011894,9351.714980794317,346.97120375420667,313.1094751697251
9734.274562579056,1694.109112326511,1050.087462046686,229.03861323310156
6899.643773814228,4292.624529523757,1283.8536916468556,104.32090329547269
1173.512167337912,2752.376831426942,1462.3593457038241,2.2324106953163736
9791.218797295498,7240.38947672955,997.5178117522366,122.15969977306345
1849.3964601825082,8210.541176627,652.7387814326491,266.2782006772778
9931.24964254448,3320.0426906757757,791.9690283330671,271.8498852405801
8390.159885882096,4356.003651969682,1090.2027360678921,107.81584267922592
7376.007179967893,9457.35166379393,917.045368318618,207.16690717028584
6996.271641657304,7820.291987982471,497.4010677164826,128.14730822963324
3296.444620552845,7133.047113799952,733.8731808765904,210.91358088850527
5553.986040101459,8836.643040246296,382.3380162196128,33.41277988718462
8749.387974804751,8968.83118151635,1361.0934824434962,320.68048549697704
9306.146322718523,9488.990048745689,534.0723403344484,233.79653306862141
9830.629153762693,8145.643504011388,31.421753377024086,280.60550805413817
9156.3836960829,5168.629949416755,900.4760344132997,256.64279004504283
6137.346205123328,1860.400093627059,1054.8740461897282,278.1267448622958
6495.583341548662,8423.664226193916,1219.4668091255191,109.0782696899583
7911.153287381935,7317.030490125211,1394.7986532135794,133.0483745183992
3343.9564416658554,5392.639343518589,1406.8095369382322,101.00073553858434
9354.875643760619,7336.916622842849,376.77797172142806,35.025659385203205
7842.989293388184,2497.5073870989663,1077.2066255925417,168.3193439679249
2238.760509040333,5158.093833560455,492.2998174111069,24.95375213497854
7180.846101416628,3718.359050232704,1001.2382887438562,263.029007501946
2654.1602963379555,8785.198995607247,75.36111546187828,344.6671824877791
6470.507356267145,9529.956954117151,192.87042464018057,126.70870175924308
6904.28435698993,2813.697702298467,1147.8233324364548,14.134594488807256
8151.096135383441,5468.861911926512,1067.0508070885205,286.1458096364039
7515.049417557675,8642.562649941701,1455.3622324772705,355.32552196895136
4934.31602024516,6667.5519766114985,873.061304124787,88.44480879510772
3191.691852976918,1688.4382272519047,173.14746919342636,17.233096430258406
6313.885121051488,9492.147958138155,361.1838714408218,340.1569734911285
5027.088798640234,9385.260005393557,478.4112468188408,319.169928841935
3266.7073166326295,6717.866801522371,292.2117977854252,15.793059693432733
5037.985295919923,4973.066368666776,479.75378433518534,212.7132804580339
6888.881248995591,8174.4113656753125,834.0603844766281,320.60752673572887
4156.8442746568335,7910.835340964418,466.75897367312393,337.25680280577393
9933.910944587336,8153.661547166181,504.6624264302225,320.4887998692877
4855.288668273003,2638.0345664778397,647.2903661698217,265.6412624890507
5620.799397499733,7401.841001994396,323.4614249450623,278.6358140755656
5889.002325093036,5011.260464806097,1427.5560372603682,50.153033716837136
6955.468780941889,1198.9568126421857,810.0215375475456,88.2075829168975
1599.0421616048511,3351.5567082942953,1346.3715466586953,196.37118855007557
6652.19205526991,8893.878097124425,1055.3200511940381,211.85140429820086
3870.6597012103375,9907.785677632972,494.5122503424943,135.81991054806622
5763.247552664825,6721.623664354963,239.40010456463807,84.94282831484385
1823.6431162351294,4157.433411376323,705.3348658045192,260.04185653607095
8187.716563242466,9202.286840378547,426.7017086268334,342.9020052531681
5500.946055077877,3106.900974937882,1273.4019770246346,278.97966954790013
2549.1786287693362,2968.6389012665354,1298.060294364195,265.31902061070645
5514.197180729638,7034.139116777892,1072.5456419309025,336.4407858608406
6674.425519522203,2619.0772844397643,394.84456754020476,242.4243554927574
2340.26676864286,8038.113122733177,537.7713997937195,147.5541073760061
5930.648537242752,1253.5803409465686,366.6183865623824,34.529896992468544
9989.257286504784,8706.62658655107,695.3520258922605,25.974268380003313
2543.489745301792,6181.461205131348,47.76813198986695,11.447558400715796
2877.414778672007,2168.359143891931,42.06782317147778,152.52304969605453
2453.9104970598237,3002.5294455625626,1199.851178804432,316.83615357391545
8823.06492521492,6859.693192303302,182.6987735900074,316.4131166960759
6495.624701595919,6423.417168856936,303.1276272036853,295.3038301171132
3151.659119016155,8535.157193902123,195.43084630409496,51.54555961521866
4599.0309217297545,3733.6128474362877,626.0386045719392,66.84138019770543
3127.0858904477573,8740.575119727804,6.550196854038067,47.55164729134611
3037.589259455186,4092.3125413002163,695.5169952189202,127.13187419666794
1569.313058178947,1775.5431045226858,285.4241476671261,236.20873729680756
2018.132664071445,9661.27779126183,474.5080732649893,161.99586885780985
8218.447246175663,3787.6710509867034,1286.5759623943973,27.465816650970467
2843.1970255996957,2743.1339652413685,1157.7114280545766,327.5580982198453
7327.323553750377,8268.175578598435,259.26559017045287,188.95389980795085
9059.764401917839,6321.561729389964,441.87853423217484,174.41019950766503
1595.3434546220262,4226.54045170486,464.6089947114768,304.6974386755241
5819.026002131804,9315.061902607236,128.05082087945368,49.92424955465408
6629.680345986721,2411.1625656721517,1008.4339423958227,141.86535089687678
9956.643581051309,3711.2812224481986,1274.0198080219182,143.91165183454598
3104.898165663467,7585.660726820645,644.4955537143736,253.08939816706527
6851.532509739929,7079.375122914407,1498.3686050733045,73.37503818774758
8450.388019927614,2110.1138744486007,1156.3703278930834,213.65411030892298
1947.5546355522192,9190.38134714016,570.4803138554773,69.23962509668297
1747.7467814107185,5740.841815436417,1333.8327862338463,239.288321015253
8163.283438863356,7668.989220052372,928.3413053237596,312.58893159376447
8340.529606742271,6917.668947298479,843.0953742008373,114.01343169553869
4022.337041111341,9278.02424648619,1159.5995710670516,96.96485103169721
7377.049658130392,7304.920215849911,1294.3420141018391,303.706298071892
7534.3513124747205,6780.0452534756,300.402037970641,292.06796469437836
4909.440226563918,6662.774465072886,637.8573197733039,47.82674257982168
9947.880049851712,2781.869463229516,349.5329476385,193.1521522462397
6416.832219379753,5536.786274796906,190.00379688341204,150.61253685013585
2965.783466229268,2682.890181302758,1300.8618163020335,341.6920964337028
5339.306269653939,8546.827219898332,481.7968747124887,288.8770041773236
9200.514258406198,2817.9221943194652,500.4489031222525,27.010830732717174
4348.445499652873,2643.310654958448,1114.035407406963,15.531460262750246
4374.835097199932,3640.021058878595,1213.7283348904452,308.72088974495585
5422.893538051891,3662.4492309852826,59.560499294091976,252.86148274810324
9974.763782442304,3384.699394475968,666.1874929673799,87.87775356851941
6938.426151355526,6124.148192813874,1205.1054382183409,42.22440246886162
8277.832566700647,1255.6928566930753,1360.2454219975539,315.7176628633532
8949.686264642822,9243.003048724644,837.4050033843102,312.55709921884807
4849.146304816341,4765.534651814037,126.38935271448113,241.2940406155089
6387.938321542036,4653.314124438466,1444.7919083086706,241.993216273507
2194.318539066133,5233.968155322876,504.73777856482116,63.35108238089325
8177.942497729135,3024.4940009498505,982.0539859105397,39.65902535534942
2059.6391975473466,9327.356038690712,1468.2625383089926,239.94748961524306
6110.375475043806,8917.912649787848,172.04004318639025,307.8494885283169
7589.667454390016,3517.1046216277537,18.05471895021709,250.26987973354315
5294.8317835141315,9827.372518943754,617.1187206124993,131.1812397916255
7639.423126538324,8436.974111705907,236.58028980337173,142.00459459197805
5499.745139538152,1877.750043038714,300.2642914524318,94.61571251195042
1948.8720556573787,8720.333852940166,879.072061865733,38.90585013011345
5591.241736058575,6919.957324844646,596.5078026369921,187.95867761163535
9918.846157798233,4701.499976993782,369.87341129863904,335.9990638341107
7350.191605587307,1858.1699427945146,243.71264629764997,168.4552748433272
3948.1964212119037,5596.9235793175485,228.58398815427773,246.7869046857033
1818.93239768652,6133.758549665487,746.2950347794274,227.98001408943443
5540.921648483186,9931.580269149274,826.680593897973,11.603578410501157
5259.931779663689,5935.480225674607,749.5485097273692,285.7402855842967
4650.036249216851,5637.040393363469,1021.8714698338387,142.02676254883187
9078.783899925811,3133.0618559371837,400.895573597683,267.5397367171412
2413.5748456263946,4550.714145374744,763.3264110260451,158.2697389792103
6691.586125995144,2474.971985654912,1457.048530977893,319.64350159838733
2462.0239900141423,6904.088184886386,1431.1047607791468,183.10243052881864
3795.6637945808357,6328.316463056621,710.9695216174855,139.52380740978273
6734.5444350741445,4521.660643142404,162.94980338968273,112.35270962199262
3661.2347891238674,4255.550181248182,40.03127347576943,344.05669344473733
7372.381297978319,4129.110560633879,1459.6281569065384,349.0272848081088
8174.2788896641905,5566.75774007762,1139.2343753615432,348.0444546188582
3074.428107479476,6393.290969126337,1367.9394272249433,74.29053723767666
4230.650576079424,4284.373582061602,1358.7274914595605,12.435957276840211
2431.257657283337,2651.049144925104,563.1961822125731,339.3262124566586
4668.773944054042,3427.592949405243,183.29114449413143,296.1046775248927
8314.204721984126,2815.497816603185,918.0476388573168,270.4954510296868
4756.716099851768,8704.523181085067,878.1832354100185,299.8666855460643
4751.6727951517005,3391.550416961531,588.4925159210703,317.0374804598678
6427.928675575169,3170.3985106149075,641.4201596920539,315.9128709529597
2888.4877035950503,6314.659295976448,791.1914836621162,251.81035597155685
6315.876405116334,5627.358519758352,1328.7698723236877,97.22012095672584
5034.160206380718,4096.1101756837725,275.44862770408184,87.81035419509031
2012.863190712733,8699.350006596585,874.647985260883,174.86921296972852
4633.893224778026,2822.2214982776295,1450.2002191509441,339.82606167831307
2605.2318871429216,3622.736107232551,1118.1302950893723,217.56858576549428
3385.547047246886,6027.885329146571,860.8900723555466,357.362638056746
4674.296927445299,1909.1146379309373,16.315791362799835,159.4404493147898
9771.06852163838,7250.748653778052,474.4777806038939,216.80790329420944
9125.232209774822,2679.701367515033,419.47657074524244,260.2194021981832
6928.862813048518,4763.375570756112,1494.4445858900938,253.06194874772277
1694.340621890728,4622.3552817187665,1335.685843126967,236.12971193617267
7948.88332800426,4739.405354386197,1311.3690592358157,56.105260421855135
6872.322621044683,3576.304805808358,86.01792101739647,144.93631607038597
9088.60869935201,9489.631133621264,1486.602150786541,127.56888314894903
1650.0845976950927,9746.4417124805,432.4636113256263,344.8097290134205
4843.7752361455005,6159.643774526932,21.317344507549087,234.5453691382562
6951.692770557722,5110.1272760805405,930.1420216722346,246.60867656358718
3154.8441425597644,6027.194729117856,110.79024076065923,307.47161407323625
8301.589515594264,3840.7189161378396,1006.2841954121719,57.33176087887164
1850.3695686972394,7186.7901372594015,969.785391207322,29.525872187169718
8354.100657391351,8016.75721225663,593.1245654349179,292.3684258291581
6922.898698670036,8435.624701932542,126.04553316825731,263.23148720207377
5377.970322415766,1839.5731751740104,1033.054732242808,185.72408087444907
6640.797624349877,4087.3066909913896,2.990432117415449,160.60445687574702
2298.5012824717915,9104.853263887197,487.77147630000576,287.04053485758493
2336.202372411545,1356.011046358138,1212.5622757600433,35.784361775405664
9070.004760232758,5973.820811168846,553.2656699561034,272.50847441653565
5443.687818145407,3389.2559576764315,1466.9695514917264,225.98349536183127
3356.0417373014184,9895.534439540977,67.48598541949585,263.5524359448513
8889.509942522152,4359.560260877899,57.746065734013875,104.76142435124446
9008.956316812217,1404.3290582407517,933.9995638764809,162.99018536337792
8488.56979909628,1861.8208971611175,221.52719335122288,67.41736856676668
6629.886906260654,7367.150761915638,1354.236840790784,351.03719716669906
3863.421746132728,9855.790867861228,994.546151797444,224.71914423580435
3604.3527101068994,3673.3248826818194,1355.2856830835144,61.036200007699215
1316.3917793950604,9975.700627569026,1199.6997911688734,272.87282345953594
1229.713279065463,4372.588755452882,977.9584412654909,76.06555980881622
9970.858337488084,8781.841652780855,718.5714325521467,324.4784999931323
3624.611082083791,5102.2418240704965,951.9219917608006,246.98824630896658
5514.518968866356,6095.150564970625,26.44392634919549,278.74633045638114
6728.191503992025,6312.757088368792,139.03116397392097,224.31455710396224
4540.332831528739,7686.656189757042,1169.068247368173,88.6793462883316
1473.081665081387,1254.6550876861365,1447.6303434433376,25.960100819110437
9492.359030629988,2565.084822172066,742.3646343732828,343.27590968097377
5617.28232501158,2954.4312586154033,162.12128733969556,47.01738919970141
3719.2735009698795,1502.339319459195,1408.9552519834574,293.4397043366295
4345.758739395336,7218.398341956538,1313.623420978056,194.95276768960943
5413.754464399214,3505.1259473756018,297.2893314862393,145.85764027644038
2271.173197094603,3923.530951966911,1172.9006712654689,126.36942558526921
6727.1894486787305,1102.0843643807148,82.26399103831004,290.4561884588519
6547.832373228636,8168.416029436191,222.34792982846253,321.84583378106316
2192.859130360517,1724.2452743430304,1041.2323331597418,4.713544487824545
4963.172242916931,3112.0221348911905,908.7072863681127,164.515098376659
9833.993411875188,5261.525233397902,836.66137259118,55.42384079992089
8976.107147947918,6645.935704465256,807.224373285558,125.09333559383803
3897.48818368946,1204.0713687047078,236.00797019656648,113.71252801138318
5777.245915749263,7271.649434943851,1301.124752787929,337.45459068263744
9297.28362205222,1377.0773514046327,375.03221237999065,241.4213676767561
5487.942388014912,4304.332418417012,791.0999146416772,29.797465978112005
4708.5199424606835,7133.016371737205,751.353472891916,196.61082765980294
6098.450669746814,4304.957804793188,1473.5854600392036,42.789821829843696
6624.2948665781505,8437.604544362219,1015.5363621914736,293.37453488079683
6899.99884757036,3054.436374036585,1332.6215838196529,139.57067987896434
9941.115574069914,6405.490318295277,1105.705728858419,168.77754852822886
8093.4728749508795,8874.710106134451,334.3815252216297,124.929912758684
1795.438707184762,4834.929413088357,406.2469952807545,263.17507578656813
5929.784761169206,7664.899650848948,1304.5790665729073,262.62968084531394
3486.098327233649,7152.311925975999,597.2402699120738,261.25551011539034
6250.28296002384,7649.76796096643,1160.203444934696,289.6852997480095
5542.51804618765,9500.677003383289,1135.1182725824158,84.17176834888929
4809.886641540493,3856.5544158072116,116.08668533628878,141.12351527288806
8134.583727259219,2012.7597559405942,1137.000937735599,242.8915705470706
8218.646769785792,3374.838511833484,527.6561053277118,91.66914128262064
7165.90391728863,8358.703995130101,1475.5076912843106,6.680417619905867
5639.778842218809,3780.2174889023495,1272.1255352462074,28.72579367294689
4033.3520607590776,5597.706118768132,541.5194350983946,273.15610324468935
5405.042385056507,2949.9446651045037,1283.948745603848,280.68091173776463
7597.210526025937,4887.34479780859,1489.909890860131,275.0766586803745
3160.409066926261,4875.289794199325,1093.1994613395898,58.59277647311723
9989.303102690214,2781.011316165238,760.0366949664777,91.09387945177875
8931.996371040092,4610.668508255372,25.707392534525653,149.18737556764074
5812.785418853477,3394.028196072089,911.740967955955,213.17378686243913
7717.2651672172815,1927.1873661545333,308.8428199499525,215.95013223764042
3276.6267752671897,1890.1154828361532,1347.1360638660049,44.47718065984798
8261.113677449019,3007.464004886018,464.86942885035205,33.25570599052633
5565.03685793819,9352.24896164347,289.70021482453984,135.80128913477057
6918.751919793585,7381.559691988783,1050.9273461661542,123.42274292416543
2561.482329704181,1813.9577425418966,1399.6383469290254,56.44295307722499
7396.702953950531,7418.658067196237,934.3758796602821,20.307224390224086
7630.456871350378,3455.2842962116183,1182.3467925239518,164.81092396699648
5565.450622826097,3853.171555427591,528.4831504827574,335.20945308785423
3096.16526791188,5984.857435239451,736.8481915892814,267.6856768647978
9106.093462339037,2605.3939994053444,440.9058214638657,219.08916955129482
9370.317659979853,4967.857494915845,225.39622327820302,332.3414454373298
4971.996062837716,5409.16713527762,1018.8070451095192,206.3020331761592
2698.2274380192293,8479.795611202551,1370.3150898467366,239.79331213166992
1274.960158667047,9320.735545949974,29.420979007003318,28.950117843209732
7481.416565186255,5116.057094052768,877.6440971010026,54.45806885941753
7718.072788021356,4728.851142697253,1077.9169368047358,21.92610839388386
3551.5993577025824,4146.965735183667,839.3502747580715,51.740180822714436
4669.618148483871,2396.8553573857753,895.0362900958203,196.6946948348559
3506.7667716145147,7990.505279637685,477.87203798776557,278.88659878707904
5546.023253784606,7415.60685357361,1493.074642244045,202.5448391728269
9722.562275738823,9370.367306134684,1022.4685634262394,350.6294346626062
3689.6867131589593,7362.160795683673,1473.6934431224154,283.65951474369797
2312.8866729182364,8205.999444269139,355.7583753768965,202.96123549374815
6602.106223867965,2954.285814405379,646.8623590859634,8.999009889479039
3714.205527839544,8098.967507738918,440.7793105334275,188.83783634404682
6297.188427191905,9966.253722724276,1069.834224322074,227.19042680498995
6227.737845265107,9566.433399791136,968.6003131542011,94.93959896706265
3226.4263819000485,8426.145790461385,244.434440406784,42.27869016801253
2568.2240003339,2928.452325378345,184.46225351678697,92.78456218501158
3944.8024711555936,7082.769669644551,108.42234743330248,278.5136815393216
7629.096131729013,4052.191151669687,1487.3215878172232,127.29233897414765
7773.857951143708,3804.283343200667,423.02899553976124,242.30370615242057
6236.0666991176295,4554.874804139694,1019.647537435461,353.5458152258191
3439.4509438598907,7567.9969325184575,1032.68928438942,50.08405202936482
2161.691989989672,7347.035226554025,1058.077074195445,357.846601449135
4656.359766106778,7792.287627649899,14.375143531215107,3.8535851294853183
8564.707829995907,7801.061394225675,1180.1631127503772,68.03995348551491
5249.735286056273,4125.397630006897,276.3782237686011,136.79560306924148
5639.748229209048,3064.2662664293357,554.1996837417644,337.0916639048422
5884.122060781527,2583.877449567529,1036.0827265846315,116.04197694842651
7032.987588836899,7274.780539964597,33.87121770145457,16.86795639743101
8883.591145580149,6830.589528504956,310.8468214732294,80.92717949368746
1976.6009876777284,2033.4815840511878,1355.6409810890364,39.60030725790102
6204.576077411423,8298.85243614185,1004.2479440306133,276.5080872932542
8083.6868864521675,7955.273044080325,729.1096612637709,300.47387721750465
4670.62520466247,7384.851072260602,405.5265094617245,185.32830052085595
6766.812326910055,6881.864054947634,65.88957731984144,119.6328600093916
6320.961488983924,2721.348719864616,1470.5283331936353,24.801649060918788
3695.482276238022,1489.2132142027313,624.2064749388164,92.4766069073316
9389.603048723517,8941.418078820196,691.9333584728097,146.55098453847742
9277.965694018178,1322.0357103424367,273.83945909764464,149.37763089841323
2894.2101276999592,1476.225591672648,752.042231316564,281.0608205314934
2751.6106686238345,2483.4261339512523,1107.4565859790687,237.2842271129994
1654.792147905537,3811.9505410992597,415.75229732868104,100.33463498943995
4710.90779037158,3065.367360285067,1285.2883989714944,4.503294246747052
6642.01555368969,1869.6287623888932,273.28435004491547,74.19052216745774
9269.674942213445,8878.01450821979,628.4927674002058,31.251549131590224
8305.461277207069,4084.7667802225374,1442.1263116306077,95.86033848140958
1868.8155523138237,8905.813940363114,247.15283285712798,337.6366988508011
2890.8040345569407,3464.6588435902104,1282.0021297195685,163.929258371379
5116.289300136052,1451.1841554063813,1095.9537670255495,308.8244789188789
1155.0167401998588,5236.79283481384,904.1934544512617,352.41940154060876
7780.528036319967,2831.7977375887012,478.2149505633048,37.97025172155693
9993.20929771811,8464.267086636544,1151.8512646423774,262.77670752535755
6035.490576866335,8158.601834815328,971.3998617788797,311.66525391480116
7532.639344093602,4787.9048007014735,782.3010600492439,90.02900789527025
6471.641737921459,1633.3325695374997,14.89116349983469,297.74366609541613
4224.370797791747,1399.991902806623,941.8745667627283,5.288384843322888
4886.326939556237,8121.58951168554,571.9598885424266,328.1031121961911
9410.536680614054,3538.3151889169644,1254.2611545684467,19.426267813261624
8720.462155639187,2306.0265036013348,455.7412684051783,50.70332122430021
3221.4374077795696,9709.726719864804,124.68555444419572,71.14303846458961
4234.505959175017,9122.5365229116,1106.8707153874882,301.90141163521486
9726.270357486554,2040.3933276327268,791.0496678335314,301.9120535448823
7945.945813942856,8289.415577658561,1175.9554036871943,349.196632911537
7963.665996001699,2242.207019325388,276.48313476443315,237.8245662483281
6774.390934010509,9866.490398800339,228.26409463018288,304.5911735959741
5782.79970399199,5965.808511284838,505.1647169068905,334.2849141121679
4223.17331538824,5611.975645969361,628.1698965264784,147.95773205619233
6371.753422382187,4777.853219961786,188.58623268648154,262.36276817352314
6862.890869442686,8985.827786632266,1100.6696682304068,242.73910922796273
4064.508122619493,5969.778814935758,622.6834535395421,81.0237905081395
9533.167140664496,2800.8737535795353,1175.3016814488649,251.54296936707027
7944.392962949181,3903.6646335818077,892.7118755802602,119.14158650516718
2495.030301493444,9912.71790700193,1231.950864959315,245.2776508537989
5901.878466459286,9011.426833194128,1432.5132147027841,344.6055954754583
9445.107270167677,9179.35824893721,152.3548528867177,339.92781487701444
4332.917902420751,7469.163608281162,91.0684333277519,332.9828062574058
6949.992351191465,6827.001267535822,1467.3253374059964,120.1788930296414
3193.136457067197,1425.0382736140275,1407.6451582210325,207.69937328091888
2000.021168679028,3904.6906266071705,987.2496403011481,195.72556585058484
5892.796774994673,2544.785488741967,1152.8716732161536,190.28197666613738
2328.7306120654384,7090.710447099169,1189.7862105226434,275.0922326096011
6490.047124847583,6554.748764071092,1045.6780980943597,245.811176435345
3276.235830558695,2149.8692103681697,1320.768940199718,306.9470476709933
8649.408114220034,8730.131097427531,1167.3567998522483,324.1110745235914
1873.20213789792,6435.752669693916,1396.0558814175815,194.6961853756649
9549.860874738484,3188.534517794851,363.5291601737079,289.2768032339489
6219.689748329439,1804.8044839186089,1400.8965156942627,357.1515438970678
9807.547346714538,5057.909941607498,470.0962410994482,121.17914600811035
8452.78317524329,3714.4465085004304,696.3469103071495,107.02355880318845
4473.121991152925,1622.8986803442613,363.2924887018175,243.32296249298935
8896.315660753655,2929.5306153602874,1186.5356189528327,155.42078643919675
5734.2380986109165,4435.510264758369,1231.0150839231685,317.9455472548872
6084.2533467522535,4341.069979636862,1049.3587544914815,277.9050751586834
9322.66815050943,6781.995695494673,1426.7152486118562,295.7903852747746
1509.270159492289,7442.806407945042,1376.6537352461278,147.48678788755683
5770.881616360196,4019.807055572339,1267.6178918213293,75.22765694320057
4634.365192676856,7638.067388943499,1098.7755836550489,5.717487616438186
7244.094620453922,3936.4714141873014,579.786582725296,40.40582539611845
1534.5117907094875,4577.537701569727,1158.587821793749,224.69223351188293
6713.412858233108,8606.23791439889,429.47390137698034,139.6657238010484
4857.2906144362205,8583.691406353226,1278.220700609827,241.90993590547288
6869.663948922099,2917.722264415602,57.75733414662924,257.3269473080403
9353.942764871517,6088.34662409751,800.169007163669,257.5757784981863
3761.0281477133035,8733.69138141275,233.10878854002218,117.3285922715331
1452.77642822754,9488.093993386145,846.7417316100041,105.81824312828681
1915.0865800701927,4419.979041377711,1347.880152434821,188.59639249516724
4880.819236634264,4748.969301384168,38.131610876702105,350.7824033221078
7949.486865809867,2701.756887316782,13.538068422574018,63.580438736097015
5338.56416433591,3985.5575401199694,664.3303682796045,299.5405194784453
6874.085771919184,5875.370621148977,1497.1638078010265,140.2016508857572
5264.537687692911,2767.2424760883855,1059.6720062260556,57.8022298047368
8686.485009428541,5185.189861698257,33.53127777518767,22.33417891862144
9415.260107829617,7946.203506112613,165.90984667207604,12.373746550083228
9277.759549970691,5518.934293217925,454.7865547380327,127.44891596379833
3194.705427268304,7865.907704188734,465.0528076398286,287.98871044088264
9438.120206077865,1985.5460388039733,687.7844783298931,327.1998600634914
4210.464153052861,8269.588659909065,368.8114282066037,236.75499315772583
5997.641808357554,4603.933921269441,1408.726478730249,37.81104459997664
9840.974533871413,8725.736786194579,1221.7868710649564,219.500869199433
3387.0801790908336,5959.124388599232,444.54820710479356,212.07300454302404
8942.768887384747,9135.700265636779,896.6944664389616,111.50094619979758
8273.69342948769,5740.9618524382395,1445.0003173831274,95.30773287509074
5063.603742305348,1551.3923250042476,712.9543889417191,148.45124272520232
5559.2389650405075,2748.7883154558317,1406.2939846785969,213.753312266273
1320.2138841549618,4536.472221270607,1071.8710473634992,278.2932019551247
7379.307262752213,2986.2292984129826,1361.2222627661472,12.20892373634179
9188.033541813264,9310.053001935934,338.38532749643207,98.62984581323784
2943.3221511737092,7172.045086244501,515.291141846194,327.0571295016855
8515.202251501458,8840.023535468157,1264.7130763900796,139.56800707579168
7716.425689754478,7979.212782522603,780.5653214786577,340.4066835056186
8774.740762044432,8082.558706296032,1474.610431513913,148.57989970949743
2535.286695592368,7445.276744029944,1170.6569134822478,128.77464705099874
1243.2656965560222,8419.436718233173,1336.1685174966951,215.22490812766517
5993.726064440613,8823.587849101905,472.4698194067611,145.5020658019058
9622.323184918803,8631.398423412957,688.3190776270923,85.06070104922577
6269.104648511775,2516.2276893865806,217.29173311251225,35.597017735563604
4300.543207101084,3395.793066097822,437.444830904011,137.5851820670661
8617.853478847454,5342.92542226768,1053.2962975728406,77.49096020955918
1326.6604522308248,1113.0217811460163,12.168392073738318,22.186137350271373
7178.86990506027,8332.255864235309,1341.496349279445,205.55222150148305
1239.2977328295174,3117.9131158367127,597.6701114450169,258.7100377119027
7248.249829888784,5730.123054533238,440.2580024186865,274.745115718666
5828.151579163002,6777.0367363159585,847.0786948270352,238.9714682793497
6282.970869729786,9337.055724002594,1479.5940561010648,252.48915212034126
7217.464592969501,7094.081068538801,1232.86568877338,2.645912576100899
6447.257935404284,7124.561750087491,940.8952324164343,150.51491084650297
1775.3231793723514,1993.3424236193864,467.0866848025887,19.67287969032033
4046.874910479611,6908.1843442623685,1329.784117818514,310.2064991663784
6214.82116776263,5579.813072525689,133.5380250538097,241.54288630338095
3609.7071226152534,4068.427792294062,676.5100025218125,298.62850871870126
6693.421111004185,9133.690318433619,119.74110877241763,315.26275600525713
5340.153852338465,1851.0611093597258,1289.7473665342288,100.23113155329288
8902.606802327144,9958.339877700464,1423.1288072426364,247.3513980862502
6764.033445462998,9126.137916854657,249.86276864976327,74.60975731309797
2961.66371027525,9467.867471581314,722.1584466642329,3.370282574883996
4754.470438352268,4943.80959060404,365.18916586306227,197.51859598071312
6283.461308390204,3544.087020353541,475.3132083519587,297.80841275659867
2068.9726889056474,2420.94543987052,952.911702546396,308.54264297251234
2802.230322699398,6009.2063425932865,947.6070249002914,99.1813040037971
2968.935497883199,4640.679160297227,85.59710192257627,17.936098553417345
8554.403057929838,7190.607838959514,19.63099854793362,180.73239951597466
5551.020166911291,3529.268531918262,552.1493397660449,191.76184742840684
2798.2473965966983,2291.07082707696,1189.7529044879757,223.4874900031491
7577.746143664458,7997.221771073606,754.9641891996785,318.52201933456996
9590.989193614112,4092.6439293684343,1360.9255241377277,54.83920922157862
6284.427295477861,4210.754542524595,123.22661196153204,22.692474918174774
2427.526019107256,2611.191279898898,583.8932232373817,340.4718414831861
9252.342992806403,8511.600233912668,950.7148430351538,342.3269450322401
9954.801480290233,3698.914851538975,537.9333110290685,69.24653549078164
8064.932207671193,8014.626159817806,995.1009784529355,214.05285805884424
8939.055417787953,5546.668181361912,942.6646991143905,256.055632302781
4000.1865909761577,4196.87614000006,698.4741053035806,181.17439604414832
1380.6956776563343,1320.1946084509527,1083.57292716309,272.42959165350715
5338.937309813701,5684.069312772524,1216.8385568443707,295.3441662058433
5823.027210214359,4991.883403248559,742.5597850139045,334.9313018593087
9692.147827269819,8466.1724670979,1295.510325948964,4.851198924289057
9968.387273860995,7624.472140482969,1251.6348345795602,350.7072876481659
5677.306924413471,2681.8759798915917,561.1752320847377,345.163563382061
5897.045547985571,5266.258674400702,257.6577432867005,297.1451053908011
3565.2160510385856,6880.428175650856,489.65567206533353,304.25488260593454
8296.595228112972,6831.893649169905,1344.7542786735062,107.28617691256171
7053.319580001927,8097.297202856738,659.5925457359876,193.0831201405039
5031.590310369751,5107.983539201624,1322.212373509619,48.02427621561027
3659.6408010349005,5808.897690291724,746.7947874213207,192.1793948682664
6507.09736577293,5733.917709420091,479.09131517990994,222.81591451154532
2747.8307071733598,2288.3347202690284,220.74341057071493,207.23783885177147
6679.350315697861,8916.090826056987,532.0464412252485,149.24372550842008
9141.187738402075,5958.099982367481,455.43786427576686,66.30699347844299
7483.44826783898,6537.207653888186,1021.605884521533,197.3516096434246
9687.039211551526,6072.721313294962,712.6101151115181,330.7791888287216
4302.014338921161,8963.058324745361,210.73653228364077,244.73148963541328
4289.498105421786,4305.168489660614,407.11142267049485,238.190665387945
3821.0069834695732,4499.9212822004065,793.2874785201681,325.81601463402717
4070.209680905518,8562.698250704989,350.45145780633464,335.2192566260921
1646.8182562706056,7548.322095533053,382.7642059085797,130.37602061073025
9509.79312929973,2842.3783221487465,283.4646282891227,150.2100048814092
3825.555121226478,5518.66168695496,589.9908765532316,197.85661395005113
2297.101539032269,8771.278276076573,232.99054877926156,169.937898394941
2976.365447747634,4120.922061681106,521.2265094149267,312.42144120982704
5994.545680841409,4202.559056012429,450.50402279157925,227.06908686574792
9898.910346384773,5164.08774337463,578.5001904455515,222.5318692780347
6420.323913982224,7414.023449802588,1261.9704962529547,239.99937923384064
2862.810150634194,4903.3921861933595,989.9677174418451,86.58541746788325
6060.078786426676,4005.3781414246,635.9837178058053,117.57317454474475
5062.435115688677,4605.847093517072,151.47695820742612,258.9205517617855
7215.03053501,7163.7411318233935,73.13282840509724,347.9897045148481
3310.1299707900685,7077.95341134696,1112.181547938603,109.66989496305123
9127.025194904785,3376.72744995788,394.5372583958427,78.29791300065402
8480.279288503745,2656.3423180848176,1005.754840897968,130.65331456031848
2047.339028111824,7806.343627776666,1261.5746829571508,1.166096573564825
4099.179627743082,3123.5357092324716,1399.6985576436398,140.04369052273492
4902.148508065379,5916.052781250328,1283.2731345561835,345.2244383636383
4310.383201803194,2178.388121840028,740.0920297567009,183.1523476156885
2779.0786162479862,4999.078886717915,1393.6770250587435,42.706838812496855
6880.288895456714,8418.4773252509,1309.7673567944325,222.8287976028582
7497.494863071748,5146.064102876072,842.8191941238724,10.389979140018124
6640.238112641335,9252.677132640612,514.0588482191941,352.5374929528345
5534.893866863599,8862.575214528992,429.17928183917155,33.99957770900004
8314.180498572277,1606.3670382740763,459.43870916280747,141.427173240049
2599.2417240506393,2325.3890937592205,723.9054041580142,116.29330687002945
2237.5447598564137,7933.425816512893,423.5998186148824,312.8807323122739
4169.95007757431,1743.894940066538,729.2187393071771,177.9807885092787
1636.6148851268981,8354.713307818718,295.8193024229436,38.30336419513382
2137.8501456157264,5466.195411855549,473.18644399981,114.50780300463505
2543.5099317944514,3988.0818266985384,1146.41213554932,98.51752944546737
7573.166357177905,3787.272903583368,700.9393239328517,285.5373162804299
3839.375689122703,5552.0285855024285,398.8225258157822,120.13677471204144
3183.3318987067873,5736.882213252947,1010.6718372460588,168.2974722043716
9686.36764146611,3469.047845829582,746.8725772444291,162.6578210915153
6418.127172882994,2689.1760070559067,795.4681518269173,282.16129555166265
1757.569907791329,3442.4990828833174,1449.9896943834467,158.05945783433916
9371.542730737763,5561.995150556725,1129.3879453347101,26.070134620511467
2925.4930206753234,1555.8130375402975,330.3301685083768,164.01172737697172
3644.055021051847,5733.9856089247505,183.42032686189825,240.66842294598112
1952.2399647753505,5419.828519466725,774.4758948195563,150.6746201091993
8820.007417640929,4685.806974663044,1072.7836777842676,116.56898823283929
6648.7963179031585,5112.354696869625,877.1031005484039,167.61181532833498
3400.025006320999,2941.3625235719655,337.58282354836643,54.24051884023826
7188.867780273197,7010.331060693379,567.5881935231643,213.6222997498472
2966.3241673306848,4308.731175555296,1488.555180932927,207.74302149747788
5932.591388406669,4666.467815002256,1111.417562218817,289.48083927847154
7988.991802522378,5367.773603704485,249.60589125705482,68.45641584544856
3326.300058333995,7350.253137730777,760.7022613092721,27.01414698645291
7554.025510277784,5911.1793596745965,311.7168820397126,144.75452896743866
2414.930426916335,8134.003369595315,1110.197834068627,18.642658732471435
3678.889137055333,7851.130100599046,1497.5171498641962,206.507450300789
8498.586852985405,2396.724678434109,983.3170671350664,86.34041005922177
8692.831858814525,4556.947592494742,86.23488378221045,116.15672002755139
5087.570933549079,2939.083542828156,1062.0642813864913,120.77680869983968
9846.990443773322,9237.525365106601,348.54492259076807,314.79125621942853
9832.834060277284,6215.617954569979,146.06644508899066,166.94523227935582
9277.649237066364,9303.330408285263,632.4106391905742,197.01475578326514
7269.3522176698725,7224.1410213151785,227.10672587958334,241.83881041119298
7563.41855462396,3471.1026844967673,61.4357165831902,175.0957889711407
4165.44344295452,6044.710302233757,1181.532615983839,321.8415947504342
4499.152572212533,5900.030397678796,248.71941656267137,277.68406680750184
5493.568595267104,6300.300410911748,126.33413970429626,121.69945014751166
3978.6439762108166,6312.035247940077,1127.8649779776629,243.5259963313004
4055.4243045546436,7049.549820835084,1248.0769319879685,22.257862906574847
6852.015677240577,7983.550940881978,101.38080357913465,128.68521215775428
6347.863331112293,1468.5615475623804,1362.5827756994158,228.38691493386858
7343.53920496768,2636.0575904111947,594.6050607891542,291.31212449395946
4170.954891150534,8971.560826587967,248.83049472864852,221.98637274886394
6253.113986959108,1913.7453270274902,639.9006938850846,140.2496408804947
1986.8843353245893,2430.9941221044774,698.8052850307837,139.83507175252254
3919.087638199028,7508.5581075733635,83.4650138955646,191.61366573854755
2474.406791633782,6379.653568797176,329.926821813474,353.81483816935065
6820.302354489433,4352.700237590729,523.841833745819,95.02511330845027
4676.664428459062,3703.744903816267,545.6654412087362,285.5958845723204
1294.241131416063,1385.3204934727073,1485.3923679868976,326.024559283129
5723.794232244677,3894.8874987109143,355.97306536743633,248.45778866688994
2927.4818859293573,2872.0510779291835,445.67638215237514,300.8633670058151
7232.217828816177,8194.565916513864,86.32900043754672,109.57031140378085
3131.1018998648406,8192.958574437002,1295.1795252215566,79.11928298092636
1880.3926229761046,5903.552277831198,650.3212535512789,143.06861912932024
2854.4634613940816,8985.691267259077,1138.9950628661836,284.1513586828467
9138.25776174906,1441.5912001797133,107.68274545790895,268.38338702758716
7457.635915114436,5735.766890265857,256.8375673699551,128.79866372898869
6971.2216193102,1112.8756470783735,1183.8413725371545,312.9637240866551
6569.925348490521,3562.7975242229545,1146.0294412450542,39.379671486405854
4656.432808589222,4153.5145156345025,298.4064325113292,107.3554760620201
7370.706193944591,9275.40312355102,240.7334768490422,1.1995115056393426
2341.924376722681,7435.880257953568,656.0945185899128,32.48001020241183
1515.8780832769103,2019.9508170686497,943.4368847391933,280.01097246406056
6161.950474340377,8976.813323574404,581.0029142658319,127.51699006626066
5249.199924875839,6953.501867459339,79.20765407161159,5.978641809643112
4498.1210857159,5912.926593062541,152.85363345925592,163.48922677787795
6372.501803396573,2461.9512836089925,648.8328285218203,239.40266120083888
5875.631744062971,3902.3974403508482,987.6386863840517,123.98222449534059
5967.0756045827275,8095.248326989446,342.70156587418506,176.93240593852772
5571.569896546715,3570.5673094314097,861.5444002967929,352.2112771473352
9678.628073551157,4826.643650475863,271.00325389531804,58.62326244566548
7495.585471949531,2447.719971221443,325.8837241565052,358.903105200231
4345.794175208824,5103.412464959226,1179.1342301792156,39.49894839626066
9643.57195136647,9170.176268680625,143.70376384477936,194.7596432286323
7630.318299980516,6108.023970211456,690.5142041442354,356.19005996587197
7073.503861884438,2104.0666545183935,1221.7811092479208,84.00193489655064
7551.024187723513,9463.534891649986,364.7690356391495,288.11517714017435
8569.984411528332,7676.671160532341,1097.0477269075714,261.0536484406106
8231.234768698316,7698.529872160726,727.6706283365203,324.6856174964038
4405.613470335922,5270.489397852254,326.20205554001575,151.78869753452665
4516.240418193276,4404.0763745039285,1164.7155299648066,77.35331423639975
3559.6805968382587,6894.19487045729,126.81697886124331,87.1566097848054
6143.787999535897,9300.893637222885,1153.743852182814,201.09561241273136
1326.7354499233716,3385.7669410099497,33.632445644169266,314.43315409030606
9679.250374400448,7603.487974585953,1466.5096571317424,246.57957770970575
5083.530938707538,4854.126318848215,135.06915474583622,22.38570802859532
1951.3981410885508,2628.9570640259362,630.9586623099632,94.6353301071
8221.754844345498,8658.537404315404,573.4655664749981,11.630569480526182
2277.0201653438903,7492.125924076164,159.58676437120187,150.9490286741393
8621.306658753545,5434.80941671256,701.8841145469761,331.1038393558039
4121.653865735136,2216.138432256661,294.5316623286008,1.2546062244921516
8336.403705970362,8120.176703929194,70.59645434228565,111.6660520740985
7987.720602524509,1650.16299318155,190.28746536676712,336.98957726918496
1183.866914751641,7938.903613122791,1366.6301809090135,204.20397997270544
4431.706754078212,8471.397729158814,382.0072145069574,253.69783765359813
4754.782534414109,2684.1928443842335,938.2064175486087,283.0752101472216
1475.1212565333667,4555.5998673229205,937.5108530687316,68.38445210166287
9550.435484232432,9989.67300717548,846.7006136588572,307.40536860925334
9222.572452972403,4651.0030275885965,677.8771613525315,318.39695562806173
9087.130017173444,7622.025747750114,496.61287776062295,87.56365690261435
9803.580105124269,4894.732056344492,1373.6332917476268,304.7473182413313
3752.2032825791002,9577.310237706555,652.0167070408543,76.52504542727475
9874.486011165978,3267.8568931751925,1279.0070397963132,120.23552023599666
1754.9205248660942,8662.976644551418,876.9485587733985,167.76616044072702
4829.865507109986,8604.15838345563,707.4470982086684,321.4245633694149
3808.5521290485794,2974.1027857572676,1381.300270087904,267.602507885538
2612.3520627180333,2093.733217545927,247.79177570226418,206.76899731987643
2974.9605046889465,7230.749505184694,881.6560464592997,43.76869146102645
2627.684381144535,9929.292191530576,458.9219343298874,320.24458144956054
4308.626115973841,1213.167086949119,557.1685404761,315.7454656271936
2735.042027334679,4271.0235157632615,1364.474672242973,220.96531000183958
9369.905468712974,8281.389894776501,494.7949843469811,147.4923194126546
2957.65320512011,2745.104241444944,1006.2270751087153,339.37913517880537
9083.659766291108,8455.013495132676,892.2898882673093,333.35609174872354
4392.269204733493,2962.8351258396046,212.64803719539475,284.8138502625818
2414.927853334517,2033.6646293873932,715.7162631672898,236.98295674012547
4150.389180338487,3586.824284263987,8.19199698810467,296.61051549161147
8553.348624897886,3025.3877074447746,198.58667217655716,134.83027355790983
9348.879471667919,3345.345524345549,808.6048585973438,17.69842426419736
4841.317353164544,8496.946729596108,1482.709563818734,42.271995627081466
5837.279348620284,5187.677889925306,521.8961848820916,208.15778501355632
3263.3522953680795,2269.2029600783567,947.6969192579513,206.36032676867993
3743.1368041227124,5537.985592825613,566.2254583471367,166.0072091613637
3801.5117331180168,3735.4374646927026,613.8764015155998,38.096410496206936
9533.366378640005,8983.821386207033,344.21869896449635,233.0590199695497
6257.649701752204,2222.4041428528617,554.9494908600612,86.67087149816214
2816.489708714418,1512.7699597096505,578.4139604667499,79.87798211797329
9515.994064915147,3858.6808990967684,487.3715744406005,22.575151999234404
8568.146475697831,2456.994991603173,694.4547252034714,20.39549971939162
2858.029601341781,3378.1581804944913,424.73998641313835,303.3226751275866
2503.539985626814,4282.7861942033305,1101.1979600259551,330.465603862685
8592.969137744458,9440.991009532712,1455.4775481191075,172.18877179550984
3575.0699508496846,3078.314804421574,628.6643263337022,174.6249721408957
3516.6659568925784,6244.72856921641,1319.9347653961731,275.9612782434432
1190.314805571559,6445.251399298356,1013.4917363124015,132.94844487854732
1860.8924581146184,2689.779575727088,1142.3754614952122,208.00739014882345
9615.82463821039,9281.786457858416,728.8233149892778,33.4050392996836
3492.605550018393,9211.79201962808,506.46623275288573,346.0434298375526
4902.278236614828,2371.731709062795,1278.2622323853593,9.575189891970519
1987.3073600721127,6843.552724187912,205.49933953005652,19.26074687083766
2844.7196824210487,6640.292633879921,335.781987115144,55.08486070365147
6868.224765186834,6823.080556582661,346.93976278842086,51.78014861568189
7792.995979647462,8742.329728104432,725.6400992749311,36.301571432006455
6588.710148588052,5059.459488133967,554.7438594565255,144.1065237174631
6154.472327187455,4597.481735854567,1182.5343661989991,137.43078681602788
3510.4267533217717,5069.695738463938,1147.3317565373682,128.8853778562207
5799.906865548645,9182.778573100722,174.6937151115763,124.15255018466036
8568.766852205361,8774.342430410976,199.8136021729434,294.4073531847444
1826.9492951860907,2725.329490879283,834.2457817361417,278.4984643072066
6455.854675801931,9377.816702338618,1392.5527528148948,345.9245088166227
8597.199451772594,3989.59859831896,838.7991021250057,6.332896767391736
9935.83665345665,7160.64427317235,884.2067147384633,50.95911653841805
5060.988457212654,4869.332981408512,1370.3784843545316,271.20490973020975
6288.195706313438,9642.181798375554,976.9815079740831,290.6882980725158
3268.747339274486,6890.542894340627,1442.7760125825762,314.6001889754579
6651.474616017732,3645.493039970684,669.7487749964021,31.72374653088097
6310.783983752975,3213.0839882683877,573.5286857413587,104.33749581822092
8371.66221748778,5234.534403721949,751.7833286511241,293.0291116833904
2667.0068881295024,4558.686799409166,624.5597181017891,78.46435696526234
3736.9878780163162,1785.5220583295054,667.1416683587058,203.78709040975252
9295.818352832222,9531.6941568955,915.0576815091517,130.9243805955788
3581.2919033315547,6920.501625387264,1007.9270630429571,109.15471548553383
9651.331658338144,7583.5038259776675,795.6643775462807,240.01453327637827
9909.218957184605,2096.795102566686,879.5454829216699,101.81352791143233
4232.577747404541,2274.9636736530488,1229.092441871868,131.37426639861528
4710.398728469176,6677.386634498632,968.915729143754,119.62916684916205
7978.192009395557,9512.384895834226,263.58855975929566,323.295600156209
1155.5072213077606,7811.941440499501,201.82522862189845,17.926229421700143
4421.453410299961,6024.4906040027,1101.4381391361528,27.331850608600234
7419.825534490695,2728.7191942652125,769.6072848377455,238.43245014924676
8018.2171617925505,6550.6698269051585,1140.2812209361346,327.184068755638
1124.3978483068663,7766.472380861721,605.9239576298246,87.5314538339928
4934.356139587244,6920.975158307491,851.4632338644102,336.3473110874258
5281.631182734036,6789.752869532417,288.8123188393825,285.4340652952351
3864.291199890064,5127.131352007938,1006.7643017971164,20.14105769595898
6182.996161797521,9737.331281990784,643.2390990664768,283.340370783911
7256.498664766014,7432.576659288283,1186.650301030798,86.13240264147848
7071.179641889669,4213.550289629846,448.183745880937,104.09870026404553
2045.9998831295675,4816.071442598573,11.404889897863587,91.04426677291525
2821.80806035719,5504.404466440603,225.46940699406792,6.160456474337505
5860.4169751303525,9842.785590302206,230.1064805905799,130.50455937451247
6175.710744106501,1368.4085043479554,87.89094941223242,283.08190708439366
1732.6975684058443,6536.93321652698,1474.5994528241986,143.52716179272105
8088.236443310361,5335.279157548613,1207.7451035094725,300.482585810767
1502.9955216182973,2603.6563354507944,235.64381467736027,179.56522441795494
9195.073584106223,8396.000993540245,1284.4638187530347,204.4917714999578
6035.561784496588,9955.934493972421,1146.3123020408977,249.12178046599388
6374.456089490601,5906.387168433063,649.8374890001238,115.1195132558616
7687.59957384825,7655.4449432103365,116.77577831216986,209.57131593156583
8594.528203576085,6887.00303023477,306.2000649354749,182.1375204453106
6131.348841280737,1994.740386804921,43.606586149845214,280.9218381488739
3445.868906290284,9056.119551733529,129.59293020851422,13.16700462228271
2780.976760412249,2766.982218283516,1482.4631848309116,21.075265229429423
8828.820995172868,2005.4937019167282,920.9866488030333,265.64041277091826
5770.798972800387,5474.82838846406,229.72296841919592,33.79299008841704
8056.717806025185,2032.1868896846504,1459.828125363774,192.98149024328995
6406.593602591486,7148.350470963495,257.70026501963326,349.9246013979365
7514.6056321291335,5172.835707771126,1269.0227980272682,14.434793772704676
4795.228505886993,3501.7969050355578,235.14731954187593,206.09248575319472
2902.5827860746076,9891.719151566997,3.0995312247737914,119.18122259425805
2168.298515019368,6339.8287597568005,694.206306462349,1.6380577155381428
3337.195158346114,1591.2217141844426,180.76525449441777,287.5633645667578
4236.100248583814,8021.221927151173,1103.5008271630475,225.35840956950085
7141.320723469648,3708.8490860431007,864.547911409187,231.54555588037508
5282.6890122354625,3243.8246941441857,1187.790556810024,253.05085356633148
7065.652687626113,9676.690043385614,946.3797210978383,108.55025223326774
2872.614077937793,6218.567814161188,1185.4488028259566,111.03218963161586
2887.0645412561407,2672.016112760426,1076.7223525729964,242.25990206855468
7254.877557281456,1815.268248196859,1175.3511768155354,139.8527180590667
8537.884203664851,5604.930590355292,1047.8386158772007,196.70361004575187
7910.009065008195,5240.297774015611,1165.0650868135892,148.25555064675976
9478.556143596663,6614.038552822224,1391.2379862275682,35.60836539750746
6474.2676405990105,3731.19120050541,1344.3613221657151,232.39251707176308
4069.258597069053,4928.259345246569,13.667014924694346,94.50859483066729
2744.068357531754,1423.4419636727052,308.7056540808366,118.3631216273841
1773.7398487961,5756.098641185708,1397.811545464023,150.92817654981528
4766.917383726936,7857.119818208168,436.0606611564857,180.54854904033112
1861.310700185566,1878.1711433932023,773.2583897804095,150.49548610133164
7001.372917202424,6026.593526332832,723.7183666598648,163.66305643073989
6827.978300959676,2563.496445496741,1352.5335907133374,251.66529687817984
4581.905618138214,5171.863625861246,593.6268912090497,220.6111710566183
3013.4730492473354,9499.69035238244,747.635435064177,121.94031954392507
7735.937737835919,2102.376830761952,1144.7412189659196,42.469941024684175
5908.035737284647,3102.312414506627,72.14245862177286,309.2372754697158
8178.46925601536,3554.64776512987,260.25826419960225,121.74499368929843
6799.879738585207,3988.571952652907,201.09142481351665,222.33556320253606
1698.3924340676504,2425.589521789783,34.677305631215646,173.1698695862767
5996.252873722016,2418.7832778039237,137.0981193173587,302.0597504268091
1460.3495103709415,8044.934720304439,340.17394651715307,60.20311606722006
3363.3011440359187,5259.256872843521,1420.9940390181478,26.96374124497033
7082.800070855615,6676.666344171577,253.11640646204233,221.5519788607551
5239.15748550651,8349.114041846002,1112.60580127143,199.21511328447556
4938.806311818679,6880.665340105222,1176.273719331995,54.086241643407476
1736.3623351036545,5167.952429707046,1245.2960662745509,276.8733400970243
8970.584412217508,2668.0918652464707,1225.809190298771,348.8390056187337
4474.5461125819065,1941.4396376100017,40.701136615063795,117.50029988150116
5797.276644498013,5936.634738155721,870.5622394266074,5.582482020754595
3997.0050807191724,7175.335251461676,684.7329506982223,147.9112997997157
7734.79934649902,2228.505334763315,856.8617341458696,114.83284686015313
4942.84859479698,6621.408015602565,257.5175105233047,349.69663444248715
8173.136931340819,3271.594821356759,742.5239207615092,217.54050078090182
2360.954540984794,1278.3111851073413,1105.5041179292525,206.79601137596694
8442.827010135003,7250.955955179103,437.43701791049824,195.81766208360497
9408.677380233306,7391.526328076113,1272.1746379768776,154.96284786436922
1729.138226059879,7717.057013176779,1168.4541177760173,299.7049683942315
8151.3070911104005,9618.940226246357,208.31438950692566,199.086734298639
7543.969789617246,1698.6307067853004,202.93029747674058,211.30214292386728
4355.106213244009,9750.147821995453,1295.2246330149874,168.478785713869
9409.767347110335,4061.986238013662,1235.8104968313007,167.84690533940864
9059.668651733844,5525.403373485024,913.0174816014799,7.488917125279488
1216.357011247398,4644.663084542432,1409.3745141833451,257.19220986500915
8339.835358471537,7505.910350374311,487.40052881638474,281.4978216903165
4876.80170988934,4054.616324956111,1179.3135743457658,54.130486252622376
7032.198758430328,1725.4045735934792,1138.3451166912726,92.80959507997834
9165.098741798382,6967.734447362561,957.4236907147067,29.246935661219652
4373.960869231452,5838.936172324792,52.19994500464368,61.882534495664046
7758.152891098122,1596.8162200557397,1333.4821573851323,13.000701249396082
6896.824887523449,4768.791116381948,981.4843061710584,53.470913332945074
4259.040263194003,7188.787985983496,729.7828450044718,303.62992620826367
9012.19760705566,9242.061777609164,1173.6683530025039,182.44592740601647
4366.578161037343,1251.9063992224749,833.0439879402759,61.032637197721854
6602.297411736106,6672.229348520587,570.9336253770872,313.3519489039063
8725.383592426264,5897.338972985119,482.977635725314,353.901623957647
2912.9681722469304,9607.979956759023,1029.1889974883954,264.6001092928157
5017.342640420638,6010.842413895103,1464.961606284905,280.68776553851404
5531.42479800088,6738.962084444975,316.52531440804574,109.67622615043024
6638.623167770439,8010.681080764307,169.07566503102214,306.78285674057497
3236.648153495191,9241.564371536853,1402.4448509321219,235.67955789869086
8317.135803838191,6614.146623398524,1173.1188659142592,265.4141956078905
9954.408937167458,4837.567245704551,697.8751747588574,159.02514437647756
6254.073494977772,9926.859677829167,770.5526697262675,168.358815402748
5593.140927512546,3747.4121431907406,391.5463579856749,160.49111510403583
9225.778330614376,7005.3455971169,650.2662642069032,308.86908322117034
4524.486925738578,7642.5470378483315,995.5183190819631,49.918518767151916
1805.54325648827,4292.369089415286,195.7206231772467,162.90818243045507
7045.488180164853,6670.436413125514,854.313052988331,205.4401353276194
4681.862617683955,3435.795301313478,865.6608715735484,359.400093631606
8139.6898528619995,5541.044122507803,421.62892091440483,294.53872593617035
2958.795970894174,2373.7058390014554,157.79806473640537,117.65122546574723
2036.6113521230195,7413.117006921472,1136.5650615152251,122.619802806099
3626.7005992926115,6318.358870109452,709.8356250421417,105.64787482100331
2385.8335979627855,9688.492591058826,1422.5504989861158,37.652477986021886
7552.504790386249,1110.9288827988416,581.6803052860787,289.3311262292998
7950.146948253091,6343.442233528006,1051.1418699842598,24.143373686556522
6655.773350143892,6204.483696039631,1390.0200737116845,51.44733561785793
7521.554450953375,4772.444837330919,5.2948442888253,66.91402763836899
2220.0589649995172,9933.576693795656,1265.0914672170557,12.085904962489014
1104.8564122090188,8667.662371240724,1332.9678428796512,295.15643001829204
7888.963613673408,4264.295705789556,524.9357011760711,344.988992194174
5377.4495985421345,8206.951100862747,801.7904540981842,359.45467423274323
5370.962411751663,8073.339226655688,818.2332559416584,82.54369660876937
9763.836352378274,2622.596073094791,237.04028536925816,353.33905222042023
3076.9503473579393,2224.47576810559,750.6376904046589,166.09801390004318
6868.5015699620535,4550.902853966948,581.556323935033,245.10068614381026
6550.0817226544195,4261.888824417752,806.8229356823293,50.59966270301939
9995.294429255604,9667.100133838609,587.5109054125902,15.42532683485262
6868.55123840982,6675.229149058605,1396.442331516707,287.67542262402014
1489.3033307813841,9162.68402709587,320.86488919019894,154.06431603331364
2493.9221316939465,3033.869261071606,1331.6592812779459,50.70188839150165
5078.434780073965,3469.0322328153666,531.9550659369797,1.738964508563868
9954.578295165393,5742.77698958306,80.21804912129848,166.70020366586309
4136.373488836021,3680.3288581944403,754.4786018349163,7.414624957372702
4814.79616627241,3676.2991620006583,1107.9989422904957,348.69182625263073
1554.618407530384,9430.897814762953,493.76838176122993,271.8781144756996
5741.569644149052,5810.227725011294,142.84456112706437,156.90724900169647
7092.646656438528,4319.515667305028,105.47716965324416,319.1962351724383
1479.7771525096523,3037.1534801189055,661.944324163893,118.32732993589742
8622.177746186055,1659.6205582894067,143.3889049075528,113.30605148642242
6248.952040279347,4543.616594399042,1062.5765644537523,213.39963127473038
5153.3020222541745,3798.831445721305,37.54408804348862,199.71014697116652
5201.5385033646,8087.276515083604,126.30030417475312,323.07617189670424
5294.6061660861915,8094.761683826759,716.5684643133426,58.6146831174794
1108.2723736846451,5493.161209952239,165.52269514827043,274.0222226081523
5722.785191965461,6099.876842516025,487.94256889793155,242.2497614217264
4514.17073562615,8795.082085500493,252.60401765213285,235.6531211513655
6107.784062706346,3577.722119152411,272.3081173941782,159.54871253018442
9704.157912980363,1275.0743171503195,833.1111470231779,71.65844896657585
9330.364935586978,7095.876398988022,484.4921890936109,217.84997143406284
1678.6998210051834,7621.593865047577,677.1463687460845,23.435827192575847
2055.7182011687155,9696.260127127545,711.8764573843176,238.95205189691728
4683.402351435898,5690.665974898652,635.0026213725847,313.2881967672075
5882.961306593965,9317.863386729965,991.4609003066424,341.26041542107976
8794.848614406988,1292.404965605316,1175.6672436021122,262.6280963802795
2865.7680431405715,4382.0253544644875,914.2680633600689,102.73804151931144
2197.725754393705,6260.130865258096,538.8677651956018,257.50516040505426
3937.068749674773,4578.165816750463,255.44521794329,132.79377171478043
1539.1595546753647,2627.4560055899337,1155.1025804549774,64.21832793663808
6129.157940295444,6589.42736840003,570.0180462035228,198.16039588919944
1873.7056649663348,5859.666365175234,336.2748041355892,216.4185973054724
1826.952335357462,2032.5316873000775,1413.0424622050639,273.9483990801045
4825.663620699181,8481.838884258177,663.2315441591353,211.48771503469914
1632.6070282720625,9504.759122157098,1484.0970538861263,241.00978944302463
2050.192018144872,1534.321739164872,1028.5543101406365,119.90589685629486
8142.247008871604,3556.7891778454564,1079.377837683777,288.5291136266346
8102.436119267518,2477.4769105147875,1319.055288370163,213.79904879434878
9185.210522126854,6908.092400270957,462.5858222911593,282.54823867998505
4516.622619126331,8113.472583692676,1413.1531959172382,114.20704088836672
6448.879852357073,7910.424180886939,541.6038256973173,327.4652121705264
3446.213238390019,1718.6283478946739,1108.1557063404184,86.59259619195309
8046.538925539331,6472.981385172069,225.787175641741,105.51419960412294
5957.315855862261,8835.695613851489,597.3619964333776,357.72804416414954
1584.712195304563,7571.72674806973,1222.3112923571014,339.89669330982315
1238.0487242920383,1767.3356086945269,1134.6005726715257,84.14255167028496
2788.3428487621613,3228.268925042012,1289.906766199071,246.82611892277458
7300.016598777306,3564.4085443809226,274.5867124870424,280.45874445394503
1308.4724256742898,1270.3202144930726,1171.53409976763,280.4669099201374
9370.257039546632,3956.9582305363238,261.8807299990923,275.4507712229648
4813.976726581906,7175.338918149005,204.63357801296013,159.9374212480765
9476.847049508198,1969.2810599165305,469.28120941106084,350.45989256256286
1198.0100130967821,3321.4635474004813,296.3833237581534,73.43684784429607
1841.0341008367113,7608.93496424393,651.3294740755832,125.69565476133103
1208.5138302543253,2772.4693500628264,625.7825422871201,301.32078416695686
9288.563394382038,1611.6061770087947,1273.404361007409,329.4427488667861
7533.087779630951,3997.0541053911666,233.3684367883294,280.65086754797835
2610.6961941215895,6960.477946063564,42.82637846757395,247.61532088855225
6099.752770218599,3435.4087819780457,1027.607140132663,304.7665094161377
6329.177086222236,5046.096347861989,2.7075854162436976,266.44031123750784
2317.811043076731,3023.607345436807,160.2428246642308,292.2249145192944
7030.588508727839,5262.119256328357,1315.8294953970817,299.7271852958569
6009.6124958041,2176.635634247557,587.6218631641882,311.0387931762986
2143.9413081918296,1739.0485958185425,218.3288354656487,158.07345159170063
3323.7506146271,1302.1075478640491,1484.186213038314,268.8304123712921
5496.327444405757,6010.346634190318,1238.6604865625186,348.9931516218747
8132.511045278739,5748.371236910779,514.602926906069,351.00757423504257
7806.138076748396,8888.23438295897,259.1404670756688,323.69195349711384
1396.5841517023537,6913.822570164128,1224.6263671458871,227.08166100305792
2768.267782138585,7035.933099827642,170.6586981174039,208.30259079092343
2120.331317645178,4989.032648717201,630.1511779873267,308.36729845902505
5880.0188165775435,3885.5379807600366,894.2052998183347,209.0482775691795
7732.138797627033,3285.8950474371013,108.21982617981686,161.29357354123783
5230.290384509818,1278.8958910303716,648.9093958874853,348.40826829530454
7157.371606930816,7171.424032730586,1254.43425717334,167.55191846752112
2074.3224239462315,4536.884841665227,509.15140228854085,94.70217099686084
4098.3834185426895,4850.597202096827,187.2567260433762,26.25364172448454
6353.601982938548,8144.546320540468,1362.2212101892599,308.5537796864693
5871.20679891296,7385.011086186496,67.65627027988788,120.94306648244635
8092.089360992933,2397.8077013441252,641.6331046055022,179.2200292648228
9936.89058923557,5425.681947732215,939.4485506257386,155.49286909795964
9831.284008967152,5189.376012496708,772.3920290287009,13.83322311077326
1964.240184559261,3432.7519884540948,938.9019676638137,22.307765510330718
5919.270230335368,6139.240876003904,567.2311324048663,114.83511202053673
8732.955922484536,2207.3902848522607,1431.7160459253032,324.1588393438107
8872.123541233881,9812.909505942915,70.09047870885075,331.56490589429495
2471.613454533055,9259.99023343777,1322.2235554050815,213.827603947497
1521.6791218194508,8705.451719160794,676.7698089900919,110.26176358482311
4785.885287171121,1178.7899620284372,252.79794538505072,60.5669790583887
3944.928233456439,7481.022125703755,193.79990414438407,217.15523056887207
5408.622034381406,4096.551627567384,319.6787772833508,238.50820953336924
5889.68924878946,6058.177715131617,17.25976606970924,296.5769330063625
4919.709808379804,2899.8350233629435,1417.365651191847,10.167455797743886
4427.120351807136,9866.275118531848,40.479117294121636,139.37327691389495
3110.148002027761,8530.02727147421,850.5572546146502,278.5308696908113
8609.716174306901,4850.8476570369185,190.996381487675,133.4936671698765
7717.668800329473,9733.160001861756,1460.7220808884279,131.6310074080844
7368.6697304432055,8805.78670476815,473.5606932183346,161.0299704826246
2421.8753319774432,3335.7065197124566,2.2255986541386674,208.08198856248396
3703.577085530464,3294.5777744634074,379.6028485312849,354.86587072490323
4597.236346597598,9191.976830978088,821.6053460025945,147.09621863147285
4770.326497592574,9569.558901801785,109.82214078966464,57.808813055848894
3955.139030614623,6499.171976339746,519.5135818962342,338.5911252593146
9434.776700022254,7800.193345691281,1112.2428846544294,13.655849502435927
5086.22887214865,1945.6498195019412,594.9162846441752,36.81581385006242
4016.9715699467138,9985.590680547826,1084.0765743038457,309.05620094418873
1238.2818520111311,8534.220755886394,1318.071170441995,58.48114974522939
1882.9289206171525,6634.478759513727,1440.8239552520809,166.33961368772495
9624.249988817539,8668.320581886885,1232.585721663787,179.48906961446926
6391.657873515504,1655.0823555242869,297.9012916564815,82.1737287815134
2873.7107954175935,1889.703709057002,33.415963938980184,224.2380901860443
5727.48642542955,2704.7194086773206,736.3339146560481,298.1070617301341
4491.462240645238,7152.04315560896,369.13598312973016,194.81188003360458
7393.535631828216,6427.95538737246,1385.8295276917409,177.19625886315774
3596.598786445071,8734.448550730645,204.46326433942815,42.832995813285244
3581.283153837865,2135.232433246143,355.30419915994486,181.5389006130979
3653.4781177493346,5035.870274482791,806.6071677087657,312.28253805699234
2114.5480535842958,8368.321943740342,1216.9303608868206,34.987060443146426
5260.389153892598,2839.292774862992,1433.9603997359259,81.04852627155611
6822.255451984928,2136.628995754939,469.3765525458306,42.81670884153731
1981.65819193941,9790.834163474889,891.2214146312341,115.4474853234719
2292.2527623795413,6780.861937084337,1338.6266409914228,106.77337112898094
9345.675746027851,7645.908587461624,197.63194880468953,215.66874969703704
8730.453722577333,1500.8268305145714,528.1267876920625,152.7397203952259
2754.0639833158025,7961.914448885104,1300.6580625842232,166.23406225052383
7394.2157456164405,6160.825889549807,1456.5471426848655,333.6852244050331
3955.097385105495,8590.495422266267,1250.9281178566032,82.00244162777258
8158.744352698507,6262.454532084848,1439.5688379445173,140.8807461153693
6014.434259300515,9319.082341995985,113.45161121647311,82.88088535334452
4458.104571694925,8107.144565470924,1296.8160141349501,195.617832295325
3980.722460249533,8236.365081069198,1346.9623820871966,27.866860266443663
4325.221389700835,9545.60361420729,1283.252048013666,231.7859782243186
7542.646454778893,9075.17376650804,754.2000094452612,110.8473719247832
3810.9335400962655,2159.8337442561615,131.9771788000158,23.378011289019323
2249.4906627814307,9242.49536987154,1051.3843306013246,206.33313426773697
4823.1077923939865,2816.1545836092346,1044.1862968765074,82.44313295992575
9721.79271259938,3112.995270894131,617.6706379324585,271.1560233851669
8709.272629617204,4306.33335671848,188.6204946537887,312.1523758773949
1496.7514453887266,9186.77745542385,1429.6212472652246,279.4346435357835
6676.501458779022,8125.900542126977,993.1584832329415,341.39874023788974
8935.66901432152,9570.171764653247,1187.6724020313573,275.61859191141053
2865.5303567986793,8428.003608375699,1255.125728409741,63.27349711766101
2017.9331576664836,6854.410774666002,236.00560513647935,250.71706522085177
6114.852956613219,3366.21259886986,237.70807568724427,195.40260184939714
4108.855979603655,5691.645425672774,1255.600996095285,126.51795554829286
8594.93896474801,9835.383325271372,1317.749773300232,120.7760966592042
9403.08438408611,6093.860804464885,12.383839242154993,339.0094460205385
5855.085494273368,1482.7458608796012,640.4401270733212,312.3171794782605
6070.262254139346,1623.7678084696595,312.40351569101733,222.89513669218744
3320.6836582352303,6919.982290747239,18.797023067769334,98.20245565272995
1222.3308763161042,4321.517518759032,1398.0744683104604,357.6757351887124
9157.54457222967,4646.249945978421,997.5571655150147,318.2819454732253
1371.4173780471533,8765.713475536439,1203.6922366441074,227.9587350983605
3881.088416434855,6842.769716844855,766.0052163093336,258.6395975117456
6271.784831196549,3456.34779616884,804.9117849281907,326.63309524211405
8305.308001764959,6469.379904073998,855.3195170970621,343.20395091400724
1420.008134300762,5326.551113370671,1137.1707893961238,296.2528849405253
3097.736888665832,1476.31764303544,339.07908873995234,247.80941549309762
4778.62546288472,3555.2224813123703,932.9378399296396,76.18732020862373
5765.123842828899,9492.900925805505,1073.427571785745,292.8702497268764
1835.5634101186658,7634.488624784571,146.43214231824211,306.2315638089189
1346.333745345053,6948.811484801625,631.3497362712782,76.8801222376689
8415.486007986363,3469.1050679075643,789.364227502242,304.49044023536936
7016.7519437766005,5528.29491199498,1273.6468607745078,265.0996374705942
3432.8876186776697,2794.706318881331,1261.7404493682916,341.1091223566159
3112.583724378796,1951.9601105554775,547.0778603885119,20.6593618648217
6504.775080213595,7979.993279347258,986.1412744536825,315.540514009015
7007.416012183912,3138.583343968664,282.18914555878223,284.92362093787955
8748.22047683084,3093.655676282944,215.9752478412612,75.44973305533878
7350.172549864856,4510.216841045609,1213.7711647820468,17.82901273368296
2007.1352926371862,8730.440468865465,1420.723027802514,57.397908865023766
5042.309089880373,8208.50824820944,771.1507242272912,153.73665525064385
3846.677918543865,3203.5243635698303,894.5084696272628,37.74689928718637
3607.7709743980718,9741.745837464052,209.37583361231012,156.26854366821237
5529.037407469296,1968.4266906276011,963.1443849080772,79.00209625103936
9077.202442286258,4101.162513292233,557.9765176967115,248.01980145785961
6363.970868997916,9090.615646786002,424.91093577290917,79.502123976802
8570.93814759092,2315.585774846204,1137.6512367411933,229.6996336407194
5105.066976358563,4323.254844659343,1447.1057861829097,26.09437250649945
3284.677892550364,2671.542204104256,873.22423991963,156.86283782372342
2590.946102515237,8881.209360516074,514.1339279073934,271.73998450646485
8980.254397014014,2895.34688818657,988.8639604842336,348.3994738031761
9730.25359056732,7080.453463237557,149.9199200654215,171.50582937780945
7360.193430339873,8132.28257947009,67.43680852532623,268.67988371698544
1466.0544113934022,4072.8816239020966,253.7212391163098,299.55061427243504
9824.339098321727,8242.406316815486,1223.580429649622,272.79706943277665
5048.344381732841,8494.330104623434,993.5786507614149,268.80877538953376
9259.334325537955,1212.5264522266625,416.91289412306656,143.3908295673535
9089.498230438898,2983.9485451810015,495.8920330128732,49.878801894399835
3984.6279416184,7329.0273115166065,1421.9722489466487,147.35972218541232
7181.803515955368,5378.721143408969,109.84797183009188,300.35187248346585
6152.962167831329,1984.47943800154,1012.4419460787658,55.81727706396978
7680.592357773708,2307.6320093666604,792.3049174798105,289.3682460373401
9615.335644004095,4453.540378820375,122.17183661160894,33.81277936884597
9695.746229872475,3967.0573062834815,373.93198271124675,170.31949739142155
3161.90263224439,6937.296002130581,313.85308959585603,215.9111441778792
5914.743795799626,6545.119080235091,1308.6110454966165,250.28857958051657
9954.453749930897,9007.589776293327,150.36678928789232,282.9263334326336
3588.8586175968967,4830.365963372162,40.82010980043215,227.8123584060004
4107.783633652551,6725.022026374913,422.8696519262307,240.10710384129325
7784.2812688619,6305.604439393889,1120.5184676163817,184.9395007663441
6681.14510651307,8061.539655215847,1229.2538897938243,311.98591898001433
8473.611478715127,7091.732315276947,1384.227246584606,218.58008737602893
5246.6751633232225,8531.015060573503,616.2743379337932,18.528785004131475
9599.798383767995,2041.8241776686905,290.9944655894069,334.67604535101447
9519.011407349528,1595.6783075824248,971.9844150431069,20.98451550858828
8555.978497144879,1799.543066785082,909.1543426436252,190.63983344308116
3402.7656276506937,3097.7423451402055,1065.8104506483444,67.39111687258054
7317.237700223918,8437.232055591234,1109.7071824234383,38.66045906364446
7683.713585950031,7129.945627824105,6.326594909417816,316.68709163431606
9673.568178272213,7956.535512569164,1232.2973771503246,140.03598510204236
9700.581379363686,7197.770541645604,998.2635491070722,297.62741367907
4927.304124186807,9342.027412539243,747.9655162347434,7.598924246808687
6437.843002566898,9490.81948610517,115.4850821908809,175.682483151072
1734.9570039527716,5976.181014239076,808.3958586468267,310.83062141465535
3191.841388277123,6056.433531432769,945.9779734195577,33.314859863068236
2233.901350747108,7281.9030628910405,748.0460526309233,67.78567735862207
6929.923015617323,4972.586905755917,603.3101858147604,217.11421140033764
7251.652050378638,7310.5848656766575,519.1982492307773,183.13758624510612
4319.265462393385,9165.205035377337,902.9074391957292,315.54114263518795
6571.360232759725,2650.743065474394,396.0950105535453,233.1714524487968
9382.46863834995,7676.07366567076,857.4860987039553,184.01965251251065
4258.9463531699275,9498.036857963041,546.3367174211749,59.920493276249246
9939.730401356577,3013.2595645750453,774.7111697001621,125.21944909569156
1600.7521492961978,6527.180460496761,1222.7247159170636,202.65372376162892
1107.2431920934207,7090.083929465029,1202.477793752466,98.2127279031934
2620.3448699867185,8820.140540523756,1194.3472115745903,18.249880675115897
9164.011398451701,3644.4147117932494,721.3027334542965,130.86591136041437
5707.994049804936,6853.218565236952,830.478395352785,326.0935971144053
5807.632471669385,7146.312284472825,1424.0028639787333,43.747609085286335
3121.31928245085,9043.54236287914,808.6933900965286,234.87997116660708
4275.36803518524,4925.962742895299,542.071096057522,257.9538386525408
7944.126829893378,1935.5732896940094,26.419909138729228,22.778924888376366
5654.654465914648,4623.266187028297,1432.1422062259142,347.3693605219022
1273.47433636297,2832.799430277423,773.4770907751346,260.20017185148544
2149.587224632517,2532.9000960250164,77.51025263734056,71.91825702471516
8151.556229360366,6453.366855190792,1230.8691235485924,180.51735456721212
1851.809459653172,9304.779248163182,182.12458696619115,213.79938087174
6043.171317270588,8413.828609219581,987.6129897157139,181.57868228264715
4240.597096517594,8460.871300906416,1329.0429685188694,228.5019299522407
7210.834747304022,2810.392956458367,1254.0225191844013,149.41918121444948
9047.878721810252,6544.296925070651,195.70060186258098,293.03502284761794
5630.778101673751,7059.691463918561,1333.5370489962982,7.748244629256082
6533.528393957192,6488.519224922227,450.18497970543143,275.64689529395827
8660.0244356163,5074.117725519856,352.37458405902635,274.575353535459
5712.065902036246,6976.082031806592,31.514709129644686,16.62903752542784
4336.346869189112,8312.75905478451,405.3707208345381,347.213789964685
1651.5918740372476,2985.7364713611623,804.070280964562,311.0111951909062
4152.451314157739,3498.539495656975,425.49377830991796,260.4923483970692
5907.579367059379,5489.972646817169,23.638555181325597,278.2533138129922
1522.4043225990265,2793.8715730037247,378.06909559800647,114.19704567365149
9457.329241187237,6572.843411404575,757.6363762778618,209.11079167553882
1857.9915640302856,4381.349714260217,337.1146322376075,90.50038762906664
5250.71482498068,9431.74039936503,194.566725289084,238.8182284608481
6013.93997308163,2879.3905043773507,390.92962832482266,89.86771994060895
7993.245587395838,2420.033893346871,29.83761222726927,47.09623255430381
7086.522463515039,1492.6018506046867,1099.2327770193408,195.8576806697277
2117.993451743321,6351.538446802947,398.9794562954536,255.84076217063705
8084.71242913351,2706.5059905893886,491.72003685061134,122.95159851849654
7045.753704165977,9292.43639109423,435.98402386080494,213.64722630736847
7752.108354257838,9798.019915251614,530.7296086789345,309.252115929832
9606.129293169892,3084.438520235879,1416.9947153953867,231.82408128899738
5746.932603740671,7787.654947135243,1062.9032675123754,328.735407640275
8038.996300593301,5712.009547923533,1055.228608063658,220.65835677738158
7389.842346014924,8685.837988423964,336.97270104272627,284.8823598700601
7517.444226957024,9976.387119767041,1139.1728158590747,315.79908516274173
4218.929085215204,6746.139008827618,1243.9172084809754,6.2063704982792025
4194.221078794641,3152.1164379056754,1162.8681289725723,300.193108582257
4013.5218352999514,7090.739199995324,932.6481595437937,275.1786437954858
4834.881041040313,9319.733797924619,984.6901009585375,341.62468346415335
3000.117034273204,1501.7313511394582,729.3068243274896,20.18139347483142
7490.605591554893,5251.154519440371,603.6558612581119,26.0092179896291
5134.403766930738,3113.5384090274156,1370.8498567324516,165.08768471828395
2611.800671445362,3193.7348743007346,1483.7648399846835,138.6391680722928
7653.331877699597,8281.849662536606,1470.24170340181,233.97409418745997
7547.002513047563,9269.96612577408,1068.1085284413189,344.0203730123752
9904.865848854548,2585.4069876005424,1207.8907646317437,46.687729208326225
4659.946339748349,7149.233461086291,671.4105952886262,248.96755437919802
3285.2726975831233,7746.434081758405,256.1473599233751,359.9208908720513
5758.334974041578,5120.816603773027,607.7996596592843,261.8603156457336
8601.173112352622,6953.503218631824,1335.4130839053614,70.56093287837108
8082.959325424724,7761.78338117428,1457.9698465095926,205.5282586453552
1863.179044336452,3932.5994853095144,810.0703563257874,185.7427548399283
6917.820380569041,8165.227788108259,837.198459535513,62.453369941042055
6759.35243836916,7753.409786965723,100.68660660200156,221.96305061210728
9865.023167385385,6030.19044816234,908.2137104167368,67.93379201921975
5805.608745152567,2812.743892078234,1445.5430789011152,16.842914983857128
9218.440977843928,3326.0089645365592,885.6489467152653,8.734795479750693
1254.0095548415538,8253.03950914002,1051.2053095064994,28.074110139670964
7760.711413376105,4452.707127196144,192.1768621981529,290.9301034255075
4287.719647919321,2419.7957647138765,262.07180320576254,205.7700189819245
9758.462681487115,4887.363445623145,472.09038765782753,92.25341891173358
1725.7496681656005,7760.449567772859,106.8180378899987,343.01768603698895
6311.633278229171,1212.2850960067456,1031.5575882581877,107.71938819923831
9926.905208172846,2077.150825259127,1170.2725163198616,352.4008091473851
2354.4044838827217,2719.396803216912,185.29123200923505,128.4152887433926
8498.469268762557,4626.101020494589,99.40826374226448,178.8372995143233
9496.203084069824,3726.4666850712497,929.6487522774986,109.26869197039976
5517.481627701776,8925.237144751483,791.8120324875252,285.4693733530478
6399.452819220473,5893.179713035068,960.0149591966484,211.55338308877225
6606.876650714488,6321.518760765482,659.9564813578737,179.96573894271748
6100.165005219338,7534.86702160791,1354.7407043207247,61.82037769642483
1778.0897312518043,2130.0779031868533,280.72417918159016,198.1302573842776
1993.4639569931785,7576.170340538361,1340.1064450233341,8.087345933822895
9871.250366385539,9801.777472448734,606.5412292997105,205.31150772443348
9318.278809626761,5342.521890880326,195.29175711229246,42.11556376518494
1792.0025669580432,3136.3571737666816,534.0998529767418,86.27391739130499
6303.765242949998,1515.995268460599,663.8972093992708,94.47774193890828
3779.059280670461,3404.1478969567993,875.669053164193,59.23584046016565
1999.9443695710702,5449.92268121277,285.2918399961774,90.65101072969254
9861.019348912141,5634.008038625609,804.1334327564871,225.4697931681751
4529.223699872536,2983.906787370671,960.588893993753,203.80636533762183
3758.1835666256725,8147.022010006035,813.5075486425385,258.43460305026076
4066.319441483313,5102.040196202544,543.6936255388572,208.92783519503138
6140.5195799087,2687.194467495874,401.72346131886707,337.71356143961157
3604.5777668968994,2276.0167961844572,289.4709716756905,118.41548292282413
9540.151131493812,4494.161910381949,483.37919172540103,89.29808826104967
5938.4250110190615,7518.6975838166045,430.0555887640065,356.13495025366615
7310.326190172856,4308.509393678352,171.89280901604317,351.92826222648335
4515.720999941181,3610.7765590399035,663.6711259235211,231.40739818969007
4453.823372254343,5098.6589339240545,1290.1848690983443,114.32431485440588
6684.466459167981,5085.766378455839,931.4497630603391,273.7330859749467
3167.2441937980993,4449.643302672777,873.9412248991672,24.49848585213343
8541.102150480145,1558.6880324703548,545.7604380084015,62.629941674295424
3821.484046581029,1607.8990814246965,699.3512704602574,54.56479576812578
6010.840447689016,8277.103986377633,607.0049747763418,66.84510297212933
5083.902186510873,6677.380217709303,1404.1381315201913,149.37258041386474
8468.86349212973,3589.9624367261476,373.3167249515823,343.5134417436174
8385.186907941466,2125.5465383177097,48.66719651057243,3.0696314144468753
6375.43395499853,9865.45145328721,137.50577167663158,186.9761254925693
9625.4908332619,4658.291798427178,361.6486140960648,68.16413906961762
1761.6687315134222,6991.147212786488,1215.944850070189,159.75973495916475
5662.126897973093,2002.961434976707,1113.7053466759332,262.706357415964
5146.991961798922,8004.457386432831,789.2300921778195,225.10164522857644
2474.6392517623544,4454.375668045184,1410.7837738343308,47.647907239503766
5709.09098362422,9161.804510586493,1108.1150732003707,217.48033714861046
5735.023377889967,1330.79325477904,1211.221215188323,307.4597164012118
7239.935712861095,5325.294200071889,1099.8962524965866,246.27974938256372
3622.2139836219667,7745.309979032473,5.583435689996115,190.5423449384015
1679.6984975868013,9223.424616395594,4.093940115411975,139.1092783980425
3715.738476383959,4845.911018521073,1230.0410982701235,203.4487174057552
8860.543283689358,5968.401175504074,755.4927251004517,176.99684276673406
7826.689184389229,6600.562018007736,279.84957662438933,116.4222843435904
1575.4718608313356,2787.0405866572705,704.7269462143028,239.5105268317117
2741.0197290009028,1647.6233028327947,23.832599335717866,334.0348341277728
4608.500068227691,2859.4173915130605,392.74255326441937,76.45028122146901
3350.941771611308,3264.575842102178,1020.0271504567787,337.70261067591895
8384.709227880327,9909.567216392576,1032.6665371292165,221.88972007941942
2302.8005718314757,2564.337200851326,355.0890168492132,293.0647105031243
7638.343268892867,9745.310807216303,1464.1215759090035,62.639027102257465
6819.78286168824,6301.068397231282,933.1939827991845,335.4115724297618
9950.179242300144,2192.8446832555173,415.09741796669675,238.98394470270478
5690.383972231078,7509.596131025191,504.6857165929744,304.731675615249
5353.22046755452,9657.283822316052,784.9228217331624,10.811048465128119
3409.0414897134847,1188.4422710639365,47.80659012335229,354.0445002327083
5015.452714537462,8477.635617436634,1271.8517104793498,223.26946479225992
9311.777169808125,6889.667740320608,669.4246227478078,177.55335335405027
2624.6649811604607,3591.7334959124305,772.4850240662744,351.1254029966811
6531.9468385749,3741.2114624854894,267.9653787366993,102.82730046424268
2422.1253996657856,7966.754673365451,500.38062221116843,48.965201718856754
8035.534825294475,6534.686742285008,1262.3251426009197,174.64803275831775
9641.154468946394,3880.9474109753646,728.9902370326184,91.82772084087317
5578.119237454345,4597.760644565442,999.3055574285646,178.42145835345744
4973.073121725962,3149.838487414407,1140.7607977417283,213.01465619138332
3070.345129443166,7993.133188976035,752.8726172269091,83.98144096999455
8819.142217447872,2060.139928282115,1425.429132685165,341.18616233482766
5692.448072285308,9931.331051917616,418.1109420257964,343.11548897406266
1786.9047420887982,8309.799812434689,547.644235398192,196.68761458624456
8902.420040770266,8064.27784112266,274.3001020412856,335.809281528422
7986.649983660544,7974.261464660029,65.15333701472656,238.68541850380495
5735.49933390191,3602.6488523432326,232.99553187031847,330.224012770893
6374.788379599976,5584.704188871432,1099.055132991102,20.780938640448834
3942.34935122126,2362.4618299285976,84.91005887845576,121.46893254281586
6243.386392972666,3681.974656428305,65.42769478071416,157.80644135724617
7408.679836818871,9958.700666946283,979.2924740528189,38.23846643598055
2707.8247001823356,3675.4769066545878,1370.7309713753602,197.32916805165166
6647.989323580373,9086.739290078718,140.87635706752428,25.13436413829935
2144.2663719997,7019.215478033284,1477.9765750329454,159.02653852961785
1759.9710254274987,5866.61023984446,23.293553854803733,227.7479445242231
7686.139029150546,5099.92074046876,1392.3477475448744,194.67331330401143
7431.680110687654,1859.8550395869945,940.9804721330712,51.96437116994683
2065.054644630496,1394.485296903235,167.8955311369887,357.4572373967165
2926.1881058047884,6363.129113164393,145.94801036635292,230.34612816932253
4952.14859279324,9053.557514631188,745.8738244894089,51.88920054670883
7018.225886421883,1882.2752898873946,776.8816715874054,266.71365925923453
1235.8642277138429,1929.3087368102101,285.0561721940675,86.42668924757947
2089.8051058684337,7046.956116886971,24.147159705195183,194.11965952567135
2863.8069492131826,9113.299598142155,269.92593268319473,208.84177025493702
9491.056457041153,7984.483944459314,1267.191740508592,39.21597420905295
9750.64247908742,2271.9532268297,517.7652639741864,228.64729681968282
4173.626762737155,9359.706387026255,658.5078753239194,243.0013972288467
8142.939243698227,8197.765908678686,551.361574063075,27.28950660125332
5516.4787835556635,4456.761149181817,405.3522104516804,109.1169320405587
7661.252393927801,7958.858113858633,645.2320277147803,73.30612183800335
3612.0093769750683,1405.2276874626727,834.7631561195611,18.075450171902627
1478.0729702298618,7114.196730136766,50.30391929337333,327.53847656469645
2149.3817945284077,7677.538381410556,609.7811715772048,207.74076280392345
1605.7177616300044,8916.018180450912,135.08158104419851,25.348939631607102
9781.573660356516,8883.426564691066,120.44429686447518,322.6240331304304
1696.810621191783,7385.088031370954,1056.4919654619916,144.39081469550771
1602.0128800828331,4560.770304102907,351.37658966704834,266.5902451780381
2694.1503457100935,6592.078431623359,1287.8879790297483,234.17428472612156
1751.8756955043054,3767.942143940037,779.4952658575777,20.07341254473781
6022.34736756336,6056.344941732605,622.3212662314003,94.81165994818491
1787.594653332263,4866.497219272387,1402.4186272603426,40.386759687448716
4039.9900823828616,8113.9960333297295,743.814268107276,20.167137795609612
4002.4198830321084,3689.130861600418,1145.5011431849243,246.3368033554201
5420.203458366637,2565.773159876775,373.26597716137985,178.83077111938474
9093.285315723984,2437.2485944079526,654.5974321700807,352.5444402908663
7445.85673861838,3191.7196909656295,774.4044341693484,29.12612368511533
5436.196423372174,2571.433554551748,243.56016560517529,234.49678534449308
9225.83255169664,3976.367150680686,1229.798901398567,279.956580877193
8147.148997031742,5899.040109799508,1018.6633504270975,265.0674192306624
1586.8139219112095,9809.382075710675,1009.5326158711168,136.75558627142945
3375.1781624619716,7229.329871867787,1407.0846286463157,230.91382479134163
6332.943348804552,2119.2188870254695,503.0812026192217,301.82047757379326
5135.829754271143,4471.696401760924,678.469233768225,174.31672887815398
9993.28550331846,7888.0253238454325,445.47795281709057,83.60308946099153
9235.319346876402,2369.4799698005386,1009.0015840840122,190.15137171779625
6127.330989945843,4799.811031934576,1178.080314828451,144.5440884122038
1705.7958299906409,8552.450397148812,78.90920918350243,134.09547630359918
9106.19002959139,3646.449783046293,575.4482767680634,225.73342598140727
3868.2612729131633,6326.220387922803,1193.0707435852341,185.12804715789304
2205.2742992644544,7024.830690984926,671.4815572574273,171.7056819106551
9771.377643189102,4314.143103285833,1337.5475144449474,3.331849278670774
7635.552441958863,7730.011344366501,644.0580738225068,343.0357327405001
7300.179142240015,2829.0092446154235,734.2791621784138,94.9052451498408
4856.91036905021,9872.944884667908,1106.5214075129968,178.12168639401767
3961.8889791406414,7899.559546639098,306.40377759864487,341.7121502906171
8539.215799304364,5918.820627572024,1460.3644594984737,162.69906419021902
3515.3565874908286,7137.202965112474,1365.425810506632,161.37452910420973
1741.3684161010542,2872.936075493997,1441.1622991646816,71.45304865559122
9432.132547123028,3502.988647313136,755.0496344039367,149.6781784999447
5768.375221977007,7451.013116335529,282.4282910630948,264.8971881866633
5647.081892211648,2509.848652682821,249.93027667537734,92.59435039740664
6420.901157690436,3254.9992228764227,9.17545392326511,252.99242576199043
9740.905325784252,1641.3098611495184,295.1802273378558,131.80992211343434
4999.442518378941,7154.9468588618465,852.3357044058433,15.73688909105472
8865.992756732312,3387.5476815478996,448.5676659594785,51.28072391732935
6615.926215123189,5492.570099541444,878.7325934708842,186.9905285476474
7370.750840275571,1109.7618073528047,852.6996229953736,340.09069572635264
9560.791948565733,2936.109910682063,1361.4339655838469,79.3312340315173
5472.399448829984,3263.738707140453,1228.0589403495264,132.2650460184191
1996.3102619179524,8485.350005371467,981.6325626176663,322.1770382165942
8397.846161518473,5911.469350558728,318.3424316350191,321.8499984779904
6719.048146169029,7345.343558322425,382.82416358481333,98.82600453075554
4411.026381812486,1131.8200717317864,1005.4005646177251,189.2934458478593
2291.4366828148395,8653.92511918064,602.9211009263547,119.22034479826597
9074.945979976595,3564.2275762332524,1465.0229302965038,354.5816517886396
5229.88436797225,5173.760343524942,1442.4373607406903,192.29107545381777
3614.0448409677874,1354.4547326768152,154.88172383312022,298.100624365239
1397.3984259327915,7140.829231707584,1420.309762931836,273.63923464791526
4227.508805744543,6274.390643581898,1407.7018688119072,119.5227665183155
9503.258721890505,2354.547472041506,191.75546805475494,334.6642629946389
3104.0470359850924,2583.553849797002,1089.1461626576663,54.70955864263726
9905.370255604226,6291.865491503672,476.54277595211505,308.3530607057498
1107.6614770021283,9560.164754815569,168.23592093548126,6.040588237886484
7714.478265163991,3266.944684535284,828.2436973095479,307.59727440345625
8468.043322192894,6522.830324099608,1000.809742705063,94.29484272032815
3009.936843266621,2972.482346250391,521.8725965946726,36.26630259820386
7257.991278075396,8114.622228883446,1366.059017495522,226.7383123104472
9568.648739692546,7657.647115115647,1306.0314793303264,191.85473543253835
6516.479029080025,5864.199223337429,730.7748106735589,330.2096339393567
2979.3725589286933,2919.0315411321994,915.6154455258842,243.10767179720003
4786.932928422965,4280.814705384475,545.0229431743819,164.50301112893277
1815.5922132205737,3527.300385362715,1154.9040701941037,76.56179417462523
1733.7746413383281,4158.97561091396,110.56196349688497,263.5247235002749
1334.834094944003,1714.53732828479,1238.2627720640555,94.56007204501081
3622.36717165448,1953.9929996234137,716.8487451913315,349.50691917007805
9779.451273879025,9728.959833446168,1241.4883500517508,303.2957467497361
3078.9132759040895,9975.207994334181,352.952919119477,280.149951072698
4858.49467468384,4425.830876715801,831.0160919068543,200.03645185177123
8069.384329234621,1147.88768172134,1294.6594686740807,286.6183701901909
2391.321796069913,1362.5427638498618,871.9150352668072,339.73125332912986
9606.665969076224,3732.9974465256128,21.441594345862516,262.83387066040876
4035.149434994308,2409.1506238856136,334.317022723962,226.113909736456
1781.1108999560952,7434.569620204478,796.2959644537221,195.6074003526118
4740.958222031748,9706.000290263399,257.7315992041582,287.2460879281725
2661.3733676855536,6194.691845220383,603.6279127697463,301.69003462451684
5970.447246861545,4563.843461428854,1303.0203577091675,23.875193882952406
5091.736501787768,4464.215077909871,740.3245571109966,23.482492007949276
1922.0193403835603,4650.759581343678,963.846904114126,119.91754205885526
7735.5624689610495,3055.207127251404,1333.6989926754313,107.07131467183325
1766.0279324756625,9488.070070417416,506.7363758765674,299.53412796121626
2830.1283998150643,5354.553706996304,105.2358090337936,254.69846461901457
3592.3994490326536,1283.9805962722357,101.88805457113915,51.77269136130623
9225.110174876389,4708.8357705024555,907.2559313859866,187.04155949241508
6086.749082405398,1855.0633734131065,998.9328536278446,141.74213247280264
3976.5106134122384,6840.6184415698035,1372.7048399156827,103.70794703144549
9340.859521843298,7584.275792202843,1486.4535975632818,16.228652881042134
7231.070970551197,3906.7017611971833,1033.3305021767385,349.1833354831187
2411.1914451247303,6905.808812673316,1446.1709785634348,105.1348466590072
5265.101144419868,4342.6933150301165,493.35826766195487,274.9935848006443
1945.8462117269842,2852.340391512703,835.7096769803649,165.07073522445967
4429.452360549369,3492.3808847839723,46.019030663397416,178.95916071655012
9046.965225008185,1885.1187839788356,1456.5052729779527,106.61104538507644
6068.175976444664,3602.251542900106,88.24572868926671,14.57941656353512
9557.144897010545,5835.158013688051,304.3517804177807,17.245399306458822
2781.856081196829,8487.292288194494,730.5328449541626,33.61353638998235
2423.4795501787385,7153.069009104166,231.2372639170852,9.418776900676392
8821.904416638274,3117.17416186691,1229.59222636521,102.80078546685058
4256.468797949152,7067.61619979909,794.4168820793909,56.767867716720204
3808.4599698681986,8331.891039695296,628.4654252173027,75.58075384442093
9924.111586064404,8372.053150929083,241.75575241941726,275.2874448552564
8678.229503917537,6364.605799848697,378.569214109852,79.49056345619377
6467.03741583978,6426.906745019135,1383.820224693267,69.79791479915725
3221.1445425813663,4023.940311695759,1199.4513255993802,41.20560003241234
2080.905019937159,7796.764914599463,582.2494745133879,182.4256270859352
1861.4711823601838,9309.021273252594,7.514066407654943,123.02120190633516
3915.818969595728,8032.900904427448,283.2054629659757,176.69659203620265
6992.889972565449,5950.0977374877375,1292.5209699786321,343.86900719208523
2233.852449681959,5271.367896762366,1330.2843958496428,344.24878175565254
8923.727924357507,8742.882485903574,625.6286906226918,207.12525172322935
6903.857470943704,8217.259635046314,872.1811649302408,14.374320775681987
1428.4536428322394,7278.0618963860015,642.5319874233865,77.50294848813836
2434.774603238143,5116.512738863295,1174.004420548465,293.09009906851566
4008.6690226210944,8656.65939417788,989.5769302321847,46.418884212057485
6306.71494624751,2642.2624320945133,295.5887409566136,32.46093879527538
1300.7181982113498,2902.3647166664077,1406.6635063329552,76.3664939523693
7312.456340155082,5497.113647730914,942.0402611771519,218.42029216725294
8502.769105362146,6579.35053858401,260.44344371704875,160.8756268869697
6519.515217727255,5445.00308288676,543.0367382143536,302.52833826503723
8913.322926451086,8141.398407880736,231.3018645534068,285.853084928292
8017.731736235484,3830.356287528005,1328.7842945585714,342.19619155799126
5368.809985756181,7697.37998855404,696.8299821019868,84.41987958758043
5683.139468059647,4388.977413105056,628.9013104756501,39.87505563831366
6963.970470990774,6639.295024614068,203.4800743862066,171.19939801438684
7499.0261505342105,1561.1294454211215,29.719920698999363,253.6626912317174
8216.401420945218,3632.239670136644,1120.6482935085753,295.5774995539388
1953.0566619822343,2696.0522689523614,580.4735571947596,227.24815053023985
3685.780005212356,5966.910389411876,336.3176934466319,143.65475389603608
6982.942787174254,6509.495188473274,1499.2777075024464,13.99831026864541
7988.712836416186,8473.78043406779,988.8336411549515,94.8654891809165
4421.169517159718,9983.76655910951,1070.617542404293,167.01184910068756
6218.9899232336575,3594.650988217078,1387.3476197643713,344.9225070500111
6449.599717590461,8997.530894233963,1439.6820130724443,10.250582990995857
1677.9569789791242,2052.664214179894,1339.1434183362126,252.90255417152832
9832.796562935771,4072.558557676216,920.7874924859734,297.0121468495177
2323.1853898109207,1897.684347379102,257.96836078642525,309.50489013513595
1504.0205102572263,7465.790466123526,962.6179183407896,292.0248233846328
2064.1499524999717,3032.6613512971353,1397.418043918677,45.79289659627526
8452.398227931331,8025.880027248682,585.8060748270719,210.84426328940597
1923.0822143254886,7999.986082277039,1111.724163586968,329.52598010688735
9554.394003902438,7974.9735325025285,262.9895644548495,43.81697118020744
3504.539041858758,5967.21409852352,529.9281966515223,290.23965186936766
9078.188703256059,4455.223363797114,278.78132405264284,325.4204558820654
7060.691477631249,8884.796634151013,1475.2427522625005,21.989191695328536
5673.156391313075,5270.954289069795,1435.7846051715517,141.6408704390529
2788.6063915777504,6199.4058577811265,550.0331785724793,151.31178908485379
4543.570841633454,1278.4666526201263,564.5308375692894,338.43905692248194
8536.12673997289,6706.456734617665,314.59233842482274,251.72573784053935
5478.471139453689,6543.6762472818955,184.02745157040732,1.5030111290107517
2644.368106134208,4734.2515813131395,433.0787881486354,152.86668652683366
5243.870231105835,8779.020346547135,373.6862624543558,104.96823086338358
6270.987493563822,1640.0529399980228,1393.8888544223491,64.57953986354832
8170.379904542725,4817.578331602006,586.893089527205,38.53713620396796
6079.953145516429,8326.276924266294,374.7688005093659,142.20043514073367
9000.73305835178,3449.012778056886,459.9841510057378,40.14054280122982
7189.959277579751,9056.078709425507,868.6910683395686,88.22543478294865
1746.9271925142018,9871.78289167915,1028.12698832021,335.2764536960205
2708.6695674818843,6522.2997228953,473.81641545017953,47.31987067038942
3286.799398690342,9292.524291294227,149.52389460939384,118.3528124793865
4048.966793865858,8060.769475011334,1363.8345944145697,204.35846495666618
8490.499893278457,7012.271546583206,185.40488398305118,327.49059050130876
9795.433930028134,3382.705762689845,918.9784846610202,226.41007282997748
6233.3505751056755,4453.995842357157,619.7994710630563,182.39911192753937
9278.575984289382,4009.083536432928,852.9128334006414,95.4550707686376
7145.600808598133,8409.494868550493,1083.0898270785108,118.6215072177391
1769.79213804558,5002.9943882324815,546.3884374104517,218.25794235415455
7876.501958633291,6210.512591618439,1348.7611604594745,120.36126300834614
7084.983672976125,9965.55173739719,987.6477213418169,349.81319344169475
9385.807867796158,4431.746028086018,855.769828162552,125.37411896333242
9064.616291064405,7601.516947009758,1467.1837470162811,292.30274120459563
6765.7334825709995,7464.140857110621,1392.5251602697351,327.39092746255704
8891.79118270216,1834.3942651679326,1438.4469899507676,220.57827695525663
9128.405780225388,9077.165057779128,676.7686750621389,100.09832375880227
8340.626146897466,4494.637028233479,56.870198308036045,249.20611805066434
3025.66320905061,7561.062535235467,1058.9529112676005,21.96231455284523
1142.2932030020643,5561.0345222348005,1462.7176931220831,348.85710420103925
8400.47179425185,2248.527537859856,1269.25838191663,54.36118849117917
7702.9259315099725,4429.682918097023,212.4704509109048,242.927590868185
5909.525373651496,9942.184376937123,1247.1976313648508,177.97693343365864
7713.625737473101,8346.72593384777,1281.753775333124,64.9297391755693
6638.44828265548,8240.34478582063,130.25760457009397,104.41981001523075
4974.759789002555,6494.169611802479,1495.7336878131018,115.28936754004378
8319.739849821573,1163.7166532705398,428.37160001090785,75.20222549618498
2094.3076724197763,7457.98504031147,123.41524833796852,22.650123050025826
3865.1493730160314,1107.8859937171326,753.3411891253021,358.89510791463215
3539.294789739145,5550.273696813009,90.17371265949295,220.13811019339394
5692.722700381203,5831.209480398157,213.95937430674087,353.0764521335273
6953.412623728715,8506.301000970965,708.3638654842109,110.70971881876139
6039.97419926025,7160.079590982791,939.3052031898194,129.49378813317028
6262.2049153356975,3004.0706889450184,9.843562937021868,100.7225201720927
1385.8778219418778,1822.9688409649789,945.4882026979897,263.5189801909606
5116.667248626443,5023.199831380576,1248.3113617961383,158.075748538881
6682.235415942971,8412.949734987986,1143.1156280774878,11.273173460091378
1272.9574062846186,8954.156875714132,453.2297575151175,203.605572901844
7299.826695219429,3669.1576360707154,1394.0072271445547,244.09631753175958
2641.907079950408,6794.758083649373,46.59928214574566,174.46443274704967
3893.17471101476,9386.241507130393,1325.0607580802405,54.05829151855118
1431.0828736725632,3571.3194794050087,1214.3456525830754,143.29253495454262
4082.4749231971364,7694.637577917133,1275.5799954463089,34.229298530662255
4492.504524742015,3461.4440029117472,786.8585285362942,310.015301425943
9355.393458572462,9937.574001866866,758.1524335790534,170.52198793786394
2733.312159127485,5746.907865756184,1357.4828461208501,125.44854336266583
3704.8246469182272,8429.223662928642,810.2143557965092,117.36542121930425
9653.614673820088,3586.1701542760366,960.3406076928176,11.758982889529422
8078.608470355338,7621.370306642903,955.2124508896832,156.7391480628867
4437.6268777926825,2176.951051451809,1418.0430122003102,18.43285392546591
7569.170221963889,7841.776255196127,442.87668735146264,143.70042796572918
9499.362047950219,7105.595581116777,309.52388153200553,294.0762095161723
4071.667055606907,8736.381186559069,1388.45676831209,14.344070882046342
8565.575138200455,9610.712909885093,130.84096111048862,24.421522153356783
6703.276147718059,7444.380130530974,1220.6327022696037,274.29661663399463
6270.686182596594,4969.394134664217,579.8774853003388,55.882249777635494
1593.7090189948813,2564.109387586731,1249.968643509943,83.01365716657622
5298.459865448654,8880.949041485866,681.3996079008257,178.38483632054349
5655.005814860073,4678.981313429995,56.18419386016308,357.37867264637316
6467.5597728592,1275.4229305677436,1052.2126502898618,328.5496438336275
9718.510058669475,3359.0194945084663,591.3518324519952,193.12634474257018
2154.4947950110973,3457.003611007589,419.3449266123264,210.44573835348046
6190.589318491608,8971.203134600337,1344.337736968679,110.23062241195184
3331.58554497698,9432.331156053751,562.3786995188901,323.41172167925635
8031.05600307289,9976.04107505617,293.2779680641551,86.74379900806916
3990.9629075015246,2588.7844860415976,973.3842645745096,36.523940697045575
8198.66675030738,6135.704881467479,1102.519991689067,47.416443662566635
6085.323996180059,3302.2681114232414,104.4561318380347,56.15335756150944
2115.086573008777,1601.990509592949,915.7380166435324,149.1972783603729
9918.802208606028,7716.58727620299,777.940254430178,54.73166033303851
2541.557852690308,4889.674038867895,1072.3452621820468,331.1755208806014
2339.362254829433,8808.473573977859,413.38995375377397,240.45625118850282
1427.2408783366645,9907.45199901079,828.5242996123482,257.92410883806826
8080.378721698566,8371.300652428466,73.51670515878781,116.32057921014419
4929.3365776713745,6518.630064091309,380.70219009624805,154.1313715272262
5248.938253704622,7803.203067922249,205.69707088609505,165.5724519704339
5945.759305393521,8338.558471046214,1039.6810848370583,8.362125421084553
5395.111502863939,9615.737808763912,1076.028071346002,340.17611146005277
8215.422813046302,5193.805501810053,579.2744593731807,322.77555119218954
9984.99320192201,8887.855441502561,576.8319516220625,280.4991980519268
4664.119347615491,5057.959300997434,804.0479052669788,124.52086008685582
9053.746195316873,3291.0483121304324,795.0851113824655,247.95273715614945
8754.51649912994,6924.064681503334,1487.8404380567679,293.56671950105886
3910.482354587024,5339.715364526672,38.87208527591622,5.884305857762037
8418.653734826086,3386.858980683581,1359.238998096693,30.484755719398777
5258.587243971738,9150.737073339418,189.9882263198679,32.72493277626529
6743.574826073967,6122.11771507938,1362.2399104184244,187.44144870599638
3486.355910328468,6909.419983927448,994.0377247201222,115.9747447399899
7674.453129088495,6182.280883692942,1195.1875232205593,343.5689025551983
6329.223198000016,8269.901883831184,932.7660733780244,226.5218294879875
5392.717190138929,5441.710151668985,1300.7059450043555,158.4513206969377
4364.688505141094,7151.1898016203295,1195.9835338678477,190.11882866045246
8560.699011826362,7977.16706169693,1450.7339174910296,188.27366513286162
1950.5960510515804,9087.310041251341,63.13403030173296,357.79570739247924
5660.871170345536,6144.09887459776,1422.1619643529866,129.85623464956586
5874.255101102775,9132.887866176956,883.2581302315217,147.55816341059767
3044.9297310011516,2491.564817254044,1209.5025004174413,100.83596893332135
5721.306160749753,2701.8384379559748,1397.610530623662,60.16183912775995
8534.298309448455,1326.7538025485935,165.64447110907523,251.9043815078792
3584.1665987921115,7603.191746112696,1220.4504162196688,299.14390767442234
8631.364194301135,4298.783000571901,843.7505658084573,149.49645267275952
9562.356254047583,4329.453254106727,694.574282189809,31.11245051888174
7264.531526839299,4987.983050471541,783.3864066274858,57.653592500380945
2460.372538654182,8612.75525803207,472.24317205317897,111.64769681968133
4326.603915998754,4389.0454795096975,270.552383200148,283.15879741074116
4452.58884729401,6192.921545864188,23.356667083193223,227.7337319193511
2985.755047312945,2202.7656306738545,1060.3049521239698,20.54268036308512
7316.544149730326,7691.448664132631,1377.318364395677,210.04399393722377
6219.076511995095,7804.913552896021,1140.381043871475,310.82501532291695
7999.330722805216,8862.762805848579,1127.5039507649997,178.72809552454237
3569.760060191705,3783.3037461807335,277.5341597143295,236.21813119324642
9342.054733029841,1678.1438003203903,1187.2757621556805,7.907972923147747
4954.173750027961,2678.1819960846087,640.9797029408394,295.4933867685666
6723.246668287601,9618.758373795416,720.4822233071325,50.259360460255266
6690.805468438798,9134.65340848035,923.0557651200252,312.5056586556512
1986.785783391778,1767.505561128663,559.378952203006,206.9663572848766
1603.9753908047437,6686.753152755135,357.36544686639303,273.8153212592329
9411.46967621721,8364.618526538288,1014.0883019462178,229.33667595178974
9350.770228342923,1960.1041139488113,1308.1729146991277,122.63005139945997
9131.95306028059,8469.34571103875,251.95779778868575,189.58570581611892
8991.453637488998,4900.060934868532,975.2581081139414,125.41133535352888
4384.077086373125,3447.687171718586,620.3452692349188,164.22020172829235
8995.29704806715,5779.608149615831,1197.1252345407172,25.79196054370952
6192.863998068734,9680.149579283874,129.56908474391003,288.6075369490999
3250.0884990201057,7250.868591811904,345.32947015747953,31.775432204455413
4832.848423874884,8176.738227629231,224.41393082297498,79.35399202177578
9497.734952953682,1981.2325888145263,467.99434760452317,345.314848062572
8004.966011908879,2210.0225166965583,1299.458816391152,327.5185162497732
3354.283486762005,9608.527399896457,1464.8410316462337,6.315083923073927
6881.830055154341,6888.981556738489,977.5071930707327,345.27487182286
2495.0071224809176,1215.9747575531387,627.0065440659664,77.09414792903844
3067.670437551211,6228.022885092953,855.8161646032873,210.90559601259412
9836.677823662993,3031.875965385121,135.6049049842438,153.32143074638606
4792.367941196454,1844.0350293448894,1447.727334206773,135.24688512432965
2086.6590340733733,6627.281507465458,750.2047659539629,295.02423945582365
4988.980902225556,3188.899946338409,1326.532378248153,334.66075648991773
4892.597275976129,4863.683437300108,906.4316468172765,295.2284518362524
7130.251865099801,6392.521425119104,554.2529820453825,44.456369782744716
9807.174997446393,5535.361239791671,1401.0259673178066,289.7642163506996
4845.746228449554,7784.1826219049535,665.980011559992,103.56449433463233
8170.136014551936,6265.333855042906,525.9221868418387,123.32385055414184
6841.3374009870895,4642.123093898135,1320.0503667054306,100.43094626830991
8050.019168617789,5854.628924329036,500.5942682254569,217.2884457891475
2434.8428522278973,4276.904735787248,1336.8565900952367,64.65639409705577
2697.5879274235012,2378.0365297660915,817.5242979336257,119.54427859977838
1943.9353326087898,9563.413310610109,301.19044230415176,209.6266459319677
2057.707252560575,7534.585472597041,185.49745148453897,306.6634194583775
8160.887438334095,9653.238750507233,243.48365086272523,68.8822790426549
8280.778720349916,5284.566234971592,1142.4196598245035,172.45108060521153
8037.508847690928,1417.7528017240447,80.59761196767451,138.3878522841676
6930.856607879844,7465.890234374296,1477.1091937838623,322.42204450550724
1805.4775822422057,6951.595581971956,1165.0810627351,14.956921330044278
2441.9019729228025,6072.183055144812,1254.5593056234895,123.35030075328388
1797.985180420488,5377.568766800633,839.6398963736622,288.5517113029285
9765.733409437546,4437.481466702693,1207.9563278188652,154.61018062774815
2493.791450943173,5592.2081714855185,989.8783070264543,124.58382414487431
8218.050517004089,5745.699279102371,1015.9849446034835,290.3931319034511
9787.385350626513,1399.1396781122423,788.3324293663201,85.86004403492386
7535.546815601252,5294.4301754125445,857.4499814532234,233.25272626253977
8550.78014137562,9085.027010584738,1186.8464816390274,223.6585729685082
1294.255476117681,4326.77541839378,1129.0890811145189,251.17884126675688
5915.749920919171,2089.3656681243397,999.650611713379,273.7600217686539
1836.1613518644758,7800.13159557199,343.09356552458854,220.5175138432228
9332.291188624247,3741.563320138898,715.1572141854388,184.064610457885
6354.0405014364405,3736.120661697676,1075.1320549868842,314.59291763138447
5312.920395464443,3041.126196526233,1368.8465676298897,157.40212967490032
6639.332705588748,3733.857639042981,497.3049848274122,233.77631822240653
2746.4772851397006,6014.84050873311,481.21991700988553,322.1487049283076
5039.638690633552,2591.9997529851944,328.2394441334546,195.50958070668617
7960.18074008252,5585.232027850315,1317.5296105948871,25.58918611718192
4390.384120576431,3516.7388185787804,533.0747622391691,273.15425025889346
6097.34723859373,3361.4894329200715,121.64095020093595,88.42619049614186
8802.294179330838,1945.3834316033792,284.2054334992843,97.49510617132962
6549.819501180405,8397.861098855763,721.1545012649276,302.487864565765
8398.473005743497,4785.695504235346,1428.7626856901884,76.82414285629524
2213.1206154255915,9680.95652620903,1468.625914908715,192.4490256736142
8407.50658585363,4916.092801146315,1300.005610601301,57.4430005161581
2014.8857329604816,8159.721458488574,234.0340629328393,329.64924263161356
2582.232658116416,3683.4403541691545,100.27810860460808,87.8276037160867
6935.78117677603,8000.352273919967,389.34666531437745,9.645743566537561
8139.825515452659,3160.334425111835,1327.170350164337,267.27802279439436
3656.2697027052936,1727.4255972563274,808.1776826690673,331.1517256812002
6425.113332625847,3102.2503822841063,69.67784455701117,188.82909565096162
9236.347340747503,1460.5508657688065,1287.4662510842904,162.48691074811902
9657.217747294944,9439.580350625403,459.7625338993661,334.04612859057
3230.381490308035,8417.318250369932,845.5100359930655,69.60919633517857
5736.770215775764,7717.693542086078,595.141745981725,237.29866404136055
1368.0441365883726,7534.744414191278,278.7201520616966,329.77701531758885
6775.218251388878,6532.045474310837,1453.0095060192664,316.9753142319512
1748.1149808209398,5417.783937790643,81.07681141080677,31.998742836881398
7181.757507299738,8981.669448611468,962.0012365481256,158.3074017730303
3135.1010312817807,1816.9687424824783,238.35071336492678,332.1448008151348
4067.400407418067,5698.231268007434,860.6772224276465,53.72445903599464
5849.558444752082,3539.6864332329365,1441.7805617960041,293.3976145507423
5205.550622727106,8191.391893125988,933.1695932731851,141.44835853329624
3371.168061813613,9067.357884454925,322.3725245615258,21.898836261463465
5713.311791501232,8052.377244461509,895.1812420606385,95.71212808645596
6904.926000526881,7826.68894765816,663.2840564033125,99.64387060888535
4465.532492488506,5829.070795372386,1034.772096234892,94.59785312378139
5571.638426511123,8465.672131004203,234.62872213297453,358.2239825793139
4793.896446578665,6354.108172363016,1038.7462681456732,19.88511852353884
6853.404383976207,3135.428762160539,863.0810529781859,74.32391959927863
1247.4427527078742,5610.413293991097,1491.801115998244,225.24162735456625
9933.194802017782,9374.097123248264,583.9605389296605,36.547077718285145
1797.1065155691513,6618.379880611944,17.458809430723335,188.07836251306534
4268.6723884255025,6060.795029689698,734.0901711945597,67.22678719619819
4690.639638478651,7263.118333522209,639.893102992408,307.6381003327765
9118.314839177343,8201.121783299894,1143.0377543309805,163.83837395096535
7402.696907691885,6165.114699594874,37.76728849528974,330.6817503849485
1483.6222120135442,3017.734122158433,911.5017420524989,199.02589568231903
7584.947034007214,7469.220773585316,1146.0261531086844,287.9337284276766
2922.139707198902,8811.694966866777,542.155495197017,90.92040942919863
5694.790594141137,3282.7512890718467,716.9758773737459,167.16151678588767
7788.909369360302,4467.779407450358,135.76212666959887,235.99489858051203
8742.314618632125,6692.670011977896,211.39742964277718,285.87881284344127
1203.575074538986,3666.9135664732275,1316.7997712505257,130.7313336976517
4181.617777479747,5268.352272654503,1133.1814443067715,213.15087270395517
2855.9243470543242,2959.61725895883,34.49431562110885,291.9902695126995
1784.1364133727498,8332.59267745513,1424.9479610292042,270.874226326301
7769.238191830148,8007.041165919858,1315.292703355708,288.4029839320235
6740.034572595002,4659.2490983497155,415.09614947804465,77.51554374171674
2970.582712922412,2078.713191248851,915.792113920737,174.6868253857426
3903.2960574803933,5214.280442042616,289.86065912154487,127.08481718069395
9535.979514958522,1254.2409791417776,365.0487593439491,299.6652335067941
8949.36308255386,3264.364789396563,899.0295949470377,79.48261696609592
5505.506602256977,8358.446783083893,1305.0415561934064,59.29527656182715
4657.952415081532,2084.2256765891175,506.22753031730707,359.4460641707184
5891.640264025165,4018.0693494961456,398.4174069961221,313.5999976126661
5791.411517142253,5424.920660772069,69.23364187249246,239.30761839925134
7557.529283821479,2851.089486974598,617.7943759586482,151.34712016561377
9120.323529682442,3202.301725044758,1208.822461629848,16.990953398204645
2493.16423815467,7748.391763747946,323.55034080327084,12.128875601882129
6185.795913841674,7261.2675667139665,302.13589596394394,32.75753013904739
2402.687953943274,2330.716313648746,1050.2884532436124,10.775921672327286
1335.7762973497872,3093.3947403651937,605.8076215869795,39.67005537576594
3736.660276075834,5625.76205957553,393.9579696411593,340.22208999199813
1848.1443575756498,1332.8936330369959,851.3749702764745,201.05493471763745
8177.444134478362,3478.914525297613,189.75084063770748,175.00963948913713
3871.4984494172054,9210.907042048926,1072.64658205786,329.0043045704459
2083.999627026837,6255.701912554753,909.3941244578194,175.97528601422957
6968.649474033708,1757.2922319856675,116.33426435837531,265.3441516582254
8576.989487488358,7981.48455614156,132.55961976288128,102.32814512858332
6211.555597394039,7524.888807775159,1389.2650489934265,314.38290660003764
6180.015902150425,3001.1700452831687,675.2133395140289,27.101866341572606
4035.8681703359975,7530.916077863394,918.9480850243136,250.91192930807418
4996.1642054778695,3410.9431138802083,613.8332018282462,325.3842798759659
1900.677211451493,2632.848276490938,955.1471981659124,57.537056508061426
4375.329222348659,3404.838068695866,928.9945110400918,274.7241491892157
8666.728991543998,6679.6114139202655,1092.6893241931095,119.47491841126852
1978.3381167590385,1641.0441696758849,1337.44713972539,213.51786514440047
7507.343890083392,8788.737122976672,158.6095153526005,350.078980234721
2114.927692912886,4169.904109492058,1416.4229502526819,181.11471730253322
5999.513159305346,5059.980194003054,906.5758294177609,46.298220402393255
1659.7810457108542,5641.778491745112,339.51090969214334,74.92522673311215
4067.5066956555343,1482.5209569897872,948.3386371504356,244.2501014448367
8153.849099379499,7202.357006175407,1027.802884149931,36.95599610245233
5683.796174105596,8430.754356855447,1326.7539804921164,306.5392896626152
3439.5669477648003,8377.108413526128,295.68792176723804,303.0738115574799
5915.219326242284,5034.028360960696,639.6741940605067,218.1961369498112
5745.439616993108,2706.5266070293283,1178.4638491243334,348.17656170066124
4821.338626667291,4496.127803098447,1297.9116177967317,216.9475700822119
1453.758980384649,8784.034339195126,1029.2473624566935,151.5099921887834
7411.568630832233,6405.196680596232,1170.7278500373827,351.42129427332367
3191.0204987482675,6973.571302945333,133.73030681352782,106.49556922427695
6594.8682621310045,5660.507023707276,432.8900160589617,280.8838831618393
8103.89225993399,3795.089645223247,727.8377889509387,68.52615688743948
2449.3394431236243,3603.8952653308233,1423.733630905263,177.83382296280624
4214.214003368303,4162.1609491555755,1369.6373604794405,71.731673992003
9194.6251500807,6253.988814988368,1252.3340975203766,357.12578655932737
9008.640541194372,3815.6889533088006,976.2095059814812,128.4879124463373
4360.652997967014,7892.881610489157,953.8234738580652,113.43845660811374
4517.007133689049,6455.900460799233,1335.1388529240126,5.608912536787067
7758.9045296733,2960.2754404593716,1488.3976775687788,166.89965250856665
6332.454501384141,2809.16115369159,1416.0359063233677,201.1683190257864
2484.1399844792386,9991.238209930614,152.81922425997865,145.9637060246847
8663.577817752875,4976.59748537861,1471.2581096457084,253.51732415952358
1483.0084236284108,9423.199171022394,112.76086096587683,102.89066000649288
7091.147099107586,4641.189299356701,636.983311551459,121.89348880150852
8530.467789328108,5474.184438421452,1031.1218159909652,105.18559944779784
6711.22385052215,2700.592925540931,33.619906390514714,80.06619981719422
1415.663312964429,4850.5495599602755,966.1021674296056,9.630605503617065
6825.60882483839,6667.5548456335155,1162.5611837107479,102.2532443218196
4005.0556727869644,9084.086763794461,807.6282148059689,72.73325952215669
7932.233957082094,7834.013246287015,576.5231857520203,125.82290000514942
2893.379634456095,8974.557155553459,445.59812466879015,186.08874581807805
4800.058469197451,1451.0252145521015,120.20602683537776,143.97044794404076
2065.2866521113706,7119.641523411635,176.5953811485706,273.33342779824545
4834.802513467596,3883.2329628067328,383.69647458941853,304.97023319413046
2493.3434304419025,3351.8392147799923,97.57572519976551,33.38820125475852
4722.229349293599,1150.936426727264,717.9296261133437,192.6089867851761
5195.744211884252,8587.035530710793,1118.3909760149918,207.21694489928254
2112.414229135236,2725.480890125231,302.3658206830939,143.98664647418326
8974.518354945456,2032.0904047525387,303.13388542069816,232.52935163997907
3341.229622668884,8566.496271086045,1359.4161466939581,271.42201694893527
3049.225440898914,4527.785169033748,822.0677048468223,193.3905916003915
9195.198697763659,6869.793909483434,1062.4709148568295,150.1235651921256
8740.536440142816,3314.2061018932054,246.8331079115565,343.6228398205306
8139.769348730466,8746.796961005097,1110.3786392338438,346.985051592049
5326.364952193325,5525.156073758942,155.90419080010133,204.36193008419195
8719.61302147097,9690.269456827069,382.5493481776779,31.897114312830823
6174.086431294996,9005.272177846122,541.378764209977,261.7023621180562
4372.4801147128655,8403.991059635746,277.9610506937337,334.6733392729708
3502.038674062955,4388.1439696575035,234.7644401628398,35.04394172839332
3472.254476935628,5890.052599385415,1242.0621383838327,311.8954930141032
9303.42876054789,7241.8183141674435,1178.0790839915385,157.6441815754026
1839.3219848231174,6763.3632197624665,43.408997850291534,353.4020395732421
6531.462869667525,8977.196806475149,256.95959874510913,343.41413025309265
3438.3469474871945,3677.531707341986,439.47771696151943,2.467665474432898
3974.102945138052,6258.88429672464,1476.2652330971941,190.83674355728064
6033.055524543506,6547.179742151083,1276.769030582323,28.59453219800013
1688.9482232398786,9118.517698260517,320.66136671473225,79.06746162935976
3789.1778556073095,9440.694531756002,315.37870715485434,40.728214922961556
8021.052114673956,7158.917888812084,1440.0699735818093,336.680435239472
2323.9109951314936,3792.445880800656,204.77460241684796,283.240327241866
7004.2306196586715,9662.443985320844,1067.6096147259782,50.57922299403036
9082.612242047046,9728.698317651942,803.6316336775029,181.91231877762564
7950.369022459664,8646.909100075627,1387.7069459729626,143.4156761466592
4307.924963813332,7484.325976059855,688.8684284266722,179.31747636128634
5613.210351175532,7608.9395291897545,1312.8715266638144,250.32446325263174
4904.2186799480905,8629.092453396479,316.94571529315004,311.68482478800195
4597.978107579585,8547.161122333457,513.3438933292404,344.6995939630469
2397.4806709349723,1579.052519601063,154.14855595675326,52.19562616271455
1154.004484537613,5859.87371799652,1043.4486697999514,23.8929114592346
1722.576710879151,6423.039485867452,1153.0202361835077,211.67230385224454
1762.7942355497437,3281.9444188224015,266.7744982967666,148.7634706592127
8970.824427226078,5597.723459709595,1340.0730060453623,229.03938088494124
5372.056590329906,9879.10685727035,203.61447164624147,256.1145179870963
7110.519673938958,5791.269551918619,594.1222460061595,308.11740714233184
4811.504622166282,3638.3889633384906,1160.437273299106,245.36100097948554
6644.241860033506,7753.737787055749,149.19578712284093,178.53707372983288
1735.7051564954113,2035.77885389422,374.5482020941731,68.81741004993833
6445.924316650991,9060.307297766327,1277.7557740826633,342.7011155822243
4624.464412072341,8261.2769501363,227.6580430838146,289.62500711593015
3417.6093259398635,4683.94755607526,1473.985817972817,190.71099395885167
3755.0692126709764,8828.91076684223,1236.7699951382801,308.6740905022187
4822.19743736553,7466.969336212048,1490.1944509642167,164.64503192000157
8664.45672617606,6862.841602618962,439.62466617958404,4.279016592683467
8457.239546592327,5772.817400275842,1303.3724496837049,62.11710624652077
5574.126649674054,6229.40243617476,720.77808719447,291.846886989251
9459.493279091495,9303.41965483588,182.9587926890075,302.6450259001119
3236.5845493303304,2902.4767785755457,252.57299000289945,33.697850926551574
5297.340638250411,3972.6948407414097,1339.6002448769425,123.06566082905489
2124.527043566571,2335.688599405761,236.75332679824396,238.32373123953568
2366.4440661475246,3098.1910234291527,32.35024226648086,330.9481070608046
5646.881578531243,4586.202515634855,1499.853146348252,126.2786619056265
9445.099677522983,9638.992449228568,255.23160717920635,265.0052175421662
3348.707519570093,7240.440865226194,732.8383631553717,164.5481252166238
2694.2775423023168,2468.0905142356332,1238.7623500047036,91.10053395036635
5959.982811994124,1597.399874608148,1208.3079055219432,51.37072413737815
5103.709996096253,3174.349941474093,865.3119815128562,95.30560258072025
1716.8087339050148,5338.662446297599,484.3917079819828,168.66115198200802
9745.463796574388,5435.983807948635,317.6230084137802,42.98073085583859
5836.039469268918,2347.0607460739557,223.25588762753586,331.430198896524
8119.656373504423,7368.949652704679,980.5061153925683,99.89153905330394
6366.885747669637,7306.937607730564,418.42693529924,19.915291908466685
2659.9218643350905,3539.399690202689,279.01076802134,193.7551107563134
6014.849225216275,9867.257682912277,641.3919979810626,244.04405732192242
7835.653948325939,9917.932065452358,1463.8367737004473,217.83528823078635
3332.9228287461588,2221.4437972510136,253.57140104939268,95.28588990041828
6838.3227519778175,6367.888163611134,561.7582957041359,334.0091263761542
6267.301089349567,1277.3545626630494,308.40859473139625,203.06963252520015
2940.2407574252375,5336.124350436467,854.563655090206,216.35000458651166
3362.2107133967647,5955.789148190275,525.6510945361694,241.54059006736557
2733.7112731912875,4248.184982446623,1443.165840903066,307.3691666642052
6924.175330122477,6091.804076104678,114.98352242356415,158.21885713681226
3731.928801903408,1221.2816948545842,508.6560412427583,336.289754556274
4931.547949265818,8826.594770357098,873.8307729965167,163.12197636075163
8156.5196521651405,2751.0548459044667,945.3344204525569,59.77559381540291
5557.781191534067,3989.526916485977,1441.860259985976,101.68037399854906
9654.577944467035,5965.984218727335,1460.4357745001887,150.66877863990757
1722.8002925846263,2917.4362435605635,1260.1699935320808,98.00765914233796
9311.561925214704,8625.956674920102,607.7405900820362,323.5865706718727
6068.903464142751,6379.769487599519,1195.4447606048789,56.66874625032103
5864.212544888013,2766.037671512141,774.9462224610079,322.1117679053568
8323.764992226508,9830.331356868013,174.02672808354748,280.22519693347465
2313.2187058645204,7469.111353462014,32.394591187532,119.1039370626662
4227.143485459268,5044.997251235403,1182.0978352633445,111.54738853541353
8503.227931615012,6785.7884832308755,339.0120145199975,5.3320476438152715
9767.837042798126,7333.954157134335,777.0562742633618,89.4196812305971
9546.031945061535,3810.7866789595155,1134.1997521213705,54.444712190027126
3863.2679393942963,7467.08876578697,1093.488058736364,121.8565821930666
1906.2395428638288,7826.0091423193,543.8218389850567,176.6287560321438
2467.9810833017295,7211.184367852206,673.5588978207451,120.43005738457867
6447.155752207008,9549.246427361952,540.5013127617821,110.97611504371241
5474.426716890551,1449.6699904708832,1366.368701691759,303.3084006337738
3221.1913024536884,7458.181256920618,233.27169800691152,187.97432024953255
5427.326111104375,9017.683941372785,1243.7342867956745,132.36919267321
1517.2156771154023,6608.7100819811785,960.8838931304838,124.62541676090015
5312.501345671505,9532.476878673258,1271.5723461136654,147.08419719416864
9820.182263966142,3505.4062064463724,602.9489314634801,124.11714634227798
2384.1280781840915,9939.48677377802,1462.7924053516808,69.99490198655302
9113.974606594915,6207.479563636305,1113.3091885548013,355.80712696608197
2688.316168310354,2463.7023013117587,820.4510127397909,114.7025156389458
4628.881522915563,8370.809433909808,1092.0532489588911,12.183145469962472
3178.3218831119125,4730.615768156702,474.4162464691103,236.80378428667956
3686.095514504764,9385.877402254164,899.7396098240049,246.2604270920897
1142.5228049358254,1844.2445823315697,1354.596010834757,73.7459844071424
2792.0901992489144,2892.1407781086104,1009.5997551193576,31.830134485527264
7343.407561272714,5182.922838357697,141.03100853177926,198.41194476853488
2730.9158242532085,1510.2950973179536,322.61082421188695,307.73726124459535
9814.640265405473,3258.7729438728456,739.2515051516556,317.2019388216364
6917.007581682547,7157.848940420487,108.6803242693261,143.23525352457023
6176.530397333958,1370.0604632660716,801.0667257672602,281.4675675184287
2504.696272819042,3292.8262296572293,1424.8422900340415,323.70183610855855
7354.33435740341,8430.87975492941,1251.229586878738,198.4850108922104
7133.982991219592,7198.234752603299,640.2405605621841,42.45740231087014
8215.070144054265,7474.6084910689215,914.9015064112712,2.6153308450082964
3271.8100029245684,4708.465000975315,1218.825476838928,170.64155607816855
4732.086347138362,3636.440080262813,64.46174078278854,48.74425654319941
9846.572861311332,3847.9678897431463,631.095794175299,196.95884693952289
6187.94123206487,6033.842815690715,860.8496199207991,270.3756964457741
5939.633315742248,6603.837523827114,432.3263713492794,325.7149309276984
6565.312204944005,9181.305691544378,892.2411248528376,185.75980550267343
6431.968784156857,9804.839506600294,52.608788779375395,42.458346280052766
9925.947521336035,1847.6708869342679,940.4759897919033,50.53423872682747
3900.52805812843,5034.641779873638,898.6672904265156,283.5232034059933
3573.808474186658,6021.299671900847,727.1905882248392,30.24080508670614
6311.480240089755,6392.240308076184,744.8394031172844,336.81928003995625
5882.056218853107,3161.4220626602937,665.3939843288907,213.63591825594685
8842.706871882458,4455.271000951405,6.078163966347688,50.94756075269868
7344.106717851982,6748.364644167849,1480.5609169345523,127.9400583659188
3827.6800763190213,2654.3417624805084,251.22221812719656,36.9361927299306
5841.963793383999,2571.2850299076026,1096.7520519520237,109.34716455116073
5875.274797968169,2280.0440205515747,1277.3790881725336,297.0393087210005
2780.945202412261,9398.086041258457,1498.769839072974,20.450506656328795
3209.4393276389037,8310.929384064402,995.0334628409768,249.35708427162774
5084.150888684563,1403.450105594718,41.81343617309733,212.88613021238734
8286.683314357384,4837.351134257879,303.24244906123323,145.994565215937
5728.931981163155,7491.125978553922,142.60181824780977,295.06252748998577
8920.860421460053,7296.398436382386,1322.7782362305834,230.46149118508833
5466.086924570007,7465.444116082788,357.2857750921156,155.6224511858149
6237.656111520663,3858.020197679177,1283.2655906944542,206.64867143168897
7162.127321503664,8549.453909908205,381.9973708344439,266.0870608908839
8100.146871639779,3512.7622203661836,103.72582078880164,29.9849741600178
9777.564647931882,7926.899753626562,192.63262985112982,335.3741553440093
7621.751234277427,5618.62303661059,165.09120519829509,72.18051137955247
1995.2327699924263,7577.006775908438,1496.7940666016327,87.54110454775295
5855.243161860711,8421.27978608559,950.4195679763869,18.066680664675665
8793.17152205529,2099.8000167839073,608.6101434220362,293.48090217224444
7541.511403704442,2139.208461430705,1128.4791565706926,206.233177429384
6376.9300398452615,6829.639974420074,454.78323569683107,31.986609203185978
9425.96466885325,2778.4803928342167,1260.3189416345492,307.5625574906169
7916.29823508159,6137.354947693901,170.80960734933174,147.1929443216308
2037.7847899850954,7137.099104603745,1064.5809644632227,180.8869513917333
2815.514371898382,2466.9564320143327,585.1841282973045,114.30164613228638
1210.7754758519332,8042.1540706955575,1128.5324264334374,217.2915471388955
3186.47627139885,2357.260599621962,1453.240966497269,107.25288883470311
8588.573433589645,3151.2006256197637,908.5612527051317,224.47027277132622
9673.937083889221,2876.8919031988426,1061.127343479603,109.92322405800272
8570.488180050867,5792.766758268764,348.6515461156842,251.0276995258304
4240.711221932932,5398.263967732244,485.524064571416,2.3433972488337638
9965.527697655718,5375.274329306232,1311.2582645349032,313.914887203135
8426.240224660361,4906.057476885364,74.9013438596113,203.52561533620374
1236.7804430969009,3758.769045950203,1363.6294156822014,101.25404421968854
3329.7444595714137,3182.9356587977068,1165.0368936278883,231.16357696051273
3492.32204873648,3593.233292552206,468.06678856426277,224.0216740691933
9017.482739355,4672.604865539928,1035.548524905675,113.1240821167101
1967.8266405311892,6129.0928179498105,601.9985999117604,239.14350724964575
7156.495188503577,6875.968580092106,441.1937703105617,250.47992220770888
1826.7113099614674,4678.037411864221,1499.0707501830104,176.48280317009775
9413.814106403104,7391.806420166817,124.06617064194333,16.318858057492662
4999.83554380605,5731.233524180527,366.78997192560973,130.5002217856627
9043.028815025717,3128.639907804004,1063.7499543257902,53.167853617969406
7801.119418809729,5563.837431720783,156.08151020887416,343.9214858901442
9010.95792099369,8391.012742329905,959.9368650723263,131.6403353271433
4541.564911360985,8044.00966170636,615.7134689330311,234.0516720207192
1435.0656128529483,7320.624888503725,1053.2049548660975,259.57670439946816
2384.54960312244,2299.952834782507,658.5843115201436,57.06156576891607
5118.891365487991,8282.103156492212,339.09354567802467,192.12238433359116
5073.7573405249605,7606.914670386737,1439.7018446829732,210.00212826719215
5230.799483423262,9799.56617320829,929.0598863727738,334.7230872982696
3543.0818673913604,7711.193611878221,960.6224960659581,156.48282130361196
7560.42216852309,2002.9133714200511,152.9444549207837,27.845001952492535
8219.97710037134,8874.635460662994,38.30099983939178,2.7857111957070306
2099.9303652944063,9021.617692101063,959.7207552710513,230.81606377955737
4823.374408923639,1293.822114111811,521.8785409702382,257.2542144443297
3214.177454093595,9513.6771883197,1236.072802661503,309.1765731218236
2139.114450063758,2339.293204308203,129.39172350997424,99.04809813980916
4625.734584041804,3899.240632310887,34.24048441358207,18.817173634069455
2941.524528010639,2938.809161358826,1362.5846184375143,33.624194787486395
6750.656088868773,5678.666353617517,497.4687932068506,66.00584075634704
2860.9139892482845,6757.061356609322,976.7001886234522,108.67946793434369
1385.460385297566,2951.270367429496,192.72599335581407,320.19407282438283
2272.0623881699976,6021.6602538641555,1440.760907680863,264.78828559630085
3202.863057684751,4075.580211770686,227.81250722964103,293.21608460744153
8795.877257732604,3746.176570962453,535.5021333270978,232.42210677516096
2566.5191823846003,7228.538069311613,1312.8477501945977,207.4470792592814
7153.887116387244,9021.813265391913,897.8525540089287,248.32325195908294
2540.679304999371,3353.495847765914,175.53220879155148,169.80125231543434
9668.101674137843,9042.13939278304,383.0458903244087,28.56623105001555
2331.4450515099934,3321.474000581349,823.7830302000467,268.2503205649099
1558.8947310088631,4837.927967940464,1412.2424826753775,316.01244281148854
9161.373569838786,5149.420884133894,219.36065596382852,329.54558735806194
4538.800351504024,4093.2390568390724,1003.6957751586989,333.90274335725707
4104.32600469078,8235.657830342625,607.5013984370233,268.8237366510914
2755.450019285814,4379.015969210105,266.57413272255496,4.659135014746363
7411.231032460414,8509.826018933667,577.8523829870891,121.48652899259261
8875.735550011948,8381.600266274028,1122.039445400878,218.0257009790703
3662.8868929496984,2733.262711402397,11.364673623855552,243.95073427147108
1116.4637781837034,8570.211283883778,690.3792796321036,151.61141247736714
4601.761959688388,5410.691629139834,1183.218848298062,90.98433840917295
1336.0690682063791,1694.968066031936,918.196364820208,1.8575643611879316
7927.040153918387,5438.913116831878,468.5950875690253,161.29008790416015
6178.625489388855,5450.0185747551695,193.31363700945056,58.54085952329107
1358.884741435251,5757.334921461634,402.1072688044922,210.1752396308367
2575.5959433229377,9305.34760508489,375.6109575394192,287.55253279145137
1856.0594319721304,2633.1775507354105,1423.6716179662403,120.35003759446447
6660.469129134321,2196.676485945929,49.11858572570671,30.563391554481402
1233.581025084918,3158.930668411976,899.70302171821,262.4479270645826
1565.4230865392103,4255.721211273585,891.8830633146512,269.72245227581374
9101.741475984014,6318.648418439223,1407.63109236426,334.8257289651611
5452.419294854555,9636.932682283446,1063.9428453026408,240.27985549122744
5621.413498075795,1248.0227046342195,1166.5921013965017,331.54709413476314
1380.7891943792324,1769.3291968283188,1183.296490693719,316.6678752688864
4605.794593023471,6138.6140043829255,1196.5324983686855,79.48617549882184
3794.124294397429,5891.117242681966,1177.0593620726127,247.14733087547543
4879.140949751796,2476.8488889362325,1244.3969643287992,146.84136070514947
6973.119039026932,3705.940494270241,1321.2591541620181,195.106968109759
8314.620006995141,4569.763811747317,107.27999457190367,176.9070243914058
1850.094625702666,2776.7595201343174,475.6940528443105,252.35865227512338
3879.056151696576,6877.995528666074,303.7218117274498,167.27522129834122
3471.3286992453172,6867.806905627288,872.8774278865308,131.76695122519888
5988.442432296888,6139.904934909313,319.15505516538593,358.94466958826763
5634.236968343081,7968.956554067606,1297.846439458721,25.85749335970763
2272.0964212827585,4983.995128317495,331.43675027394977,333.1636418473527
4085.3291111435146,5332.632671764637,16.702884648683575,105.74760064021166
8495.044866507487,5890.103465235817,1439.1321139516883,11.099270101264715
7039.779261637634,3002.6241586733204,243.61839729053764,147.67501109931982
4651.916839300782,3507.092744981292,643.9089710324552,44.484192934033935
6072.923662097584,1322.1915008915967,910.6570350308742,106.6304301406898
9059.847484091923,5031.08549353426,1102.808096163105,310.7887358592821
2202.456513424835,8885.647648943639,1440.5032287570082,274.8617571396117
8057.097986042225,8389.764808599744,1414.702444546616,41.312659213797126
6651.186000527215,9458.200869892567,270.09853050465944,61.94975200045431
8582.616286728764,5943.702105502192,777.841346372016,242.72820647593758
6008.100859198022,3586.796560691244,1434.4184539001892,143.78203853899132
4368.7873734927325,7706.51701547024,947.0267963383675,94.09698704803372
1385.9935368176198,8502.843828630284,246.93250832326163,222.12862354004932
5675.349742262637,1973.8096825787247,25.877410687528883,353.1765061012528
7641.922512116291,2308.4843783757597,403.44383463385304,174.19588325232237
5017.7439273283635,9427.280441037963,299.7297349152682,82.37945204229804
6860.859259280824,4833.222268765408,1261.1023599847035,132.541902603855
1223.249005139419,6444.839160019299,1087.544684963738,293.42448366618567
6452.923964006465,2026.0497808519995,1008.5310762824498,239.73086094761632
2466.2675903481936,5321.2814371604,336.9104738300509,77.42080623940832
7594.308783126193,6313.6553574620775,770.9375872777324,139.02147419595588
9963.795371169657,5679.644015276617,1381.8092233583516,49.47541240378592
2894.727941236344,1849.0259033061825,660.8942464335121,112.68559776415988
5913.050926035079,6763.748766809775,591.4046450693945,337.4290171970521
9289.489373894663,4255.775590137837,676.7609393066133,234.3779101219871
6446.4084880989,9870.67403844511,206.4327765271146,121.39704565013393
5231.4757652147855,8776.473404608252,900.4023041680922,254.21879446870742
6306.266135209582,5116.025611850278,1441.5400974107965,104.5996767101998
3272.4336165203817,5335.674680017681,926.6981905884458,81.2097266930901
3477.203523736497,9179.592339284145,1168.0871205029325,359.62909947322544
7060.3350660873475,6820.473022893691,398.386433045607,113.45532284588865
1466.5252778462973,1351.6365863507783,1422.832739714503,116.06357980659644
4289.578673204116,2821.4148304142636,507.45198751760563,282.10174051971165
8039.017756897058,2786.1308169190593,589.1919651546307,263.8201450753316
4118.998762740933,8673.37179766248,966.4449911630304,111.76350378911879
6483.4650219686155,1855.3853846231445,756.1126593048609,331.7462251099245
9665.084028469084,7127.101329504972,1201.683899927034,189.0514232084246
3304.518565153758,2478.4649426930023,791.4730765139681,35.06055929711417
8534.09907975958,4084.5848371644493,386.8530698402686,121.37820783162633
6834.544661959704,6218.935273526822,424.9188148981562,80.85783879873976
8298.636214474507,3011.592926684275,502.8803247090673,154.20105809305218
8627.05335562395,7169.591171075965,962.5082272617946,237.60575382184498
6218.876501864472,4105.3929774462395,658.8384584340639,110.58896648382998
1840.7438558362528,4134.56877569676,316.4044239852212,217.0431969880322
2257.253704601423,2193.085382730499,298.4663987324128,219.6178551526924
7825.371332969718,3599.689328750616,1163.1697567023646,318.0262436877851
5965.1977500789635,7142.908977089557,13.138490985343829,150.84913126629826
3551.091501494352,5006.95439071731,263.15278932179234,20.679250646103895
6294.451512629117,8595.882187675707,1456.1667613080642,197.0851772300379
7771.348419663531,7545.622272313217,1166.586059351447,161.60494253053417
9855.97210416915,5169.4365632049485,804.3494857772424,289.76020516524807
1423.5338093288071,8737.181768905346,1132.0594666052461,178.64399972293742
4254.131042986162,7054.340570778461,1145.1293959230172,349.7581210031797
3213.457285369649,8347.676344475814,666.3289590945947,182.78543244771606
3078.8590243618914,3908.233862894078,1338.8595608604553,45.965359441072685
3898.2388222269865,2204.518276428754,135.46844229071198,162.71365395660297
1561.780892375768,7736.808186034816,759.8066436942279,354.65734070972843
6526.775766772537,1871.5970259702854,1136.8288909089817,30.011625807970173
3411.449769793457,5263.403976387653,739.7979550464695,214.47672473894065
4685.127591056798,1106.7133008594897,608.3785039342376,306.73253547504083
5206.254662226884,6459.548042935343,1273.4464919147706,301.60769313490664
2588.2752418743235,5655.432263054156,222.1769816831449,200.41377912739637
6155.369826504035,6279.342779169833,1367.260356296899,192.71964015583612
9652.256712963619,9805.116458763505,828.3601979919493,3.7938783743263307
3389.623344291458,6029.851649765588,974.4634975069877,78.93293666511006
2209.9662724444124,7689.151455838209,972.8067202181128,38.59396256440153
4920.183999663465,4240.36680875889,1304.2039227606692,273.4150141217134
4949.645093153687,6718.608763048698,1053.6955610730156,119.55488884497268
8221.579261991372,7607.096693234598,1329.1499835006816,186.64939919347648
5685.656576344306,6005.413493546923,1396.2208966327769,169.97548283976155
9916.34406136696,2644.70804103605,477.78842498884626,107.39862842551858
1397.6316192753193,5839.437734971507,362.07783800251275,59.71942196898696
5638.999170151057,1618.6805338768531,774.3193662551404,173.14772368381742
2361.8126763534055,5711.257249703355,917.896481769834,104.96453845234869
1754.8174741035477,6969.563356999812,1176.8065181330862,282.5300489418576
5579.5392495859605,7619.872862962272,696.8326903874911,336.0910303390663
8493.54752435418,5555.411358974828,715.4026341343407,203.2632893586888
8530.518460436677,8183.756165630418,1449.618179989261,17.668464112100743
8537.227777574859,8588.276688314363,1049.564197516602,352.6169558910602
2345.3780507075508,1290.6199464610982,793.3342055770529,193.17395966491554
9274.029404919998,9175.782184629341,1072.4932801230007,219.41654272410548
9590.116798782921,5895.854794049267,112.08331400088188,120.10889435807948
7640.43481650912,9035.303838616383,1316.1893411766418,134.0352779654047
8298.00821351879,1882.220211930577,411.92777600560964,262.8300147817582
4344.590157831565,2768.6595785047843,178.04491538469708,82.0660687896942
8049.881063244511,3551.212935536647,1140.9731788419342,221.9352521600588
1740.8436189342287,7359.870889009052,1198.9312123517327,135.7028599880687
6250.801331121133,4643.074366131772,936.9248558370849,142.8649434978188
1395.908234242102,6300.824546908224,147.32886180572993,105.91678053203424
7365.143868376645,4140.256757120229,763.5596673891865,188.21382196576167
3775.0726618261674,4035.1778503032065,1399.4473675932052,326.08168816935336
2989.7511086535087,8647.513492930997,1102.2043247188108,270.7340534654882
3121.802466949935,2714.2404073217617,289.7446296726595,256.2166783400702
4078.1420739094106,9776.924236683111,311.21761556617747,203.52874076942584
3897.5323095224626,9006.168793339848,316.29899792939625,319.457893856174
9022.84951047608,6273.194991929718,1073.0706089499936,32.952632971401115
3063.151224057067,8619.160253175498,1114.4399676704097,258.60314827772635
5444.3904471001515,6886.747885958822,364.5084843282694,15.151027058044264
2877.154464978972,7877.139406932299,1099.1884190294447,289.7029278553972
7650.310161063949,9924.090687686057,1029.1330882159389,354.90428070686966
1154.1753175361016,5672.468580699866,792.5259906843179,79.1054493410269
5826.356782520081,4274.42806445912,261.70431662216515,44.0872162890312
2596.794365977748,4930.721573336523,677.3520294801701,191.05287162196146
2588.578588846558,3477.916889788413,1352.202246593266,66.93015938972223
8427.928976544088,1539.3401064079094,318.02156740454086,98.62063631880133
9604.920101242962,2145.8967594449146,960.6980516263599,236.82936790476305
8053.73263884099,5583.868337747082,1248.8584979178029,147.1162394025307
9699.336715074665,2202.0779910748115,508.81625036632784,195.84282413006696
5792.879467067958,5524.715969627748,128.79324913310947,277.3383960007858
5846.945926566326,8689.294313235929,1255.4486558248998,150.37332977480207
6615.685165320175,3582.2683352863837,713.6466221095283,115.17436772140098
4852.451066471831,5780.99726247295,861.6743120958373,337.1429680940242
5326.902101618774,2938.680046756799,862.774888584981,299.5373370640696
2915.1626592950943,4680.9707421848725,1089.1569345579715,278.14751777210586
3562.561445300085,8770.371858497521,1017.064840274232,38.656281515738
4008.276127553006,4616.1425549942705,1434.3154847163655,329.7230837599518
7038.1006310269395,5688.566032441794,1187.2542512898167,156.88580189853067
5250.506113854483,6175.984234872656,1448.3197944234976,115.07602748625028
1656.922070854786,3767.5270553403843,1426.5959754564544,123.58665162098562
8912.751471398878,8353.652870000882,699.4604652161964,123.32265833611515
9546.582784853204,5593.833008976063,98.2576504354133,35.95010321423291
5300.03319236095,6626.655366539962,1316.0957358298078,55.40170694841342
7668.140556360771,6416.829028068365,1080.7251710056141,54.62657076567655
9073.772424315779,2038.6429285011109,1324.0565961527511,323.5167689828215
9192.638240405682,2356.4487010568073,48.731147138582365,300.9918340832941
9035.79757499911,2676.457972941379,1071.856656833654,162.21501757938069
2354.2818645479647,4981.97984296874,910.9019448901867,133.93225908263744
2864.0673593994434,8210.827259749838,154.92893462506305,149.85094077974577
3755.503164653809,7870.793164119273,665.0102419210201,106.79490013307016
3669.2243255353046,5538.1668421319555,799.9166310139684,152.26457427975944
5549.972007817438,4296.427125502777,509.7723413403472,35.36767633683983
9870.646948537073,8497.322108084789,1107.8725577817772,200.64958956128564
5173.739760638603,7399.393979576988,360.52237370907756,161.82330811216522
2182.30390650184,7309.148348206868,1310.347292665156,262.5668341873205
1237.3941175286716,6396.412254599617,434.33105123724584,157.21467050577243
8746.995830732107,7132.720419798866,1357.622486823642,141.42604355657093
5990.48809268389,6747.2864605289515,991.789027599921,350.25154423399255
9183.443534107319,4188.815624706572,250.5992624182592,136.06902240951823
8974.033785092124,2235.761030431064,544.2289726332747,217.04144961627557
2902.944370921247,2992.579557567181,918.6711009994464,52.37028546154473
9069.52348938058,7237.789043430987,370.5825666271148,240.6407459329739
9286.555792189225,3813.8561210149837,201.10120721643324,250.08526986693767
5399.171279032611,8800.75821069723,999.0388779646688,206.81472559922722
2716.8353247289624,5934.786024455275,992.6954660420056,100.05210341241404
4716.260325293126,2693.920114615177,97.37929685271334,281.1736291437656
8775.942186039723,6449.81275201629,963.338472997355,23.435119926924706
1281.557964639779,5374.5587767465495,925.4807512248282,75.76353550550712
5490.393100089739,6328.553699365194,685.7714171808237,207.6871080121591
5297.492104526455,4060.414014035655,955.8874345860285,118.00364228163943
6769.167844928765,3679.1794755148244,1395.5935638950677,328.4349150536084
8425.401431117236,7211.53595614611,1454.6682029753558,357.3846780195329
2956.6745909325155,9852.139771861617,1357.35380326284,246.5335828156541
2643.6624664334468,8578.99323392938,1132.3789417651733,47.09272374948172
8008.284103152287,7016.628911135752,1059.6078981966625,64.90547022648741
2044.416557812392,3877.9717174964408,557.2308347470163,28.163706866129058
7650.219037255204,2304.492133078356,105.45919360667007,35.52698021108777
7453.452172899106,1169.7964177223587,1193.8827883615108,20.340279530484633
3861.21724085486,6553.944547264316,1400.922776745547,221.79802715293982
9713.88197683261,1411.6777515569452,585.813102692632,199.17914656063311
1300.0691984247683,1279.238241199484,1027.8354572403093,98.86540304122698
5012.692849631756,1846.764876980818,1047.0845604245217,239.22263870313876
8958.633066370989,9580.965236746168,190.8273991304004,338.0001198495259
9370.077292746364,9074.927384080669,261.6809560078076,67.54590617329833
8918.712862645885,6841.440991171294,897.7726008399611,240.96498813877642
6283.631191015978,5819.9114215732925,1377.450323262539,228.56405545064774
3728.2359193704997,8683.808036666214,777.9372398095361,158.92628456139343
3520.5673483268683,7771.890012368673,1093.5787789619872,188.04996600860292
2033.380212057356,3391.8087745362827,1214.1841215654842,63.45841907171765
2222.41438446088,3656.276909912092,529.8685085174126,262.5291199071488
9324.348109181346,7635.326888234631,1071.2686678049313,347.2907744495377
6743.704429977518,5443.100705014259,653.718618500512,103.66950507715707
1977.629438113827,4856.047830055788,418.64704189304007,110.37158473648526
2339.3255312485853,6897.468835438423,371.724406318257,184.97246063015254
2630.9806459974616,3974.8711749760196,1053.9096276617822,177.23992031997503
2171.793210106386,5965.819680739888,765.0218520664587,19.7556775736628
6784.809558152919,8851.68327601999,1076.3278464952182,281.1159866078503
5052.731488943488,5581.347980421262,586.8653711368364,132.51804704227334
6023.828045636483,1745.3031562090791,532.423183275508,255.8751423278338
8941.170698815022,5290.818063078232,898.3077864247128,174.04200558849786
8803.459532326091,4492.543476364882,76.32128267545392,55.85150012754867
4328.133157683495,6304.638150787919,1499.575360791605,29.132623507820846
9258.72174320932,1928.958179167047,1088.9342615879589,70.65499561732993
8191.860712366904,7071.588131204534,1383.241509879695,197.4161802158602
3601.9324744532837,3141.8347668364613,1022.8550454928221,169.0749771360371
8534.738917653744,5225.522904346261,991.7721637192003,168.35661932102138
9722.95674078097,2044.612427179547,937.4015224928932,204.2089719962163
7778.1169085177335,6218.1708483910725,1223.780742872371,156.37443763145419
9135.22323432042,2349.1632776157567,1052.5277020045837,280.2096957746879
8252.182746256527,3371.017473396035,777.7025640957266,219.19233357099353
7964.895826576591,9122.266363839277,1024.4819489230326,290.4268865864808
4271.159603860886,1164.7347640712392,1330.282095782791,319.93360947637825
4545.0452870891,1131.454849419174,126.87362806945804,117.17790459407965
4227.044209773159,2992.8890394606833,1350.7660300184223,140.4246725763179
5340.521147638274,7698.9850581408145,82.1508343816152,310.440697713347
4110.142801594631,6995.500300647645,212.56453310254585,99.99905103843369
8251.060191224302,9018.684507597625,710.2656367123795,195.18744828511132
2650.3287190795636,7571.9945482298945,1417.8008789366806,225.86399786933606
3920.569886605599,9393.573371765433,772.4897480488779,153.76298725521121
6017.32764490576,7301.492781192198,321.7937310564125,191.4776269360001
4201.361300630434,3122.040179352929,587.8613422114151,289.7778381095935
7460.546739495224,2701.0570178015623,252.73485630974258,1.350196486999573
1870.9188436164068,1413.812125100233,1295.2666561105775,77.51666977359997
7890.858191243763,4012.8992180317614,884.6789019018096,285.0765768664422
1662.8157208088942,7762.563635214372,644.4452859039758,235.79954261337548
6689.406969220736,4738.07696735091,624.8268434755953,240.5826937516133
7177.85972252936,2591.8309728251033,1416.7603074286437,157.2156015747814
3774.628160789038,3147.5793037027497,638.2946767767255,116.76542046066055
1390.9661709315524,5542.091270228801,965.1157421608468,191.68163920787552
8020.957906748943,9412.001623826523,198.681046387202,281.5711643809148
3656.082653640975,8590.161264346756,753.004074411909,90.2422684725848
1901.390747024479,9205.391780638061,557.2959237421048,94.20938494375308
7458.695325499546,7013.577760338882,1370.1237381965075,107.46231423604279
6313.792320781577,6626.611802639283,19.27192345929704,213.42953774701823
6349.973281195067,1232.3689505807442,938.961333968575,18.57227777347684
9182.946474765387,2280.8528848090787,639.3561814347036,316.915176099829
6510.631311464622,9360.42912301942,1444.5688169748441,320.2557558149939
3114.8848557116644,8332.148178770392,1412.8055915387843,106.38189565880067
9593.920001676046,6766.047877928562,1103.393026141075,329.0398913574978
3686.173527636541,3785.4189135770202,118.23984763344745,291.81446424384154
5704.466755340976,8596.365506748272,188.67026273905196,225.4174976118395
5984.387024529194,7966.378309719688,262.0148100650558,258.57975176252256
8052.672365728351,9902.7603992961,1499.6313380163301,193.4739370212676
6198.450529686388,1964.7286563829698,1269.339619472335,130.71689803018455
3373.828904095342,1331.2377108841092,676.5655803824401,9.743107970764148
2696.880060403184,3568.211514348822,1013.5261706658363,316.98514845587
3399.4730239083437,6279.075920814491,1167.7288574908482,10.7047904193846
3073.206179351505,4650.0180904988165,332.34894765498177,68.23472762591884
2028.1933742737333,1456.6637370181713,529.7402513789948,222.75024666845985
2891.4053136198795,5652.60210967385,986.9118170640173,223.94528224663216
8775.83271550943,9012.56356572894,14.88340179232268,163.8639084275131
9481.519478215352,8340.087106146537,327.1486541012491,96.92989169417737
2519.3809621800665,8195.980428790517,615.9680332748525,116.92212439115303
1191.0838323036674,7719.278451070695,1324.6678679900513,125.00679637781994
9274.65128088493,5245.462851348169,15.797664326629016,113.87916648932956
4122.559137796949,1578.9149080119123,1323.169785716067,192.70335582541048
1901.1495229277348,3986.243503891142,67.24386202553634,265.9748479384754
5704.123428548765,9524.759598348553,1011.0899880476866,345.2828114422913
5730.0510165857395,9684.172247119066,183.42560368921576,73.33195170366432
5175.0686334591555,9841.241199290793,221.91692344217273,198.12553772622596
8242.151805198153,5282.0660797048795,168.32419736063795,345.016787284862
8959.421599660072,5432.758131180477,941.3926920845443,173.02278248070905
5721.088714561927,1136.5105428434322,574.409424662298,105.391498523433
4543.916502595125,4660.780081642506,324.83938314159406,325.28938847579326
2631.0874115104607,2304.903036263831,464.1429364571709,188.37498289805677
9570.72055856643,6292.16482993201,1190.0044282370566,109.27876915849096
6434.410077696216,4261.902180768886,568.9800161895724,117.70971313844397
6801.735906638446,1471.9140450738382,314.49842508093207,185.6309716978386
1219.8570760711348,7592.59728985864,55.518746993114675,58.362298473895066
2069.786034239112,9449.911499705602,1474.7136780586843,57.20641755626945
6558.362999800818,1103.6628448550146,562.5622052147125,198.0481326286646
8968.509128470367,3762.790913635581,1164.0167182308633,39.08926455374263
4756.912822149821,9017.964345209853,259.0728319546756,155.39250200318295
6008.531713606913,3015.9326284648096,918.8487373591514,44.43465321291597
4810.727602736875,3803.35054582275,121.64198095421769,22.955802573455916
2469.4725624725006,5496.787610475625,1028.8068212507774,38.90767028560856
6401.869264323473,2326.200505809816,377.5339659643665,53.05069707878799
8227.882986063913,5794.752673804536,519.3656448008998,317.21260592347386
4250.551131820866,6984.635470957924,313.988010316963,138.3777836640741
3588.011520066661,6804.703318160409,207.84685768134835,341.1851775623968
1132.1970927160357,9441.848314114508,723.0531402907999,216.77415994282924
9559.099577046254,5627.173649782991,1407.8306459700977,348.8288783434182
9269.795139952974,1380.7465218190443,1383.7186892591376,263.15248541864975
9781.372710143754,9213.994652345493,1430.0050010625037,49.795550928731295
9285.510461990205,4213.000379864975,1312.7004791276447,146.56841743371004
3980.2025956865405,2541.5979878780017,1119.5676160487756,291.4536843467411
1231.821143815359,7838.0891780819875,363.1812941211528,349.4472003432654
5362.802954029028,5908.902697152623,975.2721825719501,87.21882683129397
8671.566828493691,4342.194761385764,1028.3767283618488,221.80532205314077
8512.239770285152,6504.311794596144,1169.0047101587347,1.9094682104379586
5669.657654016397,3672.834912124083,56.79858909815897,112.285257960821
7433.531329451362,7877.045362749924,1298.4313374525425,234.23006599115936
9479.29170171847,1971.6652564241663,1027.2472457956267,167.85545433076726
6838.725865650096,7313.774138396829,1413.680550087648,181.97798174629514
7189.543108200174,2884.8060078805356,670.8538534895853,267.07561475398467
5024.595209473155,5706.176561231238,70.63365526154112,294.9865449571009
5181.397107286191,1759.3205393950943,1137.1333591103285,198.20950052782504
5606.861081652989,7663.164557957535,1279.356212192334,24.077495541745225
2005.5046939124347,6768.505933890178,1140.1633790205565,141.87338352746923
7339.845817813424,8471.33223280422,635.6090823335973,56.062413816039154
3102.3064542969823,3371.2638203934944,1402.485560312425,191.92773258857272
9800.964919865773,7294.300376851844,299.77669934670337,52.94759511515545
6164.8657182324005,3675.850545708521,141.52577623981955,20.20474795807718
3193.533593040414,8807.112808887032,711.0303548534818,316.23395391443444
5554.974934400886,8898.767051541126,674.2446304554002,339.5798752911559
8272.935906655941,3543.29079016465,237.3569813988162,147.64882376428955
9401.358686705526,1324.8078137184878,1014.3759315198324,3.3807511698066564
5852.267944960536,2329.593676340347,468.58183125660275,14.292855616988154
9735.03448869479,2890.835513310017,969.2155025804865,34.70543653806544
9635.443611053717,9192.489494348309,743.3864071709686,192.32773992982789
1328.8946880957142,3703.6176673503683,1303.1679408956506,248.09388781071323
3734.1561356673246,4037.1820353650346,964.7999084015412,179.59054910341456
1238.3011006762877,2060.429452928312,450.32610989631576,264.13941061336027
1230.8675938355364,8025.128216612345,1315.9677316846557,78.35495842188179
7185.479370855728,6857.445795669367,569.1973901421413,60.18851455920753
7924.379647053748,6951.071447322481,785.0649714021447,58.96204085389551
8323.1652305448,4150.545763477723,785.7201485838822,269.2893763374891
7934.9301280749805,2631.987669569162,375.7719505448485,251.72694984252178
7026.070378392779,6375.385565666965,395.930111835838,181.34568519983745
7224.085329339053,3452.3427167876766,587.4689387464952,228.40849891969683
2014.1668848416678,3696.5577024246218,51.075108660671404,130.99499174446998
4736.985805013947,5598.179476880203,597.9205625854057,342.8211341153502
7595.563737548181,1510.190505230315,615.4760354920588,188.53416540392246
5105.095100562092,6942.282101550867,584.2445433774094,86.47754779828779
6720.511812688088,5199.932731640408,1212.300838066816,263.72357290467045
9465.989788455336,6421.595815258407,235.0346371334464,61.13237029719214
3096.8474998097936,7223.518705710394,293.74607078912373,353.8797456001912
2716.412949011654,4600.497191943352,874.6251901674538,264.57512352326665
6539.095732663339,6023.2159522310385,113.40851788805797,44.13757164427196
9985.18258122907,4172.887542355934,940.8015305508233,31.205556335313258
7061.392915537145,5434.853855049022,50.335494404183315,66.30488233232529
3446.240140263785,4965.755572524466,69.98205223309317,157.90564326799299
7596.334314233238,1392.3019625555587,432.4791031862146,348.10037324584766
3862.208401389163,7498.450958718999,552.3959239544303,50.55003676532254
6663.920819890617,7582.540841541842,1294.634265983847,243.7418257339279
9709.974800156735,9520.941880692397,1138.7286864658624,327.7125071706851
3305.7886893103705,7854.655561695061,1375.9960268323355,353.3360222046887
1986.8123349037414,2323.8333714947057,297.7793158233461,75.36791498975525
1207.0892601062862,9928.768228973651,1025.8588523860974,81.66308219783892
7472.240673449935,1519.3318898028804,1221.1603156519,264.5913456681691
7450.20252423404,5671.453511247762,876.644625406659,155.416629344396
4508.949106510375,3329.0411068052395,1363.800808388384,346.9272775258527
8387.880602024656,9097.246889035554,1430.7578394853153,160.50958382114268
3118.15905758873,3209.744673523142,1265.680527650954,28.507648871718118
6033.988267821622,1487.6096011276265,203.61543550317376,277.81591120910457
7594.303672245441,1619.297613317173,1098.057312882725,311.15360494053795
1608.96880298597,8206.859033736751,1308.445685528641,289.68332255355426
3945.124715819344,6497.418683688446,183.97730402442897,281.84441963821115
5262.439938914221,6855.960555675654,1092.521446552118,23.406247855236494
6625.750659901041,6962.082876431849,984.5629152788227,42.71122433845467
1149.2800596108814,5016.528870727274,1280.4810739296884,294.7009496356598
5504.875613954698,6472.123905417011,74.53331822991942,68.81621813848888
4185.496277621456,6097.208891908347,1169.0925752951296,166.75990760340946
8734.873150828065,3291.353135523635,881.3852998132754,47.56587442757027
9854.276913412834,7744.8588224746745,958.0347688431053,206.53499557160197
3014.5714450777505,7258.953265385216,1063.7644041061246,176.62238311061932
5972.067429002685,1329.509685302155,1256.316977868495,233.59913842735827
2531.6662830831183,5970.19246493935,1107.6107355577763,214.9918567617285
2775.9638132412956,9895.279024263844,1478.0088330930732,93.01580490476239
7898.40045228438,9989.23757934723,1239.351835962496,268.3421833735723
1656.0256127914436,5987.270552513253,1128.492796613368,36.01459606729365
3126.389272047245,8302.89577426245,1130.8074271961293,72.94223315868037
4500.835118423335,3106.1840930606663,1010.2256650549949,346.5516226554418
2918.672919839668,9975.980061642504,713.1048142537552,169.73579034929605
7488.792115375786,5324.102892743847,134.66448548352722,274.8238156904303
3805.5835963702784,7045.653715131756,727.8722310604654,151.89427447884725
9557.632908195295,1362.5363475925037,387.8270363961193,208.25227012656262
3734.413449038954,3634.979028808112,1093.071394519308,101.02840599824626
3655.848388688901,2710.5768700830595,934.0484922331801,284.4973057572648
3978.6575993796173,1447.2213842305925,286.8642472881805,134.08966030733237
4317.36627107205,9361.800788720058,573.4019531033426,159.617174142472
8524.72881315021,1285.0926892685543,1300.9865259595622,217.63159109505904
1719.2983528921611,5025.703178651327,1218.8419093374093,171.58634306696703
2502.576711585102,2007.746364934765,962.6971967781329,68.8627703853145
6909.7110785074565,9635.462019280758,1486.5345082745623,326.10789746455515
2648.0515404533726,1238.2179827829375,770.35100012948,339.7657610405349
9589.63758077935,7573.134992661223,1127.3237829734676,93.04452567804793
1626.160404037747,9285.235061964095,961.6921132539319,242.15516035158808
8596.40148366211,2450.3408114765753,1494.5580840356795,302.90852770420724
3111.655858791686,1737.144205366026,1334.5652054058478,193.03978114388957
9631.30644702128,8870.611446871466,1422.6901306448474,261.90738840161714
5059.656043675616,1648.2505721224807,665.0196957793416,195.367706903395
3315.6204948971404,4685.034961086156,1059.3234395267768,179.63936306070343
7897.50946099963,4705.237212781034,1099.3812986969099,20.934920882875176
3148.4615487636843,6940.95715901986,899.9478218369928,145.67471865477518
3324.1094337223776,2373.416801206281,497.4982177589367,242.15925141980424
7066.827550970002,2327.0468945817333,794.6294578196037,260.5633822892932
2040.9602214633765,1758.7509904909066,1010.2216472598309,216.4628668993902
8678.442374919334,3241.495620182574,1247.1189984902005,280.17474322269123
2049.8563698712965,7571.307259467438,1363.3816952387992,292.4014260067699
8545.297945895425,1772.1647982414397,1058.3311354763698,306.67670331282045
5508.7791928237675,8526.432711533947,1454.9028672422698,70.69325005692949
5113.5994488659635,3914.2508669458994,692.9333682686888,10.527499035964805
3560.6829966366795,7507.787936432711,1040.9390605911008,257.19879771871274
1480.0697884669928,8026.486186070553,26.932900099309283,265.458670082407
1378.807014360912,5088.2897658248085,173.18832669573894,76.77305908954474
6357.625721570915,4422.013071464091,197.39661087869084,300.0737084698489
9884.407863468765,8210.019273277247,996.2969746644703,191.25960431382714
6582.405122904672,3552.0393422296233,269.9722873121285,155.3636562591453
3084.566784443223,5446.883699555386,348.1651192745774,47.01183489516827
2685.7600244646414,3799.314924020506,1374.9226913930795,203.80094185984825
2074.8642265940466,8948.626434289188,987.6243444586694,257.26311110919926
7299.769647902931,4969.805373223249,1178.894474325658,35.035014308639845
8571.705753919712,8925.499136175964,699.8140060222177,192.37668526607564
8947.613675899034,7108.069849472047,741.5523217151425,150.12693803721
8951.591577833318,7060.568419404352,1463.3904755971919,32.247517664636185
4127.288640423759,5256.309790719514,433.6219744663926,73.06109840214614
1543.4619565128235,4227.707383264814,769.7328296993502,255.6070549140573
6493.560538618156,1587.774506856379,1206.6040034170874,13.193299345230015
6551.191159770825,4381.069276182483,849.1757622973739,278.84202415042705
4710.047136524692,8166.988294233245,1254.2849649924844,273.6749843206948
6747.574777557897,1567.7930268663572,1481.481682194232,303.2966959461961
1111.8359336719852,5108.761798759595,1003.1395623900256,94.5088535330135
1619.2815117257478,2150.416403324577,685.4494683007053,69.30527283540769
4163.7460539961485,5382.9577310945615,34.44488173307089,109.55206833642724
5917.429254765019,6734.76667569975,193.42858439810263,38.11515567631687
5853.744674378082,1405.1660039123794,542.2277765072037,290.9580404072933
7524.647696268531,8924.956455750998,279.0561156920505,327.5689282268213
4803.651440576353,5055.929839880497,368.82504838315293,176.56265320909085
7527.204355460695,2628.399117211319,1205.3651238579628,161.56310846526264
3766.8980541462743,5581.282571176987,1467.3907620035022,99.94582323064786
5528.936653195476,4190.614709480238,1036.8772546569278,4.4973604032086865
5923.070502664273,9889.62297298826,255.8978226748541,151.74048257221693
7251.924973393436,7037.879101682354,539.5181104884351,204.5859731799406
5762.415619269459,5424.898474567579,811.2178768041305,326.84149876600895
8815.32592314617,3665.73283585664,838.873609307994,283.523055140261
3168.5395874611204,4615.644545668096,233.0459626651402,171.06830305216351
7403.001537416751,9489.599015204996,27.87654387668954,157.5644196258415
9999.598450039492,1237.5701825116303,286.9469147564387,96.3711967308093
3046.814922053815,7209.918602230721,941.7208252356247,153.1719700990894
8370.375214078467,6484.081130527519,858.9560770814932,159.72335785358158
5438.993989540948,4225.875578103654,795.9117529858571,17.24981162280577
1291.7303275342558,6298.663247465248,823.7256940490329,131.43532114025854
3727.1904619227507,8340.871136425849,687.6585424101228,269.9042478647905
7165.762933909639,3241.8571013520045,1459.0716804890374,180.9634982868187
7384.786545550307,3179.67332471905,248.9893291056379,340.20268320118345
6596.054658820842,6168.7661750866655,1401.3841527085997,201.75437439938324
6365.745221733903,8323.160591474196,697.1025740004185,163.73092492480248
9353.914489202092,2863.394747045855,1286.5657236850882,273.6503905636839
4147.438667005866,1336.8288264290736,894.9422259354183,265.31925459872315
7627.916127149954,6714.194257639837,790.8907341708788,106.06649722180946
3890.3156801915234,6710.430331136257,1175.3693281515584,321.5357841290848
5709.297965335481,5715.289530083985,1047.2735256240824,351.49111397192326
9195.38618562662,3687.6478735422666,1182.871298837207,207.08244355130532
2776.5984440221255,6878.867666986143,457.4501835176535,42.528398499907325
5035.746817809484,3636.1356875069328,839.204725036489,262.6455902287734
3511.5613293506044,9176.919942214729,281.48554891227576,321.8867435328799
9975.25228615288,1764.361999470622,1062.911215252296,197.1078504042616
3861.4160867717765,5495.726577674559,1333.40403722588,264.0351912640407
6772.7168899370945,3700.3850642110947,204.4884280874319,284.5611927646207
5869.3027411482535,5337.765770014193,541.0013128434989,109.74547131593202
5207.01518665089,2450.754660149338,583.1852926743928,102.84447879911947
3586.2128596629886,2629.0313036303673,584.6691356005092,269.1941168268956
2142.7256899603217,8206.532869283266,1486.7252272808512,266.94281582032716
3912.2176362144173,5138.676724505749,1454.0909076543926,330.7805618567716
3672.311515938371,1253.5667671905892,1321.7072455762664,140.5055017583982
3235.424011425531,6754.4408680853085,851.0469597683542,281.84075651434523
4528.029615472549,2191.086290305062,928.3661704688199,350.9536960689902
6636.576556219018,8305.032940695011,1459.156587172064,24.594508713141177
8276.86006503881,7864.3680674120205,1004.7643997065433,241.72225297578834
8683.045188875032,6471.14094795998,1325.3520409514358,229.19358796258854
1931.6388720711993,4097.0401105745805,1044.7027501850198,342.67650431628056
5723.6855565372125,3417.8479583340513,1482.452517191228,246.06200808123504
7093.488651974033,3243.413076348649,196.95845966560918,348.6652683867671
7062.516840392523,9910.539352003401,777.090965195088,359.2422221224023
8220.127380355265,9921.211454518967,550.3669233682285,357.479169123339
6285.110852122764,8832.693271651351,910.4613841423288,17.159275033818492
2622.890757664518,3400.2294227016278,1275.6914915040782,195.06759085971441
8779.312390085082,3843.523670226054,1226.257493941841,231.94573687589292
7601.5812286408745,3630.044165353195,751.7242702779487,308.4119817511331
6464.465479811276,5692.658837100347,78.04431881452312,227.2951393165279
1494.5178908508813,3686.651781667362,1116.3490741783066,14.0655855264813
2195.6119861736515,2966.126996056492,1060.1670792333698,5.353982701530256
9071.114350546599,9367.77308340697,1400.966894632989,171.4728490608574
2992.283747225733,1750.8448028082116,664.0737798830244,300.2442997098423
1430.0241845664896,7174.478673543351,800.0538797865491,139.83976598435277
6565.532271042919,8958.96196860877,1011.2872630443075,274.11997610089196
7834.445187888054,1606.9403596997295,599.0672864467208,169.58865881467614
2482.444907284871,7779.364283452357,90.6614095447542,184.51588050662704
7988.703499799607,2843.8735200900182,543.1487870549121,279.93898184605166
6043.90213434804,6100.850980288994,893.2079249964643,259.0673561799512
1400.5607623042372,4207.961104255682,103.0371906636846,358.0451086857532
3368.9084270915396,2924.8440675263605,758.9464128183897,212.09195252731865
9319.015455991754,1809.1333629637734,940.0842166274691,125.3293026901495
9605.849691004483,9520.655705843337,465.3296368640879,302.4914587064112
4045.689680647607,1214.2567850312014,413.71084710428715,338.13420804010264
6825.751303024588,3586.1102100263674,1168.772489097879,275.95612152596914
5152.848086382493,7045.798096218489,1155.6429097481387,75.09090146432564
8006.7222222845285,8275.713358644085,901.7723674373777,80.9299665459217
6048.061531463084,4330.233954115436,643.5287285164142,185.4110341862928
3040.966021351529,9877.983029195408,1172.9042554143114,116.34446987080746
2889.601442913384,8698.474261508294,827.1883522642509,326.2276346965133
3551.783426467128,4970.752129420207,201.39086405728517,56.39116754978402
3289.783318241146,9577.839153639221,240.49846407619685,262.72228602125995
7809.755850327977,1233.2401383169654,514.4036417717301,265.6465771767288
3475.312608412389,1313.3723023834607,1046.8732018504911,13.462118501401614
3353.658087019335,1345.541637459113,243.74841318980262,348.5159180956584
8571.334204031804,2260.8759468951193,101.89638394381903,304.562092104501
6149.914849818464,5448.750113948729,762.8300909410967,213.4711107164605
9773.616360491862,9248.335760066693,564.4497672413447,202.5790797446202
1232.2921516055105,3450.939214615907,1003.8616060923349,334.23714710430687
5898.35727634935,1951.5041103231697,1156.0430771972353,58.676947149066905
3905.0335160275768,1601.1928756042257,1473.958680515859,345.40919933591414
5772.737305797582,9741.838060981378,1007.5319259509798,171.9876321934153
3218.9451012472946,8844.838490173737,240.72877961926807,208.53478294323457
7321.1027414928685,1625.5680270379185,294.20915615998524,43.96708614067913
7961.47264282887,3576.472949560954,1383.5429783875459,136.2654482403747
7519.809901413737,1281.8157808630237,500.92483292532967,273.0018501010418
7797.279821137494,4289.982659972835,1257.4406539339927,189.42047060959547
8227.936010178382,5617.963252875806,45.208967620876706,150.01263559052074
6094.287714803111,1145.6664558158518,120.93991681953209,226.94015135378805
3743.8970404820134,5849.133836629163,1147.2663273310734,100.9818978716653
9339.124044849032,5137.163776832815,812.5310853066686,55.06051275579417
9455.863649038942,6677.349645807462,449.4697602258006,210.10130625604725
4652.542846476037,6423.890199277049,1323.784027475697,21.87247949494018
3808.0193916190287,8455.313485589042,139.97463703122057,18.577410100706405
2097.8787276488683,4545.790906074641,527.9058887775575,216.58537280576846
1349.0299945351271,1340.768701995803,1146.1263498093135,159.86681443846834
2420.5759927118734,6462.020112988605,1110.7548130468508,322.23952980039496
1609.0933493392408,1263.2050642085153,73.3843356248156,176.42391191833997
7170.732213542243,2221.2905308868367,70.50458006614302,286.4564789245084
3755.624013244317,6655.710372181864,713.6348343593954,193.8016849718417
6030.058339946184,8117.436657718224,1470.714889161819,246.6378305272606
9775.335194786683,6659.262954947479,405.7789096408635,212.39323243172515
2954.8221959703296,9907.69209693274,280.6056781072232,170.2373761556287
8167.292952854836,6598.519341657699,792.2291807043334,207.61539932136847
9002.382388187025,1146.949771380914,958.1068639279846,340.5335432674462
9945.170234342253,8365.555433565578,406.52434106597445,174.87000957801757
3409.311416515859,6608.845519050646,934.293997113863,244.45202034701657
1656.2855216875505,9873.137716485233,1053.895974502946,290.3279269883668
5033.969256378636,2046.0021989182446,854.8276646692078,93.00198708833062
4456.970485910417,6703.435973391072,485.3971034222164,228.87003596378082
5280.216877918124,6683.402629342798,512.1103680568175,227.37338642759886
3166.660885627082,8149.807660518969,484.5073214164735,300.9551332537307
9601.685804723656,2352.9148825204475,737.2483604239972,276.21011655585
4920.043035526725,1736.4314407144238,1362.2543502294966,234.43775268830797
7586.206933288836,2574.7250723560446,1143.622221813493,242.31945291518886
8968.107702745761,6671.884941418357,1049.4273028771236,301.7731512874907
9130.037029257615,4957.059433981148,212.93075751673393,267.8330141842553
4376.619675464657,4009.0000061492105,326.53219874237647,61.8647471068972
8072.7690975148835,4796.838113483243,470.9179376493929,158.67112806503442
4605.286299821162,5190.365223639748,263.8772347727048,96.22435665204651
5317.955293276826,9018.576200942904,642.1704070013313,242.1742375033659
7424.097813912872,4857.8842212280015,1473.8964188823734,305.2748996965926
3059.04252978795,1722.174212667082,1019.2218029840761,175.49343326862603
3678.4184176879344,7601.683097819158,104.10591100791703,68.65357924281865
9895.2578907176,7855.675479062086,927.2351976794079,14.502235073327785
5180.168193738225,9887.291439283674,1471.7364096087786,320.22108157630305
5928.834503777331,3877.1503915023673,18.644912063082664,76.0742877554913
3769.5898717027185,3960.0547053659034,76.58732928612736,287.71277280180874
4208.271957236012,3388.480083537617,50.92712315308582,347.25836679513145
6463.751967851726,8663.791483733112,1081.2890035337343,33.22039209394956
9187.252049846931,5987.513041020176,340.0212047635615,60.089011848941674
2177.4203228777938,4432.010556542243,1348.5849626438212,47.33853774917931
7097.20681562608,3051.287885548407,633.5288044864025,62.2536384583499
4232.902202748065,6157.524538755912,1064.0226511664455,59.68213755475923
1744.0406486107915,6025.694468077647,1092.2256255909267,296.42946538844814
3898.9229419486323,2348.2800677228906,965.7142376720703,100.27981128567683
2046.6124397394483,1340.6903817287287,799.0828893631232,90.59109129203551
1230.751735639847,7556.35019837063,1408.0580176606882,18.28352098025473
9332.251902907545,9986.207056124998,646.1014735719357,229.02116788202164
3724.6505103767913,8584.233143006866,1471.7627502979294,63.29026968703674
2217.7587577383597,6526.49932796929,1353.4919714878865,314.74558661912863
7210.289994919688,1286.3656099035231,1497.9087916942676,255.58496351007992
3023.998383574537,4751.148329881206,220.69133433937571,94.30615595438954
5151.954793627379,5389.435197653372,188.46019844501112,56.163054002352304
4103.697513575141,2787.8808032068837,1067.5738442999195,76.5747632943222
8163.748768982437,4591.73442733939,1309.8615789861444,277.64961755135477
8235.591828893954,7592.890148417262,693.9471765824436,101.89800073790612
5725.887860268612,3515.007305895446,70.94654038034972,98.78317291271287
3818.4960302658815,5943.856192689097,1441.1258869317232,262.24814681352996
8013.979670796861,2098.48359716505,1413.5591738009218,182.25370500400146
4996.299867973685,5741.084125793433,130.41250093900612,154.46632470460082
5982.060585193313,9326.407357121338,1452.3412046248366,63.61268418461751
3635.553999760172,7413.551213909864,1469.8548515516216,159.38047243027376
8435.647515705861,9063.200193655843,121.77190366229851,89.85443251664573
8588.614391381216,2930.1026664603505,157.51129729838811,18.95371002994624
5127.157657452395,2224.769523207433,1094.696098967747,38.33800187305141
4669.545682657036,8811.645681915958,110.34525509515751,147.52720415581908
6272.213265411193,3431.991528857702,110.56106882078316,149.6712970314446
7215.452410196954,9849.586659942073,578.63087999103,307.99144053215423
6431.728802948893,7989.339496773758,606.446607944929,19.351206942958573
9392.830815138115,6667.001009537265,292.1770233628157,103.73039209400095
9207.654670941994,3427.7446382990047,744.1843982884426,60.62888035384229
1638.1478267858859,5154.730598423255,1293.8890323895628,75.31902409638309
8879.27781003809,2368.0704562489645,1056.9526666542577,223.58223824641829
5576.006636815635,9887.397706758242,128.57343663351614,77.11704405723567
1667.761817939658,5156.279181973119,1376.602933454978,76.97508457272056
4659.790115898467,9408.93777372958,208.32366789130882,262.4546573647148
5730.115552691778,6345.240864455029,947.6535690416135,126.350248755757
1223.0099566403671,5953.119736262768,1001.6817443839359,304.68495136619447
3870.176448626708,1487.574717362042,1089.6785208113702,347.4658283358179
9833.823902980952,8926.43231233814,297.3548999299313,204.03953119793303
9552.47604175372,3906.4853355541322,987.2909733242255,247.1342179373541
6868.641902441878,9392.9479303983,176.21231157581178,88.22557266843546
2852.385411218127,4083.783429593747,1443.1530342948622,171.96396213221684
6232.618826832073,6399.360283328126,1178.809221568321,8.629576262692172
7332.7992339664415,5140.104063433227,515.1001838595622,119.29668720245431
4853.37325511603,9411.400805540788,1386.9219496083297,71.5059968983393
3881.7316220300145,5913.664262306978,966.6827927231021,284.7256324517276
5697.008531007092,7266.004732313143,554.2125145844939,225.01685116271744
3161.7147977544532,2307.670394710399,1315.9313918386129,356.491020630701
4297.262130351528,7982.08317797118,1223.7390170103506,106.63805924410178
8524.279419708415,3189.9166646303165,1050.8130146038877,305.0631491749127
4424.8328991925355,4913.625358670669,1137.3860695794328,249.35113855675425
1893.4288591663872,5259.485386378751,919.7857060861344,160.94603340189252
1627.5745108784886,3628.888085026325,416.56905081279183,89.19568671991713
5701.958987674753,4889.860096589089,1400.935596068895,15.352705937533553
5240.16542780804,3137.067411348452,248.18540496081658,16.7692974950925
2726.360574114696,5767.290546576559,1341.5938777612362,95.50947146030694
2339.8333534475987,7993.8294655299205,783.9483577561654,162.75664856067442
4042.1417033101475,3876.0254992669566,561.6042198528514,341.8588985685859
5838.950734066044,2955.713080199246,1098.9085995376554,320.86499570354647
3524.166358178982,4183.74673828969,14.670830939920245,219.6590807917658
5542.7708299155565,4488.442116421405,1251.0575571867905,54.55254232482358
8520.70486731708,2655.209509877506,505.33120107717065,2.001924453060579
1696.4953688283276,1798.381405051733,866.274497642391,138.0307369922605
1682.6742426012509,5849.793523566024,672.0284589403635,30.22583068195558
6948.342871739506,5316.847317339576,408.9046579532407,245.10197729520198
4856.893434689506,7397.115048551892,243.96649721692404,258.7190130036314
7303.093574867705,6319.507705353647,1259.6356705127819,144.71901266955922
6029.232800267136,1497.8976901717322,571.384837921939,292.3825669002649
2716.924391471678,2461.803441398468,694.2650344503633,221.3680070757587
8249.716573999558,5196.84486308965,612.7976795742309,18.512419804296258
1669.6979140962628,4134.86764302683,800.4340118601217,334.1910250412988
1577.1151609499282,6616.399723667017,90.21792539885952,184.2523798089702
2019.559303282965,8662.82266993627,247.96678549526305,46.986441767952236
3594.513230001256,1499.7239599101051,833.4919909424915,25.911203839524898
5579.352465489116,6885.666437707386,1013.1844104216161,310.7362482275297
7854.128975834192,9292.813931252796,1268.3486376559606,189.8661715238097
9179.016683958707,7954.423518599516,1069.7164064026629,137.3342155365229
3459.1597471410546,3807.098029795,131.49839100656536,110.10585291420054
1449.7795157050045,2973.8420605294923,1086.9960860378974,72.32480304176795
1421.272972306981,5466.982054222799,972.8614823124951,105.03167438763211
2807.784741686587,4209.909916142482,652.3168419143205,114.18421806422684
7018.262664644933,4042.504928408012,488.3131489110095,230.79226963881015
5991.100745088391,4969.064442669342,1285.3566312393314,254.14669136436603
8758.816636970216,9286.560751930343,1165.0379780372218,335.7995654373055
3743.8622930248857,5521.244967476067,105.14432434479109,141.27545282156882
4648.5500044660475,6270.182251089198,193.04156232892976,56.16418057537148
7106.649732666391,9383.971147533312,506.9229796738185,110.79697382216332
8766.112017458268,2589.193021547503,1390.883320287377,229.06555341575054
3258.9948914441206,7304.810878547731,1457.0655277060443,318.87578910130674
8757.953978750884,9189.819940463234,500.465186413062,223.3808551330759
2757.8608988435903,7686.673536682822,1436.5237217600388,257.3112447366199
3713.091093827628,5032.875832158781,1223.3153898007329,87.9442024052599
7886.090733145299,9275.348886692245,1317.224506736303,270.492458464326
7283.861984986842,4306.556494321083,1272.189753826476,242.6730635400987
3277.3412883431906,3256.427263422396,1127.023709212409,239.12020123958152
8481.685599221208,2881.2201957964235,1317.8595768237628,10.876079732856919
4767.941645651603,1255.0008852937665,558.773749632914,329.2789514855447
9103.084182894298,9776.028361286237,411.60587349622506,323.55963980705127
7636.4097551453515,7428.447572023409,764.2879747253218,352.0206363844035
4507.036222100549,5557.671938005168,344.1397676820638,62.618836814317056
1821.7792888123709,1242.5710162564067,811.0526363996344,175.35808091986766
4393.424475142519,4393.689145657481,1312.2853890067959,205.6539587647222
9270.772824126527,8010.489180935352,967.0018222404238,343.8009545723933
8348.647864871837,5518.440714250895,1080.3515676559962,175.63230890419382
6759.59695425226,1825.84691670536,822.7800526513271,268.36018295023604
2354.3090182882183,2954.4425153777606,1492.6607331517685,149.42547798166058
2272.683829982433,7584.28213647213,699.4311558880155,246.6697964986795
6452.910564524498,3733.433645197859,665.1442442015248,237.8297299890139
4197.090759934875,4498.854542951106,1392.5486326622877,340.1800926525174
6319.059343495682,3433.2827919258852,852.5243700717134,84.91782557208587
4621.362188580036,4544.761309590911,1193.1355233442705,19.603628942236234
4583.052161556926,9319.181331315698,63.111371182437715,215.80219868242244
2350.9821480452806,8217.640737373247,434.1643472110221,151.5277720174456
7720.6722798804,5238.734490731831,1091.8132231688867,185.2783699777726
8365.630774677746,3465.685945746975,129.3934713730216,66.67589762851263
3718.1945498445166,4154.922984594411,636.5086325913795,198.28860663137297
2293.362768224608,4737.748005058364,1328.8891943252554,107.32814712001259
6502.698116227929,5094.42508304145,1127.9395762734891,202.96052231569288
5663.724736804279,8709.877716736028,672.7327155523058,47.90448614816406
9941.238145296784,3755.351091717004,1224.5493127912484,101.46967859538775
8018.715301588625,9114.485641099494,1242.272951750276,116.00769875746286
5771.148873662336,9087.891210026508,391.596444939052,279.024099054656
2269.6466519427586,8070.394643671976,1409.6051355105283,138.32470562750942
5610.35226456875,1857.3417415480512,1269.0350411017585,124.92908036906643
4913.638691326605,3388.0451810046225,515.3507122674588,86.16425619102739
8278.412713591104,7319.252313503669,394.3036973625785,315.80918878606553
9913.523114450889,2763.124831096195,155.9618958252089,284.1699488426798
5684.706231056278,8857.635969463372,175.4222402379781,86.27708708484326
2562.7780126335338,6032.363750141147,368.2753527058277,137.33943220100267
9386.198582440285,7153.078846384471,1197.6321567624077,48.02424481987826
6410.7001033560855,1708.4699570651842,1104.0832479483608,335.5824022329079
6984.094372655829,2499.5307522867797,854.4673723201619,356.429343596113
3484.4673159479976,9779.776710160597,1141.690874414365,105.51260911936359
7410.380843099041,8847.634777414773,178.49083335401576,282.59458488846025
6931.092689546836,6669.908243839765,959.3572379941867,188.59422174955384
6122.3881822258245,6973.649289345893,473.62462149335175,73.41875834779698
9340.224323821421,6154.8986119233605,1398.341294685093,3.2180460057261624
2560.240047269551,8029.184126701548,703.4786081609159,39.19065979349185
9677.73952292932,7751.740738795095,603.7534960534817,8.942107081011475
5372.692881703955,5597.878946749083,1386.3376224339572,265.8002367016614
3495.422125442343,2955.352383248286,1165.6162212478596,270.5482917029445
7650.652178429059,5407.594910448993,1278.702604224082,214.71591602168587
2708.6654393386193,8170.170316549205,427.7572869017267,101.97660397494104
6582.262865523548,1228.9029229682978,71.8798141314797,65.2200641584132
3011.5590549249937,1254.6422613830605,116.36656432665168,60.84566942842439
2824.418912689819,6125.541368097053,264.29061047636,250.69891383719906
1265.7374860566003,2463.5000353078085,1075.7559138176318,93.30206729247136
4612.202014107917,2337.7285564196786,1310.008739007417,249.39462782264224
1196.0564993655069,6334.631022203513,302.96358964068503,52.42040189336063
6523.700655229763,9251.098265978691,143.5762992331184,146.580630980575
8558.250656067295,3474.0262914249015,614.3298997105409,210.50873669359464
7368.797771666173,5987.519148041331,1178.5255725547993,186.60699699719405
4018.000844683168,4056.6187045412216,536.7880216035632,284.58165387764865
8951.46318811995,4105.726931700436,870.5584261591097,70.36883173438454
2981.630720568464,9830.774663243219,1262.8104437438847,354.0716923228546
5586.9223556343695,7901.7644692964095,637.6606820656373,328.9170157271945
6811.820227685081,4594.231855770648,913.4861711859439,284.1384496171571
5872.051916580671,1637.2025313929184,1207.0937486967307,37.36782608153452
8262.325880303735,2297.671734561757,1076.3369549521458,326.6776582165805
2341.9340310774805,4542.942760062138,175.2862159302731,9.955797200824492
9950.676345893877,3119.6305598102063,368.68714003795856,122.42851232271269
3417.046933127102,8214.358880048447,1486.8906618504454,288.6694147747581
4474.02480627603,6209.781823427854,79.82897125232127,248.33547170775708
4563.618346500581,4936.732290115861,1039.4196689113076,291.20080349988547
1545.142562005403,3264.7001656151697,1227.0003560398548,46.2522201523631
2926.500678285476,9996.18490627076,749.0128658954063,85.6521856674772
4013.611318380589,9499.032518394795,1356.5645699887052,256.4952576272374
3419.225727517981,9267.359992790944,637.9695300792408,73.40379271326262
9042.624825072642,1516.9547280092074,1240.2434229896944,174.8655240049396
9881.802290457077,6077.46650470732,462.08520583517725,14.595105508097241
1579.862149477683,6348.414601856559,1313.4898292198184,29.962348638569534
6593.020117750627,9256.088631786064,886.5853432076134,256.7757606724548
7920.758760374983,5949.136336908476,652.3873372916164,275.9058001397211
8954.691787783093,6645.593426493942,1000.0896990236273,279.10031118932164
4700.954731898776,8560.050001716341,661.4820014014656,344.9620409076432
1865.9921028625454,5727.436251994441,1178.2683825963932,210.24604634127712
3814.3912695818835,1289.3569535689433,159.45412704181157,194.29549591828442
2226.7614537819454,8902.398124458821,443.550798612457,237.94075090434058
8039.2519265305855,7385.111957825355,1220.8874056944526,115.80514714876075
2827.024460853188,8424.753066908273,582.4077313005492,355.48784633970695
8387.025474188977,8257.403028157347,1488.3291483282308,60.52834760382899
1734.2252389000769,4281.804741190414,982.8048334427363,26.690044237147458
8914.671597544351,6466.000516099254,267.73814924149576,63.92832077698669
5529.173878042667,7290.135267080654,7.7391568445521415,67.15250721034285
6214.841192288897,4601.305355376688,480.264737355111,81.63988153185198
5770.642794684738,6276.677261249484,865.9577043075095,152.24014371687926
8050.106403248922,4346.103931616581,128.23812513736482,12.320360151419143
6927.366669248314,2555.7894487025906,541.2079807215702,254.62505358924494
6680.716039894539,3428.9858508739053,991.745048339201,186.6116263326361
5273.916991778709,3141.4893100970894,1354.8937629177492,37.66216168544839
6073.840088664482,9808.305960204345,199.92834828842803,1.2828806767457581
4640.699631497622,7314.649153675724,1155.3947211557158,251.63722924638054
2190.157607950131,8467.059617661384,1333.810019656869,314.92823009453014
3768.953180402407,4266.887067232497,1079.3353902375088,226.6399908204973
2232.7851768728387,9228.515513602153,1397.59066154871,109.84424415701733
2890.828887252227,3560.5325304079192,308.3586322126409,62.150715705271814
5715.028091344053,4093.784297888782,187.47887910460085,97.80353327018109
6547.442753176783,5843.553606173096,151.2226255358913,191.7944439317014
4700.906662693504,9747.193108345828,721.892606452731,57.14522866210974
6956.318416260917,2656.2323805405995,190.40966878837608,169.42075867625545
5050.207419601783,3966.3587757752853,871.6453322933467,40.007253040302636
2333.194280689405,1994.2532069159085,1257.4560350328436,224.38907109312143
5184.457656883353,5736.810902573179,752.6794500812119,226.9582463760185
3998.0064551106493,2651.527291968506,48.21772504057864,271.4058870284186
5263.296940541204,6749.449446974087,208.9336195334555,168.3252761295236
3886.8119313251204,9493.405648250337,71.40001690478519,46.35736947400096
3355.170196541578,7646.456409726135,97.99237324434152,275.4817649636226
4036.3225673800744,5591.255335335539,170.96976611845025,36.57393156557283
9615.690488016127,7879.653838869469,1138.1959926877942,128.1095560021373
7067.251709610407,9245.79896811986,600.9216166617907,81.08759120026414
3640.229510864521,3828.704989314589,185.85688475771295,329.8528434893022
7770.413306555738,5896.729270446124,92.21097783620273,323.72153435412866
2635.3480858107323,8983.240221396045,1425.5489294075294,222.9027237184659
8547.769726236775,6499.952077604637,1310.6956277892202,153.54046118773576
9661.244650304276,3885.4466217165595,235.14681671487068,67.57795976750644
2590.932106275636,3027.5719843772185,1476.075709586425,277.3775773340375
9620.208097067645,4233.434139486931,448.2244480211708,154.00070786062574
7465.37031298754,3025.4723867800403,857.3520864489549,93.94496239526877
2734.5262332550046,3087.1247558225214,504.1538414777412,105.54080281552191
6096.55159917004,4222.76140166237,677.9673054864171,106.4879785200669
1883.217962347189,2290.0417142090264,46.36631176637412,156.10036836159298
8643.976662814966,5981.212495121848,998.186797543924,296.0269219731614
6039.083146112486,9175.3662691986,1342.7955291681972,60.11506191140837
7235.225119701087,6872.169507281435,408.44267675277854,25.159192823954946
4838.251303918478,4835.630474866683,881.8205511388296,96.08514599177904
9368.391815339764,1329.4353915736124,1044.9398928206685,274.66813187536076
8014.202355633673,3318.358461402528,1439.071495407404,265.0108413839315
2690.3515651290904,8778.985408667239,431.89350698809756,331.70019740092584
1833.6762138185663,5384.005169377562,862.7229844505996,186.6640638181492
3095.551716092285,1279.7274715440444,614.8776866475084,359.3051491192042
4154.945822139725,1251.8689911485412,167.46437479736306,139.6473697504246
6575.86022131409,9168.991805957408,228.87561619751133,207.89040946264444
4674.58433241867,1981.9147327467676,1189.7065975616788,132.23328700282272
8544.474567857887,3494.8241038742453,415.5454584067928,58.75049654269083
4562.532327119379,9997.441264480036,841.3228795743478,264.87233054994493
7875.280769460455,7665.058933241994,853.1805394569171,189.79238172482965
1360.1534775173793,9122.947234272055,62.63999158896342,121.2044484884334
2296.290943823311,5110.528165129273,642.4335827374599,11.224129761369758
9210.358509388314,8451.447272124504,797.3885280177382,120.6379898554576
3287.1588632837693,1122.6522903486157,398.81382901900406,279.3123956763703
1639.4678015550076,6946.251692764901,1362.2807897098385,112.39107052891083
9948.92773774372,3094.5978022527133,556.9808594810607,304.770729606956
5390.2898427996515,8279.891410970036,730.5188748814087,334.15440130445967
3731.7376704985204,1405.752833639729,1182.867476700756,186.70782618254333
8644.268560890341,2397.0248150881707,106.83737256179788,263.746937312128
1247.8332359866695,6452.4532167634725,574.6213314886462,73.03711736482214
7751.52295810392,7446.093418214414,951.500900111447,126.9035993060955
7664.147846451485,6114.06451423321,1180.4493559842847,136.63755407271807
4313.518799846563,7953.516472726274,1338.05295483441,109.61527714367995
7104.367713218737,4301.811303294839,1304.8488704731285,125.52883821812917
1892.598213545303,4733.913295188027,1027.1139046177725,314.94436161621496
6516.839130824526,1689.5701169846384,646.7089130735557,354.9853456900532
6917.125427144978,1253.8721955110013,1443.228250585917,232.81712913074173
7350.455050584222,3668.1631888123993,1302.846024378603,64.97796198353937
7467.763685089398,8859.792302205631,222.61801711688125,77.59109749910952
6429.709407217465,6604.50789590739,1061.9661047582213,101.31757731657989
4647.597309833471,6741.391058843728,1309.5500074931429,27.91021942183831
7083.875225789532,9299.24481973696,353.8714625475388,88.06411414727967
8148.276522331071,7590.298066715741,180.4020905798364,250.35747762062837
4952.849335518495,5642.642739915214,1178.170045892353,292.5346961807897
2422.879827087527,9336.03182122903,697.9227295592455,225.00773310540083
5857.024027607841,1128.8700516928996,1058.827247771006,214.67010147541578
8907.966922899539,3736.4482436620715,607.5414921654709,213.74420690936705
5045.24896373384,4025.7791442374687,1097.34774123682,31.878434935863066
9293.287752394166,8555.690164274878,330.59996851906897,163.37343532046035
1658.8716994879562,1350.0163199829426,843.8587034077322,218.34423836699278
2950.644742969369,5869.0838528262875,200.52957357682527,313.57229234279436
7936.530546321676,5455.604929626022,1141.7751073671086,160.78516054772157
2323.930577980694,2611.7750903510655,914.0908619835369,238.1221027839213
6111.655067811273,2085.9649549269525,591.4975928765424,110.52844121892208
8423.477365506458,5748.679532435446,544.3415711443046,222.74803593823583
6305.848481067176,6715.206944415423,780.4273641949271,359.32555680657134
5763.449917959053,7185.259540353814,1287.370932152761,203.4858361863093
1592.1735589958273,3030.009412024633,1127.3369169153102,127.93235707891645
9521.74076145174,2711.2373201954597,70.37698188569422,145.7706031009968
3178.332337503328,9852.518106726322,404.92472707539963,209.84285136084816
8269.7771743634,8182.131245785491,408.9020727073311,101.60578642526227
2404.1131872327514,7978.5494588896345,1135.5857047185543,91.01597964323392
2613.399277778848,4788.245737757184,1055.5548103632204,201.28326318546658
1920.0570389332545,9598.990933016403,760.9048770983022,37.35859834297984
2967.271820979422,3083.6501900073345,1498.5729352687868,227.74344880410487
6978.112330678775,3516.5578101610017,317.4408877730844,13.055141865446885
2005.7775012523005,6938.52611715851,325.271382374477,52.637584400077806
2201.2867718741386,6835.111897901969,1110.8556467611993,242.62887475640485
1152.8949448724081,4719.982635879758,1030.175524975552,294.60949677505363
9615.998670278164,4217.437199351538,1007.1272035512599,160.10102354414516
6525.966115091621,4485.054817908927,633.0394075036635,36.345834495550754
1513.8135587537631,5861.196106815631,848.3519952710257,249.05408600106148
4131.621317115417,1741.7997294370293,448.3041610924541,194.88448364606617
3435.2841325835884,9530.785996934597,723.6776944420851,106.39410837209269
3155.9695780578345,8951.052012930522,1406.5556932007103,180.9543947193324
6864.062652042262,1264.9768651860427,1399.6560325785936,154.22139817711155
1130.6859683802784,9934.705569146268,1499.7834362853089,263.1695137472072
4704.374237363121,2945.662981849575,116.23313728773145,276.2390072571311
5483.122012792181,3397.741341505418,626.4027497884997,19.34786252796065
3133.1849682712245,6364.908691409404,1246.017033243941,60.588288755568385
1439.03540764191,2305.5536329767574,827.5661846170254,169.74677611306984
2033.90779748135,1552.8927228329396,1198.8356803332404,244.4643318434551
6736.635475349613,6392.640738148937,278.7146196046288,260.7114485632217
7844.612318989855,8026.673575622264,1354.2409241248283,305.31409791033525
1149.5420894327958,4324.585653603472,1431.1908005246682,243.06762767733616
9157.011694294491,9983.80863162211,1133.2148772733397,287.2175057706635
2592.965547617677,3217.9312498868335,1453.7920750641292,343.35429913982006
1321.1615704689855,7802.176089002782,1366.3422234986092,314.25280796935044
4655.580844284008,9179.58349950859,1366.2177482653672,92.20198251362844
2582.680330107752,9870.286633018359,72.27943059320086,290.05372804795763
5881.788958027477,1744.5636703030666,1191.7522858261045,8.28291108602918
1661.660677504061,6555.88899468329,1218.457570697879,4.563291527381052
4556.456704382192,7639.979200505912,118.05237824253793,255.5051276503426
6223.687561002548,3037.973581390149,877.8038872935628,33.02553045636029
5942.142794885266,5331.147175270021,610.186325714356,178.2553851099334
2476.081939080884,8937.182948634792,1144.1247615169982,227.13109118477254
1282.5121447147249,8581.619361048228,495.1332285411975,273.9045907254121
3178.6742496739885,6112.866141072549,724.4590182457899,53.68799034920573
3494.570820214169,9772.883060981963,877.7005148909705,79.32409200461653
4275.508168410457,4433.862646674547,442.38095485000343,246.75943151898576
4494.847286797181,7908.83635488378,378.5115198418368,282.7525819499781
7474.753167497171,5767.930293497854,1185.7059715414653,246.33714774530273
8528.790657358171,6574.400670124012,1039.0783040858714,74.47989934637717
3799.5117630191694,9470.03117986466,1346.4081708619906,65.37626705865728
8660.052656714899,7475.3777794294865,325.0926976086816,359.7924440473536
6254.834593247174,8572.91197076566,979.9730501827235,189.4063255957882
8875.830882495076,9872.567534342046,652.6040193022727,279.9388682865112
8945.54750074344,2011.5782437619764,915.9878309295498,212.41198686493323
7028.863283447213,5998.715562147947,577.2493329272935,138.31775330864488
9417.772840718731,9802.881392250085,1011.8256228332326,112.62602908748853
5564.030113268714,5077.941737425803,784.7143326111981,173.32412929162214
5641.4564447222,6368.539083551842,1431.4436315769456,47.23557017468028
7023.679939219668,6882.452765715178,61.867019393011184,275.5598732278679
7555.5399403485335,4238.953089668072,608.3010182684463,335.57775761412074
5097.213681714586,2525.8993255051973,1339.5284220461303,228.77583792347454
3220.4565237743673,4971.193974048092,694.1218482007796,324.9235261876654
8808.188816512991,6092.289389676418,127.35009881232342,43.508511660833136
1529.7345623816136,2019.290360118519,137.88594806092456,193.01839777778366
4070.8537288837456,5921.816078939211,1341.9399841971294,307.4802915430003
2576.6562513341687,5999.892652207484,1054.471180404489,331.66537623538187
3585.897154828506,8219.082374142105,588.5946617106066,353.67167719617805
9652.70125040502,3991.0393607280284,1109.8529245643717,315.69927387854653
7572.95535466951,8015.119532725143,969.8118707739495,204.39523428509918
1294.8356291320233,9683.152942054223,102.20915055555614,104.70933262604854
1964.207452057904,8032.267353912657,680.1196524180122,178.20728059456366
2167.5207393695255,6593.606625161195,1045.8710984874958,1.969674734451789
5941.922697287168,6100.595333917247,306.1435968788084,195.98381640246924
7993.000539996527,7689.288066019886,586.0372612567442,250.968870742392
8698.739950884714,3388.3523650242573,1194.7242689281968,39.90164364124916
7958.7550545387685,8935.745888066082,452.00585747051196,82.83723259819965
6843.848804329212,9293.052348358966,1444.1074827984203,254.60275228256555
6272.67752198387,9608.023563971868,1473.3772152040467,137.02731892098075
2953.976268512262,9353.589040138992,807.2981267401624,254.2498769560243
6392.645613316733,9388.107418570502,767.9573641633104,234.87099528230246
7371.072519149346,9320.191569345914,1253.3520479245406,239.7734851617014
1725.2182154212362,2105.369426862011,964.4461706836853,180.98849005315807
7843.301089837448,8063.554860742782,821.7026994409275,160.1738677264854
9217.09536620688,5439.2050169735685,668.2817348480838,13.014492396106725
4864.461904561098,7730.831048668489,1007.0982810604602,99.33256104529163
8948.98588850046,8082.403624906683,1139.5238174665449,216.89614452205564
8564.800250896307,5353.579830354624,656.4029353882751,48.59753162998104
8327.909183259764,6776.253114691689,1452.4406093466891,335.2829014509833
5691.60238426808,8680.964000018097,254.2307446543482,64.97575930496177
3593.1839786658347,4954.903334556094,1443.1080998184668,353.5570770279688
9480.881501042939,4349.88289371085,203.58197435434846,127.31111032875286
3435.0417496276423,2234.09714479748,876.3500387829213,25.003475068366086
1222.3351320734287,8136.109663447799,624.9808007141438,334.8559012572645
5795.27587555521,2131.6861621203343,1223.6183431715735,70.84768204978054
1586.5214350148703,1432.588488820505,449.1064244342797,107.92717946746055
7739.317586022419,9733.765440085774,1019.2925033183942,124.70313541789658
7870.119067106652,4092.584639155344,500.5293167571,282.4468437082322
7241.796181993758,6388.0832727229445,234.046013429763,276.0488199654064
5208.326576831849,9607.01551321899,1252.4592091646791,331.5508120097799
6518.336897354771,1713.0872135024824,1384.9756713562745,104.85112340901688
4816.189013428257,1503.635306379256,1205.2236763536073,185.27726744658634
1965.3182097376816,4846.71365689744,303.14305358517043,119.95299324765332
5073.26703112816,6892.970880899662,858.733610817503,133.00387058483142
7402.374852184737,2778.48929859128,1237.7843765928217,72.22582161121987
6842.0568481294995,5530.126782056011,36.17775914240485,335.35856423920615
9817.969717736012,5981.06518577921,272.292972766991,175.90889782955682
1780.6649258172445,8166.308532159326,78.96415159619745,230.8374663593248
2459.5723494136882,7012.165732215618,285.400896723942,203.66239810896442
7616.453072242864,7532.735474766235,1042.244395060248,60.67166933249634
3938.7284091815036,8181.916281195639,488.26678628998974,143.84167607691973
1393.1484888166551,9889.163300813736,1422.3684817492328,27.878804564069537
7482.432941834487,5851.406510023721,1161.0198347492185,68.90060586816669
1321.969813372043,8739.202948999242,1430.1028329880128,230.44393007000463
2696.628517430654,5994.282250970079,743.9358101268797,216.88529826991635
5276.612206448199,6532.224007516828,637.5137683364449,163.3546464435201
8713.689142705975,2643.0733557085105,1195.2009559632536,282.3521527628148
7027.9212647242675,9393.021841390544,376.8979307699973,55.62352267121037
8654.946656590617,7940.663228703768,355.3526890013238,323.851450287787
4869.87009452985,3138.1491180823405,511.9229559177753,58.49605307659358
4727.929462938129,6825.91812518891,184.4736563606378,94.88029631474015
6878.805502433876,9697.01925192241,116.18017678195667,24.12427895608026
9964.703285727774,5227.213538424903,1409.2342168596997,148.88501195289913
1412.9770580013778,6008.799613902037,780.4484140615779,344.54704959367024
2332.7040601267017,5133.849567882884,271.793900879663,223.2026772706482
2438.5709760812597,5031.302937945579,918.5241733153006,247.0022012709461
8104.35630594296,3803.685901373613,641.650912854669,97.86729250924385
1452.3318060120178,2452.25753166291,753.4585991184405,131.08830532184066
3342.0826639819074,3441.206254121773,206.92807447713312,131.702430767021
1985.5576304488386,9083.094474707013,1446.1308247490904,332.0564579469577
5448.2677391197585,2508.8484396398335,258.4791345491461,342.98157314920945
4922.435551251293,9600.840333626744,1403.6704235453947,82.53458508522526
4883.871701908174,5924.621961444953,450.07556885116924,210.10629175424512
5869.978242216354,9513.414197572738,914.6141827192872,29.24410759356016
4554.351838672725,7312.082384979263,867.4251181200872,308.54214705923806
2232.7820684937724,5561.435969088543,471.68296429996445,215.58072438968168
1300.1900633996952,2390.7483967179296,1403.3751580508983,345.29666675920276
4935.626958833815,1287.6613985714703,216.58925199259295,194.671244765465
1561.788287891225,2093.0089309187474,1449.6835270132576,223.6360328290968
7946.482494846398,4343.043101798168,10.83396360471734,263.57045016552667
8215.933178320702,6729.399643582049,590.9248953029083,234.1212655093652
6842.150080424479,4892.020330467125,629.1529990917483,243.76432353708438
6575.9410099085835,2124.0905994925815,1308.8181405997914,36.68503197452387
8340.054083384595,1264.2618292922193,979.5260792665247,128.59807585381142
3837.128544445446,5297.599339176443,1452.6812776542808,286.67104243549204
4817.776405667723,8673.378022906689,647.0636630739646,346.59220130098043
5019.988111894553,4531.190104506071,700.225428369863,319.7910604844759
1129.9832810433547,6574.74351011822,109.02183778363978,339.99972937977486
9669.173032052453,9659.886394822266,1494.010519863836,292.85746478588527
9578.46485101428,9560.702085151795,1449.3761515480478,223.52144818361404
3895.8311895286906,5044.9276508343,925.6333974084341,84.08482243284641
6838.2108396601725,4682.144445747384,234.97413531582094,194.43217141172588
3205.292729331856,2687.8411507633537,1084.498681179863,35.36902318750316
7961.875487423605,1355.622475444416,778.7954503875134,333.54001226148114
2016.8277237832613,2831.6381982716657,137.11818085872338,339.89739202395873
9965.646987701115,8688.079669307399,715.939799878688,340.6182904554536
4024.6549422481444,9321.016030704131,1031.3487490421944,160.05629888115985
1215.3571069443183,2971.661460303331,23.988641229424093,210.690046351865
2663.4681984855033,6597.100080423586,364.5110567586797,256.3047375905368
6775.484838426842,9068.177577658444,36.66533698790737,105.10810763820508
6475.7598061941635,2955.325602547494,815.8300961335718,163.68311148361252
7631.377476477342,1342.3880961809364,319.43437750914404,123.38944716450058
6196.174703480278,4972.615510932809,804.1417863072184,112.08508629389304
6541.176884777476,2026.1577394066132,1047.8559656395864,317.31352849032294
8769.080257570826,2366.2958288256555,72.35840579204404,154.602490725215
7369.657026964538,4248.083628605642,531.4561066279667,130.60572976262475
6387.694623030987,8143.734705291709,1428.1211793049094,241.93169220288107
6971.364610250262,7714.427778350918,90.75079468200076,168.40678875206822
1869.9695440769092,2729.6577731006237,1446.1784809125636,352.6855692173878
1589.1432619199056,9050.073190874768,1073.9260265952196,147.47161164437964
6519.367021785572,3100.073796040642,694.6368495129686,176.82280966758702
6511.13215310997,9872.572483508598,1097.5435359312344,195.95372899570884
3452.719164982609,2934.0795322290724,1482.5253077849995,298.4646538773841
8243.034860209253,5860.203200263824,1077.755251093136,40.964355968280856
9510.37401056474,9093.62778607478,233.9267235849416,134.8347892906611
9951.18327029946,7186.801682765282,176.89333871841848,11.507358247126518
1214.7193056698354,2990.7924323056,409.4737735731766,214.11832274169515
6746.872097764586,9863.087604019775,629.5638112218006,28.452335004260505
2558.088883793049,5768.718993733646,655.3002196196348,106.27519666768319
2290.1083701474067,1102.3566505010892,726.2075363079445,205.08349354527772
4333.3746266450335,4483.491160730984,35.85581068332882,95.56952493400166
7188.166718090071,6491.752344540585,1213.6377930038389,56.51042663772931
8213.337086990734,9580.734126219599,286.8682818509434,53.915457335968505
3508.8685942259026,6832.146521934062,150.41576382312127,92.06308387613761
6278.609111183182,2766.683008532915,377.08600845097,325.4997369331965
4947.1263716123285,8155.555840445847,877.8806750300112,224.18482309871166
9070.269883872672,3003.347105527243,57.31774288601596,123.27658263415537
2446.5654081294156,1662.333443096605,1106.42245879631,157.727056477051
3998.01237425399,1449.946642065682,260.1810096213488,294.54371933141607
4497.073197844484,2297.7073958237925,948.6679621545602,349.23230104521036
9306.449158583571,6877.526864765221,229.45302561538122,225.746634639132
2173.614982769621,5794.979768934837,1144.1414994208142,139.02327165900104
9425.99311002987,3468.2385147592463,226.72457241907708,326.2905089150688
8799.58698374141,2272.597225094615,869.5267694256252,57.08001616083692
6674.304253599316,1149.0570922081918,524.5106451137779,46.64112978119393
5280.4093733014215,9860.670888343113,742.0089121020147,186.56879423688724
8611.368583937623,2245.4757362020955,1413.9958121752904,32.36665020791317
6175.8307016306135,3789.559595809918,904.8218182307237,6.193915162252155
3073.077533261754,2919.7141579619,181.1541542848971,67.95823579013658
6392.2180393443505,7473.094262730222,236.30175915493245,316.1747494574727
1926.5440941500765,1596.4970750134128,526.7131350828562,307.38045472879924
6750.175548891604,5229.1540717334165,1008.4563305925338,152.98773017291717
5146.219766884463,6507.652936026702,393.2921282579744,176.74070038079265
5375.517999062503,5800.586426569877,955.7540295358939,121.220822393377
1591.1471135892903,5267.331971498466,66.6051277144443,100.08427965762657
1559.0762805059821,2740.764283212519,1336.0766285695513,106.04706620087664
4816.4807642307005,4951.704391900592,14.846150680733423,269.06760479386384
7345.134753930172,6285.264632386689,186.96357445322653,276.613836485213
7018.548320215941,1961.6125117778606,721.8522228123569,304.39344333046563
5218.755332489315,3838.072258730186,1421.43685943811,85.16496050670365
6557.561591024609,6432.066105565811,189.2582771342884,287.4115155948994
6134.708389611277,2566.9922609527794,634.2678633754548,88.06018747136619
6810.315553029918,4135.573654728165,1373.0764502091838,157.4423148185276
8828.282877632972,9010.98935228432,1012.9586411716062,167.5226576778788
6979.526336148307,4390.235967112576,600.5673099037917,246.66047458670124
8755.621183369616,8228.739050237025,1029.335318720497,325.53493984711616
9994.720448347864,5610.826155209017,737.6604378539618,248.1111702390838
5032.5206579877,3629.356085369432,895.1493610536015,276.2589675576932
6200.304955415741,2296.9488352933067,1303.9657425928851,320.5186923083007
6240.166531413278,8639.660753988765,1048.5437287770465,115.92877405634727
8399.029505386941,6987.897077433095,282.1064638142134,7.25505199484122
1756.6859510089957,4809.775027197911,502.82529434321583,310.4882964385337
8352.956928583277,9791.292597766398,1445.1308052263987,174.9518671060016
6947.273469614982,8886.8405133559,870.6298769194163,285.827664741891
8809.860405716783,4513.357162042634,895.5238227960275,340.25867031646465
7056.073881739522,3338.0312827224548,949.4736580412166,63.117377089101794
8616.380171716515,9753.495960890737,1145.6011398500493,32.881341259600845
5766.163576755673,4036.34187188637,190.56415234159746,242.9381304592815
5352.014192788703,4601.118096012633,952.7721881500373,233.53785490393065
2295.9977335567737,6055.760142812202,34.03575329575108,37.38450004451952
2838.8569113416142,1103.1933355756464,1438.983006650559,325.95944649994584
7756.693705426382,1301.8956739853318,1178.9198433987356,53.02709957375435
4724.6682725848295,6465.304720686994,102.35431732490717,73.72768177162251
8209.899295057727,7755.335153018293,1338.2493155936463,13.65990398231917
7338.757212734361,4444.820501850607,385.15309893214584,26.216318144207712
6297.072607883789,8309.097253309064,988.524338866976,68.68899730343308
4863.674611863,9671.508474671315,99.26727694503121,6.125862746128228
2208.2056819025192,8526.494213396854,1205.8012057361966,275.73079896841216
3357.2302621280082,5111.784025989445,127.61894574758941,23.13621806810664
3319.2809475799513,9942.222763229893,1480.1206005851348,174.19674040435714
8691.002477038097,4099.0463146629545,1170.1897603330465,201.41415376671696
8398.79792046258,9878.03724350903,819.4271940320584,77.62685491016192
3661.882507623701,6615.7694920102795,119.1007317750371,293.9578954685576
1463.7762273129256,5956.00273652278,488.498469630972,333.03056067121287
9250.155471213591,9561.537658765274,122.62828526924181,158.63993736873408
8690.495083535141,1999.5115321518247,182.65471459985662,348.0047980120593
6416.423282428215,4456.597526861486,718.0590591863174,269.51272934886435
6166.528612127765,4419.758677654867,1054.351856303572,326.34713766642636
9867.390886347968,9172.302524380364,19.063938387642796,16.198805146228807
5243.890580722288,7490.821115672868,1379.5681321119166,85.49495169102481
3965.6036841814825,7097.981156091929,318.78703978848995,258.5685439035424
8007.941278812342,2732.920195597977,437.31049172425736,199.53414155961391
5089.873831153887,5013.022447511219,206.1711655686405,152.8429689118076
1709.9422235654986,6980.280390867525,887.4875818326294,161.53387325592965
6455.5233916613015,1970.631928095661,1021.0212924339355,143.82956140019928
3806.7884397182665,9761.257382496438,107.0401967078563,197.36075348460147
3678.025012956171,8158.112026335161,241.42342084359623,126.33298234217746
3603.886009216285,4602.334190210177,1290.0815080196287,78.72620134485943
1530.0293032103584,8250.429219172645,1150.305688766475,137.9647617025018
1775.5121992041663,6950.722380073165,83.64794568660018,294.3924790782771
9656.857176028232,4479.794310474186,410.7096491019831,16.156777660607737
9580.776492560302,9154.178382723068,776.4036100924845,26.97960050914296
4752.625693727296,3954.835925343307,312.86259821780163,193.51083452499185
6983.110475413366,4914.192461229998,120.59772327432857,217.53678058190275
4012.4613175551335,2268.397574943512,249.63197702603722,300.7758672127052
3977.1482409736823,7577.648318889559,115.5565007506161,119.59997176414505
3223.857150040763,8409.483999202297,174.4914512777969,327.5883717087887
2145.0445829433284,2336.5310886252637,651.2913665312459,151.77942173835638
1903.2752404425632,7504.866463864085,1128.0838988511216,294.3491876477952
6771.3541863979635,4673.381813449116,878.3552110549214,49.388062319126185
1151.2689703989677,9624.980605227369,471.8263797366553,337.7739404534506
6882.826786631419,5158.617368393743,1368.8617756631863,359.1546830106368
7475.203432784208,2556.960553488364,8.633832827181699,16.995514604299174
9099.25687246725,8164.502759865033,1277.2663783643447,87.31916033705835
8448.062281411927,6598.523822246468,33.23716791534656,84.34634536095207
5722.208542792815,7286.283822097149,93.73205196978559,201.93170432154508
7223.836040385739,2748.501686289255,128.77666437425142,69.76581585667759
2540.321554132808,2291.5396556286305,1476.7438994925117,335.44862283404956
2109.4519715618026,6346.436273824658,539.8489583553999,133.14054039146203
7289.965766916142,1718.5111753743872,1190.7509997862521,287.13089428065075
1986.9118899929108,2137.0426037766174,720.0164866048166,64.15545800565043
9153.151093239969,2339.073970392549,851.49214494564,271.28827044689035
4286.681342064203,9136.149301758778,214.0172032456174,316.5681212940447
8087.424087737429,8630.870963645968,1479.9684275392751,27.34813468482827
2005.3114272481043,8314.215858573549,930.7617831807931,176.72115714390716
9941.478153594357,6444.433432700072,1299.2401371437318,192.3388943106916
4301.853658977298,9541.971456966827,340.14239803314695,323.04054918685125
5383.600225480145,5344.4161491482755,1423.5553175138011,163.4122967639803
3130.603570994744,5441.583283383957,1377.3400827700618,27.963197863620703
7849.173842707373,5680.681437095265,1406.2330549320393,209.3869773141769
1234.4222032890443,6627.748630290139,245.81003680491443,277.25235316312694
6673.666177395667,2326.042411511282,589.5220099081588,6.435875269295387
9577.917470155326,5433.838900305655,862.1878289505247,156.62036088133243
3885.4761963245523,9508.199821960165,1368.4214648257155,30.165165801013682
9063.28194233702,8849.865232725264,142.46310803152545,59.05485396415498
2465.7307419917097,8545.040340054147,75.26257856949147,101.80904817162667
3071.5050495942305,1139.6637428761792,1224.3955928642224,190.4560258284608
3472.7312457756893,2355.149511013126,1032.6422111735103,124.69059982241374
7534.992794618093,6201.330178827535,932.0768044403953,33.967497660415056
5428.970248544263,2194.2391181390935,49.01634102160217,188.72266021731463
2797.0671187023336,5681.0504058745855,853.9261336030775,236.10464162878299
6894.0550249314165,4106.5466525526535,916.3929979627641,138.42350601985584
2421.148245802718,5039.943292078266,1426.6340485730752,196.0061227325175
1786.8905118157263,2371.742323066434,1291.0812803889607,222.81209964988048
3232.329380651046,3923.8950639375416,1230.071507519516,186.38960527030588
8306.795137814821,5231.282268307161,810.6963153111441,70.55181986306188
6752.48333917988,7580.075913272421,364.9685538562098,301.1413253098923
3638.3277397090533,7663.33537600898,1256.7656286691113,46.80472766290312
3472.965042068312,7907.243340147827,639.0739051606836,139.99836012511943
5368.98829164456,7848.470475445554,997.7463120591743,138.1440496918589
9793.41653614612,3859.575653551517,791.4660473575985,140.47327306537534
3746.277293111728,2636.722864981746,822.9762043976106,155.0452013967149
1826.6615177189753,2402.071921457753,1023.3704302515417,12.533218041974058
3545.3964103049657,1129.1549240911827,1400.6767338079399,100.79221957758314
3228.6367036330284,3552.2075142789176,992.6353309295289,84.13319678937364
3140.1353047490775,3386.1702482276655,471.73360564446943,214.78586059748042
6357.1152110071625,1365.3614426164525,893.8584895597243,70.97930125835255
7007.581015630676,5754.044313999263,1395.7246146732093,173.08106581193317
2703.3673713380526,7372.045056178918,92.45783556598444,65.01982738006627
8828.841030058184,2153.381565117394,1419.242033083652,138.64832520142036
6064.474374819281,3012.6318832007673,998.4501050096333,157.6294808977289
6110.613692603391,9428.283990992548,109.74565722224445,35.634649327628004
6618.718953872538,1208.6991035141555,218.43829416215343,282.6034917831619
1431.5531320602108,4648.224549198261,1280.6583211649984,141.95167341425753
7735.168629205032,8423.808976736564,1075.361929363177,91.24778530541279
5160.440495080809,8755.490668935563,1156.1938571795354,4.523861517913198
4009.540649874698,9262.224135160719,1356.842332307066,324.18278123416104
7948.471869296665,3538.1959918571215,487.13641185410467,105.42203877639567
2989.246197383036,6777.24906467932,384.3687813522208,51.78320378273816
1846.1769081313284,9986.804784928629,1074.7701335184365,118.0944203605237
2424.565247090787,8724.736910147985,1192.798739676362,247.18635100192452
1932.2783655029002,9818.499728945191,489.0369869761226,171.98257522968822
9716.500146087414,9800.093134257138,431.06286420669807,152.92832792729573
2693.6470536388642,9310.804400164669,114.04475782979263,237.97866769332103
8796.125688573313,5857.400853229258,904.4072124584972,182.79791934797876
8397.996834389462,7197.164455385664,1475.0103979437895,179.82344965221665
3550.413766694805,4681.968200464904,8.237513490793091,148.88970954727782
9948.597227566044,4584.531205232509,1251.2415324667843,35.715336958556165
1278.2780449885986,3281.2522629995783,274.4730965691907,17.16218348812386
3656.52939190737,2262.50011624397,1203.5629646801042,347.3106508401854
3482.989029937437,4882.288133121123,1204.3992559910228,145.30300784378557
6538.6702789458,5820.639284768864,841.232398329636,87.19232563375604
3193.4580471007116,6499.772894306628,1318.956653457406,11.092846123019813
4056.742624531027,2619.1805466772144,407.1712969047927,228.174175507733
7004.551461622532,4903.647790552532,1152.6824340825506,285.2646794736599
8793.401767736732,9638.35651674515,855.8747509407036,25.385987577015754
5540.186164658676,8123.469335846977,523.2696937849687,80.56250078935687
3940.3509708903343,6400.445281946185,1206.8113894185306,10.696772758575595
9735.51256420224,4126.027172622903,1442.5059506901082,349.48119328964214
9203.377666095254,1793.7790217497845,490.60066220975284,267.7514093155556
5407.525716367704,8419.203088646307,1116.7963831165375,247.72829694130883
7911.9584655882645,4061.1978379845445,982.3283614293892,284.7915030328519
1325.636876503857,9422.36757596575,22.763552491166802,323.62245033417446
2265.4573348335043,3713.0526312499483,443.55403899467944,200.77749951385513
7375.476510311783,4501.486763680259,1274.1325565922348,89.45561130432745
9375.972662753573,1473.800469682771,16.91824128504018,187.10213833059947
1166.798541658728,4880.361249019761,2.273164421597003,141.13516899267557
3913.7278705906733,6711.456005639181,1056.2847112499476,142.55929738771485
6036.476962690813,6773.070243804005,1045.1311041687106,87.34681367979316
2968.958179286181,6711.929348456259,527.4807312001245,348.4153174827901
8952.285292258963,9354.049866710833,536.7254884558316,11.506323045619956
4768.9701822355455,8864.071652428913,1377.6402045952318,220.57520673364778
8601.264608109312,3602.0236711197504,1282.8253038378382,309.73819401132135
9961.53706011081,5505.230733648262,7.515768745422824,326.71400628989875
8775.84834766704,7366.145693891874,989.7515376473249,253.45574616678482
6995.996817814559,9673.233474118253,132.47877854329417,40.39662575050575
8511.526441886948,6478.6895587287645,1481.7251339996305,10.578717809531215
8284.865780625172,1711.7937984997222,847.528585960527,235.2791147078411
7546.944066205531,9547.377282121683,926.8485102413098,183.37701794549284
5553.951958890332,8023.501203687395,329.2983321451423,207.6977075055325
4845.2596554176025,5880.979755267037,916.4367748636927,64.34587359457231
7195.2634223969435,6807.722026278376,93.43411825515602,6.1019109963433165
4774.262281048087,7371.266211815606,902.6918105191377,292.258986567382
2689.207426989214,2654.1435584879723,1394.714001724172,233.63432923851303
6123.237129701936,3913.9301034201017,1375.2056439707303,242.90315899241085
3450.330227388876,4297.286239545163,1306.5443115478968,18.703578973807282
2152.2045646160745,1760.751611773523,628.5225412323715,330.23281925864785
5610.66447697731,2468.9992853798885,1325.32081674938,227.36746077980246
7495.48104415128,6999.599371204601,1051.1660872287882,73.97966961285825
7020.8465950566215,8819.181813372095,228.55401647081382,151.2003400836294
6437.701627443221,2545.088239428804,1415.3688112988775,311.8330382980759
1110.5974029979675,2645.485384659134,316.08723729306286,308.7595596695024
1361.8181286409474,2064.371022820912,779.7194743732682,78.73868137018378
7548.552659898593,1967.5054480604326,561.0416366445492,262.0661805475337
6594.901293667703,7534.164906894318,653.7675476433587,177.21617787054325
8218.173194819721,4803.303188312506,252.1133676723649,191.44310682240442
3015.4329025395673,6850.626900679438,41.011591554743674,27.772060186580905
3988.0461981263534,7151.506583464654,740.9394592572855,181.70460221846474
7155.7194963070115,7065.610490075737,427.05375588979155,325.91586262976733
4355.792953868311,8421.01648866844,1288.1401095169645,114.08246122916971
2491.8675120620815,4159.321634419882,735.8789372921146,122.35168097002322
2873.5534273183357,8966.66059314067,686.317290461644,130.6809306586172
7444.961309195119,9751.240281561284,851.3560154887824,246.80494440029295
3752.6721280643715,4813.842218428705,362.2222178806932,194.62048758919073
2102.025889779122,6591.816954751285,1481.6624798194136,77.57436118758712
7970.072874136946,9305.789306668847,744.7912146632392,164.78077570649165
1399.2971965864351,5953.233756204033,186.2068572117305,355.60050020234877
9031.141370911708,2497.418385831317,506.68511430511876,344.55294419102086
5594.256788030393,9905.519378557154,594.8795388009686,297.98432656634355
4262.566000532661,9985.761660914746,1194.6311934687214,266.23366354744707
6790.394268856448,7082.48791914018,519.7562440425086,71.47133635307607
4838.643123312137,4415.844188974973,713.3366177451327,227.37176682544856
8822.053033016393,8877.565183564366,794.2560660792751,254.7988276959434
4940.672167554005,6714.478185442525,1228.9589358196245,274.60233097030965
7984.364946351008,4668.449107328368,1286.8387028871618,146.20875749133188
7765.786376908437,6103.280984428469,769.8696815021927,346.65475928080735
2669.965831385703,1145.753021775568,1282.466241674694,230.0258654981245
3170.3486491450567,7420.003195112522,1037.032341335129,116.52130151057469
8179.5090031927475,9655.975301871911,719.0784651208313,350.2210083025639
5539.121177707041,6564.134410137697,84.99799989091831,254.06556665749278
7852.876745775887,6057.014473910754,274.92965731518615,320.1919488864141
2674.6614882870545,2239.107818452553,895.7745302191261,204.51348772064034
9030.764831009972,1475.4434863943238,1101.336465567327,217.2969396585387
7241.8616260738145,4395.113346473647,977.0199832329328,99.60500270783969
7121.27948425083,2013.6257277990658,53.035287045360306,212.24834404264246
6730.705524491919,6527.824870408725,1308.574146861028,230.91125031281425
6433.110190166571,8284.82523615583,1486.9956626329413,338.9432040457474
3079.1202233087793,2767.4708143086673,470.8723192694375,121.27513672607093
5164.605302246866,9608.681293506941,1475.9097570076317,129.725580525428
8767.202833248484,7670.697664770994,1425.0006570424307,253.83982502319205
3678.0545533303775,4602.0281802891695,300.73790476627556,340.4182282565238
5504.36505969223,6836.931142881776,426.13471310481793,23.429471745396455
1544.0254190416958,5910.930994003342,965.9852303465311,310.5779603855883
4733.538200458144,6412.697626239137,1399.2746023365294,200.21416258002805
5383.253689094561,6802.454581635946,576.5819792345062,114.97258580293614
8788.480071535467,2210.2946960971785,523.2338284569232,129.23094041040397
9570.46984966616,7382.4996706581605,403.00892814732805,202.94634922148688
2536.2793087138784,1933.4945204149105,1230.481262772806,283.56161131520594
3301.223672326307,4701.089412534569,267.12711973574187,220.6600666386279
7170.492089879522,5768.710565384517,1452.9701490881855,62.296956570708794
6541.587717073927,5367.757076609554,460.7372021363727,316.7250635095873
5600.501653092754,4330.072153210863,1352.1854218476783,246.87602315215818
6496.025874610325,2362.8621317896313,50.04015285108388,296.0299851435071
3865.3383760792153,9881.170854627482,690.5029016123178,269.92952352055767
8684.737602867044,9662.75271607084,651.4851828985691,345.330179259715
8382.806850795705,5583.668112203493,1227.165899449407,148.9753900005937
1530.5114436380486,2133.6380051329847,1467.2060679376373,319.5337804777011
8294.994094635758,9568.224995709548,165.4539237638895,131.4215045108866
3418.492327902363,2491.1016397288186,882.8994258278415,150.70118084795163
7874.029026150049,6683.176784367761,1032.1783378393955,67.01711643274113
5154.704394012639,7650.285799030481,1281.6497090529658,66.04218617530925
9145.883231819582,6479.565609804943,167.3521528881052,143.24981245458855
7290.500359192315,2628.414437282801,72.94668491920841,197.37861544370878
6647.337246107562,6540.025934255783,1151.3740678703898,191.35944408730316
9178.52227483534,5146.633789063948,1313.967850585994,223.29872544142583
3868.2849664106097,9400.349843460717,459.4891001283676,346.86308080506535
9979.935256348363,2047.5813459854485,10.172245593997381,162.5882142850729
5207.027183035206,7196.439837303296,527.212567824697,219.91905394774923
8723.643950603298,3898.4315205435946,1280.6765144609453,227.4129143417997
9949.331383136605,1644.9806387909853,1253.2074976807464,50.169935516364646
3651.2391186495333,8531.349349020416,572.2065111790369,315.64330315451735
9010.239785411984,3007.416744646958,868.7077903597943,230.79156252172515
5954.598964935591,1361.1040215196103,930.9096406731866,54.13744283768497
5761.082669679321,7955.698677830816,503.8452998186784,168.78883581727482
5360.7753045539675,6151.960863212361,1145.5694772167203,157.48464464362632
8004.329959159422,4144.749378266661,751.2569418129027,353.5158585139459
5050.044355468055,1304.1537770392595,1070.2681827538868,132.71998777930654
3762.3734702097813,8322.370305635359,208.95862494152212,148.89467568959572
2766.4603931931847,6689.47907964281,659.4390062303963,165.48475145370833
8816.913446975917,4509.243706048905,857.0023662056695,58.07601291893095
5785.542052894281,6241.081093581148,852.050116712629,234.52284986582464
8369.831408971042,6734.847880477867,758.7454122892514,35.3240668055175
7926.764118309489,2397.2911818187554,1355.1731829155783,79.7793883547901
4251.849018909856,9278.48040127428,1193.699132275954,145.00418260042363
7586.704075549693,1918.4056356302463,216.58868767373914,159.55077405816394
4470.934863524712,8917.70041832054,234.38664381190046,65.39702988790694
7312.7572996396675,4585.6836635819,1001.3083662580268,18.970873714146126
5877.854766058025,9676.866325241455,643.7336776083898,164.67488555350988
6239.767704950952,8545.793607710528,89.82246733976521,179.14845667929328
7034.635344302072,1653.1756268711863,1365.5284869660572,59.86709203243974
9581.333848224975,1572.4110930125964,661.0042669514835,201.96066640137977
3379.322248359254,1574.3855121484435,961.5221912798227,328.0230944612196
8834.91389549118,1951.3685514324852,455.91696834389955,292.5087495594693
5780.761723866539,6715.617552000376,1353.8309260228611,354.33872426270005
2271.610025097908,4997.157491168287,525.5991238165717,347.52815429928546
1272.3310917159406,9389.405532719178,374.6046196080156,191.0848784515879
3473.6048589693964,6442.966752085589,669.2649898140896,121.50906152617205
4151.244529962867,5907.855294690336,931.8633906520823,348.6717290129157
1235.5839412876248,8172.638488635789,114.92745813569641,238.75650463559776
8213.626608408862,8925.370590083923,595.6296607875292,290.55754528535545
3911.0599577336384,9256.67848995927,159.6359021137238,46.04983421339747
9723.234595136913,3856.655631035514,1288.9464662262785,30.463206229994277
9319.29196155973,7970.014244714876,1210.8681081713366,164.77926038118932
2783.9407918356883,4117.952635789898,1147.1800807419215,71.07432590069517
7150.659832858706,2643.6666313979495,925.1653289242691,300.90179619273624
4256.07430096188,9938.167081685715,240.06487486355798,185.84957538344733
6009.491843965038,3995.1540487721004,1263.6612726127828,20.50894096213384
7523.755371482727,5788.108266841272,222.77196292164194,342.44948413963414
7307.699599186952,1426.1293187949705,945.7444367132374,80.3349596817544
9402.560304636088,3611.175758993505,902.5402260214831,223.76168361339495
3825.789810985326,2692.754272789405,1452.278175428379,221.3952767834305
1354.3353296058297,8586.564507431372,884.3141253809684,82.12367679732536
5045.012475475056,4864.816665886036,1113.1870437601453,45.370597589092625
1457.0142418892724,1913.9439852350488,827.8590244638707,261.1080235056557
3458.2188259936656,5431.253784172547,1017.017984514105,130.4079009721346
7766.053107954088,1112.4117368884583,961.0515063773192,347.58221750660965
9391.894895627638,2225.651350559342,242.69879127171404,268.4786995976713
9568.577909815747,1659.0645194983854,813.228874737245,7.626684270918286
2808.5396194840505,9633.11030028139,1114.7581875394155,103.89634672697402
7864.56259320426,4264.680597569399,534.8995318851115,119.69201729814
7269.952976752139,7496.297720230054,623.9236837316296,324.0141131823504
2597.7785632374635,7233.777041124866,1438.803476088814,7.148947429284388
6166.207151292116,4684.098108360613,2.1968906988007637,331.2316972653917
4155.945277855303,8523.650908166219,439.6002281829267,135.1286004541587
3363.6046872143747,2110.78994949896,662.8611805796273,257.86488687708055
5375.879341460479,7064.617834037749,182.85113295354932,223.60939368484614
6741.401798280318,9597.584018977006,3.6967010837033194,236.97856378717
1443.207612878395,2011.2378369701028,355.9971551366851,235.03995693138674
8124.131908683721,1532.3192414962596,475.9890809255422,115.14508241028821
9564.81319504877,2275.14257559213,832.6884292541455,305.3606599799285
9943.693672016112,7960.20944639277,366.02076745941196,99.0170577224966
4915.94527686939,9358.291991107386,1126.4567886106397,115.62475211708191
2960.4916030648383,6152.453683854594,1040.0915523571368,147.6265360438054
2635.176215646744,2434.2611575965575,70.615904161273,301.6974325595885
7132.034284752662,5911.368633358276,1208.3834981695782,4.662938846383428
4480.6714447469685,1177.9769798735817,377.42606317479147,164.86827924036027
2950.488143857132,3951.488631989257,1294.0435851424334,117.79927025402776
3109.9739896778683,1209.0715055891444,546.9530358308873,40.66596110278143
3397.1057529233967,8176.449498082546,1061.0586851268167,84.26642427936449
8996.188795219801,5203.985936292029,1212.16275808353,62.72352346358471
9749.863450287132,5664.530191384077,163.98221127856195,201.38762357938052
2749.8231219607783,7902.048948633307,1219.1500359747395,85.59955378546832
2556.0392752936996,3753.592432873388,42.43932378705876,191.5184091478342
9353.007350656486,9671.716552467362,1182.7468164783318,298.42863189136443
1908.058976185705,8688.25170532471,49.64484868112602,282.78500975063747
9484.658377786314,7983.752554574363,1059.180433184179,14.202249981639595
8568.531263884866,4296.984793082817,1163.3071665334146,214.87305034920922
6888.753788227196,2396.5826767971507,1094.7231418461756,235.39702421342994
4986.767321102381,3056.076171410049,1289.3411496611625,204.7581408340336
9202.804120492336,1825.6338229794858,835.5999627849709,262.5792434739558
6948.051102363166,8477.745736621753,1123.6770586739979,222.98207134780614
2045.0348623407333,8307.39408732417,253.25186508052462,267.074514529781
3367.874767055059,7394.4076558819725,828.8995669304784,88.55870358846474
5573.303386661424,9366.420426558001,589.5428972015895,63.06403053970697
3884.4115266941226,4071.584101108148,132.94451440686618,89.39878575576492
7433.078194914201,8730.10401275704,407.79320782776784,252.16087041586815
2507.439497540009,1702.5851856910408,238.21580981149083,322.80383558354606
4818.874038512009,8121.964772782963,300.0713612919291,244.13090918870043
7673.058701107015,6326.718884803405,241.4180481689094,26.33027720249314
4552.349928077628,2634.8490596089605,156.64130248610587,32.15960698121659
9091.294745941057,9577.786716422615,1303.908944657154,137.63005337804722
4917.69014258484,1945.1916199343432,188.33181988294942,64.79128555170948
9269.66106034239,4029.214704375617,547.1115638236988,151.8420345173471
6408.412298242957,7818.427986869029,403.2964204906475,334.5556672577032
5654.165361085195,5839.865899847641,1484.8890764755888,106.84875933465021
6459.865004822323,4803.2132366835995,1078.9054460921354,99.88125293742479
7889.1882793845225,3126.482854716703,709.1799366713406,28.55654136309602
9987.430458527744,1766.3175941524885,30.844283281536025,268.03944489046677
3354.888029324565,1449.8472784687178,602.0004124522177,31.539141837931528
7290.475951202046,6129.141833039211,1393.276437781704,222.3880178281463
4391.3803519195735,6206.272391110172,1033.5886876595155,336.4282973929812
3965.9506333629115,8357.686189186199,895.6997036630729,144.53161053022367
3372.7103514598502,4359.867590303978,1215.5207469258007,24.12666256575448
8100.374676280584,4547.110593472931,331.4621477802482,132.8045796756527
5125.0377172684675,9580.597476349512,115.36464206443021,314.720761416148
9574.927193478483,2838.5412282552907,1480.458063991841,283.22261603260665
6785.355907722379,8431.763982475222,494.57835752502643,225.3757956032314
7277.453541065112,6939.778732256143,1234.1762781820921,129.17508854024692
9000.93099521833,4530.829105208795,84.0938698724607,327.8437190268145
3126.6443284053817,5088.292177177847,631.8974306496472,275.2956413100988
8602.657081246114,7004.215867440238,284.5562557743283,161.81879404153455
5313.186179530343,3526.171454770669,475.81076496999583,175.0208122442391
3283.587316255485,9400.82039705242,217.90752553748248,180.38610553858305
9658.244623499057,3220.7564742376176,105.02941671512006,191.9488413482373
3593.429538601456,8899.463194962005,946.1427892732678,2.4046932133383256
1639.1160800280095,5901.109418320895,1418.8400531114548,128.19368032790197
3924.7450547315143,5309.293344851004,1303.8883876081518,347.50712711649663
6829.425195314687,9560.689702466972,1497.2508791491296,305.6732685682476
7325.661979509191,5847.832126272533,734.4002418262965,323.6871424639907
9089.73107444022,9468.674690981488,923.1697134332458,88.54602573267398
6926.772995321895,4643.532211633559,982.9912557264737,148.93856551021992
7421.216382386665,3819.60838494731,1112.765489827083,332.9788078858522
1818.3327289532072,6470.929888649351,290.0489131720223,156.47782133197663
3319.127939665383,2631.553263785369,654.2330928659669,238.86633183575222
7222.701075211722,1694.7184175552666,893.4925731426544,147.43848326183712
1732.6243974832619,6952.247852141001,267.51655516487847,352.9689414813465
5397.394989779237,2260.383677484357,1369.4030705205193,156.3135296554804
8488.148478370087,8144.904180117751,331.92220325293636,193.98460393092608
2711.38377554212,7956.548375295396,224.9092222692961,96.56903247329353
2585.719410387401,6641.620522870348,1379.7257203371548,320.7349445819104
9574.496513844504,2197.315983765869,1452.2759443814582,9.918939735254767
4229.86592676476,6633.523616924957,734.5017326661915,357.77588659033165
9594.989137502967,4815.499344212305,1396.169519536468,350.6198942125991
8709.88100495483,5901.241498184264,440.1049914447271,321.7835059991126
3921.035804078965,3916.8806209591753,676.9945617744469,164.78440684685728
3298.8275538354715,9745.477393633073,994.0757208231465,292.4263713497286
4851.5944703184605,7337.568880218369,192.73213068118628,64.53126150099727
8652.871511965444,4587.886642004623,901.0214981097705,234.1715503680443
2291.6323441911436,9550.48914391005,839.5982727929752,124.47432021867063
4559.856636666116,8639.166002006928,1081.5854542703462,306.02423465019314
2424.500045050471,3336.8397357862855,879.8807771349374,326.7526263735039
5297.065294835226,5374.412748802159,791.1344768141864,219.025673553478
7632.533812675064,3185.9926987834633,1030.320158951053,55.75799187676279
5359.199180147327,9584.660064742842,1425.7735468699484,256.3958091088709
3134.7876322727743,9195.383043934173,568.4741022773313,105.8941794472545
1928.661349959733,5274.577272539958,192.80169504843084,74.35553406399643
6320.41077450982,1240.9413448253279,412.0937455699437,328.62982043874723
6215.0898437828955,2262.7521885031156,626.7714437862152,347.1859551176756
5784.698111323898,9987.566587122054,1205.2322709917419,166.42146030196992
3239.127805593299,3513.7609145879783,442.5219533448728,277.7369568210203
7291.061169601854,8828.447842238034,602.1054805519548,201.84154093553832
6129.53911084542,9621.47453813788,1001.3838900232237,330.42841712976144
6553.900277198384,7108.694519752008,761.3483796223455,126.62604013166393
7535.071670624798,6595.355246598231,905.2431782237617,106.08382912565955
6253.833802451464,8390.736446918378,415.80259266738017,66.1971989831881
2437.0529917294075,9725.622093173726,936.3485499239646,348.5571386697322
5905.028716493863,3796.376096689397,814.0835364723845,241.18988984992427
2291.7304890000237,4796.145661398408,408.9978745785855,156.65874751215037
9664.295395121433,2282.664998775098,1481.832275299145,102.01344075985654
8431.495879806742,2185.756182073408,1435.6575192967537,141.1224639905187
3585.4889573605,9928.282614001557,1256.2123303734863,178.4751080277214
5882.9624791096385,4433.336741927101,1262.5358163661203,93.20505528709639
1650.8306071960815,5007.613633460702,876.7653905033898,342.08195698857776
4719.262915961887,2838.978807409547,973.6215113673362,302.7788716225834
7403.3417709270625,7570.912760054018,615.9958665423038,145.41892003232525
3927.905037010859,8902.016070178284,567.8767070883548,215.593057223104
3351.6832185024687,6356.939374265926,676.29488360859,123.01950552983753
2326.3604775928393,8770.943151616764,707.7350107402775,305.29205092907785
6573.089186559267,6005.3929227227545,1319.70073762258,118.20855082858489
7035.447175758027,9596.693129126139,348.2734325213143,291.48716616559557
8195.527875918307,4983.090762984273,1412.092029746881,126.48880019859153
3995.6031406991074,4904.231282088043,99.3755047242881,41.29173985263566
3886.1563410259714,4660.853747271035,10.26652864388264,74.05018088618583
9252.395087906825,3443.814524834715,459.00096003501864,5.634808442815159
9663.2051115597,6320.12120086377,253.54719553565965,326.75324382421553
6755.326887997569,8225.6683457568,524.8820576994816,226.93486079560205
1442.2558630691021,8481.19718923192,804.5302514396268,14.701196813703756
1723.268251992813,9573.131181375233,49.946551362799056,161.80293012153732
4987.750716368382,8826.586629835318,1048.9135764278988,138.8703777497035
3787.0456720103457,4562.021901339431,231.5078773538806,42.89507947348871
1503.0225472410139,3044.926758491451,622.0311154317301,292.3928918476512
4453.8240557348745,2323.176850683257,546.9304095768134,177.8412102036218
3195.765152235357,4150.750146086421,432.8988698246923,167.27351791606964
7659.513737369055,7774.967960743857,490.99299927326774,238.36061854138708
1187.912409144609,2583.8872759050128,1486.288820950268,6.232969009279373
3862.3119004426094,1606.0696545628084,677.3794282503399,252.1138800238864
6248.159023483712,8550.007518245642,1191.2741247391211,258.887345955839
3765.7588522882716,8783.635081691946,1435.7600480729377,257.88238718311135
9576.60762751891,6485.4940747533765,908.2544204911616,157.7375888726239
4446.954304134097,2201.284211799114,1062.6225120824502,352.3435419375673
7505.036893776581,2033.6014495736608,1004.5731558183119,141.52316646966756
7656.766034438449,1699.6967373334455,164.48812368863642,86.25231284524541
5502.931385751773,7413.210978040682,858.4656459321587,50.07233685516184
2210.0097604783828,1997.7148045760437,1178.4288685654242,255.8210440085495
6505.047499529527,6247.731839568854,1337.091280877323,269.8482169850597
7112.23893424824,5175.826677846602,521.2227626615912,95.66865882314907
5985.944572658286,4842.307263515432,29.746856179071198,289.5940092149696
9241.694192896368,7776.467205795783,114.38857415598471,246.92235658506948
1559.9668652842456,4482.073277351437,402.5571368359292,92.53337061791203
8886.450234574026,6339.027354361821,198.7188772157572,287.89458341537244
1384.4836497309425,5938.237887662628,1117.3491239950845,123.60143721153109
3710.3131753606353,6970.671460332205,1317.1936261097899,234.2756999126939
5283.3307963031,7460.7246819871125,83.434863036993,104.477396851929
3635.861394439877,4743.355761850638,314.9426761635326,250.99843380845238
1972.7147467626278,3958.385595127771,1102.486020314746,228.86253586310323
5639.354065105868,6911.520613267113,1140.1228969481285,263.59032571943516
5813.666221648445,4215.962323968155,777.1164943975953,168.87474379510255
2610.055548587711,7672.623748287767,1463.9872074723378,121.12017742985235
7928.953396601786,6000.211665580946,476.5959540302868,230.15495035779202
2401.660096282597,1602.658626795823,693.9366356672672,290.7259004701036
8181.320824323625,6634.406524242576,148.68223024923148,277.2603891272416
7128.788768206591,3870.747656862932,63.00976429389498,298.85316539369114
2956.6335008350275,6523.065570989037,115.97499869559066,250.1256285944763
9702.737897962832,7602.754205451901,1433.3537946328515,157.50485711725256
7416.368685677734,7346.693529261916,40.24682093594005,110.55075198542363
9850.367325323905,6345.671265769954,1326.2275807551662,274.889453680219
6684.0014640574445,1263.8190466190015,719.954609313149,13.584486701475127
3488.686376290202,4916.087696390074,956.054498484952,177.63685230825322
4189.718338715917,2196.6426073695857,1010.4625778395732,48.95880357289088
8976.93775259471,1403.7757690582405,603.7870659984151,219.56765773962704
8468.564006285695,4983.219577001604,427.0024184227822,22.58441986013197
9992.284906048402,2568.257428369916,1261.03264228058,80.91031029843639
5161.390048365896,8512.263059051867,637.4595447987334,124.35167285200748
6660.232068210067,6044.32956615879,404.48368269879086,322.5282048507732
9932.981205228443,1207.5528971109684,1278.9561856635637,136.0917941591808
4466.678377541813,5109.946707614364,1400.4519284162077,301.39181089195694
6024.110707959322,6789.757976742525,1485.792775386305,232.9071766420107
4397.855912363151,3207.608822729493,864.2673431867842,272.1780631725764
4631.403895751171,1470.259173050417,1391.5135637773942,142.15091876288218
9724.142404248349,6883.728673808714,8.412538046941467,97.42037180659119
