Xa,Ya,d,alpha
5664.160304333059,5459.905445588244,693.9494699458492,236.49998746616495
7601.730734540408,4226.767879852599,1019.3080593192019,351.270208165247
4074.8742919612932,3472.2335099114607,143.5673775916628,333.9419823606446
5859.119498616977,7111.0117007226545,1347.1116330072073,106.5801624327666
2188.4315960477998,1530.4982246265317,1367.2636577688957,146.7288701270586
5764.197735716707,7868.406440745444,1074.6605664020628,135.3563506457339
2761.027058246066,9464.119395652531,222.23637891922604,239.10955577719884
9450.026757155181,6471.615918763279,1282.288993630064,343.0344710001117
9436.354424885147,4676.449535290667,449.41796462713296,320.40291525776274
5492.98934355006,3305.7830578870703,971.1885683723888,19.023524788074784
9135.297230044247,8142.079425184714,390.1482285779481,147.31467314200736
6277.6660312685835,7951.800993491984,144.7017160445815,315.5422458715939
6089.374729136209,6221.593895209388,985.6267149889756,288.30627712902043
1306.921363379748,4044.6234107060886,1135.8832633305685,185.28482616383675
9831.76406518918,8924.311607840145,1067.0469056044772,137.2722553501268
5046.351105063525,7787.389962571512,1046.7335997452517,340.1854435414728
5319.917359616111,4322.693749772945,1139.33183162074,218.43805812867222
8183.703587202082,6552.852662199363,1336.0015863536137,342.54363462854275
7209.299390562869,9222.588832763984,449.9188029784431,339.5687604602518
7041.522358480189,7204.089834926551,173.74933640378066,125.03130720602952
5758.593733000288,3599.40012504887,254.53926805034396,69.16542477248301
1848.0529744451703,7934.859032921716,238.01613536081092,50.30513228765714
4404.064819070266,4256.630369408169,1000.8441974182864,11.281743289218374
4266.153662571369,7676.332854229882,1420.8688105508818,96.70321318281877
3662.455234976362,7574.758022132178,500.3312557608358,162.83893471926905
7684.185266355352,5408.04660736316,120.81239369281593,85.08885816050064
2656.0154896129466,2474.4979256354045,1471.7264852007734,65.97325382243199
9766.50754310445,5930.360742485987,372.0358373409087,313.7971885900865
5297.461855174037,1309.1432983175541,582.2912240525211,296.4816669891186
3880.7376092388963,4840.607863117747,893.931067042292,271.1093911627344
6855.083311399057,3538.548732406274,782.1562445115309,93.44192690922172
3646.592181338516,1532.977313412794,943.5085358273213,128.43210175783756
3705.2355677987402,8943.411312011463,34.26325729178287,163.7347527023024
3262.4417550738794,2853.135129138337,206.19479621251946,179.94036595973685
5514.382257496253,4926.665311236184,1472.217962728607,70.8180228303696
7713.965396790949,1873.995812344528,626.0550331700928,22.90876452801549
8816.239522836371,1497.131780638197,1395.8520084983547,308.424004878836
5618.940743020934,1131.7039716578151,71.77079577703726,60.07239675202244
8399.293704928336,3474.9701006728533,873.460867766799,154.89654628508228
7268.9867189693005,4706.285877580796,1296.3297558627557,352.44939903726555
2190.9667584781478,4395.685576073111,528.8677089215321,328.2333468733913
8772.422215572038,1831.0679756146392,1151.7498022408017,132.97240187994356
4786.931125624473,5789.402033775316,490.87865910766703,50.6711193290897
6916.761713239879,4231.222643250601,963.4697057964828,350.48280282835486
5587.438849519383,9452.472998223799,1201.385483109331,229.69706679107156
1674.5604103572598,9349.706111205569,1228.5667793841594,166.643741408272
3634.412438449459,4417.708622167638,479.2576180898155,150.08467175387702
7691.285681496682,6500.190610672223,146.1069643516332,76.38196375654186
9800.718250743646,3503.007645376244,1147.5913939171255,196.4735716546539
8369.60741470617,3229.1702047015956,242.79475111301588,350.499801313617
9507.830207025363,6402.504446078956,536.6203518057382,322.6380017865679
1124.2211078198525,5974.618147633379,375.18090980814634,18.1853504955584
5699.973168065483,4964.612609043612,293.19181742535244,69.42144424590859
4400.992076912356,6777.104325789764,1398.9672417025142,47.425069084416805
4387.3140485333315,1534.4623717876327,1174.3318656719878,206.94563399818173
1925.7930465074646,7427.810620187872,394.7965469509431,123.38329139671428
2921.527200549053,4557.733300006212,650.7150586805037,348.7681611778237
3823.2389985637315,8405.245549860043,866.3168903862943,119.94587143369256
9811.143392991748,5693.989313695353,1176.4460326702545,110.04918031427285
4158.139160446617,2996.9805020129743,260.8906883181384,114.61418610349199
5395.550465723812,1339.383833465768,879.873938930097,121.81175125184451
4419.775420997759,9356.060295834499,1187.965477082783,90.91033117926304
9337.480805284215,9741.266315900464,1079.2449281944996,282.43135182621415
4325.123974683845,9824.111588485783,1149.1135995276045,272.05823816281617
7172.223137093162,4560.177389297907,871.969679862601,24.008066905009613
7446.6588409537935,6169.834255403944,362.2991288199664,343.6728742765324
3284.8710267078636,9416.485523678528,877.7251555786419,161.33156436100492
9792.50924450406,3594.037518271916,805.3618425808859,146.4414223200153
7518.770919832875,3237.3564976150474,376.4946260830895,289.5022593051712
9895.333376168841,4327.490199040647,23.151164492409805,230.1694356415721
6778.33177435541,9906.634814058394,620.4084234490203,274.50446562301426
7977.9898234210405,4745.033685551507,26.37864517747526,242.64939508825273
2013.8528130649552,6061.65901692721,1110.475761037083,242.4052266337317
8320.316768434535,6959.569229800488,419.7464027025668,133.40791904090855
2536.4104047114806,3227.4578589313,379.715788430026,330.091135213785
1849.303017166973,6634.187124094773,591.717468133229,347.7060435416338
8182.075011740373,8435.042700523554,1074.739258113967,13.792327191824553
2363.683943277354,6804.736297093507,416.1209784127726,251.17336981502186
4971.012433285752,5497.976339088066,442.10624978764486,15.837315288871945
3751.677932118022,7846.9012359883845,503.146627951976,195.45621504571068
9527.639873325086,7498.599576014515,1117.863957343914,145.8614709972419
5331.5083610773645,3500.743107063085,1099.6748954745037,2.9926929266617437
7985.22607196531,7031.1069874332925,149.28185639934216,239.520702513381
8174.544220586094,5317.94583234949,1405.7238954638278,241.4919229056978
5091.187277385022,4654.3020377264165,960.135511349551,268.7139607653482
5034.165734799232,3566.437927775881,386.4762689977911,22.114950089019338
3673.553250435726,9048.499319794533,1468.1251071183226,88.0445853438443
5292.960015621961,3654.2787091698438,1086.9623240871797,167.35058128072944
9415.731395333589,6153.136300878865,197.4953182841065,69.34154755428868
3841.5214360146088,6622.340068061472,734.670092027664,121.60908995859438
2757.8874570308944,9448.799257600385,516.4710244316726,132.6660697253267
2132.0715212730265,1654.6166035136298,834.882328745916,46.94595203170016
2902.448859107576,1721.3094704855785,1102.8721346228995,183.5171929980399
6502.426559241778,9174.590210340411,1196.3432004383842,26.975103409109753
1860.6589256687193,9004.767120909613,1012.99353288436,158.97575559483585
9107.795836981451,2601.0630293133063,708.4313650076643,222.4003618488597
9762.867056660045,1912.6867210811652,574.3349239556064,143.63412120708568
9471.624268279356,4323.134260334964,1366.1123058720393,245.8712856516586
4508.196219301378,5586.953932539524,818.4079098256215,192.21982802752257
9093.221439576175,7892.559625317917,746.8364186651862,320.8827748980987
3963.2362184536228,9128.255761834003,1276.0291183474296,166.1098479060235
8963.586584148963,7848.314392190799,406.5733996717739,250.03994840226562
8118.639248656969,3801.0176989559773,631.6903262828407,75.60100480518375
1772.5490480352219,6327.21290266867,344.730735023692,62.522337353399756
6661.870149812771,4610.840657729133,221.7055638673226,333.19073941203817
9186.45071782426,1284.8133750756442,812.3602457202616,178.32821784726167
9421.772656790412,6516.231654775319,860.4895015886768,69.87246762901951
2793.2515650299465,8801.33419993558,31.44906188108683,281.6549177041458
2058.680678591517,9014.841084161599,1282.1051210380876,170.64975796308087
8955.934204140933,3971.8578822823924,792.2540501685088,161.8721517117738
6419.228702068106,7981.8002014566155,461.358138783784,43.34592251454353
3542.582082556608,5537.083453044144,1263.2497091447374,278.83114737673384
8806.560839696165,1319.9042439266323,1347.2624325207705,210.6760603020497
3072.313638005268,9574.72970229979,613.4780083430454,298.6429905925693
4162.760231238688,9371.416394672196,298.7003805731565,104.352812782077
4130.7669005217995,5431.1427007371585,821.5251285383548,96.05244542773798
5743.7166780747175,6692.707726084208,1011.2019521593548,162.14360607062866
4369.356463085699,8984.709369197437,187.10722590528084,196.47740054388257
7615.805973219558,7682.0344067003225,97.17445788692761,126.97689466079748
4233.052353851503,9333.793691505398,1186.7046127094322,98.75194125587738
8510.720448027574,6616.746133370162,185.52602340700327,232.58097422815783
3893.9752838313043,6858.921606451492,127.53526569975126,187.2229789522845
9182.41378151004,3082.6697021663067,583.5630035863971,167.8187827610548
8518.098225599359,6327.759441075078,280.31185607873647,353.1113660587373
6063.955361582717,2366.724430792037,1481.5633284324958,106.74399801073338
9693.048426077014,8542.17733783208,327.46448334423627,227.4511536902077
4964.490982581814,8309.27946510732,918.5781275135614,20.758357915901406
7124.734236638502,9992.15249130986,823.1206066799369,246.62165248432748
9210.491203015034,2950.2364722335537,871.6226281678148,274.28435373683936
5154.164326130601,7330.368621616748,538.229283045502,43.53173869113553
4434.817481493092,8023.646973617391,478.72844452638304,130.11969989191164
1725.5684098398006,3927.5384673640774,324.5090149311049,63.8639651663479
4299.482728614428,2012.165584023841,293.0168369253476,239.6708448325061
2610.7872775203095,2002.385693369843,236.23666606061576,15.38837286418257
1198.990741077537,4021.64673271021,351.7495514399876,6.7249564722993185
1341.9513967780467,5442.29824976622,899.3878938451091,244.4422065096685
2202.4165043949115,7214.756540000795,463.7651188240809,1.3097793897792915
5575.6769043169215,7308.361910232458,1322.6016447384902,47.434863213006054
7061.80417238765,6246.644044349926,624.2573136740245,347.09218065833005
9332.923909516721,9422.688628494836,136.66318839431716,219.9303822973468
6226.4105971943345,8997.58123755017,939.1949673295252,205.32717045203825
3134.2489396388905,7467.9180370161,137.6882291136156,257.9486186209846
4625.087316867321,5270.039239644788,744.6499909349079,291.15179590853586
2005.9319562419864,6829.563829862795,867.4014879921872,258.9651337764626
2715.106705709666,5403.948552781511,1059.8139290264996,1.9783822224564394
1788.6254756983744,6860.841127898883,828.8570633941607,165.7407253350805
4357.682573648963,9036.53272054774,1283.7900301529155,70.12568329196782
7070.458818636766,3682.263823655563,703.842810508409,318.0602216526333
7833.564627956244,7060.565185933701,27.453227653862925,344.4883031486573
8487.024729422541,6607.421577426451,322.0919042337889,202.53064032062474
6507.9767192901,4151.189502905024,586.6912934337158,147.05158974905606
9154.135054248156,7284.209784264233,1102.1469104661353,15.282073325611638
3739.6994357801404,5978.0586204908395,1454.1192174356731,148.29764633333957
2919.684185245864,7463.620286312782,1157.6005012071805,7.5962972635389505
1987.6969883766976,8930.626642481924,911.7154218836703,217.1131010130708
6565.028574978403,1882.98093310359,1099.7814352041073,171.98619237499824
6897.108501218177,2107.326281408465,540.4294413771541,161.01266266063385
5698.396208984545,3856.0525580325225,994.3174084242104,316.72387457254905
9891.517868393856,3767.890191053206,290.26877764879356,201.94394582577854
5607.310077993449,5776.092738637495,372.0067403254393,261.68668872080747
2908.424072931308,8279.222627654464,1375.5339113138946,330.5775675206925
3572.730221266352,8981.976123744158,308.37013457180416,215.91808517542225
1197.0200292450518,5849.627806784765,900.2829246941067,297.9037384922345
5824.74996412819,3646.4732894010863,1475.8728769934364,288.66045062124914
6875.209406579702,8648.354049907686,1100.669383204546,125.7444588950474
8067.8521620551555,1449.2120176496528,490.42821076007624,72.51203119155916
7250.37618372536,8763.631537804544,206.34236574768795,341.88780172009126
6425.442742924903,1238.3128188863598,403.5373566021361,269.19880164761724
7187.45813530192,7476.283216380572,926.384535895762,107.64190193576576
9420.49081083121,7992.5009689087055,837.0356237631108,287.18144700177675
4538.858069820302,6579.380353130891,1198.467613012731,147.8565882587647
6203.516166934303,8632.476814158708,941.9372507869247,338.29810540207717
2018.803357112954,3835.940252272268,632.8048922128688,345.0175637927375
1550.3206463262047,7813.396041118447,572.9946174982049,119.03645520123659
3748.097486595214,8161.094698315014,554.2829591845242,40.308090771266684
7882.668862639476,8039.405272015488,592.8738475361013,105.58538664781399
5961.195238588507,1349.3811305697122,304.2187780092371,40.367491452240436
6038.969476570735,2874.881151205218,157.21081817144736,5.9127044993304
7644.072670399964,9665.983698652848,80.6538495397146,181.60411253667473
9489.155923049786,8120.253600689888,834.2058824314319,38.63668635555043
3555.02036963924,9984.89352828145,426.8498304178464,194.0208747997209
4521.7418291578415,7887.123036572665,787.3568305890273,248.9140359351407
7742.186773442709,7418.491893836683,545.2499857182801,137.92997996798846
8589.1055538486,8022.038529361584,1064.7710041889434,75.01592715067362
3744.364491509553,7625.338096653679,1319.5174749753423,29.884504220504898
5052.716409076615,8161.094094673186,614.9909688892119,315.1452444560295
5446.972768269028,4972.818569939376,15.885977827668889,134.7734995260861
1770.6351260361776,7675.814047114623,958.614055112874,60.86419557585689
1817.1365950635272,9585.128962840046,109.84315234468482,309.96916905356045
7501.7229368118415,3228.2903509748126,1359.4426086865717,201.5680000079165
2123.1328420282007,2616.1292426318996,934.2295450839924,247.9889141322943
9215.503510918259,7154.15665531559,124.04576838738264,186.13082339579316
4693.50546589717,6947.856137578725,501.53186694459004,122.84029931010237
8816.270393612867,5222.355188034415,123.56847220919745,310.04044255245185
1938.4608472219402,5908.40050633271,1472.7862390638218,302.6904590289034
3858.520678108811,9533.825882619467,170.9213736364318,49.5743099778336
9487.230665235895,9716.292069103925,333.4340569264086,91.08223678648908
3874.9788647401106,7403.12180156028,1281.465699695086,61.74076405867715
2310.4021025660213,3209.2478383874427,371.9044872676075,210.13069726227423
3280.387630280333,4206.869727689894,1231.570811640363,257.92960499850267
7011.352815039631,4005.570679670288,1431.4949994232966,259.9174239196148
8958.994430956915,7700.0858877208075,974.7860598883002,129.48659400819116
2831.8234847364092,9369.819973151938,1482.9893474437658,50.55661720085634
1381.6640684696242,8935.849163960725,514.4718173604829,145.61219703030972
1654.9053810992737,3002.699424001018,988.6696029402049,197.80044346405498
4435.54014355669,5484.380217352781,349.54001529723746,154.49287331648387
8996.14067647851,6927.186690408803,768.8636038019125,18.75218842361546
1133.3887382341838,9793.395150692188,927.7781380399706,110.11919338522654
7763.301459148674,5183.761984648914,905.278123701264,207.17474135659737
9240.46412422629,1386.7713206362246,1441.887920737879,303.46676687901873
3926.6732672208495,5765.33098028357,1435.3485193710633,334.77693771306696
5237.297626314481,8434.8892211467,1374.3267548562867,340.83887708662854
3445.6361597862115,2963.6731275607017,972.4894115530057,155.41505054272415
5035.915162161304,1462.5228791892873,45.63519751052409,147.7000648455448
6373.317412835139,2805.587604066661,482.60520092127155,278.35544830051225
5163.80545796972,4563.926099395264,1062.3871464460656,285.4828703507401
8911.702905169514,1332.5331087634859,973.2920697906193,208.56053349788868
2563.620026074752,7219.0230207165005,305.0600241814751,198.43968073190393
2075.376510367048,2805.8313223161686,1424.9577382026255,185.75419812633433
5698.7387700665295,9315.649001044047,244.10046874188478,156.09228896631555
9991.014873275422,7916.774647603629,896.6958991613604,74.46026526181332
5799.250281220976,9180.763855788507,510.37692645197905,328.08273842615785
8082.983480677497,8443.48691435175,1142.4768929036513,42.07829292511773
1780.3294998060653,4726.918514762674,1374.3774249911878,171.36732639266788
1253.67826904498,4069.9372026769006,120.43493950397406,306.32533131052173
8700.633253661603,3527.0918345340774,71.01417071848287,143.1092460606271
2570.2259212387125,5194.751571148679,978.5096416951743,325.9192664149532
7431.562827435193,1547.2028931336788,1280.9619680560756,240.20135793156973
4983.448824009745,2824.6077515424995,1478.2422974579827,132.54600360625938
6788.013216737787,5909.858632909505,1082.7809434981782,271.7448489281752
5935.1094083335565,6853.411685264891,693.6699353587778,96.65363629984016
3482.563156273598,9554.282081820496,535.6369876440799,180.87930307342793
7646.37094983724,8929.199268230797,670.9148309433543,93.73177824100175
8938.625906452487,9739.423118847582,1466.851130766847,176.08220417591482
4415.737144130375,9193.53882012327,253.81966422984954,38.629217278174764
6451.278942707384,5491.968699382314,884.6137233032762,205.33803784818073
9332.745514617636,2522.8938345082406,736.3331081349311,297.3580328675126
6211.061927773405,4093.6784081709548,585.0510961701535,216.19087839782634
4397.8729496450305,5422.4625875990205,1300.3658318786054,330.53425244358164
3730.117828167544,7979.987807607792,20.414562213996305,81.16023014989564
4441.951975471563,1883.3955775679306,233.83329024779036,339.44055808827574
5416.261855587092,3916.5578276316205,164.0111637645133,203.82813997729315
1375.830552569066,8302.379805469332,123.76288223625215,276.3369486416133
7810.6889249722335,8504.298512320518,1032.4773569258966,117.41748002668648
7256.113168070921,7849.427005319095,170.83928421887907,178.25023725280695
5220.605799250699,8465.207183105984,394.4351101205846,235.01849538146712
8892.767550842495,1718.1914386612643,1019.0407476931535,80.10718844046482
1622.6706629705186,5056.146864703545,977.6748618923444,44.86261007102729
4607.862860892941,2714.4401945214786,888.1406133615095,307.032242456989
7709.722206873579,7346.400320742547,1422.7448930847936,129.20446791967322
5294.095804117901,2318.941932390744,680.5417738337184,88.11455897485266
7064.894400457519,3083.286642943994,1456.1250133553776,163.32067519793833
1303.2545838574167,3635.2562334453155,1217.8724363762121,21.415781289340735
2570.9093385619126,2243.891453437445,62.36332986638133,93.23669979849801
4432.1137933428645,8132.120532772997,1224.9517545644203,157.0716427219389
3627.2663050838487,2315.760921372763,53.097065950138074,347.62668506767017
2954.594124710312,3958.430654529943,89.95276664611664,267.6292440147896
9773.91268761102,5594.326562152274,906.6508251107,120.29803250192646
2916.4451600654,4880.174087223757,387.759924213176,328.5049703461808
1645.3663727177272,4433.869104552976,760.9007145126387,223.28505820150082
4259.33183511302,6102.902093337942,1125.632111322227,337.41928441192584
8781.603399694213,8124.842794495068,106.7644972823224,52.4098191458815
2937.5126990242125,9834.440912231963,1438.931732373813,226.69069279900648
2387.903367767147,7013.511909229161,1414.7520035669809,317.79613501634583
6461.305095389672,2751.1255456425006,1410.6432277977597,62.008587144853
3096.2688455573243,7759.13115609514,1450.4125436114596,265.9870478344324
2437.2923716696573,7825.48162183669,809.3252780298386,111.79814377175308
7810.319692942146,4890.689295563376,78.2146166678033,60.862286916513355
9393.104458564567,5686.832784397448,675.0064314123846,218.94492903105888
5603.546168502646,1444.082323586637,500.98159968002676,88.55981238324325
3508.214277406931,3311.2027617340796,284.8694103432259,266.824035992256
1450.9770148634593,6421.510128250024,973.7593893744015,169.92668399270224
4538.855350591139,3229.3137246977053,323.24339047951815,158.5571614041702
8149.970173552057,1421.8360382827404,1436.8653729260386,139.45774954289797
8686.806152031422,5727.358651621317,590.1637229095431,248.97894004259243
4499.262609169704,3794.18309571892,1437.4591899408852,197.74258936733182
2842.661204009207,1610.3064058985915,1146.4206206058057,162.75429890286316
6608.7584341189995,4213.653228323107,1069.4037916207749,59.361279059836164
4033.217649709622,8050.379879423251,575.9063177150354,66.98632089225022
7908.44241065,6092.48713389264,9.203142918301172,149.84578772511142
8529.328665112107,6296.13728727246,1270.3365208860373,177.34421448017068
1202.0541505238791,4683.314304272484,1426.2493182601586,142.76813143873227
3199.7798693379527,5795.778291332611,1172.1774057971097,242.9596812108094
8286.194164972727,2779.249494862365,503.2740323826841,315.5179496420897
5336.394017563071,6465.158398917475,1099.3643952757786,339.70191826243956
4671.095556618571,2637.7765543963956,1397.0222740839247,48.431718931285545
4145.891489919459,6903.586828513505,735.140781781776,114.08532183319818
4190.893376605926,8408.148096984321,1273.3749329916607,86.08619951124741
7431.51001565869,9452.3143188133,143.76820397906437,301.6669280946409
2958.159950753945,8828.944159394887,123.85574757704141,131.59995750745253
7243.487233436823,8272.470332240839,132.59741388747716,252.6666645675439
9867.0973762845,5258.883687602205,649.7226629853384,353.54495769565136
6844.37960363063,5318.257133960244,682.9710338544837,95.33802558501726
7785.852557498152,6803.439953925779,24.446306769334658,50.719886803044375
9893.067471207825,9811.01351914962,795.0205523219503,174.4655212879149
3629.961715217089,5539.426732201623,329.4875805890408,330.25627967369593
4224.532309922646,6426.432016491371,961.2349174982845,114.50637560490112
4994.8858163570185,4335.935554348772,1035.6048390886451,133.85878979895242
2615.64132854533,5124.90102844674,1248.9136499936144,294.78203812769397
2677.308458983196,6107.584844378784,1474.5755924265304,122.59376309400628
9062.154932825279,2430.6674177293917,1075.9945925988077,294.5274595998453
5133.628561152802,1198.1150997089478,398.6384677735622,84.41741324490897
9324.030062657766,5840.868461505928,455.8159308030227,327.26372290485216
5146.365240408353,3717.5967920198677,945.342520418305,89.43626410078595
4526.221166423723,3366.8465557658737,1373.843701585932,5.264313182253898
9519.334915510748,7642.513443788837,1139.006561105457,16.151287050655217
5543.626960573213,9250.325099354988,76.81394428406769,267.1002840314258
3298.526038694923,2379.9089726651837,643.4736429544902,104.90641897949169
9939.773986265387,3091.5389938518783,1180.961942298149,292.8984785749892
1616.618407861842,1739.5277587997607,497.1049405715945,13.17820317102833
9830.240012402379,7118.285616135746,1402.4438513000855,315.3698536255903
5322.490148648377,7334.794195960648,1115.359936581672,140.04941291678003
4294.33332190173,1463.700036537606,408.8674334863971,154.87449506540545
8386.29480543876,8854.319354126847,1095.9265285307245,102.02349042249266
4645.081414303253,4811.955027112748,939.0590406012844,239.61919101257124
9160.326178216386,8357.928924105996,349.5665275496872,356.2527949513309
8052.311681077775,1109.604936191226,104.94087447697113,242.52604757462947
1404.885118127666,6240.124219647391,1225.157479471685,131.77080970227752
8288.335212411512,8480.714523610175,357.75420100242894,352.58885724960817
1536.0517082600215,4972.2412246637905,631.0989510188091,65.96070232691687
3593.166547286482,7617.869505701549,180.620677484337,204.94378704588152
9520.72680395707,7225.005781772465,179.2363701572902,337.82135201949643
8644.30098191437,9918.382982178959,1076.6154123331355,143.4548589197669
8021.933496638669,7586.625797157813,1116.3521905079633,216.830924350631
6907.858423040163,2369.527706897503,1145.60888596256,227.52210365898065
8240.09403094336,1584.7645973099184,550.2135769129543,15.769200718114913
6297.661905547672,6074.626167572045,9.147237365748488,69.74267534995687
3794.688977039915,2811.128372708258,747.7379294408944,51.33640139926535
6752.387877117645,2195.778444858526,393.29891770832916,104.05701073044683
7566.298928211717,6353.124558858775,433.6281048911361,343.1458438200361
8604.602733758999,6821.009902852658,940.6792546901248,290.4815321870784
2217.509531004932,8867.072303872454,1376.6229455841562,310.0657630683523
1735.1813090610424,3843.222398128511,861.4018203258468,89.92720235382352
7059.357977795053,8402.105736408113,45.74481228443817,327.36885428531525
5373.306087075728,1602.4027289726705,1302.8582666920915,52.5323114442537
3449.6532981717664,7947.056994730739,388.732944835498,279.4703462082991
1836.622322767448,4168.912662854599,1021.9777115730842,182.42086248087534
7682.174171063496,1431.492461601037,1368.768411863802,32.626403939458825
1920.2004405804018,2789.7373967452795,336.45993013228906,326.685276248803
7595.417669593979,8160.837495682035,1417.2810508713396,124.00254245673293
3825.2957260068874,6163.218434549871,1245.9138262813774,11.995400047541748
3459.6151097033853,5039.990239418939,44.93872813070303,335.80814118577024
1123.2911488793015,8436.752408068853,1289.606996107358,292.93616870582025
1849.1645204269566,9130.482449179557,315.9886584402211,154.53164956743365
3187.2478992603637,2065.176302851731,476.7133704521916,6.848372610886454
9740.194636277394,4647.033555356606,811.6674932433731,127.89619991286821
8445.16189182396,2212.871237549537,608.3856120344907,16.51905157958351
6728.614809510438,6164.28445298159,491.49649016988593,289.0092218210902
2254.0214305490263,2454.614358812818,1181.9630506400524,310.7466626429428
2546.9529122003714,2695.3775254696543,210.19813168917082,285.84970318482436
2560.550849003327,2983.1817509894076,935.4124114635015,65.24765478681088
2824.466480695923,7909.482272335366,413.84911785632113,110.11258046471052
6186.654471286023,9934.124989545304,138.0564426654745,162.18421723422878
2816.9479597316003,7385.950942518791,436.1191553696946,53.70329193223058
6591.810949766401,3504.6815216519526,462.49056717336765,198.75650898832993
6321.690478973351,2493.993088103942,623.0843647373267,139.30073496195016
6738.272266486014,9769.541531401113,1028.1141714817118,212.946577753639
4972.179985468652,7034.506679320696,202.11030291088977,155.3356464150487
1630.4334588139554,4656.90553791397,599.8364543033082,125.5155665679319
3238.161668868309,3023.4492347348155,5.703616834162752,231.15476754928642
8782.465086152384,4878.776439367147,1391.2973077536572,46.68567108849768
9784.149326013701,4545.216317480495,560.5662298424833,284.2877616186704
9746.489135279657,3935.5704948617094,1275.2411904512564,33.27075475780856
5318.820375138873,3074.056596499753,797.7590814598715,340.4237573768903
7272.533290816027,3465.273455874566,660.4040698973457,12.504305843765707
9518.760718513095,9021.4684949656,635.7342753566655,165.87971381155307
6440.948685884408,2723.8917449101045,692.6980379315444,97.66931543404836
8918.005063366683,5009.555571582545,715.2366521701517,59.996415982429234
1323.2432035882632,7618.253189297482,316.33872104370437,321.9787928772675
2843.5556256503864,8092.490178199315,159.57620700021016,46.5014660996904
5219.006604143243,8565.771519681017,905.5737142477616,60.0905055472021
2522.2565502299635,1254.407104682455,487.58052406463145,322.1683029956685
3691.6808268025898,2865.0266476265433,251.87246678886171,331.2683706955357
4505.483989165318,7790.155979301307,497.29924021674805,238.95733006022823
8057.249424584958,2968.846361211863,223.91548537148992,262.2862610855911
3049.9238191488953,6899.210145089427,66.82956659163973,259.8762543460234
9739.804630683968,5853.45731201118,430.9602157414245,193.42190958601597
7656.906560028284,3877.8659815220167,448.4640175181581,14.29940978876213
5029.602001514062,5510.138749664556,100.49272251482819,212.92252380020562
3680.309822679693,9833.613332083492,303.3853551544755,308.2774265764813
2146.7852340248673,2558.377762870477,199.07479476178358,167.9896475978958
8120.919826753007,8457.691764613548,888.2777815422646,262.6303146117865
4051.658749668998,5242.226090161871,1269.9965223962201,334.37516154201313
1452.25656597236,9984.455271800422,1420.2331675650296,194.5693590072574
1454.7533115634094,7001.386301759352,1401.3937345500344,253.85104057376464
1729.945810211597,9922.469200082589,1350.3548495917878,190.27290542827413
8136.502698701627,6874.976827084181,814.1212566119748,15.070678011415126
5698.279957297409,8133.091847145924,793.8083352613597,34.96465067677148
9463.963317442795,3466.142962983292,257.58340911152743,183.8603930542792
5210.926014023946,5524.322283278023,1330.2862518479067,213.3206868163478
3887.413557505324,3387.342063898782,1149.6409758709635,107.56998927643968
9185.462561196266,5909.32914274217,1339.8145953645176,90.748445657897
4543.917243008449,2649.375204479907,37.51908056186791,205.8143184089041
3102.878208535295,9713.574444643027,27.656336154132504,34.338838830049504
7948.0505233621425,4554.96644487274,513.0592032596857,23.14539923407476
5160.596226312636,3670.658692904349,685.9685030274948,272.2663275124996
6258.713014574232,6765.78530414928,1254.4153004773427,207.6392398981002
1847.805192212907,2153.7365706834244,1380.3261793258298,45.91389022668601
6819.63518116444,3791.794333355785,1131.3607296910423,1.7442111069744861
7119.047029712184,1533.497290515284,39.07331561042211,336.96989849142284
5405.410313107507,6049.61942943863,887.9116553070481,105.21990963955598
5331.078241730996,6132.161063718142,451.79134160583425,275.3979180592192
9627.446273486232,8994.806894720292,1070.1232224650482,93.51908915229667
5408.962715772891,4810.50177576267,1381.3357372908674,356.3132256918284
4795.414546272963,9257.62679919874,241.4621441341965,179.9377837667528
4167.6996083266595,2043.2535296116675,419.98057649769817,330.85521926851885
5996.7676049285365,6942.64753038509,784.3546179261032,253.09384342335505
3948.5243495375275,7654.052588162857,215.33311205702068,50.982820723932846
9173.079231553333,5288.692239304991,1205.4091074771786,170.68517207683897
5143.338210162187,5083.806849364219,126.57849510239494,119.9521036758445
7349.121511118781,9708.919526640202,259.9111189960946,198.7766749008717
9543.928258299986,3964.777305609928,83.98758969780218,145.93758922989582
1724.5231805239075,2393.8642896132747,415.89381632500766,55.080253889384544
8107.625161465824,9717.647340167547,707.3557622536919,24.217898242215504
9683.167173001342,7874.9801986759185,1354.384833423404,318.90047604498886
9950.970227873591,4244.476642419113,617.5337698839696,68.62473269756876
9612.608666802593,3453.315068334128,726.61687946774,84.51081209737475
9799.538934665035,3227.230838083712,585.5859737969213,177.61409871962363
4516.594111250793,5423.611554150545,1226.6861540526538,10.03637780451566
3953.4150075158996,4245.547965212942,1036.8953623537957,282.4958135560032
4759.260142117413,5667.814183751846,665.217612208611,77.12655824858811
9429.173201996851,9652.536672122844,1147.4644374670243,138.73142625237
9473.94753162004,9623.330790186845,952.1895718114781,273.6880157272476
2152.3975219207687,7258.873686554574,856.260401087236,51.79922606771251
5736.555778817071,5832.878276720785,756.8565146234357,220.11906633266224
9889.188466750062,5849.396095605598,276.5002864645887,195.20075208454503
3138.2520670754943,3856.846109950044,719.4644348551316,134.06830592364045
7556.119697439074,2518.3615964498686,353.4255180395165,274.6374830148669
8006.659761920635,5801.145967212186,933.3814133450896,24.256607782206224
2187.6543418662595,9442.195043335907,262.14963459784036,73.02812447875941
4449.074520945862,3702.049904512625,561.7854813830379,154.0394913692086
4042.8538109168494,6137.867908549597,140.02541211109386,252.39399233081815
5070.259982063184,1838.70386101509,1452.4866605916623,206.3218071084827
4506.836023967241,7272.018228081853,210.16252005199766,98.24693878383923
2924.1262121349973,3822.546667415114,1419.4962991268562,195.79149493862874
9448.283107480562,6319.14969894522,1052.4436561546697,20.214890363128102
2274.2753282715066,9828.576167670299,1137.1359045801405,43.171257798031945
9516.512902581817,4115.724121646159,1177.3621539612227,333.5987195207025
6421.031274030921,3871.9397867820553,1149.0800422050731,331.69813736570507
5279.970170345194,6070.574181356041,23.18139220257076,241.05985903394782
2478.8952021543973,4548.427186720373,115.46141799919677,1.083950558749898
5136.504984068653,8273.577651381074,824.2131649483521,346.7512304466801
3385.052200758185,4980.249807167826,416.76775902324954,321.4324114921552
7993.155980859511,3554.8799869502254,896.8928918249808,47.018654552907684
8314.516387582626,2520.9605545653485,719.3456480856,118.19584885622847
9978.03938017018,8630.669867614815,136.98652393173174,120.80463840006477
4435.1463208525365,2529.968350051705,426.56560280710477,269.5697019983338
7021.098918046461,7434.13195318818,918.3530189584765,267.7366778930476
4645.754782991242,5623.579077692547,1180.2063695151392,175.040158396734
4831.227930705107,6910.316655906646,27.76626704221653,228.28629979155184
6887.761114837157,3109.39716257126,1446.9260335660322,56.01080244227915
2052.5842114659436,3911.90299686132,492.89120220278414,120.7633652639747
7280.1170884064295,5853.176520713692,823.6946154191343,289.0508708635141
6344.679697218842,9454.292822503752,448.51783127234137,161.79832892049467
3863.6884937064165,1388.8242818925046,1341.8200800627371,34.29745378741119
3288.2369256415027,4843.266952140613,646.9001891953011,284.0710954607129
7507.680967914365,3405.510609179233,151.49478054568254,317.74947539292856
8324.29486718302,9636.949821358561,583.5249979754242,171.6007052265898
6924.2116170711,9681.595547734067,1349.6018971363508,5.754063981779192
3783.758346378295,1542.9981941720757,703.6268888868325,238.41009284567198
6656.052279011291,9672.038152424737,701.4723861839356,277.20080526596587
1610.8338735361071,1173.2240538129986,233.06589755957978,35.023156149472484
7493.622792204616,4394.315635830739,723.1150804021337,228.0990322569555
8407.900495568021,5498.962775887659,78.35258613292588,79.55573114455262
2465.5498685727634,1761.0832508614103,365.3222542210034,168.29266426965472
5652.4039280348015,4987.205695912091,343.4997682971022,144.76123102684713
4958.781874054839,8022.693129236939,948.0852044658037,215.47916207437578
8809.951864704948,8853.901774223661,496.20290369458957,302.02673455532016
7479.036952883149,4971.981360041436,1475.6149139146942,175.07971203524835
5242.705315731942,2311.5719563537286,1371.3600446406745,317.0682120403005
7378.098178649754,8593.921770941299,1180.1485826749872,224.50185072332272
1782.3076895997601,7727.460475251223,1397.67363373311,121.74912394851816
2194.3065641951334,2233.76667788552,350.72586033740436,217.04298379286413
5073.95487793828,9309.775303196457,791.1070099817913,205.28840199981076
9085.771086018514,5353.269511998619,501.6834545211492,219.84490154087416
1990.8048403049947,2078.629829559195,1063.7804029513684,54.58017143073983
9502.530707137686,4368.90063134653,445.4656134658453,78.40401797477101
6831.673140799747,3715.0727562811717,1336.8956141349493,356.88082983150946
4807.944642025961,9490.997150227104,1012.6913898787035,346.2835564135846
2827.707229578198,5772.089601220119,975.1152011555133,196.26674478597167
1249.2690874127618,7931.974411269924,1153.1672343919954,223.65284984013388
9180.167791540933,6053.855506552607,82.41562771765001,323.4764887735762
4241.965578401004,2698.303284407726,412.8485239413507,69.2152948515158
9687.498801883625,6116.308307865196,1430.2421803633479,274.8272991342361
7481.857061921548,6659.084668456511,348.0147370660901,186.68397979173736
6127.998669207222,8968.163171733835,1380.3502291792524,206.7745714450911
8381.125653645056,3903.601007924237,468.21336088818646,245.54828636140616
9414.123682467844,1658.09676883312,800.2418869013511,146.15318623279398
2741.375614483966,1167.4522855978964,237.38185896142866,186.38354715087544
2001.1923742246247,9759.02949551513,674.4322835809191,89.04368993981755
2897.421563337332,8819.07291748045,995.4358211969525,84.2452689466644
9682.530503945567,6544.820124146252,301.42989033501397,280.26738240822505
9168.329325821662,8225.422361135905,1177.5991641867697,317.72180376718677
5741.966916791366,5679.095189098529,1100.2422900675763,166.43383189838434
3216.0596401519506,7690.71425939731,118.60574527740583,67.16844552985746
2154.9312475690576,1488.175628614999,763.5809458015958,181.61402279175033
9167.03601332055,3363.335897731683,34.19249672283342,342.42340539451635
2679.29729396794,9124.145052270072,260.2189862754574,205.48110666268954
8991.45513610871,3857.341205987013,727.7136271659848,73.0875702754639
3318.5013939548303,7817.206295341247,986.94084859633,29.82054884572824
2144.3479684587214,4082.0926386960487,269.29626199105576,206.54778750660358
4482.783002338095,7366.085077261949,807.145268852559,217.74338104191017
9123.404878541216,8942.281998932867,923.417734401443,246.54631369197392
5314.064352218426,7073.429445406901,228.57686536396298,223.99403013955907
3801.285532998845,5793.306340311615,1402.3730226306116,184.14717170720098
2414.4221466632443,1504.2389747878449,210.53787230255662,311.5139970817034
3083.4865384676505,5674.964844577536,1253.4571749791412,98.2181861556107
8252.194600758827,2913.0800087217117,1435.9921363634298,165.24389654357972
3580.028679720063,6613.748227738652,962.7159863180088,89.97411156152985
5174.240934427727,7251.005994773619,751.2009753116929,158.19756145238742
9597.974428582897,4433.577982585037,78.4295171248739,282.1563247062539
4445.293552335454,6441.7837508910125,1281.522850467407,251.849204757599
1434.7345691211235,1672.5293071197493,954.6945784161181,65.63695136878871
4766.677433930283,9994.7796195807,1137.7994552413727,144.9497355305783
4401.193006799107,2829.5457768262486,3.2934776674842032,94.46048430521115
7011.13664203313,5147.601634749766,157.3863136938636,126.05958885457024
7319.795226811783,2630.674071001765,390.39814250764834,292.2762461610094
8002.921694676321,8899.631513396318,1089.918704049179,100.05368409000323
3141.619750917371,9541.917648209399,972.1721407596664,35.67462791844101
2788.690420017778,3965.19112095237,1307.0203623566485,175.583014082565
9670.537005736813,5930.0501139538865,844.200969606074,36.49246195394398
1964.837437797928,4790.830178659757,377.7315185555973,68.11323494839553
4437.796177017886,4520.527403883139,1415.4019619993894,299.3576237714597
6804.275967527278,2032.6752092545046,310.82254617531316,3.5479796185694417
6341.041291883911,2868.9779121215065,1066.5740957374696,94.28217042386282
5451.454976029136,9893.013077022337,527.6431298454092,359.35375847780034
8868.472284204694,6674.866669610201,146.8485836110507,116.49473175711012
4325.26368969989,3913.3443314119236,82.21379597622703,298.7854495305237
7584.292643025481,1507.1985277316064,282.90921083501144,117.60908694838461
4961.042951873547,6814.663765226668,729.3156336456415,82.02322538080564
9331.213306141259,7642.683238302175,568.6812918623854,64.04527230522186
1666.3840029387484,1322.4917633898115,1024.9858078233228,139.7143911516829
7356.381089128599,4521.712209638707,1330.8252957518241,260.3436313443759
2449.281187786062,9242.986391412529,1492.3508420776218,335.1069730726921
8538.784407953513,5366.6059533475245,48.50336550703297,52.07130785864474
3622.0056926564876,9648.421365786158,724.5142844983343,212.6475726136667
7010.424215478165,4193.07011541675,74.97752686896034,211.05757402139665
3905.392527321603,2842.355708878055,742.0692584383039,257.756885927975
3845.9720588031487,5971.014520182053,1291.4918249485531,254.7542835330482
8627.843471450577,1557.5193655733058,467.9838398453948,110.04328928847715
9232.096840682188,8127.094656160657,1214.6886743713446,141.02340379773614
7357.86899701446,5675.204888760611,1046.354841731366,183.81526838698264
2757.065504802008,2403.132589892689,452.7309131815229,91.77329471788167
9727.088067157561,8025.368539072124,1299.033482296942,157.40188807628715
8024.943202943966,7147.0226478108325,1250.4426312652984,254.74086608391744
8365.12174214354,5787.145648488719,759.9082075952651,320.1950732066881
5903.437975099559,2428.6175550363205,1409.7319886793332,128.00983142063478
8022.608095620689,4809.750748433993,269.43689543129005,211.19295273024477
5898.052378008508,6772.164511182509,436.62513044441545,227.13708706252152
9468.586877941441,3675.0135158877047,1409.1611826806165,152.48994024769752
7416.995004739172,5051.77553680425,1413.1149590824336,276.7337489235706
2378.0840764495615,2485.525349053192,1450.6814184179452,222.5840483395375
4081.7112429055505,6040.429713508747,867.775164568302,266.5616682112479
5642.282488470702,3744.923009276011,393.2327707858826,33.567048184482026
7850.806526853572,1612.3351115964467,1266.4147135182031,227.6523013556446
4766.184165794719,3518.222104961574,109.52134672092907,81.60526631938112
1858.414798342223,8216.47234148789,569.2139986951868,160.23472528725594
9380.045812487575,9460.855442468719,1020.9469889325923,63.04216128538677
7484.8579929684,5273.546646658862,1474.6092828805959,76.02482222340187
5115.836685501201,6754.948746191779,398.59781642815835,5.020454948306075
7677.983211939416,4981.022875421773,411.35709125978445,187.99087035859364
8093.323041506458,5201.921051280507,1494.8060510590408,297.46849193077867
3396.456876151794,7245.744763835741,510.6137761778595,188.9969537867315
2192.913636461053,5317.256763360916,149.52134039016653,128.6811087810329
7082.868517806174,5942.06350849188,1479.2183322387157,214.16420178923937
6694.22286385781,4711.252172628633,848.8810216783254,45.3074779908515
5777.422683562041,2784.504428248518,696.5104742945631,236.66728748747062
7956.827872385003,1735.2581707118952,838.0388271807868,157.96877771917835
6895.149155994803,1372.6360776106922,1101.1482804686839,161.27915122524013
5562.305171959102,2610.2030153445285,44.04628153989191,353.5805717527779
3144.102346574433,4446.917556022129,303.9781369420994,131.0676780577285
8001.551877468526,4848.419604216142,1485.1608949890103,174.46099558448736
2700.0452808537184,1430.822720855254,46.3707577483983,192.8206832623802
2444.350669412494,9534.511759275187,1285.967974310591,358.706106151295
5497.799234931088,4059.387875037645,1032.8090570597399,260.4473381937037
4869.854232424599,1741.774440806979,1187.3066178864888,110.6403259368767
4485.449581259856,8812.975073394233,1074.4862094195626,332.8215712832093
9583.825522790683,9547.399019483566,1313.74322547714,244.87810837321751
2268.717572893185,3851.694963075937,141.2869563046219,218.0387688156597
6128.500593004968,3504.313242808734,1020.1247342633806,282.3786805583385
9931.530420958157,6015.04132208362,808.6896843253136,306.64795320281496
1131.1038216930526,1827.354372115201,775.6471886630301,314.84259024067956
3528.25077542677,8345.126456589485,576.9077233299649,5.432498723734199
9610.549940668887,5856.122067244079,472.166827191607,213.41216769416067
1854.39274294531,7135.692248879184,643.9578279677996,281.37589793835565
7016.787109365711,8201.794570322923,501.552337847729,4.313426092439803
7399.848413974825,8148.642748832986,153.55010917873315,298.27436823112237
3220.2853980552773,1748.772182832677,162.94187060869984,304.54642906258226
7175.856286804026,5075.9816572576965,570.9770625673916,294.9548211404346
2037.9216390518527,2793.179515409892,826.9832829728563,25.921541301043916
4398.265768662455,4495.792170816911,23.310180980063627,54.802738494914806
5902.735685449687,8886.424349698476,164.09406869842653,280.9566668225233
6985.443650887857,4170.054184703066,284.8465900421275,277.26619191314035
7909.766616133892,5817.279368528747,878.9742988700323,332.89364984633323
1265.681390207773,9012.264492703318,546.5147359413802,159.56144674171387
4489.550262095973,2638.3719675889515,643.0338584575233,354.0163372301891
7751.344858064596,8715.104343767116,900.4893363433939,277.8968700872054
4299.718072323307,5329.821551814314,174.39668399794093,82.28736640225678
5292.385365577614,5458.902062717141,712.3444919596943,225.54755508599897
4497.733671634216,1623.0639436433103,289.6984614783318,180.09255257608237
2683.420294171996,1113.339154723948,170.60785683531032,231.37792708555133
9321.840032341648,2376.7538358144625,1363.2761636847374,276.99093951235596
7912.157816734303,3916.410643129405,411.8069831148204,86.76595751669346
4869.51817327751,7733.068716056325,727.276688281837,153.9845781328399
7689.703379732367,8762.41886052306,1068.867679254077,24.222665672791887
2143.935592242108,1977.3600443760795,1432.351737833161,338.2277182475423
6315.143528366956,1886.751741602478,412.29983042982013,333.88515684808675
4690.5565248234225,5882.148301274272,1341.6320180229975,342.30357863027956
9957.077041921502,6835.453255931784,367.7559292241607,10.235985167430542
9313.7785651325,3812.2963792630467,487.0066331167648,119.57449660970929
3602.5631106809947,7336.057676129506,262.3611273089474,172.27835919136766
2237.8933056871783,8901.94739349761,1408.3637804524074,342.8927386795753
8225.031268888011,8993.536507606523,511.9805626592036,13.977407943601492
8996.283591245356,6003.792116283097,838.0753425358329,56.34668355828617
9919.525848352414,4412.3562007467535,1194.541596282557,334.4460074545955
5659.501014677082,6639.001979892529,431.87789631584013,141.63150991016298
1961.0528113475305,1849.7314792399293,775.1787852860042,164.1057522324051
2076.7883066691334,9486.914164673293,600.9838014402523,335.95065347422224
9642.75369501086,4931.3761843572265,238.39573084530932,104.8913887906288
9863.10179992744,2154.881554374064,672.3876482823362,45.531183382799426
9657.025890315681,1649.8932823253076,830.2674261384497,46.11992882931745
6679.779041806018,3930.7126464163525,1144.5549079062532,95.72641192768043
1363.2063775125996,7697.426933663033,333.7972697385186,351.47838091192824
3841.4169956819924,4542.345878579125,165.07014981710137,68.2839440146515
9138.358565117982,3541.64862574203,1494.6639535008076,290.4647177194628
8401.697262421592,3467.2250347750896,191.40092063383238,317.9104669977624
8052.589265806257,6033.83957304997,944.4127248626072,33.492441413110164
6363.7375694348675,1385.7324783583067,760.2310436672367,190.62139365093202
8791.024896852829,4480.488990572048,202.25951145483373,74.2767385589693
1311.019682623717,5489.115269686658,846.659997027589,160.06661185547298
6931.494012653214,4961.619208642084,683.289843931238,341.2066888876834
4094.493709130174,6303.716159359453,849.6128137980617,160.29756509866803
6265.610280201898,5195.71345783698,553.9556075677294,329.652491064723
5713.870582336982,4217.954081396256,199.5764144265832,24.956777902560233
3018.1445161980764,9455.134816045185,815.8383722866095,234.47139500538879
6609.368797456954,6332.863918749247,263.7837645206262,63.66470865953744
1256.5987318026555,7970.465486889196,437.5788118868399,334.7760914342514
9923.92821495092,3441.213566910062,1205.7669182786005,55.20647452041079
1613.0992905076614,4880.436980793647,1360.7274775664077,139.72096544633123
3697.3554080391946,4115.046433038669,1157.4291758533009,247.2988593932813
4031.119818966447,6349.937309921914,917.8503925636974,196.31396504814913
9822.526630616687,7563.673390628249,1193.0520140299896,322.4967150690702
1435.1489227865238,9806.076010963388,955.8231968823586,218.90833752136857
6236.536039548774,3069.243972431588,405.98128282363064,20.57060105632308
4607.256303215797,7582.832138491877,1370.9304518780157,333.74983421345064
7569.210086444309,8882.906341279562,1029.8993811058783,163.66482985247592
8539.520543578985,5350.349914995251,1003.3305832389838,18.818047745158538
5434.222301701232,3322.684110240868,1325.1514344637121,226.72974308677388
1587.3462743437349,9556.615035094552,276.0143421980015,350.5197538661162
3233.684195346691,9931.707946306757,99.94963674393705,167.74498200352724
9032.871586297384,2296.987681423013,1124.76733934601,248.1218581976791
6569.459650505789,4110.211474210536,869.959755694071,277.76776654740894
3810.3233235133866,3147.6804033777717,1036.4747490839438,305.65024757834595
6535.820781345073,9376.106917013247,111.59503336436642,302.4186162943109
9667.15072830278,7580.634905248677,658.5197635652127,135.42866720057012
4694.555482223486,1398.7107789441934,1416.6816987122427,79.83011000156246
9742.985797999318,6157.892336416541,1018.6411237395953,278.345498595312
3705.7362454997588,1781.8510365522066,1354.564329070974,257.1794684966182
1177.8544393467894,6824.243882166203,1047.9979251089478,199.0789462995577
8301.853442126707,7519.513895259817,50.2960189684525,290.362011673998
6778.105784147711,5514.436309675419,639.475750912172,148.51696701793503
4563.420111362958,4194.878262774882,601.3724123625285,226.11444420654797
3562.9600494074484,2594.83548832658,75.24489242235441,145.7227564498952
1726.9963066319046,9307.261004312417,1365.0548034885999,257.40132242842355
8965.539781063188,1255.5093067962478,197.1130266296039,161.69232512498348
6346.0057089212805,5545.328034356935,227.57708501446479,290.25309578729
8701.201933510838,9089.00202166085,669.0181673789177,290.37790075640294
7622.446881944691,9304.302180024164,64.4164186813828,195.82726806537485
5329.627848920144,3898.31361433055,155.15165950371153,347.90070317242834
7838.6931810906435,9411.69420649971,1386.447165395699,131.02974079553644
7663.136586337098,9633.497360259906,1253.16326962379,281.2054181679116
3403.8681981696172,5996.548432508237,904.4205556976743,259.97823117507954
7793.922843097317,3874.3466317841335,45.83756201894467,78.2176221365139
3666.8248321572687,6093.562211134768,689.6896341076882,268.97754681870776
7169.967358285925,7654.282282479339,531.3879550389837,53.99743175602149
7068.711419391223,4223.573835277235,1429.2264362680905,358.6235989642034
5305.387990070013,3519.6809170856914,1486.509404043338,1.0491497131776037
1430.9575843040766,1780.8082986276572,1.0688030788616487,78.12054947449363
7153.589582405001,5743.798456415594,645.4695175260766,289.16019208669826
7746.422430339282,9108.508203077694,116.07309504446899,5.459734003025119
1614.659238042194,9049.936439306926,1297.2733890027043,222.38110236298553
1703.8395036517272,4114.938547479012,229.17732754355185,333.60965496330203
8009.807375846616,7406.867037287417,1369.5627454794464,44.0944500125298
2769.0681444101347,2815.758437189548,957.938460981422,312.7450748864031
7089.842703467773,5261.396191279198,1180.4691030647382,216.6764902340142
5989.958697076819,1576.5187702299959,1414.5896769697374,353.813156832013
9141.660121049386,7071.850780814163,860.0523803075149,350.39493446942157
9192.31610826655,9088.729637326207,229.6870721438863,251.81946571851512
4671.2927710240565,1527.537606481122,557.5902661150701,286.883756339662
3773.810849226393,4244.36807801722,1431.2502904830685,118.50272384930166
4940.383353253377,2820.5109227873,339.5344153786445,189.8230672922093
5495.660686786057,7710.113425502299,1098.0259377574532,335.94299934120534
6613.14663717342,9402.164847133205,237.30758124889297,88.02902094543863
3700.080956011433,1380.5518240244794,384.02020736316706,51.033139453748845
7107.202905307934,1546.2318509332588,634.4383434121769,261.8505526514295
1847.000219338089,2900.323154759999,606.0590683124699,178.0276686452963
7074.238282751955,9168.914896644132,587.7572650927306,30.656056066333253
5729.530411928794,1609.3892502279805,888.6153233729871,102.83562287631496
5807.231658745995,9175.240833380803,1205.5525305354238,47.47087441156117
6984.018416282583,9984.4775595253,1394.6225649414064,186.43791150892696
6769.743901868723,6858.860896898005,947.4606348171822,244.2126388717162
8928.01886216989,5222.0577763026895,1380.3733782031711,224.1853270413008
5633.55532233779,4640.998405734712,777.0832475349642,47.58684535825439
6977.6612463302545,1393.9417043401604,717.5557578005388,349.654687346793
6111.404167385514,7306.980767673835,1349.8277678463419,298.1044640753164
7112.266604600333,1347.91002928432,389.48917541175473,149.97394351938271
1544.9588547074,4692.238822683728,1085.5285452839219,58.90428246294539
4304.365768080263,5858.631314368808,405.56972762458247,125.02991937542325
5832.36028740524,5026.003021868879,229.2440854632467,267.8244882378629
6572.526715218209,6953.9802619401535,357.4225477124714,60.46049121920293
8059.546706637466,9241.935874638122,487.96484893013917,49.320752695270436
9505.783660131934,7203.043894730679,605.595841445623,132.47607014010802
5693.969944897863,7329.594048412209,1239.2725571007763,41.70947216540252
7576.361353084805,5862.977943719842,787.7092964838429,54.961099362441175
5499.448017202332,1892.8752775523935,1330.2468809951079,107.66187505410684
9383.30937497674,5565.584711842804,834.0915551082726,168.90065218315365
1728.5139400707212,8133.294722893946,62.215813325823945,299.48573718535613
2968.1608395507837,1420.7163984835681,545.1855739413787,116.27785896085092
8208.633349478772,5890.860070240442,16.15020421884223,48.19978505205439
8447.88628888825,4625.04615186699,1498.7399946772036,11.596580373624324
7364.7051313654765,9224.04008820863,185.62719652909442,237.76139380887832
7646.639281104358,8501.085718248676,560.4836521032454,284.460087272129
1664.2261408628033,6650.8024832486435,1100.1663746774223,231.61861558137136
2445.568456562566,8492.05254656285,1293.3228619118893,154.17398335142946
6062.369773153398,3688.3174692970674,1076.0455727865344,214.29146898002753
7361.53062133565,5801.2106088647415,686.6728303309628,122.9470056434619
9553.052257447605,3385.5938345647346,461.11727463450154,14.93092851880289
2674.3633021571914,9192.693554178366,280.6909241701324,346.73205615462484
8586.264984597527,3165.385126808124,1172.1622546127576,278.3677621541108
3229.9572108054817,3601.288094147956,414.9807132039457,114.22309275931443
6007.535287405377,6660.953694604639,278.48558229897384,49.36400672673994
8135.366016179964,8261.444886108067,483.59821513885026,83.70573792993024
7150.145864612113,7404.800693298809,679.6493968761763,16.396895513857775
1601.3694275149337,5770.885899565433,721.731033422698,191.71684586784255
7209.124089687186,1970.8936261559033,88.83588013895609,254.44868155495638
9469.77887333974,1361.5199901752326,481.49683462926265,26.276203478899088
9613.760076538596,3774.6671756281858,1499.7692586918752,126.35089556421427
8735.098639467747,9777.446803381887,1380.7190019337158,278.1412201623858
5797.61992086398,5943.3561219760995,936.3418516841269,306.2788587907871
2849.3847476190113,9960.573224186586,1196.8571760937425,154.08184515273237
6662.174420655891,5097.886969062643,1086.4070837128302,216.20035314176914
7771.322566373423,2042.983115940217,1058.730400496392,200.262335430878
3511.4795951975934,8022.231985495227,298.9165999793121,271.4513397263156
3403.871420305206,5313.099552965849,231.5734238117622,73.8535330617118
5091.168686476472,7573.578481783304,1405.3405917191305,195.67270849135497
2366.9787116050047,2619.6737740003764,74.78081949809132,235.29962083856873
6323.164565155393,1650.8982378947317,567.7291030028248,212.9114035512319
8307.433108002893,3368.6297768862128,109.08697289493095,154.44756105655586
3676.8594239678537,9621.367741084083,611.1772756483188,185.552912522806
6980.201301022233,3508.523843220302,631.8257298718577,245.000122419988
2970.2044830474456,3626.3281728926713,1148.2696451899797,316.0671135181339
9975.956390259837,4386.691855668296,190.2701455671636,310.88882086710476
9802.497390392373,8389.444488047742,533.6828366702149,12.974027264500402
9131.428288292183,6606.060249673794,673.5478044709093,83.08706191232696
4057.2679097698588,7052.121064623435,200.51180112465357,125.76584013409541
3023.1997308829514,2801.107490254498,1192.6244625778547,126.51850078590256
3938.1543292247325,5922.62113970427,1187.2360774889564,10.280987765177096
4907.837008071581,5789.1314230807775,289.491129750407,343.414194421278
6626.588095504731,6757.841200618606,893.2646367756163,201.01346109548993
9214.121322908162,9788.257711878165,582.5217235452836,222.05915343339774
2243.5325322025255,8311.535174632854,926.3418120288736,6.781705074236591
9728.4470789472,6470.923380009634,284.2163554420874,71.7446498146725
3030.3305570222083,4001.641107407609,676.2768732131578,322.1616228424905
3243.3112591942545,5752.992742619656,1140.0092592502335,68.54079538089925
1497.9083766397284,9421.519035942927,367.7916605635186,340.2318342056433
6477.26809559735,7857.4998044974245,440.12878733982956,240.29600114844527
1645.2386593560386,1297.4216767963183,918.2371101666729,296.9385347688664
9053.082292038234,4384.296678852619,313.101364827254,107.82777493809884
4994.150508576542,7179.502967324276,1314.1290049595366,205.8275046183844
2459.3061125275053,8558.15665351629,347.9392105215694,63.858497500810486
5780.780962890692,9418.342502028856,984.2923055019708,73.81433060037239
7351.992466570042,1572.5589486152548,397.0086606124737,200.62872372498046
9121.176094292021,1215.9083653905882,808.8775947385493,262.55021263929046
6870.530762717071,6686.737756280384,1140.9400558985342,276.723764220549
2145.9483803716575,9341.272805450413,405.0213437629501,288.99960222982867
9082.278605903777,3030.5677389075645,1383.4298659311266,335.8337024847744
1866.5416110778556,7978.526308290239,1106.4314557958467,300.3925428849628
9693.65085727908,5964.345287891431,15.83328191157911,206.78433828612916
5458.551722741734,2377.5379798375698,704.7775853594649,231.1891866553788
7922.362382846717,3407.649341541596,1195.4077517859785,17.89214536212215
7989.388119141438,9903.038774602934,563.1740220242554,149.5693296072999
7194.643904742026,7850.339413404399,905.1008141365274,323.98725097119984
8773.995643196131,7429.1096678581225,275.6768008067906,299.96236976392254
5046.718222304948,1989.6633089651834,793.6383929619038,120.33603471282352
6015.0466585312315,9557.767012105392,544.485179684394,169.1089023573598
8305.02279250635,4483.341907699729,718.3693318135098,15.240719045959212
4818.920635592711,5643.297355726283,568.6924236869701,7.598497623137185
8166.298338529426,2683.363997002808,1044.7676428142167,1.5099117175258014
5179.449838321197,2696.1144461410186,1108.233610834724,147.37787896645946
8899.333136290388,9658.098553169617,1462.0295446004527,30.94319210398343
7602.315182291192,4652.912621401361,544.5747031253693,89.84056502171954
8585.681602364617,8936.345874425733,94.87340841745255,330.6110940470828
8343.526606967784,7786.013123651424,637.4397585115898,171.32076253828245
5167.288950694934,7448.461942384998,633.3523356254443,48.590243277321655
5278.373476307285,8979.291899256048,149.04257592186246,72.36435392679049
9422.303006345202,2789.5997873078322,475.4391277278651,236.77700412754695
5937.814201153262,4797.872303251575,565.5652548592071,21.91484890215483
6730.933985056122,7573.457801876291,1476.6436079548341,250.7186295360794
4880.451808709688,1665.7804076910568,800.4441319240256,93.24115116842852
3718.216576731717,3527.660293024158,1093.5086102647142,172.6988816876525
9153.13427005708,6469.993428331755,617.0160033762506,258.3476101961342
1193.5910147832042,6544.862978657017,322.17778578990817,265.5332346458134
7836.2639782559645,7206.558750180132,389.931302147467,120.48345130838753
7535.579080330616,7490.807211127922,765.5292934658441,144.97806921357468
1155.0132179154239,1799.3054794035174,132.72088388850716,183.3600101543108
9364.00013453009,8553.769177958333,584.9445776899735,28.60205456241064
3301.6446854685764,7131.241265823174,162.57934639961036,247.40514078898374
2484.1251411946473,6785.236804993862,1372.2210322605974,38.25684835217032
2760.403830257267,1434.073769641653,480.90001746269945,19.35321897541266
9847.737967531912,3192.2794369256835,617.3900785103392,214.46679078735482
2164.5413403171433,9110.189017557303,779.9913878744919,16.764148008255187
7777.75583168304,1690.2068936894752,924.8924830010665,101.17617759380694
9922.882028335785,7319.360785632271,124.75754492502428,357.44233245109746
6922.65458316188,1979.8229295096603,490.4890301762866,141.66852971829954
3505.41100601788,5508.593981905786,22.722093275239057,124.88737847207538
3771.3680135579025,5008.457609267278,1293.9491709064303,135.48547970590874
9930.078134058016,6190.630815376627,1422.0995133688004,212.23429967907276
8820.377877304352,3285.2095087719854,528.025098286221,158.15734192359955
7214.81329600429,6547.183229754731,1273.6925311048205,269.28086965913894
6299.233148878243,5952.653175970835,1234.548224822416,140.5911544293216
9010.150779589258,3166.8515160936563,973.3834116927828,5.800421538654537
3177.953777613824,1128.1311338140583,673.0557527340918,201.74216808369957
3319.3786628584407,2821.4437829390117,739.5505707559097,294.4256928376296
8487.279805153445,2807.7500861155927,703.6913806774886,281.78930481197267
9067.342886566854,9458.662041200429,1330.8106639053378,12.045648252554969
2451.253971292978,1161.0588469180323,102.63279750805054,207.8861972290743
8520.763315215616,6483.074438001161,399.2208018097551,262.6232089579647
6442.533881990884,2075.3764551123095,1455.6252196329906,107.49183901918127
8148.282596689463,9802.603177547693,644.2958729212936,274.9094088547668
9958.962280062971,5149.977810304298,757.3732897197277,152.31648961895604
8780.586463719574,3972.8092485112243,502.9009495716572,260.04905829186123
5585.519642986781,7989.28214179858,300.86193749471045,21.64741323517607
5917.434774741011,3548.0810352293233,1038.920723700631,277.93891486171105
2451.6974675262695,4352.957824634257,904.8372625181016,18.87214665660978
2976.8192216753955,4937.312839151404,402.2398634514318,339.58478992012544
6654.48012698158,6036.247089602959,1146.0066129502848,206.62564941908025
6699.088578110275,1112.1996103035603,617.1185749012739,94.25017687455158
2101.6775905888744,3561.044783814868,520.2168541546175,228.4861610938983
9252.378301139204,2268.34230417253,446.63253943593446,24.037911976345036
4548.6082658694195,6167.103472163462,327.17750718779746,311.62844322222054
3402.0006761125896,8073.437878405686,164.24967296867743,119.62629308841046
5347.803413606407,7635.112084205842,993.8618384200118,278.8134871654163
1441.4296714900192,9948.667548362972,903.5885125644985,340.70746176101574
3438.3027402542125,3856.0415231313814,140.75306695567704,289.40372007926067
9688.409747181575,5348.285407516298,272.74404502013823,287.3304320888139
4837.428780547225,5239.2427686492265,1065.7478445232532,11.350133628924507
6247.970536647827,5579.88016957367,417.11208700851927,335.04508100691993
5301.230421481666,7229.35348614557,3.4412613032613955,136.3592968327093
5881.295633516917,5380.17070254733,100.11156189711386,71.91808557119784
1416.0722355106568,7346.170511269378,1090.9205172899815,348.1138469598348
4869.444475492066,2037.3891166737246,993.6409552154415,91.03302559297032
6884.164621043481,6387.758120188665,253.6872538959942,342.4502962809584
1880.8844983777217,1492.9354424350686,1210.491504804763,206.42999077514924
2143.647960779628,2987.40793668825,698.0623886536354,5.43797143834561
6956.072728853621,6166.490157246379,528.6231857581799,246.44098269986867
4522.687020260033,6689.273954228665,1310.9751262109808,110.02305387443313
2715.4189739730173,4154.208181584017,815.1031613943316,201.01919804715882
8990.659967191557,6827.532373339296,1391.9412810846256,259.0285571417703
2692.747839703139,1426.9627121186513,778.3245805189862,15.434293983636817
9600.268171012973,5473.207074250176,300.43884595310516,6.824668656440704
1845.7852347049316,5714.17548230017,1155.7665403932488,194.58034300923669
7708.7762285103645,9009.68278065059,473.51290020044974,94.68243120983657
7302.340892151952,6534.597570240155,271.12221214862467,32.071066897007036
2885.8206377003753,5525.327691539077,1128.452928312224,330.64463593913484
9817.347013127082,1351.3485570017126,42.44540555075804,86.8106461677411
9873.998621013709,5121.0413637667625,760.7947367688714,6.974965290453131
6298.798073398282,4111.440399000871,991.7051648388671,236.6238045003645
5105.734790051343,9772.012917750884,186.82428020164502,151.56842709147287
1157.9896550910885,3332.60853969026,1422.0080137982502,324.8603244320321
7846.364202911016,8529.322613406064,148.66478537406428,15.001158560382002
5804.34417105909,9661.856062187857,155.48362934370738,184.58150413843856
8197.167697246903,3381.4607166414235,34.23550693434362,174.891464013314
9513.131347541826,2820.2817869870714,934.5026903235791,247.1122282269093
7173.959265937755,4003.559497768875,543.9581588242926,230.74291437013298
9267.962412152989,7686.469013033206,1240.8119582435547,350.62834619215823
4589.287812709294,7189.377357084975,957.236840463969,120.91960818387672
6374.38807302115,3127.54051053478,479.29497653490597,84.38048099377089
5773.758373231334,3624.017538198971,1000.3590248806138,309.1575674650747
9558.381263901867,5677.122906664639,619.8900280304589,65.63292650949812
8137.59718321475,6551.032644092896,193.91621405369546,304.12941930845244
5628.036458534459,6191.386800115617,499.02535410774976,282.87362271630536
3761.0316809495444,4147.292954948376,433.57141718825534,252.6503949501757
4012.8002617621837,3701.4228814025596,196.5148946785772,243.05467124373044
4765.638058330335,9827.395500303328,955.921007492178,226.70042973265146
4922.729232645766,7453.214621494726,1294.7612511850548,81.86615649331902
6474.492683233736,4658.294635562874,540.5205639805083,109.57005726228384
6005.439317767737,9269.181254355139,945.3139822533442,244.5450434785081
5538.578997234141,1333.8996884103904,1035.3516517823089,267.66329729053905
2210.9410564991326,1360.8745820004128,625.5143772846496,140.2756037202315
5510.3363086399495,6588.45831652877,1282.8024423161703,218.89871454070934
5820.6373119301825,7510.4773606878125,910.6982501000382,252.37432784831827
3289.1206306219856,6365.772742168058,727.6673993611869,107.12148035371172
2602.404749054778,3418.3579302645758,1407.5827755466935,156.47378000965986
6149.325273163405,4795.6066153601605,544.5318595049633,284.1286010049171
5033.992150757184,3534.9967581052033,505.2140083138533,314.54969068469507
3080.2644468313006,9462.02789654288,1451.583776650633,24.362915642667915
7262.117818091749,6582.29064350322,613.7468151633818,279.1663765209239
5272.371501942716,9155.21101888333,1329.6483773856855,152.27911063750332
9922.157545087155,1524.1444101665838,1449.6130878918932,319.9904895552056
2656.813206344319,3051.8804778305066,509.9904966100209,357.3338942160231
6129.286123669966,7176.954181125187,1247.6499177777448,218.72211837256967
5934.599812134764,8257.839849791495,1462.734029284019,58.70659518265172
1251.7209794133682,5276.023012477339,1050.1734748391502,321.5053823533204
5495.838843519428,8093.034300704214,833.0292729244609,283.08728835344454
5782.866396936987,7444.869163830539,449.9889600172874,6.093097959908182
3676.9980438724588,8253.525237341677,57.272019500804845,183.47215927005837
5653.396074098776,8756.47106154995,798.5470275079775,1.826117053132617
7289.611503411937,6458.206037657164,1147.3401971887888,324.00503729506494
7544.382571502378,1727.2605945636105,55.733367752094466,107.88737028228923
8466.666915442718,6582.069000875574,1119.0117023830308,66.48574005104112
7428.455542793208,9823.46679940329,948.2099945293853,4.580318975132411
9185.67301484388,3780.731238914712,1308.3960265476776,283.3058403475542
9097.736281033891,4491.802364945322,137.38162167127857,254.65896104474893
2403.152866315394,9383.56465060529,969.0297059151818,48.39578974251627
6667.774354678982,5013.806778877577,1378.0786058570784,72.77557694657764
3373.4515294890543,9670.932751465702,142.2263540232987,277.83514187045665
5289.59632002553,9875.503672528464,305.59099310002733,346.99368183000047
4067.998140194222,5551.055097782987,446.50627707190813,352.138894159832
7201.4854236574865,8024.183128651837,1449.989685341271,61.03643359003298
3883.086018216432,9188.470168572825,934.9563349741388,292.00193200494925
1213.0780064244796,4274.980659692048,1086.5779939341446,88.05829325677857
5029.576243765776,5165.600768372253,70.59592793610948,277.21632239669566
8821.913640082774,9724.29905029137,286.7018874669985,107.67088096972903
7172.011133091175,7808.096681039361,74.76106047951612,168.2302367445644
7140.554706289536,2954.697409104273,927.0295394472597,299.3480459851501
7911.985864658983,2962.96454665824,1144.619649422946,299.13389331655617
9723.225564324974,8263.428650767744,1454.3849293223113,356.82946858224244
5133.256245618139,1555.963387584622,705.3238317468562,33.039809643677515
4714.043435104402,7057.800890958685,888.130663274526,81.65451605268628
4230.427057448333,4315.345520674729,23.05870746850095,178.8592775021335
2118.3660925180207,5175.22220926499,125.11587817809988,213.50256154752608
4506.175414460665,9499.97376744549,343.86276897536385,255.44872646295235
7852.098094845917,5269.0322276662055,1350.6262365792688,350.865683332251
8950.2305156068,6995.923845814764,289.2383446912086,198.35426807941877
2356.6266251069655,4469.80765877128,112.6160242933891,59.983308792682514
1456.1747929690368,4740.838316344027,1196.3927039649634,36.03172419403432
5818.516205152693,3691.3006583014303,133.1262863677705,77.2370964077592
5111.5395917473015,6542.434187046421,1052.5331705998449,18.321433310325105
1626.716756939712,5498.292397600521,1468.7144292453947,228.75729305301235
1279.953611853554,5947.473448026016,173.03064626400342,307.58194655951576
1742.066040838859,5967.569726209106,963.4614652482389,354.81440751282355
8789.566136790083,6732.840247018344,534.7134182651754,335.77670128297467
1634.7249965151577,9085.016365375901,866.338054941859,166.82947998124848
1154.4129610226712,5983.788336466149,1451.8878811902698,144.88622665522306
3582.3300828158717,6231.22563462091,1438.3295705167868,185.8344123885135
6820.787617734297,9915.99735992207,872.9643058862928,188.5364914546673
5574.5517201686125,2959.4378472498493,582.3146861486306,311.04727320649675
8282.860322340002,9871.92980176074,610.1756435711021,21.87726038626927
3121.369305430436,9180.858207046564,1044.504964600069,207.2623532738368
6774.646456200436,6144.352010582704,1046.3509255218614,233.65803222508575
9861.064748742261,6383.055128914395,122.32746258367821,250.92603262960256
8500.362569281035,5803.151546207915,1230.4026321075628,249.44200123392454
5682.360039294211,1793.2852785891464,395.9802920153895,72.17340522336362
2857.3637913293114,5909.204079688215,1306.2293283364702,340.1190457399206
5559.091934672021,5378.259019981242,313.066610079428,178.13648352000894
4968.753851863897,5191.765502153436,1311.9173078226763,335.1690597631048
1188.8712156638044,5272.705692573006,477.2528743490378,259.5004746567589
1721.9911938285636,3969.54797866892,1251.7118012500289,228.61421766781567
7769.394559161571,4906.044553803213,474.6840443495873,231.0113103384856
4317.921317487284,2157.6880405301335,928.6452096205837,339.40025569462955
1223.4005801226479,6567.060884167965,960.5074607036871,138.8707379697811
7086.439561299178,4249.210531375013,1318.0006812827078,223.74357813988664
5190.755534453643,2896.160570850837,283.35608928281755,222.5278671729087
8725.700989940417,6428.623436337305,140.18906701035297,43.42846021522236
6920.017737187308,9008.799623285631,1424.4489971757175,211.15646941473247
7762.565546883573,8182.544970409783,1021.7796580462145,101.30527872314624
2517.6378488139153,8538.17989114378,367.09832552173543,341.47173223663594
3914.4899314907507,5890.661114984311,116.97096464315756,211.90759630457583
4201.086684334803,4863.860114495384,744.3242023350206,148.7107273010382
1618.1338493307467,5682.425676551688,1340.1126169962579,93.16122454272606
5610.7418924242875,2729.6769983941344,957.8951308213859,153.57876149267332
4221.810039475671,8529.64419210429,813.4319340777516,97.82258900590031
1114.5857077033509,7409.1553739196725,738.8161339999259,250.94855510452552
3201.357722465119,1273.2027773608945,830.6743831278067,272.9471885839631
7400.9401153558865,2252.0932014266023,1079.3119351571418,19.476629073838044
2203.590316648266,2275.171900946909,1047.8575985246136,229.6295071878317
8401.204247318703,4959.424893991431,1140.6520703250292,161.1515328967497
3618.9788560650422,7094.712365697552,1071.1435102530381,152.01609368774865
1763.8855354912978,1568.069629464321,49.08647678412211,243.78558372872462
4224.714473941063,2246.1212399484266,1019.9464084292564,295.2940774478628
6471.352279630442,9144.084710699663,360.7590940246876,208.42882333415258
2726.702706203474,7860.777085280225,417.05291214530297,48.552925872085474
5487.134590455279,9668.854721830952,335.52226981128837,118.8681483328354
4844.631702623903,8311.029154211752,1132.2185828240335,100.62053352325395
4431.814176626078,9358.712051068047,872.1891472123705,298.6915179684715
6072.167656154261,8890.374815171579,1075.2684715198109,185.87665510453448
4991.884808974255,6603.914546686554,126.60879317976564,194.98169139592653
5485.66823002612,7094.248311864332,1390.1097013990573,78.58989680529538
8667.251583581023,4255.711686126015,966.0510883397396,228.7219275181765
9704.817331195234,2913.0743401059126,664.2070536719044,269.00803782905996
9571.389210580433,2011.3940136089043,1449.3163437942248,193.68742232711872
1126.5709580312732,8301.563344074742,195.81292999010944,57.07145316738668
7997.025253746951,1929.4171787797536,638.4597742973577,83.1420166169928
9128.51234923131,8117.313426032075,1291.593709756858,242.4512598168645
6555.752331817949,6380.149878911166,1360.8628354890252,24.359022820699604
9684.810434028279,7478.8655599611075,873.3183808826408,119.25057774953522
3499.2148784616465,9946.150256886687,794.1222877011935,112.18086715811862
7774.995637466311,4766.262041826283,1043.825702303548,290.13471882184655
1796.1426327530844,4317.1310355322385,815.4938177191597,114.39534745371837
7915.381130583899,8412.271579371201,375.6092830863954,74.75523771481745
3031.071143848717,4377.070921635239,416.02063435469023,134.79423373826089
8185.362558735258,9488.1551510762,513.9718221233046,304.5837915407933
4272.798869158573,8297.868516948982,108.4845444993494,59.78016742472646
5918.974732466869,4823.7471002092225,121.1649451341629,267.21828512982995
2998.4614992456254,7261.9024445482655,192.93625200884065,1.041181303309811
9299.577728269009,2160.1695894310465,523.4700438159317,332.91682514760123
8003.176987566031,5837.667806590237,565.1805198042406,54.424394052330975
7894.027565000236,4714.36789150585,1401.2044718549198,305.85442885642203
9155.037665371518,2824.4551940358087,1260.7539043060815,204.67549502340282
4354.751339070755,5224.009234535978,1192.7732135673018,59.20698028015888
8954.527780334078,9759.434207528337,1318.9806026956076,319.6445175101523
8397.497974877911,3891.863015418733,532.5021128337767,158.02335950330556
5864.502866788199,4064.436274131241,261.28300785681677,299.99240916935935
8246.713845966806,4736.050695298509,722.1655930433949,212.68828811390873
1406.6357594115268,8780.967906900893,500.83700636239166,13.897071754724582
5555.863883909718,9876.47720224124,1459.461585534976,347.3523744320096
8178.435929192166,4746.574857059761,1032.223000969381,163.76618446091643
4417.401292646451,3614.50739585652,1103.761469434664,56.823129816239174
3324.2584612807755,4139.107262684102,680.6887219617464,127.39277781341075
6204.403653347089,8847.466837167078,1025.5570217137695,291.2741154794741
8076.2882060653965,4421.813255002811,1165.3462917757258,355.4684699834809
5024.991980558108,3268.27053346485,538.24487396444,80.1904127577098
7901.963921004506,8042.5924758285055,529.3772857208544,335.60313449993674
8379.750629904887,2339.751829195982,1371.5908545551415,218.57576788689093
8134.26996658154,5336.299516308212,186.9237079555022,350.0543280988603
2289.1689218157717,2323.926023680536,1494.7610860473267,219.05917081954183
5858.015117852888,7220.043557917337,461.7450060443501,1.7519556516143182
5950.071275445194,4973.352197166412,613.0943275717918,141.7041797283945
1117.1706533634097,3890.529598083106,995.3269754318807,57.61220176401711
2628.032254426858,3076.305698002727,60.035638033049324,57.78349825866329
9317.225794710641,9162.298369419765,687.0578417604601,233.04294495896312
9493.531965162683,7096.341490956642,938.5900980103968,7.290971253563654
5578.313569028091,3860.806111592646,1215.5987135850628,317.623250154501
1591.0650361885819,2722.7267872399834,1417.1868835776922,198.48329763580196
7596.199855410323,9294.742483008791,513.9062177073696,223.98508532457723
1264.9903383747073,9362.921993817097,466.7590796984164,305.2006114683593
2947.732272360099,2136.53206510759,645.5310872555938,143.34098027004566
9033.366642910216,2610.252048375539,377.901730039591,58.53351250965093
8558.437910417979,9056.894926236128,15.918668578006596,218.7347319294821
1708.43425289271,5831.642568823175,1008.389715366862,174.66031316710317
9259.611359543149,1498.398732595352,710.79096897256,140.9933661050897
1813.939980919084,6404.643239373745,1171.0236069481805,123.8826025865291
9941.973269989978,1213.9008482750567,966.6543465158048,101.05297693882805
7294.847642852702,9515.344936361978,705.6428255111828,315.8163511148951
6410.487308279433,3566.996640325347,719.8783143824096,73.6452802189498
4261.89374521051,8470.492862201561,1225.2919434514647,287.68874444377633
7760.913618570334,4535.625314821506,373.3343312187783,138.41895926022517
2414.5005679476335,4522.192497822587,1364.1413238321315,140.04134495488705
5528.197185621607,3080.564009596741,1225.167658137179,345.0397052751488
7321.316623166687,4461.037908172464,608.0096572200308,307.1094121243942
9001.426743390864,3491.1433513749394,259.92570731405294,118.85890515052284
6780.949414797787,9377.282263749772,1297.9892281966977,37.39025794360257
3046.3681202167986,7944.075745168997,350.003001456627,199.2566738495729
8376.694305928748,1490.866717061742,1193.15100105898,235.9288328061852
3536.290134419602,7024.0100113341305,448.2744018614475,82.69602549100468
4733.09062721171,3422.5630631302874,1110.9266794083983,220.90191504942263
4852.0561318045675,8733.752600002888,1094.6526688874183,123.6528299043012
9105.70053702713,8488.406168797519,1100.9451055994696,165.27963583658786
8110.103404075331,5314.474816494723,692.2832605980739,26.119139974166934
2062.455126600017,5289.438691677569,729.1308970883642,199.663532182975
3252.0919324955466,1241.0427134655267,592.4134766058214,271.5668371487753
8020.963062088951,9111.55142232759,429.7490687736231,182.29476971994052
9553.926373525956,1542.4668790331095,1169.275427310945,199.30212350455855
6312.6757923280775,2921.107460613417,720.2693425706868,28.654986774164332
6657.998064073034,7218.894809413151,1039.472029769855,1.3935627494940763
5323.7852340734835,2707.506821570193,789.3734733075356,10.449761060269504
8736.258794698397,5585.359888168799,751.9528410325066,33.80825776827347
1606.0325805755003,8529.194575219746,515.7954841230556,54.05720743241245
1533.7328628965593,5811.708289516816,800.4019417965161,105.1569369573174
8953.146103289437,6125.800545444429,643.8616430036384,185.6173521722908
6766.15442084952,7288.689535275966,1367.8108397140666,139.19203318498055
8884.572795458767,9083.1756662488,1234.8131180067392,271.6961942069431
6644.507295062962,3979.654195048294,957.4028820211269,264.11671068686576
2592.886029215862,9899.75491745448,1422.4967847273942,309.9288376203469
8630.093547077457,5314.082634236956,962.1213806607277,5.930864540920919
4796.973141686987,6062.128203435331,263.5504763331064,111.48320665608989
8329.29904299412,1889.8405589998797,749.8938049774265,147.41418561794063
5859.121119365401,4051.9490776415573,251.14731983415223,91.59642771578999
7506.346272548498,5740.39932472156,413.4053578596892,184.99763473782858
6495.51177394857,4480.3940465249925,335.0064928998098,155.71087515181418
1738.6758061440928,2566.1957550538987,608.1390137312703,294.1980602331369
9116.344715329018,9221.042828442705,689.7027047552631,243.98403423874117
8051.763902037074,8483.414356870231,564.251724039699,105.35683333958762
6435.2011279279495,4707.664213221206,797.7578125166151,344.54406479166806
4110.23681205994,9819.207910509433,458.93808757392617,323.15650096737414
5942.772511513125,4670.687147824629,749.3446913644426,242.1565164681931
9483.142272971225,9111.161727016275,542.4602364972257,65.53117051853813
5315.296116681841,3617.0644970885437,1044.856821093025,147.334917966756
6070.2710004125265,9735.301672816442,1373.193734543843,154.64400252879787
3380.348650409956,5116.5806363080865,565.4051665886019,302.5557360684154
7576.634163023239,6348.127980269342,663.5084612402763,259.2002085520839
2669.0468714648778,9847.643349348236,999.051794193542,30.267864427630023
1598.4090637788997,1456.9078995403136,1219.4972349127775,103.57147672750148
1141.3486684879792,7714.995425471515,833.6636939868025,319.49555160389855
7701.282327345015,7417.341698243734,41.80852776067553,338.13840027582756
4147.73081063801,7582.95537172131,148.33008588023299,40.865355851648935
5806.368975254969,4745.870647518783,1033.1884667957138,341.9783674688169
3513.2407531887475,2367.1300440777673,1415.490217187346,280.7841672230728
9082.257029225322,3941.4131063352547,751.0150205239638,74.00766206805413
9272.175597146826,6939.976238192581,1047.555383719286,255.2198733162975
9402.372400429062,8971.259586708566,27.92393137781814,158.42502560053927
6817.679573366524,6380.017333954744,846.0114834599424,73.5688465798671
8269.160608464068,5971.598904169231,704.6580085882149,305.5907023797403
7164.250994185854,9643.677429706393,492.3696227030711,282.27773901742637
9652.330868791534,8027.145489967367,797.2818892457663,278.42743767900737
6557.566022362891,1202.836590638835,424.5833566402727,229.74565984488007
3496.4262117224976,7685.665094410213,347.0644278961742,134.5813683332038
7688.085297344244,3440.971247529274,102.65429145101291,61.13206811243061
4645.051362418861,3929.0154843386854,1365.6426885965295,52.180107102244705
8260.034580101308,7205.174160845641,171.52602526018984,216.80779337822582
9936.49218933526,9949.264615042035,674.2985682183905,85.44698595288482
2501.0272474870235,1510.1711411472947,1450.1995400387743,100.48939162140267
2188.7982903393695,3324.6188318787317,1292.772618566952,231.41825917525807
6636.792009071686,7057.188567628264,183.4953301066138,43.21751219148884
6714.897935802151,8903.548292338135,1462.746959965012,54.80292609296302
8189.304091955852,9596.89130114061,860.9641500955922,289.45343996337135
5559.732337922836,3306.810574124082,1386.4945481204184,216.58671474621582
9042.910265144152,8773.895942743788,777.609871753887,14.187970801157093
8484.367005512577,3545.4302921739227,405.25992123864745,31.08961864322332
4092.3596664175643,2764.2607281108603,351.1270804336827,33.75193226446316
9729.810602604482,8309.109022600103,177.5516076553191,316.16216701796856
6800.1950041857435,3632.6558799674053,1481.6884608403445,230.04663941374858
4724.894364817868,6333.915814575644,65.81981583665662,294.51337005692636
8097.4389121613885,1318.7168153375464,91.54369618337748,229.3708487592841
5068.125446612814,3645.674107264789,1038.3840338964255,270.0801483391702
3586.5558663844135,6886.851119457933,365.2651155345087,28.554932990824003
4284.3270294069425,7941.573772723903,454.28444611549264,94.79193830219835
3801.4325038199568,1182.3903257154177,703.4517682263115,193.20410001438108
4951.972242907393,3726.2170556533865,737.7513860023748,18.069665277669774
8673.261967965986,4021.9128327417707,511.2507453581715,24.02426614982685
1144.0496997066211,4302.637683126317,417.91616459511323,75.8550438390925
7322.134132365449,6354.403845489698,982.0395018760715,8.665525709737746
5295.260527464317,7863.210879543038,715.1236963759869,239.49419611590176
1993.7298382693907,7892.806474253352,549.2006628937611,277.234750289824
4160.860270128454,1174.6565397672612,1406.3023900023404,160.73475421147305
3103.2757949251322,3862.8882679551443,362.6082888748199,265.7617999591374
5936.944232853307,3334.7436416311484,738.9674465816771,26.40568193002385
6986.264003793169,6893.63707664573,735.6325332465312,140.38544213508914
9419.101034820347,9249.221034708857,1453.391464560591,167.30510022037112
1303.4542106646477,4326.351760380288,542.5413390805095,119.92536297020992
2735.846969931121,8298.901843578044,1333.3428690688606,74.98024734336866
8347.747724823053,9718.677127971383,779.0806512170068,297.97998038740957
5529.051756962166,8733.322769030467,1260.8800821426637,228.8068845071071
8826.241375839745,7257.0748640164775,1014.4737036942493,356.23052648806106
1500.480296013061,8920.214862222747,34.07092892457063,269.16409305863147
1546.3756076630484,1685.7904226002743,208.25638492882496,318.55920730221766
7167.223815407697,2618.5107210110286,5.645001046780352,92.63257500277162
3961.178251735187,4497.427219234827,215.49728769451752,308.9819547361247
4005.652380922264,1398.3906117907518,1464.317755234073,259.1418605701103
7824.285845676937,2009.7367822483693,569.1757554011648,9.2913536529489
7879.296740956953,2535.115805516324,1333.983930103297,60.77151274332458
2240.3357756619034,4080.93213770629,1322.8860203872093,91.58433713484894
1778.508551164637,3759.0043516389856,42.708993768348826,245.14019784422712
5703.013891308056,2426.911143768768,1232.503292653121,336.240427163015
5326.635011092595,1666.4425874645472,1376.0173536170769,336.2774326353783
4473.630812314512,6646.386323536227,601.7629711449786,214.44271443278632
7928.624477931384,4663.08952980397,62.10069528073348,353.71486985356665
8578.003887345352,3839.9941319421955,240.5406139671136,342.3966276973362
9823.156067160704,5620.7555086977345,31.01042073445781,252.86937489048856
1109.525596201035,4499.529705287483,245.8105182408757,310.8361477970978
5345.512969312459,5653.87353442953,629.6668331857987,154.76145583030572
1603.3365051415126,1680.0676648302092,192.04742268372365,16.903214428421073
2706.5973828674087,6763.910814021689,742.6472925904366,254.01421226820668
5854.190662436863,8053.981050588338,636.4405304469071,61.57951390788722
4709.656676217013,2289.292815593715,292.4416481851459,358.2466821928708
5559.881712207591,4616.058876319519,765.718553592286,32.02821168989753
1632.2886394827833,2130.182934946258,1319.2112795703324,216.61069276662656
6379.055561568537,2037.7944448883459,1261.0729122064065,40.426100888399034
3274.03103908519,8248.53376237423,412.92601147450955,105.33457201569011
7614.575242469381,7593.258561775911,405.73271803312224,320.38506287756184
5740.432993204752,6471.724999217963,402.54480804183936,194.3774904238729
9502.043761136389,4573.720990228101,881.2843219342218,165.93440294879278
1953.3005880760725,9920.620304532666,142.3117469820222,3.3039021413277676
8045.380212633527,9619.086048330864,75.7655144872563,85.07513821534909
8705.418721810143,5546.922531873537,1475.6878215768688,356.69668114601734
2057.5828614521347,8886.511012790446,552.9101135203497,198.6891991734635
2556.7335480971615,3567.1351530856127,297.48898700370785,276.2608574395115
2760.8511295198828,4164.675849637863,50.962230158579715,45.49225056227761
3302.6257776301,9513.879752242237,1105.5308833938984,65.92213600831441
2822.7490693083923,9047.08284850748,977.4630250703917,45.3814157858787
4274.115476502853,3047.633771878682,20.78375116645379,170.9749605588115
5411.750821426324,7419.994080074948,975.7744426981708,328.8255505788476
6111.475049580793,9088.300749933402,608.9592989790106,133.5890749611208
5989.621405303545,9428.937247202448,685.2435788323735,184.0097042109735
9596.591106305441,6494.838454395531,958.5261373853135,18.463922989400988
6635.915519077412,8052.026374520591,353.6128823457279,218.8051411628111
2187.8305032148937,8094.863508806782,925.7119129903341,108.77370030968257
9952.687063624331,3515.7258363302667,938.0212096154991,235.36092070903726
9563.505920965144,4225.608547823733,451.0055852430167,119.898168408301
8230.347928001647,5928.386363236722,1409.2601382211976,84.47078852649926
5263.523119045732,7951.569158882136,141.05821300719072,163.86974033813775
8722.980267272305,5441.718568411551,371.77092566029813,117.09238993268323
6455.888598392472,1763.7318188058753,1438.8716530968973,136.41644287311556
5875.546490303288,2524.9216097027975,1373.2706923541382,105.78608458528714
2232.2287372569626,8041.421599394082,1123.215269203479,170.53461788766083
9615.815006383817,4813.170895352985,1109.7751991083037,8.379337897682433
3302.7390848275395,7155.3975541433565,83.72793001176568,331.18990128329284
7353.656658039098,6910.177857934332,1027.5030260661802,211.9305466930147
8764.903382595709,5667.232443357588,1250.549747094677,330.35877845651174
5446.820035469634,4242.1324625750585,1446.8132565752258,242.130885090268
3036.6643218013924,6876.769986694178,295.6875748082917,67.26551660581012
9536.434810505834,5177.9147878823005,1329.1050316340102,344.3222103928167
9089.460991405726,4332.069817617758,531.7019573206992,260.4307901716165
1591.950652404954,9236.37968212349,268.5701974135838,125.46541344744435
2417.256341240196,6327.354163751437,445.1712884849218,230.83536097169068
6899.919982423855,8367.376115835006,1285.562767642733,167.67784615811016
5628.698624163289,4769.617513204537,405.4687766229529,163.82633900885426
1562.011312362368,7620.204142300615,1404.4561450603242,121.3131711318134
9928.667557399851,5623.846023030942,1445.1677472051174,353.8374804581352
5342.549953835009,7140.947381844786,1072.519725667892,214.3209430485983
8092.976410188355,1664.8653732143766,1374.1644851828755,342.3472419255713
3751.1841460821092,5892.051553943458,39.634147136243485,12.69679765160753
9016.286615546696,6203.4621913574865,1423.7632281917474,209.72366066854974
1136.1309605397025,8025.11806930646,201.52818131811148,261.70361768624497
8727.815654008264,6398.599663340651,1394.4986383068888,236.6250845306405
9518.53351079097,2403.042527939272,617.4262828016722,99.51683905504414
8510.677113027017,9622.9437798175,967.4852389700417,242.2367049264259
4099.496062020698,9875.634189542849,438.25760637630606,240.40157477812608
3358.133731664974,7044.175102888972,510.9304394635193,168.65004230725748
8301.761592893447,6762.371976193376,763.1566270294292,149.10891738091948
6759.929402517492,3874.647743683679,598.0145294204469,41.61545997964895
9535.232803295246,4247.791289533911,362.01386238456695,74.91112906073428
4706.609917646034,3372.1177637851765,1354.5372969534822,37.43564131033337
9357.051247071431,9002.145479815601,1133.2091531321455,244.9950735070428
3454.0254686889657,5547.796297518934,539.5946611293645,321.219353325336
3469.2823380803143,3838.069440938723,752.1195474044729,72.19948393287467
1522.531773585073,4712.655346027073,745.4833154259145,106.68968526418527
1949.38273185768,5806.204151818828,1409.0062682727619,316.30127865247994
5277.178338845384,8936.019152591176,254.94209649827263,297.0322129788908
4738.32986133544,8031.088933733337,1394.8643656437757,7.157452382555422
9068.209069893013,9519.28641181936,43.442052904204076,261.1888207340083
9247.079582724535,8325.030921316185,328.7936928992726,232.06832814677853
2674.0100357403135,5659.809614494302,1449.5186127144023,89.00097158156515
8456.499554422408,8065.670278386318,1421.9643074554692,196.3673961676001
4154.48075959153,8221.120979477455,1175.4221016768095,39.36478201298326
4429.01511275359,2230.538271819306,910.6590393862382,312.0442770488703
9379.177271520337,6424.878573101293,277.7968704364422,199.76917545320077
6388.898355480684,5971.215824915192,347.40916466392935,292.6150268535243
5642.760896567898,5156.048942301619,542.8256919873327,89.89314238626773
6160.750409773553,6552.890138072076,1422.4578951150809,160.59457691733195
3307.5851530050622,3472.3578043360294,1433.5391039516485,66.34351883026646
8499.174661173805,3038.1910852917795,787.9561247605991,97.82381489679118
6799.598536377477,2720.4684968488064,20.527379002382702,106.74694153697916
7374.46922880922,9736.140946861831,353.15333691905045,168.99809765829502
5314.7321702322115,5344.577970818362,1031.5811931861022,27.187603975721654
4598.773333543427,3006.5312195489496,111.8170884259185,84.73196868469323
9459.691180297064,2438.0464491963544,758.1507512696506,36.93758113410834
8019.8589984182945,3898.49239133194,690.8041453712865,217.32117630898725
7026.018653033848,2007.991387661194,458.34287187222526,100.1958567489779
9645.817593860202,6295.88075893906,541.4165225498319,263.33550471568117
6975.212076797821,2733.3770981665693,1472.8194347070591,2.9161663106036055
8072.880588932126,7395.701367541126,757.3719743763104,6.656973758827007
6921.148858607127,3568.397596790202,1093.6376302247668,34.04877291113016
6288.048512341341,4683.2664354571225,1092.866550240906,31.64905938244311
9048.215815796386,6378.159383815297,454.92907309176263,17.928328934204295
1500.4365965540505,9450.427287158938,887.048213684296,241.7348508695821
8549.659062345196,7831.5057440259325,1279.025331125181,350.4959807203851
4850.406238733142,9651.087441110636,1331.821351741334,33.988402714894484
7574.78236362311,6469.118372498756,956.2983798528761,306.4847661689741
8267.885322868813,3238.282913962722,636.3635539030852,85.8429580657515
1136.527129226405,5182.97783437677,1092.6726993519333,294.26059047335536
1523.924755855212,7943.651982650537,468.613603326282,53.463769023316125
5547.801260894187,6243.604423298635,126.88757549530908,80.93075115952273
2193.0543026099594,3500.154495454188,282.95869930170153,351.3723890012918
7250.136762739637,9183.412699880573,1135.8794043194848,277.84131104721763
3084.2434941824295,5794.390087487473,537.5554568162369,287.2900597706237
1883.248485861418,8468.447703380967,1029.4988278281753,107.34983188252005
7812.3220077644555,4018.78737713167,1079.9800192965586,258.37278349322423
3686.4123031155027,9048.934154838887,905.5984922583635,224.00767828861183
3568.3932693046027,1828.5285991367987,572.411041148146,347.7146338634365
7224.3190489610015,8066.447070856442,699.1946822110335,86.71445215854278
6674.570102892684,9347.5446580158,453.3206331866519,109.85717087228795
2058.0279984873823,3910.238301945021,1161.6487082681924,211.25455301529476
6542.285349890229,8291.823843018201,14.719764328708832,277.66647441620836
8622.002584498514,3118.663223204905,744.6924390945077,99.8783342068079
2624.0598039147726,1178.1994249857653,1333.9666995467276,207.47439517221656
3485.5765010192076,6446.037619883752,661.9617225201537,28.083025338831426
8154.701478326262,8913.195514099905,299.5447442849184,252.5928345838826
7737.7692072239915,6995.279588562281,1020.4277871434555,242.6142957550309
4183.413903796991,1395.8682921829748,1147.931975650523,217.04115715683517
3301.292680490234,9052.797871993243,715.6668085203881,32.46518011324278
9608.885592464036,6388.459071311444,1171.6216483395347,336.7471240309686
1334.2829632886671,4158.916444646372,1201.4701704504598,240.8741659557086
3288.9611973896886,8705.798182286404,94.85890313625495,222.17903295623893
3562.630403034603,8183.177793964023,383.65479811525546,70.72969422357515
1354.8232753129876,5149.582313610254,1250.6002271774084,303.51548506322496
7650.249619861219,2741.5552327470186,252.12751096529996,130.85775767206187
2787.5001775489477,4565.50023763262,1274.77651793286,100.8014540240529
7286.950365360584,7884.679462867581,587.9917797046336,178.5181636317702
8212.198105439264,8486.396207880642,435.7816689557783,6.239490599012416
8914.516076043896,4381.509283862473,1169.437434996542,262.9000507277297
5774.4186595620195,5357.812321542943,367.30769511730466,91.25726151263453
4633.175548566761,8739.755050375843,361.4194562741222,128.13842603529497
1348.5090961054145,5980.762581774394,1344.7002402637536,204.69270947583317
6875.323837810746,5735.00137480872,175.69777101766658,47.362349965617845
4656.857374121508,2116.3130283304963,774.2914003343963,181.58457460947412
6526.730248070738,8511.56642173987,1024.8698019397514,354.4582904587612
6627.216709403996,6235.9144791774925,184.99265707798278,354.4423542131194
1994.7190865558528,7957.873864188219,383.9044342227275,332.30864034192933
7542.391125911815,8737.48159874959,1485.0585475222713,280.7168176201361
4374.835893332287,6543.921694494532,324.80572633015584,170.95234543211907
6519.784175368376,6781.185340473748,409.92134838595416,332.2495700209546
7942.821808406952,9043.889410837677,1193.2563496469534,358.4786331704267
1975.8477350967646,9311.296170026546,1423.0369554036229,305.8774985168747
4649.798513704816,8970.571352204885,959.8044036499575,85.60767253710422
1125.9892384794794,9652.857302338296,229.92005170029447,203.04093468685102
9446.945425518279,1805.397425647804,50.42606134795207,290.5811775406116
5539.254397098588,4393.398654183412,1424.4613783857972,177.0361628255037
3664.99547430936,3582.593197364815,436.477837925079,289.6412986153351
9981.816363211803,7707.149417100814,1435.4781446769591,257.1235530264761
4186.064710157584,8645.770113693288,1310.6187598887118,25.037141722299705
4949.1843139558205,9187.822263961923,714.3070913171638,55.49770235661328
5854.236344514296,9616.901030244184,262.6751171681158,308.25806967765186
6595.12043066155,9099.651994063517,881.8997261302811,314.85971647985446
8008.125251216785,3115.7495329581116,1351.241626343762,64.32667545753478
8953.73109929979,8739.671583313804,203.57844927853824,235.9174183687449
3722.5527876828046,1459.680250913078,259.8266528009333,108.30764270112928
8855.917531350262,2485.0975979744803,271.2176541249353,43.30924725213995
8911.750521235235,1854.7057371183646,582.7448140713124,262.8148705837209
3471.2513836429093,2908.6458093027,399.4455820184085,340.6828466413812
2928.014704890889,2429.707146550225,345.55964768804904,307.2643607192032
3625.0276140767014,5522.851956320446,1285.5881907302921,4.485478550329649
4816.050341957489,8275.696199389335,10.69472909297657,278.94275577662467
7810.713232396844,6135.500725402277,1324.8963434343932,138.7476007512489
1884.6338969892454,8837.568668925112,946.7404679648083,226.63155537355613
1387.0398242924575,9613.487978824101,618.0688474214915,42.54943964513684
3996.7946543541943,9681.975448980998,1065.5823660163499,240.63439955918795
1285.4475393101607,1334.5465232424779,506.35126568854645,183.37308757822913
3783.8671353702252,9060.866566950088,1498.3547340601103,93.0416551447674
9593.150014069057,5432.142467895764,166.0817698156296,295.9529598512579
1881.4443541118205,9203.822241551661,822.8313745181057,268.5877499502327
1738.3195431249521,3328.499122338657,387.0106960681011,88.47099609004782
2860.5746060310767,3070.9075273516783,1292.3245148215283,196.95694162648326
6771.67951255471,6933.128193023162,1047.2357202713797,179.55038298927212
9663.68752704692,1931.2437631866828,950.3375409325829,17.371948268026166
2297.316899118083,7253.657383807436,1002.3582584220331,138.3829788920709
7999.5634290687885,4026.261239936026,887.5494221865887,26.442683339718457
7428.524356443601,6407.99754002044,842.4282091423408,261.09007134196406
8945.020084824586,2919.407666573018,1475.259449522089,16.193370933941246
7583.076461028021,4922.791684008179,1139.158350325984,111.23055610066378
8909.461670390096,7613.516665652226,589.1799474315372,267.61202147708116
9632.114843073754,8809.595677071224,826.7935433115102,154.68419963421977
5341.557676582464,1566.7613379600175,760.8515527673802,180.6812441682754
5600.296396931937,5597.089143431284,251.1910114548251,208.9860569218012
6636.089837595762,7288.799414227087,406.50815486393776,181.535490272665
7980.042096835292,7490.932691381474,27.898332512757094,346.3312273224069
5332.150847715084,8769.15179139298,186.40758517823753,113.79951982930912
6807.306286111807,3623.02453476172,934.1946597917422,82.39944018526295
6111.8437902065625,7872.359153551753,1115.2981026391642,333.4279554224565
1625.3801994324176,8126.240075931369,90.03577705496001,100.26481796943533
5554.708635136043,9826.542049634758,134.0546085915297,151.69420910914707
4354.707721844103,4298.732182745421,1094.4700740305302,134.07564256465906
6580.103302888203,1254.942839062877,1263.093147179044,56.408826091206464
3512.6862688644837,2266.225007465345,524.0791375135614,82.00524196957517
9945.854699078232,7330.206194663311,875.6292002971952,46.990078648376645
6164.036784679634,7196.017062295653,175.53175739415943,289.2544712377445
2427.471924863503,7173.326486241482,1309.019851491452,59.507599892499464
4444.159198965957,9158.527123785472,825.3886566436199,87.31391214683553
4486.536104282127,3938.9818336026856,1060.8918609043553,160.16233479394208
2792.2511359239343,5150.460859724346,1279.9699544328817,61.93055379766798
4987.725940046029,6814.391572176228,640.0058705487904,144.6600055469508
4102.325555073686,1602.3097035290955,777.6321739619736,334.4976025939149
5941.227316150717,4895.285118738202,540.6316014482686,35.306758079201266
7961.715936697415,2985.8062792077426,1182.0168969484773,344.01384797833276
6171.07997383471,1632.8409876743488,422.6460098849097,174.81519367544183
1819.629432636858,8267.861472020279,514.373598515759,189.18622653581903
6180.042879749435,7169.939574304514,1328.5814005574132,308.81589961164633
3439.8197958761793,7606.192069279368,1023.0121140293104,7.396011731000212
8874.125449611773,8194.1740212005,34.21158134700571,317.2056220388827
8482.507806106554,5519.327734978664,319.97063204336445,213.40043707857325
7971.8909254819755,2927.573177833023,1016.8286982945386,88.56474167076767
4100.8509160170815,2085.757921047832,1261.8601380518344,149.40131125173482
9447.696675634741,3769.6324203711433,1145.6060949211503,359.4335542165159
5112.698449398404,8857.5091490724,4.07304473947858,270.8633571938074
5171.917948993033,3554.4040492702434,372.9968205207191,295.3477430132529
8040.234729524241,1408.285027342365,1487.8728601645214,122.66400006820143
4609.202496956307,5529.58428090171,715.5932223419951,342.62665590961893
5417.397509932997,9890.967895324193,257.41888805340136,182.6573726179819
2561.8972714650054,3342.6829242221197,313.02801541297003,32.891697775194075
7699.069808909661,7306.866465488203,744.8175701321447,2.2574016962539316
4996.615079580311,1710.4614617530851,1448.1557946331045,49.21284959486316
9127.665008122345,2249.8965527546434,1454.2632173284337,194.33622264188125
3060.1650772775088,4581.9765967525,808.7574409713333,296.7322730947575
7338.500139733446,5119.0744497890155,495.59218539884074,337.08826705735663
2128.61589894364,1235.1916345846716,978.9572149369742,124.70162580165875
5563.110481939393,3667.5077083363217,736.9191146316452,252.23773836463258
2579.4999825282484,9868.309544538903,1276.7932886119725,282.17944671092016
8270.250870155538,1999.3650886606824,299.3528468221106,1.5650471074109462
4534.1381670139335,4021.9361819956466,1478.712928394081,108.52892333305523
7526.52322422271,8148.260060197201,643.9208790024446,251.210045999839
1145.7714550798244,1202.5630556642143,1074.1732109147736,201.3209975995511
1309.2631661098305,5931.54104936002,1488.5089130603023,123.9442523206482
3074.8463863007273,4686.444802739123,431.1302767255291,305.91323080712635
6063.866156965657,6052.310877770436,898.9898474361419,92.86561737430439
8856.036119355103,5892.469472416497,264.0744213461481,45.68442905337154
5685.3524477915,6026.4721479703885,899.3445453266346,275.16524508186274
4626.04729512946,6725.505961493652,636.4948002388054,312.0685139019037
5736.068769934965,5199.220608810512,920.5122547282187,355.46831268604404
5579.447718381684,7059.398804417785,1092.7703186834385,251.3428654387589
8758.601474728212,2310.0633368251265,765.195173614412,250.3069597999442
4070.8326721810195,8644.082433294185,1320.510069948396,119.02053835084386
9024.230769704918,9514.11861108043,609.7502342616214,311.78831305531315
8891.632279061949,7449.1130901194165,1232.0506081176386,167.72126987749257
5669.95253172356,3895.6079468961293,46.041173349465396,90.44528150041835
4826.47858271489,3428.401144973123,1415.0142915862261,203.28331031181955
8716.742866964192,5963.472514321983,567.1318124448051,157.78673508763123
2495.442500721482,5822.3969437290625,1268.4647211738586,335.0096079864161
8680.990251153833,3275.283488621148,593.4750798676458,34.08159083826687
1325.7166822057427,2569.679587271201,1368.8734028248073,253.18311607763073
9793.422600883667,7345.397646198829,909.8029868957994,90.63580203888932
9555.472556648263,1573.8538838055006,911.4492583802822,294.65117695803707
3099.5403142751015,6920.375008397789,550.8283217993131,342.38878720158294
8461.607955573301,1972.212907824235,1265.8995844676479,296.80082711196684
5832.092105940813,2971.16200742413,256.7759889752863,345.4358492479286
4769.034410809198,8857.077372389711,302.91392357639467,189.67943166154944
2500.6299519155527,7060.0776790242135,1499.5838670038909,118.44541574199047
9922.123822371448,1542.5153635970162,1389.5709640673708,234.19265659509594
7873.739427688632,2213.480524023662,96.21017066156534,86.94692913562277
3198.7540659748947,3833.3489368791124,1239.6252724108422,191.49677878253047
7433.982837455856,2633.3015151428012,1444.0128634549405,224.68545019735453
8416.070515669391,1649.0725007424944,1295.190807655715,121.53828311177429
6281.165127371039,8575.779223926713,167.39006812316043,111.44400804037289
7036.575008579038,7688.652371226405,461.4627359465928,214.9179009785984
2673.5950479303906,3798.7983934853546,968.7417276914018,136.80559173628978
4404.920954531637,9796.687266223718,351.298863683815,242.44437169058753
9221.233369383204,7346.205279662461,1239.6915299869959,296.42528819332574
6303.950845178864,2995.125360707757,837.4951125108039,28.62593196224363
6834.520720931172,4590.753897070195,269.9801648353102,33.41840730045366
8500.035971208345,1554.9017657466934,1298.5515913616177,306.06928404727626
2652.2312154419174,8482.018125038823,338.6995422534495,82.58624565939206
4823.826261993654,7531.18414009255,36.07405472222201,202.30998470398885
1742.223894472339,7225.809961692906,172.15923013432857,84.25979006220109
5199.902140036832,8374.013188514116,1245.3674430443677,66.62103332163882
4388.476864913722,8036.975091860891,1392.0371970360393,143.08791000445203
4006.677221466035,1474.1530624596057,184.9082861776317,215.70366897752632
1850.5920189227616,6622.9130296049325,135.9542336992719,326.0868947815532
9456.949836178765,8982.993962347937,335.12403910365884,57.32469196457307
7977.332226034618,4804.769993977641,1108.6559315032732,73.78728184152939
1996.9812541682456,2863.7561864884046,57.66445266594329,63.705579777893696
9377.277863426578,8889.110002679789,575.6560429712238,33.56613669321275
2865.9077138052626,4663.689235252388,1144.7887895647534,324.2422599243659
3219.283696630571,2464.3036424006655,650.0845301973987,177.6136557757017
4599.316777575832,7269.337236430442,628.5948443874685,71.28291006017999
3078.2818045345916,2889.5091214196373,691.7314998121184,55.61204805233502
7457.416255133009,2794.6347810179964,312.30737140693975,84.57120989275401
2645.456853099258,5105.099530261772,404.39848989911985,106.28399555395674
4566.555044709952,3026.920474335612,1144.2284295806626,84.5678379411609
8539.603487132772,3693.6739602744924,8.550460008405455,324.9879809102558
7505.99650878812,8818.448804242147,83.25006460680771,197.4003857231534
2713.2498223927246,4369.533736021568,774.2188752465687,220.13642258254762
7632.487997588071,3513.6400545632605,268.01037019029843,15.16589687050531
8977.981891209209,5206.697505424423,429.2875365139401,123.63416904560856
7792.238396393422,7208.719066551845,714.6178429377094,21.946600383145856
7094.506487037095,5296.472756563518,1198.449287978364,20.458468667279295
5460.1253089372185,5189.14685943001,1140.1331978501821,204.97913028041575
8176.646431780275,9373.153876816656,248.4314866496938,294.4214998002432
3507.7825884859117,8675.738785378715,51.75494744878812,150.14136708261893
1429.231650453879,3794.379508300511,645.2582114915349,115.82486027605299
9803.07860969273,7779.69507913851,951.5731272944232,62.333823272313836
7748.11006659731,9364.436748406455,430.96367137441536,140.80072626237953
5363.61540154079,7333.366987188976,845.2005770505707,324.0511913858821
4143.901079494672,1316.9375004457236,128.3585570449685,26.500738380028885
8242.632149349072,5615.957549581525,1241.6070375917716,295.826174772301
2613.577866820967,6411.117267418392,1396.109116521125,157.33108352880893
4432.461287897684,8946.588055166176,827.0149746806422,65.9704540537813
9079.701561451824,8026.164389343573,797.4171700781961,340.94495294375724
3032.5123612408643,3192.7383683829794,370.2918253710897,198.53997180226506
6808.523717938486,5825.139608169271,272.10404436341935,235.58562813646247
7975.976389543347,2199.6226947066125,674.8668972504371,36.33120357105399
8259.272989151737,9150.08248975144,1248.7835099724919,95.5119698852976
2361.963857067625,5773.469323716393,119.98416992779207,263.10259896859304
2554.879348666028,3830.9461608527513,248.09996817792165,207.95627502169756
8638.657603688838,2369.814814686457,193.30974510567256,246.76136315506034
4708.212565124304,9993.291699187974,146.96033788599556,295.5917044283322
8753.974166886754,9289.306241602964,1117.460764693365,313.85608596873044
1993.380452455027,8396.502512482944,216.37808574498288,180.65393030857086
2763.0154760726155,8331.496706370352,903.3150244423164,268.1337768295549
9865.83917122209,1800.3356410798815,246.82491433222975,156.23108981997052
7464.711279852525,3904.5775006611693,636.2533940962575,225.342556390555
3801.3518092047107,7708.899196673583,469.6955300015544,70.58812249837335
8031.839577640721,6540.596464256013,928.6184746903283,151.89521238962092
6435.195622581147,6926.333870632743,378.61459622306603,185.1107567552664
2843.376691369723,5777.005484910919,547.5458852890802,293.8741019992301
1744.0902950633795,6056.743713194881,880.0412768109273,229.31640469830768
3009.5522576087214,6512.88847526792,676.6430288696223,20.249130289734364
9971.051193242312,3385.9400462178814,877.0407467230182,277.8476562276332
7699.556229962812,6673.166360663645,1045.3903316394346,303.4481159007466
6831.217108810661,7584.486670775638,663.8964336218384,302.3769382463012
7808.5415835995345,9058.528223889389,387.7060755933823,319.35545024466154
6883.7611954901095,2486.217347405224,1098.6917802378389,90.24031247032553
5827.155879034162,7391.996837568349,374.11296665491193,16.65974183763631
1709.9538456063783,6322.173820296771,1114.0570511712647,302.2781145903125
2585.917543345241,5108.275296110385,689.6463069995399,252.15021307597783
4411.379702333621,1714.1609809684705,1192.895655758937,265.62229884395146
7098.58266133973,4716.52745662246,98.97942092741727,283.098439735292
9312.439201531275,7796.1718191972595,1477.8774255753392,279.5966564798251
3305.021773383938,1351.9364002821342,366.3890121143838,186.18004573695086
2556.9714997811116,4495.51993789366,105.55092765039419,277.70084246826855
6983.915232219818,4937.605746487507,1231.3149041763838,282.71818934003903
3996.8601556174362,3120.6324812693206,311.7533109472097,266.07200509204904
3821.5695721238008,5582.322348527073,1469.9679535477903,344.4443084667831
8374.564958326508,2580.262767349116,346.15786033731735,250.01260835174122
8269.317394860307,8982.595389083092,792.1702638910378,88.69393043562376
5009.920466476746,5882.20291705463,253.2881158820811,186.79212663267268
1142.4302483499896,3078.7026841000015,30.756278845746497,55.83985854753846
7869.511446774063,6216.606457033208,169.59036999865052,113.53886526492917
6816.9307599411895,3968.2186742545573,298.27118176807096,98.68695709175881
3878.7663446142237,9089.652482292837,390.89190990526777,255.7616991690417
3783.015530042477,7922.601712254805,43.01913505163864,233.41661128736607
7826.3280454400365,1433.758142836878,1291.8806496133877,354.1375557284988
6525.276747459096,2845.103568515687,826.8129888357644,159.7668112650861
6397.760747525741,3887.0824721156227,1312.774443145914,190.02242962011485
9903.783394455735,2135.446792827663,1248.2207894626056,198.42836229851002
1172.7421064646755,4811.769637977729,386.6388406509328,253.38465955477002
5363.765357854468,1266.304992825969,1373.996979216184,133.8163697000383
3797.060557610907,4411.08921037942,1345.142478278794,123.70243334598875
8303.800503135262,4210.704677309304,1341.7691185369042,116.46239881317663
2364.339360567381,7961.605413009466,1387.1416162632831,26.007078451364837
3360.523340115556,1876.6114079108156,116.02561655222735,189.3579198931293
4899.120831452851,3019.2341031575165,715.1942252184786,187.7802953185989
2608.8897357325814,4731.596708466555,637.7756102146418,259.444829906892
9558.891993248162,5911.74916039149,1073.7222558258723,324.73693609505557
3949.8835788679967,4467.314493090274,946.3734539722793,98.25370559498309
7236.584872495118,2336.7585746446866,204.1061516275003,78.27959299825645
7253.740281636465,4967.733750262207,1028.2694647450971,4.722709709492323
3240.5060458713765,3200.8434664173,1285.830855512074,40.35943535057809
8605.288571541201,9138.076052139157,9.386191740036578,180.8052491434916
1959.3616478673134,4087.8647187994984,18.109723762946523,228.20176726859756
7838.912526503983,6478.804800113408,1391.2000763490398,283.73505446559716
8301.421158128109,7860.974324849264,480.57993358330873,123.6258938363622
9378.657884965814,2167.703373698641,1049.6384479203036,332.6229899149499
7060.310081518208,2843.4721029743396,1445.037279433719,318.8402959036289
7649.813725673394,7241.856628502623,899.8139051929282,318.31623288126224
7556.838762309975,4777.088974767603,1200.0316203658926,178.89200306127316
2337.7062426969724,1647.238951256415,94.21978977480855,27.225130991834213
4152.461517746257,3321.758691229456,123.26506994702774,195.80703533093742
2147.563368537235,9115.22224912613,158.29023132515357,343.8136935851302
8204.624029398106,8485.331659475502,1214.3036939960828,310.5857293021677
8550.375268753265,3837.506308294889,596.3873584591825,354.97668956756695
4563.646984809933,6367.619094844157,279.4956826107922,147.9771325313934
9029.830741582475,3379.9568009239692,660.3967232435552,261.9768075781445
7652.8461508681385,3500.867238324125,443.5079323207093,40.769899649444476
1607.7188618437867,4177.174667657064,879.2243010690811,265.4961300404465
1601.3574889585034,4327.074578232816,1245.811373737938,65.77416551576134
3247.308709679411,3254.6643706281725,905.0139811949339,331.25794457312975
1777.7538215139039,9982.387591064638,1449.7436079024321,312.3196190664985
3194.540561271423,5212.466911399242,446.6526863821928,258.8701787427243
8362.372061801278,7096.1671934751785,1145.9787768498738,344.3618610422888
3927.678117712415,8319.863993852734,4.395601705742443,253.3369853050886
8992.222780899567,7571.948613868725,649.6286326614403,257.4749400430726
8210.511564117493,6377.8981819164765,1284.4566627263305,349.73077826395735
3137.5866319371353,7826.433905333777,683.2863330451825,84.3243237326469
8701.089177870195,1300.8148262644827,1442.1045880490242,274.6722301624958
4571.115593967821,4472.9466945870645,479.94089149490435,230.7926613243592
3386.061269049221,3636.4471379034253,556.5647964437948,9.05557350000676
5821.365603551136,1445.806308081449,288.5853688131424,231.61460651954187
3358.526319007666,5213.745267666625,1298.8107725597888,233.3674703460606
4962.198098025678,9460.30461847948,712.3159869949283,320.3430628846292
2579.0263920885436,1421.0349557039433,1431.5572461390113,183.68057270237455
8484.341266705555,8083.38448207181,880.4472485165844,305.02234410813577
3618.0728239002196,1476.2239959469352,367.2508360990755,47.81004508882939
1544.6336877716092,6102.859227068689,315.68504273226085,301.8603094587243
5281.1822120689185,1879.1179552154335,675.5478209014091,176.51572391928252
2604.979614808044,9812.435412184926,144.77977268199675,11.275392961616753
5242.668281444299,4357.201768436111,896.7981461455329,37.822524500420315
9501.818808414147,5099.499095886662,555.1760578743186,114.04665007232589
7078.686690779872,6350.022344922866,1042.4599373259782,268.89708660778336
6197.85763077171,1861.082019325841,1220.6154243205112,137.76388609085353
9063.723030875797,6676.295461286657,584.9265598390466,87.03938865401281
2385.8742500248873,7559.940253544321,858.6348011920883,170.26043275360442
7077.230110087243,6868.461879202929,881.4569665968929,318.9479280969946
2827.5303159576088,8916.093230407201,105.58092284799828,227.42736626156355
7523.348328604503,2705.4499145722534,24.53164066510137,270.5523939904472
6670.928262987433,3206.701675734801,597.9921191239821,126.01619866439621
1555.1665462480992,2996.194117954844,899.0028237214678,113.73576670761722
5361.797365830919,6538.6994994132565,1130.0849147113074,357.7172282786206
5899.552329446387,6766.954828191904,784.9534591987506,33.41861015337548
7454.436580174138,8203.18691063964,950.424877195825,55.27379607060488
4221.024080500809,9176.833336608828,1105.4102354668632,55.350134347483774
9586.79761338215,9893.580032233624,1116.8406965117229,166.61129205503104
6021.528778771904,6478.102257586187,1016.8533631397892,215.197486783469
3755.367038954628,2856.1200098148897,817.9508121844428,182.40389903556047
9299.664787210939,2663.3638262211716,1262.813493259584,55.38975546355155
1665.6228792508837,8454.63230266339,695.8747408742659,172.49726953943963
7297.697803019324,7160.97795354045,858.3424937488588,34.72728311773232
8666.45287117696,1453.6413711697037,661.638741621902,49.20187227166617
1751.9876856430615,7303.474502466782,526.743787141188,32.59086092031038
1816.6960679985743,8778.653389635969,974.8015193731354,99.14083859761375
3934.450485903152,7879.375827268894,1096.9323511479236,86.14973207286239
6444.1891529101895,5257.759499974525,656.8918749835582,287.2647964125086
5468.374736328924,9608.067064052577,285.08496895729417,273.02767226316547
1973.5327542994573,5109.057823071083,1384.8008138319533,176.65101996394915
6042.999516686268,8339.865522419419,1061.500014844532,268.89542192844107
5920.086693334143,9808.928468076694,1140.9714856656994,53.44903454061399
8109.23544382059,7094.574642128518,897.8224581376716,198.69145311124362
1981.4981602730313,1611.4719201773132,811.3575928535153,180.4272493555647
7070.282441472082,7832.482995244388,308.9808540403498,226.5693752116791
2018.1081537463087,2857.2849341135043,178.96974096598726,316.94107063726403
3630.8311173630873,2595.1127494562033,944.045767107534,241.9273097073417
8796.454640379441,3857.4665678990814,654.1378065026098,95.57394520502389
3452.941636012528,6960.732319693832,170.90739756529518,8.451383981687353
4002.50113414693,2121.8967042895415,1393.1510024144782,151.8102908533049
1792.2870101588728,4531.061943131097,702.4431126705985,61.5747465776391
5063.229927298426,3483.1083897075127,544.6517653024221,33.355695321655524
7543.548454277527,5895.729340432276,950.1715502205582,225.83898365666644
6220.6503193678855,5101.486042085056,906.4923804057865,315.57192398700744
2897.146514220127,8510.417304918925,1107.8671598005878,142.47490002079488
7501.749218044447,1911.8748446869345,774.6751456344274,93.5588301177927
8794.190220835899,8523.506618900083,925.0331525242686,246.5783079652414
6422.894079113066,5453.269252858309,1499.1703249414668,264.06957179103125
6833.1849171827735,3330.4015974797235,820.4547624392387,282.9790568845354
6728.221776262092,7600.337499556324,1442.0209095553225,297.7227981469715
2297.6337662322003,1747.1538713152918,59.954348432910585,160.96850567513306
6828.851004947362,5550.818242168897,559.4620239763757,215.7650027979714
8958.616005424812,9658.009769969327,1488.1691712895085,11.677965469082839
2335.6047511964216,3000.4900712314156,1366.1627431098443,292.25706474830133
8426.515487071787,5129.770828431345,1011.3986162965659,256.89462591902026
9971.313443419926,3585.4379874440906,693.2368363213544,126.44582262747102
3181.6476364115924,6523.512914358091,1385.9939739131778,230.98791220150906
7520.632956176349,7511.04288391525,616.2291370202244,162.72288904626862
6276.90003530305,7541.64078710802,285.64401948332295,233.17502890000702
4547.260552496316,1179.6957533090913,1411.9870209355597,190.14994247510214
1476.572262109018,8515.53387149637,271.69476813445897,25.28860946818922
7015.7193473826455,7854.028886641822,851.2075363363962,326.02511378670164
9686.943199812511,8700.713833503698,1327.981862988828,73.3506329007723
3064.7187722907147,8348.53383282321,766.8120453464587,251.66051010881682
4265.551422357774,9037.59826771356,908.5426804100977,133.5371037221423
5056.218715010287,3510.3039610729184,545.3890823401525,32.941332603250295
9193.024222051017,2388.191640074786,1468.869970539153,84.7006751845723
6784.178044209255,9601.70403837138,1385.497027106359,290.76729877962737
5481.317374839664,6602.097990731397,1451.1091019839823,184.32773299689006
3187.2648930496216,3679.942348523499,85.40142906175987,332.4936146970286
1248.0682066857128,3218.622159498382,309.22399911434525,49.42484351076506
7164.686872176904,4998.95003735964,1037.938209988407,342.17733966604675
7404.111122702109,5763.424444045593,148.69356514196048,57.94938882640415
8900.202498533083,6670.773267327916,299.4562330135398,261.3704560820532
1772.3400849797958,5542.05261376912,443.9252377821433,342.95163213111135
3910.539624032177,6782.394387857329,706.9670571837097,178.6800799486188
6705.916600890856,7778.617771686703,30.5760777997508,348.62513052843656
2005.8655604461346,3113.539633839892,1038.2309067173082,332.87054629214924
7424.988695265338,6273.8957881614915,41.41098021468745,326.013120237042
5000.230291077447,6342.223854977304,391.8388571821684,90.80204732043381
9223.194004426843,8854.368045331277,578.0245283920187,242.92651789748166
1935.4371595559426,2449.3164996342093,448.2393551123233,286.7933979007304
7798.1007349688925,5631.250930244711,1135.8147772546897,300.97852716967253
9449.38476769728,3361.06239383775,350.1189275670657,2.987416050803893
4886.196598420093,6510.623696148306,1021.124530920638,128.33669160234012
5493.88515778829,5545.505286512489,527.4442842400084,126.44786086766244
2906.9347832580606,2156.8406327764137,405.91854822143927,128.44036416078086
5826.847190953853,8940.912951370665,1453.4079433245884,229.15205621652544
7234.815935918187,3383.3941272643124,348.81610210654367,4.68887397157463
4047.2716828521015,3717.371885767635,915.3518911501654,202.90048301473075
6882.751162417886,2471.381815214973,74.77988903376313,214.1831494066553
6998.459641574061,7418.337000646261,953.0207930426457,283.5131038555641
1836.586906628867,2144.4739426562255,719.0061062606139,355.35196644297275
3125.498080078722,1775.032905728865,1376.0051101454756,148.35286421060474
4359.422126121294,9035.927013834127,1065.24950158164,253.91448759009387
5809.677659944193,5525.654852097676,233.7365811941005,169.63763192175753
2004.0618692694986,3998.8209533486356,1368.6868324036457,288.9807031282012
3138.2221386681276,6335.026543923275,1057.694084077638,169.6291187255952
7283.346536538328,6327.639205083458,1284.975823201431,73.30558081501478
5191.912934739608,3797.4031517911044,597.4561759436682,128.93600283099573
3090.3774681287723,6552.025915462119,1283.5703079382297,328.3673412478258
8568.869867234935,8521.493104979081,262.1499760914885,336.7916074892273
8679.40070368192,8528.004755965183,1161.0086504995438,68.06010245967236
5983.894970274125,2468.8492198439494,115.45237415138794,165.329229892082
3024.05699213805,5189.022253052932,520.8081112468029,337.52857138083635
7078.312347665992,5931.045207864456,623.7059382232293,26.35502136918255
9580.239959064738,5713.992994936304,157.46035977807392,346.39423392024355
6808.135128172219,2575.8885656187595,1116.2697798294087,176.2619564559786
2979.053988137477,6851.096003034251,341.8168903541443,254.69617593562515
4331.611564339155,2168.650379246751,1322.1658862936597,68.58995553629843
9326.603564121111,2524.167203699333,573.8547204047114,111.22737363494595
9951.50077727583,8073.562056618084,670.2931150167013,332.6229569965534
4932.572857645659,9193.167252153191,301.243020241857,27.83839362942969
7086.301062860796,6041.9298543165805,429.56767308531846,354.93106369790246
4173.836860906232,1211.3719976869004,232.55836715776624,162.84971932218605
6322.442743703398,9931.651824243736,1098.0811787227444,203.96759228870684
2093.0284200479086,1770.2970585039825,521.2239237645664,6.216502632601096
4660.780742430123,1656.4376274039992,524.3947468728502,192.8427457660912
3653.27436493758,8466.105573139765,29.73729177725144,139.39180005230992
6760.545307767791,4163.504692989234,801.2153471745705,182.36840845091427
4618.957359895764,1842.9161657419077,1219.1592306795555,319.66074010455714
8766.676682936424,2772.0364187182804,300.67284685607285,272.71833576204597
1317.9346124352405,6693.47966680395,498.4213352246787,275.2389533870232
7763.0345681052895,5621.210665740767,600.9443631138734,47.50901929506784
4372.158139244437,1786.372424514217,193.63549064885868,179.8509088379162
5752.12559251015,9205.374944581974,558.8330002397729,53.00287252338082
4933.493277337384,4048.178376916139,696.5864713158236,73.29163985062645
3215.003143921447,4582.744266946018,428.7591505458079,15.753888147635607
2164.8241563083875,9409.204868916837,597.4274327644642,68.83709836719979
9894.640389918899,8981.205879955352,290.2623977247736,311.72763731644346
2275.570767156864,5438.563906631782,89.56340673933812,337.6429288496048
6644.473130612787,7631.74934085735,690.412110149102,352.4851036839056
3708.5980140849247,5052.939986402283,1498.1233839867193,273.43527106609804
1270.6247092958272,6279.08465667575,1481.4970591177976,198.78916849784406
8350.416325297661,5424.282320893537,377.35837863798577,88.27576867506318
3908.374081316492,7894.565390266022,447.907259110438,147.5657197647544
5104.765942957939,8144.61888461563,1153.691747829175,318.760159065092
1183.6402005031994,3101.425608125659,474.69163711298165,266.16261850865095
4708.818107318562,6415.669153847729,756.6503195162645,179.62599025219828
2961.3593304870647,7416.802770043989,1056.4473676764876,273.6339900717815
2559.0975045894193,2635.900119740682,769.9554262047025,13.55287211280175
5221.034075093941,6869.8542521118125,550.9620167693568,73.10922779929446
1179.1633944587288,5071.969823542416,585.6721395718056,352.8912820306222
1693.2782612691776,7557.030770719965,597.4325527351469,156.5888226348697
7249.248760931903,7357.44224640811,835.0944214505521,61.984996131462985
1705.2039630911777,2475.6650884826586,27.809774914880187,199.8479761105212
4224.166926629435,5274.851242150734,68.33701016832197,125.70327593617917
1772.8734005397687,7597.121562184308,903.1475836210527,46.784269069911836
5395.079881063236,3722.8352693524685,1354.3801374586428,317.9252762060772
4397.505086694506,7873.654581664016,112.09262909074262,149.7037257212741
8697.741973615055,8609.443884151546,466.9164204083215,301.7039597323592
6196.521451779145,7433.060779790033,464.9509520307915,103.94783040462836
1770.4086889130472,4992.802472739359,1325.1019431181132,321.3076212203964
6459.87829758103,3572.808856680385,577.257705080802,212.47414264253987
3442.0875869016127,6138.1498050597775,1469.1673061436068,359.9255717486537
8913.848003745079,1499.7124314908006,172.93505840977457,356.4933533531237
7383.929465952055,9276.508831543955,1081.7101487514535,275.29446106516207
9365.048622218404,4899.2192208878605,1414.4740511927362,262.52518296060884
4581.403733585483,3959.2075476489326,1137.2862220275385,285.11794138962887
6613.019467388673,9452.277288822166,1330.6413051047784,254.34178150524264
1578.179927701105,2024.2890380333547,735.2436787253057,118.07942591102596
6561.23117002554,4779.73728009225,555.4100860162814,13.45283849408376
9221.518017888757,5799.872070095572,154.23727623381583,172.95961579542714
1195.9814758083498,4445.005380385758,405.14616254501544,270.0805206267446
9506.098428694952,9931.81866462127,1068.1367144450423,317.5524874305859
9407.57208106432,9920.031675455863,1305.136639301297,304.87556951261814
4721.023412705888,6969.921303057255,433.3115464539225,75.05683433032115
1760.654508325915,5478.737550434102,1171.4973822143352,142.25411768596382
4301.759383328678,3134.181097526779,1320.1642434690418,115.52980743519646
7998.436073126177,5188.344430291743,658.4442569930321,346.56397614520745
3274.5150897188373,4782.337773632973,873.1456916304793,143.06511248808337
7069.456165309442,7855.579813979792,868.8290108309641,169.8839996831811
4103.607681257547,1829.9033391593364,1469.2188795086495,180.1395568985427
4675.052055149478,2291.720820436316,1123.7449215472002,306.1097743570316
9878.496016427762,6921.617478705203,1325.8842784506235,230.87464004204858
8164.610308121034,5387.73450064193,1285.4622564484027,134.19471015502302
8959.434910153923,5644.271438248442,557.817352095249,320.3933432051632
8695.386811362598,9453.005759123555,233.51503882630675,323.82502776660573
5124.376814670168,3937.194023228928,277.6827831704291,232.47693270892026
6081.437708159095,7186.496153585976,571.4525137998628,213.65524188676727
6499.889706741583,5110.635733739367,766.9849050414745,201.916533803248
3187.4831858414423,5875.282127417301,1012.5667879944006,99.69690123123816
9441.788259329336,6946.676242036074,146.93287777117303,35.134169125509246
7507.426938630657,4285.838048375741,347.1430297097923,73.0394482313358
1180.9298179641482,5399.137781468761,566.8608745082328,20.089095427256886
2999.1328564205314,2295.588454803052,717.8861658218176,214.60725338677057
4228.603873815888,6977.579295558835,862.7453254807084,323.83334664239527
1501.1477332483378,8684.408370721841,321.9604130032449,140.6578017064887
3223.9258514934577,7167.741760679682,492.6605668868132,180.7859921570893
1767.590266820459,3344.8784535073987,97.32535806940356,194.1328325523156
4987.822767657205,2406.0764449170283,41.056127105244144,128.53375417744797
2940.0704681529514,7029.483324277634,572.0269703245657,71.0182136307996
6945.823044764465,6067.824674746318,1168.3544614147354,356.25462909863296
7471.305591343919,8536.752312772327,351.58205060162567,186.04770512604483
5092.637040071313,9073.19001834675,478.97944267449486,286.9148931373343
7159.511158840969,9860.8993021772,829.1988819436822,205.51072073257706
3001.2641466054174,4806.322100179763,1064.1074583747065,30.903852360779847
2285.6010737079696,4494.057936269533,1332.9262046115145,31.17370356755036
9547.554063613477,3324.213852643147,1392.322267361698,68.14623581477925
8869.752084135387,4041.296050655199,543.2970177458885,88.9800159913398
4439.169438228442,8615.574333525916,1165.846277423404,290.1162303612954
1521.0565716936885,3907.633178135109,661.0519518425083,8.190272314569574
8363.169947299397,9237.067585243722,448.9017872401761,119.29481281301096
2209.323115836255,4853.707485707175,253.44900853764292,39.37568060332941
3784.0607230343007,5972.635731129986,596.1514296269237,268.6636069435159
8101.188610383157,4134.153284670492,1201.5814847300244,317.53987372780625
5663.855200172314,3916.823020696228,1499.5746766832299,305.68942439724225
4847.0491091786425,8606.934215236557,110.65278267733288,137.729761567192
9796.842739956632,7194.364283712394,859.0096882159975,339.34999888284034
1912.305354336013,1870.7173275173118,531.5574171237494,191.9851068131565
7701.788029924222,4989.373102115616,1141.882090329585,112.62915139562702
2900.739790639591,5257.531656359196,496.43055272335965,358.3008868711848
2442.5837581448422,1922.0398447608577,1421.339718112134,55.86455525135818
9788.691540376387,1320.4991506615731,813.5882785046523,69.4160629576168
4608.667844243084,2207.2128747259794,358.23292357040054,298.91778638092205
1476.223259332086,3449.9017702606257,1327.1921590073807,293.093279431364
3989.104999935019,1643.999392816028,652.7862153934207,344.31685142593466
8093.023507812938,4808.678195769391,890.9989492824103,281.69159688709397
3869.74628431454,6663.8765611244935,833.2243591054877,36.58446440803524
3646.99481286269,3205.8772096043804,13.98028835599819,26.101234971665342
6906.229636522552,6050.635006434424,410.3941750050157,81.15125158343331
9838.555284461167,5837.628162997697,750.5132251712807,100.42088569546993
3408.000252485168,7791.119922025897,362.89358649008267,218.7350542484886
9280.797001220439,8772.327272679187,1258.909803916358,75.78651874045673
5896.053938376907,1231.00310773766,171.34438759748207,199.34558209873603
8813.507301087102,7753.812210373668,1337.824751114274,215.06909648526934
1427.4729089603907,4046.9301403673576,472.11158897136096,142.88556498165948
6990.033690645665,2121.0623398963776,456.1403420301115,307.5999566547686
5788.477320552982,1941.3129246100093,1479.7156998094308,239.75947369437722
1647.939804633574,8091.612395212464,743.6626552508499,75.30416678003647
2587.5309063113637,4795.310531459852,1284.220170125096,307.3256830317732
8220.770027804912,4797.412169073158,1223.89262129585,21.522361316463076
6805.0349596825545,7833.719912894026,458.8874793459618,248.4577522853207
7356.111435391762,1689.2767806043344,411.51617280162156,15.645904606191593
7948.709903519371,1974.212099628145,60.330018760500856,356.92541226752394
4149.027843629177,7474.201318120168,438.4695632982308,170.13830089953416
9008.458603737494,7646.547281135676,672.0119348828754,280.7465766280383
9767.848115829504,5863.55710951804,740.2665292039263,316.4939246613798
1998.285016941085,8790.17084491246,1338.185538106329,323.6735394092013
5415.57254783343,5298.066818800271,601.6044328213577,73.02615438446556
5486.4208585819715,5928.6818466286895,406.63153138834656,209.60220401202702
4675.76495209568,4526.986376383927,555.0638682707196,132.25755679347154
3422.7837241248158,6021.048669562147,739.7528950787455,128.2326911620959
6649.942377349723,2807.529371979954,472.27646243256606,29.995692078798534
3683.0713667269865,3897.886549845473,260.39915740514516,11.481845241207196
3716.796836090838,7236.6692815872975,1141.8044930119913,14.41789187067925
9486.187198341737,5706.515324489685,38.4970668425719,14.185651353409174
1322.2054962550303,3539.461959821296,246.24086042774465,286.30985288236207
8797.947566243518,4625.435717931616,217.460135690642,44.795622349594986
6723.129523696554,8583.563215006103,1164.3171751756377,122.76658982553889
6389.35632299196,5015.082929424614,571.3248967872735,181.9644197464213
3345.14858549186,3374.6169166624345,742.0515059236986,283.9437226102066
8043.439059702322,3975.8935967629927,103.94135944026559,341.00968363431525
9777.613638841876,7052.8830883092705,120.30541856021343,52.85466061004879
7616.744411362165,5919.25855111535,1168.1215983301577,299.86572124117487
3202.8987670271554,7986.286890403031,559.4931112459936,338.4636047423646
1840.3040044619129,1153.0804076996683,1347.645563156998,314.50951279383435
1882.5815664336997,8698.481722308474,896.1987971491601,251.566345303705
9617.637991097932,5913.500734678817,1487.7503331448925,41.783323144691565
9751.613378248374,8675.48869605633,1143.4026759731457,53.560383595783684
8789.455336765448,7661.356766660472,244.6129752349399,290.9426108717291
5338.926977640958,3299.911128212296,808.175282357232,91.98414095217576
6663.005519828934,8620.104906743383,1265.126351106531,62.390163917405566
7025.934809068539,6870.1637269176435,955.5008364459005,20.623717665949535
2229.241287425524,2489.452658931801,1454.396761163204,13.5162592318962
8236.937462328773,9434.92727729928,571.1612588655528,28.530115894837728
8909.529602005758,2030.5014074747673,101.946597481697,212.4244163028506
6949.2699478771,7893.85291316444,1164.1626131977996,197.7479001393618
6288.2497203915955,8754.15309758966,1413.5602341019687,261.0209906547601
1604.9797196028185,7035.5838479590375,1029.177454550291,189.26859678913354
9762.838270329334,3771.700796097407,371.0705517426558,238.01963125081843
7040.689477300448,6845.328014178115,668.597647324662,280.7511504596942
9910.731852183904,3608.6881107029076,678.2408243861096,234.72390376339615
2627.0184035286265,9786.010744203333,800.2592565244533,80.17327167073361
9995.581022769882,7240.739846776608,365.1087949195131,318.21397308415345
2676.227218232866,3044.056351141865,688.7537678004304,333.7215764932065
1527.0875694685124,9603.52895653352,860.556159252638,342.46874068524636
3889.5567079695493,8962.280958155568,349.76327005978516,139.8795423988958
2818.12601478257,8650.32265457798,1343.4030889346836,330.72287905553003
6664.4823975340905,9094.579276561377,1385.0309657780633,6.670919071693153
6609.6250966149555,3476.2367741673334,1321.0976340597829,358.25455575599716
7203.970372716194,4486.130941872282,1056.6526703109973,307.8335246296793
9479.62466538208,7181.056712375902,111.61129992555135,59.069359138836774
8711.790444820635,5346.613076638564,465.4181240983501,275.9058833170431
8475.586803072872,2483.5807033748333,134.5233125761507,208.78273867890482
6172.05451010309,7061.801713690961,104.77615627353457,142.07509627218698
2234.4838761175197,3276.3309063426873,1076.6259835495966,53.711247293473285
2098.20734175911,7269.5965792616125,386.6338254762005,344.19572014470197
7881.878223720089,9377.935665830564,1081.86153830159,8.116062555456278
7889.347116625345,3434.3503641523466,1279.5993767490331,334.2444955767312
8606.870232155812,4313.385635223089,1377.8921265941458,353.34974762518704
5905.742039764257,1616.9586894324311,405.2972574439519,203.54996801313388
9871.392000518777,7649.946284909706,1050.9912072959776,196.87015217252738
2133.7534210893855,3513.3315944332567,62.30131509514294,218.63990657587047
8043.949232144486,9807.84242678753,735.4389862111213,47.61946605196686
5562.389419173012,7763.137597894917,1494.0653757273794,315.6367616968508
4032.8317730912213,7707.330130725266,1418.4454793813045,89.8965828814145
8793.743409012177,7577.956839424354,234.85282269608928,289.3137671644109
6514.202613595197,7449.594196913144,933.2099754836805,101.29071773293678
2569.4325613012625,1729.3062812424564,108.04218620232191,34.67435327325194
1671.7295641300084,1458.112667763387,55.63369493403643,318.12190199365216
4348.668243586975,8457.054205630822,290.2010886185383,342.14035438294815
2714.4102789225726,6172.046959812896,1370.1775011533261,170.79727914731987
9312.363816107374,8286.050161635965,1222.719729605252,98.01355369224737
6021.565573439185,9438.97833579585,986.4977000343176,320.78330222111623
5998.8329358360925,4884.028433955812,667.5904989447562,210.356319665113
3752.9191912404144,3524.5340712653365,987.101894067612,16.496309127090235
4424.437501459141,2028.4253033272594,1.7374049812303611,260.6915964299929
9732.692410435544,1226.6989952277672,215.76477784445208,167.49060429318573
1267.3877020648567,5429.595586789262,965.1476419234095,232.46244595517408
4716.433014371345,1697.2334477807494,132.22875050297847,253.21806291718704
4709.094293203109,5830.305547854195,163.67122578003938,295.77717688920137
8088.126111198441,1521.6136752882906,1452.2213315161605,221.98650094752898
1131.6993005040536,7335.656248986277,770.1224320113934,310.39251043357393
7478.9069661852045,4031.655935791691,994.0575133455967,19.60108960753665
8385.44519143596,9169.803130267828,569.6453640479978,136.2244147148623
4086.4336460400323,6694.295669728722,994.283586660201,57.81271343289033
8279.78595172301,2062.205340650018,1020.4805973667701,58.28151048984538
9308.197649667522,3731.8884140327586,886.6886054233233,110.5335351223225
9021.774092198702,5561.466364204062,1186.1711196121255,98.0666428460974
5928.657372423309,6976.681389918254,767.060330794537,190.64549820897793
3291.169702567111,4450.233834800332,133.84862448080443,233.7500392916665
6424.453658679524,8780.982764993718,663.8648070774047,349.7959121402013
9843.506783700956,6702.3673553505105,951.8841484755675,123.68723746522598
3865.506991927336,7861.322333603008,1066.2469649627867,305.023731608396
3974.4886327618096,4223.13080743009,839.1060935839963,75.05350830297091
3697.57204276593,8596.685977727957,36.772162997052476,243.9324153078076
3483.8493807354375,1901.5989377931992,962.1687540614358,171.67022995369632
6873.307663100806,5266.626704636836,25.698748962551957,220.35291083019172
1219.5803277937612,4191.297576388781,935.9165589124027,220.45619414043531
7699.06528718834,8075.290970559532,1246.662085603585,24.58300998035759
3171.463018997241,5579.689966525803,954.2168986069584,151.2912318265828
3036.625834747525,5476.500316280071,883.3396285892969,16.274075547153327
2193.7940329270377,2143.229874518218,121.89341748117607,8.406392356949963
1816.3137950778255,1981.417251033748,336.2245861249851,81.21390224044035
2401.3589127735586,3453.8386892771437,1084.5264897039317,155.19092549176915
9852.55270157066,4624.999623061533,935.1186953990554,54.80891231437599
4178.86511550631,4487.464567549679,1190.990268429535,283.56860958917576
5026.213834116608,9142.499302412481,1390.311838716637,165.0331442749165
2138.6553904341267,8350.202623296635,513.1831475316059,254.38658212047181
5430.7326409009665,6309.909295397204,76.92136790676288,114.55405703300697
3395.577736551895,1826.689477323575,1315.4637189168088,47.883427127249284
5603.452110577839,1531.248524045794,1039.6167818416063,163.162195911888
3631.789619725302,8055.675234195801,446.4450014241114,99.57376770373017
6403.308930264926,6570.065399491847,521.5359860565151,355.1636446587259
7371.327159123432,4722.24630549922,210.41969811190046,26.87286910606634
9240.237152784277,3381.1734700067477,770.258150008679,65.56998581085777
1331.9850770020357,1402.5201482892467,944.2377932933796,143.30154421950246
2094.788928988017,5892.140344521019,183.98324800412485,240.2334994618788
4409.027104873344,7752.648725621739,585.3213611152244,59.590862929194536
2673.393180380972,1981.454987700652,304.5192682784885,218.70090187217355
9953.36664400861,6347.907483771373,1220.0119754532004,151.74550163323906
8219.476385838672,2646.4537170137855,1111.7287338899275,102.849885347606
5646.766897928973,9859.655907989702,310.4591944079453,171.55973964196238
1399.7741890326627,1637.1582717773572,729.9214365931091,114.53816458424873
4736.527863908543,2941.857562823515,506.6655241768071,227.73461696667286
8163.178551984619,9801.342242490882,749.7101303957386,296.75032165750883
2043.5838517151865,5605.4323182062535,1129.5519166337008,312.8762867813439
8733.303382238431,2841.3702064517956,29.939338888478826,313.87011960267847
2588.389273569344,5906.789548156724,1150.7090614641525,155.998250390757
8898.413608001183,4989.957316254323,736.1888125604501,79.56235487505708
9154.01530410605,1776.024098702512,1377.9695597282432,315.2807145143153
9339.257148966213,2926.813716470334,620.1714933317558,215.6900432037525
9839.947685564155,6052.313269469329,878.4278860837065,272.44022129381875
7328.964701901496,4671.2589955147105,1197.1649812965836,89.30827098266307
1203.6835689757652,7209.523728709241,1100.5428969827933,185.6046762880343
9834.47777496176,7744.147743449892,1148.7622151341584,149.0477528010152
4593.622240463845,7684.429456265328,167.2431077107968,90.37066629101034
2971.1034978282223,9185.045616495605,913.6417821366243,45.07844079816624
1691.5305394023153,9967.02885234021,617.3862472022097,356.1897973996992
1183.0021032343263,2966.8911580832782,311.68009942425476,335.65340308100707
6052.151758576276,6244.552936273075,1076.3862415449141,158.93978102435364
1622.482528259049,3693.885040732609,748.1470659769417,195.0065644627397
1132.3008967807275,1392.107653166304,238.19095271640566,38.20618944421889
1233.4149884885846,3314.9645671478047,1077.989499586982,266.15747547148925
8224.196369505124,9961.241015857608,675.7156129446827,189.48212808998315
7702.402368307687,2845.8006836254767,930.9776556988813,146.976081119695
3345.7877684294785,4755.664325565611,1144.6479475573055,192.7291962634007
5262.67891660245,5320.545288150463,1035.1495422050934,37.30029540726477
2880.605542848848,4530.867889981639,866.0562668099669,117.35693987646627
8356.589933074703,9547.706266172696,1080.544177261892,238.94548478149872
9592.650642515162,4812.9411155637135,320.1164299711317,144.43099232981237
8752.516255760409,8404.75281670836,1177.0969948374031,41.84136833798627
4662.151313734853,8480.019228697993,22.980533076790294,215.21429048304893
6354.940091245792,7014.542162939935,490.5560964000503,265.5886147740034
7773.662577553107,7762.841163612488,36.79377416559234,166.99060653039876
7223.757582179142,7095.360432775593,86.44836181884855,9.239887683898331
7859.948172184798,3479.7608233794676,1308.1961727330506,170.62978154147658
4074.508195590308,5870.789388497656,1269.5138337125309,238.54092482442394
5230.098468005387,1207.579286311195,671.5900869693573,179.42593674723625
6208.9106818402515,3029.871021025934,842.6230309995282,279.49698173449065
8199.533200148891,1674.6641879321278,845.4139200184812,358.57591083565643
7403.014099421295,4503.124186761466,532.2283932454857,140.85757004269996
7233.607531425344,9629.471497022894,816.9671134490349,4.880741816011994
1238.2444654599008,9129.545084550251,785.5224722028704,302.3557155590504
6830.001169320625,6610.817265236534,1193.40911696738,158.0130264073264
3695.0787476427936,9369.163207827612,262.40485226695347,2.8671956515798116
3633.7926190483204,3296.66165100526,1023.5264939912928,314.00289810292406
7482.049068707254,6690.912482647155,1132.4960487485916,145.79469795641066
3954.918125559814,9027.075410053667,532.5435620618963,303.44876946556127
1774.4336016240281,2757.492944995108,632.4721053852875,58.24312012971108
1339.5919270099332,7310.483048039838,535.4268348303011,142.74901721559718
6770.617924837683,3330.216089717588,1109.753845871576,198.5857254015565
7823.907071146483,9406.082710658657,1082.7442713057121,216.24042281561492
2465.970852306141,3111.5371656845996,87.19903179345143,320.202384914357
3013.005586399755,2554.899729278851,308.180995117684,21.200266834306507
8524.994904437397,9991.847825591718,1137.1122840509659,261.38366146418434
2626.3432942425848,6347.808558155836,200.57045562531115,134.27336254675896
2935.0707922630963,5680.858278362481,1399.2400165252513,328.99665630249535
8621.063782440571,9949.498913110512,999.8073942883423,293.19153535826086
7318.368352735858,2224.912199145394,371.8498093247512,68.65086257009727
4118.850554268152,1109.116715387885,750.7492699057829,307.49716836066943
6729.422273432599,5776.789785914333,47.36892505585307,62.87501657094326
5667.933091549147,5348.745625232158,1062.48211618243,141.08646804101537
3385.5301237148533,2585.8590168883957,573.1591187899609,4.028469285709749
7304.959981024706,8704.85097513711,925.5815042674594,21.073173252719602
3307.637737217744,6806.5485966051665,489.74554332220544,175.88090556640174
4615.191083752597,8712.20555783116,369.4016210187228,314.66577241300337
7603.135562877631,2273.852388841879,664.891347391656,228.34398953927038
7446.126379380559,6665.429150195116,1133.5651969005864,122.22955331988182
2850.8501319655443,4826.325440410413,96.93907334762402,61.93316536459477
7590.369571464101,8336.283097592152,1101.857525396053,297.4256127213616
2491.0739565597287,6668.288506178201,1307.202470594476,144.03971690845023
4720.077473451551,6353.384182789388,565.6758620482917,118.36178612531997
5001.580984277434,9984.117220201586,947.9888041257291,269.9847136416472
5951.946997867869,2007.1731219970802,48.407095070004694,285.9581529551595
3636.1472163504754,1225.6925615166506,32.7742919331405,315.21241093361965
8449.25255473574,7092.630215624636,1397.7111261961027,146.09593101725306
9591.945436602295,8416.882770922082,1061.199889201516,204.9109228361942
9982.138198396362,3694.762848148032,1292.5891728750184,301.7013110787215
2726.004535902468,8176.96767873439,1250.0886651786843,27.72700764318691
4339.811316767977,4862.501601978146,873.160552254136,224.73240170985878
3528.2086354872285,4752.720950398272,1457.144269686819,128.93415441382757
6730.706426045645,7139.217718564615,256.6034610408144,139.88726977870257
3657.9062184789327,8272.996230460962,1457.7258059596504,103.50998512248792
3667.397272978222,3385.774949995304,1324.710850629206,159.32673253070405
3594.0450821645604,2942.6946091391806,906.5987947297931,229.13547393695202
3272.790866103294,4169.885824438629,950.5991934496124,206.72897246559407
9494.911351936496,5693.6577006290845,418.54530075650365,334.65863855259676
1736.3782737423562,2614.641318451595,863.5341690623642,31.263841302163158
3461.4907531819304,8472.035047219537,1253.3807120555864,186.01053312182424
1785.7628512216495,7526.227517031047,1094.9393861821952,131.21075173145215
8443.510658181238,2808.459849146434,868.7038280021324,247.03051117349898
1545.915612761639,1756.2669787921614,37.543077525903406,37.66445825166177
2269.7442409770433,2753.947655830316,225.644765488203,356.5871630740759
4110.468293602289,2252.781777958855,1396.6315160918116,228.0096600709824
3918.548511747154,6574.190616374618,506.3763492127706,275.63483871309705
3945.0791784435214,1655.4501015099129,1231.421633169444,227.61776083381176
9817.31818568206,6760.6218292707,474.94031487083805,286.16345601442305
3777.905790733564,9896.805254539671,504.67676707924875,316.6595442782504
4794.548951768853,6169.269752481448,681.9834484800054,86.13608018362024
7201.180686091002,9198.599970898962,388.17066711737937,232.24516355163428
5853.734201889843,9739.744001198413,780.2948143631194,270.41996250202965
9261.182992841528,4663.347734918027,1293.1946728714297,117.260112848154
3691.1612229834727,5815.459583612159,608.0664228678685,274.60834462346986
3879.029609732824,8769.048025202332,413.8447693934007,150.87732911991787
8175.5880910978885,8011.685132874591,542.3234640625709,327.6401162147732
2313.9522408386347,2145.816204789107,959.2296223031433,294.165026046607
4280.1869919009805,5863.135421376109,1326.966813369413,254.5595426901147
2157.005011330827,5707.438450202103,755.4136176610168,15.318648502149546
3940.7296302085283,4447.850022486229,153.28018887027045,225.51936079980658
6879.126694330072,4601.47251680388,817.8188207819387,227.59916249814782
4227.307817021865,5763.42819064108,625.638487944334,84.96457220944578
2378.022418930223,6258.540997915765,789.7824482948173,31.391446725332496
7607.7649759403985,4706.146365358543,1311.5020861979901,19.17858999924138
7279.407300196179,2914.1822666574963,1319.4666530953502,238.37418693581364
2179.230354035834,9353.788430196144,968.1754282429451,160.38107358780633
7831.58114423395,8810.175716056889,982.576401702656,65.19811903316901
7287.068564916833,1756.8928136263867,392.9886282658598,252.80224298625305
9607.648182561592,6404.64586691679,1462.5585869933216,97.025155613676
4995.497623022218,9959.431933162397,1428.6675783312894,30.935097461771576
3667.949383526889,4462.904930151015,784.7739193868783,332.8666655750051
3352.292972308835,2888.3145076143182,578.8723889096893,298.97480667537747
7710.154139596897,6973.6159079833,468.4910327158021,247.46478688173232
9131.337018386446,9218.397717269328,1283.7253061108227,234.07552195500415
8037.847684615976,6150.312461249255,294.7381835880366,169.43531167221516
7446.406038741179,5929.006997600013,154.88041330059076,36.46031150260224
6155.689412116171,7251.854562573541,1208.1478736012323,35.41929461014951
2215.420256856605,8573.521097054996,1478.3552837037773,291.7692999496461
5832.122862686809,2458.8316591188636,823.0700547386839,36.61043177778761
6045.648665650612,3909.9819096920533,671.2309002105974,321.8754191155535
1447.2437623884098,9640.781770718568,506.0308395788704,266.7890281467808
5776.967717749597,2699.6303759611337,916.6543472438159,311.0594524345016
7361.391915234954,7460.742883459309,904.4886342613414,346.26782348655365
3834.777694368184,6405.222991813705,721.1904207065495,33.250470557503135
1134.8745780039922,5302.939053883121,1277.8974235943242,95.45301691357221
7400.167485305823,3013.6422002269555,417.2267909104902,357.43416319211553
7041.116452553205,7055.652680197672,941.0914091356032,236.62386726670323
6732.5013485272975,6872.179407495438,1038.8417867384535,9.954158447480294
1123.5603055929096,3424.865254655209,725.3704680014887,63.131222686338226
8587.47672578521,6173.696312824426,1178.2474957267493,215.06171048392827
9854.86529062996,9168.341189965751,1391.4150111216245,95.46840460883453
2510.1380032005145,4365.461257941366,169.4315178659276,145.43445702795125
4496.816352293231,6563.750465047306,369.3955164656983,323.9829168005917
9071.805657395053,6845.889970421944,528.726919035496,76.98139281863023
9418.529534207235,9883.420185003684,1339.4674833086888,48.43614887564078
5855.056389503889,4284.054187035419,530.0471077363159,49.00321963793301
6814.894560517193,1557.7001109140963,1065.1570678162152,290.57716803606627
9525.453456315994,4989.76472943656,311.0946145352223,174.1659786192507
5744.5215837315745,4926.765627128595,711.4675732947277,214.37716743053159
7305.91059837388,4657.172805390901,715.6458134080583,156.75328143788624
6558.899975358654,6586.07912689416,897.050825518717,90.50389867545663
5796.885466098836,3169.897353761445,1372.3101542237207,353.7895427142455
3557.3080090791823,1887.1664033312807,408.5618397906324,219.92154198528848
4205.983949311623,4596.663827825498,119.03291765595944,77.6966263978787
4794.46556886036,5521.863409269219,1209.7385184958994,201.5841671191658
2730.5433478437153,3854.4749492918836,902.6431029918051,170.63459229452295
3751.4386051770734,5291.9649230487275,267.62827930093465,328.2175347212563
3294.3435429415545,9881.958283922188,122.05553444654223,325.8880173954004
6851.832383460478,6441.795432675077,140.9844065279673,18.774398889681688
2306.8849683459466,8956.295985552504,662.672384567082,140.7929267485472
2785.3306554926858,2690.215434811583,16.20838764048859,271.6638166070179
9621.315422810967,9965.709982963113,1345.431873675968,325.07766123178584
3784.593791528782,3783.411112310646,895.1746820879697,245.08355321510388
4554.383807330449,7157.4304707003685,995.9607461221783,46.03300095058444
7341.39511692846,3045.90300210585,269.45514711345226,177.5947161425383
8747.688747222917,6636.849129427708,1452.1623852912903,47.073333623055895
6220.7851314892805,3974.745278911458,981.5636515454368,244.65594652608797
6762.564063950587,2422.0961589729545,1166.9216010122059,230.34938339973047
5737.381058817806,6248.51922942758,413.23758362982744,134.18544018233467
8961.123645065698,1526.3450315226328,783.5530871428955,192.9968788934944
2624.6948391827214,1338.9521645306854,70.67328359136317,312.44141645264057
1947.4806392367448,8114.03135744657,1247.8156134373355,37.707657794421074
9020.760415143593,9735.09181134217,1428.9273609547663,17.4804180829534
9403.319426706772,6811.2348012914645,94.63976773423512,168.70690129935906
3452.9855275536474,8943.591194290613,813.3727896310244,14.016757284261576
7513.099834615208,9521.36659512559,114.70339417889097,28.236374341566197
5773.676074314431,9308.702071973,287.7879519432848,48.54937111432561
8636.140931357557,5071.790049962923,367.9372962378412,201.09609696146146
2927.399438010825,6307.886823488503,607.4841526638617,210.02750750883914
7814.473607491412,6476.1194905405355,1063.2175734296445,105.58406515499284
8615.79235388796,6944.280794599307,302.41618926092826,329.86984125886977
7384.511827595485,6220.1976134438,687.8144885373036,180.54249213915696
6082.1476530516675,6418.595806725418,947.5747071579182,91.81546852243032
6144.232978115302,2950.8870011892704,1270.1228885247879,331.46033498174336
4277.206660511825,7615.72744047444,1382.239120675239,184.4735695614538
8305.81290539354,7016.005112189899,564.2507830934161,135.0264314438719
5979.5427978564085,7590.348974002278,283.0028182094097,232.9954815402611
2871.469126627875,7875.9593720385365,220.70434510280217,104.74195821466814
7088.234348165099,2323.3487089410473,1096.6128221191038,133.63305209819762
4993.212392314024,7394.286280577626,307.4811808982439,32.5840811745532
5674.923726374633,4139.961834781441,7.906736175635988,358.714564327702
9480.534060659742,4644.745044702196,1060.0729558166347,271.210695241402
8348.175897520174,7751.340331022369,1003.9440518821108,113.68663686148511
6931.275202922259,7939.137804934822,1187.3327398495517,82.40530250947292
7684.74062653193,8098.823051225034,509.57177111823114,345.3111172433943
3360.8082680744574,3844.092394408363,798.9136090329255,329.20125617609784
1610.6810157589398,5181.705528799977,438.5209011860604,214.33845431924803
9194.018037089354,8992.372567790462,1199.8272690791332,232.82910967038862
1860.2742427075925,8274.65097228649,1121.1182442864897,244.54055422189128
6093.74580846906,8374.704301180878,1042.4124223269068,282.1392374116443
2859.2627868121667,7170.207551380175,516.2651200567277,225.03728912543232
5677.990324363853,1852.6276806489973,217.0529652431361,64.72105885494673
1698.8703542642186,3173.2363927467823,652.2355473687599,247.00080778636053
7080.976360046696,1486.649871489874,1085.4082078724225,40.66281905552468
7923.541310554637,4732.796444674404,1089.6314219269511,162.02241740708962
1204.9900608230466,3047.7161575003493,1294.9214982320132,23.40314096805225
8649.634989044012,6323.25051825747,499.76178012373634,354.8236678942664
2113.4672979653405,9372.601012595085,452.355222023835,275.10409500422014
1882.832801997971,1291.6128474699162,1141.4873662680584,89.02784485612538
9343.006625583528,5112.0602894694275,137.0873214919984,301.7793160415683
3531.5033740599215,4240.5776407492485,1099.7486689585317,231.44195664312906
4224.09242763102,1541.111738700009,110.27284703819159,86.56182531411304
6770.856163022069,6528.136830554812,895.4459230223206,46.07933452162358
4703.6457560912995,9763.17442325544,1399.2513350147065,287.16836721712076
9194.888161233855,2697.152369035576,628.2996094364103,314.59740271360135
7827.109235613503,5522.231403847867,1461.9461563804548,167.1514168681184
8170.793551958642,8496.135221545686,398.8727250875814,3.273979657739127
9834.578309086912,5919.975984859285,651.8010718188274,138.5363959282456
6999.958297834473,1841.0049648324796,85.04363077230087,356.9037794310902
5970.517909810282,6729.135583916486,544.0844076748899,298.58737499937934
5170.9345852235965,5868.643605262678,454.129469985161,225.1574187809893
3170.7663799602433,2015.1318688453262,1268.0019088520864,293.3051960713424
5348.4373745009625,2998.270491863657,275.5756246528838,252.8497111275849
8151.4729609427895,3756.565181284763,731.5112179832323,147.17138493303779
3091.2919131391013,8532.519796867517,161.57312908497312,204.88411318207122
7202.5472181991845,7971.4427664637005,666.7819850668595,52.48926354173176
4583.996002392505,2335.548396660251,481.29765545744254,99.55681739568595
7687.955814481872,6900.2089334595885,1352.0352871019707,41.64760433113132
6365.439486767643,5821.126750501526,1373.3613168619324,297.4008217552174
3344.685749877294,8713.952235157993,1410.2942701753211,38.851647764967126
5525.284685177155,7457.6948890982385,1074.3945446903151,114.7737727401709
9134.750857038376,5665.38576641097,1253.663996504774,203.75451643279675
6585.55613456455,5702.7833268593595,603.7722612641381,303.76266613088825
5465.887116273276,6228.417002942819,311.57658750242194,273.81383180972705
8590.765698127041,6329.139598070746,1258.0916787062135,258.0141976722948
3792.926099790246,7604.589417700497,1414.1210130840823,46.17491282535081
4912.95193941682,7289.494942710549,486.9521053995377,1.116780896227753
2264.6622294786875,4316.076532358946,1181.891690087519,304.53025996916494
8194.933169466995,8273.740357288054,702.6118487511478,107.02978798688135
7051.296393613149,4992.685986516445,1239.9216065604076,351.1910737744003
7589.559961662721,4356.813946583825,38.59566719003927,252.50128542868518
6119.565345268766,7598.3017013739955,422.9689675073139,264.0246123827529
2971.8440460276124,8727.398433036376,937.0120316240277,313.0969882464308
7739.498881587152,2349.3625874374466,1463.5608208112963,297.8736172293468
8138.9263866049305,5494.661695167587,926.0382513366359,261.85744104273056
5470.187478325362,6316.904136604975,1476.5945037927283,228.27624037904312
4680.8642708432935,3088.762807150477,1284.7767028831065,148.59310102154197
2796.787358260674,4951.411327983238,1192.2674757233121,227.91136446104804
8053.780327419637,9067.513304770533,614.6091864269109,203.98804380085295
9072.228520459936,1894.012604355752,839.7832729566561,91.48532866821554
5483.753747904752,6043.9238599322025,1027.2201136329122,356.7449425104957
9714.984368193645,3218.2096954637395,62.7088757074056,323.22400804194626
8235.81647525641,7435.99477546375,495.3955346681273,262.076013847323
4158.545466865504,7199.17382041382,924.1040719659273,25.668012575819194
7656.661284387878,8855.974379294361,1136.9556690933623,85.46590018851471
3527.686818952384,6813.025109781669,1482.1578713357992,325.62591544246567
9132.231666247882,6530.369935355863,888.4541695206015,325.3337890698055
2251.9514591480306,4201.693475019198,188.79758129878056,65.21539576073984
2181.7909590222866,9676.414286516707,348.4574732725796,264.1826465402421
4375.054773580283,5730.925274004791,1075.3693861005138,117.80350624935224
4805.325285919545,2161.091954852945,1218.3742938911998,192.8640636109836
6016.857539288475,7917.7000832524345,218.4562887594803,23.497302532643232
7471.360473959496,2727.7930326141372,660.4485693232194,107.35448621507759
5414.034685347211,2399.8087906115725,5.755961839837236,156.15284292970478
5448.002041608734,5112.21288834107,849.8233080596107,147.41041915050968
3684.4101910139384,9711.799606945377,739.6143824099428,227.95119043279175
8141.072404768497,1297.8176689557695,1074.2044469596108,69.2034031856497
5640.635550552907,5602.09620787759,1435.8526882746892,46.356250542150974
1587.0301900190088,7911.092587359388,1439.019473392837,341.6969146097509
9713.2838770197,9392.107975251658,224.34996560357416,344.069764163274
6469.0238547229765,2631.7771291109398,485.6087296049254,52.3175300614019
1812.6347385161798,6799.795582928819,712.3004608765233,74.67509558266845
2172.863017942578,2283.340497932828,317.19722653317734,226.95295771097187
6522.112146121089,5251.874390562825,1084.3285653174491,181.59586874736823
5056.36389813483,7215.63096589742,1378.5351907168977,3.2828985850683425
4073.1792041155354,2315.4772933547483,256.52903587651167,104.40887129348235
7029.622252977388,3648.5884612617538,1072.5278689193067,227.813803702945
6948.411980309103,6325.46904228837,1337.2006263931116,9.314135108570742
5193.679201941689,8079.978527026063,505.88968731809575,278.84043472014184
9534.821725332233,1722.1956634473313,443.6817148154805,312.54528995675867
1627.1673846211702,9940.575601604398,1456.0031694304253,59.845873414364384
5713.520451587206,6942.293269654912,101.14731184191969,272.5486588742309
3986.483888002698,4193.997983810581,498.1569975131558,238.05994229712243
9019.051093674545,1691.411543640908,254.231849807388,349.73353468914087
8541.662515504153,5868.040337872232,1450.860934161333,21.51556597998288
1488.0576649673783,8034.927066780657,392.8494865297479,205.28522837787457
1517.773121136252,7989.645846294914,1196.855658162787,1.3265027199671606
9256.616703639715,4841.279341418526,1182.4163216982356,15.71669365980512
8375.110351587879,3734.1926259975053,414.5139758247409,278.0640168771577
6369.5022339545485,3958.6589983338013,586.3448804510429,70.37531584644049
4650.289343064038,1184.3054383501508,1251.307554067623,244.934970806614
4511.332898602709,7619.406311743167,1377.3311442298707,9.133518490402993
2592.7737701135047,3554.2892313512357,1219.569500080392,282.37570825313765
3475.691854578923,3348.4851511159136,852.4440033981205,154.3362495302998
4298.243893385151,5810.342757370905,141.04581347989603,147.41449151088997
2602.136564444468,2775.436831678603,64.8096546034222,26.774711452672012
5271.971448047309,3386.2529869422274,975.4233371608416,119.85288973569557
6680.352602045675,1204.5330822381923,14.20638128868293,155.75486492528736
9166.650650844558,4405.420504048498,527.5721735981629,265.72629970814245
5307.469241528814,7157.445635411408,1079.3486141212047,302.099567226382
7858.369894494905,3547.582804232303,705.7565572894938,353.5723272019969
8507.300508799275,8581.183274344305,1206.734742738879,84.98980501075609
4832.8568757632365,1945.1043515498686,977.2484954844252,175.24242472258186
3102.870798394644,9024.427874762434,805.5012883686127,30.534746940856078
3089.9497746022053,5707.826263314349,487.01374326268234,182.4293925369174
5172.187887886243,6481.0913853886095,234.70541207451038,358.59781317259416
2076.133119148225,3877.3857304993344,823.3526196663864,14.699389861150092
8601.557424449957,4558.466531047794,70.07049847515749,63.04766596245908
2586.415624373125,4772.4237027166855,614.1686827354891,165.1804209858873
9052.477277925926,3202.109576687276,1355.152201839601,217.30070062212573
7603.523531383757,1811.163660740437,1043.902761170175,321.65577699283995
7254.0074069107,3498.3040717129506,423.9602899824462,228.51820042305386
9463.46684829223,4619.507026371104,484.35191938687404,346.47603069814085
4220.380127007664,4549.83717638708,996.3904061907914,23.782536943800118
3870.4376012427742,3887.4979236710215,250.75242138903243,62.62600293096415
4995.895419131943,1543.9648989831633,1180.8475092679355,251.50301828800104
4715.934037762874,2312.453959951081,1480.4283260034576,112.52122400141356
8207.86515021279,6836.416096478246,1050.9353413554995,212.9305027986901
3657.1705787007686,6508.82908046745,956.3447863258714,202.4501960569876
6513.796441998337,2140.016030314831,68.17374955020408,72.18570981183291
1995.9515991260905,6263.622940490766,1277.7001893737777,161.7817974625612
6470.170589060831,9004.80365409956,1241.9984919832743,72.23639341166432
4857.419293881465,1895.616860546581,1194.7792372460915,48.90663237174929
4849.486731111169,9448.671324009862,871.4971894440218,18.237182273681736
9258.200235974367,7837.628259072098,440.67195538346056,17.577198529169348
4337.074878209593,9622.209355883275,462.1653921986035,310.28055068604436
9463.51171832696,8257.370336634478,1490.669959026545,8.695529768571447
7631.937751193334,1917.876823736646,1026.1576844621718,38.976978467440695
5424.536916076526,8913.08972958,1045.0854000703794,267.0475309287058
4350.844532689324,8046.053334505484,1260.954858224161,203.0698422558213
4710.735471615095,2276.284879078986,737.4722190054151,135.9867629597444
3863.2514329876863,3504.0988721419626,1201.6296358151285,163.2591449188819
2271.7150406976493,1183.8263940498218,971.9732313942553,161.1774418798895
9870.760391920032,4178.933645223321,1032.3268588285748,242.25852066746327
2454.6932395803874,5623.420991373438,344.95023854932197,28.10690498167972
2498.609987644291,7205.477680289251,520.0837236716608,322.6191886340749
4067.032569044059,5214.49303401241,1363.9445296167964,341.89085388813396
2412.8014846359442,2500.0704793713576,1034.4967131810388,300.7194062049666
5118.934339931495,7657.927505107549,619.9041394700511,223.6526256036626
9366.154870483524,3781.5444924469307,1021.2076024012555,306.31613443652293
5740.12879686558,4378.753255632981,610.5942704311021,10.318716206834345
9942.741284532281,3890.8000495674105,877.1608748087615,155.2497581930399
8645.760957371687,6207.078003928286,1464.9620638759177,260.2689336850465
4246.898626395826,5551.6786744021765,309.82059094421857,150.16548234233687
4400.631342556253,1305.1538511660297,877.8414481857432,189.05501408521803
6894.66923956016,9818.934914068723,858.5702309570605,207.9329864741749
6372.840989906234,3024.112788733483,257.9091327784084,313.5221670164716
3569.022478180494,9207.602440470273,1077.0456344470606,215.53899325765144
8012.994148182856,3791.0842069398454,471.53335061817535,42.840857519631584
7783.130147352497,8296.865736197975,403.3379567041761,337.9506009599243
9935.151090048605,7754.099809442472,704.0750770236548,170.62787890453478
1418.0961128137205,3079.65922952033,868.4407271006606,50.63245936489759
1384.4900293107423,9766.327004947261,546.8800521702747,78.7317448102004
8966.422157381108,7432.773877690001,109.26721210801308,356.5223947544714
1444.025187523244,8003.819461571592,229.03496674880296,40.96369096944847
7435.442137096381,1596.3375906842512,17.189112156919734,89.23022464087573
2677.0780873043786,8248.966340760702,37.67419661317032,205.8514932158397
7878.71155289382,2984.7958651199747,1099.9970333812773,126.41376117909368
9744.819145433758,4641.050833163863,1489.2399307297997,22.48006977272177
8054.2322495041935,4176.568385196442,469.2701263256539,103.5432462107292
4835.923541386919,7272.722660277577,292.7900506925493,309.90306851014
6220.271561400618,5648.5019152569985,207.53960564546134,10.255029444401899
3895.463057069977,3571.900355520029,351.7490197802126,41.85170782385799
5246.750672730788,2869.387922970732,281.4255623716941,267.51204977610473
2184.4753702390517,2681.3403596597245,451.7932821027576,293.5447625367106
5226.668758093237,3238.8861815672635,1181.231855383757,333.62979331931575
4268.329154229723,4906.285836325575,975.4300012764089,106.34043629395794
2128.2266443033495,1207.1247974996998,407.8147004588626,131.22219999260955
1413.9056423189768,8166.190875585037,726.313602740577,211.48227579385477
1665.7098493836315,2446.4344295648666,849.3583800007233,51.89807641252227
1111.3317541948068,5974.139243250179,1287.0179235127782,204.65155133817305
2210.8963492056514,4445.521830367785,1288.8822962373006,254.74382840109084
8222.236894524087,5897.4343284824035,270.2188299061195,135.8510923497589
5908.965490249205,7033.618336279897,574.3399768460882,186.40524558035327
9111.314995977737,5415.426969728493,867.3224750849126,300.6806881561323
7405.024552413034,5867.649995898547,282.2661789384046,240.374442497966
1332.7406122593673,2952.015690230289,17.54312107781377,145.71933375889373
2882.0077647856087,1702.6056906075237,632.6164629087482,151.22293363869377
1971.555668838948,1588.5307308630086,1465.4949674901911,350.0427397098048
8934.792071184223,4549.188579404432,659.8681855984493,83.09657074404717
2393.7754988016395,7139.926408926696,370.1149031144714,349.4334977731332
8174.826042240714,9420.82136211915,389.24918073558257,329.9706131302984
9365.433448972763,4881.668562698612,1295.2686514738457,157.17953108540644
5422.778777077383,2883.771750042144,793.9555224703607,94.59665761844047
4822.02043431232,2160.969118791112,622.4276206266672,163.19777744137753
5335.210802753961,1388.295887868376,633.841917051801,136.05004964152548
3270.5865179640264,5747.868493018357,932.3492327277227,241.71556675980554
4908.122573395045,2381.915271255348,1320.9742137573662,195.71492743816694
9257.444536300209,9577.100497753101,305.88397452011185,323.4779283257265
3362.080913995586,2582.9850991793874,515.6461803581243,326.53824308723654
3204.3020993841437,6995.512897602595,521.7538020162231,80.7281606641612
3800.728610702755,4022.7052120445546,144.44303439690717,47.91116024386692
3966.4360907179585,4705.6541892604055,842.9283477366248,338.9782917821087
4461.2112996938795,1740.501761292235,259.1339073859672,358.41254604541245
4563.702615990755,7515.326517509681,851.3359768150011,325.30514225658413
1527.5815997308177,3281.800087108096,902.9210594382113,218.6157399909275
2971.665725345152,2350.4704545813283,81.62329363754924,160.8785236710185
9649.70746678139,6302.558189812837,716.2042770417814,129.91687523259958
2003.8049945408293,4597.730350365646,425.5917629954389,26.08677970319057
9700.147942753016,6310.832404746636,980.2199739693833,200.33547068663526
2051.4054496707677,1698.981398157161,863.0157310503138,179.53782328104376
1102.9492639810526,1926.4952964466775,1319.7729518438955,237.52596799945735
7777.981282525783,4349.397118386673,1331.0161886711949,148.8480840773865
1517.177135725438,3337.281792312545,1113.3164656324434,115.20822544411114
7536.083521242732,4034.2699191189854,915.1555973387512,101.78326313759688
9197.652263057618,4478.044318013735,1442.3479556402688,41.44800915331587
8725.064691576066,7863.581463990326,955.5948607876052,246.10386527734758
6282.690029980407,1274.7113718140408,483.8857200251587,332.6338718941594
7795.783933688676,4528.772868805901,1443.1629086760945,353.94649514936447
2651.8927552107107,8365.201512579446,29.81517067179674,292.3509694987182
3570.356975123525,5096.7813433592,510.78144893767603,34.37673305004971
2698.5315372487757,2050.3864991528817,591.1565567124943,158.75248680894796
6711.381379072364,9425.841102487666,1444.0114795277925,205.12401110527085
9819.250125241606,4220.660777521161,20.053464209805533,93.83946845278454
5093.29990513309,1763.563838565255,1457.6766261893054,119.7956555643187
4813.804751949658,9263.739611924604,1263.3692432427542,116.32354630748284
3239.599020093235,6297.330444698927,980.7597170011866,192.7713774339706
6288.220988117997,8151.76156723465,389.9627723335805,144.0400366053575
5548.799925551409,3753.6490725911804,567.9033103939066,128.43086153101004
9783.881584112863,3807.9139367003395,735.8957108846016,13.596189683355735
8380.060528370985,8916.65445235707,826.9660394030856,180.4201823030448
3795.011628859536,9671.541618034316,418.80541398818104,53.38930224761745
9563.003264737852,7282.06133401975,85.34894441755263,42.10563526839858
5074.059872700389,7172.904201165143,796.2020647686057,210.9741338199237
1994.545978917337,2471.112551538614,1173.747090574409,168.76973958876104
2634.49793103089,8476.664944838036,547.4298700881004,269.43265001933685
1281.8873080754063,9081.002234676296,838.8429894196668,152.66677191665255
9513.59954742089,5174.059016747546,732.9782182027458,352.59100068057836
4813.371939575485,8977.413587479256,1147.086040941446,165.9936936234192
6303.333180575302,6259.2275535816,478.88090980030955,43.544221187898586
9411.271275396968,5198.797094155966,1074.8676604042864,74.61652243755518
8195.776620605251,5045.030611820972,316.04670013016454,105.58978537659466
8536.747221347738,6286.8706389959825,1497.2417305818967,59.4914936368355
9339.80999221231,5732.717571870226,1368.0193896520482,290.4212448002205
3789.94170002767,8592.350375361746,581.0174464608899,263.516312538216
3185.097078427492,3363.7713875110853,1289.1212212600612,147.82209739877823
8305.297965056085,8569.266101112153,1076.4679729245333,309.6191468783524
5922.451670587535,8411.963352173641,135.48337412034488,38.71045933947985
5240.559779749487,7360.308314425562,470.246531556623,185.23992285976905
8063.358056260354,9999.504122390583,1049.5788155856005,184.45319129004767
5771.69177786213,1849.88066653368,385.2998657364284,136.90245818280596
7976.591367180137,6449.635992355268,285.8358672316982,22.264375042461882
4578.399026636487,7222.979434484701,105.41964294397168,19.56963064312754
7631.2626439001215,3752.9607938495415,1400.790450585935,14.79365937622305
4481.583533027786,5463.5031939049195,533.5780234018773,49.45605257269347
3277.8574046120416,8897.328635307766,201.25902746930072,98.77337060987588
4329.350606170566,4804.00705152398,216.8553740311288,226.45100343559074
6118.435327246033,7056.541315375369,1363.262754703909,311.778792194288
6232.082592733279,7042.78932632835,1218.2605479664085,78.33188488228897
9071.642891905532,9808.473112827945,345.6274306357581,255.37911768800868
5118.43594953249,6331.590030779934,1084.7726806149028,21.890044990458154
2475.7283404485956,7460.111083190474,1078.0355589168482,33.13898160824575
1560.7991668862248,8680.2856487839,470.06071004438127,65.75907633039962
6421.999102871896,4165.907647396143,618.3204503298377,18.824491794049052
5845.7049975878635,2503.14771227487,206.41451152845437,320.60817083776976
7377.285620343171,3578.8512214945195,1152.0326613470822,190.55105170173687
3248.7501497938492,9614.89612763178,1058.5367320460166,112.30150462134118
6807.82861035554,4979.340996729619,763.2529183572427,150.69109054111544
9121.938995054545,5988.156233919991,1163.5150409613495,247.02821058723165
3927.0732136886954,6363.798442955027,1010.2084914253192,71.77776136479831
2148.4691802344078,4580.722129930908,5.593536228895507,25.37889500344889
8761.746392657895,5965.906505974997,1154.0528449353747,338.34018123929195
6386.261211942416,6717.767398774164,600.1798755638985,294.57249787075517
8336.291645401407,3825.5041591853123,632.4122790125066,193.1160385576021
2441.7703544129126,2570.9138135889452,613.1321180755957,209.55888239678126
3536.0707581261368,6988.098644104012,1076.9800712145943,16.77423826749311
3136.0042886367146,6804.325505591947,698.2994975238357,214.46105520755017
3937.946335814254,6557.738721402755,1498.9062463366233,210.75378146024775
3709.1448787303193,7810.159039238707,496.4475580315407,239.75582757300512
8036.618814218117,7306.217250742946,167.43604718004994,300.54604274297463
3116.6278856101435,9397.263361011484,796.2439138169773,291.0228062952283
6973.731133346954,2419.180531738608,1380.4760904510592,101.29995185748065
3812.9099496632152,3702.9681510015675,687.9467796473576,266.8254093583545
2942.656777271777,4958.338363807697,157.07536015195402,302.69081146963873
3343.434571656885,3022.82917359411,657.8605242321346,269.678346611062
8329.071684241035,4986.286055642264,809.0398012897017,308.71159718151733
3153.3348413351137,2017.7681188626498,501.4588712705827,262.55644945315277
9513.477217225409,6677.136164838073,1156.5113960019974,24.925373302947158
3632.9225113205835,3227.188006620888,112.33705573444428,173.30043349471873
9737.106674508126,1599.9691519557757,394.28284181750513,167.40885467928453
2071.86703044067,2456.2994092116755,1481.704792938093,10.31315838742842
7703.470166822435,4328.58489160393,826.8530671425481,211.25293735269332
6095.489141446163,5681.193247549501,53.41044017051201,213.25350368667557
6651.464525687832,5222.9411052816995,421.1329276425482,348.84211763494284
5799.966251327588,4292.882922313143,5.484172965022124,289.63383356370883
2713.7560241860097,3398.871959521768,583.9794808996347,182.08160300286315
9961.773203764193,1591.2600000238535,1181.2472082095226,327.5079228061328
8291.626250059644,7676.637725452033,397.7980485866459,134.16779408566433
4183.201668537589,2653.125883909689,1390.298729992652,184.17488028517167
2641.4374745884306,5726.618203692258,732.9747123191987,148.2260766452526
7232.9055450299475,1103.371803084159,1265.2529937241397,248.96234414131493
3542.793736354763,8076.519947243046,1205.1997259546442,5.539625663531153
3756.2632957961846,8283.448599568925,1148.564490958645,280.79764949975925
7079.533188022247,2052.9733199076577,575.0323237730752,114.628115160565
4772.631214752609,9848.882364138139,221.10968551325433,250.9007086330737
1735.0193650020306,5581.828402156491,2.170817086107414,147.138707066025
8541.839465905618,4613.895617900862,558.3750402565757,237.6372849839365
7759.41917321073,2559.5467640535626,1290.0105572348389,171.2544802973626
9529.232425273236,3490.1143271985807,397.727729232104,288.17765754343253
3558.5162132763176,8993.715332042404,155.99059710346864,278.6656670978148
9605.345283074095,6456.11539981578,1372.483106495921,277.76917756819114
9260.56709826781,3221.0708414024602,537.4473261975389,292.85905007105407
2596.064435325455,9597.625567632615,11.046217862411376,251.50189348002561
8469.329905034838,8922.705894926767,958.0325057817345,179.4898546263411
2178.8319229972685,1888.4427127875865,866.1122924029175,320.8868270686186
1242.4173753388113,6012.031490898639,777.305093887812,149.98362857889182
9163.699042193439,3758.05453294582,76.76128306764032,159.87026468349106
2631.5080020426785,1288.7345232984894,667.2216537952287,59.571072024656075
5659.147995873918,3294.3377111999025,915.7048699540119,66.83745598909375
4540.510694480334,3879.3861147593975,1224.6173127541742,98.66642702941998
9342.03436685321,3595.820719554652,952.500046752906,93.94410296699533
9678.13659512444,5669.147168091134,1342.969794066444,267.94158491619316
9778.154014285528,7007.26259157904,919.3189086774613,173.12731114563763
2011.414588997291,7813.662414982545,924.5147023140086,354.638040833873
7005.102995603193,5945.019762246942,403.1844624789124,150.33702375327766
6332.872521832838,7069.764211041374,789.0271368272379,17.35441191260477
2420.1425306231667,7088.459947553568,168.33471495340768,36.413537522472275
6433.246812254409,3466.740713501297,1105.1339551253502,66.84769484108574
7709.240568869592,5972.885571033046,290.0594267990281,334.5545371047606
7276.782378961705,6265.3852329714355,986.6416649442102,78.92194381553446
5384.878771990899,8094.058975845393,468.31474538812313,200.60847908461787
9757.449886980607,5408.597504445641,870.5576900429328,219.32045264300226
5309.806134921228,3185.257647097127,251.7429116318663,86.7055833690016
7511.929655347579,8698.992678572613,1158.8543193886087,321.09919324101986
7827.287684885553,8492.714226201308,1456.7983232638471,199.45961512629887
2115.7400213830524,3005.851503850632,619.053321777711,35.99023347270805
2736.5829061819995,1913.2518208745882,1075.3971951330432,352.00769986090637
5110.529077885102,5923.610722398511,1360.845572724695,292.8946770049781
6601.868934627313,8879.502608052513,1333.1967574338978,249.90322037648184
2093.813191825019,3174.9385484195423,187.78999751147367,311.6042800429273
5285.501259107574,7094.75219739481,725.260585783961,251.0068674115087
2131.8785886161895,2142.3884369373272,1124.9924030275645,286.39398374805876
5943.5037594042615,7859.080425203611,169.6414663695897,119.09893868308406
8473.10868953625,9829.585761058372,119.82123109432632,62.56656678686585
3433.0944636522677,8153.631265425115,776.5024677816614,265.6999184553151
1165.933498894916,2434.465564480485,1206.5976465003976,197.21598705263776
1490.6898361964293,8556.394775364666,1115.0569733298964,261.4039451694551
4801.399928917177,2023.615549101933,580.7816783688237,108.7417818065547
2043.3209521069743,2285.3670821643937,805.8309312369087,151.63707929766076
7086.389316388037,9830.830003387775,771.1827525598491,282.9067594814944
9393.130370465577,5709.740788173559,873.1254864245262,307.39334033164386
3728.459972503754,4037.405553021108,1162.818485925449,49.24164851035402
7020.9683627961185,3589.15566617917,980.0387261373518,316.4992839821394
4465.364669688586,2609.12880010108,4.785036342784146,27.770948174626845
9792.50718951793,1654.7809329115553,163.7954327455929,266.2265081882567
4451.955018572136,5200.920586361169,1132.6206742450554,169.01767133456428
2414.7037537802703,5794.087116561931,29.199811656896102,77.77535692252856
4753.665796782403,7221.200147016074,77.079455151505,16.27799376310847
5008.091937760171,1421.2148245299268,115.0538212024376,86.04697430438844
9562.030234522137,8248.79854118908,604.4817729973863,177.17631095206127
1376.5041892334457,7389.703792704055,1368.5970605955079,107.21382798852942
3123.4631935445227,7292.5374633206375,1003.3416119176436,314.02158527504133
7191.458454082411,3343.952628082182,711.5141132427672,178.71851469809647
7937.702708684419,4730.742096253884,536.6224718797754,340.6809184901271
9632.762275311201,2504.389379406665,986.8348935977123,93.50341777261245
9309.815162478113,4205.550744229697,698.6258908630059,73.78091708295047
8465.247289004015,3192.365046474824,1360.6868350468894,213.9068025408362
4352.6353722875465,9645.70323226256,898.3795701586713,145.20758711801935
7312.407824637307,6564.691589985111,225.89074469977237,37.601014751567796
6149.490293189354,8976.858218193247,298.8586206297745,219.3500635685961
2316.6524997354263,7045.323143669038,570.9828138053946,88.36833558501186
2919.3840124538674,2009.6497444737083,1193.8010723342188,146.697179573387
5988.649580529984,2158.210943263726,1283.194401916966,240.0883784432143
3027.981869894452,8394.483392275177,67.87875205621215,325.55823448229853
1460.7710276608689,2338.8376448816493,464.42808686159475,7.4425214550507635
6213.736908635483,5520.382091681136,542.2774692358784,59.95701424466267
6704.916087615959,6363.68336516946,1178.7480396605392,341.37226323798444
2268.202369714237,6225.648631821012,778.2696499917521,331.4314539200438
5971.099646630032,8925.158600715873,1115.9653992776634,190.94195097052855
8595.02947502475,3436.024681183946,627.2960722206959,219.61718786931883
6896.177759902019,8118.807821055293,95.30629898000842,130.82043084205574
3597.7069145807955,1925.9308559585797,869.529793974603,84.44511972414612
3548.7459520769617,7887.522972198936,716.9469452490681,200.3115673006978
8655.370781134314,4105.757819873132,84.35410178157488,290.9427908721589
8784.686343143603,8069.472574700881,1350.457565559421,80.60856753867131
7626.0993156341865,7996.223382771699,269.1849565364751,36.40585992791239
5902.079828797715,2498.3126553670477,693.7656111610999,129.0298532476111
7394.76855617861,1827.347055598886,739.0811059275536,120.09651783400035
9749.59652329671,3965.0275773802823,1470.89118272566,231.58675511349426
9854.321288039195,2963.7103063140357,1054.6125377456242,238.60771182476563
7882.436686834992,7639.408685110406,923.1626615481688,262.5145184276629
1945.0985072200774,9837.941181118971,356.7177091218317,81.85577047357337
1748.3437475554715,2712.828191288352,834.5954891348064,232.467963583271
9474.066114558942,3165.326932868459,490.7670219608724,79.34790259460326
1962.145541952236,4733.241084371679,1129.6624537090665,119.65917416519521
6883.71264662944,2119.5699934380123,273.4132496908299,275.9119744681857
7027.302623667506,2506.9796318257772,1043.018769120942,95.66792466016778
3939.8183242280056,3244.2202289908823,1019.5579104706887,232.24960798008075
7521.791633735748,6527.3782657600095,145.39275847808153,58.65412660152182
9255.260456117074,2449.4161791358083,1283.1873518374694,3.692280494319724
7987.14693989079,3883.128621452123,38.94448037580213,218.03786280019312
1465.9603910942426,1748.0016015146798,1349.9967012383509,274.8051414384298
5648.248572191607,4002.9413171204833,711.2719187046083,105.28925093935875
6375.7582596154925,3729.433359181088,1217.8436880350362,318.59583771996415
7213.769346290193,9366.931979578414,660.7477882040738,61.538074749052385
5467.1274370672145,8984.08435067473,1254.646299125585,137.48105750412668
7806.851681673191,3604.571986012493,261.89277523912574,345.1457573301961
7519.519604009534,2693.562613337478,1198.0394697699899,251.91881028072703
3956.8558634791834,3612.380998948058,482.06142066425735,108.26198512131877
9576.210581187142,9933.963962013746,1405.7064243555951,53.87028410958684
2880.412634115481,4302.535865963469,634.5437775296201,56.86196040506251
9154.982473706972,7633.04970404564,647.418704155208,142.79579040996947
7118.2383677181415,9867.253673326746,137.42534100859885,84.36292246307386
2861.2806811220353,6763.426419401389,301.92432416686546,194.80245901565544
3692.0817853050307,7565.737455841967,174.40059410011446,94.3324599470263
9433.791309060285,8719.895777018231,1098.602983222989,231.83548644142056
7986.6861145117355,8320.368761730311,8.187264141154948,151.35406078433823
4380.083642873339,5629.128095141571,627.5143301659369,55.12592188297319
2322.942047148062,4550.249433762796,1289.0668558098967,180.0500659893679
3185.240497684046,1963.8509679342683,320.7469290015257,131.16911618192665
2824.4152935900665,2845.7961854055666,25.10065383576293,308.0427863189658
4895.788921064639,8684.450256837334,1262.4974732378573,38.06574445154852
2246.9057785572822,3755.428533986593,1383.5897541235981,153.9527824374414
1133.5397192360304,8120.422142039163,1065.4759497766665,188.04468553130584
3893.915058068046,9472.710293825703,582.5256385779278,345.402427408866
4738.534539557712,9012.583771867032,211.56855692554728,50.70308815104374
7051.1886930925775,3579.6818630811226,56.283869995150646,25.44591754559728
8795.413498813652,9020.997746350826,463.4478526500282,86.66556275596268
7894.35713717884,2255.7839146469755,1299.8639576298863,344.4282014772792
6238.981186696617,8288.071854195256,179.9806938187148,80.96836256971484
1480.602751969121,7420.563147503452,574.2387531459591,143.0835845970459
9661.162158168663,3352.5611145383104,1491.6012772815257,2.7266307805365244
4529.166701759637,2144.003498239976,307.8075917503067,80.96806500547557
4878.725968368982,4666.326369178763,998.7019709009028,283.230460080784
8781.624975687511,9878.700919886012,203.26896248877347,258.79100318187545
2515.0214057056955,4690.83877241319,644.0739929129346,355.3203757766928
4357.261216541524,2533.709189666426,620.9300110142815,259.29306935416747
3359.017752372756,7785.579419655369,1157.1262692285043,31.963213595698168
3566.4509418618313,8202.755787475622,940.9930803121782,196.27664503210787
6472.846498355062,9619.548891222124,217.1188603158401,22.036309758504277
7755.507281767148,2154.143992657924,1128.986168814522,12.042427603335787
2926.8556475497,1336.1381094521923,1157.7578846114907,46.13622174786664
4068.444917253107,2174.82361153313,769.4664664475383,97.23006499334797
2496.5296788380983,8467.588486737948,386.4707203762234,232.79404123065513
4647.552736907415,7270.366970830388,17.363243376885556,161.60037435025538
2537.0256805911504,1821.547775224838,1405.5157620789334,156.36254968911146
7773.250908583569,6087.828868779356,655.8198722576512,309.8590285516915
1740.5718342118803,2827.176734286941,1181.7535752678546,99.40406975738112
7331.334436044073,6291.897511016748,212.03584842480078,49.93271538287082
7930.374614342654,1396.7765516220686,640.0359670513709,237.3598454070184
4021.4579272946967,3431.2788026995568,327.78322498453576,316.1010013434305
8153.970678814959,4669.471919537938,550.3285290306196,177.2740623783758
7446.7714916572795,3152.7677222274087,721.8007979928982,35.799198185547304
3092.474381424671,8022.338261143161,123.59677845843073,270.3317614571633
1749.833002551754,7948.974917599136,915.5408697561589,325.13491318126233
3900.4332707313883,3767.491715355037,635.5029209454049,352.62017216991853
5851.669874332238,9350.595991740833,144.22980574003407,201.73618504203756
9606.217267672184,7066.016068846234,1254.2442118127185,126.85655098282189
6198.599655841038,1186.6596430025177,132.453514957459,35.17114270179392
7686.754898963081,3737.658406708092,1179.5047942944755,259.7781740352525
9176.174304274764,1584.5823129214043,170.26170677574052,12.434333625808918
8632.9055320082,7277.161367763518,1138.0843470882567,187.4087625580039
2108.7161335013566,2078.6193396687077,204.42775629151433,89.27034823195594
9739.081952540739,1930.8793582320532,205.81059916461706,25.772337788837113
2403.9732643421285,8629.91875024573,608.4443585579651,127.00648609846556
6924.555598693454,8194.0211074946,899.3811893720411,19.329464808259544
4292.408014837448,9651.6611963732,69.95088716787077,350.03538419002643
7051.049670010506,1496.9783126332459,212.02115478699855,132.6034673512669
3962.389815796955,5241.9787726446175,1455.8052619205196,125.95158159172114
3766.152329915529,1316.6076724535933,976.5050262218979,42.753580621742955
3963.6966857277944,9746.512604426101,118.28988150746116,202.95571337191393
6383.842794709523,6863.580865674624,654.1614248378531,287.67617009229417
5540.8883828623875,3916.9035852158277,769.0964780180649,353.5096048308058
4487.889014848208,6029.962939206297,1303.8010627728431,305.66710656764656
2446.5021553774004,7837.068525458659,988.6676132475815,105.80638310648887
9242.085444915223,3266.665132260886,1093.6398880310958,280.0915208600699
6962.476641336711,3174.719803372698,264.5944717680067,160.14636495376843
7067.633298976984,1224.3306506585602,1379.1304704434892,74.5560763689621
1700.5967390817596,5549.1552980255,1207.4034267412146,155.30011568312813
9670.38197499092,9032.0209824148,647.0009657067889,326.624955478482
5191.698402976424,7896.939827077778,502.3140379010963,188.31794699259086
3516.9711114498914,8605.848609139086,1196.176892471846,91.98934388070474
6749.1360507772215,6674.737458185762,516.8402982349705,50.127727656253725
3415.950150126846,8825.123687550897,571.6201636088491,357.4438689856207
8824.582598048684,6035.405598368567,399.47752229854177,217.61691690376114
2985.149576915437,4229.635187999376,209.14111594543024,268.9456079216004
1593.1380759608992,9797.368175726233,1393.5854559137213,100.49993796943467
7525.207790855816,8208.12495487923,1249.561628795943,309.4240202757357
9698.08111023189,8642.337854978166,361.8110692976586,210.62812189897633
8371.696393643026,6918.3689703748505,746.0453619657522,139.26127325241518
3634.4349269603526,5315.024589787454,1396.7551850095265,93.89132582875756
1647.5655187562852,1824.2307730715902,47.39472864028819,346.74160549451983
1737.0390660901787,7877.933170948742,165.47973843543224,105.89922582726074
5710.455443429404,4393.562683919596,1269.5128093036149,232.4349205172292
4347.479555210781,7751.266958760865,408.2064350051289,261.368720611971
9332.606652222315,5227.16676198856,61.810649265913725,240.3497349267281
8671.87058161923,9806.535781319679,35.7953527562088,113.09979946531725
1429.7604717522868,2811.8972382321062,727.4939037686221,21.854168199251006
9177.343148007232,1387.5436957519757,489.97846913612204,338.2217966643102
7017.141012404977,5636.596137729126,1487.4921206585784,139.80279607193404
8386.53845993138,9264.659972231506,824.759773291088,264.51703530316524
8278.96158422194,3763.169148413295,541.9038300185317,41.22697047102508
9519.106693765863,6054.317592640278,194.56856257445702,283.9584448837674
9130.44312129909,4157.6291462895215,1079.086571255715,238.11716818251594
8684.0774228199,1311.2475725764607,1303.8312069263147,130.46596228651714
6154.89423581603,9195.379587475978,427.67722929374395,81.2999804397847
9362.583972227754,3226.7664980229597,45.775242003882425,197.28252816042166
5191.4884797440045,6891.731648082515,915.8386552790715,259.5086005909603
3409.367401104296,5294.186154530302,409.43259993085275,54.76207491278276
4978.027583925819,6726.974553595887,1084.0247262185883,237.10383100982918
8179.4528537907445,8852.14781368181,84.98293119653128,225.01253092099145
4528.480112809098,9824.166756189648,580.8585750927554,142.17821944819107
4817.8869953786,1158.7203816242584,693.7186790323408,153.36164202253588
4364.070950474959,6413.4160926829645,93.32927623423024,247.96166912095435
2064.3502585997567,8539.070038809135,1493.250580839553,296.05153025655676
1903.5658220927917,9963.758011130569,327.946173623954,97.0546786238111
1403.2912053070975,8663.545715633882,1446.414893400028,74.10947182941135
3801.8026640414078,8415.30543096062,443.6943067169671,159.90323670439219
4446.22479465982,1789.0041566410841,388.0130942808766,213.9768412435435
7939.0821645407505,5577.035429944753,198.2918162801232,339.93414270608105
5117.460107311286,2907.4214706736348,1207.753004985077,295.201604942108
6532.35656677406,7891.375238466471,565.4110071919786,86.34477253234601
7076.5177278571655,5775.872023338229,678.9245521170009,123.5964756321157
1635.27050839782,5641.982273576102,287.61956730792457,195.55252056749345
5594.348238750607,2955.959114697842,1364.397125111989,73.31184728602332
4158.576748089747,3580.516741642843,41.75747516326682,86.23886357363271
4212.2880962390645,7918.421014941218,693.662127510742,205.3261663768345
3650.8798557588448,4183.717432640367,1359.75509540161,30.817005455623036
4861.716061345479,4165.874534652587,554.5636809069726,122.5874291504693
6968.849937873471,1673.3466858006893,113.36936131938074,342.7525763123228
5393.599282407267,6999.63586976315,1049.907807858617,15.016066521465136
6993.982452783339,2844.029902488155,802.0013648589596,116.07407547839831
8154.121094708718,5059.138864430861,595.5403142870023,130.57649651276768
9091.214249022953,6298.374186478293,1248.361616372503,8.684596877447259
2731.1108303199953,5749.744779380827,22.65103614655863,175.28327518458374
4832.440494630112,2206.121032233762,1494.705767649174,117.4921437258833
8619.313518377348,4766.811679317569,483.1057990108627,278.68709428132667
1437.837428131215,5568.834494605062,1464.7291640370383,338.9919258159126
1219.3438721289278,4046.2235046856636,726.1814686870871,13.436668170820324
4801.144926796081,2387.620015056229,988.1873072643124,293.7692008549428
1561.9700779244356,5309.1128461155095,74.08898491942979,274.3246659980199
5623.287164893113,1908.7213833205246,478.6667325298524,304.6114439994952
5022.420656056433,3862.8826690804767,498.66289115472085,308.72180205652364
5278.455836915668,4701.277364841553,9.07113237499431,248.1572482169483
3742.720696527782,1196.7217560016265,818.042514348865,270.50832185732764
2438.238790612929,8304.770253139432,684.7373809866992,261.97077430983603
6647.499249053807,5471.859728979557,446.80659386545756,223.71186316843423
4601.592605429704,8070.811203332783,921.0389705189388,214.21744736407823
5096.737159779903,7964.818184377295,721.2682369158792,116.44250511939553
4095.2015200004503,4602.385002067156,389.3255393862762,79.11498745244263
2781.4200267328706,5864.112802165236,1157.799457142631,114.28963106706968
4127.474187365273,1275.4467648084549,1025.776693317369,76.42994536061634
9967.22489404471,3813.426877699242,1429.1780774963725,198.73069857350612
3112.494201442083,4568.810325730381,338.1361677637702,186.48202788763646
1664.129421640508,5280.415219108356,1397.7017419750816,283.52717745479816
1198.1249624399668,3507.716941835235,763.4543667208555,257.7376872493709
2254.409573923459,7527.040656617216,270.27208670526295,68.28419369966494
1211.964432236342,5908.3471683155985,50.46039599727155,156.5556485463546
5707.624697952383,6055.943874974429,446.4304135696848,77.203368599286
8914.962940864243,9468.629923507913,521.1628768071713,343.0694699406436
4047.926920966866,8320.663111392667,512.0484660151499,190.8948812358219
9037.35956049206,6507.041867338507,93.16574238939438,325.27380713908434
3196.849515359111,3696.5243504918003,564.6382207830015,96.34599854733013
1196.8695895105884,9533.302145991944,1319.7117344862172,251.38489289670693
3527.542359287685,3484.593185693614,406.02962477858915,144.06955186739023
8471.027870820311,3387.2097113581185,1051.6708483168509,239.74460586831103
5948.686312794987,8870.83559265931,317.99071398743376,248.7495683006561
7506.596580633283,3301.353669438219,812.7042923323761,175.74637206662015
2408.3609062641417,6425.363148348797,456.70458726107967,95.85879220597411
6679.474406379471,8198.461279489105,1111.0494187319723,31.760965563691435
5956.45958805234,3972.304361916156,922.5936854560249,337.84767297020784
4554.456539996565,8083.717033387977,1430.5981906501906,201.87971940176766
5182.469852665052,7179.2610826205555,929.3857495975129,148.24690074367038
9573.864228902814,8489.17351409939,374.14901080865894,113.96596251927426
3074.5281222952635,4388.204106555397,455.9324807614169,346.27051757464807
9942.946167164495,7282.141498620928,1228.8478035882672,288.2967969078752
5575.067687899789,7505.193928771294,805.2499118657003,144.94990464570014
3908.6067982725513,7088.232496503854,186.1483143727052,253.53520431088216
3978.027704098812,3602.967289336963,137.17129987919049,56.71442198622356
4384.521820507988,7487.8131373777105,1315.77785265619,134.63620488183236
4898.77122510934,4081.313348916916,513.3246807336752,289.14798392073584
9512.373699244848,5140.427391529167,715.8767747268312,137.36283769751796
3028.514763747283,6417.108027174517,1391.8380458343645,284.1503076781796
1649.6479101126247,5586.7822258066035,1248.6519082564953,206.87801515949806
8511.499995349592,6797.959037278365,984.7098275377756,33.86124675982778
1433.1796513078248,1183.1557225689805,1346.09198081286,289.2603122106973
4139.186045286389,5487.797218274179,745.6510302350512,44.73570248104621
4581.137306289398,5758.349122813575,908.8821635261343,134.37244384700628
1855.9552563048708,2315.303164128728,1441.8518636139884,183.04617537600467
6120.885956984384,8201.155067825679,141.6736449706468,301.9310997576611
1659.878445005075,8983.186390664305,1209.1089482719428,328.5702405770897
1693.613354353979,9608.562240006982,255.48320338824402,14.72812186061826
2562.694331396956,3798.8036532625406,932.1999841746185,336.7515599527116
1429.5280443974048,4460.174041976157,397.9042113562364,355.80913214141816
9531.552835991619,5028.392666175005,830.9336751899174,108.97347612100134
3597.400071657262,1435.5418455845372,1261.7336308651134,174.2742232250586
5957.081776571367,9389.895931025641,445.23994790491656,190.087821999744
7217.406583254504,9558.110359086611,1490.1604992299751,160.2214208327307
8022.377184214475,9700.004036293602,912.6037600018365,229.5309130188352
9596.138022847252,1840.5888314305598,98.32834782798584,194.37443513271958
3623.4733564806384,4564.13756151724,644.5830777043697,359.79362227300624
5669.682631946196,5095.383300708676,688.2518676130443,273.16769630643654
1288.6001752113336,1871.9323356510768,515.8373683220341,97.68074148051889
9789.240894211584,2010.5511093275459,590.0828603626115,356.3470714541233
5180.489601418988,6211.214379874445,312.60485148640333,3.409716792376804
4804.190228356266,8888.124709373373,977.7251127144897,73.69269991896424
5400.6722353291725,4525.4363903096455,360.1948813931646,217.27942826056992
4247.246740058688,5471.249101436862,56.09905623932769,98.65831812279892
1550.8427341259082,1527.5062485071392,1158.5985959261814,108.30261682232054
6771.4784096623325,6422.569147533251,352.2252993964005,304.189375557637
8286.74007133716,9571.595645949135,694.076875325908,273.02536369536404
8932.688202568826,7446.161358584014,673.7022511698838,352.16433618991437
7135.75755005322,8373.801405966751,1011.0099237403917,343.7744263440139
8192.666686700095,5757.41938936458,240.5072927594624,337.02040038475315
8940.783099344297,1853.6675831694965,238.12365074579725,310.30863594539653
4811.629105042792,5250.635965358463,406.55228961863105,69.72280958000985
5552.872472208333,1370.0603895910162,1406.6750414972591,121.32085660091674
7839.969507612202,2535.1878547859287,735.8868482431066,245.87677444735306
8858.030233379828,8946.639933336348,1268.1790452872344,94.55287852026349
9341.995664202539,5301.610638480968,603.2331556532753,39.58482259204593
6215.9303136743565,7317.388676383315,447.66950623853444,78.42235981854637
5598.406457631265,5646.251426550817,360.38802452617006,164.15206136588657
5975.664520349037,7377.766919121988,1400.9872561063953,208.96583909455376
7217.8653790428525,8997.513517168085,1313.1503007091228,122.46711429748284
9602.985930763502,5203.257388928056,1107.7113436473212,181.4046551885708
3366.006905404003,9306.313154197742,1192.3547812967402,63.52524128539538
2238.1288493702477,8080.091938612287,1093.6489073413666,74.79305663255654
8074.165916450169,8519.984335135245,1087.994811035347,158.4870841340958
8840.552119452776,2887.832162912792,729.7518440573974,44.10056684324522
4299.428360092994,3432.3631957093417,1133.7090245133297,89.12787942381163
7528.531511437425,8283.306404686142,928.7791026984239,314.5510979263566
8822.118156312492,6020.905419555661,809.3053326110438,302.19640359618313
4940.339841544826,2991.2500752970373,1374.7515365892984,215.0827628002489
8137.673404762547,8747.9953507687,877.6073151709542,156.9680746456449
8895.70292789007,7406.39570065711,183.87543714160086,86.61521984626609
3642.0047395194683,8182.451381686319,1287.1258285177225,303.8916950822118
7159.122166709226,8248.54141767907,156.67202965648204,285.5172280718782
3935.8197755965716,1798.6379070590192,1313.9779383045955,8.541729524875533
6450.403104117685,9169.616516704278,61.86497622407642,344.9111237920224
1595.328174355206,3585.473225835455,1475.6325148316787,342.0829347607188
9859.416497819408,8420.525184555168,1258.500974555816,295.9148228181072
9404.896336645481,2577.270730667515,1291.3721583978472,184.86114612776305
9612.450425889068,3570.2911444858273,1432.8359475060788,66.82040624162885
5276.395959824195,1380.0731476455596,1072.7740366002595,63.79315187694676
7630.595146285756,5256.124625447642,1274.5112348886175,78.66735658424956
6287.4827733680995,6240.488200990008,1323.931140605859,278.87019258589515
9029.1817065865,9707.162405120534,645.6929027480244,148.5875499529867
2365.5776159917873,2723.7835248711285,1219.1849069079558,166.02174957876832
2458.7220012704174,8553.27850777733,302.73461735246406,239.9051835300097
8935.2302765409,6934.377808849672,796.1935732260513,308.981033808009
7083.848602109511,2867.9794334016137,1038.1042789749906,6.896910294107836
9122.347824689596,9555.111006218487,1273.3436041822106,208.77292203213585
4019.3408334743285,7130.33289389909,1040.9018654614356,95.24198832574257
4415.226826163309,6370.472703044251,515.1832962057531,199.38247177354958
5278.230057898326,9883.378261350019,1023.3802746214437,1.4054847673473745
1947.74084511227,6250.61145672067,548.8326320367962,357.90287135147145
2717.93214920449,6516.362177485801,142.33625355854448,352.1998650796462
6451.22191234826,2834.033248546658,230.1862174181988,191.47706521985393
3394.156562706024,3468.750236911495,441.65516425494036,295.56480818834405
8137.180263492078,1678.631192448849,978.951631612666,39.2371006240195
2967.6832948509655,9229.901065572305,275.9032792955774,187.83631233332676
6306.705624446665,4430.47036175208,1024.9926349058446,148.77531094115983
2758.106231855602,8379.701623676614,1229.0001130295489,130.19459141016327
2748.1409566601255,7903.26011256461,221.18769591608552,174.55279355843962
9291.028411519492,4363.618671032458,575.2356727280124,81.13713856272942
2148.0240091216383,9133.51116974761,441.6621809480748,63.31165826663686
8441.600039322519,1687.0164272965208,1472.3126335367565,259.790774966248
3947.7594736272736,5435.418907786956,1069.8442399667822,101.14214275449442
4143.3959057968,8754.744241670604,539.9343528394922,348.9796947019808
5722.237127311414,7105.422336028651,1006.1622689116517,129.68360354237794
3031.1514733543136,1170.4381019506068,1049.673875323207,121.48122715799661
2011.237252252131,2437.0564679461913,470.58618526657943,254.20388794470568
9970.525921480674,9343.97087201017,710.9091998218375,172.20428511073533
4268.4581038875585,4744.627837998367,1332.6568199230708,97.19708009959997
1162.7628460335084,1601.4926679763544,387.39142474561584,124.62207721557557
8561.631725784184,7977.924696603485,834.3476847165381,48.34835461149844
4438.701670385359,6974.1802399428,1368.076466637495,246.09229835243832
3413.1151008135585,5174.190982333235,389.7121956493902,182.7886918901957
5536.143793577921,4655.143830464327,1385.8998697042316,254.10127180784667
2117.1599818672107,6117.009689700488,608.5751765400478,108.49772865518884
2032.4413390483069,5680.779623450661,824.882420946076,158.85702761951939
1280.8198798544527,4256.009206869885,188.51385403255915,335.76384511062867
8055.190654209058,6759.989715009297,952.5973683317218,8.581234249285048
5204.108092016491,2933.9462100809815,1031.1062560274106,121.80947996617441
3511.1036909440877,3524.273755864933,1399.4042627209749,297.52951641393645
2340.4454513968735,9114.618499111077,945.0652509579546,163.267896910334
9999.83338652844,7215.89215118455,561.1594526405647,348.97460641533286
4818.587827302614,7117.214623792052,322.3160678716356,312.6639513800976
7714.315039917056,4390.303327432658,203.12999563748915,158.36885454785596
3715.9504350548805,7447.548178793017,951.6199076423458,256.5209324364523
3923.573680411998,9247.584972970279,1022.4522947871724,189.71869537562245
8888.506629407177,4522.467703973976,238.52298181408503,317.7093063381697
4735.997512329666,6379.430119584271,1005.0875051000999,88.63003322415253
8347.959594938024,5459.4618196682795,1461.554841226296,232.48227584340742
6688.016398916658,3612.3634238599193,570.1259324792625,172.42605731158716
2391.441393887675,4154.936012392354,1315.5349320663156,196.42812492773174
5052.598119086926,5887.763364675004,445.51802748919874,213.66615889036683
4739.920006972018,3161.327213327359,1302.0776743775698,236.0466033375435
9138.833029904577,7120.579498910309,1297.9160722000204,190.51575343304475
7513.497908745184,2003.2933352190762,929.1797032421201,142.0638027822912
2726.555245818158,6291.144459283683,121.62733223519935,21.82378531298595
5836.949391009405,9627.562579412406,643.3849267993435,30.900579544099575
4716.177710541453,3813.756244950415,418.1181220166272,270.5358122849795
9693.848675824089,3715.424317893398,1097.0677990892295,86.51390995567493
8613.768963820157,2444.5494471285315,1039.567745617019,297.6808151401613
3275.772913655265,9621.462556781733,851.7297697489882,154.18362289161715
6479.618955232098,4752.106734584624,1034.160399309052,46.09644808566144
5935.772663163596,7322.79838358469,510.44667057155925,248.50866047665372
2840.016667537361,1558.4670051610974,788.5500327738243,122.34618186914841
3461.4837811503835,8395.129824646221,1304.6057247185756,26.93674564490567
7788.518272104507,9368.061355053444,1302.0768123490905,171.59845431287698
8978.54629069378,9152.717335242869,865.6907411188696,282.2877446558444
6893.757367398607,4445.848742440961,188.21013311820568,64.97969631923843
6183.014020641268,9265.287661435725,486.71734114440466,112.96357955697776
2939.095463203347,7368.753403583355,1407.6788585441925,58.680219196654576
8710.602889697398,8300.089329227067,479.78081629518323,78.17678186892459
4872.628274275734,7431.027662045992,711.3356677191305,341.2505978288948
6204.351875374538,2551.3032598738696,432.36986683633984,59.92533860288137
7992.276447361503,5967.92353108015,864.9906077337243,47.63476697204904
9146.378119840858,4916.496809062044,266.37120523071343,152.14847609817053
7000.751919309551,5894.8742123895345,1171.8227935964271,295.04803684190796
2573.240413961835,7131.55809633566,1081.9832719284768,169.19660248241576
6498.7246835839,2998.4358225064034,1244.7441423507862,232.9226828208462
6600.678850682005,6791.758420087741,689.6210188544163,127.14968292379223
6390.689204957788,5104.083442462848,1425.2489717663032,37.26680433305934
6546.6076789058225,7804.012982613343,263.4200484106511,332.55555120139155
7077.968219065899,3441.755128305876,1222.6449157176178,252.6065882974376
8176.628234292922,8462.16946777925,470.5434675833942,3.338129438508085
4088.0252352192315,2691.9884659297068,1040.813571295181,22.783607435137277
9792.132887028072,8394.814503031148,1349.853008150243,192.83683881298018
2422.185000529117,3178.031379617888,490.18418289817185,304.84947145722555
6662.296254148489,3113.608023379291,439.14985337228785,155.30517679392884
2911.5924553934856,3807.6947491546453,1234.9892525282303,323.1269708985403
7588.540829202837,3597.9221429290856,637.1517462158095,46.203285859430075
4309.104490552389,8055.085138307914,1074.1928884542197,47.39125176985548
7533.205773202253,6130.680758264567,1409.9016673089106,334.1756703367877
4392.498744533113,6043.351035482265,1257.8786674875118,273.1077250072948
3767.619774676461,2818.6043833068916,265.8097802969573,1.005315816086921
9119.779198167476,1769.6213132875432,324.9750361002171,19.434794610848066
3258.6800763967317,4645.082116867139,85.10037716525028,215.9435305696121
1996.1022223891753,5945.8960060142335,689.6343858391252,124.12234401080865
8494.541306263387,7780.644096099495,1222.9986619334622,76.85621869299628
8540.610443540107,3651.848155361082,219.20841968992838,26.857876429516637
3204.3868032518785,2017.381862075616,734.9478385060816,211.6570266278463
2358.5302397783416,4900.525475019211,974.564037009408,97.60691753432906
8254.334351080432,6706.9648894199745,101.86162450685836,83.66581899991449
5117.685147037605,4441.122882496624,1252.1536188129883,29.39408861049222
8548.925426529499,7619.739608870122,1362.6965612441868,181.52768688872294
8384.357853985897,5960.023004685334,484.10052778115494,180.94236571651447
3416.7794213727875,7224.064032013285,1009.7145749804931,133.0923410043169
4277.471559600197,8054.915352609912,1044.867097751993,270.0080816370241
5992.61276258334,7271.799265726896,943.7291421387374,24.961608877148663
5999.703172148937,3922.748335263676,1490.831069424434,210.66982776413022
6046.571436260934,3540.0543063023006,265.1258702661052,116.36507103592592
1284.6323544988213,3498.3928641062835,336.9665234290624,197.58459384891046
7895.423195200003,7390.42002341943,1208.077285448452,115.31392716660507
8295.351708105634,7853.49649749357,117.15243994309697,155.49860478696718
6250.20603226336,3920.5184117073186,1022.5067402382311,237.0434699460654
9392.092792770052,9962.953609089616,1067.9581258027092,89.1058488684073
6048.025563699675,9256.0357635824,508.6287451853819,182.05412416031243
1507.5473917780548,1800.944307928196,1240.6520697657843,326.7510889443752
1675.3029951422527,9139.870568241857,996.1535424222263,23.838724285613075
9123.986810521139,6264.023463667934,366.9170487827533,323.7042877423346
6491.404412181944,1582.7249010158646,15.193874750520093,19.636271332427942
1176.0354409441488,6009.7090364652595,13.529957554937054,3.382524294443648
9328.446955613239,4369.099536143074,1135.9398439042477,322.6053844299477
3490.060486096932,5790.729229309568,515.9521844114672,264.70736857572257
7923.737362145766,4197.50600626999,837.0937934069974,357.6530510545527
9820.233941553852,3169.2390118634853,304.59907355286487,254.38405915808013
3927.461268494176,7948.552380645631,1146.601197066429,344.1086039280111
3755.3626578706826,2417.011785417847,468.82782839549196,105.19951779460528
4861.560991951199,2560.332437985606,1337.680844891966,61.27197182908499
1563.8389329142553,9169.799592065297,632.7348927529861,102.59330413850886
8941.280453049669,8797.629368940605,791.0703181391284,131.90982275785498
6697.829412914353,4671.291754245676,532.8068701377391,181.7395858604867
9432.583324676983,8989.953371626789,878.7087734279743,101.8182936616417
4784.598613553123,4493.230680544246,544.6606683440236,313.16060886101343
9678.052398678783,9323.065901123124,1488.2841787436137,76.63807489583924
7578.56816141816,7514.826879121586,610.0168572043216,122.36980694247741
7887.063402047239,3132.751416895824,199.2421273331979,259.0383405978217
4247.307702793016,2989.861613185615,23.60812179422535,230.8394545403843
4683.314222249488,3650.2807268555853,308.09269382979807,256.8060588117218
3069.0285770300325,8423.077748408683,1075.9939092660181,355.0515319979027
9294.724418137337,8098.367210157338,885.9057270438253,180.19688437902465
9187.97821363778,9350.647915097563,1036.8931099672402,147.17920389806912
6595.939296543732,8935.681773394359,714.6204551156,131.570591304033
4851.128918845259,5906.182166025237,564.6279845412025,326.73568603323884
2042.651628416373,2934.3634785514987,1457.8153023092982,342.86931259423073
4557.2252265199095,3441.252180586082,359.4318638049773,144.5908948276984
7491.350954591891,8538.611151606983,423.2770791869178,95.13058235172733
5423.627369611695,1564.53589941559,163.98369507361355,176.27133569648367
2482.796835573085,5725.203248810049,890.0267887601656,329.1385190518908
5983.927133749559,7595.0086215463,1496.7489473682717,329.77014757134924
3574.9604621759768,2969.5626578528563,416.488612563506,152.04289100468574
8150.35309865539,2883.289273638982,1359.1480972884729,197.76902478814554
5694.525337435268,8051.192329521248,788.4870205574618,347.7424783336912
6276.725503662663,4513.386888812196,1331.517458028073,200.13590736852524
2887.5936997054687,9933.830057202,938.4077388993742,264.00134312179756
3111.1384948801356,2199.3670244266873,978.4455152634295,318.92903831511313
5532.5350368935015,3852.3554022457333,1431.5641936270044,234.95327170639322
8530.113414498759,8617.502343316868,1174.9370477644939,234.84893344831826
2705.0094019849357,9882.225174394978,187.69334335958183,61.48953523379265
5926.284221056581,9536.571371445674,1226.212038360392,15.597195591465038
7930.027088376947,4463.664353405591,1029.135783872109,132.99109472689196
1202.0424552422885,1621.9752888465316,553.4695999693483,306.32868862155834
9368.417387034599,4663.070233030316,1448.5430520941316,222.68522217378717
6211.910600539874,7096.76218161982,1433.3083409737587,48.087813007434335
4094.7328613243526,9459.583646742012,1076.6283329979585,113.93915665628303
4611.816312714031,7211.478671748652,1123.3300985891183,26.64850995054031
9931.670621129064,6814.260852199478,681.5507465043953,353.65375906206293
8330.56656543825,4055.209131904102,1386.4495630024858,341.89071764900433
8234.408432255434,5491.435396955346,237.05954567886897,269.9782814871492
4838.241655948221,9218.752980318455,789.3957679837702,275.4056296602918
7274.749452232611,9659.164102548402,388.5231367340124,59.807192676026105
9632.416541765375,7359.914291123696,23.42922026488475,334.65467109396377
3435.3505058416536,3895.5666185773443,1318.1951501200472,169.73239642136664
5236.324969263665,5374.1751512453875,147.53603810430084,165.69077244411224
1105.6894179503104,2128.44028414649,1147.755055381209,61.339594646095094
6523.107039771164,2458.411934645059,593.8627117195555,155.76168576213837
2818.891699807893,9245.44717035566,163.69783878645504,136.89713896387792
2460.0406925851194,6799.952351412624,748.4546107916394,305.3172270411421
5608.771079379495,1861.3665149775431,613.9539837865607,233.20935962497322
5823.356313849823,4245.780004805294,926.149638539212,136.2141163742276
6016.757702287102,6012.307944328404,749.6731796935688,48.940745910245084
3728.329481371359,5543.590160783451,1299.2848183297024,54.3917192148935
1947.7121441593258,4021.3616927178964,1110.630967920598,179.03770210536425
1608.7634930127876,8902.338486427623,869.1856073089778,217.7600201873386
3653.045625852657,5378.102463449765,1139.038514139349,48.31070530135876
2836.3833464474983,8859.150475663268,428.65242853957056,12.274188028551137
8615.406993952689,2524.624429463207,281.00838240238676,214.01276562986877
6743.607722881581,1945.8268343745567,1212.905164153333,97.1804856810746
3549.3938029967817,2491.264262946431,11.66020905556306,175.43039189736936
7013.388274823438,7004.400625781506,1372.9443273117802,292.84498212307045
1423.9636198285505,7242.142820418524,1314.1078617378107,147.24840135820236
6292.0035936169415,3991.5773107657296,1281.7619173222104,350.7565328700005
8230.431460476526,7303.704410389199,946.9651357227262,318.36272489303815
4520.502178795358,3451.030307918995,822.2518774795627,315.5047178373497
8915.892846754066,8752.45060696646,483.2991731893853,163.77766953046307
4033.2681574604285,1635.315403335538,28.474905203714815,61.16142120267462
9320.240333141817,9341.268846871833,9.52365098643572,227.56976808684425
4522.365052711565,8552.23357344856,1033.5276633570331,178.83305223989936
2676.1553858697725,7692.537124095629,152.78753159230453,246.06340573776782
6784.953538138308,5117.412850674503,693.4779423885595,46.6051995366045
5575.915205615495,7986.555317474486,5.56904429298987,247.84875083516044
9115.587857046416,4550.3112225984805,69.5203223887781,175.26959896058787
1256.675124878643,5221.36350427264,1462.3413571788583,142.46134445506777
9836.414365452976,8694.39734889041,1346.0233837670896,303.9221682530123
6730.972790936329,8465.703555699383,834.3064100298244,53.53321463361308
6103.50405183075,8201.162579511978,1446.3549373124242,8.311501065973253
6408.061264695364,6291.41413686333,819.429097512635,35.5017026512688
8523.728244205211,7841.694427379164,1124.654168965412,299.5753452736367
1512.59333870427,6929.0197990053875,288.13849932414024,304.35874276927274
3069.6677832667797,7754.434026224458,692.5416215297585,245.4980053290054
8824.184563609302,9820.452319579972,909.1972771603517,241.09384444414533
9338.134473807562,5778.523961408382,734.4568705186217,183.58853388079055
6604.391084973867,3620.6123478634595,1304.2128808965726,77.1139265250711
1787.7452349103191,8572.426113905087,206.43185912558377,7.544626374084501
4663.258788417127,5381.2648264404515,1233.9039924769709,150.23573679731723
5578.926381888805,3889.8757089217684,1220.9755380510205,29.711557237948437
6587.540748135479,7344.221165566069,783.5394715896317,27.645178319656825
8872.334196393209,2522.932775196502,189.2214276354125,251.0585776174258
8221.56663184279,3643.9715534427655,1049.2517908882267,341.1513659440805
6155.292261811193,4446.517060603628,575.9828948395048,36.96283615284582
9360.8138389577,5890.120623525549,426.4344215053222,87.57699141665046
3993.8722206439656,9663.003110574075,1375.5050988275796,262.8314973020579
2556.422966137154,8902.70587795537,96.37019346791202,323.7362053508336
7532.004707486081,4828.965935688236,1208.1818670207667,10.805983648765473
5139.105883391705,2797.396731715068,990.6531249799239,244.50840971364792
7630.541195276086,7338.009527144722,996.1156820220324,67.43007820269996
2489.808790945168,7280.809579174151,1375.1097744263068,279.8132450822515
8916.405080405399,9477.214338745684,1257.0484079228772,84.16909538402076
4689.04832914102,2388.785450652358,1281.6937121570709,295.17528775783336
7010.369242944495,9854.50418808171,129.47765762346125,25.100993262327567
5320.354526463245,3927.825290413624,1050.9024703308685,121.01169572734639
6648.461200612666,3351.8651682053533,500.7582722954258,313.6508469212388
8734.593806381854,9413.42262191899,902.4363532210807,200.95418870520598
5146.256167352758,4290.055496114961,1173.764831324058,317.0856025662638
4203.631986415305,1130.8796206935392,1431.1091763021707,45.650930635171235
5174.450482517195,7933.010883134511,712.3746908373664,75.51066155546904
7825.18903630366,5903.267243429228,883.1873629705608,349.8051942877656
7774.622110425106,9221.000160095587,1401.365993930098,284.22859804993914
9069.585649871893,7509.053856891662,800.9462525842736,288.8690151853063
7329.246323536663,9121.990498264933,1312.4433848472227,26.13683131496913
9006.66694787093,2984.625081539406,605.6228626155269,26.439523719346596
9691.482497880086,1799.2030066392672,128.76816543572562,211.46739224160444
4557.401512073758,6841.546145945458,1369.8358880338756,75.63828978285092
7188.700798676337,3657.922065138551,704.603247058032,45.08136731484215
6646.56200389019,1790.9202719393572,620.3076052647477,138.9748588272086
3566.848578306475,1988.5560909413402,191.92709242154896,278.75869150503553
8539.538925897676,6607.924068056476,867.0429221388097,290.47626248773815
4013.438001961011,6672.124214573496,357.76030064040793,79.22065535010347
6739.321164903638,6483.932858567945,575.981325402451,303.2290968786782
8921.31549312313,7404.946078299149,178.85910154875052,37.9054479371645
9510.07290390648,7838.332497565427,452.00461062183103,212.31910237487247
2207.8338013790026,1382.4608703662097,340.99671225784067,56.85378731559368
4309.424161995561,5760.329519298922,54.39740155156168,216.99197923899303
5994.633507078459,4722.960097341482,956.2201353233346,135.51781701393432
3379.645212863135,5494.817331937289,692.8023679799767,12.128196783790235
9057.838089184443,7418.999923173674,1033.9957307494471,225.1949582531522
6206.7782528259995,7467.824424312679,512.4704486447688,214.32228512249728
2959.546141017493,6409.411396780304,32.12387687603118,286.3846574558434
5181.0317521005745,7431.494927070201,24.822457079941987,113.96493503809977
2077.153214432997,6797.998757001334,223.86384659989199,156.97176294616523
7184.902141657747,6428.772318285467,1269.3534715999338,259.4611236719629
2169.236866774817,9652.946884479075,721.9593025905825,188.56727676299136
3219.6222213376404,9149.472892157817,218.72127529523266,328.08919213371587
4961.463340213264,3024.954896025698,686.9292422755801,26.901993239911615
2125.0396168912857,6361.694591869132,727.9174650358099,28.875128723734097
7809.61737204968,4690.03290199127,1010.9411069450398,252.91047772759956
7385.85919906018,6342.447116722453,409.43471379355003,354.26316274464773
9569.443307272228,4627.096593316717,1404.943706095641,281.9917350674823
1250.6610251690317,8983.833800639803,760.1606125546577,182.14662676963349
7709.985601658599,3352.9618559078103,841.3577847806181,155.7266240988752
1783.619453043497,4961.26524560403,230.2444831347208,59.199669663761505
6529.620755254728,2071.954823058004,379.21877140390467,114.49741869192066
8382.08124741432,2531.666534889488,1463.9176012318471,232.0351896036814
5396.670652444316,8074.407888967444,246.53648316234506,218.12726399179851
6490.602702041459,3391.8121556359965,695.7445409717079,245.7693436870091
5795.825418952815,4399.518510586047,1259.597831715414,43.81707832908111
2687.765039275913,4282.776660168339,1077.7720620840787,282.87594385653483
7618.741288916185,2297.10169995833,1252.4694201609993,142.4608017230921
4725.926031084864,9750.327230918185,1229.3812831858254,4.033279386372421
5762.549117959669,5236.22631632311,906.0423634780594,125.85579189242489
1654.532620211858,6508.67699285176,1392.6328280638756,257.3859236868691
8155.343509629398,4093.3191724502694,770.4688197329036,301.5610270891517
8977.956870268812,2419.0761126010893,908.3090508804682,200.58982393584103
5529.424157570463,2834.3692687165208,1101.8088218253365,334.41381091272143
6504.021208977729,8803.965114126902,600.4707840188548,322.967549242674
2233.8636269558924,1972.1801175323349,466.3137905551453,171.8344452268253
9603.087948926828,3636.9930605776885,181.29124952088517,316.06960729203587
2475.3601665278875,2039.0938458495916,1043.8775626349116,8.167209694740746
9709.92499276023,4185.3958459655,860.0171056394208,112.45078536673508
6417.959357165371,6651.709727761581,766.8804099612556,103.51187817994413
6240.542704152127,4378.273415889979,628.7420942012894,70.76935649684509
5600.240041032371,1931.2813504476853,1468.4151028046567,29.02032995411422
1527.4793373197974,1511.336462499951,1397.6224639038062,325.9584629976997
7100.617138187257,8131.06527245912,93.79234653541876,269.85191349193343
6995.897914015667,8087.4202282927845,62.46012679521528,291.5650335649191
7584.990757532194,4809.991117237551,1145.0164492814954,75.2938887989903
7524.6838684711565,3905.302865291614,372.5377849489125,343.64103838991514
1834.8829376449403,7713.314964404443,140.24328173181135,18.781827213464144
6802.831897962655,9497.094745372462,489.64926372098085,111.70840359510312
4077.9788083896833,9092.883233846207,1473.4966402414443,48.38597805508387
1188.9518872155993,8368.751345416593,869.9045416363908,241.41722971200457
8082.187137274521,8358.94838012987,7.6700778502772,42.83212326899151
5919.304503000005,8689.817283769404,927.5971408069755,193.16381161321814
9659.109897803588,5828.899619629059,966.4534143731717,20.041115266685285
5222.5241458657465,1999.7128433212556,658.7246347846225,52.64104182971567
3941.9809935101775,1491.8776774263063,614.8193802821228,7.800524693644483
5400.861039172144,5435.26968879192,1332.4943694226386,79.67412534375144
9488.934487583872,1979.3686063137093,1032.3054725486631,73.34604259471915
1959.553010430393,2243.1633118400405,704.7571889545557,139.6003072224929
5676.506012984176,5372.228095504329,660.2481343973183,107.01327008289074
9813.209674654598,7434.859810997001,871.4855753892099,190.02201169563125
4672.3899120162205,5351.232280107189,159.85067899589924,211.90253634269072
4349.811728141428,6819.186639093507,1313.5910063782976,8.39666248940393
2313.134307328409,5547.114484616493,1460.8244466729805,77.98005995875285
2443.85584409913,7211.759626667148,1230.4710877592609,30.575861847068705
6207.692513342886,4155.608656768807,1370.7317790365817,28.965260215906692
9040.644233771147,7094.588790272337,817.5422144769059,62.62658672536277
9374.196898340071,1104.3078599885794,115.43074111626032,179.81571023613168
5312.172300316533,8819.052260842476,221.91715335716052,12.569142931025183
9961.772151435962,2431.3567775298507,862.9534035202051,55.89136603954806
6612.26053861399,5969.312365495828,375.15214737346844,100.7230105586149
4980.509519190612,7148.612521832039,522.9106287190377,167.20765778516238
8545.218067429576,8958.822224896403,329.10686003215454,291.0107633277584
4349.268282384552,8893.191503051381,562.7964075992413,191.39292051755567
6503.348110237072,3760.7655118834637,1363.322173285684,120.30136489372984
2066.9087471459416,9279.096979939157,1187.5212053322296,188.49458914024694
1766.1401820540254,5614.92233267959,829.1808681541445,63.519259642903364
4162.224327791757,3296.023423722251,544.9123583017199,314.4926366177183
2544.142407536384,9979.062023301973,955.700888799773,85.51811509401111
7783.806469229873,3468.2180151882894,555.9919377510205,239.85175829736585
9863.911894198302,8990.582245746984,1299.8902600843282,189.06683067087505
6401.574965535198,8030.799208143839,965.5824894804169,279.36595301907676
3761.41079172379,9743.900199720785,19.026345297840685,3.6526771044663047
1532.058638600782,2246.169241294754,1045.837815153711,149.3895042538334
9754.72661408593,8731.485883373112,804.4716700357027,46.49458499105957
4852.012357239239,4316.2166962783685,463.9315465565612,266.20705740119877
6644.008232635999,7202.948544507085,206.43258481708335,158.23503871499545
8160.480778734468,8852.897219811093,980.4627959885096,338.6656683493341
5421.489558543937,5428.7016137610935,632.2451232728122,111.55090816920332
1545.7953019708762,1876.3628136391474,613.5336593183091,178.8303251397402
3124.049331394058,1453.840699647335,681.8348040788255,205.83157915628365
9681.029241008617,9927.112670415954,136.12636224083107,297.2792441200075
1486.287054667936,7947.309046087488,1349.4130164763744,265.4102731736994
5313.483438678686,7059.169610129712,206.57343230168038,290.2094830277966
8339.265214965122,5360.040416624714,1289.86049939002,33.70080731711069
7286.154949488796,5987.1271466620665,905.1652661941777,322.753371343954
7104.411681176619,1711.8467333126846,262.4572022936568,27.064345935689985
8785.89191939948,2343.3821948788554,264.1993181459051,223.09195928231318
6239.0560457889,7588.122249145721,1499.6141895924168,101.25028423148129
1303.0304559952522,5340.138231587563,484.41803462388503,116.97917510650177
7081.995150253312,8275.782978370335,521.3183383461983,287.5297105150817
7642.385868034176,6702.448258187445,1169.8638320805983,170.005196509732
6871.875563659847,9753.025550776574,364.3725516229742,140.62309573658865
2633.2096002862636,2147.948232209871,719.6039192186803,286.76259847940327
8828.338781660437,9871.439046005855,1123.2551010793472,150.015673279298
2680.6542740518444,3293.559362562191,439.93052310439856,347.67427922802545
9065.426253425996,3508.4652798677325,1311.3902107995646,205.56644677442563
5910.869750603867,9910.190720649432,1218.7181409055108,175.43656037989007
9208.817693449058,9359.878844423452,739.8282271378561,155.34780267892182
3993.6947688758687,9520.582711008827,859.4931957134434,164.22767201570286
7044.948059481083,7063.075650778496,540.2671917607498,158.64945846951997
4398.9240964112,9919.420129902763,60.19527102122926,194.58739844643395
4248.502980981428,2204.9559994062583,395.0962430500101,223.05498924534635
3988.800523083345,9224.69532840681,178.4380428453067,46.32451354486959
7399.277137244429,2613.6277012368027,1425.4245818827133,9.041950536263617
7561.767940421072,7871.885617380942,855.96988857158,45.29280938255491
4806.897954912016,3786.897679581023,1130.0071365325255,333.31662472270193
9962.985602597046,5132.131720300005,508.4925759170334,94.90191732866407
6829.334718978896,4707.3053761705505,1079.2434382284437,51.464287228531596
8451.303183958016,7497.174649795919,1398.5719475172903,5.720280681872428
2301.623733445015,6343.822962445293,121.90146132709658,245.11537937477436
8122.061279410969,3082.0347417564144,1436.6265725557985,288.69751857390753
3392.404337820696,4954.435560349597,371.27593711138275,131.95756010344675
9278.210769588375,2952.1933352008746,1363.6878840000898,351.72251725714847
4249.127721699522,4933.937108857017,423.22633170204705,102.97825485108082
8320.164766859147,3083.912016423972,1246.1771692374398,49.78429564648347
5613.454696049792,6537.438368327786,533.4787485973792,147.1655390880921
6555.783438274962,6541.229320245651,1448.3636961286288,323.53011524117545
9386.164599525566,8325.460992356711,281.6315098900984,135.3535466592726
7571.663788270043,2002.8970950151784,627.6747486832825,81.56625922623451
2252.183198311164,8117.339116312465,615.2804395447516,18.024617183692538
9272.37274637153,9145.579171037329,1458.1575956696422,113.67508269630376
9479.231799336485,3715.540305652518,326.3771374258805,75.99308842458193
2304.34967741494,6072.607982115554,1290.522729466065,80.20404219232839
6324.8735478468625,8425.376356105764,320.7720696507262,164.36484530232613
4988.015416774242,5740.684614739413,45.338883775059614,35.830066045038095
4482.360100935111,1437.2628047605501,299.7004368037024,252.90988320237764
6422.253234565575,7655.1968939600465,15.736037095359771,354.08750818316076
3379.0551214444313,4063.445240276908,117.59910426107454,297.6607078496467
1755.416573682524,2059.8085969282247,1213.7560943832914,335.6646127966358
9056.847034923936,9641.260347776202,211.39061322607625,140.42674971751512
8092.576214560321,9934.772825810898,902.5328454816103,215.06744399863197
2436.763040992769,9458.016457854232,1075.4343565643428,158.18838348216713
8207.646532282684,3556.7768177213525,307.904041294512,262.6623093221525
6238.442795672547,5202.199778611046,596.0900397625081,28.664055881354603
1943.434360934107,9869.471918631467,588.6402017151139,40.017909208201935
2415.4302540633253,4233.485694711158,149.55809231357665,80.46975543621438
1780.6403531624433,5192.963142403636,1143.3433766558549,24.674954939516997
3834.7632669677737,9813.79729271059,1002.5515073208771,51.66509140697278
5030.959256067885,1240.270800921006,479.1288814649156,67.07576599497665
5734.2493301479135,4545.4691722603875,839.2193916568618,13.173549974332463
8167.726575094101,8910.93264367826,997.4857544109401,321.032393264645
8517.279097938455,2445.727096142095,497.9920770299234,150.18695574359822
8508.229182123985,7987.324044978278,146.48159820363674,14.669471396809273
5140.388565645626,5747.552396946931,439.25124712782485,242.16237521259995
1144.9314807325568,3484.257823172111,586.6940925274971,250.6226381359724
7078.057388885831,4235.508296271342,501.06975745950325,172.2526796683454
6234.6845065856505,2396.8308176529863,1056.5726839333518,67.78905691422777
2856.074359027296,6914.04353296629,886.0342852871039,198.15118434187093
5438.123657320816,7744.285326963986,1164.4786306222652,51.29957002709225
1220.2763896907684,8947.565917630825,35.15945375903545,266.975344113288
4237.188822976452,9244.756063577808,1429.2058554292125,23.7424257707539
5900.965901641128,1966.1409094804762,492.20870320426076,300.4246987040447
1126.1896209501626,5152.942909655638,373.8436793918532,138.85453835580157
3915.676557010104,5682.960438922997,1062.8645026294648,15.305188898285943
7971.692821777111,4520.259559806236,194.2310778474163,107.71477336640763
5910.631156962156,7198.482417300316,198.2456589011556,103.70625600709772
8656.657556291606,4784.545661351217,228.18142833598802,15.801923068729273
6356.694017753951,3636.6473134332928,395.1476908881886,149.52750928262168
9442.290167766361,3175.1566551484066,180.59194111350126,84.57987992854527
8600.456085521177,3614.7089248052193,509.6483926367433,330.82726480363226
8303.682696868607,3573.2876377754105,109.16172317790378,121.43541508676621
6213.380680226729,9465.11956727169,508.18384149263227,347.71078492281737
7192.748225721362,3747.9617442970625,279.2460136378909,188.567567636405
4774.368298770311,7224.346075645406,604.6744315601602,62.16127090121177
6184.422802752527,6239.81688300442,1183.689418876395,229.4797168612202
8982.621615671316,4031.041151021337,933.6630473010287,247.20314772784894
8711.18784196473,1817.8193300899293,296.0390932942227,77.12971342198401
9365.642622019144,1992.4164831286162,940.5234830263566,148.21526399924878
1419.8451318499394,3460.8390336547673,1295.9885717026605,299.06362002360794
7197.358638948692,8255.230799282483,86.53109266765036,151.1976122187343
2877.0834255801483,6842.5809443576545,1326.6610871471426,84.54790848864461
6886.149268867835,8720.51496360448,687.5905723439793,203.43290247074245
5448.0747204950185,4760.990904513694,1122.4877946473948,152.1911069937197
4419.939858465646,3025.7575678567982,22.21978920538393,92.98010837680495
5190.3146723451755,7003.751505551639,906.5693807467275,9.907168044232526
9686.992144720994,5958.435046187951,1167.3421963466626,64.39840361343842
3482.590139508812,5040.2674753013025,1464.5480185911804,300.43451641946007
4672.433975328362,3371.9167143677455,450.03610677816096,166.64950355950882
2100.7623217236537,8814.24179168791,1132.6195086321693,72.64494538733162
9615.826463298554,3038.6058658456745,1082.8617636771394,155.9106895599831
2523.00308930666,3585.9130858819017,1207.816707564774,156.1995167257523
5231.078200285903,2090.860433528754,399.9100094490611,50.29680663987569
2131.1011249834005,7128.9092309738135,170.9403542528691,234.68196078024508
1699.6126680262037,9957.93644200917,1120.1649507711693,172.47656597506176
2416.687440368064,2026.0412078488864,650.8417223736361,215.82386053637825
8664.282713282513,4778.278140741866,1213.0907196039216,19.33404188274097
8900.377307672801,1689.6570683717998,3.1966186557710734,96.42705224636198
1456.898821157275,9335.122636265292,468.26060623878965,247.8217593865733
2190.9201619143423,1778.8960873240826,31.007470151072724,26.797424941725442
1965.1789713434564,5724.063412321462,460.9179358700875,28.459960920485717
3133.014281074292,4552.325961192751,1097.9672826287629,24.13817397731077
4557.079810735577,1594.8999431508894,885.9661128922368,274.2438553217159
4625.23531147356,4139.038877468476,463.62708128427533,5.02021096425403
8528.404572876545,8801.327239567901,684.5910028828268,113.50950404176645
4724.15445616242,2444.937691825129,157.70984168804554,240.2024234034216
7586.017960395939,3725.497937510253,1098.8029904642342,89.39410398096061
1179.611593810708,1627.6984128757654,1431.6246817994404,116.05868282986984
3991.9379939893734,8168.092874263978,117.8212309078457,182.71315609759836
4164.603750366857,5573.682246816941,394.74646386337,344.92056838088536
9165.955690243609,6909.839396549043,1397.8057522313982,225.77334225583695
7379.117772979656,9246.746715295347,280.7608786797588,59.815129756427275
6215.10722849158,3883.4538340335394,1273.7262854943879,347.7083291477961
4282.857806832315,7383.028911838575,407.18265876605454,274.0564684459466
7743.704443260038,1735.7229869154064,46.844377903854614,54.69589482118057
8824.739844082003,7539.370278141248,1383.8108959382396,29.988643962561017
6479.187673028269,4753.05933979254,1431.8017982613896,248.22511194543648
7982.202001849109,2972.566402244256,800.2065054376071,312.98121044511805
7835.411332115295,2713.3110782669273,316.66174712935083,123.00221530109584
7201.866814655064,8809.812539334971,885.3757752074001,158.034911610537
2517.6701047260094,5570.643119506744,989.6950319588256,89.37699837327484
3006.4431807937353,8757.67120896802,259.3750775099026,106.2547732231642
3661.3853584045687,7839.5045989336095,1244.5027785451946,296.1232255650721
6218.318610473212,4023.9089990864136,975.2181436062821,160.19661925927036
2129.0475707309497,1908.1832114861782,612.5200406827831,326.7470388606567
9906.709322480936,5976.177033714293,1343.211864600318,93.48155312748419
6834.191529155209,3882.498196817161,1149.6916627659132,192.88948695726344
5836.193825338445,3343.41412372072,771.0454403401316,83.95703741901639
5106.384493781563,7407.721477012751,433.2356448479467,89.79621491098263
9594.969742071293,8617.215822549622,1298.9117468145048,40.402023622068384
8926.037812246872,5227.576799998696,669.5038778341202,88.94619612350132
7168.489562116909,3125.8818043074643,1025.479082343462,244.04541173150693
2958.2404876279847,3379.0202291393343,508.1989195820628,231.22620402734913
7321.797552374934,7459.200617239447,1213.4651240815315,165.38996359861318
7387.32710327602,2060.1635188877144,178.25080088665186,46.554747125248156
8050.297236610489,7223.102277151084,1189.2190586120807,185.56367771085692
5358.995501353926,9641.988293648037,639.8789272550167,359.07775741384415
9777.838530029327,5926.925020304059,240.74610164572488,48.72523924551716
2390.0621524388,2109.1563871268,179.20435856778536,159.2131519479395
4742.00516180341,2138.938389624198,1293.2226992536955,21.68920494639127
9976.732920487897,7470.573514181426,1427.0675355097267,125.68301359282869
5276.567661575152,6521.353671217605,747.3987316391413,85.3634706715512
5980.17682987778,7862.212309112379,440.9869899780796,352.6475290094455
9285.406872229687,5978.144589210836,614.7614513399543,90.13925749614636
9516.550354262123,3734.384355913116,464.19882836282727,269.4980187608008
8715.48358561261,8573.568136101238,38.79742355290247,261.07449574098206
9468.814584380636,4095.5254200711925,1275.8912487213274,47.23551425608
7499.947616476165,5362.950585286856,69.75974976033775,138.8268065599084
7841.829105212446,9725.688182281869,916.9184681805211,203.89342494659377
1934.5364137188994,6335.0120399796715,277.10895169319946,359.9612544824001
5131.667153336775,2053.8629547871333,538.4237599323701,126.60916669694595
2031.946285670515,6132.689552901629,100.20402705737445,41.48329391891826
4426.963814361355,3309.4186000237187,869.2738834253367,162.0565210840828
8097.146248094819,4487.734850971645,1063.6392360038303,218.4310027456753
4403.119468474319,2333.094277403853,450.3254506365536,287.8968666402769
2823.921755416033,9333.025874199044,628.8174101237771,321.01849184867166
9801.268642352892,9176.42444425885,1358.4061673550063,240.10751055892945
7752.390659061545,9398.168087422198,478.38369607187144,211.44331568407227
9734.949549996478,7184.707999042899,517.712835685815,292.97838050184475
5716.894149754263,2674.169350663049,1159.2588997629525,48.12278762581695
3188.142993302925,3078.042115061906,1142.6086941570227,190.4675026259039
6699.49074076009,2916.2097595967107,729.7542200512943,233.5440090500662
7279.01468547977,7299.8054834557,152.76527649344698,310.3891529956481
3391.5095475253743,3177.188000571332,1389.7913652982031,107.68426121871552
2522.5628058673556,9947.992953332927,1300.458524288966,245.3317997163552
1938.874474080082,4151.271414698169,1094.9473060690696,85.23216025601177
9415.984634070082,8146.316560380315,645.6312641353954,134.04176587623988
9961.064807106304,4915.531318818652,656.3307214458796,53.71351974770583
8805.418954552682,7381.123227873153,914.5730033184849,135.75306647378167
9139.727456747538,1582.8988643977798,79.20318110372234,133.37388248155082
2597.849360619109,6361.38054406404,811.7742679745818,344.11356179264914
3796.7243537048726,3942.930437486901,337.3675942930203,353.1236108498469
8975.820726097398,5737.9671150327895,216.21673436903097,81.29195974041949
9420.122603230928,1265.6204476762491,355.7456528874652,137.40120120012875
5883.795165820051,2974.444040362002,15.080392669000274,171.63865855211293
6905.697174584057,1257.0090539632588,1092.146166342444,197.23487992358588
9515.449578900001,7451.546324367697,1121.3074278211313,354.2034183523315
4425.494086028491,7265.930559490266,1480.8199337748135,75.1855382514342
9664.989486303904,4507.163780260718,144.01131339754818,85.64499304790047
4393.639387644447,3842.9393871004913,135.8457877764308,56.26656349783002
9597.765601606136,4307.1606417998555,818.5670552325258,351.8832590849893
8785.129931910658,6989.762030478374,10.59171844857692,29.444144636161795
5646.031325378857,1884.7494012175207,1361.7980207918606,307.1153870742031
2323.566044802039,4742.117538784198,1019.4128874675866,113.21635904970746
5651.296384448528,9829.615220811294,131.0587129788675,12.45168045103642
8523.780835330488,8207.454534443903,909.8162624442441,11.703899120234873
2625.3506947382484,6876.166136027451,1.269554984735331,189.60373182237726
5990.9643286650025,2739.5302554852224,392.79171429634897,257.2152693971829
6781.999219460386,5270.195050762553,749.2071810832633,316.8233621679899
7723.324012592085,6537.903984095384,1255.8634560620667,14.703539561052533
8170.215930953478,7150.833190081356,1058.3276454896825,106.85083158740976
4191.952113874205,3549.030737232199,167.20711855242334,169.9589209071981
5411.176649631391,2112.5330980937406,337.34814551962313,243.9863551707381
2097.38797782724,8800.36799490208,456.55085475040346,200.68158932542028
6671.841041661843,3843.5300603503606,752.2265874033707,324.4266560344155
6119.187591166172,2872.8776833586635,71.88310740703736,337.0770150394233
7447.300356162475,7643.665685188417,1050.7422410028623,178.10620816468602
3728.948435488947,5869.82074178345,1331.320149231635,229.08706874533183
6865.449813368147,8668.923512844416,1293.1005463096612,107.00021351539198
7620.109681345732,1904.0364562789073,1285.5245092215364,12.165469780032458
9404.1625114575,8795.787609478994,755.9262872287442,252.8824876214599
8922.302917049694,4693.502480661018,1225.6858643295207,164.17867265124386
7196.130032706989,1938.4466936836052,1419.4532041504563,126.14464886858198
6020.503224122881,1417.7131930981468,15.915794916731025,116.4081131471498
9813.797229351643,8452.435971730876,1463.5740320500263,140.60054662555453
6544.664746877816,2317.480572623341,320.2708750331329,267.8509613797362
4788.147203736058,8393.637241613516,782.3675086393899,57.46147815975542
3766.166679036829,2585.495360630378,187.6304489161092,26.978613667965785
7228.778699544028,8451.554892763374,1040.7768693507157,260.11757601017524
1302.6835812046672,4205.930322767519,36.21239062056337,140.89936889228838
1463.1566383973775,5574.551575804853,1248.7457666989299,9.136100092333137
1855.8851955455816,3590.4435571718154,1419.2678438080688,297.10520939298425
9492.992276101299,9934.85083439797,987.3807962908995,128.71996699404346
2567.9544123952446,6093.358568109796,954.6549908630036,237.0133076078015
7144.473212289956,4900.931218438429,44.86991739375561,99.22959162199231
6318.920318033236,7094.820070459485,325.98842799278106,246.53499333964157
4780.148877241098,6112.466816547491,382.7458314718786,301.0484421216334
4461.665802049383,8585.5012423638,722.5025476399378,134.26066345400952
6675.341174803379,3434.7142684445744,212.70839340800896,245.5066770299536
7423.429551456466,9879.376469531639,541.719321391244,61.53605558143783
5969.990830974742,2058.523651138647,353.18412814658376,333.8878253970531
8711.001539808534,2624.5308996020804,818.0782341652862,141.88656457177441
5698.729866631365,8371.136612009019,1237.8133840525027,92.06256343065736
4569.069669821513,1738.856729418149,1090.1819574828887,325.71542022545964
6584.846769100307,3520.0281811268705,962.8705845510059,310.6580802324726
1631.256323790726,6372.1351325948335,952.8847029809068,124.8789512763132
8153.756243867669,8671.64592928669,676.2059429598974,109.868813176326
7528.884812156289,3784.88812855374,598.8814418993826,111.46208020726482
9814.302224660194,4028.6230991278667,642.4583663832213,93.79228715883329
1134.0432776006419,8644.573553842874,168.15092155320767,2.8478326523799455
4350.056490746206,4780.555213454247,938.3750654679233,310.8532166418985
8585.789566856249,7673.2161478773405,86.56326477011011,298.45900915464125
8095.274573175076,3646.0603358277313,115.26187829377999,155.8703129272572
5612.113271592461,6746.492037760365,675.3878379067189,186.86250921710098
2343.711472476626,7741.4915995275205,470.03855557649985,80.0943740578221
6905.830257757289,9892.922396302554,524.2688276789106,167.14859853886958
6920.202911139469,8453.70114222921,220.858163473019,11.423024106552733
5907.0528787391,6979.733398337429,1317.2496920702833,216.39779243902206
4049.3838965589002,3821.016803611484,722.5316297470073,97.35518085521366
2579.1166710570046,9489.665538693387,785.4632642008742,29.25065001352129
3345.4379529753983,6559.316908405744,1100.2263914897148,100.1345753635011
5750.068375116191,2896.8879601692147,303.13201625068467,25.20911867773526
8249.214421318391,9759.40818525411,717.0977463230682,173.1816997300525
8446.554875486812,3568.176591585601,404.1354318541617,98.92488895237511
7613.526833872655,1351.3500486410762,1204.659886095766,98.73407058941068
6305.574893273439,9574.071736967666,415.2426407345164,254.55701127361334
9155.069401629036,1803.730052925331,962.9425496282262,288.151700255068
4592.996723968268,8787.174471197623,242.86486332363305,254.44796939636606
4323.983524794127,2799.9015022288295,261.54654867151527,157.75158578860137
3698.3194057783194,3309.44446695329,407.1893956453419,300.7400881001962
9339.270250299749,1413.6425222329126,501.0937193226518,189.08801625513297
1779.7481201718792,6230.142271192608,862.1739133569595,59.76371765430584
8025.291957932218,2199.9402937821324,649.8202273591913,228.38940217844728
6000.674946057681,5831.934397312134,1476.3789823300938,343.35989281816217
6832.505872886885,5844.547605802066,1149.07600268748,88.88421281754881
6807.818307098457,9274.866081413984,921.942558941863,18.793192941981427
6298.624852703959,2969.3519519532574,354.347620280661,356.75350822131355
5983.70888466563,8682.22337232086,815.60250087531,107.91606407747635
9040.356022541486,1460.7901743684233,558.0452504792894,296.46831802600053
1696.4134896221044,5518.752204317964,943.6657452654584,43.02875306071895
4449.962482446137,6394.717143859042,881.0737014492872,216.03726867337994
7441.555610756509,8403.111041116956,923.4913062803419,85.01183112551968
3897.467980511689,4056.1571777779363,1239.7071958547558,351.3936789540292
9239.313407920676,8476.012616645376,799.4711056003921,256.91599152408264
1893.5010576040454,1525.7569504283374,1110.3062968673287,289.65501112594944
4598.642966576803,1613.371804172982,355.68256432149724,170.44219361816738
7393.525133191651,3063.0402741382,535.8541088523853,161.87214582311378
2534.9418789549472,2562.36860957126,223.9749663782464,174.29896566844133
8569.245637721777,7907.571299895502,498.1712590132936,203.47393068057454
7184.508011803804,3276.1754173236677,498.96301897812674,93.75304305638481
6424.559347297401,7815.539152565078,24.47329231250428,133.47489982763483
8890.556366213563,7879.952356089879,151.64729755276792,5.861925982410682
1432.6824978994496,9178.092362419353,1228.5235509671304,280.0450305585426
2150.0067408080617,3397.9463023932512,651.9239926228217,293.45909794681626
4982.896298620644,8505.893401836045,254.41598782810394,115.5588932655887
4010.374917808262,8516.031298548707,586.79543323632,194.27937366579334
9492.344331877772,7727.531346650162,1150.8555614348918,175.11064180656592
2534.1513115078114,5354.031531474946,935.7233514649413,209.33331397019842
1327.505089448828,6176.244505741889,455.9466966064408,313.4930861010639
1382.1168789174312,6495.655838358767,79.72403849417184,21.86452573635954
6789.184712970922,3070.94263728256,1354.7363921689373,292.866174312247
5798.686733452231,7107.828930036919,1330.9423056898158,139.15491930714032
5081.979293580302,7315.878285092697,1393.4776115653958,217.4109174376986
3705.9476927464166,8535.61661170121,377.4214946477689,177.68958841190678
3145.8693031293346,1868.715822143272,851.9903753503496,314.9638592045624
6832.625226921047,5347.855215155471,176.38138050637966,312.3766763422001
9484.791688974856,5667.932364759856,40.96201999031805,333.1071864140615
1281.9320172930513,3141.407560831776,633.918783447332,39.58481469728159
2886.9178049626057,1786.236144031868,857.4074327948657,201.38598190642668
7937.474082545378,3070.1027867175926,1287.9687054989402,329.4602684661815
1815.7376516166282,1568.9603318208508,175.60735534641233,317.81172634670384
5037.175344080886,7685.07263183383,466.3406379507405,341.1586640368122
3773.0294412765056,3185.339186155415,1037.7404877258487,87.76360278504109
6038.624431128442,7003.375286581592,1178.7211864094427,191.33854522189768
9945.5607785729,7639.174188362198,491.1982210011225,46.41250157635358
9423.033724408264,5209.911631754324,464.518561216028,77.31263478030215
3854.090239300855,6560.695498677915,1473.6326594574261,181.1324594014617
5231.04265551069,1163.327092390754,342.0497961341684,29.456549106572776
8413.831046180914,2979.459294802089,823.2282033971557,191.7395183834987
1591.665738861573,3043.7962002671743,297.0104005938456,289.57892560732046
2501.987581806758,6463.658263417573,678.9392538144001,79.67825543009214
4758.3948081440285,9473.637242249195,496.9898627786605,337.04409681014147
2516.0738023869153,3430.5810502589693,357.48194673331045,202.84647517738907
5320.370008412683,9319.806776106256,66.84213389278834,173.4637322649782
6011.274885400058,9203.837856001735,622.3815237744931,84.01529229033277
7163.387621260852,6384.137735306104,944.4432204468201,336.0687840514244
4024.2596968119883,7481.78830031238,1056.7150871608533,307.97816501521
3967.1010791934514,8136.3106660264075,1365.1710118716276,168.44692926692568
9592.747146541311,4187.568568436829,820.7674859003707,59.25122954119825
8566.96329158493,4634.622302401625,911.626391044227,124.00575472700314
4442.009595014772,2324.9242682969752,655.6435320030121,20.132586403124122
7354.622550627584,1818.3723530534567,654.3797572450593,29.26307186082934
3334.7004057591816,5321.018410850317,1423.2536509790268,142.2023841637536
3316.296017218103,4925.026163182014,95.61742476812397,261.59900705312475
7368.0665789039285,8088.316503134334,972.1263742982087,262.17327069229066
4692.4355260188,5323.239005361862,425.4835325930965,176.4483443745912
4904.91320852455,5133.779221677412,845.238317038903,12.355282492103678
1398.9982664963677,7088.981545642073,842.5689592101389,175.199441161033
1692.536205127577,3409.4815838464565,1298.0550440944965,117.96194733178996
9460.804316771328,1985.2320555706106,674.2125414494307,13.992247167464846
9901.795798604788,5047.759241522657,1432.1882059908144,199.01866529545745
9298.59782780511,3555.5032719102105,1301.5247330452544,358.2189521175787
7240.676468228348,8697.607590767147,913.0915953802943,275.98056245482076
8484.713397141462,4802.378765075351,112.42028098400236,107.45035230005833
7423.062827552101,1246.0838781619161,377.74205523372177,124.41239066148239
8124.841326384036,5743.48710076648,874.2536456521457,133.46798639066776
4410.725378803163,8587.806049879702,1377.1040906657788,204.3760308683889
7609.699207112963,1220.309599768399,546.6212883190653,31.50416226754251
7974.231119274583,8131.447332526681,1346.3913375250718,284.0999917463396
3149.622564225471,8730.150720747195,845.9065953684602,128.93860416681568
6844.628751597849,7776.550359016388,1499.357475504938,83.75029989124324
5323.72438628457,9923.988752906316,1028.3060891286048,109.90902202420243
2703.6684305005942,4233.018469721583,485.92949873008314,202.2117645123512
9210.046559911218,6985.788088042411,333.514163123693,58.2666286090682
5444.670849588656,3587.3370325287847,286.6983114934754,346.0189567944245
9376.155504110435,6120.804650642683,176.82635625981914,89.82213325479484
2686.693021845828,9033.23020493965,841.7184648891464,284.6019948771446
3592.452063961193,6639.05064119391,1431.746648115005,47.935170816315186
2769.9595892957186,1352.0609814612023,1051.8241196095366,180.2560394291554
3526.8249123108,8586.469801609528,520.3349870965073,206.25314435122488
5786.957845713358,8655.111886597828,716.1278099181366,242.37508347200503
4416.542020479332,2690.5422913900875,1465.7418174274708,347.05086693750746
9117.785705568029,8999.909421183933,1436.9808008109867,81.65322068901405
3929.813043824948,2819.013621816881,964.8986715363768,209.78358378377902
9182.990803863833,8251.103447082418,1186.303728622049,78.80246531362083
2765.146199868072,7045.712605284735,512.773985242866,131.52246836555196
1571.8984474434917,9303.281115861253,1417.0362555999027,99.78650874023344
3446.301172061244,5651.851213858401,923.786196421524,100.05652690319963
3927.7547972227894,8732.169367412194,948.0267219750991,162.979802786526
6893.8734976051965,2774.896538072434,23.7057163644892,156.10601068783433
3138.1228351515347,6571.33771080455,905.5475702000855,294.81998425327356
8946.520456616148,2510.498418174002,345.5579099796552,230.5239257478546
5555.272180587113,7038.872733851805,560.4464116541769,239.54338909223728
7460.202847145011,6593.47582880929,1459.3277934224227,84.92671184390204
5776.302923980004,6637.985158756057,722.9605682852857,293.3400978620319
7676.425949256737,1875.239240644671,83.32479814227338,265.07156498320074
8014.897864564834,7086.990137341921,599.5813525258402,8.347138085937269
3967.4844478112873,6055.514688276409,536.4911747765592,2.4782610177501128
7999.487990239989,5984.299890690668,1354.882949673463,329.61779192339634
6626.158839090489,2922.077908028168,92.33361908836295,37.06556557067996
8439.903485964433,3593.9319780616574,1032.5382940931943,61.160779737354055
9560.45537981875,1367.9444969341691,98.14644903423712,94.78935239070023
2762.0908960193156,2782.012815965222,701.1562969783439,286.1565162692592
1926.5991638386913,4873.006218167759,355.4201914548556,319.2448141600701
2339.071575138323,9514.435681145893,1195.715454664134,346.6544820460172
1248.1375037856833,3086.789457914876,133.78202490070788,113.89548180134317
1635.8628503811663,8310.992010074744,1439.7493429313283,29.569758193496142
7350.197991296126,6267.317803001437,385.06661428167575,167.65249523656578
3495.1738465721824,1464.0141824882962,1074.5013960865028,9.868235828067364
1807.3584341204291,8063.0508182871845,1209.6434050997354,186.44793181433158
6017.250999328081,9548.279901321415,432.39333398461997,31.04103488620991
5023.762432037709,2871.1286841738975,1488.8661488226226,118.71686160555834
6327.299791200881,3647.772827287279,610.4650418125976,286.6858211097781
6254.366736140632,6938.271002605176,755.3557109999987,315.01689038305796
3811.8282435156843,4045.4043545637196,127.27363567885413,14.972849404029407
7125.336808613284,9840.26758996323,223.91513124032446,92.47840232419816
1930.4418780676772,3666.7167523965977,795.6425712398092,18.114546619950996
8917.785309018873,7928.770322466862,353.6743077401043,113.60397808991313
1932.732762217211,8002.149524405903,834.9837044299843,102.09560495233103
9837.708559130515,4353.512327109288,1259.597769873963,5.332656397457436
3799.043423072366,6476.184208565674,593.8711006308282,170.80454738596262
3670.2807217918175,8332.442938630778,26.51166835257095,112.94294267197898
7348.910480998803,3771.6151855837643,614.5563031298502,284.4525780143927
2499.4200708776384,1212.1158089728517,233.82578222055594,272.64737089069325
2226.8325783510245,8152.0171727603,561.0864978978498,326.9300392942703
8180.263541808498,4994.492503402602,1396.716656851521,171.91149669836884
5124.549405933521,4330.148250099574,458.3833911766428,262.53476840407734
6711.228763228026,2990.088712382209,127.02677513118202,163.91929746620565
3193.7768267735732,4665.03933894704,884.1866249385423,98.16324917652416
6516.732030260518,5711.693215069377,678.4475612105724,308.21499515747655
8905.267322550833,9382.63509958407,321.381426969923,8.29598073365525
4352.741937719491,3335.5514245816225,486.31851109515145,132.05531381425794
6981.91028030941,6630.669862233509,1276.3670635040141,80.61533647589967
5892.130519036307,6455.450938799491,1141.529195148057,84.78016604311132
3682.480888788503,9650.674509835044,351.0594307422628,195.0985378579038
1743.4098381049703,7683.1930362573,811.259331575973,198.3756171059332
1502.674044736294,9034.216643452095,776.2788151465128,203.85776017237848
5733.594054887787,5223.105357443326,113.05256273403135,17.204641504665705
5976.305365371346,4523.857420878017,237.4766113807103,53.383658064964436
5559.005030703285,7425.161273347662,326.7308356622747,223.43037679121107
5492.004389723108,5734.837044124687,1217.3941933676833,48.898009010051474
6455.280514139941,8192.270496145075,404.7840612542542,332.92448012165585
9550.862667178597,9891.625534044977,788.2093219909012,140.1339314678719
5709.251270897795,7058.094520497229,1395.8897934673669,1.2468286438786638
6523.423373912896,2507.3274289139795,1419.8167386173163,254.32618413879416
1900.5326874035145,4430.563485407941,565.8619076680249,68.8913866062016
3088.0859819990014,9679.029653007514,777.208892668719,86.68339169811615
8124.122296240171,3740.475535311212,185.7785374307775,55.323666152024224
7587.429460346307,2207.4372308248485,159.10403871227822,1.7123069650645957
7241.624011349596,5335.679141888014,1083.4511849857568,312.6476368588384
6394.293913392498,9885.852726218702,911.7489102824212,244.5617302342292
6756.099281208309,8974.625099102652,276.1038178261933,99.20361611380909
4260.965469544206,8431.832995436758,694.6844998267868,244.9160585312734
6978.447298379668,6983.079365096074,483.4110927252364,237.21830844686596
6105.53661955255,8954.234369226506,1397.8878430504067,184.0687259050286
1559.9541403162311,5712.619632672651,376.7544615912702,350.4232326338914
8804.599008720757,5490.115420533926,1414.1766391900155,247.72960515189814
7984.849127629008,3964.9713633588226,427.6997368355038,73.03364902813148
4051.1169256233406,9749.321840598088,1293.2636743832009,296.48355912896426
1240.5295540063628,3659.1557246455864,1144.435174381302,112.53851373823154
8408.111552170078,8571.670340611361,835.7475427868937,335.89964643855416
5319.700760480818,4489.271713022466,1151.9411733141262,130.40972209929487
7261.3349528049475,2116.7504285809277,159.8716874879998,78.53411566850137
8360.114506643486,6012.386379589165,710.801315449131,82.66072154914747
6172.944846922842,8046.84412102624,1332.495743064195,332.2239008494951
8245.922376590857,5862.020695525777,1058.3191376579982,340.35283854419566
1916.6559126829538,8718.407152600994,179.63152031064865,84.87739882031309
5713.768083255678,2688.2415605540873,921.9029821178866,217.42681751733573
2988.7442201922095,4645.723091546284,428.6616836214532,51.73945254250365
8202.019102399408,9136.163986515006,1345.7102861482813,328.16259060027755
8657.75555202648,7737.464287869531,1179.2242749527754,344.89528561188314
7721.70442138145,5869.427428013947,516.0648962535194,166.40158981112424
3539.275718276275,3142.992771172716,1176.9948715372514,112.3249342850988
7533.828960882018,5800.7021546657015,450.8623050015792,209.4225556426958
6448.5274801147725,7268.665550377305,656.4756909508806,193.26361144897697
3055.7573535374477,8768.1950733409,119.10736734457319,196.64459167480518
5495.288330923052,5096.745614608242,839.3336181820748,25.693790475230387
8037.077590606822,7738.361361912066,230.36000409777807,284.9564109877027
3785.3713550050447,4643.9899340401,823.4684668876927,38.07889196101202
3472.732754285105,1758.014957442531,16.048948116407722,3.7701842116757422
2559.2822706585366,1734.3145718339142,41.6192682028046,120.43184868156564
6707.856152621401,5533.143564933886,476.1137056286486,335.6882114827878
8893.42817349924,9273.06615970417,662.029933842048,213.8747181283422
7659.129948676326,7795.5423886041735,1107.1916737463575,277.9768110715425
9102.138511459023,1467.2923927197794,1495.400308354058,74.86523307254701
9267.193391462082,8962.846206575643,30.178265293139084,5.0218755550604195
6683.203810190781,3727.2708263630852,183.00116127953396,219.1833731358076
6197.691707093052,6358.346969706193,1460.6276383437544,199.94238925350473
4991.142290632092,8382.389750869055,340.33761810834426,9.135688249564293
6989.941971684622,1652.7857182619932,2.999245980747812,300.16302343691103
6497.848149841722,1290.1013327244946,865.7032273933035,245.3062198944002
8745.837068457979,9874.575381915278,860.9427746518413,47.57580699576575
9287.904910995803,9135.556941203455,391.78078371952165,161.3324882621158
4019.2441461101644,4429.681363701731,587.0122430658467,326.071158742328
2902.7712428348905,7444.718836363715,1452.1559060964375,305.7758704735594
8241.757328077794,6899.367873529228,682.6044577434302,129.21322290403714
1605.342250554706,4983.23370321804,140.75169435381554,245.89559379680313
4876.093647956779,9400.827581192178,1026.5530543617822,110.09909158723818
9846.656226182235,9076.145341302326,1054.3971420842279,270.7474498283391
4857.801805813589,7948.775348554724,90.37940427745721,244.91793373701674
9727.09336492506,5106.9210375755265,895.2097971316647,32.2454355744629
8945.327756084644,8299.981074908294,1391.9137129350784,317.6411521028526
7780.281819456304,6543.627087409504,1170.3003323109292,295.9314857114027
9404.259260025616,7961.138387697457,1448.7342065247915,102.32408362679524
2027.4886269843755,5970.610792082656,1471.2550800233855,343.6295757438706
5218.434393070204,3811.6189994813594,1180.2032481506337,59.110243785672196
8148.725922216891,7101.59461197861,983.8419422204264,31.115706989070357
9470.272999282031,9721.924680340244,1247.097357036387,168.4438469900848
8268.77108739128,3110.2785586905293,795.7383853319611,195.1120568590543
8776.722407627276,2144.022062230465,480.98912432052674,41.95937940620229
5891.883541352449,5287.042794140251,1314.1250949389575,241.28346944742302
9184.970379786984,5137.863588288588,1485.449165626758,158.59334183809358
5453.768548277929,1234.9755268948456,1182.0252602239327,232.34401404968585
5566.939305294978,8987.095913949488,278.27559746234164,210.6833277945692
5465.929814899942,7720.453193674566,163.59196729992127,352.37656493109927
9765.243006918141,9771.042489678528,855.567916213169,198.53543823070726
3804.8900739917167,1790.821808141783,411.0568485795308,338.387789086817
2678.966408515157,4119.933865580057,163.17098669314007,190.71663324119314
6753.790551701714,7283.469130224048,534.2942414909401,199.6177485196864
1181.4099323308308,3730.3463208859525,15.442739699277531,321.15123973215196
4823.0635951673285,6644.241023795275,1408.9656568378675,47.708430555072106
9308.19877981761,4738.799895903085,1297.7752432111017,160.9837045144221
7407.815991821107,2729.5012352119456,1286.7991773054637,106.89689766387679
4494.573838720298,8607.324085508351,1341.9797541471453,92.92874186768043
7563.142855690455,9950.369558957678,438.96736170221135,318.65274428418337
4082.2320310515315,7451.784740578669,826.7878563973063,18.09464512394886
8138.688472482383,8865.552901069681,304.0387265527688,139.18180807994236
1109.2795046549047,9369.645236993038,256.1500942468499,139.75717873618038
6806.337974771949,2823.259066066099,152.83288988409927,331.9737708406763
4492.692072750207,8770.94262623254,1282.2576802658427,284.9411199600335
8655.14379319964,7834.795893148372,462.1331189806817,249.39664056447697
2740.3048058399727,9843.050336779306,1393.9928291021356,176.3510227808706
8746.870509822951,7544.235868572937,191.81480178479015,68.12891185230897
2160.455018423812,2163.089037506782,832.9280248051563,137.1058831048816
8158.132195841603,5489.268546764528,1196.1691837507826,311.83358711167915
9453.690961752955,2283.7463176127158,172.7543844293574,114.21443464096242
2834.854600611755,9752.456374177633,475.54905013805916,79.06414405236056
9225.23156649299,5854.827426987935,1304.6315809850014,335.8655955894311
9954.616308437166,5214.958763784028,95.29996767983113,109.66899720913328
8784.002595814523,1177.5516383681454,1373.4883763212338,193.18521763609272
3980.9197316415634,9324.68636687008,820.328633934253,136.96727317766033
2227.8863900884817,2933.8069634194744,182.02737182739236,351.1330192319021
7681.753229778277,2273.8008181101186,1145.1655505274466,79.67467106099836
1462.0897317733131,1663.9439933887668,1104.6542522773182,257.3771502247165
9327.721964447266,7345.89058756237,14.73137080467336,300.4809644278634
2551.0968624263014,8895.18328031466,1251.2499226099792,38.644547654828074
4207.658166546522,3977.0617235813597,738.4526625747282,358.5610564748121
2834.140880168382,3789.026062812965,1267.720235609659,100.97813341348622
9482.286403056552,3203.551254277914,1332.2900825244287,204.1251708076506
8764.28263787941,8117.52527733125,624.6908720462883,6.026937999357935
4369.49547410352,3290.416601455596,152.10226370404348,237.06560738303148
9791.435577290671,2465.4274629451447,1395.6618593684757,307.2789243963035
2713.7444613097623,1428.725988389993,1089.0936454266448,282.5695330718289
8991.519789218364,1939.3646892012648,330.2272965081302,261.96701389151383
1963.2594292555432,6495.5704469372795,1081.984822755973,336.0608609565345
7576.477449773612,6267.596583939813,50.94929513411329,252.2061512253201
2756.7499711681203,2264.434040456662,499.7881814032699,244.3955545555569
2998.2003375773465,2818.4596548267527,1058.5803656458143,150.2490521037641
5261.1441903146915,6931.621825168704,1231.2655426686856,280.2018305981765
6366.390226844958,9627.86433732195,182.39907145508334,6.272509219768513
8922.211933726969,6390.992374538209,1249.9658049984641,55.19957618627969
7297.7569128422565,7793.675781312448,1219.1776562326252,324.8177472548707
4297.046768944456,1752.8583162843706,1345.3605524064415,34.98447979930447
1677.718630574489,7975.2898602708265,1237.3863537723078,142.23946235700467
3472.5807855769485,5752.352304164835,613.928401249089,220.3569422607951
8674.55853816222,7840.660955592736,707.3606780894984,135.74618036148183
4351.734974351873,3269.3604399588507,1062.9243451893137,283.22474726080566
6583.503835114231,2186.2302381405552,1074.5188165712038,305.8106960237313
6230.95361886112,1515.2957710353655,531.356036226601,202.1164955043353
9035.734072840014,8636.913503955766,1101.3462113326536,1.3304947674501917
2225.976843151311,9997.501353284022,1049.3988704854662,106.45121992515509
6426.966426399361,6725.653332634214,165.3828850215313,150.0996851578118
5561.343594675206,5556.065276349653,1365.2216963543217,172.91467576709502
1930.773190804688,6810.154664623791,719.5432259261885,346.37983072044506
4912.264502261023,2309.2772724947363,447.48836035641756,340.78053246745844
7405.508413877358,9624.08188721412,707.1964152465199,307.75063802813304
9133.664710055971,8991.640250317378,434.9834751713706,54.91739547536966
3994.3120013296602,3231.255208330766,286.6486958965497,336.8829547875337
6647.958435345747,2190.940382753626,891.308367698723,175.24700304379706
3927.864765784296,7239.589870209856,928.0625522170183,295.14820524917843
6257.354927889673,2260.9651091442574,1431.7547527297343,14.1009459742584
2577.4922883989548,4011.6598777930794,1411.8476373875726,159.31346248641765
2002.2951201248768,5344.841501724849,319.65494412897016,202.09025233869014
5638.98634004293,6523.821223537471,525.1359801816849,77.39344853348976
1782.9358962271203,7329.652659037395,639.6900306386949,132.41686584946083
4361.540431124302,6602.7652462846045,554.7627076014742,113.48971221138758
4546.463367975456,6061.221817436245,752.1108427104302,166.6443957290924
8167.822456990476,6957.9600667031855,141.57690558553753,265.1807007370002
6777.147465787845,5974.714990664088,1445.9693036833214,259.72204512359394
4535.708748788647,2170.692888896236,1374.0330058552818,150.61032436332238
2251.575555586396,2424.149181610688,199.6311270944885,1.5455696830336318
6976.116517341951,8957.358471338584,164.43604098425646,191.74811991445205
7376.728926266982,1594.9525254950966,265.6469821876363,89.63145782434185
5856.525032919832,5375.699774710208,652.314448709842,280.50579921907155
2733.214187299056,4098.339979048336,793.4292849087377,274.6436209711935
6928.303683121472,4635.0737213434095,453.0370572449257,316.4415656052366
9731.956916542855,8054.284714825102,1374.2841441590356,159.46027657239483
8412.54411398134,2037.7085045104777,580.7882428478614,308.95949658290255
3424.788983155527,2045.290960618187,1353.635336485791,1.7782284754284037
7655.866596600434,8064.317492095492,790.011520288695,115.03607827524617
4810.523213113518,2634.0632416411754,419.8634101183685,18.160113634898863
2122.3142120266293,6396.446895350109,563.0536203285102,248.91421556679896
6900.369317482705,5802.198795299927,476.565030462554,249.4468749994677
6394.972908038861,1987.5503132671874,1439.053796464952,100.3910213441531
8390.986610548163,3490.1877560069597,926.7794106230764,10.103201174936707
9562.3337326789,5659.054853963701,1074.9761754580136,265.7415589597971
4018.266648746959,1948.582822870089,145.6433616712977,34.36936584994958
5620.320398808885,3874.9136978207594,1280.6121990717415,356.2867016188675
1394.5272679858049,7784.686627177445,1152.2716066584474,236.0076864743388
6898.223377365559,3048.340408453768,37.69035049579373,243.23180260119904
1800.715306533509,6758.3505111859895,705.860632617819,255.3734024821106
4216.47110986464,7943.387541475311,811.5285613555864,230.23338845772994
7132.606924198715,4189.282625903132,1324.3314747838656,213.90270767573503
7794.381291521255,5238.375627798991,670.430834497031,242.37016568722478
1802.6971227933514,5803.790608546014,392.6664436514785,167.24955727296037
6641.262163994108,9498.708432080542,1108.4314212041259,47.85130988064134
7994.5693633614255,5802.395026301273,1262.5976916871473,129.28510655454178
2262.7548426216563,2512.9404848387176,1176.617906308277,227.07198276604404
2730.437579852465,3653.3299907687433,168.88790604933527,251.1904352863777
2022.6239237060504,3638.202727101913,416.1096521371851,104.3276582758078
8100.048352537119,2126.717171944226,1370.3127197761278,276.8340421392495
4443.141142297463,1569.3201167122184,47.42524123362868,261.77994550205153
7396.492874699646,4947.562676935274,295.4932964039312,197.86141167627915
5381.718163314897,3480.082009394216,261.6675152450704,172.44988856809707
1132.2252250593901,6586.951601360876,1344.2588644887524,282.81643878367237
2109.6957360317115,8981.262035676566,1299.1300210060995,15.66085581791614
6670.667339467921,8067.667083034075,1411.234211582832,325.3881419865403
7637.1593483316565,2916.5209320286226,1027.5761380127685,94.53514514456515
1332.8762607290384,3036.802016354172,777.8585201807301,19.03305276151114
2808.102132966377,1924.4645183643352,1282.926625574763,216.12746299384253
6813.7714390823985,1534.8927791438603,878.2259601490591,280.84724297105873
1725.3025343784582,2251.8656072303174,477.74690952187376,111.3320884821493
2220.361107303814,6535.828828175535,301.4357725264145,5.334504040455792
9659.746063641009,4787.265754393002,1463.8431335761986,11.150901660515311
1307.3269174613963,1708.0255648151647,904.9393265465897,185.84550239172538
8570.51243797028,6730.479771286638,605.681209550998,250.90144790868783
7685.140238038666,5996.815477603405,1430.3774397295665,318.92074438801535
3645.5411322713526,9071.699424526232,274.6171022499246,52.902617456127636
4496.854262075376,5560.792124342935,996.9258216519484,9.56590277780076
4709.961675583183,4040.0205817893016,972.5995001331567,53.32723021867517
6663.58868120443,1405.885996339145,1157.43198465065,258.265544341481
4563.910501424056,7027.065241457028,649.9310261024575,308.1137112686115
6203.318616166494,4540.758478781427,520.2559814695446,78.6763121476843
7886.431797395011,8000.360154407081,621.8511266518259,257.8442550999692
5249.302563966862,4906.305825550103,101.87181095755867,21.145558869765814
3518.5539605194213,1186.8603876518046,902.1307275482374,105.24842055415245
8919.934054680134,9468.23278096598,1419.1184866146657,306.4542754013565
2227.4882601769204,4535.685501341794,1233.1462440802018,345.78564898621727
2650.0939592459054,5331.123847797045,804.8724563476655,5.836393450942245
8357.100392997922,5113.679916192754,216.25237534856572,88.90949798105541
4399.745802907952,5740.795328101264,479.3582286935225,302.5763693330355
8012.772155389627,9315.456980997264,1407.8154166152185,105.70150921264593
3024.7036704082957,8116.732738856557,895.6481668164733,165.27348036886104
6118.269893097701,3112.1224366169745,1115.9501688809933,303.0960780766426
9935.238448943372,7655.988283129602,1189.6264402238578,121.85467037941976
5159.285223174312,4116.276443078651,1218.7908552571876,183.11161932722231
1546.204079255968,9932.380603011605,1454.4410616135094,221.3402640297046
5682.001927892427,7607.071520106302,405.4611250479228,122.96995573433803
4155.422744477413,9356.550040283399,608.5271579845981,149.90812435079005
3859.961278891212,5093.760737645884,363.0574762589464,10.761215858396717
1451.4273707192485,2456.6193054423943,1332.2938215641145,290.3679808533146
4092.1146961118857,9416.431369589165,14.964994921614501,224.50191584561608
6074.560613856161,2752.8803538573125,1447.2805460845136,193.03418617266263
4226.610057830811,5118.048349403238,861.8757326330747,139.56781872413012
5456.065080320878,8795.971497861019,1079.736973702196,136.02426838731296
2573.056907431783,4988.609269663007,1290.5729885210428,293.91730471577824
3440.7782953980345,5882.564529560585,180.63577026568754,190.85607856434174
2110.8063438587324,7700.963392387399,1212.6969638674211,99.4614826159036
8295.669824020628,3344.335141528125,263.79044413046404,228.50252883756613
3666.5213704419316,7486.876393149076,619.0452106873335,310.0694727315782
4851.7392150447195,7525.851479220384,1446.7118761775537,324.3735871878701
8849.255501522877,8149.086710519526,335.55237854013814,238.0349203211432
6982.724654915078,9057.750503143612,37.37742262843696,114.17585113999864
6091.157470260495,4600.806182381304,1116.9244609660375,328.0027408359574
5818.099365803635,7606.965451563137,1211.8602918701145,13.459307937458405
6543.300982021576,4845.889317499985,1117.5615018889605,151.33463913471277
6115.189005874621,1116.8725282574374,113.03741094040413,296.88662965092936
9018.07926100367,5463.959083145935,497.46352588814113,298.6412734072088
7849.674072758576,7336.905667275485,1283.1430692568613,231.2156512206533
7053.359315870632,5676.7284206404975,965.6608950978205,224.64607654473983
3384.786164573131,2069.9833776911673,779.3960117747222,226.33598416408594
9366.886654520398,5502.602746099375,493.63629562398086,78.43045333074875
3409.2913379848032,4536.747732838949,723.694208854891,64.83222742429398
7822.062690557781,9138.114078210354,196.14157784736238,350.72726762901533
3335.4402544277796,4250.74556352935,1374.416844809215,66.42885590910562
4728.0675000814845,9083.868997805466,1275.4361454800624,53.0353265321818
4282.922467579016,6766.432455598879,831.340130699659,275.20512445402574
5726.186181948336,8368.69741650932,1030.9368308007208,51.5172537492231
7495.90323324604,3530.1678871220456,1463.1880478212183,205.99273574041436
2060.4332898301905,2754.614765418667,230.60761683412449,6.904217509351474
8587.617472610578,9931.83012303101,578.2013315947356,158.72178028809927
5495.64572397278,1317.278110367491,823.1949072887382,358.34790098978357
7353.780788476652,6582.644877349755,167.83906642134548,65.59883844709893
6685.613649962544,4050.5034302268987,32.57395643438596,255.67955035148947
9466.325993792767,4572.315105014113,638.4905512885441,224.6402472482139
7079.420161506499,8131.76592381472,383.9068229196874,116.26649310539067
6396.9009944587915,8040.810098914574,25.181929066128042,43.241788599571095
9427.350037946537,7329.81859735164,1043.2660909704039,158.31636547075146
3820.9686840363615,4980.6866795244405,1209.465950530314,212.70435992635595
9957.894163853718,6955.415411749134,1465.1828222007248,265.12154908007545
7388.6983079661495,1274.1449590003315,992.6969774099223,204.90495148551017
2470.1658287465752,2723.499047370158,1480.623144533314,77.67440185809276
2481.7877193220197,4068.3092253220266,598.277933034789,210.88751404697604
9841.586896756327,4664.581155370923,150.21077964920934,108.10155023390116
3750.6422960749765,5066.357849631508,518.1430342673705,258.85719773737594
3856.688992079951,3297.5410778421433,89.08631238514434,55.99779239977082
5507.48958135467,5322.074058091327,940.4054194335844,146.99762159960162
2098.772060031236,3400.326727419599,1479.5777786294175,213.3564851516308
4548.200582593457,5318.807033622924,246.55427849935967,93.46884651356177
6620.084322322425,5212.582755358804,780.7235870926661,80.59388725705996
1863.1288248955652,6557.337785961133,154.30234755327817,298.0155323519994
6672.205980383242,7072.561435589013,899.3710731640205,253.0657820433329
1261.5646204907018,3469.2354511032627,1478.8993852880685,10.346095271599212
2358.582486413005,7029.047020110954,696.6051903249078,48.20603380933725
6820.943787076045,2575.2767004930784,394.97646846599883,296.1626416897609
4019.5934083523034,6078.731107818802,130.11457555814405,18.430489637302546
2669.4489080118037,4191.883481437308,1318.9101031906685,47.96259052620693
9380.829628107715,8327.42490952366,1353.7270585494264,218.77428363656
3971.669214911662,3441.1681596276217,546.7232734177165,95.66157340681022
6947.190612847155,2167.897129885014,882.1289881895589,5.401106462204108
5227.706958095032,5138.786040809624,1266.2418203782624,95.30550146974707
9579.39392753343,1958.7529519174964,882.1716689457235,261.1023763264647
7730.671475503483,4179.731059415424,1260.760582507813,253.62282765825802
3883.9014664740544,9392.788474066248,7.443155856299005,251.18017647799053
6070.529220241217,8834.713355533007,8.36974221832985,7.652133752835812
9821.560294984436,4431.125636563816,758.1264386547143,206.580390897363
4520.2842301261435,9443.006269462807,381.66890111951506,250.66451330712485
6148.860465611898,6088.6627761896225,56.21933045531596,67.01528137795498
3000.52503611426,9366.566302717314,1368.8007615174852,67.17479536953515
2304.3685262946924,3678.5287424648027,940.285253216942,162.04817966328923
2426.2546679088014,6736.829460856242,717.3578116541603,280.38076932982403
8183.817471843072,8484.411446320895,1202.02402135639,76.2557744994417
7151.574028518483,2475.7806638735383,285.4841372912401,46.858078846978124
8712.77455112598,8998.431243114439,588.5316391796289,116.20302478525218
7441.233086696309,9432.085196471779,52.177127231531614,246.3990635086901
4122.09484070878,3190.6817114557302,839.1840065992668,51.8839063822367
7947.367656029669,3130.798793683076,1182.0168380791583,165.07723611108224
9228.298579788016,5343.6787872607,752.6250060248958,155.97235340198512
1396.4109590228259,9172.708509696782,391.07195498871454,231.32977190141818
9115.689237963294,5054.650222615766,1290.394869773991,1.92297806287497
9151.128470222297,9900.052293765395,1490.7823117552846,65.86037952944501
8297.739607417483,8683.355509788973,380.2852840979949,61.18386632012912
2223.292349581844,7710.034513234656,478.7708252681699,62.97012479182009
8281.64923619818,3646.9831086193703,1312.6076211975278,168.07974994005312
1476.8718878479167,5578.073660915123,1430.432579016387,261.1547217723341
7511.685132939929,8538.093959516933,584.1719402483695,39.04727948634616
6754.210016117224,1192.2864009421119,1421.7882146321929,176.6870414386588
2107.7425306266837,7632.964568952617,980.6936866764547,279.38466038906455
7382.402660969461,2037.7257861319115,1036.2582926636715,277.261288682462
2374.4130962574873,3855.0171206640853,164.16093121870085,330.11427819598686
1502.4603692396136,7924.149763881653,1162.394336261462,215.51391432412296
7769.981734065094,6880.610377561893,505.7136779771089,209.72059631696413
3881.3751024965745,1952.2199492658133,1069.6189901105304,338.73593318419444
9856.845367057827,8092.739902710446,30.997676396141767,7.986020297101078
2099.9013946102286,1823.2714332192936,1460.26401927493,348.64706263552597
6442.334334807733,7413.337114458447,108.4456052666877,170.66012653155923
7711.529336264514,6582.747659954986,1242.3630690328362,99.47319460437258
7568.72571457651,3810.9352549317905,594.6513963380871,352.3552976571156
5716.610170617531,1507.583031310669,875.7546881876721,203.72742654337037
3880.950193718895,7718.703857152109,1131.748377648729,158.43563465020395
9619.44566905438,1240.3234260785653,259.7902115260248,102.80871260062129
2048.4631180273327,8856.9069803931,1265.248216940263,297.6646314807724
7666.111881492325,3254.1737380956065,228.1507771373471,158.7510047102025
5288.368812142141,8849.24641392196,808.1267937617828,98.31400050669669
1613.8225123607044,1305.8969175305465,1423.228650496021,51.41256587238316
2504.150168954008,1487.7465315288862,177.46191742890306,123.73381562955993
8751.174224085578,4924.831169889234,1035.8112522252936,7.433141006775904
7101.582043977623,5167.765304007639,419.0334584289831,221.3506147585268
2014.869486536427,6889.922130341489,914.5573266772284,345.33787486993737
5145.0680880102245,1205.000514231453,329.89489973143355,221.23006739850393
9410.73564446266,6429.241164529106,174.00702536733854,341.7604473142416
1768.959530977797,4761.989580392834,571.5842343887027,45.90152319018019
5798.692523235028,2315.8458336436634,418.4231273524552,250.61656982657706
6342.672828530725,5998.583695374442,292.17857065672945,64.13332894880088
5008.988497226712,9771.690780020108,1244.368522174862,150.93474080804094
5570.259941015053,9405.498979766735,1261.8999260674993,228.0348942657871
5310.175256594057,4589.557480017893,301.5092967873631,311.63950223329056
3880.3084352333676,3018.912614008642,984.867626266508,310.6507229835848
8613.794778870451,3949.599966173313,711.6824328167694,332.73970368164606
7364.436154686881,8218.571371875674,1035.636059691588,54.14436574983145
1745.6613553939505,2581.5263231821145,234.59067199509292,198.99358844127488
6151.866969498695,2170.4747006305224,829.7905560351135,173.492556961392
6101.676026289398,5844.684021717289,214.5110525607606,346.8195333029532
6557.290270033063,5027.650229400913,134.05413729376602,155.86788780751752
2973.8290696308645,3871.593264676037,655.7572670621311,78.74592073435336
6696.12046588436,2084.2904663809622,1403.5242427791275,105.53121822360465
4300.291655639128,5141.5473446736905,405.6645372935493,38.05938062338505
8370.336307276106,5668.821652971491,1465.8136309522533,207.3178592842851
8166.527483642126,6871.447743311381,699.7914644612857,36.01423348899114
3204.725598296117,6116.642812963758,317.78943368650937,343.3688812290939
9249.305152603625,9259.7006100568,88.000593853371,4.332516175625168
7661.577603170291,4442.253194465409,53.90042817893678,214.7987803645217
7770.998973593726,8437.135920686836,807.8492474584463,8.145412706651673
1104.6223717626867,1195.6942465691607,752.0101051189919,41.616218430726946
1168.8600265847522,8687.84985051249,136.42352764020976,239.63468719912652
7307.742510151907,7774.258834872573,1055.3107602206892,259.3162177350061
3078.391141825925,6181.482460330546,1301.041097751838,56.63864763060441
1890.0587236902252,9551.68967092352,876.6164720178249,180.20038617682488
1236.3929656298835,8238.103396860915,783.5114768124931,71.51406216797997
6535.818395527723,2249.801754385723,338.5039942301175,240.67071538305498
3544.864686162611,7894.97913566465,1082.32369483273,87.99724872374054
5698.578539179208,8782.288797540294,951.0406793710359,154.26676677634413
6662.115691827524,7789.5863215920945,723.2637680704967,82.80048758315901
4682.819188748032,8441.538739566955,61.170910401597546,190.64821991457526
6877.966792657967,8840.12408588242,191.84840220427495,262.8828158313728
7044.008958505683,8193.289518218866,235.02188903462448,2.0730163138605064
8415.907316738174,2954.519342478481,1158.1066815032345,39.78177069628664
8345.981875287809,3637.187925498419,224.8708546314624,5.896920802698474
7841.2759001207005,7029.866768053853,317.76813625329874,203.90727684717814
3877.6201958093916,5638.445697824793,1378.4004115774292,199.39467579273952
9992.902487384701,1239.2678960091027,578.3630031480508,176.09292317816437
2231.858888447285,5007.979786890343,85.73439626885593,20.599365298320315
6652.496755454325,9659.693271992104,159.22297619943575,167.71375075721326
9463.951023532252,6745.695606821641,666.4369471267444,318.910623083266
6459.041828313792,4762.334192761285,1142.6643378085396,197.37355194883204
2040.8817683703214,2535.250692434761,174.46532160690046,281.07911951221206
2411.620331339789,1503.7179700678973,216.64646686946037,302.6772797189465
9736.299235950191,6107.171293503326,46.58041121130871,75.57821363819411
3444.12116066007,2108.325521603658,529.9066860664632,22.87936640281511
4048.57125730993,6109.6030891469645,429.44311554443226,261.72844360317816
3100.0079311063873,1851.7774901374864,816.8819903979472,245.37276941383314
6274.271183498651,8950.103060209425,103.17516235318942,347.0887353375177
8601.629438258171,1258.8846696463165,1365.042144393957,276.40727799392994
2137.16837491229,3254.905560691049,1203.7296048338103,113.67558795988117
9239.105697990275,5227.436212562072,1416.3002730452963,278.6393391773401
1722.1673011074222,4257.135465403788,602.6731601779239,85.98057636271301
9010.238763309135,9340.713478013351,90.85943171998017,205.54554072403062
2695.4211076852216,2668.748390104949,1017.3191587366342,329.85746745301054
1211.2433962897278,4884.70591589502,234.21014947691748,92.9879868801919
7126.935195501633,4854.095121037382,167.53811045230086,115.69918859962809
8997.200788578086,3311.705563326183,981.2215196265008,237.98641573465304
7790.787654246318,5174.2068301121435,1401.1075048621499,158.02020534087947
2958.612372863714,2685.0354336993687,220.71691018064976,133.41669832340298
2960.8111183197607,6782.696028948469,1043.2750295475546,2.222214695007691
4331.343338910621,9377.127928484246,81.94043841368428,4.4521580400785865
3927.6373319756685,4778.867124790335,1098.583650134387,99.21039435340307
2923.969200810284,6554.686053026633,79.67273703947384,88.69407957081441
5302.019278259199,4851.473697921027,1430.9902386725878,294.53364613326795
4572.2988769672575,3743.4569354430387,934.7707640068885,232.3320287395178
1210.7440842833673,4562.529669863163,257.0182132400702,52.26459642991596
2904.953875464903,7934.015493331114,178.0986217723275,253.34664680323417
8887.888309542604,4416.009660138579,439.9600314389185,24.062435301891252
5071.312031332291,6407.7471758412,699.2145120411019,97.68627125324694
5741.871862456001,1603.7175917223803,690.4590451524627,184.97574194858646
1221.3555474906184,7165.521828184918,1076.1259030939696,157.06323851080327
5222.194623273408,1704.6031000058479,518.4628683979533,88.29407997051636
3610.384572093819,7513.91618617755,86.83048921685148,111.78583536981438
7035.921225698602,3334.541107276362,375.66766512897715,247.94407422534812
7958.707883670108,6784.392421513689,542.5095781716685,277.46720961449194
5419.179069245807,3076.443977566951,628.8352782179954,247.50699784216405
1877.310317227352,1336.308098282804,1396.830866107096,33.28787048970281
7589.292663339096,4715.520165956303,32.454649427296594,239.41110961439261
3746.185282424217,9699.206810927812,885.2624074257928,7.195363447848072
5985.104436679874,3120.7314266218673,1175.4150358083507,325.572047854931
9159.390562104272,8940.661912187708,871.2978797161269,322.5692661226888
5940.34047026672,6347.811359539279,582.0743148726643,156.13765157354698
9139.674435810153,1837.8224241753105,409.8552278000435,210.9768161055289
9928.78094401365,4126.9192599773105,787.7995556477994,207.09683978115228
6649.715373830202,2017.2668293578436,1338.4738420881822,177.95983082222057
7038.703492401589,1639.1594912881392,736.1200980234416,296.92536864683257
3515.1405476806854,6335.2820708898735,530.2753678825391,121.32308950707142
2611.653828774879,2686.231416237666,713.9751123593009,129.3036432723404
7167.285246700069,9013.004657597809,126.99006592225338,113.0895549555333
8859.839452245655,2321.4072727694684,319.98932568264206,288.7943299767134
5197.232831774036,4386.9014385336395,975.233752306717,334.27108930075985
4450.948237751819,2198.406098001098,1016.3295319498051,133.95378293462784
9468.109054976067,9401.825050265516,7.651042026985407,101.43927988950703
4640.668524973764,8281.151708927646,1058.2664138220553,87.39623453764472
2649.2475909011955,6921.389391503341,1269.4946466212896,75.3742946911256
3549.7447240927672,8658.463125819602,222.50804200121212,88.13534400440142
3918.1899004714232,6741.94977761568,44.118336472521435,168.234924159433
3727.2682398290694,8181.474946529832,1297.9522748207742,258.2664814171389
1193.648057893079,8792.278166664732,1236.2263155119954,17.846448922391133
6133.61524097557,9279.147134967803,1440.2096290823304,281.7709282212364
5475.481490839766,4089.383943393389,792.131654716974,290.42202169884905
9378.708363056468,9716.030504890732,1054.589054993112,259.10861976109845
7161.751082723469,4834.330415959781,314.79272060854686,191.47815365739092
7810.753127555411,4254.3638705993835,258.7227200125038,25.899226679172735
5941.256042471589,7764.925160566338,339.1790216756141,149.75169851280702
4578.35410809444,1778.4027186922513,668.4004052685697,121.99714688993684
4948.680141569058,2031.3029988343737,668.8466426765752,123.74799552924105
7792.84196420222,2610.4607329455116,154.06814176192293,12.778245648827468
6696.7573262622545,4789.708732699548,1337.6562334338769,185.2849416921304
2059.1119176259704,2112.8831743611154,1184.6107527051047,253.0529702705743
9946.19824454209,2519.496671262271,489.60029419527126,177.43707140351387
2558.8269853809315,6400.175942779511,147.86438800242118,77.7691364856472
5282.881700540049,1520.3371865401439,38.01192257186391,302.04306382077283
2970.5314599713884,9675.563498656678,512.8650697149645,344.24774488862107
3592.742900656005,2146.6468898342846,794.79906886114,337.9063968317322
3926.3394625867463,3634.1272226044357,1201.7822817940014,195.87082838589848
1464.3937486430548,7007.3000651916755,141.2612700316138,28.540553858018605
4218.887564875393,3381.819331480346,478.18864954290024,45.909963554717606
5488.865246609533,2003.1897257302594,1105.467688983982,69.60922299413248
1379.4907029321391,2049.022617813462,678.9267207426531,125.90111479752458
7520.95780377258,3183.1655518005277,770.0572864725413,263.27549785729684
6281.110579360653,2326.5584595351165,1115.12145234642,190.86149411813446
5295.889325514879,5275.22688037296,915.6300610155077,304.1518721441255
6228.096863702539,5245.3205222308225,1027.5730698177497,80.87759394846795
4984.568029426039,8251.049718384387,121.68403843293007,252.979496669403
5209.820533655286,4689.812905725005,279.70524611660875,218.78364090269167
5276.207074380102,7643.016069297939,109.24990456676998,35.74075340457297
8746.157223576778,9996.702026235427,1495.3527371793984,278.48191824624826
2441.10342601255,8039.456368343991,570.0847267162576,111.7046487351342
9754.790299902274,3907.048633601535,908.7762116984482,266.2257073999554
5426.417237318178,7893.106008357176,372.4242200177593,59.043730015092805
6867.007130200817,2070.981325519644,334.9355353276981,151.4536886580522
1666.5721133583738,9420.399024728431,691.595025123032,328.03987836434567
4345.1656985800855,5504.018503767977,695.040121241457,14.835435783969347
7364.465900958529,4633.24238735958,372.78359395740875,133.6807359460088
1380.1457857969822,3252.613466257749,486.5339296630325,142.42649880041554
3504.2247832746516,6751.94362980682,327.7854988850176,89.96278069470122
9648.248395542223,5725.345128906998,202.3609193025569,303.7885172607736
9999.90639601063,5184.323339032486,706.1405698564841,42.07703356824265
7250.465051812479,5486.5212786153315,1207.2623186470428,273.49234745973075
4403.990011969669,4518.65237708709,867.3550236108254,213.73406616607517
8675.383744633567,2309.6533841061137,460.13809486711057,46.49873568110193
1686.549076119306,4464.931345821051,4.9625468310727285,226.43298936195959
1471.5935775328558,6665.478927041147,719.228827869118,111.91987837202247
9281.555816056127,1485.1272899059595,1185.5648942410598,287.41985068023206
6753.780146111681,7261.443960061241,158.5417726279043,313.02660070037365
7290.265247484707,2284.3858379161484,1498.2526470116907,58.50791878515942
1190.817001487157,3594.578904794299,800.6466481473295,283.6877214746505
7406.355841138034,2908.607888780486,654.709524460945,141.04962133495832
4158.04850872055,3861.863892506987,969.6377593191702,155.23365937059364
5011.670378639505,7395.090817563176,1061.3518887478613,172.617478513364
1821.0925009493903,3145.010901039126,44.5558907691102,149.64251741242325
3667.105311278619,4093.3342801229587,247.04264506347735,183.41090635959867
2097.3830443064753,7381.59903897979,487.3725585673867,244.11996106630775
7786.215956886929,3434.3622003021246,1351.311874892315,200.1782898825495
2410.1694679831817,6385.850414263089,1217.9992726498801,88.12872129223013
8322.943010804673,7987.681645542669,332.8442459275702,276.700542248098
6444.203548030009,4092.5572022916663,34.702695418215264,231.7567791235133
1362.035092820812,2423.89015220447,952.378965780347,144.13741794047056
5601.361492143737,7622.1431009350645,784.5119664851803,133.27545812101326
9120.337044470396,8061.100333594125,1224.7792936456294,298.6565578663605
7485.962796745394,3183.2847890218777,466.5169967360006,191.16918270304595
2113.8616080194265,7242.312101759729,711.7926181111864,274.62509519812215
5793.724297431909,6281.698689980616,1272.9778397106709,33.2943659626672
1558.703538841769,9573.779414082428,1328.0848784385003,151.2869666500567
7786.810898283621,6696.106777948096,702.6516520026871,161.1505446909699
1288.2642350131075,4245.727222801332,1359.8508470655568,306.51565812536376
1236.8567804926154,5223.9082568715785,1483.7406742816036,72.6884274310756
4324.665529807594,4717.997845384709,673.1656208895163,49.68797519700857
2199.1472999312764,7070.062185786134,575.6929856990643,96.85375588048865
3753.7726805553853,8865.39956821471,335.5559566099237,354.13508282129504
4008.481159042057,1577.5451233687406,725.763107834947,107.5509052426344
5445.428187339001,9583.054087083246,1177.4697302767809,37.28853239838196
1252.903883327801,1687.5624548363448,845.786234811622,24.951500508751096
3135.0480490793875,6900.047626493272,306.0389640188695,252.43740807363764
4088.4151980264965,8954.531828200732,1069.6432849296486,146.80907179765387
8403.53968265793,9391.109958535437,1458.927183777805,37.77481582961662
3511.4366260390875,1123.282275018844,185.4194243809883,218.54416800834446
5672.733124256681,4369.883729095597,1354.5162441651748,320.7768203252265
9452.53105068207,9445.257995358339,1053.5230608257834,189.2490008399888
8953.009493383695,3857.0944368619084,857.3391060411078,109.94030894860255
9425.63072582942,4402.548391662763,733.1407714731188,263.76618609327335
6436.357064702191,9373.41779995325,772.6545054697748,240.3425897990554
8400.358462871078,3488.3185134478103,692.6889723158558,109.82717213854643
6824.010902283357,5459.457127952383,1435.7251597344004,197.5382727443691
9049.283186129798,3045.776009897352,686.3648075782402,216.26856718395396
7528.269107953917,9431.494704702187,84.11977962789844,157.63523195083235
2416.835632612779,4138.5677394161885,561.6235050238901,75.34147267711138
8791.862017868192,2610.7005804383975,576.3223326995169,298.3415601786389
2230.3869669369674,7559.850786585917,1075.1355131427492,327.06065520479973
1896.7290002924904,5364.694685100214,341.558835185501,303.4627881209991
4494.251515737335,4524.994999630839,1201.9188833134488,42.24725254381183
5672.645378605617,4693.551238745896,1224.8784279898996,65.76948529284753
8455.155334701787,6673.265545122079,1382.803683521332,355.25481295062656
3513.746255648325,9624.41102797227,1132.4984433918112,19.164565743015903
9457.942842453273,7100.491348827274,338.1573615323385,63.49847622570747
8677.59255470852,4141.973554106236,1227.6906530864298,297.02281521127554
3651.183890838744,5172.696450506795,868.890788489434,339.7416755952149
5188.575031336431,5130.405117359092,1324.8927365512893,78.96544560530353
6002.737882865186,1312.0812511740019,1223.2644281311661,323.98409905545026
2481.721647377498,3967.66461887396,901.2083084558673,156.30407679631955
6196.6356389423645,9568.118785387265,667.6395010726994,294.5118548955629
1636.1159095522835,1996.3187186578457,864.0431988245136,226.7209041328612
9180.228359074054,4581.2811359176185,1387.0520633719823,232.49191604981036
6379.622722486348,8048.181312503892,1115.1937512333386,252.97044855374705
1228.5512555844373,9386.583763701716,1422.12841082968,206.19411608074623
3450.3953521141652,5578.096765307417,782.5073395499337,247.40374459071415
3057.3333888925645,9325.209938001679,1317.9628512439544,323.9019552491475
2645.137195484936,8854.307104249123,1002.2174939652863,116.21567054373013
3947.6422681232157,4225.782385134966,76.58384601685313,6.016760520544931
2998.4887182473467,9829.163891505692,1373.3701140795379,37.424810433342564
3805.186657805123,7480.3899085646735,612.790994408803,264.7057610041059
6091.340833982301,2804.9348870254908,672.0266026149674,163.85072007935867
8530.884687807935,9854.760230149577,811.9804576831763,77.3170362189588
4111.381685041898,9807.46801578791,356.52129023644034,70.84299256763678
1356.4146646721674,9268.572374063817,1361.8783888516448,204.86242197562257
5618.301256338331,4307.478946959041,1013.8176233264033,74.00233365805529
9266.52063527711,7949.525404046559,711.7299716530354,123.48573631698315
5901.302923365061,7510.806829756574,1494.5069733735559,97.42722882401952
4781.194266427436,5115.303232935647,491.6368383892241,96.43168946138985
4887.334128412219,9572.263381760462,189.81456299773072,128.27371640028812
2424.9688741745354,5282.949053408618,696.312040008873,25.557361708751163
4543.889581933869,2727.0057951530544,156.8373786905201,303.7601516986327
2234.2648224623463,7417.97466843406,822.1554661955494,198.14158608896494
8010.422244952912,1521.3848727321797,572.3169025410779,201.44389434906873
5386.327283062374,7651.390602490186,805.0433391545781,164.34419536597764
7954.756027741874,3602.3500817358486,930.487668012926,202.72651003724204
5112.286241140839,1961.8368696484476,1451.2345294140262,314.2000517721513
5792.535960666925,1828.572539384435,212.28136220719526,60.37315436076967
4651.852306326503,6126.846836260212,878.1548247898617,270.074252178818
5056.309939976792,7424.015975298785,251.85271622720646,132.81551357438528
4975.828182592961,2038.5213174670498,33.67002624161552,63.92690362884111
2518.3090561995514,3577.273020066433,28.84701974997033,236.69286247535626
6134.14809251769,3390.993215801164,1011.43848674434,136.85069241693307
3787.1051790527094,8878.411702410329,344.4054401040376,220.0007318349553
4887.460428597779,8749.594642772088,1266.8841821418514,17.892199647709322
9471.895680504249,4777.391429175774,1078.228376563951,142.2213671206493
6612.7192112637995,1450.5051570076487,487.48931159641666,58.25985850630096
5862.312018810823,3594.75688256206,1460.4924729849224,359.23197662374406
5487.3963764153095,2421.1464347095844,1088.6823322568084,228.31831110811498
4939.949414819892,9681.505930103529,1155.3503723745066,202.55587411067998
5579.871367320284,5837.199436347197,88.36094492379324,138.58792480464382
9739.160557308767,4318.246109731534,564.7682670763149,289.53557006714345
6940.79131907335,7761.238815778577,465.8636737624531,182.09810670850396
3385.248637174587,2395.1480241655368,64.68444932234715,294.7193808170265
3625.4719245052984,9969.796937300176,1212.2232657868583,87.28338457929847
1455.8302163081175,9592.938449065126,1255.6140319387007,70.3143973241033
2399.314238576386,6777.773909383486,1284.1248247787064,146.34074967144664
4957.615039360051,3279.125501415571,502.6255555942405,193.9263314976651
8083.8034741184165,2888.028599199539,1048.6305898743067,20.3556437334041
3461.6470577512673,5009.461423549537,259.7899658672024,190.13132270384205
5265.782397748383,4105.1699440994635,402.8158018851021,347.97457114346963
8312.545967780461,1796.4383099405172,1267.928488277161,136.2118631097722
1506.6910047612275,9902.6713359628,1081.4469763493414,119.19001060734226
2102.0940596192763,9047.339423330133,170.09289040099193,303.65366858193136
1503.9768957319282,9709.519947383056,83.12717918843526,317.2293376716497
2824.038450660004,8309.191036205611,324.9235675285582,100.94216315624601
9239.712323150683,7745.311768814158,772.5196378774931,248.37656932903383
3244.8503208545667,6805.197289627277,300.2766179600086,89.8341075605976
6526.372350770884,9067.795756667954,936.6503259331639,57.84922470781586
5481.241368021727,2104.7274336187716,1195.4053370932975,303.4751619123184
2755.2383643463145,8588.567218504782,446.60907607670987,214.75486566811344
3389.494860826888,9314.284043417676,872.1887982036641,86.68348858418676
2360.0486336981285,8023.502118416203,712.0340568639908,103.35259640147359
1949.1456929455867,8611.049055086845,1304.6768169250583,297.14084462072515
9122.449455017906,4549.663578003981,1335.9529295849086,327.37211218340497
3763.1634144481804,8707.93714198211,1439.216741052674,157.36389363485205
2905.9517666674856,7070.410939374597,299.368596492119,228.27012210270757
8284.331036164418,5119.116406009092,1384.0872041776688,331.6430118155376
6594.189167910235,2510.69864619489,856.2398435982881,191.38292536230142
3295.8203216484817,8791.588471709325,159.660451690637,247.8396859543076
9116.973756880998,5093.1375010773245,414.26256686069223,184.570275631745
9678.870480489744,3333.1378996701387,1463.9751552123896,139.78790230032604
8431.364499289604,3625.7388498815353,989.0040018813246,347.084891079003
2224.636250667126,6718.748617454964,478.32568334792757,192.65169438840107
8526.019520326878,6459.974250047176,186.0407672014006,255.15111347454788
5915.258566439975,8810.805206772431,376.14042475277006,293.9552679313533
7942.376212476271,8133.9743697904405,1239.811497411445,267.9773643939026
8510.49769607032,2336.675792379694,1097.038349006913,46.59199661670449
8546.86793169941,7341.099910269882,638.0767525978687,18.055643585817513
2721.107411699968,4279.7653962121585,1495.4896802187554,303.17450236607453
8151.075340084075,4307.016254171207,491.0990206718772,115.29183102280423
3797.1294905541663,5790.550561250945,712.4024733403248,12.60360978936941
2576.960502664935,8409.243017877438,486.2105512194725,269.16288839867366
6394.478024560684,4026.0767146507796,1336.8982211159187,230.01584854205115
9082.439541488611,7215.145158939502,726.0240024900702,148.6523985393436
6664.102650170843,2943.9077773903764,976.0712938955643,59.09478772581684
9941.79433576659,8551.973270296608,49.308539361802154,132.5933834840697
6357.8497671150035,8689.733319992585,1414.0493180099627,283.3656914579184
2733.7572387350956,9411.031111263439,984.8061730325987,351.0079241651752
3369.05880835949,5760.775339379766,779.4513673242886,277.83332967342835
9753.419227137781,2274.7527412105464,1035.4733966583804,96.91505299153916
9824.020917569014,1873.5422960444844,1184.083771969974,111.57911434867339
4565.536669966916,1291.581504789375,806.9971371653538,112.40532147978506
3326.7799058038295,7515.8694686950075,675.0069497101852,68.91758003058399
9772.566519275504,5541.240810181117,1429.5294055773975,116.53046691564121
4113.008964047164,9102.108675456673,37.59375470965053,69.09064772183872
2456.1548097868813,9811.699144687078,1427.287006995687,231.80424393228844
6671.376210330744,3454.2708981342817,952.9365505607232,204.72709528704408
4620.594558722802,6149.3868490156,398.4287623242868,277.98226467285355
5417.392518031899,8205.639719198443,1322.1197063808163,177.4268503677007
3232.1718929573444,8665.76633871131,533.2272263737694,354.65138628980554
3484.3379028522695,5783.741696850648,657.7839578650245,348.4813235256372
2666.240433070535,5727.211786806641,178.06804342306324,77.43574873946481
7111.664288457022,9371.618947386432,753.1172597545606,285.65328833972217
6723.372429052024,9286.197448175797,452.7714920119252,100.683329754505
2012.9874463881174,6035.2210360424315,1139.2061544809728,235.37608964280486
5826.786167515629,2358.9642543298996,578.0786327330343,318.3119399049954
4147.15704829808,4347.411521458722,570.3132212926723,160.97078718255872
7489.8487955450455,5802.012154286262,1195.6625347203026,69.37068151197396
6865.337699190703,4301.2272808967955,997.1643005988623,190.59842127039323
6868.497900118946,7620.518208550892,647.9274856960188,182.52610127700748
3952.3352803155453,8649.125224758358,1324.5052246912044,78.63325656951075
8244.363161296043,3825.14838522116,594.9563187415205,306.0734104884249
8839.69426414706,1289.950763222842,10.819237454167087,206.02113919712417
4136.663011970057,2639.652931894804,175.12520168023923,12.341566661113625
8463.143970429306,9025.627553107202,654.1271980177677,34.520544643579704
3986.0783942495004,4546.480633748684,1176.4707911111857,154.16345752575563
9802.974956489292,9723.647959765449,237.91028639190827,327.89145056373366
4465.876207354558,6137.821022870078,1449.7792287192663,281.2037545991327
6173.385448880854,5907.981846013755,1471.9993002282515,285.8906165465516
4677.246572574264,4030.102195930935,226.4004592077452,307.4087226039874
6833.86087642016,4615.348433209041,1110.9504802538852,304.14156431588646
4228.922883479246,8824.282810356224,1159.841155090912,13.4238243200977
5035.602767502046,8562.43034585725,939.5379828419935,116.08296903650489
4857.383254293862,4709.089715405945,175.41287204138393,154.7986679269226
8221.816301657858,1870.4236343538314,505.9973626212965,113.97306897426589
9891.054343278274,8579.613032705976,635.0394232886897,288.7011992458803
9863.026795734724,9323.925480586,10.565955131493286,158.7134506415488
9418.72648494159,8205.512178643166,517.1618788429055,268.4004198779224
7443.217415944167,5334.753804970594,624.0863110392953,142.21125060643968
8055.355408402877,6512.0466822441795,1376.1407293154073,195.34559021448968
1969.7993188142734,9403.86613737697,1172.5433898227143,181.05536613868009
1421.9199191885612,6249.344017167233,468.85070785936284,45.57532778281493
6205.760186432775,5864.543780720125,1033.4787810470189,157.3814813019618
3378.1631856057684,9630.273545767152,628.2192495716807,163.16924923393572
1469.3300432025844,7679.848723644215,93.14112101967476,192.80600175224095
2976.302080891556,4966.281625609961,1152.4519636821592,99.54516643951044
8171.8962053154,8630.630305809183,619.2873702979751,85.16076544369947
1835.364740545462,9868.062681230842,508.60247304836304,141.36808944033103
7729.483385928145,4567.739085717623,1264.3205814103821,312.6979556685097
2610.9932652116363,6860.822232215444,1396.1306442050802,194.28612313908334
6237.555549820278,8122.718644379328,1221.6587873112812,227.81491567376344
4906.886595164591,9674.250404819866,867.753510804234,91.5050195169203
9106.734784204924,8813.633413580614,866.197680203255,288.7444525082537
8979.466878125464,7732.069638963426,1285.9870922919138,263.48658455812233
1165.985497180983,5068.622144681023,149.15086604585358,149.96203129362758
1146.0374392394583,9912.526404625667,607.2051068768249,358.4713784702231
9805.65316450857,2007.9176778910996,1414.0168536422418,205.83613491836286
1436.7007173860852,4921.90625640036,1077.904054345116,115.61721067709449
3635.5320265159608,3769.0506535345967,606.1633302257073,276.50157102150104
4646.407044324494,1665.0755432853423,983.2510467333171,49.80839849492487
3426.799069265176,9938.498566720455,487.6868837780442,238.39928004504029
9798.19114776727,2003.8614669138824,991.8391581977537,72.17731512507731
2768.830612702478,9822.150016623027,985.3458871672473,295.198582661877
2573.824497544256,6689.223260414203,1012.9554570060377,339.33479132162387
6665.430740046469,2853.237022522609,284.04505127173127,91.12478079692006
8851.132891302499,4820.837937510969,369.2234691013077,31.313145963100414
1783.034121158436,8083.810409592036,1118.9747147886553,169.26681903313136
1661.9652893131833,3273.817517723527,366.0140196414704,176.84386734951474
8276.68841831341,8392.241322538539,53.2921082281593,196.36120879197122
9843.21482315591,8639.563397197478,564.0133768115614,309.6987793120236
9474.16419721408,7490.028242711697,115.69362780244411,254.62824545705388
4233.500899420629,1489.7553023429564,786.5474718227408,161.52645288452564
2508.378750596703,3268.956783577071,530.6474511229046,50.611841059715616
8893.628304368762,3322.0123097352725,1161.063938862998,191.04204682398702
6869.695831524319,7541.995962451065,836.9029005784552,299.7288323706484
4983.62749062707,5993.06196903613,196.89838475311734,111.78858234485854
5560.975608064866,8984.895495958115,733.9166398254695,256.0838252992458
2409.701286121647,3509.4366478735906,472.8124259909445,160.51322467124064
8960.427914120468,8606.844799447274,328.76860757767196,58.9184296715577
2793.141196798042,2200.078777172526,427.25818300527425,252.94430487297015
3566.7730151465503,8513.634901507234,1365.2054126162293,118.7469894099528
7261.590270981613,3948.2576125630253,659.3358297699996,205.21731298829815
5342.506380054425,1108.6472963947272,968.8365974217979,323.5549022505566
2387.2149681532946,2887.307928618793,740.1322635728219,74.35367548088246
5968.862864043519,4898.842063062706,1347.6753699321082,317.5021163874986
9516.03257334245,6212.080801043911,215.29844356861068,64.40475661247714
3698.5090626244173,3284.677777215195,648.8437213539394,9.137543724728575
2536.385263455714,8364.459876987032,23.429281349573667,287.9019885481112
5223.653516710117,4557.923523600915,1010.8503132767241,49.55017628147027
8706.583557062322,7641.925929889235,267.91061366847623,146.51188363537233
2563.6511380999286,5187.226014892289,819.9549694076071,55.540418109254816
1249.98094074153,9009.57547515956,1280.7842434866598,22.61377643311736
4842.927092137822,6009.040847339954,1497.593787897594,48.34671092726361
6931.542758272056,4594.83085918515,642.4412812521931,52.924299048980664
7294.474255123526,4950.284350777489,938.7568670147376,262.21237986981305
7858.5431579226515,2850.9756190647704,495.43561722823915,189.1346180501969
2755.288951459802,5541.941474026608,1038.2723301538474,228.33611917821958
7725.023380905111,1982.6473319395575,1253.9093940159905,199.04614079334553
8409.233834057706,6800.9347078522815,14.26727797271205,89.74203758542467
2433.7818827057363,5146.065182713217,711.4830274677338,255.08558468092698
9901.769274500339,3842.3413035973813,378.8640809561426,336.0917398694676
5842.870092346546,4851.978850890113,1278.040213810843,283.4900726507674
2043.5041582596468,6859.630562918181,798.0036213772164,267.67490142478476
7184.456379805043,4818.742122027148,1208.1312759760647,131.00583704956924
6095.170782722312,4767.041803639207,1178.5203430613747,112.20421017531889
3068.8373077217857,3678.939866049392,405.3601666655973,65.32205385858778
1249.094494575336,7700.345543981071,1396.7349024115663,57.3975626083853
8129.992514550216,9818.130385421211,663.0484327155875,108.93960124729765
7846.856318511765,3384.9580425108024,1147.6806181072998,62.36646850835787
7209.758403851221,7465.651454081271,1497.5355460450173,51.351887067485414
7485.28504858467,7017.556839939401,57.43761851863996,336.44623897764103
4088.5267471631246,2527.6847881825806,943.4178106999391,147.7759161684056
6510.192214801897,8299.452291132133,206.2097997156369,249.77247965988633
4351.710012097452,4371.132814709763,416.33063037774616,131.2787670548955
4160.280001202629,4160.8609132614365,1448.0123663206527,136.16548117877383
1163.7194980762295,8803.603761154942,810.7592081021169,127.38910242176429
8966.491078603662,4955.461776218229,1248.6967030349965,31.1010896294668
2122.5110999405692,9006.317180184164,648.5441211915033,98.33216062627609
6363.769909347991,6822.311654276462,406.5265354175175,354.2462963120393
7204.824026100226,4722.122613479794,1344.7703744819314,58.16104985351054
5216.733919238185,3505.7675675826263,494.3781157518058,65.64866966913024
4097.550028807929,3269.2072298333,470.59728716356705,269.0095890857612
7648.080816351295,6115.56675790197,620.5807265323347,141.91443768179505
8291.39539255692,5285.750981272815,1066.376775529466,330.3443428399122
5816.79465555087,4285.730546906461,1469.0434630347083,12.82410111960569
4867.357987967948,2661.0202003808877,789.184350092158,40.958375408638744
1103.9130547950456,2426.082915399843,958.9868227861857,293.32341578001103
8503.322646924806,9622.892889790466,916.1589846554394,326.7241108235011
3598.5410073275275,3432.478988159318,1011.4655095148565,321.3712487479568
4337.546455793117,2101.079575764981,546.0153214155144,294.20129709938135
2572.88606418939,1289.350802829266,1083.5681227323905,210.94857628005042
4701.959461993412,8557.509133659756,1407.7463078802755,99.16968172269728
1586.5332407660896,3782.2887541016266,642.6840628522501,128.23165003842956
3411.93826076332,8909.072614512428,1136.8293622341196,222.35344583857093
8702.397368285223,4651.228518516884,492.4528418963936,287.35762909469156
1221.1458481437965,2224.261062953424,897.4224384630069,313.6268224112651
3468.293883812145,8932.772734504175,189.83019266945925,60.07170503396043
3773.6726247969036,2199.0295919302325,361.40622219799934,71.25132172636991
9684.860207056989,9415.85822540929,677.8930570207841,110.72554755535789
7848.235619776178,5957.446949917194,942.6017558640787,298.4724015951854
2178.4977894229705,7850.127064150823,727.3183869977948,186.84585927417066
4645.677412677992,4869.311896976187,1310.1231127620545,138.4762555055528
1716.2066475812665,9443.550165719847,626.5901202021781,359.06124163202395
7171.68040141337,4110.166357344568,495.3456728912076,16.961945567111915
3867.2016516926824,9606.504731338537,141.4313418617117,293.9697200834841
7557.273821979693,5211.697732259493,162.9427469336859,107.99026617236356
1891.3118605579266,7204.663322870112,1213.2075354441176,284.4465056056771
8644.49258197131,7960.543613391998,564.954564825532,328.8986024974998
3504.5930442515933,5281.670846655941,281.73777350277766,279.9699795577033
3632.5313717328004,8996.810177739184,104.67286830709361,318.7411049719474
9972.141732708882,6951.346529876527,1286.859450365844,19.82251141963895
4719.3283626983175,3574.906186560642,834.3699565706138,16.235376020011024
7625.8509566946,4153.111800977631,1003.2260950299036,268.10324783574157
4011.5168567349992,2010.0599581371775,1032.4238566078784,115.60854873443145
3781.7049790519086,6273.779994021557,909.4203557746764,242.66880074862522
3360.079252649544,1527.2143116530183,1270.0179230978474,267.86436050118147
3538.613671954988,6376.389040658448,10.469319751308802,103.6996210240901
2017.8609568528477,7661.769084007184,148.69251941333115,137.79035425529037
3564.3044991228385,1877.0768049121443,176.47566409240827,157.06202624971792
5193.117018717246,6355.562632355669,1388.1357523139384,269.81787308873146
8578.502373425645,3443.3250203916064,96.62587844688285,203.9067103088205
8462.681467361213,7753.735346262083,225.78606002712237,107.31910746276874
6326.044353766973,8684.270764199293,989.2055903644779,13.805909702112766
5376.461514015623,7690.213203652567,607.647214453124,13.073460493818244
8049.419478838427,7672.4944951606485,534.5558501958537,304.9956822502629
9504.98144677506,1577.8661028492038,484.3141705892443,74.2388052705593
1595.8836004726263,7749.3601155003,688.0757136339889,231.32758820918144
2043.9224427869713,6977.38339850405,54.78327905038876,213.06234995839588
7718.083272645608,7423.32929550607,443.48448830955704,47.178316640655055
4224.14599572841,3044.393951280435,823.5974205281893,178.2428542847003
1425.275218249967,9250.920927679568,233.60070706492886,245.8144573109385
6101.683382638302,5140.277207573698,1366.9449514323583,40.43786337244734
2710.216444009802,4449.826022691958,532.2709916079748,343.10367160267447
9738.892336518345,7250.546918130799,737.6892722010756,77.29673960504239
2316.0843793543963,4545.452778605813,1285.7295974172232,13.072568130879006
7176.554284566651,6632.562194504463,636.2865834857568,157.43969095588216
9300.682095579661,2043.5240209410001,689.7280987159161,98.63431972466282
9457.83870570573,2045.7342716082808,823.0790308440555,306.9106728793751
8690.761485803498,6974.997617382665,712.5865519075214,24.832833038829513
7290.249349701885,1906.9575313416995,1067.6936599792928,106.38031545106821
7979.801057617836,6633.768855444481,337.02892124083786,120.59491278910866
2316.8191575821693,3600.8958881185044,1286.4626730218592,133.6812756466487
4377.814316841392,1883.70525970394,728.171200768634,248.75247716808056
4641.4343299465,4781.483910764522,792.6907039107417,215.06291736498127
8060.29080615493,3208.7640756957944,210.24555763743604,70.40983777804318
8655.74762950808,9061.89636030253,1420.3122516094695,219.65632982011678
9678.784400176599,7575.190273769029,847.6554403230938,127.18440733702539
4493.285298182884,2947.162044051488,307.0815789942541,90.49436537499024
6320.493506582324,7206.593226188638,870.507453722257,86.12456146567231
2785.0332326415228,9252.970684552947,237.39435327642033,167.52463027476506
2004.9969077951328,2083.02534787468,226.74144307192773,232.7901442774754
9656.500900523235,7394.054439288125,583.5608177280066,304.94185264644983
7676.4650221290385,9535.014875235353,135.54863532917255,87.79959411045257
7566.70247069075,4549.590845395151,1362.3041269486912,40.63098619694295
9398.22426392942,8196.861304908776,650.8960810166574,163.54076455623755
8204.783756334018,4925.504608196249,856.5359747040761,91.72706524455123
1466.7748261574998,2939.4530241567527,482.2858097431873,5.741829798973823
3956.3042274458526,6144.916317308619,671.7369692357412,318.1999291087498
8580.333217002495,9332.892714383177,1066.7453462454,212.23833175309645
3057.7319727523363,3508.2551824977368,866.5951948854081,322.256140787318
8177.483172741681,9043.722774051592,1140.9804300475953,1.2753465414727905
3081.954955146284,5858.616911234129,754.880592261085,340.132352227078
1417.4127055471997,1810.1671768576268,508.0715449570272,153.025853545441
2558.3296606948293,2460.472819412621,1237.6452376568393,253.06824188640448
5495.8532217776865,1821.1713594464825,1109.0203769372345,338.20572347745883
1476.2766406687042,6788.508672892451,193.80872463982274,261.2914733003644
3488.2287196883663,1633.9529146584068,1270.7128246416733,108.9814194340979
3886.243387460657,8766.894337875041,1286.652307437862,24.95700211980663
4888.160960420286,1266.7473118351395,581.4125812149425,53.4741218110023
6702.679311829193,7287.360344437557,788.7841955096462,43.37286436913336
8494.597071633298,8944.055690655801,604.5581158016256,253.88694778990214
6902.673102949259,9264.351305722656,582.8238440335707,335.77344011936054
9467.183497100788,7472.191510525078,1303.360168517545,89.7227169041074
5615.464560966796,9785.142298088,535.2417523322391,327.56873057552434
6884.120515203476,8937.741839543727,510.1532040948156,307.797292230402
9581.487541650944,5524.535349287257,711.0901037745741,3.8762365492779938
9882.034002990289,3716.8104518004793,1378.33623617877,119.70366682857801
5340.752466895007,9469.009263773303,385.6444239755261,257.59897467203
4678.148938510533,6431.084878768014,329.967397138166,52.539437517175806
3216.8918662813494,5131.918003926341,225.60301131363627,62.97163021484803
3471.3003796078697,2844.197566256772,305.6260360553345,350.672366944476
6326.87413317891,3763.793640840074,328.5640381647945,139.00301624578154
6085.793600139962,6613.080047391505,341.67269273591035,302.35213739448596
8857.56682249414,7110.590246336423,497.1442495608444,3.1489369252507973
7174.904249797737,1800.1037193928273,178.22830420220654,323.90425882028205
2128.9426253731517,7860.77534104557,1350.0385588469067,85.38764960600497
8516.709803151121,1108.3730386648076,465.13640811010526,43.4193314913376
1479.0342151252767,2959.3954727901983,190.7788740772086,101.58096409632141
2566.859525946653,4945.781811934879,357.85322200134533,129.57022144840477
9891.662764000139,3172.7714987548875,1442.1030930309068,43.94476169009587
1861.394996578053,3342.3065378449755,825.5819617061104,272.2974585341381
7358.145804566866,4597.550447835032,769.2181991277416,358.5372800516541
1214.481671572722,5122.609222331041,725.2834887875497,319.72708863374925
5944.629659968372,9327.706307183827,1093.9121905061104,294.1214191180536
8815.64323622928,2502.06796308537,640.7800150303517,180.14733858963933
1238.776032773476,9674.426812158026,725.2196428427313,226.68179954558823
5876.418652358797,9584.975802349785,252.72698165651644,283.9268874071859
4239.126005538354,7465.106847207219,579.2381149355739,192.07890887856465
5559.043860945346,4201.6666358395305,1419.1036362043862,218.02113750284883
1816.6283385890367,4936.9600069985245,750.3531845211919,328.2794381645442
4214.473023786895,6265.252046948312,421.2248228115934,341.62153632262175
2040.1830611139142,8699.735058337767,410.52223233558993,164.6404746890282
3767.7364653046407,5621.41044404064,971.9018313093171,165.3409578901725
7756.235691284279,2860.587755302927,352.351234025981,318.2536674655717
4077.777801670494,8144.631963861503,893.0801900174188,312.84898862041507
6613.704132915835,1758.1338452081259,1308.7001939418365,302.08388119374257
7712.488901784569,8229.536606169697,647.4083230571906,114.17240526850627
4945.276095071315,5728.226692680296,368.6604149397979,187.76894637202446
7398.084889890776,3647.7735750980037,1435.0948825198584,352.0876588284951
9073.717035116128,6585.148479098822,1167.0844423621293,245.51785695170858
7578.627291571058,3954.4380423346083,164.8656485218977,280.15735321784285
6796.187085843529,3924.8878066583893,1443.7101987407493,317.3050212625764
1587.9987329995247,4835.604215011883,1034.527430674142,35.3323285329908
7792.715177140921,4789.6696909637085,626.7400242775361,208.07617593436828
5694.40859028306,1750.3808482409,513.1503901712701,6.212141953239925
4254.939324759361,1993.8299704122364,1410.2007689806062,16.51336498218672
8657.208194650108,1523.3521861067015,238.54751663898705,25.832177413488683
6597.419419531835,1111.385591883511,261.95831775559344,44.729095057454366
9605.65241219315,2953.370559807375,774.4165809731328,203.79263735165569
7336.38774400004,5440.264293563904,187.08134916277524,210.47193607028717
5213.647621398407,8413.61674048809,50.332573433199684,261.92173558483046
1480.999214829066,7447.9540757271525,491.9420166194196,178.1001897510204
9338.47055232198,6045.817326872697,667.7250807571309,203.17957039607217
2529.4284285670165,9729.901242257622,905.8223567505161,3.2844867260842014
3557.6932315968725,6941.839249839032,120.61631590103792,30.442163285634553
7920.498883289543,4814.78409111979,136.4957693452856,22.981564048033878
3946.9981878706512,8769.99940775369,109.59552760221747,287.30477548042796
4553.418483636331,5405.243716052623,350.5327235914284,237.260961542751
9816.973060723109,5216.181308296551,1053.4408220938533,344.81673111639486
5826.754880236076,6752.8019386022315,293.8240059323076,255.17133245590904
6472.134541493698,6259.82709842454,255.21704869238448,327.4117693211993
5320.589515482099,2300.1835634570634,1238.7549792252505,271.6506331645828
7852.727383121067,3137.2057221795685,1165.5608657719335,301.1829834262749
7208.452157950182,7561.997833670524,1029.406442936429,183.51893962969405
8827.737804534849,3736.820107337571,1009.4974443092336,333.7366458688053
1673.7399465119677,1492.687618039295,115.35175711168128,129.913807533425
2744.621387271305,9900.51854441698,579.2174309128089,6.493504367187011
6383.017229265005,6595.189763733768,1262.7888236623783,44.700797523146896
2655.2090306807077,8606.067204811756,1113.4513039678773,179.97879000362033
4709.5594450609215,4400.269500619632,1039.9413540733374,15.557315077033255
3272.0599760707296,9557.705696043186,93.8741476889702,184.906323630196
6470.1335184191175,7924.575479504358,628.5412934807623,132.10676392423017
1126.9011184162155,7229.502175352363,747.255013513847,140.0006981117002
2378.3374527219767,4015.825112903655,509.3685361352919,88.061510516366
3274.7380384441662,4811.737090592658,1124.2913790616199,76.93916099118907
1455.469620022593,2335.4923371057384,962.7771137630051,317.62143524065544
3860.1340712684823,2750.957214859497,735.075507309232,232.35004437676378
2268.0204924524023,5054.153818987601,798.7706368996421,348.39563797827975
8716.342887557195,3582.081662752071,1124.3558616454618,296.3015031455932
6576.363839079188,8965.873427574774,199.26546651302434,159.03411143383198
4079.077439792024,8791.99150153694,1120.9022715369981,146.37203612299317
9434.41875063721,3807.470324780758,1136.7513667122885,43.655231210108354
2637.023219402883,9466.798878140371,892.6328691173478,96.55938475404552
1123.6003800662957,9100.61062594681,1013.4433464617417,91.48390582313495
9410.155337906941,9759.023428025577,398.59733115850594,311.21764613622344
2419.7623591105307,9063.71592917166,337.0607696378636,46.662616101624195
3601.1576821148055,7817.6488174330225,761.833283809933,115.63784401513033
6105.225911292918,8352.82318523014,1204.7792053908627,229.79381920263322
3722.5337865367574,5904.66048712228,92.92232725310514,126.14756544135759
2996.7875387900494,2585.3037903189797,263.54878417782624,244.84995447915134
6816.033030063018,6109.8782266732105,580.370401354627,12.292449814274988
8438.936526425863,8867.496016506677,1056.4709606880872,154.0329624961179
5093.454728083883,2602.580721327151,1240.4112814584516,56.35447518318333
5322.756269927578,3324.5215020202877,1047.0117281318412,41.9115615884607
8896.43501911561,9120.828865330066,1415.1788051357466,352.00439613151326
8419.598307602308,7405.963860911005,273.2712671701161,218.21049364904002
9526.551704658928,5006.171017464234,26.55921682587753,359.83568267994866
2561.9473277347606,8218.601881011382,1104.0065060071356,175.64531965693536
6578.295912938475,5201.858979414333,335.4126485635772,190.19408132723038
9906.436081036743,9021.172493930691,705.9069694054014,3.7559911225999256
3151.8813902985985,3159.8233345316494,621.6313004615319,17.467093445455628
4448.507040552069,4199.923159118001,483.5129507957773,187.372650519504
3703.99401571294,2522.1323721281633,1199.5091756791749,237.66969942289356
1289.950215645693,7236.339941768783,158.41749265928698,144.46967052108906
1760.1584431314752,9008.976625675896,546.2062725231515,171.63428784919208
4768.46880702383,8054.103896301853,330.7960233810198,77.51803852361179
1873.4728790755487,8580.081948044328,146.5518659387184,61.496458198814906
6988.621911487615,6032.8284522128915,71.28152390765588,5.458773705017816
7325.537447654214,3594.6901765714883,221.92950354540017,264.8348139841221
9842.315406502405,7952.481764522004,1231.8545630062536,266.27542841585915
4099.618837594968,4371.983434607839,770.8588033270122,174.69438260622604
1562.9624297223227,4189.576758590101,919.7405831612054,73.99154885718289
9266.501080048107,9686.876280020955,1171.1994423537897,239.03723335910485
4538.703006935924,4865.663352571522,66.4699999537358,290.44078479359877
6797.748255988026,1352.1029568664067,1031.1898038758213,230.5375241702387
9595.081386720487,4694.49555054866,1468.3739112039925,175.19292501660777
1385.4155989513606,4183.793597596314,1348.9213576688535,191.59082430514982
8698.50258284044,2393.9955163647837,836.0133506353527,115.58931972565992
6813.33519005566,1381.5025346212033,1295.1583177533696,301.2034313196315
4093.8321545255067,6705.039538408048,1367.1762039408254,63.722844985043174
5389.330104123132,2235.3985715062263,1180.805157085835,8.881474753164362
4620.3734673604795,5454.759150827915,190.61575218695924,351.676138565703
3983.8111636801623,5124.7007492996,879.6725530561031,274.2491471127737
3648.4928099400354,7638.038816864553,768.6982249217868,123.18762946458246
8303.515157908369,3469.852091610865,1062.6451243203646,133.82322037442276
4531.448743372523,5566.046569692599,1264.5528230113287,203.19547440880703
5731.416442849556,5058.920309668376,568.7268948554674,112.67083030657543
1593.8197450325292,8922.188100681044,97.20563929118396,46.75172219297961
5960.2995517832305,3771.730422704348,1479.028532049787,257.8901632556658
6733.115841068179,6410.340410270074,1328.4858727915584,227.0714685662787
3322.0514550237167,1290.7603338897652,698.6109367314389,218.81212630622315
2909.641585861496,3878.2648229405695,1462.5162870583808,179.65655630482306
6030.7034449490475,7971.987935882654,992.4067273118559,110.08721435513169
6513.905657675251,7095.030840723944,196.07899179641086,42.762222662962465
2664.552275750825,8606.431878765188,124.46381327024687,172.40552840518652
7323.703875116302,2788.001853897765,849.2351846867651,142.2460473468026
2772.297260234801,3514.327159794533,33.96930815819698,96.0713180378911
3878.187075137968,6294.993230716521,778.4993770742726,316.0016257001566
5094.832966536898,9920.327252117115,552.4001455856416,42.6783174209862
3498.4774261962248,2886.3032466540753,676.3324039879666,255.16718861046704
1560.4933704974299,1423.0769946785742,191.05435518533852,113.10181567300481
9378.363957545589,8590.788200868285,571.1777143851141,323.97168423674697
6449.89305558384,4327.953003397242,990.5515616226847,43.6766803439958
9531.845451134988,5173.863578603059,759.9806219245881,279.5509042024833
3826.388612401342,5343.256820307909,293.4157760403589,109.29149091343685
5154.363139642224,3161.251333947925,422.2265583982713,279.23703622167557
3659.3469383864367,6086.743485452633,399.8926719524825,284.07110232442295
3720.3336163942668,8235.67460781493,448.19137388287965,118.35507967739431
4282.688300121561,4042.990870588087,1494.6215377812068,120.8251075325526
5958.372757817472,7260.608575762847,734.537198143933,1.1528497768767623
8797.566413499117,1764.1984568645498,340.15178332766715,233.45091930675014
2317.6784631382243,2741.872325653697,677.0501795416267,97.20385818629283
7199.224657758183,9340.805949161668,586.9131497868152,34.86313003879117
5248.401494016075,6766.210425960788,1490.569930296978,10.853722966594354
6883.885934177575,7118.700496647805,39.07959380669502,301.43119834232573
5034.327261422183,3086.0407959820745,810.5021963910621,204.42591054681617
5115.150908405263,8647.790064088322,384.2415706316364,84.55665912368035
4162.1541754077825,1577.5750894483108,1358.1749130430876,43.29908706599101
8009.825623004787,7346.221305977661,1466.7923453875144,153.14566227345
1906.1858609525689,7136.45632485182,989.5986815502065,340.11529153079493
8032.490262674738,3879.5293935398113,773.0926252800414,327.4874586359711
3067.9198079667403,3558.6063697900026,83.76956368889675,285.97480768218276
8579.331904678793,3721.1191411134455,1118.259274320391,71.56505622207683
7570.93437660956,8304.62081219145,649.4590857085295,240.77021347374748
8767.994913941766,3203.8311511502607,1007.1781014474916,109.91861763175085
5625.677450276736,4869.631639844972,137.1785242801999,48.88428355986328
5081.20997696867,2106.4650347124852,1321.3052557308401,105.08732088564129
2463.6909438251646,4842.691180341106,479.7105789051613,134.14831508278877
6215.624711301858,9597.173233122508,28.892926268046896,146.61044851063855
8540.391342724712,7714.759853832125,617.9623039952197,351.1919330249812
7903.7149428071725,8156.884867485456,841.1158380027476,104.48310011141227
9355.90190237252,5758.622801444786,790.1011962879967,135.8493498694729
9311.986659459903,3260.418671984967,352.399527104229,239.9102527411128
3631.001670624925,7607.377758768891,1414.0872558000767,301.8373639616665
9574.75672699396,2297.740181379872,787.5539319492793,327.96475695439574
7726.861435132648,5849.63311994124,642.9847163405827,170.53974395098422
7320.162229388706,4430.54547128322,620.4260135041745,237.96278077655654
3499.4721907780736,1500.925392144854,448.8632934056326,278.9183311493167
5543.505623947297,1976.9097277431079,902.0940855407132,131.12714950306713
5323.0213674702,5111.15817940819,1302.975450132541,299.6207348787056
4237.412824374091,5314.496194047365,402.9302137268091,113.75179699008268
7626.328143267179,7674.661668567615,674.4256956786506,180.999484204411
4573.7777838770035,8757.207508383828,509.4227375307169,109.00522072475547
8713.113538780688,1648.4450214766664,634.1335375408516,258.40449300932016
4927.999284997211,4398.355071545517,1227.8789457564455,33.69742383141198
5964.783723363515,4499.405061357944,617.8036347283368,259.2316661747712
1778.3599813323892,8596.09745522261,1303.4658963425388,104.7690953570148
7422.574244629509,5555.1235720327995,1178.8358674562535,247.47059796348998
4282.79231909229,4964.283702087072,325.2106423624911,40.71192038450273
9301.879675959432,3046.0402201565885,377.05107097382285,289.78720371994314
1692.0057576776073,6699.263339433486,453.72304510629573,1.1880002587042067
2320.659713470799,4910.663087832033,163.92644967745608,186.0976896322132
4192.020144524877,1362.9710975416788,749.4546187783154,47.9838703658115
6019.82249091653,8685.529596114407,591.3300108870726,198.24410403864638
5757.352535382002,1101.564841158774,410.4207472600372,319.5601451847627
3590.6767318863886,6528.8875047489255,1178.3024839322547,120.13960487092044
9478.117769258588,7284.081719556797,1104.277739036663,302.0184663784382
2435.909449049769,5766.532585761589,905.6103834246223,95.38506347647356
4725.475051413914,2479.936632534267,1231.292744849713,273.886119376129
9952.582145626533,9586.251900776673,78.11514015746347,281.6310935614312
8833.134159566356,7433.540397135295,817.3878810796965,286.1571124255165
2945.9591630529176,4832.6688822162205,1252.252539671364,322.1523716207709
3270.8218496942823,2041.5461780045916,209.53033662578187,2.7873675972375636
3320.8136960257607,4628.1678735766955,1266.0216315563232,85.23119807544022
6697.574601698106,3383.641345925041,533.8457929185967,189.47260808133564
3684.520217965309,7365.99427138879,1098.1279819037911,2.7187903249542904
4992.4096082586875,5014.778794892366,1393.3024420267259,200.51800362006054
8334.499420078753,7283.685983650549,521.8315989777699,138.6778848741395
2750.9257129120015,5641.140011671939,419.1678972422304,43.390358136597094
3666.3148816345392,3816.4970887767595,142.27857809798414,264.67093940057293
9418.27190188885,7810.2277591294,225.69410045874307,188.8485670400014
4500.610122562097,9621.477696088297,232.2510246680565,105.55584982310462
8459.829315952498,7783.457583023549,912.7779983155726,291.16333129937846
2986.7879053369616,8292.921834417702,1169.6109913876055,56.056648747466916
4925.67394868285,2311.1306867867615,316.26745632562745,260.35501126732623
1159.9612880683853,3565.9308131307466,161.96398707554926,107.29749952463597
5128.415712026557,1717.664244560896,129.41465026193072,205.09822835654384
2912.205728513015,9114.610333508315,1209.205034682909,263.0567138313399
8085.511615852066,6428.278771352464,628.5787168791059,251.35334843714764
2303.6540755156684,5581.7997554957,435.82308917258666,127.39213836339543
8817.494008965947,1911.5711148849969,1218.9798877350324,270.1292384100882
5687.972369482987,1668.9637728544794,1022.6919050597174,233.06404047118272
1323.8248615718703,2171.814587547753,603.2659538964599,119.115857679304
6548.938487406161,2393.5062556440807,348.8082275267281,247.53371795826737
6543.868650223029,8114.261835901104,735.333691003635,18.751980994942638
7629.53401391396,9468.855538601838,81.42346377160692,324.53305887124924
3186.1668121285916,6127.085577854149,1349.597936732926,62.84914580517963
7648.030035762236,3951.5218718127812,916.4728749320634,272.9742933440989
6716.3514314287395,7772.210270337307,1178.928301284931,290.36047258866347
2232.8947813790464,6976.594208734061,1.0351853730747536,219.76903938180627
5667.805198104347,3885.6617764427842,41.992157664843965,167.44347562042225
8379.205004746189,7195.399806407827,942.9432741839054,324.4507264180367
7875.3452108843385,6024.370313013293,1388.3235797700397,242.93275478969912
4493.875644909252,2784.3186345010495,1342.261424497356,257.99332791589285
5114.388595951112,6720.69311090526,1497.428960303328,65.60305594263015
6832.054407014019,3102.420908476968,638.0052766573975,269.2740924756973
6102.24823512862,3174.1530341699686,641.5040068929572,21.447257064476744
4324.628063479091,8058.027432976339,428.3560123853836,326.82859082828793
5035.600476550165,2447.3774240417524,430.2036593231599,212.37779063604637
2369.0872787333606,8019.57195889235,1304.2095492420713,78.43988029234411
7860.118747691322,5871.665576717753,513.5866225288052,131.8957468616796
6967.540091136105,1759.78321972832,356.9649463138034,315.79371152081364
4205.248096478445,5940.123613827371,1434.038812566748,218.78397914574592
4423.8826107358545,7769.692385410314,670.5747290537844,158.05988827429135
1199.6504066320829,7578.686998152208,171.01955400054305,209.45426005635733
4816.532057003831,5367.225751224373,614.2143804329197,196.60368006891775
7738.3887475727015,1190.0373739626193,834.4581070512326,96.89364687021208
2434.0625621789077,5572.483421016752,1151.7365877202665,203.79688324779698
9015.682993349272,2207.8435598623146,1154.0009279905055,214.06069134298184
8053.0009633602995,6072.802397582986,1379.4016762278459,74.47344262571876
9349.155152500098,3268.785297253218,946.3277725415459,327.4070728264268
4249.100925078988,4357.12337167765,1212.7358104538832,174.07129464563712
7494.042893655337,1758.2478224612137,255.5324044364905,52.00357102321292
8687.635615824678,4294.366667193686,414.3556630439591,329.43936787132674
7474.588395037205,3676.5807096464678,473.51177242814094,44.52281048534112
3894.061754194496,1121.0057751389302,1341.8732351084593,87.67926191499018
6214.445891225625,6506.104601226453,1167.8825501397018,12.388749542142742
4547.574340201175,3776.4878189654796,832.8037946891244,140.9882032236651
8613.210738249305,5125.809527816207,1046.2077262248235,122.77047758761752
7304.01109950758,2363.4670708662006,1390.9649484000522,79.10434094805592
6063.975860194651,9000.04799373178,204.236487854638,328.64869119616304
9515.299674753407,7350.340359887333,127.89986121211979,186.93099989597715
1782.8935785273884,4115.464781404347,1037.759576449236,158.62567856558022
6656.924316692957,8758.483725650949,713.9322908556833,121.49379251388464
3908.1412958967016,5276.999125255223,376.5654240155636,179.92287717165638
2788.7193746106796,2643.878853672385,554.3195746101129,351.3850982404626
9404.496948854661,1473.6108880315485,1317.0453202814256,159.0204381023521
9331.886516888402,2291.084707876924,286.45074958868287,312.4326671653751
9731.152794651154,9010.528223617013,65.37475544408935,355.57872215987965
4491.305774144818,7433.98192135077,475.67118956905864,298.6192660531682
9768.181189982157,8443.118778825588,345.07262828777203,5.67982843410845
2854.3100872553628,4806.107675886816,945.3761556668217,157.9867978068818
5336.835346738097,5899.602480342627,621.5908518428386,241.83716692546025
4964.898203800718,4035.5341012902163,8.77491312386869,318.5516176875388
4834.650302288573,6100.3270911935515,447.9943446528089,12.103648305399728
6224.923072013188,4284.276613535638,1240.5041555789942,187.8063285035891
5465.085695506143,4608.08580191245,691.1296673509967,117.97526825307995
2075.0823910243516,6529.867748760784,1454.5270699169755,189.74139410187095
9540.753346559086,5683.357912814022,762.8871063059976,46.59248658558914
4392.324789324515,2119.5755539751267,913.548058234781,306.0636060846949
4995.650548288314,9165.735099595797,56.110536850740445,8.040900701016643
8436.456630038625,2859.246534519317,426.1523982945718,170.73861159748444
7494.914130618057,5395.171333009102,740.0819512172964,190.07573851149658
3258.1916192852027,1806.9055739434366,1441.4357353317675,266.9375260018913
6221.588862287981,6995.966396986554,558.6015546124565,349.99791945973897
3882.244657718496,2686.279265524262,884.6354402810437,277.24456973756685
1384.1660429288936,2193.435346831608,1263.4505893661646,20.08395787429938
6321.491314364263,6545.073485206881,842.5143781977833,215.40611063110538
8663.65787419773,5266.663183753616,1373.5123444014775,100.79502973788719
6594.436840761932,1789.8762542378345,1237.1871698976743,236.8170960228389
9772.497189265521,9436.500219659216,400.0940855128174,65.83054772622754
3277.2114792092348,9873.040338636236,1112.365310254547,306.67398871126176
1278.472776147071,6411.226972382675,1230.5598480556266,355.46605667058805
4910.696684409322,4024.9596874591984,788.5081634528846,91.52191632634458
5382.352563478142,9562.394388386227,908.9365838224522,101.57432406707584
3682.7255355495,8667.835420178188,449.7279501290303,43.893400807248504
3963.592570761283,4993.27466612199,446.2105867764571,331.40491939207834
3250.9150033483456,1634.5453028541879,269.1150438062038,95.85050412067964
6680.189567969359,2447.520275574486,463.0244650240963,145.45722165341647
5030.608472979551,8041.672557497782,219.48592135376973,93.79373843854563
2907.476981695659,7984.274282364742,1357.4305980820764,342.0093787205591
1913.4590672519007,7839.509679349603,1468.2387010991345,224.14100569441476
4929.545229920908,2843.240031703189,604.7712055470113,325.42020867388356
3777.1525530405697,8956.432721277708,641.9527633063149,190.36436980283432
6113.687115552774,2197.0063507547875,509.5907018340209,49.33066379412925
6756.164268456771,6175.638514528915,984.5186583541947,206.07303277574854
7967.116151654789,6778.404649805702,772.6890592837578,100.19745534012364
8782.360750906924,4310.896103911475,355.5982661507529,12.571813878835385
2744.7562877798327,5929.127310263718,851.2455063334522,317.9401546750844
3741.5029528852606,2297.6605940575573,655.1726703517223,222.66559096640898
9521.878679277896,8916.459488643959,600.7330908577014,115.06410362606593
1134.7459832502159,5252.917765675079,458.79568395808104,145.12557535841904
4762.969114320503,6112.024458638479,733.2910346520854,288.2291134775929
9809.464800820362,5383.489967078036,346.2952374551456,128.0023560267498
3591.687315694503,4013.6533125101496,457.2265315012504,248.86080305736323
6269.832561510995,2849.4429509976007,1317.0571770817298,8.363909322390512
4479.035577960531,5136.332339647315,914.58457124446,70.96392225106784
1647.0380899532515,5188.580998361878,809.978833780917,264.9959101850736
7269.889142246466,9882.308460063245,1304.5551356666813,303.80200152583245
6123.695222502434,6658.713951694724,540.8002828647972,200.93674353535548
5138.429514940752,8274.7409990161,874.4743972911928,121.26301517136761
8805.89481316004,2345.0512799620956,99.09518955710003,74.16423349469787
6911.622718951796,1408.6539608421401,381.43224452248495,352.65321201902725
6181.3910142105215,8614.773965376413,1499.4578829515046,139.89395264435436
6487.367750708044,2172.6133662310567,831.0417714434037,130.45996127420304
5466.830567795693,1264.434708312555,1342.5094731141576,162.59758630738952
1229.8323462477015,8734.257780664399,416.2667200944231,109.3634891697039
1643.5412378487708,6715.6279274009885,1470.616190370139,256.5383331924754
8331.682688348454,4613.170401378216,373.0731812537058,87.80121812123316
5258.994192940519,6814.059314482961,892.8921886627696,143.68276676265464
1639.2900844504393,7631.420386046353,879.8934519371965,131.7665460980191
8794.08768274733,2685.801056061691,616.7673210771729,42.09962621932938
9910.073764116007,3538.374475840993,1142.6379525162968,214.26663097834634
2565.093063529749,6090.295732972025,594.5756453644984,18.325500342750367
8342.441345908697,5724.158548552548,764.359284910967,318.9471484145835
4841.724772222671,4213.521457646713,730.7070194008767,354.3170846867519
2792.1295204630997,4867.095132698911,1195.5087060090589,29.371524522371377
3802.188395609879,5478.89060138981,472.6950508835852,288.7076624628052
8244.793934589146,6741.576477692658,841.9249604528084,107.87687243408553
2903.040898982048,9225.770638725327,900.1929262097962,83.5417393903187
2360.1632802993713,1608.7954869143578,629.8261379545453,272.1673687364271
9495.786222034641,8702.209697759361,1198.3017700191492,26.087561528173367
9815.540089521783,3966.264643124133,218.253030582926,269.1555762703749
8344.221524557483,9593.786231156642,1306.8095685284306,78.33454394026842
1350.2067637871353,8787.153153752563,1305.1648074841078,109.41681230546514
5688.567617532385,9190.595377938811,606.4487240390455,90.30736761400442
9807.137367898795,7738.921810159677,637.5759029098131,139.9813955577752
9722.713579442061,1963.7522042523433,1196.1178683934315,144.1464983624833
1552.217054073899,5595.9059942534295,21.462254700614785,134.83623742055025
6425.519903397424,2774.681979201494,35.20738926698777,106.29419054602958
7902.0287746990925,2674.659906587765,298.86780681310944,100.87946578433878
6949.371391365303,4145.101110879407,849.3042349287256,89.98340223192771
9216.583714768982,2225.023999685887,1177.0230028393623,91.73730400800841
5195.368994690241,8542.722148443769,1290.7929414187208,352.57520370332736
8247.0377253111,3848.37714835682,290.0286613683524,186.72851518328824
2255.4156666635936,7000.600317303386,65.95295108795932,188.09265256416347
9379.501440278595,4298.394381269964,488.91613738656383,190.60995908621157
2658.052131675812,9947.101255440504,505.8549991319223,157.54639198475363
1420.6920359395344,5863.471343757468,493.8041430797254,220.62163817806112
9252.147468295017,3285.242357514004,1313.0110555157837,346.9177232408035
6266.921150406276,2903.337178107134,159.5041100116781,359.1110608706086
1740.8320427320969,1732.7492199700425,974.9751918326624,216.87875804702293
5375.326419608975,6173.58752698959,203.59350275887684,119.19440182259949
8081.493829745559,5239.965900443339,1350.6445410671756,64.0863790847149
1985.217573335523,2727.406163085151,179.99080352952748,79.84105752791994
4516.457731923629,7861.871555139607,654.9733079887344,103.5046046287743
1461.7966218596553,5109.57849363821,788.5173409759702,80.36787990482372
6341.974132583989,7509.655843381032,229.24250381755002,142.94133173645113
9630.036338928718,6803.104812645967,1242.4645372473822,177.38648888220126
3568.5202737466443,9222.998544067672,98.34829370218196,106.18417841946794
9759.576490507829,4278.012282151036,87.33525861762988,140.24339235581778
9905.239042528354,2633.0309266538093,659.031224618616,208.93426988834474
7566.148137030505,4337.655090414675,1018.3731702476103,245.2523040783813
3093.9973374008428,3478.1436002629684,1076.882104445177,143.77726773554923
3636.1851653335925,7876.471546204677,120.93797707329541,152.36892370229435
5044.98303472374,5736.860799078557,41.38476627568669,103.61067185532194
7241.900983163974,8764.656822348377,251.66827731163227,153.79920750795998
1883.0025769128606,2639.232157635919,159.79663192803594,67.78549036130264
9367.289673362273,8555.862485532483,1412.8771982222484,125.3758940857167
9115.787138456435,1131.198362696162,1450.472542774252,187.18185514692522
3955.0936588079157,3468.7344137920377,1452.1436360232528,31.81429780612514
8299.076684453137,8629.824701442536,535.7659713185406,112.20610099360991
7062.377432701773,5196.785866751519,1303.104005160621,248.77337279966713
4114.735545803564,4071.585822377797,1360.4652745227004,6.713919415057219
5079.540866340749,1853.6174516453734,795.8724322929206,91.72581605275258
3285.164977049518,3072.6468397742055,1422.4560379133343,107.01807400131587
4704.41796000533,6676.444076063926,194.655999387903,90.56794188678936
5322.4894332820495,5668.693388884732,1483.595225442275,235.11476979609878
6572.916624029527,4935.776630802429,1235.8110590684014,281.08075307739614
8681.926191626508,6132.480702226059,246.90597447082192,154.71875686741376
7995.702182556163,4298.465209737528,542.5095132812759,93.976301691985
4751.939690611538,2112.604912132292,1095.8199250584964,65.85282932739288
4251.7921903506,4552.556787501936,486.3030184226327,137.07555690515824
5584.008631704309,8239.981518502726,562.326185552428,72.78739994567066
2209.408957333544,7150.497393684464,315.67773332494386,6.944541023383243
3984.4723453514966,8956.06972110832,335.88444383078604,96.65313473335847
8859.800293545853,4009.4804088800015,1294.8279157882434,84.14006872883306
7163.709921927541,8333.331543714332,1310.0787739692762,72.96535995543464
9643.905474516121,1808.795047213376,484.1177097846097,173.36340080182686
1358.2162901037238,8817.57173207013,447.21574766012606,271.640063732394
7654.825541090959,2934.488397756646,58.513838015956864,229.82788123670701
2854.863232292866,9077.347704896038,333.93188695089253,357.6314970334212
7788.551346522324,1674.4573823666265,560.972137795162,145.1997410400293
7092.272267488569,3915.384000859445,229.4241703160054,90.78194134324468
2686.8012447445954,7917.622223255139,225.70837487910498,233.40746500946406
1284.6218529188338,3054.410574647187,438.39417097116,212.59815728658268
2574.6879286088583,9423.917215707417,1314.715145039684,134.0200331527016
1749.8916097950862,4515.448508322996,555.4096819416742,39.98904821799669
8538.382806526279,5926.978713732483,1333.3243574626504,40.16234716454967
7367.310521916644,1338.5730216606228,324.8453725664229,338.0115167045087
7425.460638812968,3042.773368453615,301.1743508541777,99.80845100994704
3631.4176745254103,4593.992377546359,240.11127966217083,112.67600267795449
1343.9350821920784,3304.8464524398423,146.09730670574308,125.32083244326286
8289.504584741091,9205.51346550157,208.07936252796253,26.678612980721276
2606.859382138011,8678.568755573142,1184.589087171134,22.40334274321879
8715.832149726528,2027.9367980317902,868.6162899965353,342.4586133163219
1349.398345843504,5853.400788760182,615.6736854609167,188.8802714637628
7656.987711781862,9682.45039452791,672.2817287721072,333.91371836162415
6460.946713635995,3712.026089108564,148.1425493588145,287.53669352994723
3191.334833824328,8963.738027538982,1156.3666234557443,38.444388088254954
2624.2735439405974,2978.367999027472,538.5071539478049,281.4187249480541
6470.847180768655,3062.192654517826,2.9101210412455494,279.50494043472986
1671.6687977517363,3414.2697860382887,204.32053089652246,157.84544425118963
5951.10951640623,6871.473892956298,1258.0572003040681,7.775387176111476
7106.297438989444,5386.75430291448,1117.1693381974867,68.57655489545408
5790.189108955064,1498.1697548036955,804.7536038951962,53.02566700402383
2404.8873846097385,4948.948657326189,452.8654903289227,325.1517001021884
4425.674583577634,9886.308330981632,1371.9251655324008,4.3143598275723685
7473.317060470528,5257.067618422099,630.2473597184664,330.62307684292176
1352.9823766697034,4324.172958654008,685.6310842532442,218.19930265165297
2456.328217244796,7619.8196100292635,1305.3756195725093,213.7694715757535
6402.5983050251425,7533.9269926427005,370.9910109759522,251.21915028192538
7318.270122651584,6986.475826663474,121.4117133701212,359.4815759271505
5776.7364882051625,4899.557866525525,1193.7880539832481,168.7931571255606
3011.952228115638,7804.009234464856,533.4720099257233,285.6297830795102
2474.0976104240854,3996.51774479643,281.87173870121717,90.50540070188477
3172.695473754305,7579.187862110986,161.43277156689305,354.0868937877032
9874.437881665746,6209.083125530968,270.7684232752369,315.21464860189894
9502.546437417346,2773.518012618411,1014.7384423143995,347.93721433690735
6031.940777256808,2033.3737202045063,1222.4412342324017,166.2112130926715
2815.3241251804357,3717.6965727285747,12.24373911918474,271.55757302904874
4054.6934139996556,2527.4004523548188,1081.0128665255995,312.44576182533274
5379.062992803236,5155.64335654623,502.094964111592,349.67386549886055
9338.813837223379,6554.598372513507,326.5322999253417,231.74362527093018
1123.881897352858,6855.240494832366,1399.4039171715126,132.98664976237947
9614.245204102142,3602.167354935836,481.4898600750201,67.93819346107273
6918.985719631572,9205.052981232297,4.481770589096573,152.96973991204135
9317.29305696651,3186.8963910739253,1454.4202901758108,52.63066970361321
1497.7332389976436,2696.694949631001,1249.5801370010213,326.9284375674191
5843.887279052765,7720.25994118899,1114.5123593118267,273.06797179330323
8149.261937292949,8168.206343244018,731.0332786901959,235.5901618193941
3235.6946364564546,3614.705608028413,1311.0536901626676,85.11443474882599
6297.945051273671,5355.114492219364,597.5012417591207,138.51737071857679
8206.200661472238,7204.449737900922,391.7837089208021,179.07970953583822
1306.0750747704767,7490.103618452905,249.855287370075,243.33889647137565
2790.7843064747995,3580.0746060663023,339.6283226207461,254.96803052052104
2840.610069170699,9688.637773176859,1177.5038581707681,25.55984021673357
4660.5083418433605,9104.080094991477,583.9773848774153,322.2350442355351
8067.806261567076,3248.820883360552,1046.5810625570873,161.28322959370408
4021.5233475129294,5547.568107355539,885.4799188011712,160.91212518400962
5285.457534940252,7772.997246354344,816.7661277303408,253.57533831575765
8747.263131711014,8421.301595135403,447.06538877533836,130.35006474277503
6156.262882680522,9004.760774069706,278.12622584974923,69.53167344586076
2544.7235629700463,2284.98109773059,47.95341761725602,2.5250165707870713
6199.544617800473,5365.986105006986,676.7217136318732,54.68392081273009
5221.865076134857,8687.383137085535,1470.798880337097,217.20504257352022
6950.086401769936,2910.389615556077,178.55028932137776,246.2138577328748
5846.624282664512,1954.7714671763065,503.3208846445078,275.075228676839
5415.530055874357,6354.5568361847945,530.0024986888483,220.7799180655657
9076.824725278524,3828.74921891388,340.5191628391966,115.74378585040392
8177.083078339412,4059.2773514489563,647.9924184981916,228.59528540568658
4294.42925242636,8699.152750090274,1020.3943111095965,312.2763253986004
7875.823783070618,8384.147760619155,504.4898547896126,193.6527346002636
3353.1965465940802,1847.5165557946934,1136.3664313493737,65.01721832948414
2479.327371697508,9421.53394703246,466.70564349738714,14.969474412106875
8766.684013622067,4089.8366968106884,915.5334551307543,289.31499972770155
5370.810796459148,7836.21846881376,1048.7467750759072,170.06766221685308
7590.957335747546,7603.8870488775965,165.33881651630085,235.34081356392105
5586.0299511409885,1746.2554843394555,372.86494238779596,282.955578922852
6627.433355860492,4008.7892449087785,568.8013780914869,305.8166170224979
8645.81090824008,9272.294509023379,192.98603682338845,193.50040732301994
5503.808888661714,2383.120503068234,1254.712654526278,249.51396241084765
4188.949013593967,4044.857902985621,406.5822672080133,164.31825835950897
1481.8396809401156,4758.846053395927,734.164894549904,122.9811620285833
6392.731101386153,1118.584668870273,1073.6821075190962,91.46514249562676
7697.23397480716,9681.752363510279,1356.0327956281833,258.54490905574994
6091.090101920041,1314.0977430202865,518.7427952953792,40.844996189893585
3921.7047533666587,5883.683367029126,336.4908678306287,344.49511576699007
4679.586587160322,4783.452202658133,541.206857510142,133.94323274632734
6246.3415255432255,2399.861070056857,731.5420929573422,195.98080558305634
9167.01518132613,1584.0145133766553,157.8654899057548,82.57193159663683
1639.7541234654109,4873.075342906017,66.46875300012184,116.29287592465137
5943.401832929449,1302.3955206119965,414.0717946589182,43.09511259551579
8847.356596704392,3789.596828315024,292.7973904483522,106.81101581047942
9372.191224081462,4538.977427241597,391.2828774350097,50.840157179001096
8441.23015798028,5790.614764495717,1298.2130325713442,328.46937869027784
7262.169605270229,7168.976698328022,1212.2259996643181,269.7212889732551
2572.587900220229,1331.5019661017295,1329.4821542122977,87.19988294993976
5531.477757945763,6608.921388469884,1296.5315384653036,204.09025272170172
8773.95898698855,3955.329871284395,911.5621926840493,146.49437104005474
7858.9960668059075,7778.540819787657,645.3029038248762,68.19179336557994
8949.621985906264,3278.244448680568,346.0443655690679,302.30892484513566
3548.409726903312,2634.8356518605915,1158.912619010443,200.4332981701943
3775.779405132226,8429.960074068726,20.40018440227431,220.703125744114
6551.028651021631,7493.060023969242,383.2667431553948,206.38664539329991
7860.465598145363,4239.373749997715,454.783617693402,351.3202952640075
1530.2597169456842,2152.9288073934863,177.502622177671,246.37953477211548
9845.251349779965,5936.257791738361,467.2210263302087,2.022840894038994
5708.137562637015,5357.619859176577,1449.7730544990193,62.00506197950764
5189.316585442597,7841.49670590129,1365.36212660686,233.9930496617741
4002.415405423748,3920.059013111743,1368.4675165162662,355.16790525974636
2806.0604585870733,6503.7150389631715,303.2976869243752,7.457400574971442
6045.646991670634,5821.334766552373,327.33656332321635,238.45204051626237
5660.236194681077,9289.878970647776,1228.9240186812551,63.29560279330141
9490.604514581648,8154.617295155428,1314.3173598134642,48.804156407165685
2649.1037838242896,6894.013137394592,70.00173435516012,20.819467871696943
1661.6118263035519,7976.299845662497,87.59207887028376,21.57688532711248
7600.662855477256,4573.850085722981,190.690351322708,157.8676171183784
6759.7848512917035,5970.90277873852,1274.6290668712943,104.98689666755334
1366.5192043016664,2486.619949322894,435.6782329625788,294.67745772959876
3530.9684319841253,4291.357444865355,1393.8090690867505,208.2616126481267
7490.992935109603,3448.612292936012,874.7325304601203,44.81101662016461
3483.5932556393627,9825.932830131444,1424.7581392996171,298.2482178417559
6557.9713992987245,6744.967755431311,876.1691087070906,326.93607918312273
6180.540268607033,2378.461746217252,883.2604648827332,10.05122647526575
2177.0156343971057,1421.0919584060084,211.11453768398,32.860957831594064
9425.41720941463,3058.766124842454,351.61255239537456,227.54227722319087
2621.7277550218187,4967.102337975038,943.5700829241715,301.37509891756224
5887.275956078655,3068.7910486290193,1326.5629645655392,120.26315707923942
4978.86178001324,8477.190636090567,813.6804967595228,310.07954034641557
5951.100946966905,9260.168992216582,456.3627869750773,215.53324189932354
5325.445152856929,6445.207750916009,720.5495177161807,18.178095390060673
9889.916420159736,8567.489068868219,353.65834865499477,106.12324532111192
8279.682571851281,9495.447102383818,468.4409011185202,204.00401740079442
7376.508634661835,9893.031437034397,1017.935559880477,284.95398297950584
7363.407098054997,9962.221209618145,413.83981179059674,87.6389091370924
8631.095368684066,9845.894823170667,9.005545129687448,191.7733412215262
5493.655996593765,3838.040972047466,1262.605787313471,163.46857472564437
4723.649141107447,5221.36046588481,576.1047330370037,307.69647605959375
2042.402169824144,6931.547629384325,1154.751103086938,79.05982666112341
2985.4008975028983,3381.343991138281,1371.6187284729062,349.5099054858619
7699.039588107076,6829.138118383611,665.1655965291271,95.01395483136614
6883.510487221447,7010.5827438856,986.6049503919041,180.85278507884763
9251.397496279122,3290.5627326194585,1229.3391548011627,170.32496320526502
5977.509819566985,2173.6210395431563,230.32174116188727,190.13030161412834
4009.46037891547,9041.604393306732,252.19300519042392,106.65009182466798
5545.156881046584,1292.535544150871,208.06147779722693,302.41364437357623
9111.144523159364,7286.667435924683,235.9018940743513,60.721241938538476
1237.0915282766073,5664.730419290988,1066.9093453312298,177.66955881648778
8878.498424422432,9467.339416456683,678.7939549507213,53.83864521390177
8900.894322384102,6077.821547314429,1013.9248171141481,19.971578627941476
1360.2034360233667,7123.192974163311,1435.2099043943138,75.41131978788052
8459.276610291787,6796.564949931316,501.9518860271335,271.9704045539637
2342.7569333540296,9645.63003609892,807.195394917285,147.0871656154162
5760.240609407207,4920.16175312059,1363.6746752950976,327.1946661604131
1533.8669129969983,8767.352593254716,629.6646267168243,193.24150054883924
1676.6783461611674,7128.156140622476,1375.2832058065155,39.76873643946836
7602.909943511441,5723.313169282768,897.9099754200139,30.28563535395405
5338.107620586204,4457.344123798333,923.5176534312342,276.3490784162814
5347.499173512539,6182.809282957242,191.13939899169384,210.8492569832616
5765.700398832931,3755.6195465597875,991.9192620423692,341.9307057222354
6460.0073283153715,8141.45234981855,577.1346228308621,210.07045334951792
4329.1213091006175,1339.3338838234874,826.2591812208964,229.72769612448323
2885.644816699477,2849.8568668412063,214.9798283840302,150.21955826766427
3303.48183551546,9144.242700666287,1317.923351535152,43.150196402145
4767.541454635151,8264.431095146405,235.21748840680618,138.34373572953953
5537.413053072708,9006.657624206502,827.6488344396142,325.1483266931974
8293.678786915014,4141.006454982566,614.5095803232704,126.78337133023422
5907.1895464830195,7741.915623048818,680.5576968306975,179.83890133686967
1809.264057648862,2729.8569476950943,799.5969095674751,253.62644895215982
2014.4819178708328,5922.623398396741,698.977135875857,279.46591528846943
9659.556053766939,1512.8397217860322,806.8301214347142,338.8434036332412
8483.72898808867,3374.3695573770483,894.9574501771643,69.18983108845201
4896.895014357442,8147.512176090716,374.7917815544951,226.93277244252306
1137.4387709309851,4198.604569172148,1445.6698063055287,54.7746430508824
2414.933774083129,2110.112026907614,1236.5412947786613,145.34392227346947
6208.059781666793,1660.4012071817858,833.6337131394585,115.37487529289051
2804.1191328587875,4297.7118017745115,778.9304521491222,112.35683708257706
4163.070275419641,3585.546293997887,752.6882087819652,135.79439015878893
1161.7688366942887,6009.095627476463,1155.954438778164,143.91866422731434
2498.000197171328,4607.988211716021,1378.0542893696932,302.7314869927531
8483.222521342102,2770.4713422134832,1403.5896863035462,48.555518039537226
3725.1047613429887,3510.905603765749,1137.0225980653918,136.25277922610795
3155.8390060182983,2049.2588572384016,497.9894443569818,109.08694715854604
4853.807967116127,5326.193156781145,832.207696322971,106.59961748940796
2131.1927711966837,1931.7389354408188,724.741012406586,150.07754665442093
2713.40209249898,4863.921863016623,1030.7067795954586,200.1907909277168
2981.7259043917657,8056.292151754629,762.408981729905,56.46584744662459
9970.109112809007,1802.0895856040668,488.4969103357328,119.59711804753107
7014.506513469794,9867.780422782766,1161.216658914599,162.79727248542426
4922.002609434518,8377.68409329767,1484.702499784338,346.5552788626506
9321.439722652989,4995.0532791394135,307.439987390959,213.87708359151813
6926.305372818243,9967.15876923334,995.6423325101068,7.161496069358096
5101.450901561723,6882.480107637387,1186.5522405202687,249.62454189826337
2655.858086822115,8725.919774217533,138.4829190731801,96.4717627737085
9274.435185894985,6208.030860659783,1407.5285912091338,246.67743139696128
8559.695384025186,1591.0142298466546,730.5195281655675,235.5313440980404
7984.439503226536,4151.911138990657,1070.8751298987852,227.11757955207725
7706.111258365503,4023.983002936231,353.7942954713383,188.99997525712524
6568.986892206509,7357.9974555303625,124.02358175399009,259.2503562630125
8724.155287007696,9727.947896334552,615.5733845931248,4.22747704917748
9824.222471828418,3420.0328440359995,913.8974960206184,116.98956926299897
9199.68273749614,7949.76969446356,560.2048768307309,144.76072713077266
7544.463983420226,5043.686450676542,259.3305582501613,189.4177792941509
2901.512109388542,5102.761385837262,95.35833230743297,232.6397754630308
2588.9610857914054,1608.357212893341,556.1651434825189,182.7211789992755
7980.445664972016,7102.402590254003,990.7117266859655,16.060228917377813
7311.2135204336,8786.158229474328,326.89377625388425,119.02956241019413
5344.13863230797,2123.1305044681058,1188.8441080465855,93.84928924154966
4368.007677559406,2883.219610481431,1239.5860551624032,327.0411432339744
3716.2329114036033,6188.730794960904,1321.746447075242,144.92681961282517
3462.052383731408,5325.875656010726,1395.1033059455053,317.69900305504245
8118.944479900014,5322.772736371422,551.9700880008568,169.98487424661667
1590.3532662087453,2301.5993286248113,1183.3017038895457,128.36279118932
1273.1044302654832,3947.945433612861,802.8999429266502,287.03466588864273
3255.656202087146,9203.679551066693,556.4976497882329,264.2217222325803
6218.260693718637,8977.750478485574,39.96573096892759,169.6922132707201
9005.435143997394,2187.647542402582,955.2711634840549,206.19691514733907
6097.852844073511,5500.682585150232,419.5994367235143,287.26424884726686
4018.773712568913,3246.484266212723,508.59388425329485,177.63134830230788
1583.1158858983256,1192.674346601546,1308.7531880658794,223.30765642788458
3692.844392627577,2906.146457087545,281.8972668460685,43.198766248184704
9084.389563964854,2659.404316518233,1060.8474851039052,124.00717701515786
1988.8774379918627,4280.845397946823,1073.258768391484,87.21764167712173
9238.050139455241,7563.504614780623,269.1336750757424,262.35682151288734
2535.150609635631,6257.633118502404,1407.846053536914,55.22539374252418
8678.778807237479,5170.871778590168,473.18577086115073,218.85172985830556
5741.75362912953,2739.9943925772086,499.61830573757135,213.85979301495306
6435.799266052396,3334.206637098037,1234.8539076372933,241.33171286175516
2955.0285183855653,7854.743677565487,782.8806158344421,108.34284412865966
8140.744656699069,9373.918144474745,1314.9782446713539,150.57808068189865
6746.411190293499,8709.941588472226,35.29775364438761,15.545660614591005
9103.13967134933,9647.695374666493,566.5557728376522,30.396589277764317
8288.740223444984,7126.0088215087235,941.7781126672779,193.66050204360528
9604.116409743403,6581.877042006231,1053.1516100875374,189.47032090653767
5817.7311900887935,2983.596015982041,227.6038642123195,6.88978691925051
8091.427763088514,4789.195117420777,820.6230475642519,147.0547190533641
2361.356097088181,1244.883429637732,440.8350381920658,334.01352285048864
8905.15875220284,8077.274891200779,1274.9182776873595,240.5587488240068
5029.028171774553,8356.141131206095,926.2015248153905,304.83188952075096
7597.7858153406205,1835.0898120227657,441.30153964440046,338.49104588865816
1723.7655586619517,5643.664185953297,558.6954956099302,230.78977322373615
8380.60221814118,5369.200484693515,581.1780432528418,334.12739850776563
8225.28508157956,3662.2975944623972,135.7284237802262,338.7820824789653
4369.853557039253,2375.3807944894133,448.783898874141,313.1671787125157
7574.754351811503,7639.388301609334,1404.605482817715,291.83674815663466
7791.6910730787085,1551.1283715328905,997.7700507730001,170.12996366848654
6600.942022404971,2394.6224811230995,960.7140670152595,340.43109336228434
6613.790425955346,3415.030343599944,582.4570066163647,65.6600743029144
4475.58734147954,7551.315116296098,1179.1802056466174,81.22990242801328
3971.99164285298,8281.082841257274,935.8247727566624,22.389803290305007
8535.024685770444,8867.57248745337,236.1592591199115,354.07269397762013
5940.678897705453,7448.148645190713,672.3715824781331,180.292069483487
2774.062097710629,8689.922324835767,1249.445825699861,303.94226394191344
6581.161231101092,3653.541316414159,308.9654992461432,290.92972998309693
5529.355739214364,8498.65143353643,576.0870659171848,116.42433511500357
4141.918012447799,8141.156849785893,150.38063912217106,48.374168933725294
7789.506850577176,7640.747520266826,393.9711387654713,28.28628612698677
5424.777439353988,2487.730718298977,1368.2866337523396,267.55859739803316
4814.604365168159,5969.855018202563,1390.6040018557942,158.4093766382135
6713.222759606092,3266.091301627768,1378.6398137255428,171.53739504619944
5069.488112479759,4049.319671289652,477.0375355034896,27.765681411293528
4601.077880920562,6939.797488310052,246.03315572226876,349.72982061754686
4609.299573694985,9995.110481415875,922.0334795405304,223.1066848172443
4815.2856629521375,3222.4113445604094,136.3706364670537,148.89415929818662
9735.72362371575,8118.769738053576,366.6727696230648,337.3635459859012
5734.095769507765,9180.670355057944,128.5813632381154,309.4320066360713
8658.105438761228,3721.738632601178,854.5884912388005,233.52603734910812
6239.301369394404,4186.769563294414,455.12787968575526,210.35202732384505
7227.49402021518,7228.591750855637,1290.406728375813,235.6554757462162
7827.754099711551,3914.6236408055947,620.1005689292778,165.46362162727763
7080.056690006148,3535.963692974063,904.6491676801838,311.96648892550417
4066.9623566713603,4901.309365763273,1091.278389883621,113.95028161969702
5610.353917497146,8459.608692006515,41.132330186765685,350.5608159159697
9355.058756316983,2948.40227405686,577.1540398333794,337.13822730072326
9327.088824566023,4765.444657508595,26.212602026365364,277.7433002100665
2854.4798503829934,6443.536870999954,658.9422617810519,87.23196918248703
7798.922854878811,5417.817414154941,293.50179391182223,274.1292931631984
9322.955319657889,6375.571120703651,282.0421835454619,197.98898681489834
9247.52169924113,4557.763393952846,1320.5102518730037,308.1293610495118
1100.366392973222,3839.3649469959764,1421.1387348673982,259.1169293947097
1677.2936476120644,8753.875098484661,828.317351122973,294.13551662502346
4906.420757276715,5599.705076954706,213.15346735970851,58.76685636660997
7417.478787356283,9648.879828083638,1487.34150037785,133.56558940660526
6010.771680670888,1624.5436385044936,186.66469498542926,43.675410119140025
5218.563456993464,7954.482153598309,763.6026803249525,2.5932268833652157
2998.2222743996335,6754.4487386558085,856.3133586753797,102.62132420152075
7705.978401810911,5702.65757450392,466.82585598214,143.7518302951353
6549.298900396239,7861.603341834813,1265.440184356155,189.64750395575643
1386.2579564295152,3219.3205167740552,281.46781166840816,85.57550240758937
7283.241741226786,7443.810863814676,1364.1000997803585,197.41105764822848
1462.2542728690828,9191.250164318059,84.71380747864352,217.8840729558443
9422.025564469077,7586.886922522404,756.4298309524402,322.60283558984844
7005.251853395801,9583.391719676034,1419.5062342337342,278.3596594463223
6170.847327872927,2862.009791359109,935.8659376998459,130.43612455455565
6946.154831511195,6723.195170567778,735.4418572494989,309.2052395592172
3043.4703894808085,1654.9259795432015,1435.6812440138021,352.2778306643906
5455.520462215017,3474.048996502702,814.9856518262864,79.27267290642033
3704.9774320773745,4416.486837171397,3.6240438112622804,302.6413432918934
2326.4923162112054,3994.081039885895,639.8180349336676,23.675777851778793
5782.583413575009,3691.8815707357194,1135.703990161598,320.7351995039647
4460.170074450362,1783.9492034467357,156.7465695749582,74.5327610335162
2765.494721791516,7091.574512691269,907.8293031922016,291.8757568765425
4064.909264666365,3767.1916523606305,1234.918235230623,333.2886833996403
8416.065723198597,2217.279490884943,45.06409370857822,195.46393866068337
2436.4995302473253,3543.5703141803215,1054.0404948855814,154.44010815124702
8544.24543990756,8818.818529249835,462.62175819435237,112.95432110543912
2151.089670863079,8921.532348213601,678.0716115060923,114.67996342679851
6755.1101718134705,9494.330127268575,1293.456569244879,278.2021377889161
6297.465070700103,2123.1690930283557,455.50132515043384,253.2097274388455
8211.746295888237,2577.357672208381,1310.9266777601345,92.00958305239595
3264.0890961291125,6836.989461095756,1198.4670120198514,210.490816394752
8194.704454332534,6381.879107136435,542.0192805987217,230.62001557179272
1847.3624104467835,7819.586127722341,1360.6986252062593,51.64195249770206
1178.8698244930413,8450.509730478567,395.72138243211623,239.13864632534722
7998.438867698124,5903.172828999806,160.05838112332842,118.8223050172596
3520.4633102667735,7149.904459079853,1376.681509427519,358.9913003384963
1188.2633717793167,6884.998640890798,544.4895671246251,171.665695366172
1496.9793416220734,6413.194232987968,1143.114786854293,11.847116174247404
8952.035280638946,3301.144858599642,348.3800600383428,162.15512872852386
7554.957409479041,3649.260048869906,68.80306853109748,202.48776322901546
3698.1540608675373,9388.251854753184,29.351261030069693,56.96700664858547
1664.7229955255693,7894.9911387052225,1081.710699574802,282.0030296711356
1232.3751811437446,9176.158105759896,1131.8196793672894,262.00570173576136
8425.326316461576,1735.6985920472362,679.6995837196126,287.5485706856479
9549.658703387007,1846.9315506340977,676.4009244012998,331.5567306164355
8006.955690339689,6484.550587494425,525.9024207743607,144.48330132367812
1926.690192113222,8703.992894855815,206.60670241792192,125.03647781570247
7870.114746659474,6896.6277322992255,727.5469654615143,338.97961579842195
7841.184581901001,4501.449382082399,610.996689383903,246.6618165716986
7193.890444249348,7514.734950373376,1454.905884755027,153.7307974745559
3968.575561259682,2767.96161944078,88.12994106218649,35.47423621391685
9203.370056031064,3096.799989834023,800.9820714898307,83.88554412243269
6260.945247983251,7900.822328596508,1444.3575560946897,284.9868548536222
9174.852511694446,1636.9334101321224,1015.2798744362829,333.63463813587765
3572.5998153500345,3648.4040314745416,1274.3738889676965,256.07014462462155
3291.8467883996705,7261.538147717624,708.049235217155,212.45460276309595
7526.502537229592,2053.38701262365,1308.1366163093105,214.67486849707862
2804.7982886921154,5759.208125455884,1049.655669556286,354.8529535010037
3713.329112141678,4309.497917334682,1370.96910832877,357.52866002465794
6737.96425249093,8071.205557246459,556.5731153127025,5.168067463266128
5094.82321073291,1395.7895590692078,1106.0917638884107,204.45299102265997
1358.9048674788608,7478.8532363307095,1077.1078317834147,30.153759701448383
5579.153308567986,9504.451896895634,354.591271032875,171.2449653556319
5515.646810282001,4497.3087541926925,590.1047040242408,30.442187909026615
2226.513009252447,2500.434820263752,153.32003164550684,7.789416808000856
1100.5814806881915,7353.078949109453,913.7177100391131,114.2981948627221
9994.559025109074,5071.7196848925905,547.1086933096518,182.63500364391396
6031.773208603604,3194.2754449716613,1230.5163094370218,275.4197379750093
4840.85815590178,9779.74082977137,144.5087306253783,125.4885364812317
7517.997879233222,2310.275984494563,1302.6976754157436,292.11366326963736
6556.577812610202,5536.85155616353,1195.837405279247,332.11528551462754
6752.188544748613,1642.523318741919,1006.7405125732283,228.91515373639197
4325.867830821046,5595.566089059576,835.1382425924727,71.34030249813743
8354.246957871976,8350.731840354452,295.5022451941288,57.23644263912067
7898.029982964497,9133.73882977844,964.2085794049345,148.38257138890643
3495.1579431874475,2365.7454343417703,1258.0452271844306,270.59684994556665
2545.364582381216,3219.012835538115,353.07202161979393,335.7184200695158
5978.625626886896,5365.2344633942785,755.4998378745236,204.676691496905
7737.678655597105,3694.3112075124436,1443.7232012961372,337.14677856564464
6738.831049126841,7694.16390384116,873.7232650596138,219.32575309227866
8693.428619447319,3154.4207944015566,1213.3845670547287,55.03953998124892
6574.420628962117,4754.601542339307,207.82952167794375,211.528727443983
2903.7723420393504,3813.938595109679,338.8174073937969,45.18780736711739
9377.82784455945,2853.596699500873,166.92771224071177,64.07277790117351
6855.123712920122,3168.2595017841113,1052.1963886062551,227.38046973664146
9831.53018092445,2295.749780618453,841.8155627130496,348.45511422451875
7119.23500619301,1348.3644189294916,83.14394814613007,41.33404081194014
7749.7068342281445,8792.30821304934,649.4646392217319,181.23376246556018
9841.327278342636,6182.52959653777,70.31375330331223,108.22735612608724
7513.931946707123,4523.316602379954,386.1513684463334,6.7853013171427055
6218.471823615983,6235.4581369712505,944.3230954301182,61.563472064310744
1903.383523236485,8758.184138798004,1380.417544887165,207.00944901896673
4665.191418224655,4700.207841539816,878.7819578474299,279.30635172175226
4623.377045862653,5026.195899446628,380.5189370868943,207.00899963043832
5152.186413410853,8770.289256227978,1240.884862443646,293.2673252341337
4182.067563657389,6825.473472004474,240.3460013558002,16.058328160631323
2367.7359241952304,6501.292946997456,568.3799285825021,209.04621806305227
6849.955500510734,9463.102628289118,1194.7581067637198,263.1805628830316
9883.900403992302,7495.048171302432,261.3709894824095,180.57545604542918
2415.9994431703763,8371.405353435384,1277.989185159259,65.39967684446827
1182.6859829079856,5164.118874070464,958.8145048803361,59.24182675234632
9759.692961405008,8359.063835728146,921.0902696708303,292.84595620658655
5981.463244286309,1457.6431963169948,159.6569571440268,90.76468630706526
9096.58993569112,1789.0696067659992,735.4718536568759,169.79499190571457
8696.622483064593,7549.200269876862,846.6412679379721,52.07452706535615
6471.110029250436,1759.5692950974562,129.9116701834875,191.11390927633613
1186.7630528045618,8856.97813462657,503.55258744874874,198.60119461299345
3018.6979771285387,3496.0854061765335,827.0267909479284,263.9186321283786
6177.891093367182,3650.0842626456197,146.84471770765953,332.69325619898206
3294.2242349048392,3075.5015279576473,1348.5812806124557,130.21351024190625
3668.385178168332,4304.522802418042,542.3469757478666,208.74650356350858
5719.503361662151,3730.523611458995,678.9646473280798,358.39748899005554
5520.697953132365,3279.857416792351,763.3892692913819,180.10315576838934
4380.323215906639,3419.300843652059,173.78251334690884,10.070253449868495
4082.9057887276326,3447.5746678997566,1471.051153934798,92.68974528742982
6897.780961098417,1621.310836421249,379.53153498259627,287.5260593273876
5296.9263103207595,4325.8722493944615,1263.5546627455783,96.77666659771202
5905.832245082435,3645.2120308980057,1400.5598296824085,109.68586297843426
2096.9798972419208,1222.4890598558643,299.65443478586786,263.9541003387709
3203.1733284389497,7534.022003214539,127.21534787640093,136.09545429113047
1113.4291017533471,8062.994972874405,980.7396064631196,220.86632598938283
7423.05295430161,3789.060440934116,284.5695998456057,149.58835335422833
1182.6696884766363,5448.436322442085,1280.941047185244,318.9934378415063
1212.0952898418418,6536.72015543127,508.5299461698248,352.53079196186354
6558.286947008694,6450.041768071323,1190.6998893433376,47.57070997121316
1288.3439128396108,5112.546933310179,339.7326743470807,327.43832234215915
1676.2344869608755,1731.5190309257637,627.6266723836264,146.5208340869897
5963.910191785446,7728.413055440343,1378.133797713999,3.618406821698171
5286.493448616377,7339.790819524582,707.2236554435294,35.37276378656529
3438.891532832248,9437.056439791111,1372.6037120561107,59.93967941535325
4095.1953980643175,7517.6197120870165,683.0088564709919,321.74863447381387
7526.43608892996,1382.8765840229605,1492.6600378819128,279.5165205614412
7387.833975703436,5125.047084943766,875.1966042551207,347.2974006996546
9332.448911669888,2803.13999955481,47.427501778025096,325.33382431979095
3377.0945367069476,4548.515155112005,860.1330810090086,234.87831785186964
5864.9213165612,5869.8633636503255,1245.7319653728134,305.0920815034397
4141.735746410172,2437.3217329271806,120.2822289987554,199.1456762746593
9281.231663842753,3518.112930217347,1321.8611274729517,256.40233169485145
4494.934973287996,6225.111440345414,861.4688222122271,44.08816528113122
6397.341680809085,3980.5764081937436,1391.5095381435085,298.8671798629159
5003.130756982144,6481.901340908213,789.9006081103951,194.90866131033317
1796.2968189713952,7830.77611450832,1344.6013105949378,85.27954299713643
5597.072136845042,9804.475442136893,1221.2610745108598,275.2947293645563
3694.442996176789,4080.0277033356233,711.8422207911975,44.92468763867238
8726.332362407458,8627.839400592802,7.144247940005513,143.53961163411958
6951.50697455833,1401.5354169355307,613.3814918247341,49.227292282237684
3779.240794194446,9392.663029517415,455.3246871781991,292.48021231340067
3231.71226759336,1433.9099094479582,1156.97367274937,152.46231418369237
4601.2440758457615,4716.742816565447,503.2515140951771,43.36716015223317
6070.540251424822,3488.938586658853,1159.6657587188074,4.560653295968157
8975.16265402563,5978.5087744212715,598.836552531976,295.0508355513152
9101.54686019101,6439.394429484127,619.0280394860581,11.915764729766455
7127.598406749528,1728.0162923028313,1124.4432285995576,152.2107721333325
5281.226619962392,7496.450803041437,483.8650783172732,278.73215494932975
3285.8530565336127,3130.0739007782868,1491.1195119711056,296.8825588152119
6858.309115519952,7259.519647575574,1361.4020785544878,162.78491473289318
7099.440145320991,4419.1227787264215,1198.6619136509469,233.24973444395502
5630.966417202997,2720.964279854191,731.4421123108287,125.88761414778537
8506.313403007065,3970.248053664963,1057.3562139598396,195.06900216502817
1452.3480988227957,3577.941868721807,281.59929598806315,322.92745593299213
7825.128206948002,6488.491686069064,1232.7760052198437,249.02625564792183
2060.223447768094,6466.060200115573,642.6272753074055,314.19124664731896
9646.155385190525,7901.000876085471,895.8484527860733,140.24658550119935
7392.756301321955,4233.641612907024,764.4929595582644,314.5867557027557
8731.513745819135,2986.8941968640947,1362.3799830518806,97.18853374761822
3629.7552037887854,5285.645896847971,167.4461735556156,155.83766619021765
1540.671561394963,6120.6495855737185,194.61658397796944,317.734812964345
5933.032095768014,4063.8726057433414,563.9741048145559,97.03294275541518
2807.7620984578025,4103.529537579363,459.2584042299735,315.20696309140794
1969.449749923101,9903.618137574906,268.1558761552826,307.8753795409187
3095.325519948201,9895.287588016881,85.40502455680696,288.4723542749784
7420.743185915951,2138.615568566719,715.0256321329252,170.08957912908363
7696.4166275906355,1414.1499522436206,794.7802279739905,74.5531658351953
6036.539466543905,5331.261071187008,312.5182498532063,68.60181773942782
4625.990941333592,6736.749130554701,1307.9222816315978,124.50655594076444
7471.243911185635,2810.9838428801204,1246.5511805425117,197.46012721360208
7923.905129714869,9715.586244271804,146.14332196977102,204.4166552105147
6130.9380437294,1637.0321281034885,19.3335136091549,346.9891277996998
1452.259103028156,5206.949562771445,226.71633603511464,74.97151494945281
9427.393899826111,9483.04741328373,999.0555016086157,239.0293522053883
2672.424915319712,5263.912492067394,203.98618237000278,268.0607203813963
5857.352402427908,5076.886596335322,1330.9044265064247,345.1860787489067
3614.9870279035254,7945.836698458893,590.3984542448674,88.33053167153338
4570.999609498498,8605.866891582209,284.9712557823327,290.65455041882524
3985.8340234623975,3854.602200865308,787.2036809350564,115.82818415691287
6768.099357914618,9829.329209866013,418.40721703816257,13.223485709521231
9569.558082537804,9862.545802794622,1010.9891161854898,69.23732389396739
3435.663606821788,6653.800385923314,1164.5245743401767,65.0694061978067
8503.104961097835,5990.979046674429,9.673138410675309,294.60615484758
2139.3460347750815,3457.478268382947,1291.9994594033785,286.56882385804704
8834.090606045731,9505.028685966874,177.36017345988213,149.81476961023412
1897.2442851414803,9030.918989201076,334.12436405607775,355.55894546341256
7117.7747633408135,3346.2751542456967,32.16443482222136,97.15033663961302
1463.461981009662,1894.5545318806107,1195.971762592132,147.40542596673808
5682.725782478712,2492.183150186028,669.6258258454924,293.6549776436498
9651.304380931084,6513.5675182580435,139.5374814588307,348.52501015013996
9946.44347757256,2035.4290470508922,1165.2790813639724,149.01692975709094
3388.4518425173446,3133.975540977743,291.89621777335435,293.3927266207606
7109.2770105070895,2893.8603118823494,1074.9096850716253,169.15136497155189
6892.186245405561,4293.157708930259,820.1943788705646,31.01453377264758
6489.556164498538,6988.666785985888,315.30708381159553,121.80390361581158
3164.074074711386,1323.6268772086232,569.7406753603433,315.6403258750648
5328.845489939395,9337.97039185094,650.0683563909776,65.52572574071468
5258.808678145693,3882.1862840915264,1287.3613128430836,156.3137559866687
7925.265103150932,5917.976457173939,1158.9852531810936,115.2127695465098
6147.130516589755,5138.040744004104,434.3053566966739,155.86335688598706
9581.63931708123,8707.525430317182,1250.1540683452013,167.50035099470594
4796.0077406780565,7769.261913345617,385.62034939244074,192.21157285599716
8746.746392328929,9561.035082483253,539.9793994097589,265.109341293911
1550.2559802463577,5674.943458715617,1446.134713779336,156.86497069378197
1397.5484746168277,6195.148090110917,781.7455530452758,165.70499048522709
4849.086306413401,4456.404483311582,1077.1074436059484,11.066864625982022
4018.6591649898896,7778.319997496748,117.26282730615306,168.42004787048705
2814.274488215184,2361.840077255326,1426.6638499698138,99.96578584339602
1180.1290248409439,4458.650372220796,1407.2866148970334,310.7501672652128
5623.74612912216,2142.6799826325696,1005.6756608101715,8.748031107298083
4639.82265635451,8614.340155740927,663.6470919393068,206.9917756675278
3231.1214822534853,7505.657379866694,1496.1960311587147,136.0232002193651
8018.743650160668,5343.479424382375,608.4574460490762,318.121459811793
3475.882262878258,2109.052656616799,1080.4423731085822,158.86029295909972
6282.99094905983,5090.254790217119,1319.4083332213977,319.6054785861539
3492.865107368952,4364.185070893576,1398.2597521542598,296.68687693445384
1888.192798459423,2832.802425155287,760.5165922924515,248.1750890067392
2277.199373742408,9983.640699119373,1244.5383827053306,72.10609553974965
1852.875123043245,1210.610240963178,556.1523058817239,79.99164751022826
7452.955483038403,6692.507108177675,463.5246046848977,149.44901390386542
1786.8495311198149,3862.256525126585,1280.1727453531469,300.4314728696682
6139.808726526579,4651.870707785854,1231.961021659973,163.40769487639983
5128.696102097111,3063.8260109160406,236.20951835239129,190.34044004034928
9511.401246361438,1884.3097069521782,224.4755043666007,5.718162209563106
7907.580294069795,4822.048108108849,513.0861700388211,130.92418038105498
4106.654718146896,5310.578302104263,547.1496210779136,320.3112713395462
8918.901657839771,2957.961703009904,1229.669759569186,288.20373997137165
3837.176701431531,9215.367648439249,322.6444193443135,171.3644678619391
2914.2692404183877,4921.635138257452,603.9403317275118,239.9611830428465
5832.74501099216,2124.7426973732227,661.5804274481866,239.30111737468778
4349.629930157256,9934.740353796966,710.3284165837555,167.135201472914
1562.6058750177879,7880.813898219931,508.1324791194586,195.5988962599677
5280.6215969411605,8837.298034888794,1387.0230485117713,266.49604471165895
7198.741391699949,3818.902357270342,508.09941065608706,262.8150634823501
6177.139263220848,7029.119138169406,213.03558401563976,171.55981464489994
6597.028739327264,3191.8357067982956,883.0395708698511,298.95264272330746
7826.932358907418,8160.667469751403,122.34446204204045,288.3062733534731
9856.898424798957,6337.209693063571,416.16524594514937,140.45724025531388
4236.423568217046,9652.996703195555,1006.331274333836,143.0432620062164
2457.17668228273,1366.567898123454,842.183697545717,243.41484626782488
9551.894786555196,6608.051559024437,664.2443754067355,98.72974530066259
6287.871363111551,9263.614931211356,356.82238240549344,119.35015214328344
7417.405516177708,7948.626625307208,821.9934450606698,171.066087396797
6543.392130850088,7769.481282618044,1366.6192692188476,312.45245075995064
9627.773013392181,8230.854541290526,1339.2883628943903,224.5917385840062
6084.878823970159,6519.473800364715,689.2298917243991,229.87540116375737
5257.451845078569,3719.297896178073,1303.9712450219306,51.354282900346384
4214.910691222631,4999.886296408826,1194.6059732351478,18.86578770580995
3769.653301069952,3852.5243038112962,871.7634998076397,26.81116684194953
8722.858606111968,2847.3875871744735,104.06445333228514,220.52711416381965
5164.457123960728,1586.4242641703477,142.21772754267292,103.19842207553417
9316.604098864605,8810.85384749886,786.4027231495888,231.01450586566634
8908.671801915454,6402.216813087796,499.9824109707216,50.83677872831695
8137.381688858852,3905.9098501668946,1418.271091016508,37.900297435005655
6705.654886569057,5115.309083038084,174.22766372916215,213.6694309208566
8361.748745267272,4394.881000655772,464.4885614507549,102.7622121651719
6634.893991371586,7545.3780669769,288.9740359614729,115.90832731330256
4889.270538872887,9979.54662693774,1215.1124902484605,308.8417278117822
7769.640392064571,3732.6697685859554,527.9388211777135,199.56535342450204
6477.419875838128,7130.931816537636,1287.8099081809032,219.66123636545169
6252.736909978394,4776.257364766709,120.32955898488551,149.4981987235911
3874.3088113887957,3708.680237990528,1002.6630500350099,15.406374697519981
7189.93610109883,3130.430966108809,448.17732444335996,158.71760350372142
4401.750013315534,4809.110842767658,451.12785042046346,191.3371679239065
1136.9734356212487,6739.782246700339,377.18379005796925,90.46604917026553
9392.729449935277,7712.935710710845,1340.26218251996,298.95728677248457
9728.604284558462,7941.699237018321,314.63905960856874,147.9783825959729
1123.3223207322028,9038.401142623185,488.6413019368081,47.28805008700936
4862.958829730724,9603.12719221466,698.1074064869956,62.12421409858728
3099.463667488094,6343.25248217785,816.2381694467153,231.9667465463473
2464.2500707384816,2031.3679826777152,897.0092700587356,290.5356585702427
8854.507685097738,6781.764108704498,1497.6180341849554,25.33405753572265
8175.27857281615,7301.504285181703,255.68057527664337,67.78234434385188
2333.2359014407884,9153.685795696185,1083.091121873548,304.3249784320744
7374.746083182247,2149.3538014419682,469.34056225056787,153.32771576735874
3054.688452495361,1165.6725335242177,34.296410592982234,92.43074998580708
3845.772270011502,6103.530964446899,826.3562473503042,138.3131037749074
9503.220400044851,7081.117454978024,1047.7423834725819,303.6091109870682
1293.9434206961712,7966.589107571977,23.276654198045943,327.9673548232201
5597.073436352841,7171.075953785861,1255.8173099350633,307.80466307929083
3369.78670445901,2898.047554223887,353.15114474632685,53.22975330419958
1657.6571613547258,7730.161387455327,1335.840698839525,237.76694459426685
8283.406398320052,3071.2153066956,1419.4367632130793,81.34588333302682
2986.105403497372,6201.648325557299,525.137367933878,94.09880109339005
3117.9558594030664,1588.4351079704363,210.9936336395581,124.96625759000256
3543.6101742767005,4052.809243505342,348.89375254796016,195.58885174525705
8647.493493293743,3610.463751835041,261.6450859912602,232.96051766219244
6633.70196434194,7044.94184621957,1207.5038819599602,169.84276955380727
9202.536164607227,6958.245549245541,838.4313138794306,5.393660005049402
1697.7150265325954,9559.115409046795,157.01656958529125,119.01124582350488
5875.241672240723,4362.688081052922,1011.5469147421602,61.73955640963774
8000.130302491675,6187.929504208513,405.5732838219229,138.82677322539035
4796.888787393062,1551.3145686391913,883.6306139060035,173.46003479395034
3680.3435586626583,9473.835938770959,244.41296264598148,326.2682319387229
1498.2702501118981,8906.303214040086,449.66487117489726,34.5362464827523
7990.741561283436,1551.8257124018514,925.1114025290002,357.09757529794535
5275.091796323268,6736.113082119728,1339.2655776065876,108.94777641047958
9998.235469820625,9729.341063559645,640.4653700796547,147.95452583171988
3884.6078434763153,9852.951936789139,478.3973514930738,67.116370233645
9046.525930702459,7615.635960922224,1067.1652174866451,12.025784363019273
8351.36329625926,1291.2453488604224,1338.4904636775589,273.28762949203514
4491.797287753252,6513.276667175092,359.4358387634755,350.6966801103142
5336.857614776071,9003.93418271971,1066.6699937792212,2.157432799202603
7380.106657944458,1173.7789207528947,1271.855040803491,42.88249268436262
1448.0107670329867,6680.38022661331,167.60968976415364,250.75047731345865
5331.983067746372,1747.140370098677,86.62288899086228,119.03001499505702
5107.58639634198,2852.599766380372,687.8823949908832,204.6396617277942
2632.2815010813415,9774.44322984659,614.8009477290093,107.12578369868936
6521.992625651332,2626.904883651772,297.0916186570877,276.70485364251215
6488.421183380998,2833.9340434367095,338.75091957157935,66.4544151713886
3335.3206568977366,3103.8673940653043,1066.2242507867047,206.36948268313753
5352.491526398654,8865.979287101363,1152.921905077121,117.83459330162566
8873.73979693115,3216.451624480172,1263.4349399823088,217.8628782289003
9364.235057495995,8283.935064446068,395.5676786907248,275.0469434606439
9738.427889559925,3881.7745860683403,732.6636625107495,271.5525421388583
7745.639446767558,8845.784180233386,14.99259752164045,148.33401853763723
8674.710695761822,2548.810987398885,119.08798168028316,347.7352354194573
6818.802310863303,2243.7894194293494,740.1162852539513,51.23172860016193
4098.407700619499,7167.729771092628,572.1825136794009,65.94113113366355
9349.099762501464,1934.318116029377,821.818527709316,295.15588915569464
6557.785314153656,9334.25212745265,1444.6901666187973,234.6254311686923
3584.925817810197,9966.524681264566,1075.1091461967947,129.4972762742118
1493.1217904074367,7878.413607551525,316.0443879519683,149.79082425615687
7138.693532102985,9017.584217002133,1368.5126411004462,100.21579713500554
8664.298731650684,1947.1113007537874,210.16742418499894,143.00845493172963
5171.183074276987,5894.647480520919,1102.5924837020152,295.82174950273895
5264.409930716927,1512.8493437065608,487.1360045067722,58.57436906964641
2292.439051402789,9242.509113753655,1119.9192425828105,20.91313746789858
7032.709106525219,5891.025601804462,734.1589466460983,324.5321492448379
7859.267964119301,2672.0442955329136,1168.1015766573819,53.78019088882126
5077.3965038387705,9646.842192437616,1396.9037776060693,173.55465066888306
3725.7625003935896,8704.078128347448,886.4671006025213,9.972712652847882
2702.4176906627445,5881.210805239707,218.636718848461,309.88780694880506
8878.5214703719,7320.082723581571,54.60384720345506,42.55037980106314
4850.760204528747,9138.63710842733,53.75504679571929,205.22855918169537
8881.086117532985,2107.288792926598,1320.454621479431,82.81464973600227
3070.157522675375,9279.496857674281,99.99984634618878,243.51335457518636
3027.6779355373274,1490.227541414646,1010.0107923072462,136.94406642625862
5839.9776613568965,8988.474229494564,618.8199587619786,124.74268516444279
8458.98828338147,4672.8046495108965,1455.3702756147652,19.59604673620747
1310.8819026769086,9842.108765396788,172.5429745803131,172.06241753489562
7450.58270957746,5957.502515682225,294.9764250301059,56.383698230576684
8508.261508032912,8394.73610597823,1051.9802212567693,70.11527130621151
9381.100091135504,4996.0313665459435,479.1952462061784,346.2386862077676
4535.908158157981,2656.0082116503163,1247.906174708997,190.95124567001264
4961.430709195355,9945.540364469593,687.0978720207628,277.68239819040497
6532.338707704281,3914.7853099641206,1401.9283107035965,137.19600443904838
6641.5973736264705,6917.659881016506,901.0448921159241,347.97759162510584
2329.206338848474,6906.520243772364,671.7893562363523,219.78733208270123
6318.128426631261,2974.8750407133607,566.7362375229236,76.01562446442803
1613.105188448188,5917.157740220866,7.041819818848419,112.57138783647522
8676.924283845678,1432.9658292310166,704.7203561913593,231.9217629269934
8634.593179745278,2912.1227531326213,249.28351996459693,31.133069977860362
6363.7154856639445,4920.950878133658,885.6782038214019,123.7300660400598
3790.0090870985873,9271.710403883684,1216.471676935252,316.00589247462324
9298.953178880492,4167.6901653441555,215.9792975235271,257.1098152132369
1486.3018157667325,1147.463831637159,1325.7954042638994,47.998575629903456
9541.537696043637,9929.784488536849,771.477397798,298.80215731303144
7350.737955572433,8002.122713343123,378.23457708646976,195.60319296787773
3759.438266235283,4471.446198920721,441.1066861478081,15.542027927857298
3809.505755899952,3882.8815256382886,1179.7273258097948,52.33008301594535
2466.577000493574,9651.404434462005,1201.7237950531896,180.10523943454672
7378.813986782403,2536.674506903031,531.2755095231583,3.2652388959085537
7194.327010219384,4727.293498268924,621.7099673040713,327.98105475611646
5953.095549496218,8891.941283025317,1449.0554766545324,91.7734062971832
9963.810690743378,2679.5903426592176,1416.9344832562776,132.96723854832123
4268.097289046095,2180.4351082099647,259.06704877734546,314.89244934627175
3473.237835965576,1628.7272579077448,96.70615183349302,201.41091034577616
2118.347801794112,6416.392661996379,475.53314703732207,352.5901499335281
7247.289191723322,9631.542928725261,1040.3775794586902,310.94765022582885
9366.903974354194,3987.7331688129225,661.9850166371831,116.0592609992504
2811.2113629750293,4172.0444160917705,486.41302673873827,253.3942366299114
6252.67269609264,5136.386536052336,164.50245085019353,186.98583228888046
3185.1063601385804,6989.177944751161,672.0748785832584,251.26483141296214
7985.168744147209,7811.656639381888,211.87809905047777,325.26226751207747
1546.8623543234412,7317.067407923984,1373.7508205005531,9.8473991095528
8137.138974785889,6815.5265464421445,1423.9749043997467,39.60241917845064
8685.476861085781,7094.270530300599,913.6464382222207,239.4337306551665
5914.051967929503,8462.81269756217,684.0922273327938,249.43365157223974
8602.896130884274,9622.384503829133,453.59929367031106,19.916890086602603
3340.569352820752,3350.0345186505556,510.65538560810626,274.5916878651632
3275.9065318099133,7414.832059719496,480.9093935619247,339.050667367755
9223.983148895382,8253.801040658303,1236.679238224474,195.1181982095016
6475.092833724031,9950.611700419271,1209.7223238565655,7.074991029677549
7375.600108078787,7845.8504154973225,1105.3206357720353,304.324569731081
8619.61316116836,4820.224209080225,192.01344278075334,200.5610519343748
2320.047653661535,9537.328688661426,1334.8800896234166,212.94352680413454
4467.972450817439,1769.7368037754882,1259.087219908285,175.55135443123098
8218.77863224878,8306.775607643303,391.07346549945817,337.63259717354765
3087.560646048488,1647.5835773051754,454.8446967988608,36.619406051968504
2823.416756713429,4421.265735013767,1211.4994827477183,351.12728270440516
1249.8733626108303,5733.020302848799,1376.1580000574447,217.8569585399964
4150.0843248508845,4716.2586568966435,72.48275201715767,159.15018297039424
1376.9660721233618,1577.9845535886702,504.55045650487676,136.36894564658348
1986.3950194903246,6857.807433495066,1412.901025189167,164.60251577486227
8963.131331032946,4421.044820803354,1474.3070392673685,62.922251576387545
5579.339446817878,6263.109399085215,210.8513031216286,247.34695243561433
8725.275434579577,9633.825644154185,593.0840594711873,43.238356896819575
4234.933538711688,7482.859797253889,815.1912074356559,110.31203542264201
3693.8353434576147,8602.954294717387,6.277692442700998,315.2331395447469
8681.040899945743,8533.727537694576,900.5710264048511,323.85143690199504
8758.55452178666,7091.867403880022,777.3627447324177,79.63869030508766
5801.202676842693,6555.684138815529,1144.100385455111,170.68932027742235
8461.809116549228,5423.411408489615,525.4977741370286,80.31548179792165
6203.016133412295,3698.5986745480286,423.5953330248432,173.6777774229188
7365.781327040479,1790.979040274099,257.2321517324457,353.8007261308834
2658.3452744474116,4026.5182696995175,760.6290464043011,21.414869044838603
2937.158623104773,3892.855762304334,938.2456604354352,221.0847926084481
8274.665981229662,5430.889865158174,515.2226832552057,110.0563973467807
1290.856129872318,9987.796295145672,108.23239248739876,18.323814810066963
4166.493949904041,9761.007678403419,1075.112044627524,59.61708137834937
6320.636780975251,5971.508457663802,173.70567709783825,134.0256640184934
5990.1045925631715,6514.5268382131735,873.5465133823822,233.56435728393936
8846.130619197886,5046.040601315388,56.07721468002793,77.12716585117164
6634.439494812961,8845.953585087587,1292.2645031948616,270.4040887031592
6468.222577017095,3244.2915189945884,82.1070253025337,6.912424235959066
1858.6580944451741,3602.334056626038,1026.001325633579,343.9669633032031
9900.597334805609,9304.331322549184,43.346872373484125,187.88670527078844
9669.042012662667,1355.3351452890413,1326.8333159369738,173.73303542954784
6723.450172943271,7776.9559066165975,181.84776358809094,357.49829201603023
7361.33102493781,6553.695538452479,147.06554395980606,104.7356514322476
9295.9735344506,6618.972238786856,105.4670782746581,344.0418674715837
4754.174613158572,8872.627735349139,844.4380723216324,124.14927625443129
3440.452958902677,7831.771055078026,1418.451073801007,185.30444993585527
2757.918759832057,8220.231554949227,528.904836899606,292.81925814506945
9926.139620766331,6751.588455775267,657.3517774169462,70.69214925345946
4339.434037899973,5724.2413896100425,1365.396169132999,128.59849560870362
8333.72284472788,5985.13700089648,377.9437433974373,132.31945320247098
7938.303287626467,6957.658367485243,375.47140310344696,60.68939816003357
2706.7416356599088,7706.004972857262,1202.6564351079944,120.21447916205759
8921.783511525064,2038.6571874057713,1287.706977217099,235.06012310253948
8351.829831566733,4526.383216391872,1049.659685238858,200.98216750581196
9801.298233016094,1640.0806250432952,1482.0812848226174,231.310655409987
6937.717239784063,5504.081622545828,117.41358546357328,24.28239964969848
1890.4924425893448,5927.704941890174,1494.2154651532796,272.4598647827082
4681.096682692584,7167.295172376344,1268.4001463857155,223.53754208936857
8258.883924721173,9724.676382463995,57.4786732485556,108.87541463108636
6965.736372028774,2736.919564842025,129.78760992040978,273.43565692399415
8468.424272578824,2252.965361774632,633.8414729695705,53.61134108326069
9493.524253728676,2849.7399488794827,595.8674395020773,7.741767583849947
8578.267043180305,7974.91822682223,1347.322939620141,227.08669408531992
7921.897377259623,6618.322394310197,288.77414537792146,123.22242993674737
5566.8232799508205,6213.606146949335,686.9586569649905,153.42490228768838
3878.9955128892316,9341.056463676377,650.2731550247702,271.3828661396634
7981.605827636287,6622.343317845989,41.46614757600787,186.85619879358535
3125.79083443417,8046.526283626482,477.64350597667516,226.06629244719554
2897.34215424619,7636.792060243034,882.0260817117046,195.60703017966827
4225.248225730762,7915.723432916893,1427.4122618840722,66.1389978805519
4751.481457049519,8142.490654905768,326.2360713723205,158.17252545475756
6091.26573605787,2273.303784840039,224.18554383230028,25.88093394254319
2817.6533429872115,3176.9491405209324,321.52356567179487,37.03771850107334
5875.410242110823,8098.982268023257,309.04059332965323,192.47547447218165
7505.721295159946,7613.805211911812,877.6928536983027,250.6081207965972
6537.174744120811,4975.057304804582,1188.0628396275627,176.74648105466892
8386.353461644641,3256.211081120154,444.4269984156386,158.95813451299364
5256.52334123669,2580.5639626104044,292.81181076145225,350.57247884950044
5004.932321321925,4108.130666357821,384.1421278756,353.06259204907235
3327.210719498523,8786.785578789251,249.21001569696986,237.01258623645435
3536.4836962758523,6477.590606496391,480.00988791458815,33.239922625057226
8854.410317419326,9626.62546173798,944.5984859418872,352.12758043888795
1400.3789083460483,6459.413692836175,1223.8433990049532,353.43571402641504
2675.954015297648,1505.818540213147,259.8739845093906,14.421886385342994
8662.707234461835,9476.035518551034,1420.0619903956472,3.354030376865401
5060.066179519232,5933.692814498041,11.27119520524149,86.95889966307836
3120.9036286499854,5908.074968461358,474.2667307433296,169.08720409701755
4191.677607445858,4673.743346966006,671.0797294435281,100.64198890842141
6075.796012936618,9169.977638488166,311.7641043651501,45.94942598146196
7501.053646253462,2677.7787368853096,1223.231062969548,114.20541540632492
7985.722421941432,1743.212213474178,1345.848234882362,85.57898344877947
6688.339431324989,9535.275057775842,948.8914623459474,148.47162089746988
8670.758469067558,3944.6910808422754,377.794677918173,29.622797674468952
4895.517613551599,3281.574092431522,365.90347071318035,194.57163955984086
6007.353870123201,9496.89921170614,31.17732116929282,96.49960394529823
1752.2457749309428,5187.107718629976,300.12868249388555,168.03175410064986
2165.404720431453,6658.700464055318,122.15414276563142,317.7748326610609
9765.71192182667,2979.0002047825437,1134.5461412994728,16.511503269170255
9550.176545358861,7086.522585034935,895.4184742500613,26.597883374576355
2905.826782873104,8107.368956603909,321.3373072309499,330.9356252334233
4269.695670922429,9158.235492489963,621.9224230898246,231.16806597413435
1533.2743885072848,2347.772654195356,1259.139610178745,85.04279886287144
8158.9766478406755,4713.509803992567,523.0251802398042,118.80196300527996
6753.660094902227,4120.286128232776,896.4128755790673,64.78872303579291
5131.146442092727,3253.0704998225265,834.4024353307092,300.0666295532131
4373.088810672053,2843.9873861470805,1382.3014581040645,135.42457648432182
9680.356639214504,2751.9376825501854,1325.5498693019474,336.68590128833955
8790.468395072472,8172.420359371335,648.1936481100931,229.17813510142574
6163.939883859851,1197.2172024168938,91.49199797986141,4.1075355938834655
8004.303427085773,7364.776120022528,152.10111199022035,297.67395956693946
6023.870824476824,1123.1980600374993,859.1505040202096,136.4338984707529
2594.673754748661,5356.886178413656,278.1144506160988,28.726796279462857
1950.8571017941356,1203.7063641612317,1048.7883440518908,330.51562650776185
1745.845084254988,4798.762687213066,720.1973589740466,139.94749195426962
7313.344781994173,8061.892047969851,388.95627851118445,176.68585514514535
5057.8959371295,5563.751220541421,647.368056652374,105.35938825826834
3843.4441202054045,6207.886238355049,1086.993388791866,308.0386129269242
2888.5400141954833,6309.272120419121,1460.8338150329841,252.42060566976696
9486.76825871264,4154.852982892578,235.9571958402646,104.40891202889136
7477.431412396339,3861.135226856513,147.0865325473641,182.9645364780451
7589.035828487891,1115.0087393507768,585.1776424910707,154.3280291095957
8350.335933452669,3838.1967549712394,517.9815831474252,15.386029383639086
7833.000006509989,5241.267763983291,192.78548376559132,55.13081381605108
9316.55901931767,4990.5813102645225,615.9542527997182,178.07311953857624
6384.903544079626,3501.6181989488905,272.194172723259,344.2707410300476
3965.453215423382,4605.006070104388,33.105029405972196,69.38756562844097
4711.183055604994,3879.716443213078,1178.1833271457804,124.36595744334169
9498.078959047149,6046.563493689594,593.1827241683797,66.33232339493199
4027.601687511002,4096.487246111884,435.92977005757353,293.14567831819124
6454.643110718361,8560.725803202899,1335.0516246640505,183.6635602498565
7893.570193326696,9476.09772826088,1380.1639623835174,329.8523299878764
9940.222048249714,4233.113387931808,841.8158700381822,67.0649504567872
1598.6640332139511,8654.735147644591,1464.8025364369958,188.33645465614845
3866.7287540627476,3584.9480924196646,119.30160424357591,129.44722338505753
8932.351308206053,8433.149084686047,329.06571937740495,82.73916602293406
9322.507774783764,6933.805156417705,1080.627678473823,214.80639666660937
9520.56417770552,9628.620197189408,1488.3953239059008,289.66573942359855
2766.477607966629,6378.287496679949,48.664649897554355,50.071212383096956
7017.352457099247,5582.091455234224,925.3711936601992,157.13035847050375
4363.36508024067,4123.349385238464,266.2160605096011,247.48913222478978
3826.7897960670216,5455.608355945364,75.775765634999,136.97816737525892
2823.1037379072004,7264.116902135042,930.8677584439966,317.80227795682663
1384.2329442286634,4806.4210915730955,1203.3557919711047,37.67210815023258
5763.936667916276,1345.4286545090572,730.7703750932275,70.54638377494312
7073.4340844967655,4656.983131455494,433.6008832029307,15.280729792313883
6813.929257341963,9533.699740408785,1382.0341607680243,289.5744028082194
7675.895684802016,8325.14647541468,1335.542682061431,318.7198600178539
7609.804589530857,5474.571121007241,811.7661061422217,323.91033034463
1170.8291610510466,8128.141559111916,286.74383047396367,245.34355726590772
5517.630251563375,2044.3687854363582,128.0070082768625,39.894398796261605
9206.445922197254,4409.021896885776,725.1921915470131,155.35471678927712
7538.043607573966,5970.545142206149,1435.4673863178998,169.92194563656943
7939.028201384925,2530.8242273036494,902.7690245798897,25.61152868422658
4266.642078661286,1130.9758149653258,646.639587824533,225.3813189285738
8838.739475631353,7231.553715610789,917.5147917873228,229.87860074438925
7949.286014818829,2098.279145122523,972.6840955659874,177.85602204087184
8692.70497803214,4929.170915006262,544.4118795019299,60.500134998078714
6677.540426302405,6522.6146067703585,1147.7863200084146,41.93559978436235
4884.103144800755,3049.941030466197,307.9701023048544,74.40848260605748
7483.385862360102,9626.062847737207,203.91682142440612,250.02165762310474
5873.138896275933,8788.804656439774,90.42572268518991,210.86956451837338
7210.8701450052295,5458.065717113222,694.274357258432,265.7745665911459
5126.7652793422785,5745.811908038521,559.3720192045553,188.47672295805322
6068.249535232318,7639.965113531042,1406.4831834432725,321.14292572270574
1838.167858776611,6358.987907043109,415.83613744280774,175.3444946592135
1892.0860947650176,8386.885741666574,1394.2338821805754,206.97505644258115
9759.967742497007,1288.4067879887773,675.3001733220519,22.822830574581744
5101.016429530195,5983.307130676237,1113.2121603328253,151.1539282229308
9665.232481114143,2088.046140855665,694.3611617557551,215.63579342316513
8466.673408622599,8360.803288919353,720.5658062461017,181.2123129800139
1397.4867094816607,2063.025520975181,662.798127932545,230.70188932304754
9556.075680461974,9859.290906299475,191.60941065475248,58.14259747170404
3832.283053455329,4825.525119881417,401.22240656581664,287.9573684686937
6822.055965885464,3410.6628090524514,154.82622263434985,105.37554838865985
4247.529203607348,8322.441229234679,842.14812750927,310.3822639219057
2237.1909026085013,6921.7554393403225,286.17293664658405,234.25867797890785
3749.606050212903,5791.939984589666,275.2693649702511,145.82506860932543
9568.57378696179,7463.808230776254,420.42476916562896,181.20697754078773
5982.6804347005145,9863.352286783404,92.79449040456512,129.6344217830312
5146.9465265209365,7237.838425039705,931.8660768648828,26.759895732747182
8313.233700172517,5813.782816998252,427.64452179784587,86.01015629153221
3900.0978059627128,6208.670262313617,1122.4941426218081,70.61601356271538
2258.510654690481,7360.570960950432,287.48880846294185,140.74429323834613
4672.195821760437,4514.47905754567,1151.8066512875084,219.81096496678992
8492.329383232543,2044.2451936265302,1172.962025296338,162.50614127182791
6892.066215200421,1412.4079174646306,1254.2073204331182,91.43831635465806
6757.684587687229,1784.3186286754367,1476.342912243577,224.064961215139
6199.739233501726,4228.661125521605,292.0363736497195,235.19376021777845
2342.962599977093,3989.689376023776,206.04471247493265,197.14151559313376
6097.228712603831,6325.297330474605,1030.1703835349806,214.04155591212844
3129.7642174223192,4311.7323975304325,320.4472097399356,206.5548124570904
1484.0765358022713,9298.63706176608,56.47618574814054,352.0515403768674
5467.796278780715,8986.763626253096,574.6232258091084,201.69359138742888
4251.339152517716,1998.952075457622,117.39881433854654,273.18454273089213
2322.1774874190423,4646.694381069327,84.89179800207681,180.9502798099808
4945.220312623411,4191.949978431263,670.6408328081643,252.96547908827642
4866.1895638844035,7433.897815366204,909.2381548876457,202.60973517452126
2813.887316313686,3396.2226519439605,1420.462125943113,114.51253715243402
9911.962365871115,5378.781812858485,382.2244020733494,113.58883493467435
2734.642564103894,1544.6348050272513,465.00378946782547,110.18327347752432
3797.9123359144282,3612.98862226696,1483.1115999096212,216.3277607705799
4867.200807482133,3696.5391409945173,1137.6666273274745,66.51243314961582
7518.353814449602,2917.180729940056,621.8130767674418,213.2965583953638
8915.62795265558,8621.526910983734,670.6990618657636,254.7279289261696
8839.244957085011,1679.4810608788378,637.4559992619683,267.4568575363227
1950.1153173413732,7871.17396958654,1281.8248077573348,58.90879838986476
8068.141926476646,6591.9300715035615,1062.525570016583,295.54291107339964
2609.291503889842,8093.731057979717,793.9985230187842,250.97215895169725
4888.310247011394,5308.112142547272,286.13319207406903,201.6567170997321
4635.550167696554,8966.559164778482,37.815412827031395,358.5401162937119
1603.7414860982967,4616.824458820536,714.5794033161769,156.19144728853433
5704.029418886604,5776.550220419974,959.0668627868456,147.2256707778221
9274.775031030431,3404.6655761039697,333.7513543158652,341.53339707839797
4135.979722065559,2171.817656501048,329.0303942301232,275.44443898302796
7538.234342939424,6213.231051282841,592.0920966881287,23.529276056700997
7750.291355523563,7369.661903274366,406.0289596157906,147.4912329491273
9775.8983791633,9517.031029862412,846.6809525603238,22.33525117409084
4258.5608378646175,5420.54661769755,1035.8941473036257,109.93070816529053
1182.789607117076,3887.8688071533666,239.94302397671896,147.9952630227221
5098.065499130644,7010.806549872686,1022.6487948326314,314.88850940806316
6146.742556859043,8632.97760361345,998.0763282032625,320.7571312340914
9729.736909300964,1696.9535548184624,1222.3493847108537,50.879841811652206
8610.007271389293,6583.515286279552,709.0376385398125,230.52646146098567
6761.588282200776,6018.1810870434165,696.7168809650301,253.6077802741306
7218.453669157539,4862.455035562354,1274.2903744406465,297.42896834628436
4100.974911747813,9308.224490171375,1384.9632756612843,326.6774434636932
9613.410399805465,1250.3247016243968,198.64597908220534,156.54207942988285
1138.5492746189368,1758.4721194050599,282.02842142988254,299.61900037934527
1715.4472650121284,4091.6625030614696,500.5084530478734,102.39339401171392
5836.802661894288,7093.295486461121,1347.9458774188145,135.2949347100687
1917.1307689010828,3648.4450492674405,1308.062013434939,359.8229757137215
6554.825098096948,3432.90809608014,713.575087466875,92.73906658494455
3751.9420571685555,5364.159616516974,1092.1601157702682,45.83445198052718
7707.035427549649,9065.137702287131,379.42387322947684,47.716105599272936
6092.113192982236,6931.383242713207,905.4352933985517,90.7483648407351
9576.506904528913,2243.070606539928,831.8185781420796,329.48684850192694
6288.687181352836,7980.779061761475,510.43532245399933,113.1627727356984
6982.588810101383,4576.913337596196,1461.085038577292,155.94039272908373
8947.056092764871,1224.0029205533021,330.8645458035316,311.96697909888803
8722.815915650472,4553.2360754527435,526.241111047372,214.12789221236068
3388.039070625127,5870.630141699764,941.9270589239237,29.420209491951997
5510.385791685254,7525.468865664823,1492.2338240650859,316.7353435570778
1720.7364058939888,7440.710525129009,32.975662809447556,242.51245399706713
8650.548757704048,5902.176782887888,1348.1107047538742,347.0733629886628
9353.206359772896,8616.226935813454,236.41978232866285,146.2331650489971
3697.7589427347066,7012.954493274484,84.47539317299375,54.68899890220966
3663.460854485852,3992.228299764997,1153.6897036030007,81.6060192510512
2169.560905461811,2266.5541455125917,532.2053332075823,239.98145902808238
2872.0008014492687,3728.952486618271,1009.0058065826669,74.9263825855305
3554.5086784793352,6417.356110005358,713.2308404982907,34.87707965776821
2759.9341024112973,3910.171533556893,348.93288149481594,70.54116091922286
7401.6017804087605,2874.988079110915,237.15052126148296,83.81690891913989
7289.312144073626,1945.2000458998555,133.0711693215605,211.48962782713468
3971.531132691978,9511.665705653582,439.24309176157306,159.91860374217333
1434.2306937840185,4880.327482893455,1338.503242883659,325.4004201496711
4981.937030280345,6575.1106092443915,599.6114756665309,161.0683985770716
6197.324193681103,6213.441685724883,1435.3234674064734,353.33205825448516
5964.963146412759,4021.889425427084,471.71712562566347,320.3690976684561
3299.243389751342,1636.3476133005834,523.0034204606251,348.18023608367923
8430.70977074018,5035.390081005317,48.45685652012474,89.33690080398664
4636.1877512875835,7032.447421016015,864.020152663185,133.96738484791535
7935.254662923678,8024.39726389944,518.2835195921837,244.4291754210984
1237.9467097852953,7790.712425451979,1245.0589620764326,60.18359757424869
1653.5901678004138,9323.574553539866,1006.4813742974244,163.23168539008816
9511.203302390544,6265.280510962016,959.3207842993759,230.06925979697033
3919.7939008161734,1908.8258854638748,327.53327745277574,188.35084588114916
2059.52746932226,1125.9820931236604,154.00435946340383,122.67615947135246
2975.6809430793446,4312.283846677865,633.0623105684749,138.99110273088317
8246.510227854382,5788.340408757605,1417.7015889002075,190.5035812054527
3473.1670876157714,5286.037388349371,176.49174827877079,155.23979912784446
8444.946317512442,8948.717219905782,1025.163537648003,11.704565567538596
5264.207056920168,3407.7174462773273,804.984720109726,95.16638476118405
3911.3800515052817,7398.664690139577,245.7431527094058,18.04083267769118
1805.5174700183443,9121.678680978559,1291.6454896835983,99.08063915173513
2708.0430816406415,5760.471836449195,624.4863787083428,345.13277449886834
7435.143133656202,5524.766251241464,380.7044020106445,133.0070897375114
8481.67603797133,3104.3235745996553,1152.9633152189149,33.90329467039595
3448.2447718848402,4287.380116343926,678.7190942892005,47.76027877368754
3313.771388634411,2682.371790969959,647.0882431453873,164.7304269664455
9694.212312078917,6378.982025847247,851.7468657108948,19.46472241392511
8421.53483882817,6004.401892944591,279.54924307926524,118.49206535668259
5666.583938399879,8488.199705608755,302.8985403243135,26.94535184795581
6023.566322436888,6245.075430486139,314.63719784283035,215.63774090807243
8087.227717131295,9462.664162161276,1443.1281226457324,97.25052399624043
9385.257166787298,5674.258956804229,1275.8192988672815,234.1288991416388
6097.612298938528,4280.61143771714,841.8740776048357,349.85342027918165
8190.862606916914,6109.628724696502,883.7838144164872,334.96037826790496
1597.5438837818826,2709.2508099533325,868.2761680482633,344.848341612229
6930.289793923232,8566.86772275863,1259.3962591858824,284.46568865581753
6783.291749546471,6077.981460259287,1266.2777225242937,137.12110437886187
9554.53235482873,1250.7403095641469,441.3653903460106,260.08392804624054
6336.224317371298,4706.607923614991,1053.282090621146,214.24690389445854
2374.4904343883136,9844.32598095976,131.57063040698975,306.02009230507866
8459.453493054198,3005.38127085209,717.948012203003,222.74601942115964
4478.271438075993,9789.055882311812,578.3885290636391,199.6397740167892
4218.61104575614,8351.083115115534,1143.2619783649748,277.5941662513021
6207.61632660921,4772.001150734736,269.27709157999556,249.71805275134128
1591.1409602204687,1166.2986415322353,117.75324463811299,359.2884297070397
5341.5303692095995,7146.582662654384,200.66504945266496,170.88481991117038
7478.775845534113,5658.97310937273,1292.5086274362357,122.31943977410818
8420.218682753059,7076.589329442175,926.7133190142811,39.449613925274825
9206.265661651356,8796.609078892096,64.61751666114102,247.80032379326647
1825.87668520044,9940.851740257107,200.05557675526325,108.024048430002
4124.812810132791,2318.144280783772,848.790665960157,255.93815051572187
9653.942485790642,9913.622247726671,1492.0958297789846,134.80446184443653
8414.092999403347,3717.8698545004613,315.90515829307185,99.46728258066284
9370.871093648087,9099.485041901466,273.3590729724706,246.78814533697704
2602.095846406013,4888.410550651362,101.3255500497281,133.25608447291535
9658.61604246528,3340.5899800430448,783.6513751359759,71.10958531051442
8688.539548521387,2817.388764532804,353.2888806417883,236.18445524114793
9934.826264864905,9695.740442992881,1281.3156532227551,31.2786709202161
3018.724434104469,4944.113487533951,576.1818902905862,266.6303433862767
3385.87781232838,5687.679651867107,831.1279852658693,112.05762440541902
9682.134810879239,9195.791252089783,1036.2476292765352,90.14053144655287
7782.925374170928,9637.397211201149,723.0695207628083,267.5561651098391
4467.251945892175,7591.622326047796,733.6007077886009,295.8205287283758
5448.514046123415,5917.309401519186,398.97723328905965,17.70523165233853
2889.5834819388683,1682.6377536851924,1194.158681029977,346.8511611458908
1967.5706851586474,2307.0128011371917,630.3625255132582,109.56958449297817
5476.4683174690745,6652.684957234261,658.0623275165394,107.45202048794883
8920.874020728392,5401.188745931705,591.4235849266178,305.7444657434605
8098.823790574751,2816.687663208342,207.8809122750868,21.88544017049076
3800.4378987493888,3095.8845374743473,122.34246720902671,242.71679404830786
2487.1544070067052,9950.457450310936,561.5873682926994,48.25531151131347
5306.458412669539,1867.170092278654,1319.8447106669182,313.8760984660468
7146.75972337029,6195.096951081752,327.52113008098485,11.947004551400687
8773.477177699755,9983.020042676055,1135.0117565336527,133.04823339816483
5487.5542277169,7329.520747279731,778.0828772167596,285.82030598715704
6682.180348549446,1225.2358584954557,1086.5611433944762,212.89946709190758
6147.769034478993,8828.29317749356,810.199136598701,260.65130703820336
5502.374655609083,1998.6465951857635,1133.5966743439524,148.2114491108844
8909.859066363646,3425.8149386428477,310.22764626653367,206.5015574712162
8660.128465413853,4872.156407486951,465.2463587517136,26.098032413808845
3821.547237303937,8599.862944794575,1245.7368798080793,33.256579312429345
7266.745291659178,2019.9138853162253,1493.3975677588799,72.46260730682563
6900.613119657072,1515.0386047104057,302.4520780760379,186.40218581849882
2189.6922967295404,5760.720194414971,310.9904654293845,101.56002305534062
2146.641350851465,9090.534078445058,1229.7621069362087,202.13634084335186
1129.1809557062832,9969.443607738796,435.51384566307615,248.6871497811168
5910.638460582507,9687.990054756076,832.4026368774386,203.06624289991643
5125.60624706562,8039.815375780601,4.801460194609621,165.35427981825524
2017.3491359781706,4449.761550412506,1014.3799596049106,278.93226920932506
4831.290540722752,2944.327124835628,307.1535889299141,56.436969964350524
6976.676289901868,5806.312965129371,910.4661308202196,279.88133921632124
6081.39804928548,8631.183380311046,796.4315511024556,345.0044267738936
4890.547168233317,3077.8036742443214,427.1221860881086,164.0342312649378
7401.568010298467,4623.864515280196,477.53636761278807,52.51737203723615
1877.0973758147993,1616.4582419467235,532.3194722421318,226.383868731943
7222.290881304872,8747.21042401942,1454.4760872905458,68.60091365906939
8546.3528202579,3824.8805319970165,290.9878923832409,229.16995652023385
2777.615258693115,8582.899116522756,642.7499157747434,226.32718205830517
1593.5524356492112,4348.740329550539,277.66383608552803,195.63504116157043
4095.131724335609,4203.196790015742,480.8427430282939,21.45395168270366
7920.653299563775,9149.17906429851,1260.8117390362438,195.30016750271474
9430.703318521175,4009.854756609027,586.0039809207552,9.81483406468372
9066.841161677294,8924.52094314016,684.2633526907305,59.60580365249443
1768.3301313794354,7498.905877134841,863.4291754753468,21.256000080219362
2571.2893100831657,8855.120965572667,426.2006766356304,278.51803051673784
9350.878591678029,8114.9328241618305,608.5090374266633,295.2936750124948
6676.544704334698,8491.519888730596,582.6013578035435,334.99146761871515
3765.0472007371577,2411.8570621860317,405.0600160932882,1.154618991222871
3316.177239799703,3144.5005787746168,319.79868454368636,281.77533999141957
3949.641534450438,4388.963246679584,1230.311643112993,90.62704354682175
8167.78774593651,1504.8775784540162,1051.1453934667093,248.62304245974178
2994.554454881164,8786.567426209287,1483.578174997941,278.8575133296794
6591.912426238814,1399.5337559625268,1026.7883329525903,10.555034633479279
6499.921811921685,1358.4452302201619,1334.8425801620915,206.58615892294014
4253.196502334434,2970.103578346338,1154.7042869921968,249.84783306077875
8788.322486818708,5485.7778232225655,1434.1764535630325,85.55776349658133
2157.086082097476,5071.251679861982,1112.42635981234,185.59702246123067
4013.862521528009,9803.418411484177,1326.0354175667271,322.63447578929544
6615.192504462834,4708.6472963618135,1124.7344654158755,236.44357873331725
5836.0021973053945,3116.0875876197333,688.3904601352824,214.33018744810272
9357.565664920663,2108.3702933022146,304.8966220531378,321.5154447221946
7319.16901092752,4215.001286903673,838.2252193999295,57.41650461981911
6965.767868925877,7785.452619789887,647.0572523634693,170.81792327573692
8709.433087944562,7795.041890406825,572.9793688302884,254.56288572423577
8259.666772994511,7386.297139449043,432.2907107161076,20.936842775661248
9828.300408300107,7393.561028564448,1033.1253676954047,336.4866003813823
8734.499554993785,9515.483611532469,1498.5601436514535,174.45652569490633
9662.547661655128,8212.397331041151,1492.497610077231,35.071877530791625
8427.811760080322,6145.538768405422,438.28622740956484,266.1131978430618
9373.713421933393,1990.5678993845704,217.6533478230157,78.48077678173922
2713.1372039489793,4985.606998671034,304.45439166989803,236.93908340604816
4824.539160076965,3136.619092061026,1228.7508819279085,344.16673404431685
5432.356154511573,4767.8331863428575,427.6554030530252,58.349870427939464
5992.408136599964,1132.7568379390136,795.2313760863793,314.1876814888425
4022.2337940301845,6952.2001272650805,458.74850796332186,276.2201265794431
8323.059813481435,8860.842279734237,620.8331964533306,147.37762198594618
9717.592133409713,3470.015586498771,1449.2244357350107,308.15240056414297
9198.306569452669,5840.435345791351,1304.091169149913,41.94113912828094
4029.4390177014952,3649.907270387727,746.506345416232,142.0446545237717
8779.062143065212,4841.43980588822,760.6969601408584,353.8127770015771
8089.557278636177,1911.3474582894282,931.3967466228731,130.55375589931404
8418.983231976075,3501.6280031332585,1352.6758027042788,18.717210275851034
6267.979063108374,1202.2497577720615,1066.1372075972358,63.16203583235464
9429.551506987567,9519.294690165612,33.306516313569276,137.0997802130497
1168.6498788370907,9566.53600515507,474.9791546503904,32.95660079462509
7982.906727073639,2886.520936034593,332.5671471756128,338.9639555636469
3650.3020007504047,4024.212883541542,1393.1448242610822,80.50783775565553
2845.5780982427777,5859.017035448513,599.1775636422767,211.62926261880426
9554.066667800264,5208.112950717671,1390.4599223361038,263.94542745056157
9072.052669071885,9848.237796895266,102.39853437313937,24.311117212203254
3668.0572300408235,7380.423738973418,877.0136003699475,323.21709215534804
6796.570655888306,4070.354659607386,1151.8557448879699,53.56109620092152
2795.8547817589492,6141.912336734844,821.2207051874506,211.3027382347035
3285.149990183597,6995.271627552505,640.2382141493301,68.18909706439436
3639.4387928096603,1142.0824798324754,451.60207577711753,202.27165306283894
5746.2205279785785,4280.1852695247435,1497.543890007886,278.0209163980323
2111.2234302795246,6899.230375263557,953.5552153659897,131.70551458087863
7452.913670808227,3576.4244662819215,1040.8610649653194,304.5893564782483
5477.4056642350315,7728.846961385354,1030.9065969317821,262.4130733205738
2044.6101678146156,6411.775033008697,993.8072050319795,14.78268713309251
6680.231860434617,4255.896974035768,253.23797497948118,162.65942731995278
5348.9522183700265,2108.2799730302972,934.369314885188,270.84806354555826
3675.4381440058096,5246.648302670313,1035.4003865876819,104.52612765464835
2032.3927038869497,7276.498047643778,1223.2790818681865,334.8202370020178
5999.246187510283,2865.8896246632958,385.1671670810019,183.71244734603442
8988.769852729045,2360.05780127452,1103.4326853876248,54.97646523453091
4500.460546154107,4611.7797943564365,1387.017219024764,74.94798310364594
8775.46519260633,7365.978453872025,538.4891975766235,287.5547564361428
2645.1012884354145,4306.012098970055,251.54345538324645,238.1009141751246
3243.5807167662783,3488.3530875931247,1076.993635445368,172.73036855869748
4455.652461539638,1189.4610782427933,1088.3935482836316,268.5402523744847
1639.9087779090657,7412.320300603865,1384.15355022132,169.0593812609651
8884.952704041028,8661.998560686978,276.09700011745576,233.21820857048246
5578.926397506319,5658.612798028872,111.00686850497397,30.71330212622665
4138.8364445278785,5282.386464298763,1205.504050392796,22.920026163877303
7233.32377735504,4291.599895802328,1281.280074934886,281.7841042022466
7595.200366445804,7603.08501904035,924.0882311703347,283.42720923368535
5896.756567531716,5923.990469422647,74.03420043492713,246.2725846441061
3178.0299478203738,1394.445480769821,254.9077254797399,59.20347413179161
5242.496392384103,4288.2756243601,716.6575090402818,86.12237403499678
1418.7889026052683,4181.9362628902345,521.4573506158756,113.20000779625586
6277.6636382333145,2972.791293435944,310.7889446638619,229.33346407628187
8245.199172537354,2219.6017707331143,24.31876284011581,58.33947501352947
2845.696104800612,3639.7646613542333,802.5100538339055,8.39476520644758
5262.868379072638,5808.575036525986,1249.350342055576,64.73540456147381
3756.4206543237697,9186.290555512325,441.65603859060866,275.43937343250866
4299.983601458918,9861.707928293812,1213.3676960752139,106.08233553877818
6448.72778542505,2999.68946317625,568.2988606505954,184.21701909512888
9948.968089929838,8514.799852706676,1149.7134890597792,346.22122338943626
4963.127405869989,6756.130048880361,1180.8360496584037,321.7171527494138
2933.0907995939697,2716.984862983434,955.5721920738471,60.243535122014514
7397.043167261905,2689.4864132601715,757.5883158405726,138.84878280458796
5993.806714829797,8166.787232912294,693.2176796414612,100.1328554688959
3317.952652404724,9899.054388625447,975.9853613278724,73.82746103557052
4608.5411233131435,8389.474597128396,1419.9023187607124,194.08133305969082
4867.098490671135,4967.295957928025,1140.133786829114,125.03015110935544
4342.650956484373,9385.630458790947,471.5435805830639,354.9612050495418
8493.943653475199,4381.6290087292855,280.5890447320118,21.486696666776613
6198.885479605013,2155.17811734144,663.6405500183466,316.33963409028496
9131.243497197325,2522.645696759294,1136.7699130921824,310.91648279082017
1520.1687773742399,4495.32688222687,930.0583099251805,160.50405559575083
3333.4584382093317,7115.461898856985,1416.431278383432,119.49057742048633
2507.6469104822227,9307.571907738195,1375.1137815667494,252.16544821014122
3161.7290047488877,6062.184622419593,1202.4315809329223,62.12281947497775
4787.869581908471,3259.597099896344,1367.633163617305,194.5256415493181
5447.338662827559,7744.846615441912,1065.2033917618699,195.97384216754656
3751.8081303054155,1529.5430552786083,749.1170173633866,102.74598750784354
9271.59404543914,6134.574262823202,283.96488607423237,269.60891365679925
3259.6667923791415,5471.127514742948,417.6803414264237,155.12746106023903
1226.903884661783,1578.7351564402231,206.61818840940208,233.72978134110033
5583.178202563986,7845.8632110826675,956.2839043649877,78.58567234476097
3157.0177334259597,4372.444589409306,516.906675343666,89.9512069348674
9707.063722973997,9966.445144886711,878.1013796365592,293.800086647516
8063.359854455467,9579.855191638491,248.14515492253273,336.4270861726445
4327.3120959397165,6760.489954984,176.6199092221398,189.67834696815942
2311.680743219471,7535.884901168718,1088.4698250647286,158.49031037966736
8912.918661999778,7046.934516877024,340.8682388059083,283.38772974653904
9284.261583945816,1688.5045644705924,1043.4407978922577,196.34790537876833
2055.365345284538,9809.424223059888,705.602898698483,38.19532743643948
6982.785913006239,6085.472396754159,1116.4587474752364,36.11661301286592
2793.9329795396334,1411.1281163257004,213.31978480909464,61.68956245786899
8552.39235907598,8251.650178226924,1277.5556111676317,307.89679057391413
9691.368645136314,7227.226802415602,1439.4297359702693,218.29153286936705
7123.435791455298,9882.239055527929,553.8188685924999,207.0880141493848
5311.035269691079,1250.6680201594618,1162.8714121583412,287.9053254119704
8908.928722640958,6986.530211818057,1130.4155944983072,275.39978010877627
7333.827822101626,9519.692859503411,1189.2101404494272,34.82866064428762
7274.471724691725,7552.061689466786,739.2929132451516,70.23770735480616
5594.612844999914,1131.0626890281255,1102.3813128616814,78.92152585537804
4415.027163162913,4346.0248371566195,45.61005458762571,289.5856694203684
5324.705301179631,4073.3532516645755,760.0200591270473,298.94921157961414
1162.1329233274066,4039.799384523915,696.5064536495127,8.975674818696948
8274.381389657856,1342.6684896668742,383.9562375607591,234.47777189670725
9660.215969501516,2045.629701858999,1295.4120434856197,18.655612403118116
7660.251874423113,9056.949332757744,1449.6206054838347,77.72085792382782
1725.3174705202136,4509.306675520231,398.364292294042,345.6506541974037
3055.2061126169538,2929.090836072257,1125.5412699776368,126.79509152520326
7231.377858797301,8270.885069913686,107.69280107616883,308.1171208740909
7704.7235445412,2739.2044503613643,6.216186873000495,225.6280994030204
2940.8000286308215,6624.972519954408,374.05671268150934,286.97628423565783
2594.481288988934,7124.730682210592,1264.1976022242143,304.5562840222512
7425.2476935564055,8392.847708055693,355.9834101685594,252.08710413153676
3690.569899251261,5876.900435034856,221.7694989866866,313.1580979101845
8402.98898096351,1719.5623077510309,182.4874565753497,174.5637964231223
5570.314727707644,2129.237894221562,949.5088468501677,96.68424068601688
1428.3510487113263,2668.340762416659,691.3287366704307,166.14915644599282
9300.250110644585,8757.144036000434,1357.8902327380113,150.39077283254767
4504.053915681037,6012.401623703897,419.52985666411894,181.86684411561538
9770.185909913333,6468.033325564662,907.1396547502617,311.0439692368869
2601.915706678269,7336.119549607524,214.55058448175842,27.97026022034447
9079.496408122573,7572.423860142786,685.0723775085773,353.2176699803331
1747.9541026871643,4151.2002344322755,771.4223068625677,142.63128499326282
5592.148982598014,7332.180500624381,1279.6123145647373,164.64582558778798
5408.202915775759,3972.223071251538,1189.9932020787996,10.74782408224976
5729.155207598827,3336.0673387880497,1418.2540590127664,127.39422010319983
5628.167166309714,2586.4481905501143,103.54582533515004,199.41194321827317
4780.743844538774,4465.226079679991,583.5694329793015,76.76254326711053
5342.181005955776,8244.50458352274,36.10230953559262,70.67368538592183
6318.8810042615805,6503.516268715626,687.3182960096473,334.903003492957
3678.4796969881177,2971.500189235186,121.33047642295013,308.7588499155834
5253.435103506411,1908.6338056785944,1437.7269873134594,9.628202937353816
3759.457008713354,6595.002016095021,830.6161651025122,73.99668805048252
7223.915522873824,5457.464344836598,1441.6056665959875,169.0275632607995
4276.718032651774,4680.920305249231,925.6348666887267,204.64735908930456
6176.000511392157,8234.838449137424,107.02411767775514,229.9500078922877
1506.3238878220532,9263.905903319044,1246.3377108678515,157.97746596547006
6998.75147856729,8840.43196812812,957.1653091440447,293.98191379050843
6444.497354609512,8864.400840853392,477.02327358089394,330.94897818755004
6527.674764032681,7416.765173547932,447.48009238862136,224.1129709508316
7641.120854553355,6902.043355923191,1335.649597708668,319.49385284888575
4537.997619920367,6595.612332979362,1257.1542444703261,295.3819363017447
3121.117334976556,5547.568612502082,160.1929233464807,141.06369321473971
5355.240886254254,5356.649096050642,769.0628610259103,261.4016642771233
3277.7484105698536,5950.930239711135,224.17848700914993,102.52218900977135
9679.446366212764,2348.2147433742184,210.7302505932998,92.86079335521552
3465.324471797696,2152.140866159714,1198.9723415720691,225.30111272065164
5826.827405796233,2152.841806509923,802.4203529198414,53.08104931479577
3499.98313390854,7135.647458150561,1073.7251795842867,140.35917565003868
2891.5618733999145,1548.8398928661766,977.5933317284649,120.269683517899
7342.430695089899,8500.907133982384,1087.1265228633367,229.43977743183098
1476.0217298165037,2899.2400822216305,1287.3061174403435,351.6080940778078
9079.995311456481,3764.5784262454213,808.1688908032661,269.7645292686823
2461.6552687416397,6665.986908161254,205.03316513384928,123.76577461242587
5524.392019994569,8558.113599816788,494.0143378624495,340.0621779731068
4822.836493416849,2191.3806183238166,1189.1440673834804,17.257276720078735
8272.3680505995,6905.475854828579,1413.193528464577,75.57516387821285
9843.461881710442,1429.6568545908385,762.5821595432728,122.51719244253016
7334.542770446903,8809.102441731371,1073.430567245041,207.58422039011634
9644.31442513962,6504.76214076386,1287.892753628643,138.64517598910177
2020.2081730310115,8219.967409560159,61.17208502038271,82.98748564588355
3106.1349729904996,5227.539117738276,973.6122036793992,9.65075965082149
6719.19194153118,6997.474433469893,1455.118475229469,268.8524301591006
2943.3242488977953,6286.985402457688,1042.2984422010734,142.07368155807436
2494.6608255553583,4530.121865970117,865.5256001040361,343.2069503257233
6644.701207118293,1965.501991176876,364.5038963258713,74.4268306117682
5578.630773063225,7170.821899067644,173.30623255203662,53.01871503572238
9215.322878582523,3955.750766406361,783.2194785861567,51.941556436571
2508.893043256777,4218.454875499414,904.8048051078151,142.60077945656718
6226.782053936943,5782.395570930025,111.00426419182111,228.9545715309043
4017.7407387855083,3768.4481973025154,897.6495659912772,317.06887953040155
8453.635285766626,6399.801012727037,472.3170514163705,16.78466727460357
3146.268229626158,4627.486532517141,558.5817467767455,39.292806795988355
4710.697491628051,9728.662536954236,409.703492496072,125.87330680057617
2567.9253651772888,5898.463560262293,704.777896207573,166.76156513653024
8903.877813225161,8222.987076917856,467.87895398937025,112.42536068350981
1142.415201045884,6172.148786299192,797.805482506247,155.21038116691182
8924.48663143691,8844.850054509814,1014.6113470153408,201.29625448326414
3370.47995566663,3949.583925942742,889.9511846678081,1.9814776509683916
3929.640634165456,2950.935087943215,1240.9975607696815,270.8305995688144
3521.5838778988523,6257.212012975076,402.33141928565294,314.23271124837845
3956.933256647204,2897.6363553447363,446.6452371631374,265.81154048979954
2735.121619280147,5382.42644162634,397.6582866765088,345.02767820764524
9884.052921303179,6532.612786048519,1284.0910640376628,215.83961523955125
2882.7575211252506,9826.481426707915,1111.450430955127,267.3032258624336
4491.766193730635,9197.33339469741,205.93256857981135,291.72550488414475
7538.165879838829,9747.481646219652,409.29750659513047,222.82823097368177
6036.017241072368,3352.6132473370994,1129.398711031422,207.41628903973523
9639.856028584558,1928.0502744059374,1389.7846141158282,211.98118430529794
5901.59817855671,8301.786879809479,645.2684070054136,226.94770892071222
7463.992889779068,1128.1019187425914,399.2537532691039,242.6542159948485
5744.761007926419,2875.4945664866664,695.3293109206181,78.72639964767055
9274.630241402941,4449.69882200875,316.5601530100724,351.9212741855327
8677.133184152071,2139.0418306426614,1202.8540060518933,177.98251566016947
2405.5225329004898,6322.4650288737985,980.5184730663082,135.7680688167986
8487.562235288602,1128.9370622877732,762.0985983518709,209.96280875024982
3934.0970771782945,4260.229436636262,996.9761688184516,113.53543682941284
7054.972414234856,9101.643894432564,937.2414865839023,58.24488780981891
2962.138536228861,7279.681585519973,94.00387651248053,82.50019915188936
3151.857103456259,5492.9698842137905,83.47575371678325,344.6992848835187
3756.351358926845,1777.138495454161,1471.2867769126199,51.69093661631358
8324.717932110716,8237.820695660863,422.3764094900101,193.9902413146113
4468.712679042672,2668.8044721482465,74.26343609188275,190.40086581800355
3952.8145909869972,1706.030181393428,443.6968691727626,31.891594050509262
6265.3695196613635,8403.921243768686,653.5454404963737,225.56770871307563
7667.9442684260985,4085.0225181988094,1423.8384015961212,292.25478423670023
7469.347444763364,3053.569891946292,424.8575935798489,233.36478833148013
5690.632544017222,4598.288787359639,668.192871260003,354.92361515825917
5250.77851408227,2016.1805433685913,743.5867780515955,69.33794725276069
5244.110320558304,7200.196035988184,384.45759230351,57.49924909097852
6798.931904459718,5167.322540592308,587.2582389824637,200.27225314214826
2311.0490953716508,7771.574749227455,952.2027218937118,67.61608122961714
4224.293038047046,2398.6896793559754,1274.845510597668,353.4760348778621
8435.327413623016,2665.591102236271,1234.5111371525022,320.3149091807793
4829.903090227135,7532.268818510425,443.63334586930046,359.1778333381174
7506.796036962737,5516.483779121327,1380.814225439284,42.40255574011858
8302.91312180533,1238.2422580845778,941.5181966871776,340.91763187101935
3487.035236080978,7125.119873904523,59.923425566855165,341.1678842010899
1844.9185584643935,9957.361173068302,1114.4610662972352,253.74297699550527
1638.4218914262717,8248.518882755372,410.86574867204916,248.640437035365
1307.6532189039322,7584.368197436485,1271.5556697596082,94.08092335200459
3890.695581350604,7072.699645830706,1183.0565988081469,4.984662544500004
1623.7596428081845,1555.4696808885308,820.1907888518375,195.52903829505334
8516.021860970746,2469.4788822240052,275.4652188500567,28.968243399694153
8534.370089118447,9299.076344680872,406.1759168212792,124.77584374007452
5661.125240592796,9874.85870017077,1478.707539849015,325.0337348199041
7961.164203188785,4807.939218382126,1039.9773602138407,26.46861578301371
8116.520097532359,8150.738660414756,71.62327155272077,202.69629499463224
5417.596980134067,2800.3372650119727,124.71737880898513,240.61139014584722
6713.144213326062,4529.741604210297,278.4786694027456,159.63644197966397
6702.557784833563,5521.408522327499,1017.4539137144532,12.3013808321024
9968.544538650915,4006.712525304912,226.69743827023754,98.20570565936764
5036.116550641036,2971.5009651642877,1279.585334062973,78.39015409712033
1875.1033613581317,2567.7297382267693,319.76739752207607,6.232501720623317
7497.562152615134,2800.5305648981857,3.09634217078549,119.90431067124426
9320.736189259465,9525.220420166152,467.370226568368,167.01038875727642
2846.3972058095223,7939.578350950774,461.48202245178163,298.7178013596942
5205.169438886103,7503.550326965156,549.6645505763877,314.2784681907491
1298.4200937248404,6583.310538143328,658.4628455948141,54.62411448054585
9828.705540469458,3696.716782405002,864.1275529080194,230.45779420830925
7288.888914416242,4029.9121628768294,928.0392557798416,316.9679177039253
8492.795053542333,4358.512984442677,1394.2044385729819,8.14231841629353
2204.793183497265,6593.635814977523,1226.224472459296,131.23134360800177
4579.772296122948,5141.532744266471,1425.7992993407893,14.574728768855518
5704.724251983087,1554.9810401723512,379.06271551384947,56.38530115130985
3935.469483376932,2117.0524292638174,1057.4984037221138,249.37146454367843
1495.2753667682105,6028.881927022762,1475.2222150138675,213.59591789079113
6959.539065912761,3278.448190246171,922.9240920270607,88.33260173040063
9237.582093534462,2389.1433391128326,252.55249656766688,357.8156083314298
6349.964455936318,9924.70184614724,830.5905519401196,164.99002841430422
6455.259830540236,3062.6966253962355,1050.8253109162436,279.2595989760315
8371.48713235094,2322.32701778011,880.5817046667516,271.37247241348547
3899.3548778321524,3765.0985380547336,254.19118473092283,297.38020370284033
5713.076689799495,8501.477033975862,306.5600363134328,73.03423939169669
8851.850955342623,1735.0135787870306,1049.8309579226068,29.41434826663059
8016.421569288333,8405.498438272029,1468.7407548899434,142.63057567251943
2700.8999823170525,8736.057988560948,490.5019775540898,337.5868491906525
7409.55733200577,1546.9203377095946,361.7447487875613,50.0037146783297
3865.539487317995,9882.799808805637,850.4680069078927,242.56470791888017
6112.344489557564,1460.9030308070703,392.94290716441014,258.78276336189987
1236.5014955777763,1220.3648313015015,1045.188698321259,253.8207294722816
5650.145247057949,8614.407046803972,339.4828150055712,295.66577902409705
8157.994161034407,5165.118857323953,1141.8999414643586,344.51421425135914
9291.358229473617,4808.708577610152,987.1999906835492,127.3705450889492
9057.035159790026,8854.710645627873,1491.639665719666,4.0179278430897885
2096.877379027611,1176.2342902833723,672.850456383671,292.5717340691348
4761.270831476067,2631.2747122760557,354.81613550686916,156.19645231479768
6464.70035049803,2924.294052027295,828.7315601392163,133.70915664460978
9193.599714406892,7520.491883649072,11.059055576928868,1.3607617149272393
4998.283812911093,2227.953974055618,536.6643329592343,166.23187805831063
6622.945556900518,3346.0282130720384,825.4380348695202,106.24346623825022
3613.468201475986,7488.207560371054,632.3673554483096,26.704602601877845
4161.79837459015,7823.088544686131,103.61367938540573,311.1121915715616
5479.674305542611,1300.065998306407,857.4229756594889,219.62688485955294
7091.628861184192,7151.284655367764,1081.4680237097218,89.41836156417614
1784.446296435795,7778.278471117809,1445.9762389217046,61.74303272262288
9905.742007027306,2000.3361251046997,725.3949655914727,136.86151803809918
7099.356926707979,1853.0866462447593,1491.197404840472,44.7653439059296
8684.4795979054,2089.980600699612,772.225067537597,86.85817338030895
8032.98047395117,4730.184851491838,66.2929391365146,118.45282877642758
7726.625408957607,4397.4124854286365,927.2117549944812,286.80597053400925
9273.49586954121,8481.374715113394,31.15171900482336,10.425331187185202
4849.464853023608,7878.527055372331,269.75658430729004,354.46782310484446
9415.549184748848,2076.073092882298,634.3345942727739,203.0322409225543
1959.0616171993252,6795.570861008677,1386.708100738944,354.6822526586204
8692.88630774763,9781.729765764958,1042.8718252934261,139.68537653430613
9546.10876171769,9484.83975985402,168.8940431647954,48.87325524585674
6086.685044871821,1966.5507244746059,1382.5556881394582,220.20071797990715
7489.00438917189,2745.9137211269326,868.8332764058741,94.60610803905675
4594.350792433315,8256.170697462174,1187.8632263498268,155.07214173541095
8977.232705326016,1527.8503635275824,469.8398484753005,239.57815791876354
4079.2256866720295,6946.321359227959,36.62888498272473,42.75410841906294
4291.78070280565,7566.92097364728,276.26021131116477,199.13257674157262
2228.2107016307773,6099.857354661817,82.70744192122072,101.71349114285995
2423.4207366830906,5617.721472595389,1495.4537602795951,277.35459077735726
1648.7538902428419,2622.3056909098104,585.0812543472974,186.63079183185368
5281.616624398487,6425.145989360431,152.4790398127335,98.60846930367917
4491.087251302775,9151.186080277921,905.3354704250146,313.16779265613224
6245.198886262092,9984.773654701941,680.0445770590023,120.70907252461586
6705.478516555187,3763.127366467251,83.88213098743569,232.53948745579314
3975.8311106555984,3597.794535640968,1362.6788929065726,246.49531954798036
9511.9256976008,7435.008024266344,311.4559930072258,277.91733903571577
9604.357568846988,7659.569500261122,242.2425348411678,283.7781398046479
8377.775598591423,5579.76203571392,540.2139918952765,28.03963130846343
7202.601891191409,6023.464711064405,552.8231267317318,344.9160777497684
4394.226770150958,6739.625860339299,439.8196006184568,172.0835266896559
8570.412548577297,1225.4217398564513,11.095993897391237,115.0775043905544
5156.395227731813,4684.964222787936,1484.1637966761937,239.83063860758637
1210.230622823881,4280.647169181969,1044.1310861927118,336.4511538364346
4970.92712941675,7442.533295462223,512.9153040630742,359.71897694136584
8672.102137022786,8548.078325811763,1366.8101032720078,37.177382411463
4884.040826323763,9644.02360444845,579.8765590519661,252.00793207688963
3943.2431419377876,8226.156166321329,1004.7108952491014,133.29219144366417
1836.268543381419,3593.485794054513,82.50946199797586,20.25183442336016
3747.281520968682,4990.324317023415,495.8304823524225,7.204852601799966
6057.294620845086,7066.977256559561,874.3032626906797,235.5424317007752
5288.704856266481,7721.212397720585,69.5351404942526,246.87613587488423
6635.545529589272,9178.156244015869,908.5528639193079,301.12595406515226
7678.30326887691,3073.8126616328555,808.364806703282,76.21606341910037
9738.374277551633,5540.807482444627,933.0133351008868,292.85206027882646
8346.69924628334,2209.1730173680926,1248.0670438882112,276.56051095607666
2237.35605856255,6044.8115107136555,1139.558393182193,189.76659217284845
4173.5798317473,7561.913120316877,840.6232244948409,24.759336643542536
6879.201914385099,7411.747233652297,1372.4626086567134,27.595446738403286
7097.41368815531,8859.542058729883,772.7583123718373,16.05041659162943
5517.354746953013,5596.028942722244,28.707557906138053,135.94981549756437
5161.899528543236,9339.289511713308,347.82812058983836,65.26995900526539
4500.860473603958,3921.618009975285,304.5697381517603,7.387853418656667
9197.2701304153,3470.7081322465683,158.62097667944474,193.3646243207771
9400.061767207646,6825.98791546258,892.5559310111859,185.37914733219876
3113.5450312860235,6004.375656342891,1496.2674818408902,30.785570029535332
3422.9684249657494,7262.387613175475,909.2212348625175,178.39938320787638
6997.32438484175,8361.927936468444,414.43684449286735,70.85195419754612
1876.5370936185777,3687.095925138442,1378.0375447950169,38.8317594530469
4519.814039204481,4104.528215028408,552.2933950370802,114.95759374034053
1259.77202741915,2790.9649058345185,846.2503189113369,280.54627451849893
1132.1310832031406,8313.78616176151,685.3157541303905,42.420875399439915
6751.635700723133,9993.470874772891,1420.2344871390803,65.67322242199009
1560.839177106631,3684.651829547333,412.7447604721713,48.749459891998924
1170.761909189013,4247.768063071348,1053.6027818683956,299.0740705132861
8750.656000244446,3848.0243357877184,417.5221931052104,334.25095407299455
8631.994765446529,8015.948608940809,1037.9219451653535,153.77172364758394
6356.264876352876,1953.031832833405,662.6333473002911,264.62489157767374
4451.97838916579,9826.347710950122,665.6112567596045,42.4889138575165
6895.278282964718,2556.519218378143,659.5631222618896,304.91737393778
6118.243487420285,3339.192154879597,215.1138827779664,244.15341717988647
8903.16734869919,3008.230322868324,324.731706942473,247.26652880261437
7737.181120779654,5398.299623581114,374.1249389514521,283.1750936413075
9018.017774885997,9124.559456289331,1180.8351166705731,225.61036056217668
2558.8992722086923,5099.466067671139,333.41951333457735,98.95912751161706
2713.443347301237,3309.40761387632,296.99863081658486,238.58569187829474
8288.60236137273,1444.6470956115202,1196.3243644746467,93.63300077541443
9134.388942323068,4275.460356972585,99.80246430568145,80.58773622314015
3730.462697353807,3336.6671043354713,60.500506674155766,359.6686783269125
5375.584091182782,1706.5868697229519,1290.4989800703709,310.230004473426
9421.575437076885,5049.824868355415,852.8000731461644,106.9475885406074
3934.7567403864273,9525.816583822143,689.1634249072172,176.2497642916981
5595.656241614849,7947.446838435698,802.6042861875524,65.31288888281294
7796.8681414757775,9019.428261674242,1137.8841245354524,46.39858220889487
1812.0279843006083,5557.344988010525,1215.6703195875011,219.89905913932728
5929.634917624242,7173.499738841783,589.4877643269605,96.16810391356788
7262.653548032929,6364.508547105203,938.895582168553,209.4653943722971
2822.3013172145043,7708.4856708469,1119.4395614508442,249.4388765178265
4339.895832846852,3946.319722977604,967.0669529674722,269.9194535355055
5501.3363711823,5431.167302655162,20.58060327545972,21.010795406813422
2707.596531885617,9394.907348235925,291.555176560548,206.49331493895212
2762.685351956089,1955.8315693625711,174.10086337638077,1.0958529270246171
2826.2038107266585,6376.397944247358,836.0267747959523,74.44114979728278
1777.2636534154126,3955.3329618596977,1305.5469140375521,276.8466009180044
4237.9420639696655,5459.744809956387,51.0377301738013,328.05989925437325
8697.32892629244,1674.257244087582,1284.213541453131,221.2816571321384
8129.124192084364,6251.505848353009,286.66443742476054,133.83824170758118
5196.173759579693,6582.932502207617,255.2921741200799,112.49752967099933
7897.305242516043,9904.990969526418,1448.7507420620889,90.68749035775848
4411.937983151605,8598.783337201607,955.7730616823427,232.93065304271386
9428.388163994896,2759.060208847215,1150.2932372159878,124.46005269504488
2250.9709861663296,3815.070261045557,297.7997054738858,355.5796717009257
6447.290879084879,5658.133906461756,903.624298713292,120.78198239550736
3467.1544300636424,9924.533383810616,466.72714283460147,181.7864167810425
2220.9471843277784,5441.6539137466425,524.9722162078233,274.85879686278946
3452.5435075085725,4811.395395140452,657.6826139125492,113.01740326274586
7439.9280924598215,5508.625847678009,1259.1443743450393,343.2874525078948
3286.280147209258,3531.3109405194864,510.0997684328291,132.02298232116453
8823.131623980393,2733.22785198978,895.9411870394464,12.10442879892351
6841.941457913347,6430.652107028959,655.206403440787,203.05662824762283
5790.524274254795,7995.054675554396,271.6564591939761,193.30676305863105
5621.730999534764,6428.699584951121,46.45913831979824,126.95416937902377
2148.604693390423,3546.3492852478644,194.2326864663489,103.41061935665793
6874.400909632919,5090.984447375269,1282.6272031467988,205.9131479324828
1827.3455965001185,3963.6047744135567,690.3270611525733,67.3614051517679
9954.123487770199,2205.5543475847803,1179.4388226995177,287.61110788988674
8381.38537035002,5234.6112315399205,928.5218012224003,57.635378868206615
6275.620007858738,2521.637114349625,433.86799983236364,34.35946957994387
3462.650556132063,4742.802649938003,239.72291386381602,202.30928669991005
3739.4348192246243,9220.278600210191,695.177625183882,50.2913935568609
8700.774748853564,3492.3242470617006,147.32169475244334,323.09458925408103
2092.331957108771,2633.8775302448776,616.7446876087387,35.928636670573624
7000.17728823228,6702.317031671778,501.53519770282867,344.0313499420519
3247.239851208896,1687.1117421400427,538.3796687451143,137.36769742580287
6021.236025724357,3141.906462010533,235.37308447178583,75.91221090361392
1536.9579426118512,5967.307131868053,129.64031576229533,155.5282661816847
9719.240441348573,5337.543326846735,468.45822426106287,277.0421957444024
4694.480602384271,8077.372965343392,976.6407272078274,276.48894973920534
9010.663052635904,6147.29001836581,961.5371406337625,200.07877771022066
6525.417035613426,2878.132603129134,313.95474959927105,18.73332451080557
6702.450643157825,3922.7376755463565,39.03854184790558,222.149293144891
5728.278816218409,5511.656706600026,1356.406076647284,63.39103608336793
5741.06286262251,9236.799456968034,189.55703787132478,148.89660695512057
3603.89051260531,2525.8854109851336,1428.8961967218056,236.24032615756315
6146.72266141011,7391.199850358703,447.4141647116984,254.79436841119502
6388.949567870405,2338.1637877827834,853.7204611569013,230.9845989683359
6039.777286628617,7416.520425987193,392.59484079753025,198.14059316800902
8840.815735185217,9454.149939701842,1280.1906775578648,254.78972790554636
4034.1184435306996,6425.327802487384,1101.3793012042397,137.68400446148434
3949.7450681525534,7490.121128450769,474.95208267256515,145.36233977669343
2283.68720893087,7506.660930363348,552.4654965692428,111.48173349973592
5386.133780339616,4407.0046720446335,1002.8537557010158,50.13199081039597
1809.002512465242,9657.026071859693,526.7814937004653,10.278890613273115
6043.642446829997,6992.177259782504,1397.5980096825251,212.79193491180152
4557.587207983635,3232.650261205103,831.5857417142985,124.90775065179808
7947.973767372653,5506.060869724812,883.4728954318836,289.88081507740276
8014.677373306604,1308.5190180224256,1335.3239041357672,53.10246134212316
4571.1055061276,9198.214284372541,1227.0631061083527,337.9063240705917
5499.993409785249,8036.771801142352,832.1090840973517,207.3944278914236
3464.898427261699,4553.728254658053,1493.0297601143682,117.4149478395692
1965.8522002165084,5510.111402981463,1191.3656955572085,28.28903047969016
5134.446745391747,4516.172138109518,582.9439777346819,160.44172811452893
9890.64861472992,6950.041555574963,304.6752793964171,59.99447175381131
6886.6395423519625,6574.975929006871,951.8796647586995,176.646919002843
9193.34386133905,9632.86282440957,599.3417994876208,103.8676852159598
5164.765908889691,9343.407018112739,272.16574984884477,121.11045858267114
6341.51435662128,2608.09983799149,660.247020938813,26.98235613055142
3411.2362778330016,2469.3360638615413,134.71164958407542,14.026892377898093
4863.047549155512,7750.930241635124,60.02591162609469,58.03193151206695
2686.0989716423974,6621.140312655728,755.6078495468194,136.44870043638534
9427.710789644174,3138.910001983525,173.37356723550258,69.82923101014536
5030.614328218933,2800.5909136275986,870.6436830132913,260.92938402032223
5993.578306887151,4998.780818621368,1315.9803012448838,314.0084928632651
8243.769741282056,1220.0421368830355,688.5527893035211,315.91681104987936
2812.002871635618,7135.663252800295,911.7511587281024,46.313215867991
6877.003425087776,4212.701393791558,1393.71416954424,355.1321745745863
4567.115609522779,3673.8338046504814,860.9712506248624,290.32090877603054
5905.987400202173,2829.4983278389236,1279.7588283900154,162.6546934558754
9925.184768658055,7941.794043328455,1373.2381987232334,312.94837365714534
2757.201353205301,4377.909129489015,1222.5329110629639,199.8777680502053
8422.660516643045,2566.0883662830183,349.93280357883407,269.88199450588974
9304.378118654282,4983.86126232483,84.48214062375683,185.9362321040685
2722.1622928298443,7322.098974472616,642.3909581703267,277.9970110041857
5235.129952680445,6709.625963341411,1330.4638755087483,79.08633439634005
4010.2542545956967,3161.0188086515027,1468.3196231530294,227.3693279202126
2597.4984244031393,9577.567642789223,1038.4615008113935,85.6126363433255
7201.4983048781905,7312.857926261337,1103.960178773247,288.23704382041853
2104.977546254425,6594.808169681443,1244.4277446220678,262.33807868666224
4026.7317901023544,3816.56027345946,634.454097405478,135.29304198460466
3294.243046484548,5787.352134655131,861.1368169633513,103.16979512416307
2347.0310043699023,4914.86600591551,723.6124642112791,299.9229802295676
3353.047733898705,5542.0145935890805,345.8295649326676,297.9580289116304
4441.300357189359,4074.2711707563976,86.4271257764038,137.29567975359498
2778.0407125253178,5339.978287989332,461.56274698968855,196.50091307482867
2941.663228496107,2039.5002127956832,1013.4391084162685,293.8696222664745
5860.030344237576,4382.354283111681,716.0907775507137,50.045100861314474
5373.987013476174,1718.2768098596634,165.63371992622515,118.22974397771904
7826.237725449588,8456.705838667149,573.0878281254166,339.2673824972053
7433.90260485569,6309.635552870034,868.3420703064222,89.9333369468849
4090.9521833657636,5961.3358600909205,1338.6451534112518,194.6964001196949
5212.627779783141,5061.559309852696,1419.1162152690722,180.60617252311016
8812.809816465757,3467.447613470807,785.5010472481544,127.17037077900888
5485.0930032411425,4275.326534260239,237.54629635876566,357.1276626992873
6431.0225690026045,5091.354754684044,1353.94030494905,345.2247057284249
3480.756338021885,7300.298375124986,1027.4971769579379,351.88797953922517
5921.488285515092,4165.408047439414,1124.5120979194874,324.01580761052065
9730.646195438316,3490.5311864798377,35.07289557162009,52.06833502239642
1118.006746650186,8648.883218304694,677.7920600104446,56.67050784146983
3693.1376471439316,6910.971673561518,1145.1480503985495,303.1872826622849
5738.384635240623,7811.613918658604,748.0317880399649,164.20999789733057
7739.552495333664,1158.6433310708208,1325.8363669613404,232.8484292002571
1974.8552790506133,1553.6086988694055,406.3918699437628,128.3687003616556
4450.1102281149615,5581.154164913972,1052.3124052475957,116.1925432623473
3626.7068770909814,6080.640039810015,20.07926260449626,117.19859676418328
2781.197500490728,1237.0226856357226,773.732411378481,133.55215473790636
5333.426528167765,9331.733563905662,25.961756066591548,77.89808799771176
2537.7242537513275,6868.338952176052,1413.7972291159656,130.30501980243142
3119.162127662123,5196.905141136391,720.1282318982063,64.0238815614862
6629.256335017489,4750.084023285783,789.2167144178142,21.41371788490772
6718.251976835682,9088.22095029043,562.431283575987,77.10957971426286
7223.3254625362715,4119.794570384287,293.8257524012591,313.4960637172214
4446.250373737546,5996.798469999096,1435.6619894723995,76.59542712829465
9048.51020266486,5868.795526732659,1153.6337847996601,78.78393076080866
4836.175695569385,2025.282648954842,706.7644929718898,54.311166758997715
3689.641157946399,3518.187217638609,1297.9082773356054,216.38048545501013
1480.8820702819653,7847.448700190491,18.056125789222463,140.3645593223918
4834.0557534168165,1449.7052503444309,900.1695619604874,26.526051652603876
8401.142596520518,5830.500406265868,1311.1464742927678,224.98216652432487
5977.140773579184,7465.488108674191,1417.8344015286193,210.91406197847684
5955.546476824267,7827.690858378925,406.5386780234789,53.49178936564931
3371.3122808884236,2158.987697994356,1310.3928258457588,200.85519529478094
6814.005032009118,7817.356645734745,1247.2787450302085,354.01286423783813
2831.3447962370237,2140.56396270678,1444.5506279923707,284.0695987297324
9155.095414417621,7056.063804616996,602.0302012675188,276.2954891871901
5930.0753794268485,9522.08444272429,431.90653281067574,318.68426527770845
5334.988810454652,3570.8068412152033,1089.2946120859986,234.40248603467097
5100.324615692871,3846.124524059936,980.1843415122948,112.21900149426823
7122.719897876623,6280.0079811868145,601.4275520187708,49.89659501100323
8546.709247274812,4696.44723278263,353.52147604022133,177.91803508205342
5016.253929762373,6200.806735002239,1288.0075177348097,304.5123830914001
7713.377786694885,1809.172100523886,1046.205759201263,307.78749861414263
3298.3040111706528,2972.0257122333624,772.5692099969035,223.54839577395438
2904.667060389207,9513.368901701482,651.0585402827409,203.2229603925554
9219.48896134603,5495.189131786707,694.7936793844401,301.88315199040096
2511.4380081628133,1902.494766449272,414.6291231252294,151.93540804798602
2714.684210537808,4291.744182172935,273.5622591819537,203.66409255815034
6661.875988214849,8647.275440701656,985.3682130398047,93.91942573657498
6592.129032632428,6527.749230382758,331.03480939988077,189.33471973539113
7359.998345458844,1251.1204322530684,446.4293115117183,252.23201499588393
9749.603760235135,9221.552544742946,52.0952265145061,266.8145952548284
5201.66724914082,7844.981552065632,1384.170008921338,82.07865205006104
1570.5770081825433,5657.746518328448,31.263957021833107,295.3655246242165
9309.971089187224,7504.547552770616,1340.2332187585648,60.65718632034957
8241.019217664369,5916.9414605168295,1143.6105970125902,343.9003387312236
1879.061796590019,2266.453179084623,223.6021883366003,89.1112150800661
8709.066546365593,6263.327825903987,557.743193569481,66.04601772593658
4514.177517062945,1721.0623633247105,861.465407879928,111.97572519419064
1387.2367085781852,3423.2578422444767,98.49599320365448,296.4583772349147
4037.2135772238653,4251.663412279655,1287.9302277658717,69.98103388703653
1549.926602311133,4646.6118622900285,1271.9818802910972,141.78753084422024
6491.343798673871,7248.0324136147865,868.8958412035064,52.74863699885613
8202.494906004002,2904.5248892687787,257.1967728471272,344.6241028488422
2548.9388893783535,3389.756244517973,738.9022226934708,330.1152565052625
7321.990173862741,8423.942252182036,100.83571345695543,356.5953869513636
8204.858276265251,9749.543430783908,397.8027099282597,178.48381570282623
7924.487595670063,8202.274288728662,476.10389428790637,112.56103719772922
5869.602683980337,5535.129179750179,953.3446513423387,117.61503534090362
8342.720736461324,3162.205735873348,811.417582188148,267.94574047175075
7943.25873752597,8592.511717086338,221.98302208494465,119.09264434993219
6777.222965152459,8755.196832616151,1310.0763691148106,315.94796038197427
1715.7243687060209,6567.499428257375,78.93963865351141,68.87685892960533
7534.900215424912,8935.405470893496,153.84275998743476,78.09442687535278
7381.913292815761,6919.530801125291,77.84945040647173,234.35834250703297
3080.216772557843,8440.323109657635,64.86601095211117,182.85089495517448
6314.287580838379,5967.399841059643,870.5785475269815,72.68168560105984
5326.148010093922,7632.874228861432,483.1701619151915,169.94924378298012
2752.2209030822687,2660.016685837751,209.7494999956841,34.368155236700915
5290.917856485351,3519.5594869982942,1054.2678678750885,63.975912043661715
3775.5787027059405,9761.558098347137,695.3126143553931,153.08670267884614
5413.341393519955,9952.599647523835,1130.5929195065387,330.6309284777235
7168.515769759233,2353.0400924246965,937.0027669387854,194.6463510129093
2563.6976309656584,4914.1588911542585,1036.8648106449102,351.7997656971127
3667.7595148341484,2213.7900732238295,350.82915439568586,347.7315578309229
9191.238256624129,4886.419937492316,67.91363863176686,262.0283169032502
3378.371935196723,4737.047471487855,1282.0833677478536,96.92599933915442
1325.7932103687301,7347.6571183508295,726.4409326218126,70.79731963145282
3679.9506989208153,9534.065049561197,200.20039452520012,53.805379793714295
2257.8114540324987,5409.071124841706,737.9769225836667,247.20438714712878
6637.965856947812,4432.386252900697,1062.5590129230982,315.525341951282
8100.173842407525,1907.420166467874,1083.9086373129712,326.69469352539403
3398.0562046444566,6933.922404313169,1323.6534497302837,265.6780996104543
6870.2280013557,1153.3411119265475,1332.609381579834,283.98074582603493
8233.69385726762,5646.406670238861,365.20960037229287,142.76859243290207
3946.683566590249,3574.363729633504,1469.0110234266963,286.0118830920889
7645.592870895258,6007.364267049957,902.4420254884513,173.95515941686557
4700.104525439554,9455.066417717171,381.78402820733226,270.4768952046037
1314.846022681494,8857.939388678195,704.0315887359709,177.43968487549486
6118.9381796163,6651.341781429811,1135.6118539055822,180.83079519980177
5949.433950345356,7226.932966614996,471.62644935429296,256.65478662067676
8462.063249248677,5940.358287209434,784.3475070680125,189.41767934242577
8152.530907651027,4581.971918286892,776.4536930710922,80.8754127221012
6542.790134848913,4502.682612295897,623.924848708742,66.19821083386373
8125.716867961598,9880.842164250465,831.5813055566118,318.8012097996441
8312.995413397319,9240.22629899058,452.8898779170725,165.2653923328321
3611.446778415517,6458.635610068093,935.5976344031351,144.10441949891162
6479.826219603538,5765.322920023951,1027.6633243210847,50.5732893822021
9583.130375660812,5491.08141328018,361.3742431151125,264.1391879193628
6710.3673293022675,8936.067074486122,956.5390437553589,304.3030140155382
6997.724696054987,9888.119664350286,580.9783072961162,252.09554012110084
8114.212221275712,6712.571199147321,944.0200983360868,259.16130349540646
5932.7316078118765,8399.207386278878,113.42186164245678,197.39412915066944
4225.5371866838,2905.564049353019,119.92408220361435,151.9781669970511
9919.483924303331,8828.283962129888,144.49305293197588,136.62204208277151
3571.659655844539,1327.1649616665527,738.9883008858222,202.1804106839096
4141.2781112356315,4666.723554915254,115.11349829603742,350.6547747135073
1431.6328164875251,7625.117583842181,1158.172656389469,174.3679998228944
9095.911058845923,2273.0816334776346,750.2896278748636,302.9333587211047
1630.038487408018,9140.243417502088,600.6025348015038,114.85587300011379
1833.8315134037339,6268.654786804087,1041.6307629217663,61.348718570729176
7323.782304284598,6477.476736079885,361.1791110743938,255.19540128693615
1538.7050181113598,3551.142963873461,345.68666529403015,81.77529725222347
2239.9371438142966,1749.040700814894,784.4492447382535,95.96889509719291
9667.278103902865,6976.626222115238,477.70647878031673,242.70745224292256
1576.1465298914015,3610.4514368615883,864.9350533681665,161.66451706513985
9693.926220346182,9015.09692367935,1057.4741133495365,70.57564193303317
4397.77106475514,9371.737267888873,995.3505680843366,144.64820274764494
3437.164047424422,1109.8034320578583,584.4197447927453,210.70549816735257
8090.067747401228,9444.293920703663,521.323402118734,140.89131697339528
6347.301638279179,4034.618236835923,1213.8647047640256,230.23517139516701
9924.77888342778,6352.796117993092,1023.4853440696992,74.06425036788457
1649.859352226863,8558.930257626082,464.03918561096066,93.12766135239514
3723.2287544499604,8799.419360995102,980.6272571962766,295.2386151034728
1510.4355130814736,2946.0334756876855,935.0398837896026,45.43830324468213
6661.592926522298,3120.5602947179386,150.78437251658045,238.14801631397185
6017.903352202079,6833.818110795269,613.5665624227792,264.6490375294946
4899.904245246018,3983.5488337648912,500.43994795354075,184.3388884620227
1443.9700337239349,4096.26919499492,779.1594513067064,323.191233292112
2746.4504305655537,2373.2399216202357,1360.9798106887022,6.757022008628912
2436.7328609564747,6794.15556366837,1026.7402038071548,277.19837697702235
1364.1660533505503,7188.780266264643,532.8060317126244,336.3444327304728
4879.59710708244,1489.9615823092138,1140.1051774956272,141.41080613125368
6493.738380058173,2863.723778363944,88.26531549886747,250.1603689765097
3422.550701687191,7979.1533933029295,302.3176051498949,219.60881726352557
8679.756366544514,4113.672342864473,730.8135754308803,181.11150800404846
5998.07330789829,3405.6890109868837,843.2857102773473,15.496883245041602
1225.9927649555318,1250.9228518392529,1307.6991757718388,48.34783610848748
6799.042356466006,7912.308553227789,1294.5317169497393,1.7173805054361782
9980.947892938624,5156.666170052191,896.2968419738256,22.474162746693878
5838.779940681716,8216.78451351115,331.86959928190595,1.2166471225719824
5293.244015923714,8728.14396318102,378.449918255731,229.78849638729986
2299.8500849801544,4568.428196333505,697.6560684463423,358.5351715251212
3979.6390853085823,9948.626778077381,1466.9951494699917,84.46331849444881
7010.398357190696,5579.447099443575,419.2861992041025,353.16287896699123
5525.7107188760165,3087.1303394754386,338.68148163194803,182.59623132470466
8540.38800042092,8670.132225068857,856.8097585718355,46.182448118150646
1427.4043513527406,5332.503655345055,7.866971013253733,344.41925901517067
2502.8737458230235,3085.496196351786,170.96140866825903,225.00772531262032
2651.5012432791773,7973.970458653696,860.365424119313,119.26305370985344
3211.734042918133,6026.310489921945,32.57389695228149,268.8431590468185
1368.9848018218806,8628.182032799092,740.2160395491182,164.10101189179068
4358.535767603318,2451.062855387284,759.0850388730272,351.0311473166026
2348.840007957221,3099.0730628764313,94.13780336421934,195.4651889975474
2817.1298795476914,7861.438484588442,1402.8394449254117,352.7475306283369
1666.3508225803084,6422.053262964697,856.7500044659041,109.93474085424575
1747.610073182379,5161.004537368078,89.3127264550261,68.2292237462284
6695.111248944364,2418.8765196028953,1251.6365894524506,341.4229380695242
1179.2449571783056,4095.692034491,127.26361992601225,197.3606982790049
1437.7507729766057,4880.957853077111,237.30125154073113,179.32898566784857
6992.631861941659,6121.435708385151,1209.5231133013951,148.45924945381654
4799.969968397859,7325.355544164109,1229.6189033715052,208.9474742340347
8866.161196153611,1368.6309462478791,166.3646678868378,260.3293172165892
6694.239861942214,2079.530034834568,1123.4001772574268,16.072593076299775
5526.956695199727,4848.78135040144,29.702693660890745,198.25288128952323
4142.469622626815,6466.645835236059,255.7055430794457,268.4791859459327
5783.893621172558,9992.097824602515,1293.8437872316708,260.00550344972845
7303.1521963288915,2466.898520599954,105.73054602297205,326.6199980203017
4874.270062852689,5939.216691688241,1029.034484034438,120.30536957839404
8335.202335111768,8402.017829254413,1188.1720049443097,154.69085773981067
5647.44530761358,4173.279755721713,419.7335001065151,86.49290512328396
3066.503273142387,8490.62774395518,1361.2572807436181,280.9978539437488
4726.458673154015,8234.053827486827,319.81899523380423,171.23438002147589
1797.2746576412706,3950.931586488574,1480.9611831775196,244.42410846591022
7621.117874182901,6336.539927928906,39.9955211580246,209.3602859339255
3693.846590216313,6688.394843252655,1413.2521028423992,318.36447716947856
8609.512841484295,5446.604976053226,24.33514194494079,34.237856050623165
9572.687541142066,8417.388498122637,205.41837758757111,104.90172454333367
6327.414312416602,6589.910343623892,1189.5275119831122,356.05806093217865
8217.473320463785,1142.2154554055837,825.5466597982463,296.21264160699434
1589.249030321673,9118.366679053514,897.1383847403223,227.75640496670286
4115.34859148569,5295.677185739191,546.2511935222474,101.92927445134163
2723.477291211373,4914.486208796088,623.0930117353402,293.5047788948502
8141.580715861439,7824.438115787922,897.7777199064818,106.46614473816828
2024.304849399297,4781.383743907054,142.55460663560072,99.9859902802317
9530.866712317478,9312.325997921338,882.6341630257036,248.76532162640962
4568.471286497619,3985.4856562127597,1012.4743215084172,90.69041270137834
6696.148314823648,4673.287568501182,1436.1728222431072,28.91878211647183
9145.730356668744,4970.474425109705,579.9501119757655,96.45986886723419
7065.677019412167,4526.9672086031505,1122.6880095214121,202.33768442207034
9817.655383122601,8331.16701180119,1313.0919359355137,204.1152256907186
5798.004401732408,6062.693549287339,1493.8243116583678,7.453906462118351
3435.3900380640275,9618.874506094498,422.854074579582,254.68335507154774
8038.290014039262,7004.138583807031,940.1746826473881,178.08997136574774
7016.960901184847,9813.189584572712,628.0868232606977,321.38543801855616
4313.478696066215,3823.767726788021,953.7637164881249,190.12209009339995
3440.8017771450395,9288.603887474575,282.6236138808794,200.4766263558359
8534.423310618888,5334.786939850735,1323.1039427511882,353.08167202612907
3668.875357616942,4347.476501204201,566.4727196473822,309.1873831601228
6860.591275676708,5106.284592022617,1358.668314033592,1.4981229741855313
5118.643246153129,6877.315350636785,1270.8411004625232,337.86639006992056
6499.003255494041,7335.747681277685,397.4423925961384,5.081465015770172
5369.035439932996,2430.459946883989,1366.2910173419582,308.4781802522909
2910.858376677551,8881.579422623217,1244.0917944853536,269.3971252808021
9827.549431554078,1185.6226689712453,888.9248694607871,265.13748391059175
8152.579177524927,4144.79299888561,579.9823139795609,97.70185918911372
6050.362012100377,4771.099295058092,786.7569288826958,342.51143476952836
8902.083410731888,4840.9753593009555,491.18704931745856,53.34740408529475
5238.760599998579,3594.948608525776,228.5966220040391,231.00375078131907
3409.53214651725,8147.977276784301,88.98814515107976,55.78072327783246
9201.547587365285,3771.7131096298326,1485.6841532545457,148.14813788616013
2507.5940968575997,5898.211075066724,1170.43160312587,27.700866040437884
3884.115163752367,3037.466133206708,359.2128921062928,135.8204862255755
9254.270006672865,9107.603248773157,1389.2454166733467,281.84361873390986
3663.460779625567,7316.006643011394,1102.74351612176,19.405539638292527
9255.980647406312,5578.026767545704,317.02971698137173,104.80174032048708
3599.319352507704,8226.723377439186,1178.8092196333128,151.75721346833916
6270.975159399421,9833.503707708294,514.3630847711444,212.94330634771265
8282.09009279727,4021.8612317538614,147.7699388350808,96.8896840340821
5536.586785716659,3761.04953317644,89.70158712986239,66.72361519977126
3957.511056525658,7836.104122589454,6.659578731886284,94.44724895197092
4693.85794309087,3545.3272368522903,1046.0331351146856,7.052523941443865
8664.26348078492,9593.720385122151,1235.694232179142,234.81956191757524
5684.901848391508,9243.258151164031,485.5574119187864,265.35722779736335
6517.985944493018,8343.980229106934,82.8637914596089,288.1291893133217
9644.598094596824,8158.348925704624,1165.035464793807,217.06719168658273
9970.154070190258,3379.314895483182,140.29158800645115,49.890526397915195
3759.3301831991093,4504.857285048118,1289.2212493283444,256.72598472341565
3629.61855434738,7337.333854719992,975.7809779553247,181.70174561863945
2489.931289391125,1737.9108117940218,433.5486229605351,168.0729798270799
9086.169645754588,1315.3495824326953,1496.9116051101958,96.99219603921732
3398.100384398642,2235.5735120455242,1046.7625805209168,118.58472321589512
1735.8198655527208,3520.2696557405484,1030.535911361758,62.683291963524475
9648.775310943598,9648.18945496986,842.1642752453058,43.614554530260065
1282.1407405562966,5141.715710379231,1088.9554718598233,185.771305777525
7493.5279618911245,6397.856867669925,1288.3220422565723,21.609241645326094
6740.582225541941,4949.406521723948,865.8583789247281,112.34162670795119
4953.838278439247,3410.7022222210444,992.452477976755,148.97793055213998
9233.864617618754,8251.086493144903,867.8332536952628,47.31376557232021
7116.773489869599,9382.305837543252,77.4371504025919,97.28104501644505
4493.924102481536,1782.5793119105977,1467.835985315698,78.52148250955912
6922.1641171785595,9192.090557103547,265.0946301763944,89.81810009027933
8050.41213562206,5656.056738396325,1371.2173842799089,66.20267210940565
2425.4085016606596,8736.45030177656,1471.6488843690458,245.13371492757383
7142.30702946985,2019.2131235572685,306.52327253722257,124.24082892957978
1489.2882859131282,2161.1324533678408,893.5730784190383,174.43882632890268
6642.100551362148,4351.617810321006,849.6634045439436,16.191522978650568
4143.2994570519695,6733.115591127654,1333.5587643543881,268.913304570686
4740.97229558279,1893.3970738230375,661.6236873251097,163.2733471983618
1465.4016445682057,8536.923180937389,1178.770123350696,45.69612636851831
6584.979905137676,2713.2179908888393,411.39674253324796,62.837924031485485
4070.8178942511167,4302.848130199383,808.3070169371033,226.32712514738625
2538.653025938382,3315.9986225950797,359.9144136978945,55.20003366605134
1707.0453659955053,3542.5626898872647,1470.509811448359,203.58400576613928
5985.248235645882,5928.548510651609,1170.8954920936253,57.96245148439674
8226.133171521411,4794.7813579421,315.06020051894143,340.2096270606926
8733.294709680402,6938.331017710911,720.8616445842076,346.006114501881
8108.300962234501,7467.7936256132225,368.4251747474653,182.06396357272652
8149.845956003092,3376.3300339462703,239.81345400852405,41.33181860234118
3316.9151237782376,4688.101780618837,917.3621528016737,199.92472884150234
6221.881189810735,6825.580714287487,1196.594133642316,16.573353220751077
8179.60625449304,7374.761441505364,1228.970152370836,36.44621920392945
1546.4381004928869,2765.878131570004,975.3372905080381,195.07481064750493
6465.69578887197,7790.627956862228,447.8129116224988,124.7858897878719
2680.294827001293,3807.67815102952,1032.9013262029123,320.8706654271814
6057.905084365794,8099.728657661764,1495.798654400691,180.726857682009
4590.042636785,7688.666132820504,896.4228440267273,266.94324180355125
9190.454234044793,2490.1545236913935,1105.535409838586,306.55993172980766
4775.015411204615,6443.948758167222,106.01122459752156,133.59028726414923
2942.9817657743033,2982.8997056002345,225.11147478807877,311.26389257327423
4069.9407172751216,7629.475690048558,1182.5492980467461,306.989733284064
1534.5662827209014,8658.290679623573,413.3433051265082,348.13923592035496
1432.0997731578245,5096.188542776237,238.67596154496127,184.83834289655977
1822.6375387332532,7207.782979015226,303.4092608510921,168.40009721273154
7404.107740364406,2554.5821154320315,1445.1255373771342,53.70763727336458
6279.149920814971,5806.0094864943885,58.727766646126256,264.0182305703222
1189.7273005785105,6982.895283074334,698.8211500852714,38.91178455102384
4370.800984131197,7552.032430863928,1012.4218537673221,40.02849152675978
4964.107945088153,5234.305058263121,309.0543197672493,315.99521233778165
3098.5107079210093,4277.963755725002,32.67878575280547,179.46739653653438
7566.45707006245,3264.6651771438565,683.7982423145573,135.69498691754018
3758.0605257486286,6335.6447265894785,621.4712249085413,190.52169277386557
2208.9845252713803,6110.723423258845,773.9338503305606,200.5387642350116
9598.299452407731,6680.503226311209,1188.317735152701,74.84925858048643
4314.151708076755,7709.618471159622,723.3728899749675,355.8386484965353
7818.936808392756,5353.788877800586,1471.220413652296,166.59458647279783
6451.5627155370275,7084.737361379805,226.32190215792133,190.31553070185467
7232.045470826334,6724.7339192977515,1015.1783780802429,171.06245516642144
9168.395603401303,1766.3634123457186,825.0883510822425,226.15298667825454
3418.7624106230137,9815.4734934367,845.5076798304192,301.99238059985663
6984.262293337567,6537.1482851577175,28.503060614518546,292.13665293978
4509.179494650792,8536.336526861638,968.2015909065623,259.5161570466055
2096.481641466142,3148.831590128284,412.1081652918053,197.38709038161304
5913.758523836831,8239.490645322385,1284.4890171021982,300.6333964598565
5847.857672707607,2475.8904151653505,156.63749521744757,314.04242482000365
3844.5809097568103,6514.900898435103,388.1527906923012,192.9076468462368
9451.401302854776,5817.380267899608,1218.2046174436227,297.7154223237456
6017.812823379389,8994.41358515312,78.93469749935697,211.52338546139669
5440.078269639555,9868.26562054927,996.0298708975728,273.13946584544146
9058.956403676515,2357.5605200880154,1019.1206343274293,250.12966307902556
2582.1181207726727,3154.588422459294,989.9411547367633,36.37611242581864
2303.9731798157013,6019.465515285236,61.704514208043456,30.03065510445364
7737.932073989706,3195.6200375580406,287.78449943710046,305.05301245664174
3113.987061854573,6581.483083386393,431.3040345913332,104.91938707187435
5611.655755646013,5520.856463258641,1220.9979663806369,78.5757880074152
1242.718251034035,4278.565602428851,1147.2567641810213,346.04218339977825
8519.216368558376,4584.1375081468805,1414.9984117591346,243.14448933142305
2887.2718003976465,2702.8995828030384,491.49471930687474,236.28026670112138
9984.262709883114,5895.086226478914,756.0139910502846,205.72219069723417
4349.402860330418,2679.767430017355,837.9847676688242,14.721327899080196
7744.9270575115415,9964.432589226302,1007.2317966522883,260.0236200456837
9576.763549951964,8347.079359068546,1278.2421813628637,181.84154195881564
4639.583939348885,7033.6795453769855,1481.701914223983,305.0195085848737
1519.6552969935806,8783.290260710623,244.20818088166686,22.267359798685494
9774.996353930068,2874.0591298682684,839.5100929379362,49.516672941743096
3508.0140988470716,5867.411892619629,1136.1096522947175,70.87893621716162
7369.703542396439,2300.591930664639,217.8731781189453,239.33205519253852
5884.6440019432575,7800.991847203267,1359.2407852441775,139.39416672259665
6109.089644531611,4979.4684429692625,292.394770119472,337.7729364771754
2913.7759437444583,6223.820172812011,301.14102659795935,141.75736154082603
2298.5155993890157,2135.9580371520246,663.2493158418097,122.63942387374807
9122.916603319249,5901.351306115234,1060.3702472020848,64.4959528950464
6743.124539473681,6488.624518679283,1370.6296515282074,324.1061111453733
5254.103075271414,7643.067022864073,1055.176722369326,232.24802595321492
8287.843394096668,5529.842118429242,1374.2976371478624,331.9056446212727
1238.7238654058006,1764.7639331420232,667.6375321683586,145.38206873083203
3457.245093160967,1476.3858527264445,188.53591161077904,350.27374991407385
6513.779319761693,3829.504036914466,85.26127867150083,234.33249501144888
3716.352557639354,6882.009276714386,1193.9611248914684,102.11268861168874
5096.716084723179,9863.223926495953,266.2711070423327,210.914088047538
6399.547812785792,6648.530689882185,932.6925808734705,158.71753349875803
8288.069131373311,9123.246836606078,1093.35716898953,273.97836087657254
2633.1523516474135,1820.313247556599,164.95360790707483,263.8021424559515
5112.8668592495505,1877.1415616745537,392.52043181911426,28.7207430872388
2379.4242308707426,7201.38291722281,1223.6256956686082,232.07944028735653
5322.44560172554,8168.784043252875,1128.6813635875396,307.36664977159046
6045.791108349645,3033.783428713571,671.5284741578071,277.9449048028059
9405.51580354823,3974.588945212772,275.83597122726326,291.1496073219704
5213.521675228876,1556.3241006603507,231.19293353283882,243.92675301844366
7455.366576751019,8523.078195441685,1237.7069536856081,336.2224574174505
5993.37942952411,8865.032030083032,90.83534189451893,262.80443228651393
8375.136280801507,9434.593889596452,188.83159157486094,40.70368803874528
4001.0351821202917,9665.17209540492,201.9884346973243,109.1069323271167
1396.5193524212261,3063.2908754475166,380.2291491212883,257.29637630365727
7551.133641653791,9078.503748075129,1312.1128616070732,125.11097392527572
3209.2475613032484,9717.538997467604,99.10288200624832,339.9048644718095
3482.6189659923475,6171.895611653721,1383.735464386487,187.75008057885893
4649.757320418164,3468.260536456069,64.18719813598037,198.5218894433818
1263.0533412068578,7708.969386500551,344.02345184332086,98.8588109906377
2920.5083208538176,3226.334885894435,504.7037997870986,19.678066844597964
4504.095874263441,8414.888976044622,529.7961755520173,104.18950893158238
2026.5363293940873,5476.9961085956575,1169.093769045709,271.32787274385856
7409.790377974768,8461.04061836072,785.0151533259551,174.30761862092555
1843.9931014763713,4423.010538908219,325.53683924912696,244.90523939027477
7405.097720137129,1212.8531725634011,728.8833799415823,148.05294999127148
1662.2126944179743,2611.434807749485,1085.8889922368471,92.38786638873674
5471.814179626718,8213.091052660393,572.5091547944612,317.4909563444663
8714.586461521101,7387.15030007222,548.3822533379966,125.96798518442912
9474.565397533373,2802.0515783461824,585.0562772084527,24.158044175104457
2561.7324367085384,6317.887483177224,121.0588302069861,318.628627901752
4526.557806014922,8910.645615213212,1293.3794342889612,223.77429406860136
3349.8029590522015,5906.231179472592,180.98379365540094,328.37990820450136
1621.7483904238075,7336.016567924719,419.3002468337331,138.87205596192038
9630.167337295898,2693.0614760576923,304.78763993165154,35.413005378626565
6960.784773507321,5388.111863668543,1225.5157354108278,56.52416389677983
6795.580916560309,6264.771815030328,742.8802808206821,54.15861646856708
8010.881496996166,8133.7861778277165,194.2611275088638,103.40500469569511
7141.369345512436,7106.424223954362,1132.9392631801704,27.64072016428965
2628.402873638447,7785.5254351754575,917.3339010607308,152.66107195188994
7069.735895088705,5835.701462520128,389.4733859611049,9.232967855468807
1444.7985174238975,6070.80467094989,780.0068169169244,56.85061298447921
8912.241691034786,6618.041991303818,1156.2040785467564,166.49953586689264
9152.511734174699,1864.7574829307096,1494.323375144175,359.3636584128771
1796.2436644971099,7990.16735574259,8.233629746011928,251.769875884423
7729.210093365329,7329.758510996457,1077.791377076984,300.8287739448365
4561.010405314125,8026.53666963346,84.3760034441144,178.1027507892662
2669.319573373659,6107.314210769365,262.43430301317306,357.97010922111826
3753.4342660177876,4357.4461661505275,622.9051925987875,169.1767348820955
4891.826287996847,8346.134652546098,240.15583417852773,274.5892784108484
7154.415789512727,9259.370324885163,511.32267719111866,333.2041815943823
6471.960904487166,1887.6018905462058,1036.1040153066836,339.6301357661186
4763.96405000483,3739.365848933551,909.3054569148451,261.0513032334796
9971.396491705822,2634.639394125541,952.5424858442898,91.5251403579688
9168.501521853783,9335.216105459447,213.19298077935323,297.42559617880494
7581.674136271711,4661.499015570272,1325.5480523414049,112.10293813095998
9551.916686452725,7671.159356774952,1361.2279334140496,291.058997843437
3712.0965566477826,2354.2787386827686,514.1487973437937,27.914904241386193
3962.017944974908,6493.902799096196,1479.0943094306735,85.87402013044081
1462.3730102505642,6331.6116211463495,476.9122167816401,280.5661873786748
5711.637420658623,7031.910797952295,1260.1984171502488,345.62903695398956
7387.371704569476,7961.222213336832,148.2774591917607,18.569408173034322
4844.858911072936,1696.4613882735644,802.0258229102035,52.815522371693746
1713.6986884253658,4468.1713582689645,1417.324018078225,14.298364628955369
1599.1182334977282,5730.014059053293,811.8764229413014,339.1497247844459
9505.785361509663,4037.055968118179,820.4113182575456,269.63530709892166
6982.526723678715,8549.587828028001,241.11208230639838,218.35366941625568
7870.081031105909,3693.3578289556212,64.91097817933235,114.25702632495485
8185.169821248191,4259.215449341726,817.6210661349672,139.83014508243565
2586.498555962302,8251.792945571175,775.6398606668591,112.92288536865581
1690.224954288807,8736.240482203075,478.1755926445856,221.85316925235406
5091.375110501433,7439.545056986454,13.98129002174387,208.45548575330352
3841.01787068557,8514.742242765307,931.7572921348784,52.296444792321545
7735.072232860944,1906.9010625845028,789.8452739775834,195.55718305284395
3427.7367037357676,4513.582577144098,248.39117108448744,196.90536477250606
8131.745307548841,8915.979978799252,1256.0699138954897,265.1397452361226
9081.893257388354,6156.240284193236,1195.8574718979487,102.69036037991262
2814.665040810447,5421.5906354749395,794.4497472627122,296.68122892546285
9226.979619253236,5862.103090643914,124.71605788615426,239.8656989646417
9319.177525527624,5997.509463376455,376.80738553810716,242.6777243586632
2857.539054998875,8379.195045081004,330.14679398604267,46.40626980772056
6826.722229773457,1537.521672665112,526.2179160271376,211.48901697898063
4107.79391317772,1986.5785496446913,326.057754168261,167.79235194221164
1135.6493534554306,6345.16635567349,52.58850807919125,89.94541548769674
4665.925359213088,2741.7043216275206,202.27822576227487,120.44036266500477
5527.652927145343,8234.882267973968,72.50171158272042,43.70981618906145
8362.57569949335,4197.163191788479,1401.713461322327,98.78865130656597
5618.217371098027,8122.5294653462115,919.5622591109068,48.434393690532445
5543.299471451676,1750.9459073690714,1003.8330687284888,130.228388282172
9012.006483636274,8670.741730141948,1115.4708167078736,316.11919011841627
8551.95090437427,4239.40706681377,1179.414352070896,19.593209623155374
9941.117862261726,4167.380540608254,894.3895927505102,16.676820172257248
2847.570956869872,3057.807969401861,1361.6873982505863,86.77100461105081
6407.510119287296,4380.118775533218,642.5357078139609,102.52474294805057
4735.472581284781,8369.357801557617,252.29858566772816,163.22580875138186
2723.843804249449,1674.4870961598822,500.1442328917763,130.7977156680849
4480.157420364285,7054.086062675314,1237.5716697601379,278.01602893291255
8550.687400927758,4225.213733186235,745.7513161686269,249.96619713143218
2615.9048854018433,2935.988343428551,896.4403142096456,242.76306224942292
4433.388350495348,9472.294072626177,1338.2295435750411,171.41699100796362
1741.880834755857,2949.5326335478076,241.32855608661384,354.9263265323868
2351.7036962962306,7888.674633812785,198.7863703000226,124.01031904855665
3281.516062745483,9879.381808675891,1328.3475119476502,96.42866127548798
4457.5717076231795,8628.353477532539,40.93158082857662,63.71835419308086
8837.678473075237,7866.735675305492,584.5690076059191,12.687315682591207
8869.782358160272,4816.3754859934925,358.6372061594351,232.39758058321632
3012.9951971050587,6041.13354717677,15.64198885091691,243.43073552805959
9646.6583027538,8871.589828695716,848.4853328900654,306.32719121778723
7390.700931225013,9812.86182319742,937.6813422944688,184.45753246915964
2953.745804392806,3348.0897576123557,1315.2258936436224,193.8047817432003
1323.1556567639013,4238.235048549092,855.8980388523847,89.69918474416502
7488.930794507008,3751.63478945388,365.4481892358005,161.6051958172788
6078.21720527456,2499.333813064095,429.96105053679344,74.70929793597014
2891.251869882064,2517.5136171090166,644.1133959129855,212.70246367740887
8248.877620984498,8544.964130235905,1088.75700687547,202.3000021831287
7424.483319011663,5904.284008514841,1290.0791445371221,322.1722521228578
1571.6244512745775,1561.9420632625247,460.95556662939674,119.19331266540358
2057.8027544356883,8765.898572055341,101.80450005523508,80.0040127946176
9267.830070954733,3790.938474823137,1044.717202570143,127.90280781881003
4755.104796150281,9402.48984890192,123.51855047480022,142.2322738948183
8314.905443940872,4028.8260026696576,319.9246553472507,99.35087886668659
4524.440742973478,9291.492870188162,819.4192641282997,139.32835661295024
8494.691689369658,3292.6914707713026,1195.5648574600152,4.37887050331896
1290.0409986262305,4384.630977332062,1414.7573268112726,356.80960690731246
7235.623981654506,6781.232142349818,257.8816003615533,280.3369174837771
9318.850940944241,1612.280907554978,699.9871304356161,265.86713440902827
5507.231763768545,5342.917062297827,772.3428373018442,51.68939258145926
2204.4377964623545,7649.722515493008,480.52470218837146,69.22720819224483
3220.1878390531588,1330.9849289514932,910.9664573143938,46.22770901677725
6433.245097992294,4513.210306951809,45.66869970748887,190.69238231300974
2281.968466719848,8155.779895879672,310.0901427606536,18.589968748844054
9204.651298184479,3457.4270329184246,328.5005031741682,283.82689282440583
2207.803966905151,4750.925550642095,1174.2831337957518,21.693267286161785
9816.432520516668,9011.391521097825,451.9410733910622,337.5108832797591
9196.596331330642,2391.7512408655916,72.10412322008365,198.97951443555874
1476.404167522201,9316.208280629053,1272.8009315881466,27.10853405471587
5594.690316752112,8930.398680600108,1204.1364510851965,194.5607351979455
9253.988483968129,6778.5052017749895,1447.89403988005,120.3133130337902
3285.994983089022,9762.045203563217,1107.9379631568381,35.332699079505474
6885.893099211857,8014.27176845972,1249.7413899100513,204.43391745375442
2990.3008971395766,8749.6227213738,600.1395552249772,305.2533456465928
7546.207806260958,8602.999999576472,1366.0810842009053,65.7715990631326
2786.838333096786,6129.195770953308,608.1005634010669,235.95077589952925
7027.20575460238,2227.6313588165613,109.76894564757342,56.89019207550757
7366.739485178004,2175.700972991699,1205.1158852811805,191.5589067858363
6433.431659819345,5608.088181917658,38.883583781828015,190.82676678166604
5911.732189865832,1868.6292962918983,539.1775097535211,73.93352419555266
3750.703524235347,2661.383651099364,161.87179272064947,160.34102381894985
8454.708968967541,5867.494609035611,1205.7515192658802,7.5600494113644885
7194.963162008251,2539.1135769794087,696.6393174464079,209.2746413794838
2142.7959488119463,3046.9524672090192,624.9589715653912,164.42723605930905
2874.469577474562,2755.0917613997653,666.1730309053744,29.53687003723008
6114.18330602707,1804.1516891590013,1135.830275057327,183.10110130732414
2910.417583375733,3769.2167374520873,322.67293035281915,169.71199479695954
4633.509592091585,8065.255082489146,1420.0679406992338,255.87846871505076
8710.630728579228,4214.56323099013,320.33672288852506,35.96499441199324
3209.783100825987,4249.492865341488,1133.9430362378735,282.7816282370771
1806.3871744113032,3002.9829795979085,1436.0519581493566,104.3934204547927
2483.5397520934625,2706.9690047855415,669.4549352956204,224.90719068748345
1312.8714954002887,8594.271580099597,1293.0731455592893,180.57692000181973
4335.472615523733,1505.7308515778084,336.2395509620142,351.4120637068201
2261.9594084070673,5441.79654091858,956.6181025907648,66.50486923970941
6863.009275787035,4265.5981969630975,644.1974039884691,174.3440466558938
8168.3949170654605,4175.909300717263,628.7066898224316,66.08069317087349
3638.6643412399567,8901.148276640291,1339.0614236456263,354.82420705073184
1763.7577936585917,9216.609123299186,238.6027727492194,126.40651810404395
4976.171022862189,4376.553174740704,1045.3199145291433,54.65773049092894
2454.691591611178,1316.164125232655,874.1939994942829,109.70148779830231
1702.0993068441232,3151.4418339006406,158.2136672435909,140.9487391134134
6998.557851201766,7468.064473148614,521.7850423604984,263.4843029997917
9342.134192571655,7121.779864198993,520.0318291736318,98.96094922481772
1754.8791370271397,6421.9756357320575,454.280576779062,43.014256562655476
6143.567080952161,1288.443597168897,301.8363061281737,174.20216005787543
2278.8030060996157,5434.007663521641,337.44798329944206,29.804991342564858
4501.172491714954,1869.8777426411325,1320.9606044175266,22.367386319112505
7751.007933404765,1559.6233958945445,720.3866041152938,146.20803068950974
9873.729026398501,1693.3453806309055,126.03836782538258,330.74385965558355
4957.239636880928,2365.0734048492427,575.5270162865714,176.6295355365961
8058.0856069225965,7037.237731699872,441.9082533796786,253.41311744019194
8661.058036427608,9639.777585591155,45.71578216331211,56.72660459204429
8731.890419450514,1463.546696661744,241.49545513912452,140.46419107222033
6778.52006241708,7115.906240093818,881.1358559660716,172.07274009568798
6847.605313418599,6470.063482410708,1001.7820618519444,349.6970288393815
9508.024542419713,2162.212074663354,1309.272278278176,250.69424367656856
4548.349450655061,9983.697720148337,376.61423680723385,249.26814733012554
8866.58844872336,4246.604740092203,341.2824153410209,286.0429319301034
5356.226919232693,5363.344920704403,1119.4725427213586,105.42796933632283
1726.8619807994519,3675.1579527906656,3.733291671994456,281.73459143259964
2353.622960749779,4837.4435203704015,749.2508759551325,126.74118231912452
2387.3283846950017,1973.0426607597333,415.55608169565926,121.29157055312305
6102.333882336353,4293.085375239556,958.2730865173062,173.79875050478242
1599.6668096712253,1169.5741143620892,7.088784454700132,313.6413023090826
7390.296738573348,4820.838465133707,845.5327586794475,356.44588853098475
4675.225950449276,2526.048336745357,77.05403747227763,214.25907827920955
7677.212087037286,5513.607051547246,863.947067640323,318.81933587840587
8674.390322947958,3484.6672158360434,845.8316741698723,277.12354152225237
6555.969401734709,1597.510025996765,1088.875600519094,316.3561873445191
4557.703975992896,4375.648393895806,1405.260518774307,50.936056818785744
3498.784835198914,6462.469917668658,718.5425343409339,112.41754019832217
7876.929127261413,8251.83665853219,1046.3262622189832,259.8064079149401
3034.30090654845,3197.594542523163,1121.029870757949,23.52232265616739
8591.359277707468,4498.520241152368,143.95258468232458,134.02715551089184
6045.848243778003,2391.2468120297144,47.897110132426796,121.65927092485005
7530.542324641738,1824.869372286447,1066.0616972679877,131.3606751518947
3297.6649099587908,4993.148282246818,821.8465105031688,101.89341358659296
5084.594631892061,7125.667778464895,643.8467445732613,135.38417211959728
3113.9858907840276,6800.657735641979,23.80201468485461,284.8096915327462
9941.94376568458,1765.9469595621333,32.535542304476635,91.4367162631281
6081.795494521317,7522.939066138049,1249.53745330363,352.80427055485256
2146.414270596667,5751.358805258507,431.5715024877284,282.7075609416454
4803.680282817979,9691.408491275928,581.0219306856111,8.59699038138843
1484.0806424776056,2323.7516812392632,824.7740714795943,309.5979915544358
1868.3176982220498,1535.2279175190722,1140.8045701958586,29.78082964557572
2952.2485645681422,5521.818239713683,909.5955879701114,57.52195912641675
1316.857225170332,6861.554216506148,383.5398886799496,143.2110501373341
9322.38600541325,1726.4727296666151,971.6722688171312,87.33188332245564
8618.878141422862,5996.41360868571,864.0889238494195,279.1437439295511
8514.01873188898,6318.107399818087,1011.3701663282324,154.5793251789793
4197.332755764091,5943.973449004787,9.570184625910938,41.76816155474386
3088.153876901446,4587.297061542422,1252.77544864621,160.5405087157157
1378.3544886541233,7878.97142520556,710.0535145448206,321.9592660130935
1724.771513005642,1985.1920073473511,128.57991180468878,330.97927412613694
9078.838474205711,8256.558526873821,1481.8750732987116,123.73441626253808
9841.980596294352,9681.384894725137,314.4103134624032,305.5258703194561
3621.3512150919946,9553.439295933682,1110.6403394391316,274.285660715152
2395.3218701535507,5706.962331840096,1242.3765652832617,283.221533944311
8778.305801287035,5876.459457865233,946.0759178002799,301.51066054749595
8302.071527823126,3716.837273194262,188.69560908358292,205.60403397294948
8956.297786310464,6051.177743700222,1457.562083718146,320.21035538846337
1212.4584232799405,5942.445626928341,230.3603597377275,204.6089094314728
2645.6882873343943,8868.024286255171,472.26234060494994,277.8018685715089
4046.53182978741,6671.3894913707745,987.2402979890921,15.959996082053172
6138.227327030528,2581.1258908674818,118.25289030281961,111.72129809264722
2444.4458923457087,4653.860009656894,186.9353046508171,117.72718637895669
3542.0566218635145,1500.8785945113964,1498.5503768338845,181.37647886437702
6352.995331835303,9030.020733586149,703.3422811810256,168.42945519806867
4963.040283451068,7614.044719314234,555.6355308452848,106.97365155120464
4472.264032630984,3298.381974119776,1318.6117456006948,4.156547818556014
5989.245552328369,1431.7534671782869,546.9253339414654,313.54040549520823
6609.502937356553,3322.6338487337775,1300.8406235609511,98.58673189088556
9702.2383786038,2317.5307277793754,302.3903966158979,73.83137077780864
1545.0296150677718,7870.407711817351,115.36942130537636,73.06492092159947
1911.098255660343,3160.3436671447585,823.6204927121115,128.2445519397812
3039.8932464544587,7037.811105278979,814.7303856132119,95.22445810291646
2412.0320880019544,5908.567563358356,786.2358971556872,100.62409785102543
2200.100100365429,8571.87857862936,376.030904482281,271.1461038586212
3519.757451976118,8398.713853011868,480.6341006545058,25.75448073316026
1852.8509041951386,9645.760614043738,911.8318791703341,299.33234312212255
6424.9422196519745,3186.9256336430667,1437.2199609188692,217.38904686757567
2751.222120982154,1676.3521603692839,662.1466170446199,190.25166655029923
5891.705141516996,5129.987225096463,758.5222723520181,131.38032325980103
1405.7128513951595,9896.399954495158,745.5568725352559,18.40137690434077
7168.122283695443,1814.0021779502126,299.0502307980068,205.4232309111328
2304.8429472790203,7593.72439155386,969.9166066162046,151.74616739273608
4845.616073307807,5036.891171042465,1358.7215375267979,90.27095153347071
8419.995998495593,9630.017661283315,1139.346403916036,327.760662896979
9941.214059646114,4315.481019293831,1139.567431210794,18.724478105929002
5267.608585428796,5163.28059418788,430.3482171297029,151.1965499729078
3504.60291859419,8547.543394610188,452.83239857448035,154.13567999559442
9616.62190571973,1399.5317627164488,1239.4227140193223,294.2082065527706
5168.992469695117,8574.691455619264,722.7836953707092,54.32975533761387
6106.284218541145,5891.631659360795,1142.5461936323818,151.01730081184348
7461.455971521243,7463.430399247026,1425.2214539029287,62.769817821741775
8624.19565938679,7711.829285259003,1310.1185022588136,309.1873356225925
5626.991123127356,8427.66210404351,1084.3533292656816,168.86948386973066
3421.784999346746,9392.616904777336,254.4627275856667,73.38130137009537
1950.0066467763668,2275.9368978805924,182.05819765756164,93.03486606099875
2360.2101332855227,1681.0311861602377,1360.993209535448,204.32357377078898
5590.197170452516,6472.19127683758,531.1484916464339,307.6639458390911
1921.4787004313412,1351.0677367258718,1087.2213588847126,39.10348401391661
6985.306875151232,2791.2426650188017,20.036515369296954,15.993812268800232
7417.844950465509,3101.9842754225674,1369.4091102723949,197.08406149495303
4668.449233444979,2278.3274312773938,466.0156142161741,83.82696041023569
4957.406731905285,9787.98231175262,708.7797438482132,160.70602641278168
4631.363908954602,5293.48001384653,841.0126838008997,321.9515080760789
6805.06526392234,8109.258007460209,252.65557763366112,283.02370924156304
8739.915012217389,2302.5917971501194,925.7747169953199,280.2299814751446
8422.406310825827,2285.8519161707,1463.5118962141594,314.8140961783192
2542.1265252890034,3228.2417237318687,311.62034283614656,92.53125382015737
2773.421462718639,9462.559294622342,451.5384330445247,79.22088975737775
2848.880978773747,2985.2113544868616,62.568616340610745,178.15786202071195
7845.7925182394665,8959.367415459154,635.425398655748,193.37426215152618
9288.265348027231,8542.311385752344,1261.0604303001169,46.41373594154425
7864.967006076697,5809.310411125047,932.7418300903662,49.82734954321714
9982.218224605653,5584.748048327557,247.4514838653186,291.08660689645495
4812.281414282141,4048.8704583049443,209.72967730405938,329.5807705191816
7135.954524383342,2918.2152981976324,1139.6433367805457,354.9683965955845
8376.232311821688,5859.8714721065735,243.92350598002025,77.66350022613135
4529.304415923969,7899.756386353071,708.4949683231241,51.6911209002401
3092.5683584693024,9953.523973581758,136.43325884543148,139.5289103632523
5365.359945160341,7611.761055256536,612.1877642662722,72.80848309846237
5586.752273829671,5350.0889534050875,1300.187189269032,80.24016173432567
3629.6234518723622,5499.266093778443,196.7008480323591,351.90909026355905
5225.033108515466,1684.3646464505164,976.9954713447739,224.72788510326643
8158.683403122885,9949.976039922773,843.0609587660546,35.28088902326743
4716.937855544589,3267.795820481743,1034.302012485324,11.944659966735298
3158.1071875553343,7639.2321706232315,152.12867303513485,78.2021919706286
5596.073299394162,8930.816517732357,200.75893700842047,2.826203863118826
9804.76201537397,8262.714139568812,928.8842150419202,120.2654059859054
4274.956825819627,4094.8825188364726,1122.2775667016447,163.1207371516165
6669.843712595052,6743.059929076382,850.6270351763875,74.1668436621809
8998.06763255464,1704.3222892063773,1475.6658009934488,188.33884927488498
5777.1397682081915,7678.006097997414,696.560349555515,334.04829328962154
8388.756119779438,3850.293436929151,1447.3118925631911,101.87941954608438
1246.8738483374873,3982.913605916533,1482.155885203871,117.863425179397
6290.255864055335,6989.198156047417,68.73000377434786,231.9505587929653
1100.1991555962059,9203.304101771013,586.5051227532568,92.34076346769363
6990.143740072425,3611.4057328145173,1128.0204749921563,4.478389922034289
5304.98981345444,1141.2672562461967,174.96045557984817,199.74779185194646
4339.627027307787,4368.340064527942,72.00580476997236,167.01992792643426
7493.871015146709,8018.084408952622,480.11553078699205,257.2575574755079
2636.069099746777,6005.718524174316,313.45327636796895,313.0391658073702
2828.8259924176377,8505.717542992668,287.94962323954326,6.2588668288398
5230.073496892106,7959.379000257478,1407.3167625108708,338.6011178663195
8066.271583227097,3506.275703135901,1006.0857204792394,320.14986534374947
3454.752630470035,2734.7543362261445,294.2203811506778,217.07425253276313
8657.83693103994,9708.51142820587,126.2297120846468,340.3196739273812
7717.945055372118,9043.513473490366,782.3736470966182,296.24173409428425
5732.656962289276,8739.645126891475,1127.8147296607676,335.7169469996619
3647.759654526679,3475.918865032519,441.5931956051707,284.81017657277005
5113.91687940585,6651.181618497869,1460.7874879771766,315.6518266454763
7033.265457290273,6384.900325117289,355.1846640142614,151.7677083982319
3825.7021749277446,4352.934193226243,307.78461631844266,12.435625351595844
9462.57419632618,8640.393573618883,373.5989527643135,264.70191333307014
1906.1039758406241,2292.6779360342316,1107.0052548731624,345.3896431224433
6103.263294919499,8743.01899894231,1416.527200076776,68.9568567685337
6684.851941420031,9204.996475478658,723.232116654045,224.7393281219178
6514.058433247899,2882.587485432383,7.374692600071825,59.72769329830666
3510.4043602923766,8075.430197141824,224.0378342864828,345.4275635553917
3575.235739821811,6767.285158484448,906.4202090886762,110.14318535362113
7530.037073691372,5863.149864855543,505.21478035866846,51.763803811344104
3726.895578429402,3054.2500121065386,1427.9361005883668,114.29402449332235
6548.066829240904,8481.419262368789,974.4529276640509,241.41730737073107
1283.1151007292092,6028.257381009808,669.1746291151028,187.8236872132603
5944.564740670968,7193.6223796270715,63.28430165722215,148.7988480085851
2067.055135742406,4281.659754169712,524.1748278712587,299.91982790896014
3942.4177423710294,5173.048812331397,614.9923808193954,177.57042082321408
4353.60567641146,8814.745483546832,33.70377733471906,105.20413215972643
4799.591847720498,6293.344880289108,1050.5350944166069,266.8136922247824
5063.358058220811,3045.439109175334,826.7650271742825,33.24743552342002
6198.770867960709,4836.9916235080545,733.8942981982547,164.9167803377758
7844.210061031831,1986.2097861029652,1408.9067333467203,75.32952704834754
4524.125553149972,9880.50674302071,28.782647909310008,216.07630763632264
2116.392693810278,2082.4529146967866,130.40049176027762,205.0981195076183
3795.9067077647965,3971.8018963788127,393.7267717457426,44.54646414151098
2269.3985751574546,8278.86204436301,67.02756981388288,177.40449265335926
6782.0631655260895,9405.940453967149,227.48031183464167,273.6580490045838
1824.5645963548993,8471.463565115591,1357.286081788071,40.15257257475126
9164.101311186942,5785.9169352145855,999.3521041119542,248.42819921227567
8325.582526975086,8816.791666085257,1298.2109762575292,304.69167856757593
3204.501381627159,5429.0125618004995,79.48899458054086,239.42927487560283
7490.446149747705,6182.074371482238,756.6627242905381,265.7597202526919
7606.299954125283,9432.852961559005,288.8455585806592,238.26821339643513
8154.533851031277,5940.677738538439,1092.4198561141316,61.8617269022067
6683.4683764384945,4413.129734472706,215.3282432594799,190.00124642506984
2188.3314350818314,2942.987688325111,1464.453910677553,302.3196974842765
4190.049374207612,3452.32402578879,250.30554598121265,145.90432908923768
3369.7147384683126,7347.569648309266,719.399441130458,268.9683436956707
7956.542167097612,7119.473071480796,1227.940149682901,277.86180131035815
5424.623610513881,9371.612706299808,764.6983339408412,109.35750087789226
2313.109190874169,5718.224343345421,184.26281920414587,98.96832928404542
8889.120884174514,1604.1271129376248,37.31497142338685,35.86110618981558
5627.724413859894,4250.868529332054,789.7895081791705,122.05876474572513
2359.742447248374,5670.436020657997,830.4765662620257,184.22118331518013
8084.066873938652,5707.688195760794,983.3155627610851,247.2814726974638
3373.6431053423394,5884.100218156143,458.5926517418702,79.53414228083972
4587.782945980078,2268.302859216161,585.2596458567655,94.91465684280064
3701.231025270681,6052.101242451385,494.3835630162316,139.83104184765878
2933.3801559504363,9898.42592234723,112.9946616921809,22.9972440836877
5276.943905026163,8439.558949531769,142.80813289438044,348.77890846478306
5941.048253549742,8448.43549460707,227.80166019753537,292.40246482816536
4740.436976108793,8102.381323134561,1358.9802394184533,352.13617480092194
7859.984466589095,3800.3190672701603,1047.0457038951656,261.47861794342543
4196.749953140519,1986.1810381990022,1431.5522564227551,283.2732914276033
9596.533848154986,3195.2962190428966,753.3164584480219,335.57009212363107
2108.198070774003,2057.0232778503887,887.2785308359302,313.03607444501085
3658.2688441648315,7788.146012208092,207.22687980615882,21.03612337859983
9576.323496921117,7658.78642826425,624.2983712820018,340.7885612669436
3921.4873660649214,6302.892371896216,1239.7642447699836,287.5398198645678
9296.752927622501,9285.601737521712,992.9894313843696,122.97080336330697
1555.8748397677432,4955.439636531217,299.6811892738325,295.67888464265513
5982.005723637904,5369.277898318838,1422.3253506332849,48.74713706246184
3229.592076561966,8282.207839519373,915.2461870137835,209.32207512714538
9226.961090440129,6736.492769762566,742.6027040964385,359.53121409808324
3116.853729398379,5565.12615603934,93.37536949315398,284.86260149936
6957.190580786564,3908.355155602247,545.2676257830907,186.2732978955667
3988.14105655689,7953.602489335873,1335.8199756519825,307.11789471140406
6715.216099392632,5436.74230468894,333.22628850410325,207.8802698843254
8303.19554888197,9372.375832806083,349.75946046320144,259.048675737383
8983.558209902363,3253.935006176789,264.45839824392016,171.27969349415437
7372.8909478456235,4016.4952141763724,426.006690905535,264.4247159851609
2700.340711306304,7616.469467025524,1455.3897156124847,177.6581911676991
1634.3153522215498,9804.49770549538,1055.3624070287856,70.60036856015228
4144.380105040302,7451.3738698455245,491.45765917808734,9.415587684536465
9998.243712992768,1976.472389548088,554.775785474601,356.1161769197808
5167.401165416752,7134.178196308073,1155.1623379942125,145.259198210163
7754.712887175206,1406.7432432221644,822.7037107183226,278.4531250725457
6185.382901910551,7825.612101059798,73.54106766003055,307.92160910523535
5573.789737579174,6692.993492097375,820.0594279271805,351.9418314366533
5050.236145005967,6880.605982664627,412.86084088212027,257.2536711572464
9251.131366651302,4866.748105949434,873.5011737402655,141.01919968311043
2030.8116530602142,1155.44399497718,1138.4395392123224,55.96258913655816
4419.758980584144,1359.0095150040518,602.4494648549081,272.0267468327682
7810.445120570819,9855.349825936928,1129.9372585113053,64.35710311171702
8643.322001367096,1510.780534472666,105.28195968564782,210.76246904439347
6957.035157964374,1165.108387672769,548.155840553569,97.11355359057713
5816.012005529533,4789.039158164128,1481.288196552993,323.02374271805076
6806.71797277275,8185.82222664953,439.1286206917809,359.3407182098604
1252.1712317877664,1424.6050927675974,1451.1919759076293,48.61164684888123
9176.158478095978,7324.036737204372,993.6280600127343,326.9846805619649
8463.774378342896,6151.631713558673,786.4676834039901,202.29853406258601
9650.227638212786,2310.0313125909356,1114.4658451024945,256.3607020466292
1703.3446471057498,5222.215684235174,703.5272308337582,133.2513583762019
3733.7646362509417,2869.1131386732945,168.92360410765502,44.72537216429881
8191.145559015963,2516.116036687351,303.8648973790783,348.37071802312266
7033.383065788982,3346.6962803750594,816.20755787203,329.28776314994093
1275.0100211683393,4892.3834195012005,139.43623251129793,201.33031681763643
8318.65261698137,6701.807196308868,1230.7747353330574,189.12627856241642
7708.1763370280905,9792.695526010251,1463.1295654285238,253.6609178567805
9421.40015769296,7289.900643504018,372.2288609245208,56.89893040794941
8297.92834565093,5296.817111256556,206.61272155462387,259.0773719370555
7613.366705093568,7806.525622142799,1270.9443053572593,340.0250960821061
1981.5900418470846,5100.279908083416,1421.0622021012257,29.034748984555403
5970.953585786733,3785.4551206482643,1429.8195626206816,171.6851894062996
9483.513748594169,4102.724313783448,535.6120230423475,129.7301172738673
8176.503022652283,3169.1256031053204,152.63873492737432,312.34167711666964
3014.579957851195,2002.4416766808095,853.3123307866935,188.2267132961342
9377.352185090724,6713.045970670021,643.7984344771804,64.882595845107
6646.825544030809,9921.21907030348,258.46150103387936,156.82350925485255
4303.568612449386,2594.267607212216,857.4934309773327,32.93879129966321
1577.0226196365122,8237.589616622732,692.1023322766007,177.9682773901558
2733.0452228130825,8204.63760202696,780.9763503583397,292.6483941449098
8874.067494360435,4858.916094343451,831.1417169673292,159.86838750623227
1591.0084117447807,2628.228327463721,1286.1840625697062,52.002077421455446
6677.0973801548525,7082.290560791266,334.2358592378727,86.26020365103965
2421.681573686007,8384.591030107596,126.89130642780728,176.15727288058267
5880.677717827631,5101.480743368831,1171.6603713281575,49.39802754952951
8013.065072915943,4432.300734066326,52.26212030429879,320.5557165380649
4345.630784835383,6340.226269104439,1286.6295309398477,223.3712419891433
6255.46060216754,4927.931330031352,431.6741612458739,79.40979549345457
7608.143206245112,4405.41560582909,1498.0047795653745,309.84055843413944
8740.330801256201,2715.8118961315013,275.5108615208752,178.41106044310897
3885.928823852476,2264.622199059462,1089.7947367090746,263.87300143331754
9294.504848156457,2778.5328116772207,559.3395264225056,103.02432655031038
4230.742483252041,6094.371852681024,80.38048674120147,144.6480462251765
2404.6603750415156,3486.3246749187547,273.9360543242829,292.182065002302
1320.8261993396889,8874.576073324515,365.2977713453636,1.138198633679633
8019.1333481854745,5358.104338398705,1070.543049124562,182.37480446693988
1766.8364413465256,2055.406300092105,1419.43513384994,155.53492016393488
2177.577366436629,7945.512508182884,1142.4519018284966,97.77039482146856
4552.147659586279,7147.892025625823,510.68190836580015,83.13396907333392
7004.317099807183,9758.614340877513,474.96357502913867,31.95093226561352
3334.813017968067,6232.312799943276,553.3339209336252,67.03578816176177
1226.9859937362999,3439.699407465126,603.088818118559,171.0852811673711
2949.0123279075005,5981.420827084924,1288.9678170045556,255.08987110496318
7047.104211095199,3017.3482304872105,860.23699573972,295.15283737015045
4326.067357640231,5261.2117806363285,165.6043365803469,98.99052315543818
9547.276647931778,4927.59279005493,991.7737402623417,64.4355322305789
3255.7143449530654,6402.710852981993,277.9434078133974,246.4711279750734
8975.852900077098,6290.69335955515,105.64763796801049,268.50985869853815
2857.7203446788744,9448.593643476368,111.4752842667639,228.72816890013942
7488.830934565006,3640.4980319465417,562.4621676972355,226.40631467122108
9785.554135107901,2399.271286078358,275.1977532078018,351.3949994688274
5660.166802200933,2866.5123013227562,172.9981310977801,351.30235204524075
5490.126618249606,4660.350075089431,982.1537603866898,103.98222693293215
2862.003710183408,6033.682224568375,82.34992689174474,270.4753883005887
6904.020674195885,6086.304963120897,1095.4441921612945,183.5365767693136
2720.8867059464637,1665.959480565863,937.5931319451529,184.3413922155733
8384.253951958777,1885.7962734954333,681.8812514882795,51.87664867766988
7243.293218523266,2524.5370209328285,620.2477788079618,206.72193915641552
1171.127821334417,7012.874378389084,321.1484673213089,123.44343493640362
2067.4769818532127,5560.642361388386,1491.9324066810375,201.65373150470697
6094.328369767289,5051.162656934433,61.590404342546364,178.2287667117871
7496.632695267772,5377.782179441921,1381.2819258974325,11.193233600647858
3177.011020825164,6852.832089697453,870.9881194829375,211.56336853086546
5511.897999262362,9118.386678849125,1261.5281813222257,238.18434807124234
2591.3382676654915,2343.1198146449315,88.1876566049707,141.75099761347403
7670.527148506946,7521.807713944202,697.5757037669757,48.70549915725622
5695.930841921066,3798.2792767415863,680.9560375271914,35.60345620793565
6124.57965563006,9188.980129517806,1025.550830032272,273.71296435618194
6654.326649932634,7606.502745649357,1221.4206436745676,332.17363579132007
3915.692018976774,3124.84460070356,777.702129220884,280.59119906429106
7659.061240097723,9381.715477867157,488.9218378409616,248.33635572759837
6120.267031118289,3061.049977086923,1075.0560862219895,214.71325308239034
2196.954656861504,1373.8172051412807,300.83740285246404,166.49921081548007
4201.930957175095,7487.323211316835,1381.871238794851,148.5782565330435
5300.018638043271,1517.4713595539158,579.1128060102832,80.91922834484203
5202.831385839837,3638.136732448877,43.08206962841783,62.24243502308768
2035.4434385980157,4597.150117465514,672.2977987654839,131.1047907663877
2739.038170258993,1727.9503780338634,166.41561239342633,109.22598842270693
2117.9033822931356,6894.684936247173,971.4993460792787,114.93505535651528
7904.50727483797,9428.437443129347,1418.229567241877,85.27682287907764
9807.411124746572,2060.439428223768,59.418831143663766,300.1619628606618
9806.324304227635,3702.2504595176906,689.7610817800481,302.68476677793103
4800.881565690552,2723.915960491615,504.3596533624051,168.61681655094515
5893.05906756409,8683.092577867501,1123.3248486183545,154.91149451735572
3626.126263471642,1490.658845266928,689.117464380257,195.59899234770518
3857.946704694398,5905.102853746177,601.2061344701422,196.45476753527868
1717.1825936482737,2076.5720472785943,1109.0369059220984,346.25907278448733
8423.413998220301,7332.857603787834,997.5710972696279,122.37205055618321
7381.558568257114,8121.890402643156,260.4965625208826,281.8915088708662
9153.425711692907,2268.941496158188,896.6252172051109,319.8835362605406
3043.101725180559,6622.807604598193,1373.6033824037434,70.71612364343657
5065.839564925953,6297.094055792702,976.5038290223011,248.34149130787318
2628.72128872552,4250.957941232617,1366.0158581342123,4.208826069571742
6386.27018326715,4021.2642444538524,394.0601971918464,315.5609167711722
1917.1907862794242,8900.148859637005,262.6142138585582,305.33094971498514
5087.6113718488705,8466.190521873254,4.744220118005204,78.18581421687439
7717.827090598299,5980.142892189773,171.12229334306528,329.72840107048955
7307.160610893714,2105.2644903360924,483.48411586723944,64.60812809930837
7852.104396086032,5088.383501047893,616.3563121702075,122.70780588638563
5830.533710003774,2738.097955041607,224.2938462986424,20.42895823916801
2945.962533033974,4435.157420945434,1274.2525140136258,184.80155948584178
4742.536646710525,3771.7155235865457,1111.3434252561096,312.6394281875931
7725.651340036001,7279.585742955726,651.462712780509,60.17877274796626
4881.496779115452,6028.326215169183,1045.8548792045408,236.75347273563798
8220.68030620968,8040.646483640822,578.5868842724122,59.78164614941374
5812.724197578898,8400.796884531614,542.0393494916873,229.10085152253515
6061.779786227301,2681.7479305015777,1018.6846732447478,268.88407864615544
3272.3753504278857,8548.151419919377,240.23476384594062,15.305895608652657
1845.6038269154155,9140.237173127618,166.30513424944525,271.1460628487969
3651.9372461404005,1533.4097714642742,651.7046434431672,89.18376106211191
7869.634432966897,9175.535736226175,438.54154247970024,282.616684063907
4278.290647033185,4853.699706402256,1144.276332202666,256.2130817321887
9456.841958683273,8745.626883762347,398.05160656475107,190.55552714428305
7589.362821772835,4718.720671031284,513.9246702893244,80.49699705602315
4892.064180572527,3356.116097429645,452.91653052810494,178.1730921811243
1826.867893772434,8852.019629212948,985.470867577887,40.88296224544373
1519.5779383422826,9301.212120005843,651.8243819845711,94.42488731244995
7986.754703330464,8457.630757042825,572.8028044484837,48.91133310837135
2886.048407958583,2871.253777221877,1447.5120502015307,154.84013724543655
5263.971650022864,8660.43492103359,196.80327604843507,216.7367355152814
2017.4252464859132,5656.881822017542,452.3686386787063,170.27130576550093
3571.6513391546996,5022.8116737994005,1064.2979135492108,55.740176817643615
6600.8008129876725,6897.8936763855,1211.388793657498,15.887840080676087
9817.775386325193,4942.089553289683,259.6549181982113,21.720023168060127
3779.074325417067,9702.680005019767,240.1420653601228,105.67610730518312
8232.83904719265,6967.242609557745,93.79705595800102,73.94341307831752
6399.730954684681,4787.6647375809425,1401.815052437364,241.58720536843248
6122.470460305559,7229.182056817494,50.0025733017651,331.32613705496226
4393.070077689606,4918.913918333965,1031.5609312470035,268.68641532894605
2359.406609353463,8346.238095136316,863.4160646375877,311.3625908499148
2482.322455992435,1225.9568978689147,468.53495845751587,6.88330854685301
6800.704413510191,3893.942777307208,659.9381055641379,42.74703690698659
6254.723917010882,7525.711435647639,663.2385974320354,356.20890586882825
5212.326979835421,9126.798052708313,972.090038944025,263.86073048871486
1582.0838703625873,9343.533243200587,472.2009089395721,10.469975983805794
5257.11224735542,8324.48515743151,412.5862772176036,268.7609374525939
5538.986014278569,6143.339843155979,60.75082003029956,244.5722273476222
5761.915898082067,4752.247999347064,520.100643727099,82.67316313934776
1624.4716989148799,9347.21581695217,413.401941516814,163.36015862227092
8014.384889748123,5998.476189150761,1120.0449809510674,194.05168806691208
1272.9416273707316,2248.944214459926,1325.8556733044052,261.0430036894673
2201.261317831236,8036.714775118457,466.3624273720478,195.1080598937377
9921.40088812036,3664.151660134039,845.3568632852074,4.445359992578369
9814.76956003429,6119.575320827725,1001.0019960757256,95.62404746437252
2500.6643068569874,7559.875355591681,59.520432138963535,70.29369254165968
6027.859083146709,9405.743912924232,247.14737201048246,229.14493025278102
9776.35607080935,6325.324468813847,758.1520976085066,217.89423597741364
7307.8072424525335,5174.604308253018,709.2429819811437,302.1566559131546
9409.1547461698,8739.744240422624,390.09975364289943,214.97188962138404
4186.358498255716,9088.667650577536,321.7756746515988,65.35421229491563
1811.6462628732675,8369.462484956615,1466.7971048152258,113.20718619738994
8145.593091668508,9953.62694311573,607.765443035202,305.34841278552636
4604.70073510823,6987.417666035213,409.93035098416254,26.90904752779903
2350.6298910880805,9347.517801736176,872.4897878415444,163.9150783996302
8112.942591385624,3863.1444212437473,122.85877954883088,226.6969489097551
7889.691003915401,4135.972689718945,1342.12357634443,213.37677738305035
7910.164053038168,3108.295194208769,649.8753521836699,294.7438121570661
1890.6040688047378,1718.0353699179914,1121.7313106212525,78.97648714165223
2335.736269711034,3573.889331467605,1102.3107682626553,99.22800911511348
2481.449625198282,6137.915918592457,517.502423432734,86.22959508167283
1380.0038415271904,6166.299945340914,398.5589828884761,1.0156185819155041
7328.951164306282,8565.546842764881,1426.903746879882,320.3110543305002
4818.888682016006,2402.270646614572,1193.553838458812,2.2598224963682303
5822.689054181086,3710.421693500437,295.8631365458466,292.04641444590493
8617.289340816777,7753.129389974155,578.292050643032,226.92468355111293
3329.5451481452437,9224.73762338555,1154.238983070815,317.4595894132427
2455.450330853144,1269.081744786208,1144.8960770720146,264.5725226403897
5868.143342525378,3744.522015245068,33.71742273904266,144.6588259360353
2384.494569279431,3472.7379335624537,1153.0842109412783,237.30387412332152
6482.3310681498415,3627.8569479334196,884.709913977103,142.41492556947333
8317.92979834957,2261.956643672113,1169.5663029296811,244.10869925116944
9239.831084079848,9643.436599119417,12.096432035466576,146.6556420486609
4635.446469771635,1150.2516820389237,717.472063050419,257.47559341989
5785.5679340391425,8998.95445013573,261.7058738870933,271.2222154091059
5179.017805717562,3201.727868810472,233.06033687315002,78.09564911785424
4095.7392104486753,3997.6150406751935,514.7331644419884,157.44724105429242
8200.199634399234,8803.131379045706,851.909397060845,19.91084804455207
6857.739794036749,3902.7378627622315,987.663256447447,234.44696309773823
2930.7513089682625,4760.591809965519,1457.7018290642116,111.7116157149722
1880.4377996771236,5595.727086284468,416.3437803685243,237.07326753725368
3992.8803775032325,3857.0055585093783,13.578771180877075,275.6443241204911
3872.4126716413,9439.113713986297,93.26690930188785,89.69458210654865
9271.19569909836,9293.69490528346,1056.9979685294009,127.39160522169053
9289.593706910387,1628.9356172442278,827.3064296998659,346.2514593401315
1797.4598678207526,2024.9879960339058,997.474672828973,324.2324529728348
3532.7787329452726,5679.077568936362,620.3369060739218,158.70603767928424
6075.364581870072,7397.756694646136,1197.7090956561121,204.5812092210849
8328.418337771458,9349.606733292929,277.49481433738384,84.14834715322114
8199.080500000699,6243.47347044816,1457.1494856112295,84.23917541087006
4700.902851417079,7824.913109116473,404.2613764326581,245.437668636259
9703.964758146769,9621.082894598165,1390.5756330203071,294.359281579304
3194.2923084052927,6950.5930173599245,1165.2481892520098,254.43872471331235
2610.1994953277153,9368.483933564978,300.2282268853599,177.4000409547216
5910.993056426801,4661.060887020492,421.8814945571093,209.96770695455518
1360.8088553621405,4859.3778789200205,481.8894978694981,281.08953280211716
8839.1939652293,7510.479880237119,80.24362253604095,119.40728476234624
5820.45247941208,5729.504204318218,660.999913057604,336.2355834362568
5757.633578029003,5408.967626063661,1085.9783646345631,331.49924745389575
7112.286022891517,3415.5528402032187,313.5369448946797,124.52745464028324
5726.406637568852,4971.490518205028,166.94689385792725,275.7627379476934
8409.95593154008,2797.3021149680253,1121.184842536008,131.06515299530602
3577.558940866682,5608.479950277176,659.1086376975172,22.1636093126131
9257.44776447248,7005.796277468727,1413.3057543409104,316.9536118184553
2682.9153148763535,6134.419474769154,559.1026121183712,131.3729704947026
9819.470723539263,6138.399628279339,168.86241409305575,101.83862913889914
3273.8693968039383,6954.899038816419,607.7187706758244,200.90779259226085
6178.357530341176,1902.649774867975,246.61561483261968,128.86472474214776
8125.459772473897,3488.5472497903893,780.6367639429197,139.41518637493445
2587.7233373283334,2819.8115304720395,985.0110944804903,29.348276093467863
5046.008544748427,4379.382939421021,830.0446536918648,142.91683766074902
8753.627951277766,6498.549124712851,84.5412478616858,231.962627184617
4577.001160517721,6170.348236232386,1007.6444577669804,238.39277333707116
7014.339856361023,5575.348001464057,549.4811099540417,180.37827717468835
2226.910630751151,9647.992282879963,1491.8588391332153,37.37048930553513
4456.079226750473,5344.010600040605,405.5987174138374,215.3174567884437
2276.2987691122053,9251.562651392276,895.2923401707313,186.42185405596834
8756.879468386494,9044.146999318447,393.57286213155066,250.4460100612228
2893.7023353875875,7379.117399765592,1234.9642328648933,266.3771148151091
2125.498908105469,6940.170017111386,278.657276015004,48.83349914294571
8063.06896095274,7288.578906829847,1102.7255727684126,71.9498663462952
4093.8369540221584,6071.928441656042,1240.760777339225,8.128273190198469
3295.109925858201,9194.59671543893,565.8624237081036,275.97938094813406
6534.650623583309,7761.288851652191,613.4459198324774,166.56225179739337
9330.317954162889,2950.6438699515543,1256.0945467442316,300.17220942161964
1382.930596967,8632.632282509832,828.0634025251866,149.21638059704222
5970.59318650985,9630.491748075403,976.7504024955263,322.51499916993725
1941.8053822538038,9625.464959920064,794.37427643525,140.0015696387792
5400.09228821564,5146.062232706609,1395.350389639755,325.1313389040991
6174.345971501054,1274.4412889628732,967.4040604957606,16.093315440765227
3562.6031283806115,9782.058415412313,95.37602917971803,201.20038442204665
4088.6033817032917,2559.5089577727244,1018.6112151410812,130.0063464717153
7960.750094163199,8403.141814734787,1439.2660361375579,272.18747196122484
5806.587756128232,7775.424296231518,980.5327884505725,27.472600559466834
8570.645067623936,9618.796567193176,962.1076607644806,28.3751610402141
2670.7652349971245,8155.252027605833,1026.0278286357482,72.57451224088393
6729.918909258275,1256.7357653854529,337.5671407985207,82.66911896087299
7352.724021880011,5361.277212328612,1347.970282006861,324.049699690292
7320.251593554598,7213.077652821686,412.9236508578101,182.55838789326032
7024.673566093643,4634.277801700491,1128.7252059868372,77.39571009686549
1161.7049289206564,1853.891242817279,738.1518850118722,350.6137537680493
5642.718390336527,9307.445938310357,398.7230482174366,295.1036347690725
7205.020642999754,2172.063011826792,129.1899680520117,253.04790919191854
8347.170961166597,5279.591742085259,1231.227944047111,226.7286781239009
7157.996936943315,1804.5951048415138,440.14555861755025,69.64605237796444
6131.446127367865,5622.516724903281,251.07031392836095,207.2383620922331
4679.35029710769,7336.688610130495,362.8069096918318,248.759811873469
6655.326830576412,9783.580259233186,801.1253605292462,278.75738945158736
9651.726235625587,5237.917628792619,678.1905782656687,34.617513287006
1918.722821502387,5781.782922412009,921.4025610118987,352.17291268208163
1566.5338845797305,7465.283239858132,13.335930306112145,71.7659894900823
8490.85544524448,3982.531102938349,921.2782487641595,101.48429354940562
5974.1293491697925,6792.636636840922,901.1097895576521,60.0150851935746
6690.983738925245,1331.0432776035855,227.87048059837576,295.7100708719756
6239.970808507204,4273.243306901528,114.97690607478891,170.17709811585308
8999.091718846154,7389.885913510592,1326.142085572219,243.14278715748182
4970.907945340452,2862.1132435092904,254.25878865229188,253.76474929518025
3615.902037772796,4799.718457650981,1459.663333925811,187.43092678431702
5714.020472199768,2472.573800882944,264.4167743658502,140.1701599006626
1343.1925540872342,6858.678110388747,706.8758916468176,104.19238012013194
6356.925395742576,5015.324787810014,1201.1724743939612,250.95257333821897
8323.416034913855,6491.951721920357,1319.1780049487181,294.2603461289169
9877.397954780454,3881.5751341907967,327.6729640382886,160.07505068942754
8077.098487197952,7381.398363887389,846.2479980050025,220.07043109333264
4226.207261913331,9496.993488770797,634.8887222393507,221.904893728207
4339.568404059722,8470.290614428337,678.379312325685,324.30080932060474
4470.183317272196,5782.569487089771,1002.30250568367,47.505154472594164
7179.981768140515,2878.849581871316,264.47631280937924,65.36943538128229
3300.9363700548724,9218.40101177889,1237.0292459576383,94.51770626376864
5790.097709927301,5827.240983752156,749.9173365276794,141.21718461095674
1541.9812854067673,7795.298755985237,587.0056652922865,297.12663440427184
6215.913471124767,5107.126282835168,853.6925423476773,243.72476681429512
1263.7310291469444,5919.052559847876,473.4143609268708,209.69058195601818
5932.013093759912,4573.211330402941,1415.9668565470392,320.2426850424452
1588.9495693474282,7790.900027362115,95.19072915349498,85.08073827365736
7542.810961140953,6572.1022199867275,990.4789224072414,302.6320539005572
4336.86590529431,3206.6348326165707,98.02117726933656,25.146524630760073
6650.0972800457985,8509.80387280812,1051.909371228851,54.49650767821926
4471.075390534932,8150.714575227082,508.69093258331037,353.28114025999406
4535.0122776860635,4428.04524855407,1277.8868287487153,15.025363495383145
3989.329040358848,6316.885624571949,792.4084021763965,245.28369601229716
7138.074014876264,9015.834771009195,293.4439957448826,187.71597684054979
5570.599606076839,9151.223407814752,833.4458063929554,42.459074660420065
7874.581535977818,7778.820052580059,539.6676069794643,189.2359990135434
2270.7603551935317,8797.5524389217,490.7136079535345,40.47687529803449
6648.828224672189,5238.304027169065,1426.761225621167,89.72611325251164
6772.4125882164235,2147.8507400289773,452.01389881245007,166.292286472191
2409.534919223347,6449.65356480804,172.02641512550923,160.28843360703888
7854.39670273111,5466.563731291777,792.4095524442332,259.91800895191676
9557.208382643628,8799.420612172005,1094.443784887464,215.69271196976769
6382.5457132851425,8097.873164657508,453.4482708869389,197.85935188669922
2278.264249005557,7794.246270253177,875.2660971677356,210.52411472154336
2486.778121116755,2366.7111374441,1227.2918170798332,12.321145181509742
3003.056407114173,4822.136315057325,1395.5637512154383,128.58423711839734
5614.419624399632,2098.0571761187407,1353.0215343731074,208.03658444198282
3224.799006167146,8965.413071323655,393.38525662532595,333.6525654918595
9217.749429107436,3016.800984791804,360.7012176331027,145.53543854635024
4642.471614167565,2796.994331460589,393.6569516164541,50.04835142324428
4059.2887942423076,2448.401388293273,606.4778857971785,90.87639116824015
4607.9350035622265,2166.6903894702978,670.8106221774675,357.1661366577112
9114.49571963547,3806.0185279677607,1281.0282300043732,75.33112258699919
6416.132091082127,2130.396674625853,1091.9346682796684,181.16572607058438
2540.006495824069,7145.344150774295,168.95976882014722,36.04853533318502
8627.123918563932,8963.996571677104,1237.3639413310466,256.35244268172903
4810.400912525687,1887.1421596152127,1181.8211597246016,9.280625096887519
6678.32557967395,5940.641964411494,611.7765761328073,4.960601344128659
6137.350328336228,4293.301197625387,683.3340036169906,220.06468208901646
5782.358144953083,2411.559901329597,493.9103218654695,214.45803190837793
4154.077934224051,6825.4220548434105,669.3670100152252,276.8290865141315
7803.413805639322,6828.336248919597,1277.8574611651488,352.66125639490264
7864.156613230225,9350.282094926271,241.93972996294013,259.2262456696931
8839.439797668205,6637.351162402341,129.84883404496338,15.881982041777636
3948.6707998403317,6210.005542941514,1045.4509951167615,282.5038971648232
2984.796081842011,7556.153378780434,2.3490485218051393,168.03952215424042
1663.4857566450914,6748.851288841781,1020.8279116577337,233.36996395142984
3131.3037225142566,6897.519981737167,1257.8754915485845,288.0052695228165
4745.965562184545,8738.553618723989,858.7169017499879,58.58349037564494
4436.571431277441,8437.158709876914,973.5659612088973,238.42674628070424
9478.440146621155,9385.220544829263,1101.8430390486978,257.71514275315275
2244.498146578369,3178.1669518076064,807.0183536271987,218.87078390003455
2341.096752912803,5567.748935745403,1032.4203713486893,254.14033588349196
8570.628810362905,2727.7828998238465,1266.8279687796348,285.61515828377134
7504.292707163898,3520.036296030812,1098.184316722457,35.522483402339965
9734.058877918833,8825.244513336842,306.7768514996727,333.199077582178
7166.149274172101,3596.7584376373256,1035.8126148168792,226.11842693141074
3304.3907520907755,8308.175594728285,510.3952526837045,351.5040686930958
6472.178073501282,6101.943454217402,129.58877138050997,292.92114792167945
4585.180272035015,8341.877058489656,1181.4138909511892,13.30887250967932
4385.734698449753,9358.166917259483,407.58650571000993,145.22064167316313
1584.4499699770354,2864.4933517657446,1217.0066682654424,216.1122019061635
9608.506183628573,6197.384211214496,540.6181682617894,293.4643535596193
7393.921156665222,9044.482322695487,326.46991370881955,310.0863459244362
2839.4477841463085,3197.961546838486,162.35427921474454,297.04534435860637
6590.6268716918385,1888.8548824696227,723.6229543979824,353.52498401787693
5581.5392975660625,6847.687315405002,1346.0855240386766,306.92748823286263
8213.135607320262,7567.80079043579,618.902170692559,295.07313259417487
4244.978739393649,2885.0956035276513,1476.871498249668,104.54441210798777
2054.343198522586,4740.83406188626,1242.667771593823,175.361063293875
9768.092739205847,2247.3727692748694,489.41703455306936,315.2415641932079
6204.972108832764,2583.3529864062384,1241.4156284226679,103.87403799926092
9731.984071698549,3809.5283029650923,124.98248527801329,343.1580482574922
7727.363273942575,7097.9897768355,1415.0360870718139,149.96323844408977
3015.991015645759,4189.12016410328,918.5435859019818,242.3005869317017
4057.530823045612,6911.252191307557,112.5184140510931,264.9370317656769
5939.303496164603,7789.464217336503,1268.020959226006,250.4041128482857
9246.09312749852,4382.154106255445,324.721666912059,237.4718977807063
2159.2934499851253,7233.805268592804,394.4069041048276,334.6942116132894
6180.807837417291,7360.938656286092,783.2882017865334,77.5150887078075
2144.0213805304156,3543.996038026321,575.7946679689097,163.38169191026225
5042.072913761442,5163.629245656532,750.4580693633862,122.87257063096428
7922.045383998847,2670.5671416887017,982.4689227188526,286.3078312259607
3819.2776516170507,1338.488894656132,457.08927745269267,199.3048154515732
3197.8665844204256,8840.343622270753,811.3479648597681,213.948499160351
5029.359487442573,9580.754948721044,969.9407760230995,216.51498250705978
9761.240839719221,4572.73311068674,1009.1077421973636,94.63312981098733
5940.982323591766,1396.9202213204107,307.01027984657856,174.66654024572304
5364.319563504666,6661.313992649967,1156.1131890731222,256.214146750695
7097.602514027087,2133.230502510592,1055.2862929191683,190.8677080012142
8340.7021196745,3962.0909027679163,1456.540859810411,355.72137841647753
8636.274995903466,1687.4782877955322,976.2740169562228,113.1329485689811
5795.068298283532,8620.97908510335,230.03847607542798,252.6729563282975
8661.830873006887,2894.7726030726135,479.90888941542363,266.1611055661215
6092.57177641437,9183.68378712421,1301.428217564825,156.66150373186915
7151.898690695089,6693.616673121121,1376.601961200829,111.2379794937263
7230.208002647832,2376.335984429989,1273.5030295518975,225.78882198520463
3676.574956452196,5106.729270985157,575.6400184476496,87.63023818661023
2565.3830812031865,9630.877651522444,442.37245016239945,333.605549361211
1244.6951306448154,4773.9323929883585,546.6293978531997,44.206388322841825
1412.5946361197539,1423.8815364077561,658.341622593796,295.0982672289084
9770.988450555631,3902.875594366863,559.7804664761468,257.2003064906205
2299.2354898481244,9030.983472727483,486.4388495847803,261.86954009423977
3047.471607366638,3672.249926979099,1348.2833935288777,16.26606796266271
2323.4608890381987,8793.19541617795,942.9186554103709,57.13972117340816
5494.239997480253,6859.003287463811,690.8138144867693,52.76127857983492
8042.325113773357,2439.530701323739,1406.7879112026985,295.74217008230846
9756.564274868711,4710.545464663672,505.7266929874038,338.56064770536443
2249.508231293511,8711.372163468452,1452.425632821056,301.5463771167066
3695.2841974455678,6847.984864480467,1048.3826340594878,263.61825301175435
9373.06688354932,8644.875254180057,544.9664575226216,130.43261169372067
4879.105168051691,1943.3775723707242,239.10863969128533,350.60388836627743
5291.502742029432,2644.5608565685043,91.06392703366193,128.42221187129456
9333.74761564745,9598.294645343103,460.1917078178837,32.53262408482726
8378.376545106654,4096.704018066166,1100.3233862957593,253.23923521628242
6371.57584235388,2429.595687461742,1230.9094366436586,15.103624499128268
6225.13341119165,3376.467656286134,312.00456576551716,68.24980932438666
5177.1115646015,4838.809839202935,1037.0322237304708,311.47568401279204
8093.545983662343,1723.2897541070515,1182.4167662142995,25.589574165563995
1766.0402829267796,7025.524872579349,1083.678514690932,16.044622495901535
9908.627243346877,8323.428842105091,795.1933102462312,215.21987875720973
8924.972679771723,8091.495733370977,482.97927715838614,183.5318989846477
4167.097419839761,8200.790723799008,304.6509160597844,57.49893207613797
4212.636515050619,9464.731536460537,410.7777715662305,185.63196885136645
2426.660591368319,2896.315504909997,520.3300053669237,64.06881451691879
7795.012591957244,7461.053698930185,1411.233230692575,262.89069117027515
9454.221410963095,3656.1831692149185,858.1968226193695,89.0306764432181
2479.129910651097,6919.167937773333,857.9181745129438,237.95130375539583
8113.2209648378475,5186.800216357568,675.4686411425276,226.12696110950714
1318.666139928527,2510.7028731253795,770.1701487480843,116.78568326770609
7226.5887813737,8245.490216950957,1285.4370572700805,35.98005194116865
6412.486816678267,4842.276478783511,504.9122116232431,262.72029967055647
7997.1305489663955,5387.146486609331,311.8040556992972,234.53185992306882
9146.127117856553,3733.997282278953,688.7342374029043,208.17106488520446
8170.566931845829,9967.611850736797,657.4369201930002,131.22381943107894
7703.712326695094,5205.1972977451605,1461.3900174452717,2.2092004122200466
2441.6065314297202,7662.318252427862,252.38636604603533,95.46343882519714
3076.615894674828,5255.391473668801,623.248713690882,40.79428667311039
3238.5692614402496,5047.203938913329,1404.1349453774465,151.05104586634482
2171.103715572227,2190.890995618661,931.8335871006923,191.80910460476616
8981.146681457378,8039.315690779302,601.8627277954852,100.94240424649013
4817.123953114366,3175.792978645403,1251.3100918244504,122.99695118474007
2174.7672413565724,1741.8018005930558,1018.2320716450266,157.26251245398882
7147.414087209666,4055.963543033266,47.81625782761162,358.2336237272067
4226.430938656604,9077.112063470984,1475.8115056700447,355.4716882958254
2972.5852576305333,2308.560118534576,131.2299750024697,274.5793657067272
6488.369071052286,8420.627076153614,1126.2999626408111,223.56675113276125
4091.4323245172036,8814.055291600493,1375.851207513617,163.67011571913417
5779.0930275208575,4573.698327310002,1069.3089502248147,95.66321747888354
4407.007177589479,9214.27023459736,83.45373793202586,113.66574915064814
8270.383194934686,5168.1065208795735,1234.9568336175228,98.97326634726213
9840.253966287832,6191.987118965371,1253.1969426204964,335.2863843227768
3220.643842760332,7479.381778676197,270.4030767485624,145.6776047028422
8789.210052183493,3442.5720713833016,191.55388868686694,125.45167581617302
4977.002496961561,3339.183331290102,821.7956006350479,20.166262224039958
1955.3856003371025,3529.6645310032127,482.60767858411964,234.7341667979216
3526.917878573284,4827.067764319667,1398.397668807691,315.65063839098787
2519.148255762312,1820.6616516240342,515.956608440801,338.6397729102699
9178.204992067462,6004.161879917973,426.00179513520413,253.0233483930502
7017.445730790315,9575.371389935679,803.2045051417878,249.36024403860722
8617.14896437995,5360.34994548997,904.492265387141,43.183579987544036
9737.355675188819,7626.261693053741,900.8962207669623,285.01896298006255
8890.495469510704,8371.164317330004,860.80595352288,249.9368425096474
9671.000530062076,8604.039034000234,161.01066843269587,256.5071042691786
7782.234133949741,4832.27311832543,49.07904174251539,150.8948465362088
1984.1221965316963,8920.842690244172,308.3729534402078,127.12925941551526
6521.6129875645565,7688.2655044235535,1479.0848463712648,14.050755660103103
7610.261240375267,1356.6319834922015,626.1442316244805,358.971192311539
6098.513964356656,5563.3353255281145,1035.9617589557797,119.4800194139817
7899.49412813437,9880.774018829348,205.3852789294443,157.91202561435136
7149.831635905095,2204.7448174850438,241.61453495326916,329.5741721094092
6120.448147518001,9512.994074122766,1083.267348255123,99.28319373612624
5829.541689265637,2990.02356366244,723.7984617325171,199.7119595492317
8825.775337226518,9814.74290647439,1327.9709112538005,309.3669280824053
5889.272157975507,7854.641051721346,1225.4440745718996,302.3551014643168
5538.567570467231,4636.407448359039,332.8842765141666,338.05135703745384
8048.943383387132,2182.600799690275,55.13756552345138,100.44795002910854
5011.503117914695,6176.0022854550925,551.0158284383106,19.741039061836958
1989.0046856359377,7347.362394766545,1058.2567225049527,268.1760115820226
3682.154845995497,9345.049395261463,1316.2892045509025,99.37756851416113
6596.770588507665,8433.162135668925,1268.056148161262,257.7291275478696
4486.936843396168,5542.443215748186,45.716755080432684,126.51443560338286
9471.738057938686,3348.3012526363073,308.42690783238766,136.54147860329286
5832.029557974048,1773.8984581618831,33.11875318523054,4.654271142652781
8523.786670163077,1770.8547958785605,894.7632569731767,203.08456085233735
1795.6835737428141,5499.732251169222,1166.3569318861641,314.8371609672626
1507.7264383697652,1913.6369949379591,819.4461538541071,313.6211422003426
6249.142216917367,3433.301137662216,601.7979835919135,152.096777831823
5522.583105650092,1891.7072831570663,518.1901099870587,333.5568904328731
7093.815404759669,3570.5190127616565,1170.4623836416376,280.7010560453725
4912.96374304169,4423.832126369899,1318.2789922921688,126.83652254746956
1230.2365695588323,7340.777504456098,442.0270249581956,3.310355136077656
6164.278037391433,2644.554355913243,463.06180093608253,309.80695232749423
1776.9956135690713,8628.963402043526,72.18220484692534,356.08473276021596
3629.9433133239836,4313.307833825929,5.203641733859864,10.727580230318896
1807.5018107235665,6370.332714142974,387.4331991560981,18.638437501589397
7866.875464911605,4012.9444784376074,186.993483431639,21.054376470892404
8513.226621074733,9892.913059144015,970.3121379722472,74.15499185920137
8458.75735040232,1982.4505674058819,1201.1910110872634,198.7122179478273
3460.5026791222936,3518.580501386967,1099.7780324375092,224.9690191363626
6278.742896730308,9290.121883943808,1077.7572462362461,20.331563429042472
1517.4084450787514,3454.4047802811124,1426.911883928157,243.74688350728434
5441.994792582041,6785.880195800889,1466.6009504463002,176.25321830019035
2132.9853286815433,4591.152157959774,861.2517825578484,10.7812984280472
4162.687509987089,8072.5178692345535,245.62706752266737,2.2491479607275098
8275.002743245663,7017.4971789633155,1163.8505106287512,95.08563432523874
6115.001116873309,4572.362489342959,251.08389102341698,15.539647877567576
7062.424216052921,5061.557380500759,602.7108612093465,251.28334111686536
6202.905705711826,6697.973354663533,388.9632121949149,121.08250406671358
2359.1650310624955,6465.7261521856035,1004.929888057297,24.560114192616837
1588.0726390158982,9926.29225862324,580.3874868822016,103.54424276869167
6016.140923941837,4571.740363708732,154.31482153104696,71.12146985204568
4701.700822596329,7788.686300326614,1271.811324643555,235.731799126794
5149.599649409209,4307.614388939295,713.8429260125264,28.980624426643317
1571.6819562239602,7890.952996882665,569.7824511845456,35.569282653050735
5412.27533309538,9473.716488973836,1456.7449422871948,39.78763552766219
8297.075281076051,3702.481710037827,811.193077731007,278.3437210351059
7682.5594945972825,8238.16258677847,1287.9533141232625,122.14142178821065
6413.215038940384,1358.8355135629422,1467.318190614094,207.79099755207724
1486.402097659186,8831.341983927288,510.19034644445094,252.31999233255746
7335.146748932975,5985.721782514432,190.36318822712295,25.513067636961
6475.052847244095,1893.226609479871,651.1621429491461,35.69673754004324
7594.383047820962,8327.891386571802,397.20466326326414,260.2089063194718
5186.272432099788,5325.566684280995,978.1051532811684,288.2929581648504
7815.316920414015,8696.205140665403,1380.357331239136,165.37904802887627
4229.954423274017,1576.2189554809916,710.7242289811747,104.22488544009059
6479.617983766149,3364.7408557494705,39.08348094231991,233.48544081145542
6700.148474716585,8542.155388596715,781.7066879564236,329.8787519370806
8573.960873194232,5710.464830966295,61.635290877943156,207.5979967523454
5450.783186291979,2173.7638867098167,842.3812193720223,171.46745188145132
9021.506693244643,7317.999949499405,143.87916802686038,180.79053271826666
6024.771084592668,6316.527533448699,1348.226727752284,70.13648027050652
5441.498957721719,2238.8442892881403,779.5183999574742,12.442801688053997
8245.429459344305,5901.999682277359,464.4116164375802,214.88075534878186
4802.694328453658,9235.07371684129,1331.3638990036598,221.51778190983538
2278.6188427616344,4609.814477036029,1270.3580590699148,334.34333995474867
8076.469737481616,9506.877076345794,728.2033427632504,173.21013740498853
7708.324763877532,3626.7131246856056,1341.468045529846,181.39048964094152
3409.3720682142534,8272.340997238518,1169.3358725714304,251.07009356494052
9469.828202055089,9918.881433659259,370.22940515406043,57.76646324635527
7169.304321392367,5229.639878047406,219.00797763409497,274.2135797484694
6941.019934640644,4543.51861537371,328.43386359551704,245.3038208823985
8316.894398373975,5898.255353711735,1418.2216846762858,72.32615484677399
6475.245896766535,8513.28329253487,831.9853313261965,324.4451621555586
4505.352220524654,7749.831856802959,876.7622747257279,252.04424727141696
8908.447846772653,1211.3673747964303,684.7284457109544,171.2815082076481
4949.347324075738,9734.278463620054,730.3332387692049,28.385559682616666
6684.530361485225,7187.196537418452,732.5422657736248,333.40077967088166
6644.282410549941,5260.627951706816,389.39849883642296,109.09758738968722
5806.046567505062,9850.844529876762,713.2780049447096,290.2181845107002
8345.83206850379,6904.963195742037,1043.659260833837,200.57514042416886
6908.3223721117465,8014.320665801399,1385.6565551180397,359.25725807402114
3539.871941895567,6690.582663382501,505.9316152078157,319.5381653881989
2390.6298785043455,6652.043624951683,67.48237432229256,248.09371549678957
2964.2526580447925,4176.994959767753,641.1497246343511,154.46533321127004
8827.03105265476,3666.983987349141,1021.1372901341782,146.61587474971282
8820.02549320728,9597.675081257608,847.6301114003008,163.84174969387735
7823.442429026795,4840.054559369495,51.62019778675213,130.6861700486718
3894.8159157715277,9100.293061171978,487.44147207623945,325.38766069485536
9544.558512430054,3531.486605965907,109.90436936942635,205.2452793252021
9984.468408631383,1385.2276547847223,824.669700711058,9.079447957196159
3990.7868127443435,8813.598386042562,741.1700024296526,295.7027195416837
4986.159241718615,1927.8779892090247,979.213933927425,106.11281359583063
7560.564947685068,6780.834313070536,246.45112461137123,322.8687633765056
7375.357057495139,4016.933421685708,1329.4720743639616,296.44353409062205
3713.6601611003016,3964.4669759136345,222.6712197340781,292.41222864397804
7346.725960357478,9147.581603673116,794.8324272031202,46.61761466868347
8830.424257813784,4228.307054576145,514.6711566190528,228.0499136938535
9030.673008005906,3842.216207894419,1116.9058123976,322.0487520081616
9739.681988197846,9494.460550699814,1247.0723251120146,305.2464415368041
5458.886185261777,9483.777959196505,1132.4589570009325,188.65071282431893
6602.133195850381,9714.789387161973,691.9436940849135,306.6071121032329
4567.86035962859,6100.015624404328,447.8610185054916,37.9478659380071
8749.294457922326,7354.201289213789,441.0346343272176,211.87716670011605
3500.4097237987075,1366.3584948874377,115.31739958252389,313.817805982932
9177.623433685047,3962.1635908213834,6.416871972051181,357.24163581092057
7747.647112032533,3193.352931722794,1219.1256379561885,17.602343607311816
3354.1676011213085,8580.80760398489,1440.9851760596532,321.4471745746637
2028.2569925261196,7390.1431331115855,760.5223378870469,227.98821840066068
8871.106732279528,5764.727729197745,604.449993165286,77.9951469191939
7739.035512954163,4080.9541723259936,307.91026430321267,333.01155325421405
1577.412206396226,1216.7214505354132,1224.4978817396066,350.6339259552119
4208.266783413475,8712.986574857696,484.2432125521284,238.51122628078414
7659.784078182711,2464.5893997280446,250.70866176017248,75.51155311968994
6183.771910089099,5613.316029101778,1325.3436041944997,123.6392781395663
8219.039913506924,3367.4869340487267,243.64019623476966,132.1271913936889
7228.822453428967,2824.3836823961537,238.84949707272298,344.19108665376444
7128.7384544510605,4600.92352207439,13.700007882508439,89.58846368373946
3126.013561267493,2827.1361453440245,1428.7786973215848,121.75568281206796
2451.7466597211314,7474.53549440952,399.11269694735785,34.69223711583438
4296.2399355072685,3809.508268825932,698.6779199718186,56.72732077232923
1821.9790043041844,1109.992372000852,985.9405338253895,244.3398255590704
7237.678004607946,1760.454466578546,767.5845518959434,186.18722891665922
5011.984320871703,9568.85802603868,145.93295880199835,188.13795156779045
9214.536583734585,1407.0444461298584,705.1745311626795,122.70865103835727
2789.714863695169,2701.1505584303477,871.2063903494976,100.90982220587539
2362.5383112727195,7037.680228743641,84.48340381281311,196.69359516356423
2986.3103369499977,8357.704968746748,1048.0387935148024,233.83727120517057
7564.463572490954,6441.29218038985,1081.2114052845284,294.69174076920575
6261.269368804913,3922.241676995169,146.94906851771267,66.79427532284645
1325.8620328726063,5027.400827517604,453.1051944341152,161.49442891661693
7855.518050413289,1668.659876214824,975.8558181449642,355.3004138530664
4420.245077263764,8987.196094934208,954.2938506405887,266.3205233404782
6953.977602712297,5261.3895859392005,466.8241813114961,346.2580598439909
2466.8368146087532,7744.61394475141,817.7779079752415,276.31298167114403
5657.146667850154,8839.434593271217,728.349136876367,326.5068299847452
5195.65366830072,8013.870455683536,80.34511143880532,125.22079217388722
3196.8390442339132,1445.6813398403983,1128.3874159301818,261.58794913861755
4901.0296445863805,1200.0189922192585,297.11533649263396,80.76933244722234
6882.919937875627,4420.400851007147,567.4394243553178,264.3094413828276
6379.34305662211,8839.27356945519,1292.0376717257266,198.62287577051626
3381.535100041682,4496.366731176442,1104.8741988772176,30.834557319975367
7063.022403379792,7450.95495728484,752.5159336550756,168.00694987908724
8427.685438932196,4560.324566985035,806.8695244014993,38.012594357928116
7503.866435639277,7369.344580994992,929.1020706544666,28.24408924536491
1674.2248844877522,8533.316027218389,1074.500133854791,16.8961696167473
3445.888368535874,1227.9990340278446,1408.916005738369,321.88354929235356
9553.655397944853,9165.860289716375,167.1728188624084,358.72301078355844
8861.195135247453,5032.028795934128,27.463777868145872,182.0401969549729
4289.0146857420095,5577.755213406569,986.5447395955011,128.4645407768274
3833.7481386593267,1457.88460224563,207.23631163186178,307.8907830481172
3074.1944773104697,6435.293398242547,1264.7057555645968,49.91500765291016
1736.2058981293933,7674.277478396028,199.03428739898743,170.24865019106284
6562.265160849608,5518.412350397836,1385.9825028422815,112.29221108767862
7561.256168347236,7802.89358285478,114.32188471211535,117.18635132902325
3607.4962591644494,6503.608415223804,57.32189710307122,63.18577387067581
2660.3420647392295,8969.130278644705,1154.220762657191,103.07833041612439
1634.7158562019454,7663.741743991194,1335.2647713215815,260.3667695610045
6453.292955506357,4679.0199568659,302.2738724922179,19.06207401245755
4331.990421383541,2541.58810653373,566.261142442978,338.0035077207863
9155.551675881292,2870.3387036010804,455.99622745988717,280.6875107448987
5616.539079112075,7721.633521583997,206.09026713716207,268.3770426018834
1377.9501624944487,1764.0564594334705,936.6244281985661,246.59987118031378
5729.25983327591,3389.2860829917377,647.1984881036482,327.089388927628
2695.9998990251615,5208.995560998938,1100.4191284366811,1.890960911404638
5484.3890088152375,6032.025375715567,1016.3348342212377,20.392331919683404
6117.17831245837,7796.80758706496,1366.6904296391774,215.6623898365866
9719.176572130138,3438.800308936222,467.55975737679506,159.56081124464527
2228.0621664990513,2174.6622513419734,1035.8247146591127,216.90865498427138
8942.414367221623,7359.950148050898,614.3653115129041,175.29865181796404
6327.480162152724,6717.75545685544,1284.1029768782469,73.20433645034801
8763.257508262333,4398.582467899318,841.8533710307444,306.7725187376834
1261.525580614288,1598.9710092968635,1466.9420810743704,98.85736891108782
9967.376156826074,2689.6007251620554,966.3629224464778,275.14214442748585
2458.1751180492925,1722.1747224945407,1298.4735323620912,95.85321472773322
7325.897315647117,2322.6205743763794,1494.9957486209216,41.71153151091094
5483.712519094307,9812.442169845286,868.6746495574251,216.59995480461376
5348.816284429066,4595.127777550133,835.8064875098946,209.29116979270623
9490.207757915272,9539.6603139466,255.1071075391029,260.5465879354434
6981.618579167787,6625.845850614008,351.8343175006785,304.27134954618504
7783.516573253429,5264.976531544165,1326.7874082362046,233.2134193783572
9254.119866574136,5725.349370552563,1476.3059488783467,197.74063748713846
4527.640546909455,6375.328969988732,84.43501205641428,319.895997809344
7487.489211839064,9602.134724718027,295.7442666504408,349.7674821604825
9898.557102512445,1662.3983724600164,745.4822035477847,340.60188850217895
5248.468650334789,4769.113050376968,603.1725726858845,43.153288274325426
6197.599096303493,7961.4096261505,1347.0991105971343,38.063315075086685
4303.859532493826,6548.586730764762,945.4795523561827,311.94434807839485
9072.975418482589,1617.0628597869236,1347.4728097203563,224.2915989190772
2789.562432203482,5339.321162586759,375.1011612234201,191.3167790183724
4644.90097148425,8159.683860527989,554.4356915484583,192.9965030366704
3078.5414153479733,2350.1663569585908,373.02573334641403,108.924131188797
6779.417480195299,4459.953435710107,652.9818990948336,235.08804666534806
5638.910669583061,5513.819108247458,1034.019704043439,145.6548300178888
9772.495429190745,1548.4193183371483,1247.6997449642945,175.5371627163266
1105.6330791348923,9776.723588314082,1225.501347476029,297.4318739018607
1232.6599227622332,2330.4756773557783,13.40287963621097,46.63322901083725
1754.3400836463575,6481.404662239706,71.25145615296832,312.0457770806139
7582.4252201448435,4385.272747983871,668.7282479303981,62.051577102654896
4846.281306983978,4595.529925732826,190.1791698677282,65.91520093123778
6301.05639612433,9122.767971601843,1153.0198970923022,32.924430604525995
2812.6899428050133,2533.9132041090074,230.7304248201657,88.57951884665157
3677.7993845056767,6187.1213742091295,3.38967582875199,109.96810201571762
6456.99386907516,5288.483788052493,806.5280398582271,184.42487184033595
6927.749355476247,8912.617456793878,1228.6369352180145,74.67650858248415
3775.3963453591477,5024.580528354651,578.4882451300424,81.45590732720862
1800.6392462512222,1830.455357542467,1396.0614129133078,56.593399015466666
2321.661481340626,1238.417012096261,1099.6911005218376,53.616803106826026
6070.225440820764,7548.41848159543,1455.3361688483042,80.03559946936686
2513.1813442587377,9143.18614672793,142.3934636565149,158.5600263213208
7783.286900987335,5499.6283590674775,822.7467019556843,295.9961028780324
5494.1725511561,8436.349643238384,1224.5433479676758,164.5896597669636
1503.4516632680902,7751.645619768858,1471.0173529020026,297.49726275967544
8269.713116804163,2130.3762413665027,546.4844161485462,351.5655020058789
8136.119596819897,8581.352823182322,1139.4885084868088,269.3485125949128
7415.731239623978,3173.5331026827703,880.5079783746527,45.78991158293637
7876.881316498749,8254.497366282436,604.2333184999006,3.4582712236409314
5179.019938867623,9583.46613607461,897.6720031141728,172.6053532017766
2426.4134528801405,5978.594236597843,306.14878641854,262.182635286045
8864.94920927877,6212.487166484326,1432.9751743317527,300.81194401447556
3741.104780984241,5868.437572026069,674.1897327080463,29.533395920277364
8114.562215248008,3635.5943750186566,929.8915474596023,126.72803539710985
8387.667537729987,5687.9452854373,993.4219882795575,71.38087443247997
3719.207319038601,6015.795338743112,380.72241854337244,212.57529824688552
8976.0364762053,3020.075146285527,1190.5529159611312,341.83309619298467
7095.205186340738,8043.354223905426,181.77085715199618,116.09710791974967
7942.985581314537,9224.775634905305,876.5678083862405,43.9398072168113
8692.55555076731,6896.0708175375075,125.40778174886535,229.82514337208255
2026.9090831257429,9698.497396375542,484.2599899918543,299.17359679445156
1602.5847178294152,1710.5227188798126,652.9518139788937,250.1497993347598
1762.6878924630091,8949.261536567561,155.65039632154,277.92736866804773
2094.955196314667,3998.243165466385,674.0099022045443,169.88318230108584
2908.616445046806,6670.377727057002,88.71238363161241,72.40205188346368
1745.699298590981,6287.375031583048,368.18251606565633,25.48184131776552
4433.6919298565645,3037.495744201178,473.0741766419752,309.18608350155716
1163.484825565547,3765.1623152923557,1178.575237684008,63.33097609381967
7604.823521295767,1412.8273560081298,34.651760764395824,151.5928818439497
5449.483959207242,6441.289042530684,824.0147340618239,43.88360761414193
1794.0985732032727,3055.04418351651,465.97070023260954,109.06236302740382
4356.403967972207,6422.747040725879,40.85726650751206,128.0301332051098
4583.961242892432,3339.2282542062894,597.6065951995579,273.1942667262863
4322.046091320032,8519.883641984652,1104.2583838817225,55.296761365794616
2287.3256642908073,9090.553406224682,1352.7376778222635,8.030566703754008
5472.585900173638,7948.798164558015,92.48913619105932,304.86935710560755
1497.2807956647043,6849.41350344245,1337.6199248554328,320.7513969643813
4113.042638847779,4215.842066911717,334.8060947184381,151.79482409513523
5959.937548905204,8184.168085126776,771.5371887209144,333.3146962576001
1909.797419319401,1306.4409959650843,190.89072628565074,191.62249599948558
5585.463820220722,3340.8347954334254,180.20884700866011,257.1153733986
6588.772890420944,5720.203545130306,1024.4880402786018,70.52624280535919
5927.611204193965,5808.817003521301,952.3719813400413,115.0620178598842
1184.571655687467,5931.0568092381345,634.7237185707874,162.61721043075337
8757.812710542188,8688.62359137447,469.3851269392346,58.47322140716576
9264.789760236308,8417.637963015433,103.80926477755918,214.13031477728552
9424.080350779335,8362.239196553957,1070.5729209078609,29.49382693651269
6125.615287051694,4033.532747423158,646.2972573355868,335.5551808270251
7110.196945175736,6421.464173527015,41.95508892356926,42.9669368862431
8591.267396732168,3165.1074061966624,370.2305427905817,128.64030331332825
1685.5925340065073,5976.738540636034,792.6010934779367,123.46916782106128
3449.5505559974044,8365.163470228075,376.4929717477153,43.08875337078151
2819.329873050194,8816.178133296517,389.44064825477653,267.9217657090807
5774.09555998817,4860.2383314903,762.7284249875443,214.73147155271727
3191.5702775240707,1453.8779572828698,718.8648985863825,19.76051474249893
6282.511964275785,6034.627896447484,793.0737141691097,8.624361290305231
8109.942342406977,1710.4244590026597,157.81531932241722,58.9260168779299
1471.615047074707,8735.797077311494,762.6072059719455,335.132744319283
6186.065430571758,8796.17672709284,900.9861737493998,309.96396093959703
9158.14627192244,2307.1855651543765,1308.071050989497,88.56035298674448
4962.681493235443,5836.463385812062,286.4336682724097,312.9106335121976
7670.88445047571,2710.125624390715,1154.88873684194,74.91297986390461
3239.4160661424353,3690.880585528243,168.16867831543286,7.774793290494123
9123.21450278287,3694.661147006831,748.5956540187138,268.562303075763
1238.4491857513708,8585.499774078142,1262.8395527303005,91.97709772707853
1132.6073350343918,3537.37552992439,53.172665120771924,130.66645994801303
1652.92722467148,3315.8294881349475,647.1941112635338,90.19963997581276
4321.037738566694,8886.678638603724,1139.5294715694401,355.40785479762076
1925.108903820084,5775.477158848659,871.5763648446097,297.30668558852295
3460.885014119193,9711.09974859727,486.51423772897544,197.3082784145049
5408.453956808876,8452.164074543607,542.4290155774604,233.47229943507617
7602.594079264043,6256.666453780561,226.06386465816598,89.92416366781667
5668.606858034274,3886.5160999592968,635.4213046532896,295.849859410132
4364.284457397276,4744.31203285316,1404.0555175760378,73.96138739499678
5314.988512201563,5265.351355688651,498.7251987392811,83.11779639246589
3354.2640618210726,5189.908259106425,290.8630070824146,346.60637056971007
3971.2155433902326,2326.216846736463,1262.3066036771625,22.26149274394861
9594.73126175495,8170.233645230938,609.0703412396543,268.02182419700034
7027.150784672503,4570.403315394895,969.4799209516532,119.25490862238433
7337.751921676824,7498.33767373363,1024.6551918782739,171.78849846160412
7613.86246083835,4710.018945218209,368.18887232589736,130.19865644988295
7341.344484022805,6456.188031632012,162.55548719654874,96.38105472940386
2704.755923319005,5567.911275191484,1083.3087456367896,144.99662268621577
3787.7619402601854,2010.9836661671873,122.20819468734655,231.28324990554506
2447.7750477825543,8506.80664052629,1198.4032154988422,247.5339757351093
4082.6613100611567,8222.752873588573,565.274948751165,310.42703729327775
7414.922157481462,2116.410758333363,835.0733757583762,109.66687672597281
1567.3703604357825,5881.690126354816,912.3053526931102,195.36538978862868
3973.128150219606,4914.2268880903075,1361.173750255127,130.18625015067525
3741.405462517708,9703.972419677946,1393.1494812782169,291.1039530354128
7087.801583258241,1976.497798783801,868.5009624108808,152.22305564647405
7238.72965190279,7573.341265020776,648.615492440234,344.6268798558267
4014.486186545736,4657.129904186015,1367.0847617419306,31.106773591015436
4864.999535724652,8608.262693413855,1203.9407455354115,83.88532336423961
3350.712348573579,1127.29970236335,1311.268776194151,123.98922673435517
8602.20627653846,9122.191373919737,356.3960007659863,329.7615057509237
1440.1744692572431,2341.135621662273,841.8791335970562,326.6940396189584
2810.75700888166,7970.996900459181,763.127020388328,254.8273514866628
4808.261817856082,4362.205210210017,1321.1044858303642,161.3533202966117
8639.272273483597,9330.603131815076,344.66445362447433,7.781307201505215
2596.2968999923014,8383.070971678619,1044.9002003991613,238.6731751755295
8294.079106426532,2258.2810999887133,76.9235232727796,243.3491560801653
8841.619962868801,2328.004263338591,632.0830556749958,144.30367094058315
8667.99874258543,4944.267645458525,283.03342350634057,169.1442546249983
8000.251687126806,7364.674475349883,376.3679211644424,128.78214175198897
5795.622297070707,2780.3609101115844,1080.8372484139418,286.3501594748618
6986.767029648351,7132.988444518416,468.65829213216017,210.1147913772492
2988.5583835533894,5658.500864938637,1012.0843438724628,82.24436553249907
3295.980371723651,5967.268993356589,376.2621326236802,308.80812576578575
5181.156058977997,1269.7678398357832,171.46965203590602,353.30569727150527
2355.959094654495,4361.44164117437,13.075570476087515,172.29630150192074
6587.884262816951,3920.6662741058785,650.9823472194481,185.68526164466488
2677.3820432219663,7615.408753131284,854.13942705022,15.304956705154593
6204.902553385576,3542.4592099584556,746.6038912564377,157.39702085965288
1633.1758058533621,3347.618347224447,411.54985311494084,188.80277991445647
7966.359327469507,3395.436055366357,703.3873557338376,116.83153457953753
9872.963783296258,7598.171282873147,777.2947445726402,208.53779648502044
1936.2783374904452,6559.352394161404,308.9162434543338,136.72033546971875
6458.9789380174425,1946.171803518644,1350.3544422450198,275.8013398462152
4111.2113650989795,6919.097602521462,546.649328580988,311.074468491195
3586.194304175924,8613.554816067479,96.54493772051747,184.68039251089058
1197.227025607454,7323.122472372983,1020.6575992117683,135.18834468716437
1366.8890003229517,8976.927953043607,683.7571163638409,237.2379355738647
4517.352665323822,8201.515378650878,383.44117691666605,358.8031796993774
1595.4328367062626,2588.0716911633135,899.571194342609,84.3368132080261
3349.3454538989577,1482.9857329803162,310.3291244809098,256.28728405067955
7293.971911775602,3591.3370296056387,147.1812486677849,66.48186708058955
8825.52046101477,3686.2891886046514,1337.550705991646,286.000090049737
8714.56629236008,5973.9420082056695,570.1100026222555,250.51318587335876
3198.584552354593,9019.234892240027,461.51194674192453,289.4375002112301
1470.1651010200674,9648.064277840538,987.1971951445743,329.663477223797
8838.261446428201,3497.174931988932,1008.1285960171164,86.79857320335526
1504.7829202753846,1637.640453687508,942.2367780833754,70.5399856937743
2793.82076317324,2272.8916335010517,973.0006545978806,189.2562941452916
9143.43882249979,6241.461852461018,1461.4857751601298,145.02990789153583
5047.9672324974745,5766.699494101716,1040.7244392385983,267.0133682756769
4669.25452042858,6918.444886627389,980.7125198501467,81.65849526997154
8944.241281817722,6631.407278297563,939.0230195016577,255.01824318252386
4091.9923741754837,7141.76494920639,1298.9429056777653,195.29204793523098
3373.0488109982757,1522.717610216615,902.899606762016,265.0863776857652
6562.805303115167,7616.309793654481,1385.6793923151197,319.9741205564725
1848.5745965809565,4334.907400786928,446.2909425825343,255.17954760641032
2818.153792255909,3477.363719970479,1105.8606477728251,54.99043288701624
3510.541865000915,4645.304068751997,93.38814940619157,147.40811764702204
1985.04388004239,2687.4692505414178,1445.1032259361884,357.81251225668916
5906.383675745504,3088.1317546995697,513.8390400129305,319.5287330858533
7079.775706037497,6672.873583939048,1278.3815165686626,257.0181130639161
2425.7809564392446,9835.446082108603,624.2735291055669,46.14871371212028
8994.072146712948,2853.800302035726,509.58819335579045,334.2114268752997
6048.747461469988,1287.9253738857778,645.8045096067796,332.76147278529623
6876.806806414291,9033.97386312071,1472.0794770166435,39.705216808904
6389.423610613924,7100.7616997495015,1138.1182978676584,238.66253602825853
9119.19074309924,3115.118478472823,555.7442490781274,254.01778794544228
7601.77857950446,9681.37685263885,214.77842662683545,204.25151859380688
5062.05748786539,4578.232071183598,403.82619923964774,164.74531183114254
2323.6606696875215,6628.7705558083,1094.9719270778096,217.15175213846547
5468.746268259213,9857.653486223779,19.057488724425795,108.22948052008638
3942.6046285024427,9687.915732656884,744.8157649672049,266.51442969006575
7533.450917806922,1785.6749363361407,1012.5886611966166,158.53550523342645
5258.561262721765,1876.4810617106855,1399.4300959470895,286.88812069214714
6553.957071033111,9158.97746819412,770.466267929437,331.87294155748214
4748.841349484019,9933.657086058616,723.5361196206001,41.25853347121328
3916.695863563867,4770.077487963066,1268.5049515725907,129.12330307586728
2580.797603225662,7334.385545855845,1205.5325675065824,28.870202043436
4055.8892262798477,5218.207775922588,1013.575776411751,200.0924274928888
9237.306912190299,7210.505733494756,1219.9104627272168,221.96871034757316
2234.30580619174,9465.477249076654,1241.7204931536244,347.8220923139169
3294.5810233604375,7559.732263314321,569.0787964719149,284.012617643719
1434.9260502527297,4741.7588182654035,57.023673029630785,115.94354445488419
8243.450006379557,9035.304839246513,1451.6722264267182,152.86649070845635
1756.2233646524587,8218.976540656371,881.7436884917616,277.19122399117816
3417.702319292519,5934.30252321412,217.43928986271447,199.52023917502018
9570.180476266842,5804.687483734009,281.4692311585048,54.33005227364279
5017.651269531947,4211.568800809949,178.4509786565375,187.46301379846705
2928.4235527325263,7541.261915684924,682.3195273719044,288.0344468939748
9594.716588861374,6929.627716903395,112.56836354765696,312.0887772613845
6447.768158847145,7128.169336482254,192.11275966371394,213.6351002054191
1891.8597553538948,3323.048250022367,606.2610771618708,246.81140830753478
8203.053257486861,2816.2487126655933,984.4541927608313,340.70644787333435
3834.9810953309416,9742.32934902841,247.14853717226552,291.86527677349585
2981.556987096758,9400.649988361245,1383.211791575621,239.16150193149502
2921.5435554724645,1736.8311907866585,1151.350608886093,283.41258678159033
6438.0277538355285,3125.211190214487,927.5075537083862,297.6948143487922
8751.353216490948,8405.166251771036,1306.7550350505026,89.3449021594336
1162.3956268491588,2427.3545973846294,305.82818551541146,120.04798973865022
3918.31499621082,8485.45884013403,178.00769667184932,297.8784997370067
2455.5743779916506,2013.4837115009552,238.10927389777046,328.17844889795924
9964.38653561997,4869.586188120191,688.8178050608099,359.88979654418387
2340.757379644744,1757.9259213547853,1313.776612974026,157.70402184855027
2901.0796915775545,5158.19743217062,1264.4899625834837,249.29928711818752
1433.935484932033,2683.9809951462403,34.727009965888335,14.111327680480635
5183.965451003745,5429.2824857326395,798.1205967430374,62.1669690204745
1726.8050740968692,6205.658355811408,934.2562091433379,81.35311519675278
1942.0738126991664,9564.61127673719,37.624396493895325,88.59035204802721
6077.823712333832,7785.949093696694,1326.1767446247502,323.71915519325466
9731.486829989593,3700.4571006538094,800.8774842388757,193.20156677579158
7748.407553795809,6695.284448809268,1264.0103196357102,57.47658320030307
7606.545185351326,1350.9000218048623,247.5367934427503,283.0693982691408
3157.655884024469,7178.461626774,854.213106257691,310.7698985367667
2619.8369457577,6179.1183483620825,703.9021073619774,167.81422393193844
4606.946129978507,5175.571901998721,706.0502162045708,195.37507178153794
2392.7313365237433,4411.339069080202,1214.5334657209928,332.4484363213469
2338.259258228718,3706.4658099687854,870.9916714132652,236.18305584159685
2629.4737295586046,5311.44224921802,474.88085198100987,123.67214412624357
9616.13906295342,3796.8873988202486,398.34504270295724,341.94592235412466
9439.503653010739,5824.369338582814,143.22106498694413,330.4807167569617
7986.208579759901,3334.6744724304135,1390.5297176030517,185.41371679990195
4768.801730527223,7240.419005228333,1276.2812736033293,355.57697589140855
2436.332201757376,4925.234956242099,662.0341681009921,184.49773225859727
5454.407782121851,9557.539327283583,1310.1743795106095,98.79862336177109
7825.587511895414,6293.023432660106,68.86669214502577,141.07718474717126
1496.087522736239,1819.4690615572504,401.30037484082004,327.3941036837417
2807.638392493321,7683.1156251978355,20.460130026034395,244.137053282022
8337.96207631632,1820.4950719857234,1242.7955464282018,38.17524410508832
7300.930233336656,9883.711819375438,1242.7229091218849,136.08090557438587
6979.289599358652,1250.0461752723675,39.552745420885635,335.58979239593236
5264.944077786882,1796.6580756851836,1203.9442885744652,76.90347597323256
6066.620216049938,8812.002023597495,266.24991753406346,262.9839662485107
6669.699545972983,9451.597898281525,52.908588227592475,294.25665991791124
5037.398266243691,5970.472609053346,202.07408807281564,323.1254929811816
6108.378026351131,8569.518828290893,927.0421901772255,15.583801257886318
4690.600588146914,8301.781507351061,995.3857356398148,211.27041194061073
3718.55205927216,3352.0214935024237,857.0673481025381,4.916912786927767
2490.098909980762,2720.067417017969,771.6763725510065,336.37557691871746
1425.057306593557,5818.9422227735995,1464.319401315242,320.58176152082046
3362.7798215825733,3589.361936847068,649.6708380641014,109.14094651628614
5365.771597876822,3927.6298703066755,385.1579516633235,70.68873274187459
3986.9130923171692,4168.832163616726,771.2176953773159,99.11403905289842
6110.411208429239,8783.568733563046,1460.7342365410045,315.4196858830408
9577.288812433208,8230.718446111689,129.20861142808238,228.41611737582102
7548.615362634325,6057.079466503219,583.7520343797811,235.57942143756298
9211.505395261447,3162.7705011730563,64.77064762292801,253.51349163846587
5631.126759519451,4796.440184212133,355.15460780932204,303.8413264899444
8886.763653338478,8580.297961635068,1170.4088657492175,205.85926062806678
5944.426871453179,3789.5134478293066,556.481784685104,105.7400981729133
7428.9883798771825,3649.825992891057,695.4987436689386,219.44955541227043
6713.674378710776,3915.415474989552,52.71645146933433,84.73520636954194
6557.579191976176,2871.672252433502,565.8357702746995,187.09541193890314
7082.397632087273,7289.301282859151,971.3320256437386,10.29093327656081
1128.4862623119407,4811.494703113802,1010.3025427572428,213.691849199941
9793.486211392037,5689.859560597411,450.50585900470134,245.39010668812693
2267.952079085958,3723.6356015206893,785.3895727084582,213.0248848196426
8200.43896700285,6204.033167702055,1424.1048149710693,204.90949111806017
1224.5533575638249,5075.893273435457,210.39068998471276,115.95522831873146
2354.857766552505,9799.408927927992,879.9827381747068,300.2917562446712
2575.5632858506688,3187.2769893284035,525.7026131673181,107.193365356764
3321.0351493499616,6882.52853576826,693.5967689988322,331.4987994388611
7163.872950812,4359.363709571424,473.72170847372985,267.7252067599779
9697.43145265998,8447.926574253432,1160.6566642668608,213.3746522935062
2356.3028685463846,7039.421244410466,1430.3531843114058,70.9381824960085
6004.687869925137,8400.787804701371,594.387116586204,227.15566122401475
5677.392107726949,8110.009550694776,487.06932694658946,2.148045230474952
6824.352254919559,7503.377818368388,502.20492358430596,147.7581526417686
3446.3165479905374,1128.1063782525619,548.0464233545664,295.78928868443535
1215.4000005464818,6446.898744752858,1439.643064593934,354.27715147110126
9762.295440622363,5488.773629761146,848.973949739227,226.83905553482623
7387.754002298095,6158.3071492480885,146.09839411260552,113.96782958864976
4234.198818976967,4928.011956211472,427.1052501738172,247.23376293820237
9695.914361920393,7277.670761825928,140.5014603423683,283.9112349560082
2385.4138375060465,1115.7449893591981,190.82341443044808,195.31055934803538
2592.3759207094313,9684.302054178992,923.3981643313164,138.89983196994464
3860.4713179685364,6397.561560661946,806.9306950448173,356.8432814420753
6998.8203401071905,2703.445205211701,988.6077164560107,247.26510204775852
9424.851640163255,7892.807777148239,914.9131672311967,77.2441730335979
2455.311511876549,9746.392513073255,506.75336116614153,122.03439217088099
1277.4725358195703,5751.883212425647,310.3817695490001,302.8334641749298
6063.188915687778,4174.006348773008,1186.0250578893476,233.51187243479376
6251.0313730549915,2898.2611124142513,349.08874119334126,40.075624680665264
4494.154461101694,5430.702480594207,1478.7923461861296,293.1642932509847
6988.516182159007,7505.417989683508,339.95363362316414,239.95150010353652
2174.796625972506,9064.241406275813,719.193156208652,22.278040795832045
3563.186367695954,3295.8234418808006,954.6359946583332,54.00105354172731
9875.12423949948,4039.0034211633374,409.5508252199346,1.3585147908378006
9128.217324552355,5043.844814277891,980.0656792579418,13.76509631978487
8666.140807409032,5784.263443528821,81.96344517938529,46.15885170872828
6493.9644695679635,3468.3304086982525,29.58798716147855,35.58849185727109
8939.875508978981,6175.071622687968,774.909842851128,78.37153886083502
2418.29845588885,5631.348704748959,342.31845542872145,124.56603476988465
8867.872161939187,9940.677232523694,1254.6035397200515,125.52726295830803
8648.210465593964,8823.925143951437,870.3291179512828,93.45198888139444
1684.9572799171174,3311.770674218351,1368.9983407944856,13.261597024099709
6182.263348011382,3427.979971124226,1312.5857783403208,247.98651997321178
3456.8943667856884,3796.8498070066767,109.85567072482573,290.9085372998121
5687.898707832316,2636.401990012099,853.791924575191,165.5618109004074
1857.9230807000108,7553.144271755496,109.95068846825515,3.0913999873005737
4318.121508463015,6248.501832058706,1445.0772647000429,297.5070120331074
6354.056840135075,8506.547865556156,656.6971419026169,7.2233643495302715
2150.679473336166,7054.70815355722,1114.1072548050663,208.39460380954262
1890.6091160582237,1918.612466749418,116.23679691485673,209.94621468139542
6147.901624230541,7610.313964250056,251.26480635654784,63.995165986236586
6861.8752686050975,7372.454637622911,741.1356480235138,42.13400808065236
7986.999914545598,3587.4385721042772,809.033876434748,194.92688368088048
9679.407276468102,9157.785945032494,578.4946012051115,298.3785088340134
6096.805541501622,8607.066598570596,41.27748195399676,98.21497610158902
1834.1434670925664,8580.696647697056,228.66984980328073,59.20130040537037
2698.3024465928183,3359.795351184713,48.02081256249656,77.40565206453154
1767.533925520178,1288.6185711855067,14.395015862398342,113.26352444270243
8426.98032526503,3027.87556191136,1453.972400476451,62.43804044759366
8697.376544303996,5750.013299446782,248.0885242369895,309.7703336948844
7316.989762123898,7083.03215356861,1001.6291271793018,262.83154695441635
5752.051500696506,7572.987759410805,1291.6251678922715,327.2728807891797
2161.2747030162736,9198.363876464722,1124.7166587724612,46.60937571103987
8980.69703379922,2107.4423684905883,77.06799731293019,283.36933777230723
2049.0051745427027,7996.789991284654,1.983870449953914,37.47982962464408
7014.139453036433,9050.234385533686,719.8608869092212,243.3268425929641
9937.033484435273,9738.327776238782,316.53997107790724,347.6096277138054
9670.511555324398,6923.691483798986,727.5438660774934,345.19096164297366
7492.3916659140705,6243.970194209606,881.1112789294484,269.24428950224
3248.290145027813,1431.9488707751273,716.2910904564976,347.74113085203504
8264.516445173358,2017.6163712452703,859.606497247483,107.19323953090361
9748.738153092416,7004.432729330634,492.2041277257223,33.259566087520305
5754.758054804019,4640.442139288415,1050.5539979730872,277.5661421770969
9526.67756590167,5647.678521054313,254.82199941096798,285.8704784241857
2483.246143425018,2766.077230841627,1077.5872848225142,72.35022574126214
3857.96100681112,5689.891033357269,600.9952004483398,338.21174790105107
9134.848907498263,8573.657432063967,614.5510195696754,32.850944526110695
3594.5055975012665,8238.773952993619,1208.8772881237933,216.42412700749443
3316.997208509327,2392.625494207017,1081.8705347756334,309.7429272548513
7748.531891769997,7252.795687630416,272.68922033482227,86.79316862917084
9938.833458116764,5898.05972167282,972.1741175897267,68.74049186508346
2984.7646254344436,5935.408067573649,650.6391629463343,260.65916530502534
3553.3167773765194,1879.0541111264968,937.4945675527446,137.07270527599408
3760.985283729149,3771.659282781168,622.7721184672437,183.83818735253925
5123.843390419334,9176.654870475628,1360.1367965248246,1.1265952695593415
6835.069913471554,5171.76082513783,183.97054981842513,84.82568200825577
3269.4996626727334,8776.758876369353,1499.0014413801835,147.3527620324096
7239.5740964592,7290.887119544438,1399.0575509594867,20.696497816660145
3092.471549155807,6711.6303182505835,1382.4651960338308,135.99968715344366
4706.334073101471,8342.621895034077,363.9491155637002,108.41430714840799
4957.173160652758,7487.343919387702,1321.778363118769,29.15437497261362
9574.547488910048,3273.7480544600544,34.419716808989286,357.4604063841562
3736.719390604165,4646.85120575138,969.6503383571919,222.85403234066223
8684.804512268225,9262.355135998238,1273.052619856196,352.68066088507237
1820.5444682394614,8469.079996175848,693.4807851598254,352.3790131190946
7681.910456839516,6314.08648913973,751.4432795066916,54.751822853504756
6323.003441905193,2099.6459370131715,639.7095079535952,92.27707750815684
5873.767890906142,3724.0888286989725,1077.6660148596081,266.6917872742266
8975.91472593505,2858.5046455251986,697.0539365783633,35.67511171382987
9777.299310614982,2043.3660315382972,154.03517102349517,54.52641647111302
3740.7590065179224,6711.89573231219,308.83271291277725,128.47065601107744
4791.7723336433555,1237.7173072054177,1180.506011363056,39.824658717804695
9117.312663669658,8400.7665140873,84.00157243125929,134.61975469867215
9773.469064671579,2713.3778086622783,640.6044818402748,167.24421774868884
1745.528264273199,4707.679353067242,1413.4101123806938,145.63593900743203
4934.140787000071,2544.9622578602593,504.52382923033144,228.38987713707283
5863.793034969376,8571.43166861528,548.8715838097953,213.60807629835952
3556.1550709806615,5301.788631918216,409.1118004432281,284.84550487622363
6951.063573823004,8990.665035237384,1044.56280363038,217.79449181263212
2406.886266024713,3342.773785813705,40.081972450829284,351.34815671276255
8840.952050217636,7698.507644556637,503.29435877806816,185.0250008286873
9494.470112189998,4320.028454532063,225.29650116443318,280.1408118476422
9978.824223095558,2611.4420085971296,783.2350698701463,118.59138691252006
5487.638888058101,3661.901250007532,412.8654534903408,345.60417035814595
6580.078358139771,7437.669558725653,1205.0419218037505,194.68329065795425
5322.131872924766,5138.011436551852,1358.4788292760102,203.8064784123487
4139.119516711643,6219.46674025622,424.31271159770506,160.7790264660448
4295.008651622722,1143.7797851376272,170.64749887113862,167.38251102875998
5194.845307062833,9126.019005439652,637.1533922494314,93.5857668526481
5114.576022854049,9518.638127976574,1218.7204293626583,290.63606116503877
9944.226302580297,3714.456227545618,1138.5671267394641,207.89194222704697
8911.57744735157,7272.581390911808,883.6578608958245,117.13811207793799
9451.677946519938,3828.0141054682363,742.2666557785195,137.77536553702816
2061.404746994555,1840.6430853094762,1017.5366115969858,45.837523702043306
6957.433331447904,6486.26569796444,617.4298363761654,13.856438286395502
7012.537322981003,3222.429347378264,1401.6081291815574,49.406097302258225
4554.0891392671765,1116.489899715487,957.4189140745591,214.6973901855768
8926.220649072606,9482.4770206062,397.37117643753845,330.36902491324815
7439.91245545405,3575.3565642809876,967.845079696582,172.3843485533912
2878.4720895452283,3697.8834491732914,676.3746695046511,328.41671012969647
7127.873783609396,4281.117600099756,1223.6159831066034,73.14276622114994
6015.49759525577,8070.039255867867,1179.0671098685668,216.4200828927683
7852.163576389357,2984.8888048180065,1428.0104913486105,228.83225721334696
9920.808952358457,3956.8498190776195,723.469853368007,294.06136819233564
6679.450627584781,1965.7383483634508,1425.6578942845324,252.93518685016835
3456.0553965911963,1528.4367011004547,190.74263517234647,117.73283797479137
4021.5103444135284,9782.803167663498,807.1222795632091,151.5220372001344
5751.329741401516,9537.832880148653,962.829207077408,66.40462340810369
2754.5017831580435,8592.486570329416,362.07081476329586,133.21641533178385
6600.388723947399,6023.185748868122,735.0106546338224,125.23518097882442
2620.223812303834,5192.6858689431265,1076.941084486632,295.0277386450866
7245.766136760771,3521.662066369589,435.28123471919133,267.38544118671297
7459.744096533621,2188.034091031027,46.11766839339793,310.85110070367915
4452.565745249458,5176.705499349176,731.7084336498779,110.74896109026038
3635.8998013045107,2620.1162067724517,1149.6479605631525,8.504701786963759
3175.935364035252,4608.877584088781,526.8717763277125,249.98598270283097
2558.5679982338625,3664.2515628180868,195.1276770101647,4.0712140960521515
3325.407089599461,4944.691052722352,428.09435534662117,136.18940711435525
5868.442910201755,8513.925832727498,272.75599602440866,295.25500837236416
9011.810546772418,7735.759991195483,671.9965813305524,227.40601201024637
9191.028438720621,8594.858364084244,887.259385848098,107.42221668143523
7594.302733132076,4624.43895023237,826.3871436755876,94.40641813359314
4635.066220131682,3687.504909362643,359.7808386456267,215.50684114167086
9091.701534463991,6734.443501643451,237.47696903863402,48.12305425859114
4892.064959653739,3326.250008150081,159.22196600631554,294.93956073093966
9051.717502660456,2805.577077895472,384.58829263015633,288.27631682924397
3349.6438815184865,9239.328898523956,1252.1633068165647,223.111997965324
5547.007341258437,8568.014842930552,246.2280236961265,186.87097953454554
8654.415905802278,1797.312664953653,322.6910969586433,358.9029423331964
8811.570286837676,6398.837287178616,597.080003779722,177.0843979858123
2647.9364787082854,2521.973927030983,218.90736583148953,310.561437489214
8957.08330505028,7045.3962924615325,1209.5089267930712,123.61625549635377
2643.803552636775,7200.917869138576,901.8206163302739,34.80553378971152
4771.587144962209,3293.714060195773,1163.5608314054862,243.49867053576173
3454.3611502340755,3354.1613852538503,457.44138011236817,169.3435655322664
3007.054701976138,2057.1003159312695,848.3930938614042,90.75800376164334
8488.084717125741,6203.205077440161,182.03693842219295,344.38681731302967
5194.621979499892,7645.128255672663,481.8311888348643,258.9997499007157
2378.1536181657907,8555.49539399051,1381.4891398749385,286.1021017446238
1328.4253454460852,2354.572167073122,16.77159978811764,33.50819626347567
9142.781215662304,6763.984513273785,1103.1827565353926,8.209588169930338
9864.761327688071,8973.38114262762,851.2750698256544,263.5237541221273
8069.375258856682,4127.773834217616,777.5530093296413,23.87153275761743
3916.225225736988,2558.798284772086,1249.3303556434043,208.74040130823877
8119.4049906511445,5214.104505653057,932.9682454025196,292.04144554176526
2773.8850898388127,3310.842106146976,399.21500023343174,122.36970519206551
5141.610775894758,7476.4655922417105,485.7884506154583,260.64641492760666
9105.931220828319,7242.243146200536,384.94005034605664,315.3578297103528
8035.958612819864,9528.008115295372,953.0467493815519,302.50676885492027
2101.6814843931506,8856.857596316655,1329.5989219094126,338.97879009680423
2300.335506453067,3294.678549325406,1296.1293351440265,9.03815257519929
9306.712527883536,1472.1343931909412,1458.3585752450667,106.93625395335546
9262.953316370089,9357.437272862531,116.38000555780378,281.76115433156224
1104.897692625928,9796.055333358221,1398.6640748359064,126.86330479906867
6617.135730754409,9937.729402847748,1221.2141412009848,59.3048569069334
5567.028558738865,3071.7366189035633,834.2485538232709,244.89043217253246
4417.580710147066,4693.924320765647,777.3652724121711,14.439192963792639
9043.61769557178,5500.6603035941935,1062.9803343069045,84.83949220184327
5475.540072536531,8102.024191064994,1461.8932039182857,53.3305939148165
8299.867281496783,7306.161146283302,1368.0104740239256,253.6364968858224
8590.269281103909,9419.882550440907,1093.383563308735,95.0654856041711
5839.383321609613,7070.23024977058,217.78687053949034,96.7998712902626
8623.18959758641,8100.775397131234,98.10802012078025,12.061433716078328
3651.855231195385,5467.328186374379,992.4310543726177,207.9351229020581
4854.200832991445,7331.860374891424,849.6939821701268,117.20618788702203
9854.608782891019,7536.283512945165,584.1534713639443,88.95788828464885
3973.969036037536,4421.8812870091215,414.2341936122097,116.60730149754016
9896.3382354166,9406.719460479067,1015.3613278274651,186.2289471638133
5842.7004501199135,3646.0977386470568,134.48860540841233,22.876255758894402
6796.912109568237,7443.588150202156,1308.3583052240049,204.42882203437748
8438.5648805637,7070.857237113345,1316.9103765499233,75.32026694173805
2488.821824914526,2021.7647024425064,1444.3093171123596,151.28092540363716
4299.590444948056,6692.626159423568,760.172000575114,327.9496866463024
8997.14848454037,8834.201131413583,1.126591407566322,312.05464628925074
9174.20271126317,2356.981979882462,96.15900821310322,46.467376976048705
1682.4875840545265,9924.263964319875,1239.742499131804,332.4181041826097
8000.957460908204,5094.553054489581,478.7927741132854,274.9525668746039
6968.9588596642225,2503.107085664662,1031.4132933636345,138.12165616705897
5429.197595606038,1623.7404460607831,211.075707416906,290.3212407847688
5470.171149254014,8998.224927468082,1102.9680817765868,73.51036259814842
3302.9600116641195,4525.508365766998,802.9101617407314,239.22140125952478
3126.29218824443,9398.071647716097,334.0311307183778,330.9718449861602
5984.294737340963,6919.632288657739,275.9906780325653,6.494797058118565
2680.59220482564,5554.52819134457,1158.2519379895316,310.3021414874439
4668.680967242748,5296.664976607443,769.4961600388706,123.51362742134839
7110.997087311587,7124.887758354979,1073.1955564794555,81.52372818861232
5709.336299453487,3439.1495662055745,976.0478898700857,146.42125213494182
4544.236312136211,3340.8960501312486,1132.8116467381308,72.28753286187992
3622.0467107578747,6863.873460308098,406.53079699381954,156.3718234938238
8537.688084020207,3925.9336147833,42.22302013282167,240.10164302774908
4522.7553425902,2382.626169265517,1473.7295776461267,323.9873198720986
8968.095127379807,6269.7347821075155,1358.29521641702,4.948729339647233
3448.1526354717703,1770.972689771454,681.8189027674484,28.073620452273037
5643.511026342755,1990.5654639256422,1452.1426431979448,308.65766699612044
7724.178000779412,7214.445945563676,831.852842404997,152.91813685723716
9037.11447775449,1430.4629443662818,1038.6205024957799,119.67345641811761
5828.484607456128,6884.791913041856,513.7109303732911,47.992923189477246
3105.022073549303,7766.472683115937,1296.0692172034733,260.1711956596068
3805.42817621664,2409.244572970608,86.19463762983628,243.88458342495093
9169.913544731953,7261.30078529657,693.7297873732009,340.1870412310276
4473.932481032673,3506.0461939658835,1303.9197089721004,19.102951203740965
9639.203595899551,4895.075205374864,114.16007083414108,231.77503225849188
3923.9053711947886,6371.385286816242,1014.8064538754261,28.994215136905407
4632.432780833176,2757.829502302248,1490.366264177207,239.47081086741036
1509.3520124979514,1281.830088350173,476.9298284140563,39.04556487437494
9846.192504543797,8870.309073375658,559.0887767088435,61.0155968970265
1983.9251308825012,5820.595663373439,492.9213519431734,237.70195871071385
8851.076134173565,1766.62430882472,704.81917865063,224.66853291258593
7107.817147658355,6775.275781075904,40.4612381240644,312.47324929700784
5589.759326055513,4006.632232089868,315.86399932996505,148.32206040585476
4062.1680629939283,4349.710973265845,69.57569371465317,120.46910179262447
8095.843767158222,3839.095643322201,215.8881844575763,29.22218575620696
3191.2864946928207,5255.463503575869,178.51826679233173,89.15950247582816
7415.342683794017,6285.840510150516,307.27771793804817,337.8043734989449
5593.034433904207,5052.449217932607,818.8460663523888,297.54609928378164
4167.168291430781,4742.348530050369,824.1665968257021,308.11988822104564
6076.131606277734,9692.435882309392,352.1835324563186,208.06261566848718
8954.801060962573,3434.085852154665,1322.0299124516157,331.59142632946265
2260.2102861078747,5246.882554021506,661.308331593708,82.50520249242223
5704.86347069839,1491.649621999854,1195.609192376311,219.26985809767967
6181.233290306554,8828.772137089296,1196.3006997088796,22.451653632033114
6494.626924767908,5229.790745314009,755.5435897705465,1.4199120020392875
4668.3828188972075,6156.231307250365,858.9695571580514,311.58214954937347
4723.341780925253,1496.613738096239,1010.8748865399124,264.0497668682167
8158.171095292753,7123.121254074922,61.876921475850864,165.7758460569668
6552.059297195484,1249.1573955796975,1243.4812128415779,82.13231504035433
2305.0691429986296,9988.554660039148,1188.1161530858078,277.5886922840341
2878.050389582285,5497.012406071097,794.7570544486929,287.54898674767173
6825.899339841202,2020.2550966398326,1342.6141964949481,277.3346143128067
1235.6358283328757,3299.7984469723033,1306.9512977925392,344.18017063378403
6395.390777366814,3022.6053115538425,958.3378970770792,69.82425794091482
6491.622642898214,2841.297435500931,264.91666658124,82.54278091404393
7514.602401877315,1563.684066486364,1463.8648835626932,130.54026712317366
9388.290830853553,8673.50883223687,925.1900848219237,171.94182002806235
5595.367168458826,5440.32034467014,104.40991729764305,111.26653319536722
9180.474828596221,7812.494068754772,475.0738407161007,200.76589351950943
5496.823150693905,2784.7238120312118,815.9837689501253,323.177023947228
3788.349156813774,1724.8663163263209,566.201638631846,286.66390118973726
7540.028619890133,8152.3244656315155,87.35834746085968,117.1117659440904
6666.688278640328,3977.2353608328917,69.16058220593382,160.39649521237723
8758.195948116256,8545.637209773915,155.88550810176886,281.18855893003513
8163.375571739228,7970.860876702257,184.04903474086146,345.38272053006307
9550.611099125354,9975.426761341176,64.82689959649014,222.90922362671606
6043.264471498746,9224.13583315392,1202.3200850774049,326.88910882305504
2596.29364136851,3008.622925390062,679.3407707860011,335.5538970718699
6950.149558209594,3754.0879469644788,1380.4101140754108,91.35779434017165
7617.653490806153,2095.2816647900154,1237.5183672449227,143.1337902497645
2280.367708005594,6392.208268331089,91.82830986846038,98.43427204409734
1607.9779983910912,4090.9913966114127,332.07970725004947,107.3354465447942
9587.058615026823,5881.365266534184,520.4190741330547,350.575775020134
8220.589966361451,4576.785760666131,1091.1972251327127,112.41013441469441
7606.790949837312,8002.081159862892,909.0584943464403,68.11353457219654
1874.6323414348658,3803.0985994894195,1027.058430471521,188.56014112638366
5453.233969876795,9010.725855350502,48.35425573253338,90.3469292715231
5709.239295068954,2341.225059804733,234.60097066460898,10.428258548799318
8958.176348760604,4449.702512912345,1098.7026237269388,98.70771308900017
3995.8651196784413,5678.01818401779,1184.6410384902192,343.03472873034315
7430.790199832764,1113.8647753587738,833.4629093172175,84.48397315747948
9526.598906157447,2930.2073909985766,1420.7329219317817,74.00618298396601
1921.537351587378,9927.83682157833,1171.5322340152748,292.5666404890138
7088.135584297066,5689.712615407735,551.0473344243425,57.76603600523736
5424.575433022798,8493.537750281126,1417.8501436687507,79.12295704560748
1164.6684021210165,9167.144456237513,613.3784457655455,42.174986833867145
3148.824847701602,2476.441447339863,1343.4630334035776,208.31508251511846
8858.462516420703,6390.243769780072,1208.3225163751483,289.6035237179689
6711.572297791384,8984.246077017924,492.36095223304346,160.33534578716697
7588.602105043678,4780.90140213709,1187.3158949591796,213.3690983309385
8308.477463094594,5630.76446789881,1447.7660940123326,154.25893397203308
6373.03986467541,6732.077365173605,1285.367258518902,36.49822453414772
4194.714025299711,8483.89344556617,950.8384030154974,325.0694062254177
5696.495892311101,5754.919594014425,450.5287481093581,101.36020875821175
4683.803431747523,3477.273572079205,207.31613060242378,8.231770449172409
4717.715374509207,7544.830768177193,1010.6713807174631,337.4644842774685
9225.204260904726,2901.549267657432,955.7609344007026,136.76037753293173
9961.064886116626,2750.3811565416863,718.0087524899648,125.61754375818987
6909.176072583441,3991.859726499815,1225.7671242098627,248.55678391650315
1895.96656881573,8471.476817079418,162.94085442228766,135.08017874417285
5255.456601372318,1320.3867120917942,678.0450779103994,312.7272952181875
3670.0225538445325,6140.528621903564,762.7319792362231,233.62627921648385
6992.741773027995,1618.0245894415032,181.24668221782272,167.30536160251762
3610.875811615798,8667.045446242639,173.0788422071402,279.438449670599
8565.780917484873,5449.754768511885,427.96285521037254,81.61127689910349
4922.201873317677,2893.408847891726,821.8843616200264,242.06918778609727
6280.688017287168,7267.813962146918,1424.2122896162034,272.26806606793394
4223.221739414177,8880.535310127321,54.20658011415933,272.0142847044479
6034.710011168732,3659.2390101007895,810.8966177300466,303.97036373218947
2824.1828778163467,1535.4389802445282,854.6017273319457,218.29919251735342
5715.651175658195,1607.3486267574704,313.08583502841793,118.41779035287024
9193.599731702956,5510.102972952604,974.2531160548359,233.05763695260248
4176.36978749646,9861.83945395714,1102.4151950655942,269.151519678811
5772.129990173186,6711.1398741369285,219.26523738633702,25.29396882468114
7771.97791848748,5205.561671749732,846.8778238402152,220.92225422146072
7212.645804327602,3075.108751961266,451.9334986792384,303.0458382794778
1490.5638250161307,2762.5813366987322,600.539695874709,121.25604188016008
4072.4880081387873,6980.404347462832,1116.6275915194103,224.78600387901153
9260.919069766001,3440.4986309820038,1074.3027449250424,319.5944579491574
1727.43926801722,9310.388529145315,908.3798408846656,357.31151848069794
7348.748608406275,5269.153708264417,9.046395598546905,257.4641877661548
4039.4765423751874,1222.6792904396343,550.542274717483,128.2295640642891
1751.441642901674,1998.5179240396792,932.505264109486,202.6400385958451
4083.744446632176,2170.143537212177,752.2344329659651,69.90682436121088
9850.016963875838,7993.531109449387,382.33691018689547,203.93686975519705
6880.038824530663,6059.316614228293,483.838608255515,86.51298230689763
3337.2357260599597,3686.281562218213,144.66308159441186,100.43152761620547
3422.672031091864,2950.896183213255,437.744250608386,52.1766163180113
2656.677353285779,7746.879055007451,51.22302977878655,51.94833867006124
4823.972180015092,9426.913017675417,818.434904514074,43.33811900338783
4808.478545571532,8773.348166329299,1343.283338357389,238.26066730499366
2473.191287053617,4276.273768430619,845.7314923189733,355.6334383272659
8507.349912998627,2256.688386118973,1071.1789539509266,49.965624095303525
5818.0366248891305,8288.750738635576,608.6817574873893,39.27469304361767
5883.143760236475,3955.283482552918,421.43300213037224,263.9251729666592
5527.09880029235,2588.841529784456,1472.721081519475,26.383987165197233
3496.735231058222,2180.849300535385,593.0317163658418,296.81892799406813
1506.5598391837166,9466.06508400191,371.37485626603285,126.96256946336518
4429.2170990885315,8450.546746425945,1175.5974312821616,134.05089135140784
2695.4041777318816,9396.530647472702,1071.9453335252383,151.54099701415475
2472.7891278665184,7134.64570222385,902.6985453997864,119.92944919940811
9227.25625526531,8927.3563811633,54.12035540520574,307.4507495600924
2896.5022741283838,6334.75350465414,872.5954990525988,345.84741548338644
5444.942020602328,6548.115372671936,1003.6062854321482,88.73964418708985
6135.9798551649255,2757.9349567332147,561.4895040099134,346.4255097301184
4018.5556918764405,5260.3353404144755,793.9127606403501,146.95079303305857
9610.289268466126,9733.61979916414,1223.8453501321617,279.2910760777239
9985.002263633663,8187.217990395588,593.3156442271419,54.04032849854602
4779.196666819005,4472.205213285318,1037.4923882627356,343.19600917145704
5056.6751809626,6275.249576291666,134.96734579692847,342.8122457751573
5317.516110448745,3046.354610756229,570.1631168200739,243.47383663987432
2252.555871285022,4446.323853522057,292.6086625003848,283.088214841951
3379.0331350943597,3789.6651238754685,1111.9089128224332,251.75217490406416
4105.490733277271,5091.04772918816,1087.6344331042305,196.79087250796317
8264.82936292943,5983.166678876901,115.69636473455773,31.75219633720272
6096.722954681727,6742.772986798967,322.21686715793703,195.6232905613934
4926.748312419961,1186.0016416039155,889.1674695265181,279.74166109852104
5867.431642989456,6402.030169982188,891.0328732920494,261.52421573985885
1272.8177062227337,1539.5549594122822,1112.6969438790222,13.46186348400618
2700.9222565319906,3465.39504426144,1208.4953307222502,343.01649760428637
5356.209938525218,4275.060416722361,126.4573341613542,251.5187192991732
1189.7254349867048,2384.2794898712345,778.5753894400802,102.35880758578826
3425.569461829511,3753.3813451838023,933.8757799508717,250.4210886108396
7895.5545717792875,4815.043950993695,1072.267077714257,96.23653864669272
3279.655289057117,1929.0641828071546,16.580668118410223,154.39327394804002
5165.1881212129465,6809.261395565496,696.1029169564672,301.55918641947574
9785.8241628105,1557.5293161042962,350.09692895344466,302.6679817673249
6941.432781012831,7949.103715572546,57.463706800758345,280.5519498412057
8905.523393146257,9525.448184820127,512.7467906968652,311.892755765493
8000.681838715272,1582.5939096849427,1118.798292181663,350.75861658996456
8052.027663209599,9355.064115526346,214.87027094760896,320.22669903032386
9978.750294111167,5295.871162891801,1162.146542919286,4.800130169190287
6396.367141878415,5839.260529549179,881.3012763100852,29.819985879984273
1140.854016134573,2286.379159595875,1152.0297329059683,230.15393422619996
1844.9491507797732,3376.4574164698834,839.7432122325263,323.4301201899153
5593.247886671673,2230.814315425796,1473.202431532717,282.2070800997093
5133.4640424173795,3606.6931864502358,1004.7911764335771,10.322457733293486
8662.198137331128,5533.628260916728,1137.949704044789,100.20304929933015
6066.307990073044,5666.888489599824,153.56716350305433,245.1956761936355
4582.919718490828,3285.624643132084,1.9940798529053678,146.5729310715536
9039.765808495806,9406.746065633482,128.0833381454451,173.5330205313594
3460.4289228959105,4541.86756292716,857.5599854793503,264.0873322660258
1819.502170258514,7440.505765292483,592.6109952831871,298.7978644236196
4975.3535447752165,7902.868610525275,130.1849248962244,325.00748264280327
3128.609064153261,1641.6655109804858,629.7059618370511,173.88783158411928
2881.0620969140846,4614.085757639795,1094.2703794442673,320.8204483970386
5752.661162493406,4843.172411990346,258.7771336199288,182.8563475431083
5609.964171275587,3558.841576312871,1367.3019275458773,252.07379342937605
5979.858660972103,5826.438246707352,1123.5359994311993,306.4084028758707
5170.615866987731,6950.352206310674,1408.6938850241113,290.75785540127947
3962.5612658781797,9890.86331385909,1049.2732684926377,295.5730434217205
6918.952716513431,9100.241043881473,1037.497743136648,201.9519732486283
4379.235435570556,3344.6765797485564,142.38239335491863,41.61676650851792
4230.4235089212425,9604.479156339672,645.9535509457543,229.692426225031
2440.5450847089533,4183.225153586719,1239.286136378236,272.8219089663693
2177.247599973832,1278.0127484940067,972.4732586405121,21.846248131256733
1541.8654725981232,5428.649872539255,579.3100760482564,289.13538780006263
7673.689055963577,3515.968622763715,527.6105166537895,197.2870666054362
3913.275487341194,4770.34582097569,1188.8907033677483,195.29689058628668
8623.78874355182,5587.90775418379,470.2130124101067,20.203119370461998
5168.4380610781345,3950.098178724271,591.8831259087377,94.31638002650027
1335.570307451135,2377.2624035197705,1339.4519027240185,83.90636420853666
9512.852788966573,6460.369009438314,1118.3370451778449,196.06135051013445
9683.624948691306,7535.962294614149,681.1228864028848,268.2331340939053
3167.648657665478,4167.838734412948,670.048702607241,222.40168306031723
8423.94335430967,9863.66699911507,480.1593505037634,49.58237886480567
4121.075313134534,7489.147650391598,870.2120784712657,132.2782508419101
1725.462068961419,1711.9550674507957,551.7780323692265,280.70763577979585
3900.7058515919402,6523.873705836046,762.3155497550647,178.79075848648642
9293.614315572666,8174.02437058391,1291.464293213013,10.84414910093313
5933.424777760429,7789.5883752358795,1199.90243625549,175.02560601389015
2488.8933590146885,2125.951233984782,459.28226127596696,55.78301290940689
7962.922816011308,9816.94218440863,1292.2054999518095,225.1162449560264
6149.599319362709,6658.637488941861,411.54967669231655,293.56873254195256
6710.968056539412,3710.773773739211,1486.484014214607,344.94188637024916
2843.5733281499997,8632.372379879233,659.5456296925701,28.469792501916203
1523.8284921506988,1382.6238653578869,1284.6940172522163,247.3003054136248
6563.527120410914,2441.9174968800576,998.5684962377425,297.1304610563372
9736.040530543858,2567.044026862269,908.9414767474027,51.58859352046958
5205.888761663876,2082.410445598205,937.864292379012,66.25750396614119
7865.622917617755,7858.021603239152,240.0163244984513,37.41222551149173
2122.3113458836647,6665.725808255264,475.9271820114952,222.71843581678468
3004.4281537659745,5075.898039015061,816.047922493793,208.00983209762856
5809.8908070067755,2465.2147916912277,1096.003567315112,183.4699454212267
5628.639525961638,8987.690958261093,795.0602614940196,175.1513965865828
5053.099625148233,1990.4792583861372,1008.8249853997006,118.81488157887048
8603.258023400496,3721.6986206441006,29.749581811973616,219.601639653293
2300.808424286395,5076.437597135111,1262.471323982271,215.5190711502185
5932.676130483354,4131.024962240432,474.782781307151,116.59851993296991
6170.70383674031,4573.07386178019,631.9238830509366,181.74326117825737
8229.136266045472,9043.065109306724,1220.485832170131,141.7717787911478
5526.142988646708,5192.012211104002,1161.858156947437,302.95680294878974
2694.0529412330698,4129.83529708842,637.4177916898615,267.1823863669274
3294.392755543136,4952.578712314246,347.1777296533114,351.49878331557
7776.080525616566,2019.645002291155,1146.384873562104,262.3546363669004
7185.068771302617,1475.8383166426522,895.6726569187787,269.7773579061759
3926.481055718232,7304.192660702126,1443.0137986167101,340.45432994200615
1442.1112178352219,9232.05658159035,292.7310651797872,266.04919539641287
4849.269854824668,3218.0744252822155,575.1870658685443,3.531632935376114
8848.224449886085,3491.05911909584,1315.0464979605977,169.06372487208307
1208.6992968184948,3268.219440299235,898.1873907994053,289.9752754246634
3765.2810272542783,5779.818636297007,794.5634634376584,331.4951285527158
2501.7988175049513,4419.087292399949,106.6950877040101,154.87135443038213
7041.045959850823,6118.028887412069,405.9327656756055,161.2722161111269
9780.208119472702,1435.1291703632614,706.6025596755441,217.67826967620928
7485.412294276708,8111.502622903559,1076.6528327230487,299.77446648676175
8963.927848149906,8783.291895996332,987.5993813903348,85.93176499540647
2133.1048169682895,2223.9810352040895,150.65844451769462,337.079085528281
9143.804677206293,2033.1204248540175,957.9618430982308,297.5389356654978
8763.901227830844,3274.967000779452,756.1839626776339,286.0529018277927
4327.999263344797,2628.6309964961465,1130.573242292141,350.1221671043075
6219.468209406689,2020.2777063846468,307.38446851282976,105.79238024393271
1482.4330233699616,6162.376786959969,415.36401428046287,8.439461144709316
2918.8672681562375,6180.1513198593275,242.3430388533732,134.75287285063845
3509.6221014737794,2051.741950626787,801.118111192844,262.51656375431327
8556.092666319066,7178.525657399915,857.482470919698,233.76136633797438
2714.5466232541617,5981.9505432416545,566.5024447363395,183.37296876731003
2179.5928935821034,9765.709926539439,1128.8119834270228,262.6304693832165
9561.121651226733,3851.7076549635494,637.1069015693159,180.8809310919998
9879.575332880095,7081.670548313612,593.506021409454,336.09781357290757
6823.05182123718,4582.858728611296,225.9164730905379,335.3851016339591
4632.511723579773,3494.1733247589273,193.86509068611537,236.5413491974197
6188.629942255208,7104.587100038751,102.38293307724238,36.51810300575828
5093.457196258165,2024.0082874347045,656.6257762639159,221.65110001434573
7741.152229913766,6145.125225609106,678.0027203615064,152.30458785534842
5435.830704725712,4573.792649295632,201.31391398270026,273.3422353803132
8608.172708679489,8788.047899446894,1319.7141642907404,15.316863106735697
5955.493540828341,3831.385050629581,79.33705085850633,222.45217817705253
7415.416942189987,3096.7358967137543,1140.4092506855957,283.7894970273681
6082.281282221493,3275.3964965312584,1252.8057485026698,126.87180949433984
2916.2890046471093,9340.131112311137,757.762379964386,356.6355180906367
7934.923211806466,1830.7687251194923,658.2608556144089,92.34017061636811
4130.9867930335595,4923.97396555591,204.86127438221956,89.3692874707749
5478.586440028886,4348.8673472566425,1466.9434051972935,256.88290643441815
5975.505516900759,2159.8336570849588,1183.3975364485734,138.70585235429002
7689.25035101127,6937.548105453045,1095.6625679244685,3.7567161032365903
6530.093626823936,3433.7734759428704,287.8767113796019,269.7653875872875
9512.722123846313,3219.2701863542907,407.7228757947111,85.16110724383134
4852.311697975896,8196.814359509179,529.5284832155177,87.82440948790628
9750.617294620182,7467.660379873298,628.7846088663607,195.5702597046125
2942.819237712214,1622.0159597462293,23.02207231927176,127.51528029742086
5025.867126094466,4732.406332059356,1102.4876777707987,124.77598595138005
2740.3796041331134,5408.522901740761,738.968358339096,240.61944495212956
8501.275212145862,3161.2123307126953,834.3833106207504,58.68347091594015
1858.8494403474804,3837.3156748417405,458.80880640780975,201.35299747002938
2452.0530195213505,8902.877707648073,8.838676810988677,68.72217487826337
6624.164283698658,6879.332613410059,1079.8945007387763,56.04417495020799
6188.459985251539,5316.169103256065,1016.6742269649333,120.64022713668005
5030.4667672501855,6334.320562815617,203.71830516504673,92.75941857358511
8298.73754195534,2757.40775754497,1380.759573530969,138.9884757767317
2858.8140859934347,3964.105556378934,156.18701534190268,320.89303678035765
3864.7037106601615,6833.408725396573,50.16717439972508,215.21312435566642
2177.743589433794,7405.206238530737,272.53720033476145,181.7272954906724
7098.394788973702,9049.397667919799,289.32680651673803,324.0158542054902
7149.756898761435,3390.8325198196826,169.28587166435386,64.1414004974338
4326.2501082608305,4146.680701957379,664.5040675857497,178.1893373273341
9002.638395042282,1636.7324289946691,21.707800194036018,13.630962621304912
3235.818469747431,4091.230348426756,327.2688099930167,215.91680164229746
5655.462957618262,6248.468971302235,344.77936297380234,209.61845089618862
8236.37209667,3014.1904034612717,79.65373302736948,321.31909963186274
2001.2312603769756,4664.087902738121,525.3581886744277,254.78465761571277
9828.02928947783,8915.82130486298,923.8581746696644,156.69975571545316
8724.908447117508,7167.783791477951,10.379769924691324,197.6578588238032
4544.486308809004,8239.709264520356,84.15711312206446,35.090382203703456
8684.945336557064,7777.821927162893,599.3861523231768,42.27029061385731
4784.544982498774,5885.620668929063,715.5646654612697,237.1955315409304
6102.5305874759615,5415.9369339686455,1489.0912029106184,232.57622658798843
8525.867181398215,4515.284774223519,1166.347556482767,19.49868807623433
5576.425008277482,5799.838370941919,588.2410280530747,211.14184594191158
5456.97903009578,7727.760722189808,703.4264906294223,260.0041643557687
4540.13017531218,2407.4584522271634,1423.3411286765968,330.6782333887539
9181.034846341692,5539.441962659998,737.2249487838051,43.766326445408744
5922.311136987775,5692.291217843536,1056.9686973352423,346.76751033255647
4563.948554741043,7621.783283381606,759.2217396958793,309.0842291560605
4465.023898307585,8034.880412656174,492.3015072391945,223.39086783628443
8659.515018172355,3795.436043065983,1058.9682660367796,20.3149318720714
5197.588234449933,3109.212870339933,455.48007458016605,298.1837685351195
5798.652860278226,7136.140311436173,281.92087828169923,277.50471403467304
7704.145120964485,5637.92764032384,73.97331932421554,357.4077779818343
5874.589122070537,2602.261265267488,756.4074577476679,116.41348016204378
4273.656934484805,9004.175630930198,1129.5888170814476,260.0327258197715
5468.921892577781,8866.041616777937,1116.9668857449005,89.87951208727584
3613.7475909499176,1964.7184263370398,117.74566042374407,5.2732009603033205
7671.0207464081805,6431.102794120363,1063.9178206028275,358.32603115273895
6793.567625593148,2114.270753561539,1215.4913352838603,322.0956976662775
9237.60899170987,6308.566484532091,74.83816456121099,246.3187802122404
2313.274036660733,6928.904273603636,58.78023206038033,268.3318870664101
3533.4695493962404,7134.428891630446,911.8157612426198,167.3313869149959
4234.7958322700815,4953.620922216469,544.3009102774193,260.08671929373145
4613.9417963799715,1691.4846517566716,847.1093165346668,232.919886949993
3988.637120962499,9610.051442821696,1022.7261797948768,76.050173803985
4937.005198025521,8874.619412854008,1025.8567381018706,243.60655052916502
9327.087380155448,1912.1079466085741,449.9924294621288,83.42200637038717
3372.3504628186342,8709.557130276098,709.9112105105577,357.58753551696975
5356.627794923717,2629.0606329248817,249.12890973292738,9.71519672439941
4838.536720542241,6190.463633850934,625.6823704527496,219.1613308219606
2387.4650142728515,1295.3563570350066,673.4399473092877,128.07774374143415
6876.138328402547,1164.563188797018,792.5603164529429,211.3871515800135
8200.376094097042,5516.307945069798,285.7853522510904,139.96944164422254
5073.636158148314,5173.981367190223,199.65192616441897,220.06412294580866
2625.982943643548,4804.481867094813,199.50134219756058,330.90783349265735
1368.6062174903004,2019.191018758147,28.935731488248106,213.6730680680075
2885.2164234771026,5594.762783026469,256.03884307445963,125.95703864685767
7750.6098150061935,2534.486602111343,1013.0058700702667,222.62322606352691
6602.374372057112,8811.771720308632,282.8742696949311,280.7934321972065
4819.010208737148,4397.395237025863,1488.033251755909,314.22200232495493
4712.39735041466,8234.930039627647,1391.7694443473001,268.15717291575794
2255.5127094542704,4516.149128085328,1030.4496728751883,245.62261096294495
3438.5556387889164,7305.711663082272,560.5246672703471,37.632008265365094
3386.83736518045,8357.88831848688,1257.5043505129909,93.78538777678285
8502.402790260145,2221.0710335376034,1032.5875556484198,81.4541825744898
8396.630379070046,9025.657970620194,910.641391539899,120.11964250427225
7234.319142847363,7797.4633040909885,1091.7198263717164,71.29901309164357
3550.6283295528056,7889.644331439228,161.84193768321808,294.50854261407665
7653.034257805903,8821.400113419248,204.8794315545149,80.22870010965735
9170.412257064338,8883.601427962913,1237.7871623295403,150.67463918956545
2392.242077030136,2986.137196602866,446.1768931173882,1.723307608753569
4188.492522184193,9155.727319888954,1143.1630430260798,126.52512526318311
7319.210447917531,8633.446108878421,810.2683198319229,76.18558613254672
2143.5283113902287,3304.2284096500016,1255.5659127946155,299.7365605618338
9152.031241753448,2634.326008398581,118.97143046251895,318.6580956117538
4669.356281620906,3226.9100507694984,377.6160623785795,291.77949449976705
9916.210685727332,5229.097138061317,297.679252358732,166.27272502572816
6036.593404717312,8462.93280131806,145.8725566840389,187.57783424494335
2156.3140491560353,9546.808452476856,956.3111958392076,286.7397127898408
8634.923433159838,8639.465697997515,580.5910662522289,15.32778307137987
9449.299724381126,5984.559838196235,660.4734976719677,236.5930427764781
4015.874110253712,4024.4775828454544,1139.2525153036358,176.74248849848058
2702.28202230105,3411.348580656723,1235.9986936797472,199.88926105245883
5896.7989561588065,9206.306402176546,628.4724443181734,227.2541386557108
7634.434826411556,7883.54631607655,1097.8554988976823,7.097819532132876
1155.560790104253,8040.835113755676,1236.3462702575307,304.75273526360866
8930.992941503162,2996.3439498841703,1475.656633632355,163.52916780819766
3713.3895614604116,5519.957971506953,273.36768206501665,172.57172906441747
2475.5321064300347,7350.886852066804,1349.0953820854372,145.4374113507306
6024.8858116559295,3246.2382698332913,423.1017544331897,308.4434540507232
2492.7046371363203,8637.330365876882,197.79019405199605,350.4686814388177
8627.606969867622,9955.306202812715,1157.083208493365,118.01553003197156
3700.78932910975,1288.3817680419204,1185.8268846970102,190.34608354865645
3040.579793429576,3505.1387699774705,644.8705165333735,324.0615340813811
9846.864136899721,8039.899201073401,313.6426588553437,293.4174731940936
9202.423739972852,6245.393513480601,1327.8755619471344,59.94375882206174
5023.460265947799,9776.980312420927,154.2183378293109,227.3544252839464
5961.861766143209,5950.48153669971,322.75418420298286,87.53494682915135
7485.55061924852,5060.466371761283,960.2054325530917,39.55102228929832
3565.993314409913,8069.940630896727,1478.3437912758122,216.27480777808057
9812.00668886758,9559.773807984206,1095.0888767898573,304.21847978379657
8244.472088047976,5082.751287228851,1385.7499928318848,275.4704558442595
1987.3545833887868,6536.9383885698335,956.2853469352017,201.33763621779505
3830.9089458099697,2739.405022614753,976.8688062099379,105.09727537375302
2333.4097838886482,9135.800265582411,483.7136040959914,269.5125544856252
3847.1048528087144,4884.679498370159,597.6651568353294,10.550151065378367
2726.109682371328,3303.3308772524915,908.604394481833,86.8746125353085
3436.9351344384613,7598.088895185683,1055.8549425590754,143.02345865234068
5705.409907059511,7678.008741803291,1135.6629924791016,263.19345545442565
7308.741860957711,6656.8168824332615,217.027669034222,121.8281057250982
1550.1831662692896,8382.928116472875,1272.003913943572,307.36893020379983
9427.603874585377,3970.0916677433206,216.3714659907294,229.26448189249345
2623.474781415559,1480.890080834915,1215.457403173577,15.980335305688799
2541.1105331034496,9324.835812844814,1186.322729311527,320.0856053675081
4945.949781009123,5770.623090866857,236.2678400074695,335.8669978508818
3447.8325994550846,5985.537105833075,1169.8207640744204,152.3075495838334
8565.465916828702,9704.676484217955,900.4269497924892,344.7332711189563
8043.136202148092,1110.3064489831745,695.5186650476954,91.61100328252992
1797.6686821586868,3631.2125815608315,124.021339608814,207.77159887634164
4564.199557985318,6708.174009519887,758.7812282296127,260.7811075033687
7597.230608638022,6206.951217929299,872.1232812474847,155.16472050086188
7506.994286849265,9401.777214055392,848.041685549394,266.33421274879885
3575.2000389949067,4930.514896898745,1466.3232948074308,258.4180361071849
2670.096510641595,9983.076345261255,880.5677193289342,53.865055975051064
6978.517728360201,9390.509695335842,1200.6132230277394,172.02395622855542
2064.691901253908,4121.969172772848,1117.8422623493766,171.40115533233197
1993.931205087596,6735.471754328322,597.3018575985141,229.41711366872775
4831.947474039718,4684.472316034939,36.70852369119923,336.7274046423771
9482.70622811726,4423.390252813117,430.0264074326184,85.96122798178821
4746.771787283104,3500.709802023402,750.9547804428781,309.5717770097922
8118.996664958241,8575.020105908876,895.5415003781283,149.4472578224391
1727.6450378471036,5939.102818820155,1189.5532563361826,96.5156079582512
8891.229752260097,1780.842539025173,956.3045558666398,211.8297124859243
7539.2325167357885,7524.41121195271,546.6974615138765,240.1883129354308
2627.1987049908917,6027.405110898992,716.0020192535443,264.1652575727059
2031.66990843966,9026.76863831091,954.6665481889252,355.8630308426699
9598.27433277669,7751.14187954584,653.6041141792167,218.166498684674
8487.321308116958,1415.1836839207886,987.9657742934445,207.643483914993
3020.3870330360924,7890.246046186883,348.96859069656335,232.5101602422768
6675.466247147924,6010.081840474463,420.50198876446143,78.43207189213648
3030.909504178405,8472.095062709039,1166.1543667044373,77.76232114165998
7157.7989478256,7089.407396177387,612.4896579355243,276.4929423103948
2024.7813230721274,6118.72937918867,993.5133544566146,287.87748766647104
7634.373212577338,7709.19942880528,1152.6511242797044,228.6605404337035
3925.5161996024076,2348.827866525752,1248.4793600617152,352.1984354327856
8541.545889360797,2097.3554817382173,1288.0719612656394,35.352037785869115
6484.487073986137,8465.161050854767,1336.5439913966293,341.02809690133387
5061.196532919707,5615.296370358586,1019.4049683251617,102.60174235704648
2985.6733777168815,9054.53028011226,697.7319031947649,84.19804371481062
3042.2132721826424,3615.608041749721,1004.4454032968571,45.75498112532669
9683.230307050375,9162.906060527574,130.706429252921,90.83436917385423
9919.768111082782,5719.277194388431,1346.3912148379775,184.27394860288976
2473.112354883003,8486.441092412993,26.44691300326427,290.3633781746835
6878.648630996209,4235.085141541016,704.8903356011617,354.0460304614435
4550.8606375666905,5748.178465846138,378.6204259764997,332.4878098230748
5152.895099677253,9129.833929748314,1251.412861087947,103.81579228809854
8277.804359331822,1260.3617455210826,164.7960902601017,26.55403779488735
7760.588761813708,1579.5241277606222,909.1310361058488,248.71169135241053
1115.5860052238597,5888.803029945014,594.5219372653711,196.55615502634186
5137.481613687627,2626.8727166553817,1429.327774645728,314.8123706833725
5115.9981267743515,3494.8122653432633,1048.1210703109662,298.66977409612144
5504.060678809812,8310.20582215929,1336.4950027097323,74.33857950939478
2017.9981567090927,8388.08518906408,977.6851294144913,84.83597194705936
6821.7318245413035,6257.860227099647,769.5941828272611,211.48682641915954
8555.00025146028,9663.750535221641,1279.6131823857197,38.59090629661478
5590.892984400618,7898.008979662903,1265.5140471640038,347.5900638787483
9727.9889485531,2796.9259414881544,954.0191680904803,17.23271350629008
3929.8660654684204,5714.382013170567,1444.6650280001604,42.648143787767054
2788.895358392161,5685.443575325046,1197.3301289560527,100.44803803611832
1842.5307505320056,4475.553722794773,1476.5212412671249,97.80016371963937
8241.400796111608,3201.3016621283873,756.6432786446942,178.03655457253433
9641.149530684816,7481.581563849071,1365.371363207775,121.96749055516821
8086.340566280461,9411.125405208033,41.449139935582664,91.6891517228096
6569.480146118353,3347.415875539341,1422.66440173507,239.5576820295147
7306.610620802919,6774.703172631806,1057.4623417508112,107.80222563196095
8496.752652423434,4337.6035127755285,750.9426296388481,349.24179497236923
9569.33846699302,4541.121329972536,42.84467683634349,30.41747992495844
5369.708622533396,9456.662602184717,237.57038771871277,294.8068657832251
2922.65616972818,7820.525906756747,968.2028584780276,300.874168379078
1551.3024771533396,9975.009551441273,984.2721940269043,166.65715912473846
2392.5465614892532,4873.467797871495,41.78325928261533,106.26975215911717
6343.438154819609,9901.542450493404,190.29325593931918,340.0831770563336
1510.0989228172161,9722.41904505096,653.5248835866921,355.62645875567574
2074.904411758588,8159.464505496432,507.3063611312868,207.7001940081023
7549.146516052068,4404.371454194579,17.98702146447523,57.38303254636335
8525.948026454236,2078.073914476068,1232.3070127491378,215.1990683995592
4580.316504001221,6800.761703441143,1267.261692470356,186.78232551290847
9913.634076061791,2380.031415085353,126.41058560269059,157.3398199019192
9886.070192216906,4134.6645563003,407.5473399567588,229.94433076698604
7418.594182293437,3771.7211139093342,1052.6689011056114,358.42337002990234
2233.8080736704765,7765.604878106989,333.0859347200551,246.1525421927743
9259.389133311346,6401.798141013404,936.0987745380249,342.06244256762534
7000.797965754342,9431.035660086012,1326.046107042468,205.5202250385084
1770.0260106736268,5604.46396832508,200.408612845596,227.13232476959158
5450.816038490794,9453.004108853096,288.27034362100744,280.5875980117258
5262.570813073932,7345.125135659474,442.80649956902715,61.83120435941846
6745.833646998117,9187.972186865492,152.061589000392,262.46424963019314
7331.334419447311,9031.407165126002,194.45215861887823,250.35583122949387
1870.4911367914992,6025.0516927497265,334.3069344732942,5.483557023477197
5071.391311584832,2108.9796319549596,1077.2292906530454,201.3807185809276
8018.10020994647,5876.284930279435,756.8228478288725,235.41045536322417
7866.44274352417,6959.7112904816895,394.8173057388346,136.41066087744016
1915.6801925314826,5117.285484697122,172.8985168958807,215.61513910153994
5169.554572681545,6656.403049611674,502.65774202684736,92.3882175639377
7200.677354155973,9206.187479812495,20.759014352786007,191.14630163614206
7011.851559342514,9164.182071907582,474.12247937928703,310.33944915085186
3608.4217159792365,8794.13805442083,26.896128779382735,194.24766874439746
9245.689105169426,9841.26554627036,992.2601450176275,291.26138965823134
4499.238053018074,5442.073601658374,529.4314964821043,297.90205609950584
9607.617819360834,2862.1277044127746,1302.0581413107873,203.8169859109543
6656.617432470224,5970.128159348051,1237.1355141251072,152.59442813908137
6522.445848397605,8862.928218311108,389.12482866850587,75.97303992167598
3859.5456426492824,9536.609697970749,699.100708405579,313.91687255658314
7246.498015368054,4315.737451208525,1391.4623441497854,82.69868549202432
6567.461199894682,4734.445724950151,247.9863253036121,70.02940033382633
3131.1805832976147,3764.4706762551095,1404.9438635534384,240.54311568282478
4779.961269465995,1675.5814273730034,195.66574497027128,140.36660703305077
9681.646504591854,1254.880880281209,1441.6656912786475,203.76302187466803
5256.653167909518,6476.303891027046,464.24145238004877,27.871327548587463
9593.556067136651,7172.636549463486,1037.6890922932714,122.29225331082073
4733.852304980485,4044.947922963903,990.5761118495014,114.61877516038726
2071.0432932321946,7933.162291098538,485.64458988977395,212.53567033912293
6457.524082943141,7951.8639431577185,1198.5588912547148,182.24031632399874
4683.545182924013,7151.429674183373,471.32426673157227,12.826613441065494
5620.802264415124,8714.239274531474,57.45952946710064,158.45074277418283
9111.252682953493,6035.784444778549,1466.5286406628852,29.174892189224646
8726.474684818215,3893.842028021709,723.3945036038132,265.3064351085671
9063.964062613588,7024.111575856982,990.3276895192802,10.595768769856118
7717.739549276083,2494.704788093398,547.1530669177998,49.366776629669545
1561.4982368252993,1144.4634488744562,1391.9665389489812,338.92053989982793
7716.8145184410405,9545.39173199096,394.3324355081042,176.3855123434547
2703.330777246715,4398.157423997266,84.51551835887412,23.57305905628048
8082.840660728377,2231.1177898142923,1141.176150978251,229.15958636541112
4888.901343296875,5466.558996007548,865.1826858610872,319.6512947361371
2281.2112932435866,8841.109837663167,65.12508897538065,127.19084252544765
6745.428597823893,8763.033791501923,1188.7505768695937,83.30605808998901
4369.151021434824,9618.03001093025,1044.4301740672247,92.38420150431038
4213.827872911084,4717.564083430925,221.62989329872855,236.6000224206047
3034.8788100287125,9660.35081149128,731.8755273389314,342.2403125992505
5189.231677562479,1647.8916204755053,523.4889836809581,259.63466575547
5658.579830160481,3113.5835139790925,559.5720401041413,327.18399883582987
9945.766991555363,8316.931696828251,123.49189211307564,96.30937829587616
7471.63400501933,9989.972544813818,950.3402427264732,143.1035989068502
8486.354016368881,4575.703095266448,1067.9782370655716,308.53208310086904
3046.0620000524214,6449.959477880579,94.34689228161726,204.3131700376068
7039.829130847389,9211.391390585573,948.3533885972462,90.85315929226877
6071.4131120127,2749.0380201499083,664.5535193122025,88.40314843948626
9788.713777056826,2730.356718497541,843.0647179771589,59.028294993358735
9881.568030048275,3288.8458427748947,812.2853398649032,309.311411743247
1324.5328241918455,5109.468575048575,30.46928972533961,318.7857624568498
5065.671217917517,4765.04670743362,628.5288133024521,65.43629752811863
1796.4638285053115,8349.878911335865,584.4981041132248,278.3779860506189
8827.812194574191,3676.211887153599,1014.8578872079607,328.7033792707023
5396.270578550726,5035.717807152523,829.4615224283093,262.8993701721913
5644.296347422938,9346.213591733358,741.7146365510647,257.8277396085024
6546.72474932196,5255.096111339835,733.6680263921686,159.03262391977515
3843.3169179454812,8293.44582360256,679.2980868911303,280.93416022268633
3772.0528940518334,7832.674793368262,208.44878483361484,237.19444261935033
2315.701823756494,2514.8966913867853,529.4967092125289,71.2193989400453
3165.882804969308,1844.9068100669845,225.60964764601448,204.9208663994639
2371.4771306330404,9338.702705098967,667.0951791782755,249.36073158553074
4049.800682119847,8029.936844719003,603.3005440912741,256.96891949313175
3320.8164770270887,8211.790526387567,1416.5241234802295,141.1114626051719
4155.205028203163,9683.162583124318,1477.7719324968193,168.07599316038986
7734.523651834066,9208.726002230456,292.2480111932055,72.37631189177743
2172.9573062680593,4882.542540984576,127.08248084743707,120.1161920463861
9842.56693253641,4193.430748987091,135.98498898031042,323.9431597930199
8424.153115442667,3020.051904168942,485.3130519569631,91.33244431752581
5865.523422327378,8795.61864338464,888.1837504883437,127.25355879542884
6904.604477920624,6706.449679712308,1140.015032077248,67.51322006904154
6119.434604813412,6481.224005027235,866.4903696716035,58.11375882943741
7389.933581789581,8633.389898765694,23.220380975874804,338.1868324535806
3091.393096720306,9052.164177505581,341.66020303248393,75.49492310081055
1572.4467176781623,6284.689108137993,1357.500450149083,260.97204224384967
3052.0558601646203,7227.797050630136,1471.1057166988135,56.69448152579664
8692.338585955462,3103.8200963560357,160.63310972242022,287.41168568297866
3481.75459650457,5469.943872424548,345.59763971272355,99.73324191255392
9246.984148148953,3403.453472542907,722.0096318126418,37.16187785163449
1317.5148261967906,4381.577327404175,1073.1741498084396,76.08541680022836
2191.2446276839078,5449.705424506466,575.5163415499388,149.27552957968217
1996.2540044104626,1327.5986210203366,303.54148887264694,123.96635301195928
8898.343609158055,7310.67111080538,1288.3333859435393,137.1688828880891
6145.590447251713,8699.544272346626,1066.44507912113,201.87972359329527
2580.417488086948,9788.446233243723,254.7802353307349,106.21204535563392
8523.816139244997,8783.215577944811,866.4002879017344,89.70931396643034
3907.928164239568,3817.815674704527,1480.6845542096569,268.05895215415035
3680.136086286044,6760.673166379179,17.229050853842587,112.07227981140694
3322.2973348109067,1498.5587703123674,447.8575227656512,233.55185942245393
3979.110835547548,4322.349956886268,186.57739199962325,108.52008401927047
7031.767858556041,5962.446946127918,1356.1146017367291,176.70891309802653
5307.232608937933,1212.1725264648455,845.7053427940209,279.56946005663855
7926.730130691997,4162.364401443072,494.66293298067836,185.0706230163339
7382.157880537698,2325.7270098320905,124.85198728460814,259.9490226377844
3636.4105118668995,1512.9369762107522,146.26076775390476,29.026476947695237
8805.637517957734,7742.415866347919,831.6001164895023,115.03691579362274
8894.230678174357,2243.5090846024623,385.93843079043387,193.93535198043
8237.398395985485,6683.743965842152,1175.0727581842034,77.59568813401661
3027.7358165396417,3273.112744805493,1151.2809116618562,20.323334795155684
9582.39220512067,5257.298412745202,148.36310680710957,155.62881925496004
1219.0284841886248,9530.357623732378,742.285568241781,165.8683184548836
8646.930914292465,1985.2415303673495,29.422165968285597,299.40118114328806
5165.212130933389,9832.693723930857,200.16057868451344,328.1362529918044
6457.205082378873,5306.999750536878,164.48736158877688,136.5512077680293
6216.990479683405,1211.6454810428816,468.48650856846115,187.61668453179166
1550.3462931696222,1799.4165074477028,521.8934480754052,175.39964551111825
3097.4901394627796,2667.639740434377,343.51886763944617,294.7630103893064
2338.3422120242376,5823.7406625980975,422.8896709211063,193.02135104791043
1997.0087240641647,5382.543269493845,1315.1596224133552,216.0581943539869
6918.561213161556,1365.1528179970323,1217.7476183990007,350.7081343686384
6172.979860676811,7562.569587899918,1261.77016199302,356.1662186296736
1276.576418689274,9557.382532385092,981.5050356135614,158.20312068714605
7287.175363416911,2789.349289577145,593.81948920904,156.36161935774894
8660.23243918972,8696.665724481363,77.44616618546459,181.06022924180712
1550.343669713021,9008.845779355946,77.30243375636381,103.16346934181416
6490.158433344285,1900.1329255016035,1212.5339957409046,71.94345267567914
4140.161475166169,7215.402367617577,1148.4990397258305,112.4052763130212
6892.023690554732,4972.509387439735,254.1124870844699,159.13592895330876
5345.402395609352,8317.92792207575,1247.0059961690931,283.76418476309055
6947.77845187906,3999.000177472068,911.0356663875718,312.1326595235421
5443.409668163556,9464.929432254161,494.83305417998076,267.35465041025157
1706.9290213777476,8163.574358316836,1441.2898999704125,289.2256104135697
1700.1145972357508,6031.167725175254,719.9833303275908,260.01064866268166
4295.373027461717,9600.800684150978,1003.3636379354729,74.74964836893727
6679.687177778174,6945.968200631205,1156.9136524619285,33.783552196441285
7235.018856839989,7148.682137173959,604.0438970444661,17.391098755673976
7510.594315121726,7753.7726562825765,1119.1215364972047,49.00953457957409
2883.5918313019156,6987.157444100217,504.3797284682336,120.12570883714235
6060.4203754942,9207.38766568685,887.3244905084804,144.9961255498063
3498.2090844463023,3012.216678513537,387.0762943341047,113.83701850415784
7070.1181981348045,1403.1413154304378,362.982668154941,33.667632615711575
8871.529679814765,8186.0293798712855,389.55899133160574,138.8845875093194
3679.4420671987464,6466.307703468653,498.30665532187584,216.85529170007024
4191.470304605683,5171.10474528369,232.6274241549819,26.06002791637944
2071.3802026105286,5571.384978041161,173.0526894054207,135.25466916151174
7896.952629972176,7476.15994051916,1289.0500497550515,220.29661962660998
5351.255173379078,8968.075935242989,1359.977002311276,244.49131007256685
1333.46759161177,6139.928067773844,630.1288238970345,49.970306591418336
7181.154765405283,8032.228456727017,307.4795310964382,80.78579565554178
9704.700399927164,9313.302372329776,543.7061716438468,109.1196155681828
4002.187400719215,4807.662454171879,662.914541203375,137.93166360099852
1893.3189162365038,7839.850936924408,1313.1065912716535,290.07523238905895
1543.188277409466,7345.714652349644,1250.7756137311483,310.6911168423458
6907.956702634734,2383.225771432163,1386.4616506938057,249.14949303110149
7661.035673582913,2900.5712219882334,1037.7203062236147,71.39279578304695
3324.6762650926776,7123.233885336526,115.73340364633309,111.65476627079985
2515.5662600040787,4814.014052860593,165.02620563584372,301.18139637343785
7990.019388492003,6279.498372602516,1490.0952526885605,158.40348281182568
8273.911702728508,2114.7398904273823,1274.329598899915,217.40644941618606
9569.641616411833,1642.1197980758348,916.5270226283233,124.16441114904104
8766.62048487709,2692.2736951287734,430.3271113868775,255.4187996634914
2905.2990459012262,5064.804304505093,846.4887232878942,317.8024504417582
8468.619402156059,5544.347916372381,624.075659078225,58.11682891280821
2799.364945480924,4884.379967205348,213.84082377930235,113.51190434322416
8531.91596487788,6688.464443188025,24.48157236356238,216.21124268660535
2485.6232931365366,5734.654331398463,433.0758630147627,194.65053907928504
4936.519185099303,2339.346274324671,1146.8356080392396,305.80384844196766
4334.0698410409295,6954.390300504721,1450.0233556525957,270.2321153551054
9406.921811861099,2508.4148005483094,816.4408685600151,288.6926143851746
3214.359676068351,8968.33994023739,1017.6078585123117,246.5847198773434
9312.444393709686,7979.520340421734,622.6074943769257,180.89914472850066
5511.47764800102,5066.676131182412,358.57977582512603,235.22721700745225
9665.863793550012,9870.395242905463,1111.3260825007944,116.2198922982151
8913.483393334554,2129.4202780493,750.6169077711587,226.53124211763523
3990.5274101779587,1667.910473719264,221.14099540696523,125.19500030632342
4115.5177640928905,9605.179590728865,1282.1644865122005,300.31593584293915
8111.86597005269,1107.9952615668049,1333.7503615163228,203.69990086696532
5473.469186288859,3727.358815472057,662.0502169098029,138.08377440046706
6349.764008729022,8415.938340292556,832.2417503374803,69.28913589434345
3260.565405369302,3149.3250844285935,691.8755462419165,332.7328609796315
1874.3274830041096,3113.900952235663,182.4722135106538,132.69123568759738
9544.1707154144,1594.9566728729883,218.45336682997336,135.8987405889708
3835.9366318902876,7561.348423680569,184.83734131020873,355.51959442686393
8753.676045134218,9156.862769316122,1483.9962473143712,152.8170674289251
7433.321376712104,8530.857476724545,73.85031608600255,109.46306056269532
9698.817294133607,7667.524591076814,480.97399033311194,282.6562747359864
9599.30732777701,2901.6903304735433,1250.9228187609542,302.9235036346289
9669.530573815264,3117.1027743422255,590.5896072596902,101.92335642922437
4440.074701675139,3198.1381546407915,1161.7287857967935,323.6673335921743
8815.523460258208,5246.135414071022,1167.4785944568068,34.37801109844452
8030.0022736383025,2871.4206303954606,1014.2190825783138,137.08548764804576
8101.600664316241,8959.870598086825,1260.9749401110537,288.3632475236741
2261.97180898608,9084.693308022152,756.2114039242473,206.05238347888
9204.435203403538,5354.7208577679585,9.826519145256004,287.07461205094495
3856.70092042316,5404.102111485354,887.0845887886315,153.44405511965695
6074.275506962719,4502.954330756695,580.0110457184982,236.58100620023004
7852.490296892055,1386.508005981568,6.54458933849694,68.94940715355678
9235.24196180893,3179.7199434525714,95.74009020748646,263.98333775472366
1945.2170990746076,3229.5776561730177,1147.5824737849287,3.520336508440708
9863.329166599488,6446.782445617251,943.9251413608573,175.88364357212706
7843.281509717502,2026.5056163717668,1486.5966907136205,237.9143719578367
7168.687820857103,6276.813748599066,984.6884983667285,311.9314717052826
3875.4234205461366,2847.7945517686794,322.96510470430803,147.52387897383767
4759.252184533294,6577.86947420796,475.4924564837065,164.21720211155144
7307.054333752963,4016.43537468462,1089.9242086011238,20.863803049480705
5060.22151858472,3356.580197935291,1155.4160557611424,12.91272241663644
5081.665546281854,7581.796120935469,1015.0279170835898,315.7093995358911
6377.190409204641,3907.872486261544,962.3177777110078,354.7566865256358
6140.817866729234,3750.286290205176,623.8896981842205,66.30524099603294
8573.953749314693,5612.801873964642,1037.3262574180296,229.29676658522897
4545.769162133272,8681.065064716837,1194.6339910075421,126.75469162460514
8592.36219472711,1564.2954037682953,83.43738355151822,213.85767684246008
6018.8718414002,4990.772340869139,1492.438464174685,141.8006131662929
7168.299586228545,4363.486084883874,977.8778551237011,245.53193906643222
9997.19354112766,9938.589453245097,652.1056030687644,258.3900623923023
4282.672728303174,4414.772867186596,399.2493169477003,215.799439387022
2021.3723390432197,1770.4500490701776,744.1692977027969,325.2715384045922
6123.3350657043675,2840.578534000246,562.1993131285673,50.95727839257066
5337.770406401714,8815.76520261692,692.4195687633296,87.86889636565282
6507.849562079511,6641.812183536386,848.8551044539593,71.17696979901861
3382.764276380217,6054.992147435292,1456.6803892772032,221.13365431247564
7486.990769483213,5536.867333981733,1194.5587348145664,235.03741884357441
8902.334128934293,3559.4077265620635,74.74778418519162,109.87062565313754
5376.857892928658,7473.849183436759,511.590583980527,353.99515505458805
1575.9206708167076,4948.729425537476,1282.206996608989,344.4264823327484
6434.105631324525,6982.782037113332,686.7941965390551,244.97599189206974
5498.789818534634,6926.133732125502,1495.2098451193474,65.10791566989911
8749.550284921534,4780.611946937869,817.1959957023824,209.3128030777584
2150.828612788954,2994.853313395056,507.0223110571248,105.48571272862115
7781.775896084866,6627.35843884329,873.2263117288231,163.1588755493605
8027.813794575041,9847.22274393024,416.3529153075391,201.90098383408963
3327.6883906167523,8977.670320881,1324.5422433059973,200.6594836692659
2511.433968834967,7276.551284509457,241.83774585007376,68.12124782135567
7877.469715120647,5257.1003657340625,1268.3203376898302,336.5108515172883
5015.122870089083,5887.977747804709,966.593771512273,172.1925124734166
5622.702400924573,7466.69167915674,565.6148886978984,283.5821430530449
3414.3947461128178,6837.861812530815,722.9619732210446,297.8485159432042
5238.382744381319,7941.288145830912,1406.3325593883048,3.5715266801028065
2031.4264137332211,2001.4857227001178,905.3822004569087,353.211749153107
6847.179622792883,2202.242525323588,1063.7719648050568,317.99716976860213
8569.365844113276,9272.571289298812,1179.0018076689842,261.2829299207378
7920.319372591332,5724.052420348429,1188.6443493147253,10.184937829497528
4289.974195675479,9779.169526602593,366.68884111036715,292.9582373926685
9777.203304730278,4456.036988057205,368.76661642449346,327.5759708967578
5089.475291879759,3099.742169552391,122.38709229583309,299.37983439517023
3723.7769838332974,6914.655099467695,935.4036782499443,308.60041734740236
7466.031774889433,3392.7406085728107,844.5280148666891,72.3465066004697
9052.622442787826,5156.365722516924,1118.5890368836028,23.68007715183592
5258.103154317444,9122.993349716235,721.9141095542308,303.42906725457027
8471.921873363599,3588.212132378932,926.6441206936081,325.6950298646511
3257.6799347608126,1241.0736205528415,889.5034997853996,251.05229600027397
8600.754378260253,8887.215573701356,333.748209579074,54.272139193307574
2752.034258733055,6952.277975521447,251.45967536218558,353.83953494953494
4957.63187349522,4923.76655888978,1122.5407622400705,303.668470013242
6638.668549215239,7098.826862233965,1437.1880821248526,291.091508433427
6511.870877448737,1841.4952809170832,530.8651864711851,232.8671814582381
1796.5186153190705,1697.91263273016,819.9956184704631,197.3194983007878
3269.863832243317,1828.701362683507,410.17134844338864,23.88412932769698
4110.73417556342,2224.417804844781,555.701514930587,330.66873695647365
2147.094005191894,9586.87007639818,714.2649833229809,51.66553955554249
9510.923226111707,8848.101216019371,53.4196074330156,132.23031706288617
2731.3267155086896,7067.582354214141,1172.6080037562879,173.38459639389632
3979.281693557768,3754.360268641168,1495.040641750767,337.60711272644926
4230.351147899656,3087.631177860905,679.3344577013694,181.70562293212134
2486.92700775052,6062.419003872381,1235.496678354315,319.3768688907116
3345.7189328765553,9956.056556797015,618.9876639101819,292.06637542501255
3571.5536786808,8742.928646527791,126.2815978623163,355.37056910798754
8473.42408745385,9663.634877066543,355.48365682405637,318.81009453359314
7269.277310070749,6498.425560508177,1049.9167403543681,128.7942868897747
9118.01607183129,4573.005470166483,64.23639337593724,196.68411245365456
2365.292964826871,9505.321182289032,179.86367100417652,81.29863001116802
4004.7805199587697,8243.92324129052,1003.9845522195151,20.266628336036362
2715.653345866065,2897.5062144117833,641.8179475335182,302.16560424426376
7011.922833803047,1168.2800317182127,1171.6781223110377,318.0232910376193
1652.3063251040626,2826.4318208010677,1408.2160173783157,280.9969910438099
3268.49291123473,4722.463794399067,369.1147832646193,18.32298230476655
3316.653821123062,1713.9201131831621,726.1714681592329,260.2519239802934
1258.193513922632,8511.368226419661,1138.038961232265,359.8403527965076
2592.955837699207,3484.7044847666866,474.72463336226696,46.357251085004265
7235.231336381543,5111.428106282503,1116.1206290465107,287.58525057255105
2646.480200825806,5882.205557769731,91.33330040604402,157.70832162404812
5828.086513698438,7930.875336834525,1457.3072853068625,246.06586375233164
4956.212717661036,9503.66036929686,827.9677831757324,339.73262018187194
6209.308980621222,4032.009150754245,626.0820612524234,109.33997052722052
9693.095032322299,2259.4785978163773,1055.8524951867366,336.1352909611399
4040.166746691853,5352.830213398033,217.94871708289935,305.69728963400263
1809.301941301882,5979.536856919066,277.752653555807,31.5880263126903
9027.55003972312,9895.587029933602,215.18838281735276,338.48875636912624
6803.094494735746,6780.603056270517,1188.3635044222233,26.6696347467642
6726.550299191704,9362.361787915397,1265.1640099083543,59.00688507607374
4057.234449434351,7577.8750507647,51.80633839185369,336.1273083342029
7965.9190855015995,4304.467972736886,984.5146623989946,311.92845861690125
8649.909106494464,5600.318174607489,1199.778461181889,137.46867985735977
2144.2939052095007,7033.346116831916,509.3724440610505,41.104598731338065
1362.832728053213,5287.806556074539,1210.2058235939476,2.5342304967775853
9672.08681976259,3499.829563225402,42.41512524061982,324.45812339400914
1140.665625427704,8723.785788200928,28.198658171597664,132.62278049858836
6281.163179989612,7850.307390936464,276.4470304245382,145.57383947817638
3364.4147635816225,4873.53420084034,1419.9247082821742,42.313858499438595
2202.689222361402,7936.665100124129,625.2974099234973,81.21434257881415
4355.000272663785,4590.016831212317,1491.068178965187,86.5733388903207
1758.186330168959,5381.6113051777975,10.303784657029889,83.56028286889043
3334.5646761877497,6600.002435827125,797.6202078814416,25.238042634041822
9299.022839749352,8265.816436128767,975.5867745013173,240.99840260231585
8486.347738919809,5552.133454426662,810.365903045087,182.50170361088723
1805.2589767372149,8288.203231759173,817.3632149026453,342.81138449563036
3089.1070388227167,3819.9669498729377,926.4865017725776,222.29145063410212
7259.376174958911,1787.8715274641922,1247.8173967179293,53.249599208642486
5040.838740570429,7706.560645237587,1232.1269792393016,126.37020388924726
6777.349323753595,3865.065520036048,569.1209035086332,82.19925383861637
7172.524410998933,9744.910445829017,56.85006793495253,172.922659576617
1266.0008183040138,4066.794611958879,1414.9414332324484,310.92591874383044
8734.96724359543,2602.2340919632315,1177.1708099869243,209.9856636913481
3101.9451586398413,7555.882789701077,1044.2842986069516,98.48010418422649
8954.86014934506,4884.010883359628,324.99788479934483,98.16211462577513
8007.554962184103,4451.620148408702,859.2029620543831,322.27867771905807
4168.21114292295,7428.75750584765,766.5988350253959,101.11042029610968
4158.66568351172,6445.0101964392425,850.355617006002,228.68890383413208
9374.480589150236,6258.0018114091545,1279.315753362834,37.65938192410542
2630.3766240133778,7878.405817203602,1338.3156379077952,164.6973205180371
4664.159082685957,8585.379961660594,1327.1083171052585,341.0952377546781
6096.325801333182,2323.191255284104,264.20729564770414,15.364602335808685
4914.504340329236,6887.31689396937,1091.262663190517,222.56162961658652
7394.556178537779,6657.135383433141,1148.616269463641,271.1578892848808
5880.514274398657,3604.968278654078,1290.8734845442343,63.141762281818295
1619.202834462875,6853.354712290671,208.45824483788917,314.2641446273764
8788.480522007576,9442.271669424023,930.5509039348822,20.785673759856287
6103.876953443539,2451.1728556904827,357.9261455565185,123.01109311413876
7116.959704754292,4419.408704096859,359.3474064523039,319.60237835408316
4399.360051768474,1768.1696938746775,4.251966263408045,300.2220770390716
4168.80472700934,5499.398849629417,78.64899363681802,264.3394060983276
8849.788986185453,6808.814371510279,789.2649250870613,300.26440220330994
9444.713047953384,6999.855142043572,1090.1695036347835,178.38260977966542
1752.2505563017812,1447.662033839709,581.0084277312035,113.80876363205756
3837.8055345360076,5852.60046082958,181.58001834334073,231.4792953406013
3376.4684483196406,9624.215654739754,1100.1772731361878,231.56508328046777
9499.830301887318,9029.309154303966,981.8944843236326,288.6979949080445
2687.299836202932,9359.836431715432,571.6284591165105,313.28004119065207
6708.084370265586,6691.104540190212,954.9546974933648,119.91187038186244
2695.86479934454,7198.978136976454,1289.4580705693807,334.96283351083207
4227.560050564566,9529.90078624207,541.3955337731819,238.46479635153406
1433.5468842394287,9117.905555009396,870.2872736278667,295.9093133798348
1203.5768632779218,2496.9744827549753,1031.7868892444596,128.24371315434672
3098.7082644069774,4026.2927600423227,8.216151692880977,183.6032881936549
4968.505197370323,4090.7706953563084,1176.4554068177968,106.21056423155422
4711.322452927837,4622.429736853595,98.40229149015023,347.98173271194594
1405.2914495805217,8157.546789575917,472.1608689131548,7.914070188202521
9985.843503474007,5041.485836265765,64.76861373312587,41.57417522908312
6452.694152936541,4917.764970767045,1473.4536975190633,125.88335396431282
2548.930839539089,3525.0309001283135,825.145333778147,343.8799401154823
4826.331265219056,8076.881844738791,1244.1122008391305,88.58077433866912
6330.947960783676,8548.736206762931,1002.6563820760847,299.16972208532167
1529.452023102634,9433.690538152718,1014.3656718653199,193.3026357511976
1474.510900463204,7148.50909510765,964.1014992231239,28.089860807731757
3226.5214207234903,8410.990369070136,1469.859645616789,275.0093490015911
2767.3740976970175,4047.7228980078094,243.1766909659081,41.16483899464229
7268.371498541599,3167.1757040490024,812.0601503276408,201.6122191722479
2212.982173527708,2803.3591603767227,262.44631693886123,148.2589700093437
4859.80547051896,2522.290795742674,126.11934614482695,17.44227381524517
8645.316515756069,8588.290734724284,963.8752160929151,245.3952051008636
3354.2335707880293,4385.457205630175,322.1887857370167,54.780328458259696
6122.518099397253,2885.178855294893,679.7125721259589,16.011322266194924
9938.544976492856,4749.686720107065,1217.1497944609564,159.62440060722804
8518.994463391882,8711.023212665905,1065.9020792282113,324.2017682944569
7823.000883378879,2321.7279121684487,98.06946383905623,150.81551346218106
6895.521324395597,2838.1346817001413,71.21396917061809,317.99557699513383
4201.221802205635,8635.828772611927,309.4862898396527,151.6964722506676
9815.044522588563,5344.588615039023,1066.8114855064234,74.61609416186651
9945.563821976322,7833.111639008302,183.9149408627038,127.11276484316234
9251.236930040173,4019.844963466142,107.22236557945729,187.8046264843743
8282.562277457666,2488.3659509696417,966.7439855935554,219.43917745901246
1782.880017825306,9269.730368753946,519.6349605962981,270.19015485250657
1140.0215099807995,2609.4780001767613,550.3782685040827,246.52714636559034
9738.745347111693,1983.8696174863112,1359.2484887355151,337.07081603856955
1702.0649896837958,5196.215314719502,1090.1146980609726,60.917882249356346
9044.962251681696,3239.0940952415294,1193.6822158642362,85.33728633359875
8989.554409802735,4546.691544980324,787.7437030565353,69.78091698824298
7416.823122278547,2046.3371215936963,1298.3354978749207,291.9773891603692
2100.556358604092,1275.9670275882331,922.5883723873791,281.0221766549376
4360.25025511694,2328.3601742133483,35.44012904609072,308.2334850556539
4734.01866619324,5314.947476487092,35.17204503834095,34.94356370168901
6056.0959647779555,3642.991437721663,1243.7913403612092,280.61088040659786
5983.355922598762,3896.992835745383,260.31877217048543,192.51529132073023
2604.4984557874145,6754.876930702099,285.7133097188826,185.03940861493604
3266.630051575097,8847.799407856255,1027.0173870875083,202.17323376790938
8782.50024156076,9357.832877621047,945.8276819898412,14.933981801549468
7368.101757317197,4996.5378160737855,1213.1442602431778,219.60388025015035
9138.884634277241,7439.172153171488,805.3964735131627,65.8769156423033
1887.275156498315,5489.54096079023,624.3692259276124,34.56508582487289
6257.211779296758,5287.9526213913,578.3938787374306,158.23005607471356
2902.5047358449146,6639.928327243292,956.7691188947714,204.92225746930967
6955.292574550521,9073.01191910644,327.4936108360634,151.8312055414207
5051.335962995931,1577.518080217294,1212.220111772663,249.8000077399224
7519.049041532393,5415.010268641269,1189.2300095416124,225.11780135312216
2999.664768444101,2836.6916978522645,813.8162901042862,333.56309511951605
3806.420358990566,2697.29272257553,330.5532584446317,339.4976824400711
9085.591317564296,6779.295585592253,1028.2106772795653,169.38564774753388
3722.950930968305,7279.20585012948,409.09669336830143,325.35492649088206
6949.704131717131,9479.31209039349,127.14952555856114,40.45917506368047
1769.2768574806928,4811.289070468928,843.5226878121456,314.3932879897417
9952.272787356882,9364.177643934741,821.9409641784426,141.54790290140525
6089.184572740304,6654.684385633587,777.8377163201591,228.84232630871097
6753.441517528828,5080.666469309927,1406.8757037382536,7.858313833799291
1910.1022925756838,9829.985172107088,1412.6776792879075,43.82017012946907
4826.756481874874,6775.831203993602,932.8301449827466,215.65258183154845
1386.3663536616548,8175.36969119539,428.1345618963374,30.34825741629321
9324.375592924001,8388.065549741523,82.01911473019638,16.98083983645865
7149.480421544334,7489.915372148347,394.49184983340984,41.63698395396146
8547.104747038376,9439.451439880682,924.179166421372,237.59430197919528
5243.788674970923,8807.510338252845,191.34516940892144,144.76466522886005
4352.531182847231,2684.634735174849,950.2721960864177,335.5131906675905
6559.734926189074,2820.4134536690367,592.3038953815325,158.98865171751058
4038.2703558257435,1794.1456715214235,926.6089211269998,118.58483676713067
1632.9691877529394,7705.182613124358,9.902313760857869,333.80339559322726
3584.2078637309337,4403.3173707803835,298.3429083557288,108.84417080372508
1764.7587941451952,5802.643049434393,1398.4382837644737,229.68277956805392
5593.751100104163,5205.150289218179,202.1026324345119,349.1162722092793
4843.0328371473715,5216.518229832003,491.18232546595164,39.51297094084417
5370.84195384436,6425.799184018901,637.6280892680829,29.65528238608672
1994.1801945246684,7476.6164606386865,181.553832602996,315.27835588619484
2840.396733790082,6938.413513939535,730.1665604710826,46.37228224881219
4556.835535950895,1383.4770733473292,577.3394027041892,332.16380849838157
4427.584074408234,7310.935560007095,517.7007028413644,294.82503139341986
5094.256561383159,7856.359480294247,1448.0631734023887,300.8577281556177
4787.135613881468,8848.077099706976,1139.5833034049128,173.83504703348132
6115.293625748555,1632.5552464082627,456.36753777883376,224.86346399597787
7299.234753269998,5373.453428600599,1288.3120412860142,198.05698085225427
2847.2788858666154,1106.1216765118043,329.841122534219,9.283525583352313
4052.752051505633,4371.315793211901,1259.1560248368442,355.7638787301292
8697.192889856356,2666.0016600952786,706.5835680997482,232.97589957820705
6741.935329529148,7457.564754583345,1375.7174765445,271.2980370981934
8312.616281209564,6559.47700196871,721.0205884793967,73.132977808511
8345.531911938437,6453.62169501121,357.26810060231423,149.2884623558607
8008.894307068602,3992.527888682099,1156.5607839053355,277.94399900880677
7579.0332910421,8870.228787306834,92.83171594952233,53.653097720280485
4153.9301115247445,3239.1235775685586,1345.0015528025617,72.94897760842368
2577.234963836878,6391.266227921463,111.10789454683336,126.49702272225018
8162.426365041645,8330.76684639578,1191.9098593596552,5.106550374548494
8956.9482771714,5246.6423425311,121.15267101227184,1.9855206128454124
4599.9831986616,8104.258360697639,402.3828490335104,52.579632967627525
7813.855966751179,1719.778699080322,458.12001402483,309.95480082839083
6035.3820069829935,5451.745975584994,662.4863345011896,143.450554946148
4215.579930144173,6851.488432425719,1230.0714162808151,189.81964021592438
5619.266374864328,4284.428926344275,674.4220109190721,352.0328915194845
6349.674456788558,4439.940416503794,862.0734359691379,179.53157793452553
5260.222854181162,7115.9521880576385,382.36973186516394,348.32365745808363
8641.800474528794,8555.754567814025,504.48517289106013,205.22988916374996
5845.33736628008,1394.4845250465419,504.1724903008169,147.2635746413731
1181.0439455714034,2170.2253908537186,720.9361778942346,217.88588414294992
1530.9296779519545,1554.5597506347422,1026.34772776156,175.16143272577898
4216.167836151297,8563.100311358081,114.9119256698978,303.7324104248289
1933.1941660561117,3623.265150406402,356.7413348090819,143.53641635348325
7536.1883265617535,5879.096427718198,1301.2961067083909,318.17137728605456
3233.392076426887,5215.236175154759,15.84564940018639,152.32889612891609
6940.095192041237,4768.68476582228,1220.0162876310044,304.80152622424714
2108.02263971754,8648.890252399498,1498.9247342388828,175.28350483805093
8748.687184198663,3400.5674298676854,1148.8404462662406,185.26351220551877
9813.350245803871,7649.997825984573,1199.1785897988968,192.5837983910448
2028.8834815334535,6902.206137292251,931.4151458012732,218.64345014810493
2730.0800315457236,1846.2075780171717,720.3649604631386,162.46452336238576
8499.260384621732,2815.4152509874343,632.522625058205,173.31286774834976
6000.91696658184,1908.1241136788576,1038.3160512349698,11.565217966821324
9089.08481185815,5041.680518548143,65.8088022038189,134.08502274059103
2332.960647930971,6276.522089468301,2.6354342016993675,58.233983735026904
2276.2377056810265,2797.6804810485796,1347.7717904527356,186.747863031071
7733.325696463912,7841.63198859513,314.2330539919322,131.32718361027065
3786.0541812855904,3711.690506967879,44.37381245427901,232.0314755913671
5834.096638938336,9801.946157070075,647.4113553439455,138.81903792003982
9491.81868839451,3980.734037235568,1365.2554263477666,67.79102922602789
3315.677982369896,9041.821639623135,194.77216993637194,127.33033711287182
1335.4302894894854,4478.159587756275,170.26312967462837,313.56337500645975
3295.4594521095205,6339.727430730459,275.1936990242453,155.50059952230058
8034.600187767622,2314.5921657603412,780.6730841526739,165.5325275684365
4630.352488662173,9668.8256078413,516.7301268275303,188.87623715599702
2640.8653256242906,8373.739958847933,203.97201768570088,229.86144091962063
1850.3537876422577,9219.375100908492,1048.0248512770563,153.50663653975639
6121.434335740685,7574.474825605906,1334.8506864184749,29.323979853059818
6450.027734846195,4405.795417991227,496.41542719982743,293.4982030448949
4888.382578697885,4329.146584757375,533.865194215029,305.8299808739525
5866.469031268563,7845.424218969407,842.5579036448709,103.80431396577633
6415.082740707022,1538.019398271511,992.2318313417268,126.25177442296143
2270.0485444813403,2971.0832928825184,142.46663548768635,169.05351772586087
1165.8619994155097,6329.021415895179,817.1391415990904,93.69940039284319
2994.041168562815,8824.144863972344,113.381024364401,207.68995383585565
3792.9285603647513,8982.665699117353,697.5156307570224,254.45950965670792
3801.9773001718117,9538.806372027182,1.2584165028502001,79.80597045348837
6668.037301814419,7708.774014459472,409.57791496375916,17.185866261706
4850.647393949188,2381.3735066244267,1145.4897437993652,195.66550729984172
9527.875913643395,8098.933869341484,1017.1525157356676,181.79794447419354
8066.469489195199,6324.550743635189,803.3750625671235,311.2455489131859
3030.385208111912,9586.86718822645,1100.771311777952,38.73862600991477
6084.888074503813,6175.683106168851,861.7562277335198,82.66851177009302
3791.5558218416777,6577.947704674619,1275.0332131629693,349.00581919042406
7757.404199062709,1826.2288484875314,143.86295947047446,324.4303771483295
1674.725499266642,1383.9258569015865,13.566315736273362,327.4521541060395
4993.551692543393,3372.9590575101374,1404.3788421248319,109.66032892283461
6084.179028494804,4978.30671033553,255.34646188142088,331.14633611984806
4121.622224734952,8554.188564831917,1196.39697133664,335.88271664734776
9128.55609760442,3608.253838687139,1302.9823179755895,90.2907041888611
2529.298056321578,7053.2325160321525,642.5669346877585,146.7000588997912
4152.458379416248,5906.539962967338,224.64396009006583,340.6247737071654
4934.560161772559,9009.26429333918,1014.0942130335205,158.42569660861756
8093.817732142336,5559.764951896657,812.2560101640008,256.5140573472372
6824.267459294529,4029.2005430450354,117.65775494196154,179.6530137363441
2892.7252464995763,8959.303087117672,986.775093219137,106.95613904196428
9289.940180542999,9523.432782150192,1434.350690608204,196.99307787165122
3245.7624184253,2783.326357361002,362.49803208110916,190.9808919843157
3163.210213943076,1486.1567236685955,370.69164573411337,285.94854743558585
4905.801442015158,7686.22535015237,763.8412579948248,340.7744558364174
6430.202143894646,8217.0491679157,824.0835478357806,23.407438903332213
5939.171541944375,5095.700850673024,519.7589344988513,29.054221132393668
7893.2932738242935,2480.0351485074525,570.7918542110145,184.4056015055682
7282.759987307448,1639.734786002759,992.8505645978785,57.523866352283754
6448.936088139597,9971.963240252408,576.4933479690144,259.34605340566634
1676.6333084762327,1723.2592060804943,1.2590881098406443,219.81163938985648
4155.627897562352,9202.97893316812,417.23442414404076,274.58010455342526
5233.4608030210165,2805.706750850688,220.04880422586362,149.98156787191468
5549.913243738327,4101.311465376629,282.95706661200927,212.40254499765066
6888.815463324959,8394.371146822996,375.8618351114198,106.30731222646706
6562.578177693451,2355.739442179025,1177.7226827654065,80.93604950949
1735.6641236357618,1745.3149042765758,93.1003565758805,63.07049356010129
1516.4509887229478,1828.3387886095802,621.5313881897042,313.87530198464185
9169.097378443132,2704.956718089923,943.142958657821,72.84376675994999
2970.258744346716,1827.547260411326,1068.1862450431915,272.05795608433345
5343.279799218847,6582.90638021501,873.5994973036408,25.221591972333844
9254.988000698104,7596.259469967393,992.0702339075596,135.03859344812267
7346.698196472781,7423.707382518365,1360.6539626331696,334.5783332934827
5216.451137988203,2203.1096647680884,409.93969240203745,314.3704048597319
6831.676332774925,4955.007673309342,1165.7656367482148,132.6027914543784
1983.403881217811,3991.8696340376346,1135.0778678923982,18.063246254747774
5277.9314109675315,6073.46684423753,881.983049863804,37.1058888458162
6415.323194718998,7139.682368254675,410.5618880576046,197.51140177732438
6002.661294883911,1520.6754730674731,443.8143848302796,219.986278636213
2176.8675776370956,1688.5539667783833,1469.7460000498438,207.29334688303595
2832.80048906431,5245.35527004389,678.0361025232995,330.1462792521683
6278.396966115968,4778.837919164547,562.703443685027,188.66591963155568
6452.309328283794,2704.42455411001,73.48510109103546,4.308560902393747
3161.9866696876825,4435.538889246468,490.76024639493573,315.0938178745979
2441.737159866466,4744.771689067186,1476.6296068808067,64.55121758109706
4651.770440860542,8917.86003844855,479.3996922606453,8.408034630680888
2617.2987455104544,9793.046168101124,1384.8630767412078,1.139954181953213
8417.012976147942,6967.794171747761,1362.3180682123693,327.4262682714514
7650.589852725116,1725.376034230242,1057.7914648833737,171.17750700897258
7863.623909190303,5367.413371983508,638.4581215588242,322.2100707294847
6489.662769755076,7526.827784456766,738.5574662011716,192.31295832365888
8069.280724667633,7624.324951331767,1498.3340419286662,317.43039781819635
1318.5793174677303,3415.5806305375877,842.5185949004807,28.123902822507155
9908.992837035268,4424.73016291593,735.2516900346649,155.62836364749958
9422.24508258005,4472.288457288765,466.7593477105008,121.9277980435893
3683.7807180133464,7978.757560737976,1225.6374716079129,39.05685093690113
2299.487950765253,1147.3057632931543,821.730340396466,352.82746993693183
3752.5340547405303,6279.0414217634325,1390.7030530287432,306.99921266717394
1129.6590288558787,8525.075495782781,54.930363382820964,17.49925527830646
2010.6755277290004,3191.801335296114,251.70270982938806,350.9327719805237
3128.361483456626,4420.601759230752,527.9151088375775,10.22497401130646
8793.70231199719,6244.532394586004,1069.7921404865058,104.2119377594657
9948.064823991384,4668.858068451433,1399.9593849220262,47.34753635306655
1887.4252730895416,4979.780537554109,1180.3987697144873,198.0125735890754
2273.669317881352,6842.616111958113,857.3614329151195,121.03991301742167
8881.24716739903,4311.304023779201,481.9070120826842,280.8822660488808
2636.3506171281897,4029.3450628250393,42.390714074419954,23.677407623870838
5984.073115337855,8223.35725333959,516.8170139886352,293.10602699763643
9683.095100666957,9511.37631762319,495.78805589859087,59.800192488291984
5840.166331463641,4378.651626717264,647.1496260236185,17.206957523221842
4881.705011702743,4461.12100656065,40.15884381117872,127.49450512890199
4758.598004643711,8560.955197142583,29.75180243115144,34.207903985821716
5406.326386475879,2423.3818126728984,1095.756577701891,326.9185253976362
3932.2988064475053,3022.6535580237537,401.19171472400524,238.3893069420496
3086.726216758033,2520.6646763936214,1092.2646694750508,147.97662169068542
7996.228981388777,9162.166531823474,448.2501236659708,226.2146847413606
6782.50800270313,2755.8977424330888,59.92307520716798,165.90270054966288
2844.8356515631303,1637.8692692281904,1499.3153445481857,256.18384132170866
8741.01468896832,6935.114350289474,812.7324986427069,150.35282712503093
8480.212285759124,9059.433228411563,1462.2429172442044,156.89145028790355
8012.188685807151,7037.473431927638,85.22361839855434,316.58515943308
3643.71557035393,9789.096971686804,1468.7608236361027,249.20366155972096
7028.190980928669,4879.2500508642825,1439.0492331105177,354.51758469888193
6562.458841460252,4948.292297570559,227.39581815765445,99.79782454241405
7041.953239597106,9542.27892111021,1066.9430517072542,260.7019770077122
8677.322018436627,8922.978467776918,1110.515518716467,178.22168342578573
3800.472392288859,5689.883004220265,708.6510244770127,95.55801052830931
4043.25346006114,2680.91539956163,967.8013174353478,12.349042926226133
3096.281386225798,9205.289863108817,858.551385406047,97.08126054162635
1842.191473705042,2714.819951091087,704.3219864979966,50.041854543523456
2372.728388194536,7254.403388948767,977.1243752164243,298.4143234843777
6112.502205758283,5876.317893475974,297.608491645449,109.82773558423396
5124.338272788484,7057.561845677193,601.6523461350297,141.56249853115736
7932.8107890814645,3213.813665358485,403.06904280320583,25.904998231297746
1296.6247604854507,9401.577705255437,752.2393887724882,47.72629386067108
9047.354750253362,2004.8593330158483,718.8747942034738,73.21341425479822
6430.849962891674,7719.968212342988,528.1742243333719,48.64498183677123
1384.16262033095,1478.012618682371,1490.580665987308,58.39499456493946
7378.991217494369,5635.54910175088,1256.7224345659226,148.53862880483496
8591.083146757715,1240.57440502106,615.8981338654728,329.624258994067
9785.27103104734,7820.130847237582,354.83498721728006,330.2772725795693
4086.1078925545526,6763.638706651523,1078.5952795646638,165.68284726102482
6764.559515005085,7075.616053906653,38.2562931600274,147.31244281670627
9870.256702056451,2903.822703435693,726.8585166351418,314.6707321109232
4090.3918073202994,9761.548064425675,90.86191616618407,54.311888709522115
5983.588327564078,9650.46544020038,1497.7324033980851,2.0081210531092597
3961.6817722345713,4988.674757225683,1018.9115693439195,228.12995752941964
6998.519791243631,4675.541004014673,933.022877744248,213.54180581485159
6778.336466007527,2871.8245121790414,760.4867621361602,12.985251909410797
2886.3810693035566,2001.512114919511,682.7288778628202,234.7224450657589
6256.358722818496,5823.30779364219,706.1096543674763,314.6747301603376
8566.18897430833,9687.039015169918,538.7444278874667,227.84011591890706
3484.5171507167124,3727.19299996467,1137.7572177286518,87.89475173566684
4024.3478697063183,8909.814329068755,459.65550199404026,93.66422207215354
7036.070592305298,7194.9388848726385,1466.7622434283153,280.28732882481484
4362.5846678818525,5311.961641638053,650.2952651708541,247.5029222460441
1374.818407569492,2186.849423527088,145.44339930049483,37.69142436082398
4890.696586683716,7870.050569880486,1359.3422526225004,212.63107830797014
4981.783640562022,3970.767678554008,1191.7319904529004,125.35599643248021
1555.6749816146475,8014.251513449094,785.9129938853026,78.31469974269352
7173.932766336212,5870.7476845310175,725.0864778111029,211.09454470528655
6021.980790636541,1217.7324063657286,160.14208139992343,94.75751040007027
2480.135350645758,7938.413602977626,437.0225036578912,59.71026154733642
5758.550556790072,2860.7193445660478,575.2435455458652,116.02502467943599
3192.570916972307,4036.230975385244,606.4086504155888,273.9609090950184
5777.3049160396595,8905.269125766881,1117.7907282943436,276.9854882924911
7027.224543403734,8026.794054998366,767.2104774986708,314.9426049112171
6734.7659242064055,8804.021367390324,109.58806035794417,237.07009301366918
9037.81547695483,1122.4780946223289,998.6823368691889,288.91616599485553
4456.368654849644,5028.063593162483,943.1493005290971,148.81639482412817
4790.077234606813,9441.786425429651,1049.338796414849,169.09054697750756
9092.542259650683,4507.163253580268,793.9255937898076,354.9160199378673
7688.455900531866,4512.45762353479,836.7383836452124,242.32630020408538
5299.175976868354,1879.0316854334053,336.58084946787255,272.0751282080482
8471.661955281892,5331.628899952665,474.26414078061663,27.049192034485518
2326.9978531430447,5679.631540918039,976.5516522440698,315.2687475831857
5337.288957726536,6705.846570428353,467.4417798214549,118.46849774328298
2038.8502133089669,8207.154228907257,802.4120314836448,297.166938525481
6758.236760416721,1295.3645114148017,1166.1318802063663,78.73296353960497
8285.056289663484,5056.465441315133,556.0360069665267,250.03936158922681
5130.745639452084,1183.3631991303057,1430.326189897323,293.0343959105032
2854.826779113475,1490.61937945894,411.2998626957054,308.1251256440471
8244.450156965275,7080.141153770816,1002.6964312037272,124.10468156183931
8965.831029079567,6456.616407007409,1033.748898201523,335.32738905695845
7311.02075448164,5637.885599372448,702.1204792105943,126.97409070277938
7158.66511418256,2576.5099226193097,906.9360545553554,268.20531470137786
7219.209021157411,4953.0012956157,1193.9569204681038,350.80634231363246
6558.191536400222,4126.138726714271,281.48297319293835,320.1817829612746
4116.656828378955,4952.4301971668965,491.8171450643322,68.16452907461945
6081.439660609968,7139.605858263864,1080.872811808789,13.54440261715563
7007.972577566064,5297.718036874155,1072.2400700570502,222.62541826904683
6194.458087337147,7708.84637197271,936.3599219979454,342.81288425067737
4209.881332508356,7497.097412099047,520.9279491031242,160.28443641603266
4144.27878951102,1727.855642766152,1350.8921951854077,159.4746269289943
7499.154484603624,4406.5527638911435,536.9466361408573,280.63878179259893
7487.388821304294,5808.408754154938,216.9092617887413,261.6653033869269
3984.5868999405684,8999.926916501709,613.7372649210023,169.9315402598629
3145.0215500539816,8467.49321556868,967.3543187846519,326.98223467301153
1544.7978755220804,2720.9354595792347,1030.3862095987856,182.05891780798123
8061.536978996486,9886.510932698266,421.67400297798173,195.97142369859154
4422.157444007112,1839.0790877075688,925.1675334712008,210.51755917975092
9631.013538789799,7306.033307153092,1142.0477374056993,68.05243423612164
9034.183120227313,8815.060922288463,382.65610029240156,178.33091542550207
7683.742909062226,3292.874216581005,1307.5047074025085,286.7874466483125
5551.159769450169,3126.772244676714,236.4881088694746,200.72836799434504
5018.865571466572,4542.782099420894,1266.7636858217581,148.20252255530346
5985.155777193706,4989.450255298871,1214.34668654355,61.73922340289725
6584.976713404661,2899.8712504038813,1234.5350847904615,180.0993538152572
7792.727767663738,3188.3689428611897,20.977816424424912,352.1364834916553
4487.069732324098,6495.285004206126,1089.4348641229656,72.31960698679117
2387.293677558169,8529.985625610505,681.3698875474654,33.1678024538027
6996.945350809966,3050.5598467582513,547.6709083769201,42.73392208645274
4542.830218083141,9641.893462165204,1384.7492364847471,317.2078965479383
6771.2384614871635,8336.902142567415,1110.548118865125,74.95599511035374
9625.571836595547,9628.887744089792,220.46887784391487,182.0468339514478
2699.2778405379395,2185.8848215808407,318.69223448991613,180.6306391424236
7133.393504264358,7033.717718233922,448.33372277182167,315.3404692118171
4205.242045217157,4805.385308245028,1383.9843394110453,181.0385775845148
8978.589626358806,7858.65104818374,14.840637255233805,78.6258928205014
4048.106572491743,3625.8091765375248,1385.3367329060156,61.85710091147638
8484.108521494874,6028.582701862504,227.93175095974215,96.04409022913413
6681.719995843362,2386.1733557271973,164.7113363802883,99.63689086378982
8673.444218819832,9538.014176268633,721.5259309215702,19.771055476240385
4990.078037110765,6143.96905134431,1200.3028795398122,55.88799475756951
5107.317023857476,3115.4144828695594,967.8286712870142,197.32056231008445
6914.603163044676,1388.836692661611,736.7249098956671,289.6527160014251
7824.75328949506,7327.990014684948,1452.415979901139,190.3743595563847
7954.275965442719,3185.14551063999,219.32069162581638,113.0031850201088
1707.416595692764,4783.830459207322,1343.428824766353,192.77187592045937
1448.059376104036,6089.588602857228,850.9023753014841,21.236703832780506
4143.122451544161,2323.256750693744,843.9228376715658,226.20912133605063
7183.443899300757,5930.837052631019,1292.8473147892398,177.82476228572887
7153.850121304787,8737.529543121505,534.8194694368491,260.1202909383989
7893.014573837081,3417.0434126710634,155.1073052975035,101.91106872115732
4923.093712504588,8385.291759109256,313.1839298382717,193.8484363312711
4336.201589385611,4287.093626383572,360.6819722277327,189.49192857699026
2828.36284015145,4016.865130466445,1108.601634863252,137.43524619016245
2153.8221459689757,1211.177443909736,1402.257632491924,167.4299398861049
1556.153618130798,2884.608888390377,542.1223768913616,176.22092349919203
3610.563100246066,1942.5417906757602,864.4645820367658,324.5755448615738
2351.8632235059113,2177.287737856056,265.6877993442452,38.183384924692355
9658.756835224654,2713.004749054302,92.7894535118455,239.34116405218458
8249.72308752168,2420.337631725048,748.9033949800798,270.700645695624
1989.6936560259378,5027.675101073981,342.7189524361184,36.389667613224724
4979.639619592753,4228.304341720588,1093.137381651224,113.15287717205103
2380.093468008299,3545.68680866779,873.7162124284114,86.43404621933607
7089.469117162336,4093.625317899514,519.7634328419497,293.6171039608183
8005.349517744145,7682.306277293133,1478.4145427674305,210.45884762265192
7956.018228151026,3533.1764084656274,845.0348833664968,233.56174471925559
8279.844822356987,8781.01264147754,371.3169899506801,322.34479239171344
6072.900209443633,3754.4511770716535,918.427896752435,256.61900760123547
8339.3446524489,2535.036573208845,977.1591557527411,330.7906569460263
9857.026620140843,6568.2792917898305,567.8888044395605,285.8423344478021
8591.874842181396,1917.129595787737,449.5189518228568,159.04517291282733
9643.300527453324,4424.431529018021,76.3148595767773,41.649905692387755
4143.906402869359,9530.051030397559,1454.728451799694,333.21380963692593
1432.1729900763944,8833.379055426183,112.40150673452588,9.06414101066611
9787.144735492417,7093.122445923163,181.4848460257222,199.27114299967369
6672.894392202455,7577.118782980568,534.8505915973858,76.36919565634075
7397.272111431718,1160.5916004415005,1257.6896969407487,89.97165244875869
6020.83423925213,5546.75895909154,10.060270064272043,176.61062282515448
2091.2570745996236,8875.581200547134,1316.9504933463322,349.31021082166984
3371.6951098386385,1459.0891174576423,1346.6017249391466,260.22896296532195
3427.8512212854566,7454.989007794554,388.0723726072819,50.36425921772179
3457.8754270098257,6903.891938190037,347.1569456503398,69.28458064922157
3273.372131588545,3745.579236352901,1062.0988901275773,23.017712560726974
1369.841932645519,7790.676408375113,914.007079692081,194.6792720616789
9280.672255082383,2551.978891462641,1210.7069513457434,72.42428386117646
5374.574004253704,8796.118612122682,652.5191928368399,94.78856180477592
5334.314907889021,3248.490421143796,1172.4840155798797,233.85536653386336
2833.907101388293,7338.227817232308,26.28579501212743,207.43955340386034
2809.4542065949718,9326.95125079282,192.20463614412685,279.2850745068072
2879.7705515443995,8603.416369590053,18.619302243054214,26.92778131066616
4707.378420314227,2316.4071462732263,492.07794787463604,102.10969780769734
3824.956088920748,3764.5855331120038,790.6347503534193,246.3362146312666
2247.7065950926126,2332.999187419072,662.5728548533722,262.5855578028383
4463.829716382936,8763.489096462163,423.8881549647121,100.4488722486157
6786.1545735601685,4035.1727939608554,1047.1664258588735,179.34055745855377
1522.8556827125688,8054.581262930126,1464.6315141545763,106.62548640803226
5445.131851590429,3139.347625636595,386.61577893987754,44.04410362715807
5436.645106703913,2615.8964711789863,295.78483454550656,51.676360353012626
2618.703009952291,6339.2364498141,1073.1878537081877,16.109164268257327
1963.2048182405606,1492.9252438101123,1127.7175136463197,300.5522971611573
9268.38006798517,4988.279395574233,880.1073588528499,13.907450975829335
1362.46618714528,7168.0593980547965,764.5852360117968,303.1534164776206
9018.329541468393,2325.919903429961,278.1995524073693,211.4653789375687
2906.271403250781,5310.351104353807,1468.440884900146,276.4566066248504
2902.282683920753,2268.9348156944184,179.797219867624,198.0711994664737
5494.322803500125,5611.693876332404,1452.9840566080386,302.57403343627135
2023.517040020999,6276.543124621314,969.7097086266596,184.5174346532588
4589.708466987666,7957.8095303311675,929.220469488422,91.63612715415462
6258.124340538861,1489.256116925093,667.0025429539761,188.31860703555895
7632.640927637986,7778.399460661244,383.80655535074095,174.4465353379445
7784.666290227278,3916.004840450644,839.7852960218449,23.75804946497355
4793.054391933896,6050.63340544838,945.199326622262,354.91720758936884
4770.434430335194,8498.488136145827,742.9853991765322,167.45111841856993
6823.142990608781,5248.87701613625,660.3994161381814,261.1836971424998
7797.061773710223,2119.704469003556,113.29035374671349,224.14173304053242
2280.2767877378665,2309.520977899666,692.3626687137609,27.650543427668882
5877.962752035184,6395.17929277696,1149.663582082828,315.4681547892574
6915.0648574665765,8044.908384820946,1154.108669159863,7.557179366275568
8599.795228414881,7746.149228704434,1445.0932357657796,293.0152324728087
3834.8175423107105,7768.12760663641,65.53289124925702,275.0337037693624
8825.268912175441,2024.6069521723557,32.43347080373405,349.7488402276034
9386.139357196638,2997.021186891398,162.5821347271039,151.07862431609593
2818.0845812486923,1832.7750079081939,459.5404614057712,28.5328418508349
8977.4752689069,4816.348171332593,1324.4885080067768,159.62610560622144
2419.073198847269,6750.292783661246,151.85914887654923,175.61184121009165
2164.887326158637,5258.363444306717,907.2128412200428,71.05800739476828
9517.199271471038,8750.42869641332,439.36476407588503,106.88536377418262
3791.6802790443858,4391.99377025228,1235.8667409397376,110.29221720657434
1526.7477075061604,9583.918560596707,69.3589717637999,106.6741679992784
9185.723676470767,6395.768171796847,466.4965904651247,137.07515940549982
7145.181380300256,7449.00605978234,373.28747705429146,213.7228466066143
4729.328703639899,9421.242425682605,177.08697298987414,34.11017875949551
7008.264494078674,4967.2478453261265,514.1903923500874,125.88414685522453
2300.1537040551393,6377.259533944498,186.33942346099846,46.73614788385296
4096.186514407387,2434.6713700453993,312.7028745264393,192.72357541751384
4751.164479276733,9453.858736015556,352.7690582416937,250.9848861155503
5113.216145227579,7277.273660115845,1490.0989490724637,175.02940539885816
5235.015433010724,9507.536188644948,38.60454287969199,44.65173755953798
2876.351163501579,5872.460691704828,365.70346687107104,2.5365138237020037
5687.304930246289,7682.987931437507,84.66356680714317,151.68247859672158
4597.6392684013135,7220.252380776529,144.32305660028,145.97282211204245
3030.017404732598,5067.81271296644,393.35953228893175,303.38309437028704
9557.403820613923,6350.507592535038,708.7476155696087,181.691129725992
4231.831410812611,7110.307487483189,409.22148532776333,104.41848466520638
7534.901938809408,1457.2757341631211,380.4246142349757,85.19865499381515
4647.241834537128,8696.318747757083,521.2713294496385,205.63223908238592
9108.035130265318,5923.782427538561,654.1391044606102,73.20656853841437
5223.360661381132,6291.520862586169,107.84073036400457,272.8151275054257
8463.62398904681,3027.8587639423904,19.651771355166876,182.83578904929772
8604.719383624124,7404.484183813732,213.20077519080687,248.79842331701795
4025.187663398427,2264.146822206042,340.0203179667445,144.81427079619226
4729.09516821451,3371.7293374760616,178.84708925742547,262.82856059439143
2036.2501200853212,7280.872035104835,619.2984815670467,274.59228903325067
7311.216640271993,6290.109859661181,1457.8561536819232,166.6927815374504
9885.267515297697,4450.111943291027,1401.5345459554692,342.3337923076022
9328.490917576451,8177.212848773179,163.74626781556734,339.06047524886463
4886.573001655416,6283.73861569525,902.2594378784904,142.59652663145468
2779.3944161465233,4860.667965884415,153.1641228670903,114.8186490849258
9841.683984657398,8600.643256455169,504.285854701526,248.49587109026578
7773.439126237923,9899.68296662992,696.0334907968868,53.77776582873888
6389.029994660613,8772.244144766719,829.7890933461503,300.56326055293295
4791.1002600373795,3182.3485889863014,1286.3676271734796,307.6421914103691
3353.5577010628713,4145.004006308611,684.011051890561,211.35014184365593
7325.3552475457,2565.5559892255815,649.866235969538,173.78865658169386
9598.10134397237,6153.448249515806,1406.8825112438597,120.51959387709175
5224.997646669815,7324.355110811287,637.7592993862154,301.86551353287035
9681.162213070276,2005.0107868696305,178.20113619257663,174.2855326871218
8955.212342442523,5104.179932187488,126.88049906925788,127.65522343873047
2184.0998174801357,1498.052783016749,1460.2027844309198,17.33974063809229
4485.950978120842,4777.382957733564,982.403605884385,79.6510724102009
1187.5778492592783,7699.349132631488,294.1247507375571,263.0373436579082
8920.812528670225,7718.701904744694,425.7989530900732,80.897872523082
6510.323841085875,3779.575335587483,1355.4575856857614,219.50271860073863
8659.619070385059,4298.903379908229,1107.1879765555782,242.23535374124114
3004.2653225169024,7925.127851567289,727.1860016821341,128.39839826954392
8709.246652346796,1437.5719953372704,186.14908977368384,310.2036793848766
3062.8197021928777,7163.414337486546,1375.3018915727337,35.29035538053509
7884.850259237352,9837.343392200497,149.4472893868333,96.04764347555711
7719.246674168122,5315.268602104084,114.45055696300508,320.84915109702973
7441.996951010868,2944.4882928691586,610.613740730953,202.2506689339056
9291.576382197316,1446.1997900734095,89.03726299432661,274.9850400411683
9862.529501659685,6188.593236486693,914.9150915169253,256.79811202854916
5902.387542579205,8819.502833485067,341.506359994319,229.16718546320814
8407.218795539673,3782.9140340592653,1472.3762579409085,209.39907375459205
1214.6862262034822,4557.369941377054,996.7441873483733,101.19581623084994
9318.196851939821,9885.634327223344,54.105871241217145,83.09351373120899
9893.729313984382,7080.572983569358,867.1780368483768,164.87440649423215
5866.228121442132,3854.9635440174643,1055.4694244583163,345.2348727976048
3413.89440426926,7785.685933848809,1396.9632835085154,1.979929200712912
3751.6885439182774,3653.063878719895,635.9607199091114,230.84229753050823
5142.796864984521,7570.017529738146,866.8448354823461,199.99115849104624
7431.838922152058,1689.8107535372342,954.3643402486856,237.63129580854695
6609.081330448624,6136.719328199584,349.79263023945293,181.90734659115813
2644.9590489422994,1382.6908082676748,523.0973191529855,51.80336280490153
8297.795733152627,9980.435617899537,41.6026741147587,66.90501230419315
6605.244701937559,1325.1336710300925,755.4019020492367,226.70837793878079
1542.9645640770073,6881.525026877457,872.0089893170958,107.14899525765718
8560.58501378727,2653.928895915593,837.4441438371857,74.09569537712896
3008.25285907536,1328.5686672447682,1313.9177165871897,175.82730850870885
3253.2486423806095,4895.094724314873,732.0015184218859,79.63217672919193
6628.051594694223,7196.247647907302,236.55796044579296,97.06681939523102
4916.445787855617,7175.397257611444,500.11286903791665,70.44797454710087
6227.245618610882,4575.374518452571,198.26720929155664,174.5342141692851
9977.180924484706,1965.9573757856301,1443.0011155931816,313.27305556974693
8413.157052411805,2002.9969652210316,1387.6510917096828,356.7862997185548
8816.065824975454,5440.586854994286,1199.4332157906626,196.07512282176472
5622.299926043164,2540.4709282190524,1043.667828162976,60.02886487311408
4857.318601244635,1268.8965161903466,235.07073551599046,73.18262724387189
1837.92937796842,7943.194877762552,1018.8208676525277,78.13501981658654
3164.809582640203,8866.144984555596,1009.9841375756966,160.85129528870146
5423.505109219068,5723.944745460323,1245.887994188291,288.17597569160404
6179.243415121568,2393.3405116582862,1166.7277768882861,219.06536064786656
8277.837588367312,5022.993634613599,1196.049221492235,238.4587688614612
6622.886281305252,5632.656923807348,90.73227106118313,267.10191890490273
4308.931853632661,8603.216402479178,414.0164223970933,164.8561469556107
8203.344881295272,9706.475468700879,1139.185169796562,92.24316659782521
4011.065011135943,9603.260555271745,855.9237798104213,158.05955684709977
8990.982663036419,2271.951075582254,332.2919064802433,184.72201462906636
5748.398673913991,2837.934226582365,1139.239969189189,134.7231163201246
6377.692020868596,8811.528220496548,773.6929405247201,219.51048837189043
2584.8039680299794,8124.606801615905,193.83646985773274,254.76246008989582
7338.821696516695,6973.596817344509,1023.5334502866292,264.67546902839376
3657.854995981204,6952.8127859900005,472.57406346865343,281.9530655466486
7025.721307544618,6832.653981099689,372.51130079622425,288.55605049165126
7291.888971333001,6364.532650473344,677.906625878427,234.9254593673837
7065.632549860881,6707.14381624986,1149.5648363619814,256.58644537420184
7640.327276480125,3775.9012969700475,1417.3309004094817,112.04751449203638
7268.048699671568,8567.10898662191,822.5198690297897,169.68744585271372
7560.8886414620665,9245.595433615712,1253.4249186923828,166.34119878946814
6557.096542285323,9805.261439653206,372.2568790216908,16.380227376150096
7225.951207725273,4679.085422067743,1271.4793158183652,74.65310173070871
8709.27960665504,1746.5512382527695,1261.3146750461015,297.71616558241163
8372.96008899613,3915.881626595955,1200.2723445817119,238.15256957539947
9268.417601127123,3953.442690836204,620.1325408899701,13.74414125336551
6911.669608159294,8038.693882683509,842.3617888764151,164.84859611686636
9985.196865666121,4621.055305469479,1127.5357069589872,170.12595576817748
6371.285011105838,2846.869694617795,1267.9781788227203,169.96082876710528
4164.39015977667,9636.33593622598,1059.7969449599332,102.04926562508608
6512.23027032754,5438.659755894145,1053.7731444271924,2.3548489885329515
9610.277584286034,3300.428879689836,1146.5856730167018,169.882725935387
2929.1762458089074,6338.132529786209,26.088981671440056,190.84489063977998
9329.084418307817,8103.62941639058,123.55316875328307,258.5039932386138
8513.341155116295,5104.240182130263,546.6392013814759,51.476036423643926
3261.025123417144,7358.35400218375,913.9272149107721,75.66987369641997
4820.7308026338305,2139.9654041845133,1288.4233690988885,70.5407650992379
2541.769121547607,9992.501376760893,107.37499213064405,161.5070564646985
7705.395706510257,3445.2260839669166,566.1568664240041,257.88353240031046
1424.399940361318,1592.6043185526637,1426.7813451555521,314.2183596576948
8350.72167356636,9637.2857074706,617.5624368254015,8.272144557712966
6779.347795509587,4444.9175290904805,219.34893014086413,45.33597609892025
4192.385365096855,8054.27402068764,817.0694568967584,165.3676047058726
2088.232310143043,4907.350507018555,335.08770590411353,355.24139948246767
6784.20479024374,1424.1149094144394,957.221581223784,23.077718528447452
7268.12698762396,5442.077768951968,588.07204359819,9.47543318252366
6901.267944626198,9893.505486928238,485.68142132892376,323.1359470379272
6993.578912638539,2556.6636668127603,1179.8215032129617,163.28036074211496
6397.780169344397,7670.030262432921,553.3365584876193,228.5933974604214
1447.5413127939444,9704.723157018943,1447.813943357396,223.98859403730532
9986.599091282753,7712.705773151908,1071.1619702835105,210.82237998607894
1533.7453228951663,9986.013749688847,883.7286633543268,58.24798753075941
5784.471827917846,3697.602726187268,1442.4501788430102,190.89118174812256
2529.7841274248276,5000.467406751926,148.65735429765206,80.1691217998158
8308.16403214241,7263.137134795424,495.153482614929,329.59048413327395
1945.453732390046,9878.714299398021,1008.9215906691893,202.90225850268297
6468.731239952451,1754.8827133662228,931.837537076463,62.223798957739525
4851.044032394757,4410.12803828663,1380.2537829423948,234.31089695592064
6862.157106324598,5587.688735076387,213.94718631235614,220.08614721685038
2526.4567884213757,1423.3357885203754,225.5588031262344,110.24109567346133
9309.42310595653,6135.520137117388,1043.7746021483333,24.839560804002794
4461.350910111083,4720.511136512788,1132.0485740302954,181.08369185414813
1493.2072465685173,9932.146406122829,1094.3113595934524,139.9798886059925
3290.2236219713755,6947.04172687374,19.02533642428891,301.6932217187981
7645.672809671535,4223.351060876608,2.2457540293074056,155.28350459334774
7578.678991348825,7178.247286154051,263.923858961125,334.8541606526485
3989.1217786745815,8977.178247841297,1193.307563445037,351.0727389767943
7059.745691896035,4093.9938119387875,1001.3149993715824,301.94169974546384
4113.861266880274,8510.40255659636,319.3088413677569,200.1031334594825
2154.560767825268,9782.031538026393,1015.0183573007421,303.9095643619843
9959.0357037414,7101.115064003434,52.436436565139616,353.9591067554564
2864.4567543642647,2601.9308099064906,856.4225208612074,358.77128200392366
1482.9604658327762,9012.219813077616,1216.7446115782395,64.98017776227162
6924.943191103939,6616.228478815378,650.5395200751054,3.7999993252742765
9444.029740466163,8628.430790875122,1211.8970117542167,214.32937898194206
2111.2109586206316,2778.918243800279,528.5233414647676,255.87852721459134
5000.260606654885,8228.88240034482,479.37815040984066,342.630327931532
1563.6294863764886,1193.4357949345494,172.92080374993586,271.2502587618753
8710.626199838463,7919.0644638292515,247.14279453804014,3.128720415956829
8646.733334667875,4405.383968792983,768.1224152394441,77.02011670267936
8107.850841749821,1266.7304160828803,170.90412030097835,55.4248891574525
3894.498856029781,7072.002523573802,1136.8183626340185,62.304880276080944
4453.755044131549,9081.023014999004,1115.650175616505,320.9544575502104
3203.05582283653,1149.7871348837816,1000.5699199718092,48.681852217559495
5910.566437809329,8168.075725604073,1464.851841372415,71.78792392433493
2269.851264380656,7857.229570764801,105.78937293210265,349.32717079659926
1878.0068519065471,2376.0469662854593,1326.2501814076052,277.2769507061708
2842.970733608515,4815.812801469222,1145.8738132749263,183.8320774245171
5763.935228318575,4617.634746464825,694.1390047445359,163.10338105595108
3790.196737323612,4823.625876003087,691.1373782350486,285.0505923711723
4308.643482297979,6301.746381506959,988.866613734669,77.13653852261821
3536.5674923729866,7962.181967596689,749.4040298080182,281.41623512614325
4630.712598807229,6384.281098955977,749.1953325338305,158.03002750422155
3739.1496809670816,7209.346780471053,479.0067775756828,297.1277320400557
8540.938470713905,2159.7760807223917,398.2325711861748,212.72208311289492
9072.089975552462,4964.576239067148,135.36619335527885,69.84692527309042
8652.55965997355,7956.243543420968,913.5290292182088,110.50736677294161
9334.701578204025,4226.400616016622,58.47375091142309,220.97122685737256
9869.38367403994,7806.823399913551,1020.6462805978572,208.1883378189219
1264.4152385030643,9418.66173063072,563.4095385095446,154.1035820594691
4206.381895570261,1271.5058839076964,1472.9481815432634,350.0142738519029
6701.683768023001,6916.228160033728,1123.167893851513,243.90545309184014
4663.977264917147,4964.518000023652,556.8706227300662,334.1162476150169
9112.88810407037,6697.595679369401,1422.2469875305544,250.09418800119178
4007.618487318252,4821.539764993186,364.40465830961006,168.95282452100503
8635.66794372794,3899.2855434708235,1056.1372543355358,147.11852188243384
2339.1146590393346,3395.857367853978,1058.127354240172,217.28171802743412
5111.54502185996,8833.13461284537,416.26808867988854,135.737263166058
9267.612062105847,1751.9894908550693,196.5042986080232,170.46837438489317
3627.545357098126,8760.706388816612,124.59159379739853,64.90739954658915
8812.889875118452,7337.614594795114,1348.506427928925,53.513705705183014
1731.4339426720455,1247.6893858088956,1184.2704108777514,184.32916271833818
7200.528742802777,2651.6152813515964,1413.1174496374645,307.09162580712814
5106.780810578299,4031.4897099839145,764.780746246536,240.5524184544573
9260.44516446185,5349.528131355091,617.5945734940108,276.3940376492989
2781.0759408130743,7535.7884504845915,1446.0846109569059,255.38398579799008
8421.705329003575,8281.002581647808,50.54989324721507,214.98406491708795
9441.668232658421,9312.84191149505,1133.9246740494557,11.574608094831218
2926.7360308066477,2160.3276707225696,728.512960897606,230.47224396969088
2632.7130004938026,3336.827623835992,1440.181280542557,89.6914598795749
9229.349644520818,8945.979757537629,1040.3270802837228,55.45466779024415
7072.707866371045,8427.682953810645,234.00834475194134,138.22735714957813
6621.55586983553,6106.704269607803,362.3460006577892,305.98985979322987
4240.970701770624,9868.353481369937,362.1519193857412,353.4729509892981
9202.547451763532,5698.1875232333205,188.8452388659105,327.90152531479526
5277.89248732252,4828.678188072908,1156.0426339501357,67.78791988986204
4108.055026601596,8305.200212432177,314.51511104961094,91.16298232591866
7760.511495992872,3444.267010505307,732.4087007281115,216.93129264550413
2506.5207263817183,1854.8986895000812,516.9581908566261,13.025318404433364
1139.2796544912887,6445.971810558743,357.5767424154556,343.5082977211375
7284.253840229726,5746.314706672347,793.4597331881603,182.06069763043018
2046.5377752366883,6823.034271185817,767.7729784497018,342.2862776528215
6974.44974007813,1431.586577580304,271.0682268233536,38.88492377772581
3423.7239108090043,5296.502304234158,1391.813515796495,169.18795553279975
4116.637934681945,5248.495273580149,1213.4435424066742,9.840064201187687
3543.9448739809677,2940.318351573162,1247.9420186142113,261.40824576224634
9962.980429470776,7697.783214773208,577.1022859528699,160.7419039403526
6386.223110326937,6042.216493774191,188.31061818931647,276.4385893695374
5774.1078505335445,6709.902020377904,1156.0364617429784,297.0487422931018
4111.583021971697,4725.014798104456,1399.6388235880936,111.08154774136082
2810.4319265179865,2559.8332388942363,85.68580272235997,86.511747686488
8243.237696631106,1973.5234763673188,664.9442407386863,78.80884711350083
8037.923893031388,6825.0912106751175,1348.6964264899964,199.03337195018412
7380.671793394389,2108.566725466668,1346.9344509757057,81.41252439942572
4187.175849240665,3051.3181937303925,1039.677775430218,212.48626835878446
4992.240927115479,5819.665651212464,1497.1776889239925,319.3394320908978
9544.516996602168,7940.296782370351,294.53457445963727,86.57446590428722
8913.992129015996,8134.210561107234,1117.3091556669794,67.88100720592931
5121.273412549088,5227.367619328036,423.3574738511688,79.08336143633835
5858.656663106516,3420.646845427,1383.3673040749316,248.76399020026165
8954.924643701139,2915.573467179168,19.591593909494872,32.7652823244484
9069.864589751438,2593.306173873837,1314.728895086037,110.55432530453821
5556.22037231573,4635.444283973087,725.4694061900917,27.698846941168213
4386.844032679772,9189.226791537874,820.8935007314376,286.11326447217346
9221.10265388936,1426.2756113717155,264.200767579832,274.59999020447844
5929.694692453113,4397.200685350905,137.6438994663568,228.96557084853129
7865.120272270392,5014.206430634222,819.2242648746667,222.42970806363232
7448.422152731919,8704.774712989434,238.44912476994162,165.38530665524402
9600.676968975535,7377.942115120075,232.28821477042507,359.57241512626143
1355.8285528762226,8669.962092443004,1299.9478076621062,281.95169204183725
2451.9597109050046,4989.327954448335,128.24142402777284,248.7198302908463
9844.651443767929,2052.1347785205535,1119.629068689465,196.13023653029086
3493.37264866073,8776.052446976846,1429.0230280754895,206.511142595728
5606.96508090012,7961.918650265587,556.6689438555607,265.3846151819005
5792.39843349462,6622.852643296253,795.1535228077951,334.55875813505975
6653.735286781755,5564.045273277689,551.4206053973171,125.0277351966491
7374.240238819352,1734.9257091004777,1.199806191779139,236.5459052509149
5225.555543683222,4406.1960386986375,1336.4225086608797,164.9999112034739
9785.751950517491,3092.3948787198433,1105.1506343437816,175.43201347852934
8292.148554048232,3679.3451367900343,775.5977618840832,261.1795373661649
3373.059644553685,1936.0514288512918,774.1965030964393,144.50682456533175
4542.913828410225,1948.6867964514313,808.1298104940167,306.39978709307627
8883.993049053717,7921.406812987899,793.5226276068752,56.51340477060485
6255.779524178203,1258.475000733245,819.7438823641634,33.364817398489286
5794.2939185850655,2803.183646927084,257.01524188173084,39.15703380074569
3376.2364455941806,6250.470695213665,686.037469738298,171.1574302789202
3720.5060455465186,2702.0944385129,222.80061742837452,117.2632415033923
8415.840438950356,7861.980294477846,134.92549300966482,273.31909943389127
6590.748385135547,1935.2767456304396,1436.764395101344,330.4526060195436
6214.824825937737,8114.449595772081,952.2737709098081,8.410002926976272
5862.124792293245,8558.234959812273,1448.8825140455363,67.46261353955423
6378.960582760723,6923.459768652612,17.789151612879863,269.46028068197967
3364.453368402806,9669.764538556552,918.5127153930105,89.62904134047866
7532.785713380683,1471.2476623217342,577.4334786347263,111.46922277687935
1177.3946320284067,1642.817379747075,1161.36237135582,193.0960779254713
7975.6241204719545,3874.7378414145337,521.032943523075,256.0621384232071
2905.761607004659,6714.142479850802,716.9372863582918,307.30995143980607
1782.3599608516538,5527.58622631356,412.76469088592523,318.7183403599699
7788.262376919081,3758.5087528434356,1074.2564271161716,331.77931323076723
2904.5719551863026,9927.198993669352,871.0691088649153,298.07935105229103
7256.610475690403,9170.037602454413,234.19468100542707,155.03439301476476
2460.5784822033183,6131.583491890764,388.6453215262621,323.3606464101008
4909.849118247458,9064.058834539013,785.9620850573325,297.69786496258894
3470.2043917405913,4968.491725482319,714.6298780860498,260.151128344583
1774.9081729447366,5262.312976533605,778.7105253053454,191.90541912951647
4445.749310145646,6421.653001747381,680.255985089441,169.11510282161134
5205.975029651144,3062.689804139184,428.53640895213675,211.59120200134976
1885.5364221293216,6717.378332878903,29.903515578836853,320.43363361861174
4252.193712520704,8783.957651994046,405.45499073255553,174.49220720559097
2872.3892168394345,1136.710485625697,1292.4969546557743,67.31973027308385
2539.9164876527875,1178.365812890915,1473.4247019334769,16.575794538187225
1642.223649281752,3225.3393120214882,246.7314259669374,67.30800068735084
3130.319570591071,4229.324649074986,771.6892858585255,200.2360319291341
6759.717376723075,8591.34400017428,1055.4019916804841,324.51113558653464
5866.1567182264,8824.175159136772,410.3512611816534,263.12974698370243
3519.984380087621,2946.6043331127557,1293.0364886578184,322.11572100444636
8385.289617457152,8966.495510083669,444.0722890402658,9.803184047080297
1270.9041161948996,7194.47036484601,1312.8585928050977,267.91187385350116
9662.446914702366,8972.191318284102,1079.9082651414576,48.17384338666608
4672.3934971158105,5772.2246393997675,214.83081249681285,209.29249981601552
4534.995285285808,8946.19633954094,96.43579675477358,345.25021415903285
2075.895300817372,4094.486683214886,1207.121881774521,21.152635964672818
1960.8682229715273,7675.676783235161,1282.064631284572,59.86699469471551
3939.972566996071,1100.2348597481869,1250.0687861190365,328.00859859241393
1651.9304658719275,4400.524400648921,516.4550229149788,213.96649335531455
6635.752079114719,2443.0584980853373,297.71146270262824,337.1840837945588
7134.064612098735,4467.3232211659415,563.9507083488442,272.13803814284034
1557.7605100489716,6305.787484539234,283.20460234356915,272.4243680668142
7645.819155383728,8184.825285721088,1174.686321929465,345.62875334705996
2656.533324623095,5178.9356500628655,592.3064124646693,312.68449485085625
5964.5761749830635,8536.442859062066,846.2469519468075,344.2736247547349
9940.340162138087,9655.342210926372,183.68621333726156,295.07848378664846
9390.979074581915,3745.170489206569,472.61325520705304,130.68265207016634
8129.37335787601,9826.748406942046,591.0210441449242,171.1061635748817
9276.62132753478,8282.58269872308,527.5971625198474,107.73242254955522
4877.733248187731,7181.638361539883,853.6191675486112,29.143923093389226
7592.243878123434,8859.174599506361,612.6508580409089,8.87121614432273
6816.872863105635,9517.531109106958,471.3671312970027,56.733718102474555
5975.957128855322,2130.832643079818,349.13625152583654,318.7662123214301
5706.772943301165,7897.1257534261185,1320.9538675709377,207.0206537787015
9476.13236711229,3454.006658878488,224.20532752496274,220.75671322592362
1337.396955402462,6720.226390468663,225.27410863940594,305.6820560664722
2190.9693059998926,4587.45079055291,33.390706276580836,70.19642364102059
6576.19975445787,3274.6343188534756,551.4581458033443,201.86928788557032
3623.4141535826247,1314.2495427375138,1036.1134954112488,22.05105179754811
7941.385746003869,4576.838723099285,1238.8144008303773,67.7732160216573
2936.5702046975985,3396.4490765982096,807.3800370301785,92.04423227888093
9523.38399032253,2933.1848627587424,1280.65456734137,211.4834938332848
6577.799911846969,3957.9187877596382,745.2762806244727,324.9362721697446
8513.915299123919,4777.143923932419,463.6514319298771,191.92057930868458
8954.198693488339,3354.5129574788125,1309.2395596648537,42.09136161387641
4705.106293533214,4677.213636315926,1390.7064499404942,20.660854932233036
3739.695208483257,6968.497711362183,1056.2452912903357,61.14943406594838
6167.905806409354,1201.3736621040207,1290.6402040360676,207.17855075440693
1256.4705050266582,1831.6864514243841,423.04844946185636,214.19668931398982
5363.146096543341,7207.450543989097,1237.6542062703227,113.59798462308562
7960.63589393122,5952.743543570244,1293.2364331572692,16.20001378558701
2889.7713468696984,5564.241992404841,334.36911119435996,186.5112040416886
9773.974889435449,1502.5753884016817,1121.0348100416422,328.2225190773692
5707.579428308282,4040.308507972601,236.82112480244672,283.8270943195194
6406.041868387803,6937.559667792089,992.1398590070349,182.08923566159083
5077.895856677313,3456.2360655941998,1395.6895253201978,87.73966481275981
9380.669044514207,3240.0491956910505,1364.9242151184512,206.57262326534072
9649.023624364743,3043.2635660652104,804.2463628957365,137.22757341884014
6461.209696324749,3105.473893750882,749.0523228733671,274.3304087640346
5400.039017378967,9261.696607160868,1216.9370952228064,235.9518376175042
1624.801876029313,3487.0017491327994,530.2038394357833,111.63931099837949
9789.09046528082,8938.994360562101,1153.9894301241375,323.6785113652659
1180.1359010818483,6559.7256920401,934.2464681538645,268.2236132916674
5357.552199114383,1383.0110326766871,398.0240581330487,32.19421377888652
3896.047676850694,2421.4473433033045,352.98747660811006,273.0171225392428
4646.443838228257,4700.0432462435565,337.9062189945254,101.58151289149637
7381.809188693076,1675.9620718274718,765.2808867229572,87.71123254495247
5239.47117213887,3205.980457062173,369.63727220791725,330.9926988371605
9624.516004478759,2312.841761006343,278.3004604991864,199.4788013850412
6356.970196892984,5954.05592930085,1242.6224314257377,70.10977159981718
6068.000928449738,4212.077930331121,87.35635342200064,228.61426061056392
6475.561841841358,4433.178539568491,382.0198260063603,80.404371779992
2343.545425476139,8531.236749735319,61.96290001941814,19.4963793800569
8295.20359382554,3282.9105431565476,1310.2266457224807,44.927127160749315
2652.6843328105033,9213.831372143857,1327.142356447696,217.31511361734468
2385.044212602323,9337.509295269936,302.1506734375413,149.13707707448486
7687.928602044691,7572.454678491123,104.55590671392534,196.64671235494424
1646.2207863110593,7482.08542098834,1171.2315344996616,110.08706772616961
9740.130711862235,8950.258278166693,1302.009280807672,146.17917738743978
5552.9094122997185,4332.938140313545,829.2306753369326,94.05546691426156
7063.300075876228,4061.5538992470783,488.1550330584897,353.6739753653226
3514.1538225395557,1289.401003079317,322.17937660187545,293.12218927976147
5370.332213230471,4948.886052864115,1415.7599926107437,143.9840007692218
6000.744323753255,4996.68298757485,294.8835256837687,236.1728404503653
2224.0019257891013,1798.881550485179,324.7929711729701,26.33368803495637
3822.107123007846,9479.340374205723,83.68054753280323,145.96595920150935
3681.786474409982,1582.3291072007337,613.5882465767415,206.4507318223839
8712.814040508227,8834.994805563783,997.2301197313967,296.1862394101062
9083.1905440698,6449.596091007429,261.371184682427,213.90615125271407
5125.850327120865,5813.9563557947495,349.8621975718626,187.06927733215846
9269.81749687959,5173.135501260236,1407.4520593595203,40.55420545648075
5787.2639732282705,5758.392965810332,1479.11685037434,59.971233746669334
1288.2061973032148,7009.664949987293,250.44143233933042,276.08986528703826
6826.906165593946,7446.799714111681,618.0364267982739,169.2338207697426
4985.291690566808,6235.339021133989,1286.1324520836456,212.35480882684666
1751.3253892596017,3626.266871742424,584.4400626953789,233.33086009660272
7324.178880045665,8181.527071858238,1028.1623043873199,184.60043907911262
9025.235390910522,2948.712900264769,923.9632622129845,187.28458404693416
8589.32816403105,6527.404495597602,446.36517577713977,213.99547559509148
7013.614531649303,1486.3944072803718,1114.9458582219618,247.56995254685134
7460.921014795377,4573.535926449724,1059.879965001498,64.718853432097
6758.15552384371,9077.202497824328,76.5436438355402,266.4561994193423
1223.4457193286225,2794.9099163524015,1399.8061130936298,328.1087341796103
1553.3832369974166,1351.7582064735877,559.2934203596819,287.94072120429365
1566.455600050734,3348.796237818265,944.7051140821188,105.4123612019718
9059.188794267106,1271.7461883215492,567.603522766672,170.61608642596553
1211.6366646874976,4180.928886619877,1064.708932700048,198.14603540525397
3927.1805403031876,3405.178434843615,291.8926260364441,248.80467213908796
1618.5886142621343,1874.6381324142553,562.4101024673395,67.37145624638711
4581.9678595896,2483.982867881763,1159.4020209932862,202.87978764596508
3418.8514305898902,7338.497664392796,74.57123960225448,304.86858768109545
3990.3024027270308,7587.371051989818,76.73410279367393,85.28252282193736
2981.4767149126474,2591.142366458817,305.4602316191738,66.51497985439346
8556.950286409781,6966.015842476559,624.4492044330535,235.57983309949395
7560.994168752036,8493.718541176282,45.14175940901464,57.22791019799142
5517.655188777578,2280.8994600875353,981.6662395818615,70.88679299457817
7882.253695590835,4035.428307552608,958.8742526983933,220.2460547286202
3373.320104066978,2930.7367398706665,1142.789844655289,239.90585980701712
4857.754092493287,2895.40914459187,312.2046260809245,341.61581033848233
1659.5912983610733,9282.515200366452,207.3291953056825,110.46860368296781
6251.544989060456,8662.04906381567,9.245062640908209,285.66229544251
7561.951620024392,7307.659504958188,576.4152647671458,179.07731966644857
8704.42342930262,7883.591065805317,1286.5876286357613,216.12978499556857
4336.913456894719,8865.198048033053,1342.902135989835,134.98485195261512
5361.582819661917,8349.58662602817,683.6821210522759,215.06478349955574
7792.615998729333,9664.379194795301,1224.409346578562,274.66202017290396
2679.98300826213,3468.7954541673616,875.8481421437808,15.741695287652014
1214.4761053467748,4306.5514333285955,124.42661008365536,37.707812652718125
8484.59697562298,9962.46611533412,1227.8981812477657,9.948556440223902
3691.633789395225,2869.220106137567,1337.6456670118396,95.72395336977044
8985.101610935564,2075.8464468159154,1117.8330682970272,282.40446472171107
7245.806908320549,1722.7904397160696,359.8103058170779,148.1497953757336
2583.801332057532,3110.2545192719945,547.213424638358,174.0704995918326
9532.334884517693,4190.909164623101,419.02890358897366,48.41927408430794
2216.4868471533327,2067.3301256254645,1182.6912515754102,224.6118600507368
2431.609002249769,5992.800021263193,539.5495434324138,125.71899638161983
1345.530256437411,3899.4098186609376,787.6352407925036,6.450181973976801
4844.954908478385,5517.748170505685,545.629430279716,24.1873652118442
9284.81297305337,7345.726025234179,230.08144611706348,220.44588029623847
4282.955993099379,7995.423609331419,1156.1297522975892,21.08237226436975
9335.872449994302,9498.616964134615,1379.366475294867,219.22626291666708
7250.7249285430935,2799.239668839793,760.3156551136632,302.4198444221565
4208.892108653416,8115.055695735784,589.8365865968112,25.295139491620418
6618.955303447821,7495.073940081477,376.84038723657085,303.6622178404517
9113.272315769726,7298.685469486481,184.10638615194742,239.40466588631287
3163.7650117675366,1923.1329535879013,94.58636258259715,320.6107458772446
6193.88688926642,1461.719171195027,413.3179451496029,273.0619139327591
5267.685021224132,3546.2926416473847,710.8114199737853,173.06770727578464
3296.4616333920594,3173.4490470667374,101.40327011221149,196.47996254200177
8345.314721883156,9831.400771187165,567.7679132383538,240.80586795364363
8298.213417865409,2403.824407879456,1087.489461278717,217.57345599326368
1831.5855946947086,7614.643737009331,1340.2639630403505,63.02810957910801
4538.619187883891,2722.8370822503493,1301.525111625603,35.28780353545311
8684.045300976439,3569.178655746606,244.31958674397708,49.70123217644491
2851.5227337035944,1621.8149109659912,1078.6558878411893,334.066343989453
5977.107854442619,8270.87938336371,70.34144812110054,47.73582034979126
2319.0329677499276,4392.567265663794,1435.8224425118597,219.51631464640047
1809.0861012587775,4068.3489805400045,726.3749547642122,213.02716872552787
1807.615799998564,2600.058331103105,1355.1152497198848,262.6127418065182
5643.150936723662,1407.1982563999914,1414.9604820454408,130.46102727650378
7909.015720573628,3880.546157782627,276.0586717923368,256.6196675148772
2154.97330597605,3389.7760607475816,1499.8588354690291,215.48173307540486
8527.122975310107,4667.369182651859,88.48902848793576,209.06288499375896
4994.00107321009,9493.285992156789,409.90100842658825,137.02087998843538
8713.492260524314,8590.924455999515,482.58948189431936,258.5787590305235
9841.402615712903,3089.2036116975996,973.1585627054247,237.66670639241943
3621.5330142907137,1457.5951312372908,967.2545172648325,72.24578209637573
7887.00046479127,3744.3123829464676,494.2636346328468,225.3105319143457
6099.927110403426,7122.75966521152,948.8374273214197,276.8554124391944
9520.87651918639,5154.8457564995515,1189.349390123784,68.14279909408269
6021.55554808156,5039.365033974787,934.0143046110444,294.4105837692141
4459.383655106678,7218.702658585436,292.918916341157,162.5936956536859
3879.9610927598956,8877.055159111967,627.3286402745935,156.78437183047234
2608.554716007174,4460.053460092204,111.50781238252762,53.00084612715643
2644.093968138557,1347.5393266808503,231.42421055655998,16.859441344535682
7795.961053471149,5253.537595430814,537.7817703249356,303.1302366885357
1531.692045402372,3855.1581243246433,1045.4857203410124,301.2580263556424
8402.827228572,5382.614927363283,178.1796600865889,78.35304155432084
5876.365859273801,3575.6817956332934,469.04498513308033,340.7036506841084
3677.5392879268175,9556.77423170617,179.5607795727717,272.7495393651087
9278.919358586023,3817.1197818788887,731.3617873412501,288.3571986275313
5364.551329753936,8571.928252761261,901.4387671041103,28.043586349078428
6008.336204712549,2703.7297683970723,528.3847210579196,203.62810052093778
8840.153604262465,8156.750267543417,488.69721797403685,37.985897493961616
7380.654239885023,2408.474510262393,1088.7558390807724,42.6064825982701
5608.9800098561855,3159.874575568484,20.483143364155637,141.6202040471164
7597.023628703891,5445.144363699636,463.50234040457406,4.937054761224136
4980.91840066173,7586.608136143527,1002.7215948158461,8.442948194708173
3226.466103512248,2142.9664789701274,221.77185795642404,196.7683578907664
9606.46594220967,2124.19960723841,890.9082302346972,236.0737065372253
9630.924249334954,8166.767426827148,1048.1780597084976,7.851512492002332
6381.48485283739,6734.442766275346,529.3111114868162,262.89843974772435
8662.370400149055,5508.503646722961,1003.2418613495619,160.4478041843701
5141.87962802008,3494.179273230539,75.0976259405802,272.04920644247477
8671.917127137867,9437.941179049001,298.67006812536493,64.99510125349082
8474.279666447846,4443.522069473731,770.5991250618665,233.0391395151434
1387.6873119808502,7945.80764031116,1283.9275642339267,2.803547191785457
3638.1323793168085,4007.8863686965788,1374.483134124461,168.71166987233116
4246.643111827385,1683.1310018530453,486.2524872678313,334.05647318059266
3715.715076510712,8536.89363684806,1465.1467321540833,35.072367160544005
6128.826996334258,1182.5790746905693,1008.9895148821495,170.3646918552648
9781.923259824778,9054.47423284781,298.1092998868008,171.09321091456613
4951.596661052324,6021.21629658248,93.73871287740545,10.603806326281644
5893.2402019832125,1720.3820431778652,853.5858681504811,228.59333155025152
2911.214937132819,8371.806942632458,382.1933197723851,337.3966406317072
8214.509222383467,1149.0551982393417,385.632651948888,336.0296360821227
5233.314650701753,7023.748745356036,401.487192527567,352.49001476147606
6681.320886961928,3246.916482960857,1000.4962342031367,77.06067720610955
3553.312925181798,8416.921857621677,817.272674469814,133.51013973429716
2523.943924702396,5810.5849269225555,540.1152204962908,147.57164213212928
8696.8303321694,6031.608485552816,234.3138979142105,306.10209768531575
9784.327361304082,7806.690344218376,1325.5716766104958,333.63043641240455
8260.192073227998,9607.845344743077,1484.0698883400366,190.0933111452405
2590.1060094289205,5202.981022682073,1445.2142439350635,291.0911947986602
2382.749468820847,4440.900962300404,910.3639413365344,62.66753849887672
4675.806557043265,6410.521784433849,1184.97748815195,310.45569267840847
4181.315496497193,8738.09874116521,751.2469327712231,88.61096039533989
3836.517510624151,4373.397188004795,510.31525271932884,266.46761287355946
6456.291981736311,9283.379287788177,1350.6878718493442,194.67325753960966
1920.7861454217864,6444.801538603764,266.94011254661314,340.08321617509534
4466.557452001276,2701.196005385394,394.34052475044814,7.233950912779842
4810.35931573797,6552.870341869217,1450.7960882981827,21.05639428096902
5521.1728542759065,8601.31828536672,644.5097596218461,164.9630760632329
1498.3181064494206,3152.72437536135,910.3994515628057,346.4060965518581
3539.016599693095,2659.4468740078455,1400.1226979927535,22.84722091082597
9172.63831723636,5246.863105854385,296.8571487138849,139.99363943227488
7918.94000842696,4036.7986819051216,212.46335699291694,222.1380879703298
2794.3236471095015,7322.060590291958,1477.3867927222968,143.33006349698098
5403.7910302613045,5146.937382637527,740.1644761177597,35.5675703565631
3730.251365555183,8522.069350943417,603.4473486766697,214.69784298160474
3276.052765267387,1857.2513324420136,1100.9876375913539,101.18025057796712
4103.17970721506,5234.795963177195,540.6331689812255,255.14007889668403
8760.035199381942,6923.873326090369,1418.723102004838,69.71949504975959
9221.20195864707,8499.472397786258,736.3912617332844,67.28848817488856
6116.8098416466355,1118.2288962075875,144.36265457917477,217.70768972325743
3590.1574790026852,8931.867392690972,1495.4447178656512,351.64462094040056
3170.0868398052667,8334.685561470073,793.4568017793276,123.32664131943729
2981.2377668887857,1311.3714310545815,935.9512620734528,314.25686371820615
3125.796020724373,2535.6761380453318,827.7833762448967,114.01466528604209
2600.0256842535337,1426.446339286622,108.3282025071587,164.2312236286528
4091.8886044915653,7978.197126811551,1079.3846037323613,121.95661618523772
9494.263860072348,4409.538780105606,1403.927553825576,303.63730187626356
5821.027288990746,7799.684744189293,407.5793023418656,84.9676128183565
5101.454457635287,8324.754850299012,1138.1047487331714,99.11292862712065
9029.605348277022,5280.603147030463,376.4691405507676,111.05348982637469
9702.26052201833,9762.803060202807,1344.1318601636574,205.6498840476187
6537.134430571512,1951.3500448411612,1323.2816471015522,346.523882696161
3355.3080659879333,3762.5594950372247,287.4917106602605,208.988335872766
8472.22178141019,2767.006435473658,1381.1826010472828,14.582841721361728
5497.660871971964,7878.059428121918,1022.0548600753468,117.36634338185735
4288.631573013758,2804.1107238225636,581.6032798989954,144.88163477729955
5980.023174158461,9320.86636950497,1033.3012119853909,122.31349072030683
2952.941467680238,3853.1005590538493,1269.131619707476,115.81965770452254
2512.0468739045928,9367.075626269982,35.239837918492576,134.31883509226284
3971.8287197575655,2670.146263271182,230.16472592353773,75.56979750360081
5782.2408394238755,8674.218296283063,456.0249497012732,183.0525118130336
5299.30997618976,2548.420485418432,25.347986145327766,288.37366803799205
5687.29514267588,3004.6994838919545,961.4436005886813,250.5763865283973
1129.660847735511,7483.955370573066,1351.5124076547274,140.15069060914817
4354.426654244646,9997.112084821472,203.30343274283004,287.60015065419356
7077.478187897524,6757.119600896245,807.221320905776,172.95261884943469
2069.9532017122347,8805.057288519518,232.3678870640982,146.36675885913127
4861.183475398135,4391.110868897368,1315.5224968908872,70.55916175968518
7549.545957410984,2862.0447404716306,807.8505613683731,98.60336260046124
1772.7426604508896,3775.4432717767027,1484.518726233761,33.261177469736424
3849.099533568418,8333.194719439545,886.882406260482,39.57665488105973
9484.384830415353,3497.809144766749,660.5169593026573,352.65254542069044
3662.924724081994,8574.913602172413,1210.5449270325307,20.476171092399078
2635.10087019702,9223.449492284315,489.88494855449,286.00267165938783
6729.357204839027,2276.0480356888056,336.67452312944727,293.6631884797382
9945.610055189596,7144.941104616612,307.9814028358362,133.73011049665715
6509.710990861029,6340.259813621034,574.4096572044073,203.95088893508793
5695.457956755247,9912.740886177095,1498.6084850884438,283.01425992597507
1858.9417907875056,8569.148828839177,898.1511360968088,186.65526620315757
9386.599219834196,7649.330009381605,1055.8117805672262,221.1708889968512
3886.1466628084513,5348.478137392912,1370.132411830944,21.988711801966687
5038.028782973532,3327.8951138335033,700.7454117316025,182.80443740276422
1804.359919152208,6791.528254726155,557.1364402980428,173.66764260865278
3321.208460156813,1816.4198298577176,1010.1792035961383,8.24949898568422
5203.345072127463,2144.0349778383106,555.5810905089406,327.9084922253651
5451.236336241337,9003.609931433635,133.79525363579137,299.4524775519627
8526.54489664529,5504.511096285679,1266.7705636865303,52.47586011379786
2622.7680737325254,9613.245654230497,51.80566832478515,220.103880532166
2087.6022923088585,9978.206163164972,309.9834104874057,128.1623421594391
4292.197512902212,9671.58706554457,1179.4900865291418,309.0721431734923
3866.7772834370403,3322.538401329992,733.3043774983668,100.37572838192831
2691.3050304727076,6918.278092969011,286.44451726452394,250.03177771272945
9725.844030670367,9699.280282411475,1189.364151386696,110.29940671245522
9487.465751091982,1156.0215178983744,943.722028005974,319.44009669454005
4918.180060978413,7795.897169888415,277.2739969034763,267.7664306285213
5261.858873064136,4018.694097844513,1491.7270558006421,303.1231140438916
1569.253159046454,3423.4393462941593,984.7932989636453,75.85458769415222
1564.2712031080193,5612.89795819614,117.19175989774693,358.3136371433458
9430.483353463298,8264.453815010547,65.31075773913808,357.13709044872024
3093.5973157301664,4386.831100356795,947.6324118782445,45.73098904805615
5050.754957963378,4793.468794257675,371.28614903717806,246.38550100910672
6122.1566437086285,4968.039603767134,685.6545133390445,321.0427738311211
8973.273062535985,9108.787291088644,184.8784777335074,357.57320687282476
5947.983898899212,4575.12870399215,389.216752621965,16.847647828520948
5991.26956754245,1508.8105570557875,1216.1531327910084,112.01779901999359
5707.78330077711,8366.525181368354,892.5125915930179,38.210019483381885
5906.0823620069405,2354.707605380954,6.1315562844463445,67.4484861748861
6931.321438533955,8617.234623823075,710.9589287721399,328.47351408418655
8055.0264388332525,4104.552800980526,1325.802654967973,208.54942601622471
6838.709133625754,2988.5063002941297,637.0140360612409,272.82554511770434
8182.485951921937,7986.864655080245,305.3320368741646,53.18878075789905
9864.751953390098,6103.545891536372,1039.9290447227518,301.5529042773623
4639.511473797368,6012.680516483934,1034.6900459072976,181.09815532361895
4442.1842910495025,3888.78678115252,1132.5465918563334,337.98737647126507
8158.218515502651,1294.3261149586224,734.4615449639821,333.5807916956611
2278.17996489896,9232.820746798336,436.0575674517907,309.32677836409766
3416.996038317296,2857.500689363761,852.6833908275834,210.36251426251442
5335.772458238893,6630.070350903053,562.105088441383,27.428843369621383
5824.442805011064,7091.48223932225,266.09531488472504,26.58808960487218
1701.3256384607844,9696.42971605054,1467.4412584451336,190.61579993975403
1456.5843708644306,6466.193227790767,287.35654049661827,150.42525936207045
1995.9248497868211,3167.0417314678634,365.55451299909043,356.18046029693267
4772.529137864172,2825.6665515862805,264.25154690567575,129.95643387384314
1776.0501213823159,6463.5890079479705,193.49045893514594,304.2901988562165
4617.898163659094,3695.9673887897916,1318.5351839585776,97.6091007354341
6498.098253532607,3327.3587387960556,213.24614681221158,228.34690635225616
9869.3626601064,9750.267438374316,1189.9770769366799,256.56897468243204
1645.5531422878762,8049.572491283224,186.98305078783122,47.31116630518969
4829.9361672957475,1269.4559474893133,1315.3508282977334,164.0366143401225
8222.228842298839,9277.436148312287,1229.1507016704093,346.4955422761492
5893.158006120549,3301.796786331689,778.5193868716547,34.816981518449275
3932.745606458495,6044.0039278488075,558.7123326723435,175.01641043074602
9918.374685873472,8716.360756442711,57.05720370080922,15.985904849062027
2797.8840179320396,3670.2191848166876,1346.109022250739,210.90678097279908
2430.7082719216387,2541.2877837158453,55.976900224075436,179.66836547295682
3689.2010203912105,7058.761380584606,1079.5001909581856,101.77452185212519
2944.070429110224,7329.1259032983535,736.1060688622485,192.47566638839905
2524.258678841658,7484.101879682569,550.1595053882916,354.103033161957
6590.417211338438,8656.992917143592,39.954079643690996,290.9246240729575
6120.007514693619,2281.88765086286,1298.2258162180306,66.64538998982414
9385.073674222687,7609.32444168063,289.12319221270866,257.4077366425949
3445.653181657302,3578.4929739592944,265.49744695674195,109.80371604175122
8551.242629162232,2516.4033647770048,1204.3483135494068,229.53295133756083
7656.510826542419,2122.9184097652214,566.614980186048,335.9046386871655
1163.1585880687735,4881.435282011358,690.2515436591973,353.3884566948402
7823.380673360218,5623.302604618802,731.1910087983275,89.4303555499863
6651.085688139395,9475.211456667728,1086.9468480945523,166.83237167749544
2053.3320600659076,2584.787076240247,1124.3731066684459,291.45387416052773
6271.499483924974,5511.243926195463,26.259943172549566,222.9620387395147
8139.07836591189,1707.098628159687,1291.6395958471564,139.12438434136754
9689.664999271175,6780.614022257663,1199.1746023602445,350.44961422033526
2139.750733991599,8229.739122783578,1406.730934702015,107.28911862216391
2861.618016346996,3521.1869432288645,292.4247444735278,129.7695640160565
8994.832187616918,5707.001632423092,104.47165803797401,137.3337989532744
4739.021989385406,7927.70025687769,1256.4929170737394,267.62688824938664
7321.3577089036025,5421.753269264552,1052.3355357124312,164.47159039357567
7132.3447413050735,1664.787248826914,654.2235123705477,244.1980755293651
2599.961599239514,6278.447906424954,313.1252772398187,169.69521686112975
8040.804282136655,4622.628183317858,280.8896884235819,18.421118162192098
2408.031174390222,4066.1353987839934,549.18207407623,290.16992519735066
5851.9348689278095,4068.772639354174,1264.0170772534952,122.98094152870657
3744.7167412647623,9041.775146837492,820.6324768967467,130.18361626147853
3041.2427627100187,4095.157485911208,812.0527540841725,255.11196774899994
5146.670441012857,2329.519271218256,1006.168686425198,48.365776498623006
9976.395560279176,6156.5775379402885,14.112177743396721,83.50700136708804
8018.252995938305,3659.3325349326633,152.3753513785529,154.4578153847939
9972.61250577477,8007.227088337837,1287.7272212043513,151.68803567773998
9496.638593093056,2224.4383430928783,473.2194822620322,48.30122016443194
4778.009652196177,2352.1215899202675,1199.3702781026136,75.26729052353407
9456.17417431467,9515.38141329841,444.62313576358423,263.52819184241173
3854.3510454549887,7648.130509250428,898.0425373969432,51.28450144142343
8357.436805923784,7663.065073620776,1107.5124078001002,192.02101897480136
1146.0544128035517,9308.512794333343,189.8236370174116,259.5468170213125
9237.345305177845,6135.021497294377,696.791249488318,154.15894568639987
4759.177895072973,4086.4759777711092,595.2956013113155,169.1480245268015
4890.7007022758535,4246.973398942892,743.8882680875785,259.14886492416775
6743.159497037742,9330.838498572726,681.0472971917048,71.05777851270088
8508.73108586761,8580.853252458277,762.0943150581568,68.19898655216683
2586.724098688943,7764.919911450089,359.19507019576287,259.04402914869723
6550.5099052688765,2323.584047509597,1480.1451307286984,291.01562214263225
1476.8451683311714,7911.999767881899,1448.3769032960176,196.78071765480337
4019.82233556047,1739.8933324176915,1174.8431190674428,228.47741775458994
7272.379880810364,9356.162137969644,890.692904041326,79.03189949806787
7373.8857979335735,3668.190640892612,47.29044896596444,3.7302273051513883
1507.488368977599,3769.24179871607,354.1805504216119,74.67193302604112
8164.913827304288,8710.246834424051,416.4341852106786,258.98251065720456
8881.169748294584,8193.210923460352,1089.303364044352,166.12347201960532
1602.010373706625,7040.551779222258,1184.7079044438813,62.5048895162828
6933.318605880727,7709.155219300729,923.5058186997242,265.0937439977625
2932.777505476427,7580.792029978335,901.8921542365962,20.489071553162646
5383.946857659121,5705.657771714474,400.79221392442855,344.76029570275534
4579.3318787250555,8063.942633923491,1137.472430763947,316.2122552791861
2455.5652713646023,9216.098228283205,752.3512430835389,324.80971950875556
5635.924058324004,3150.1315258101426,610.9188366049566,6.000750546854594
5268.3532799251425,6380.84185155779,882.8865262315678,344.656035720265
2175.157857122874,4140.451418714208,1321.2704354501382,10.466352184256444
3140.562125906392,5775.939166468932,1194.521856336604,262.8051004024306
2895.351923287387,6667.981320324248,694.5973642481429,41.26154060467444
7204.281592314562,8334.857461213058,67.81019740198457,223.22767959445315
5321.52233315803,9654.779944410948,1330.882453694751,300.5994066599501
8692.371234484242,6688.14468211094,320.1557209819885,233.19690055639848
5110.626798849023,2459.578906714884,332.35120740567015,57.47897989029949
5862.972065961669,5446.362701879915,19.55167279597212,163.22174977032282
6365.15831377622,7807.826152299379,347.15296940325754,256.50812628552603
9603.650729925354,8794.3112243795,1401.1241676362338,93.57337925821102
1135.9592208395713,2019.8676434894833,981.0377708596401,324.8082240874399
8880.174838085424,1837.801472610853,638.4947806144229,22.6974098800835
3617.7527052009436,3625.06340367696,1479.8725413956245,189.93009332432007
1639.5979012247385,6606.3202168250355,1462.6954903011335,188.90706710295973
1509.8729704713564,1688.167518220691,1347.7409928684765,229.00174200429
8557.388130901305,2002.2873880385368,752.6023901395066,295.15129185788146
6253.954410203145,4357.474120021885,1365.513517847662,148.99397841465515
4666.9739029542725,8898.617535155552,1086.0740660288,53.33015297061567
9952.452130802836,7411.650521214667,1421.7521850313788,286.62143069762976
5076.329367609867,1330.8708502305583,513.400826860588,88.35958457541619
8229.636072475634,7534.018756858114,244.3427924542116,45.218289603391675
6328.023430018912,2852.5571994426596,132.09234859427346,60.67891644144999
5961.893845559415,6860.851655441324,814.9616738654806,68.15453219826861
8875.49777725456,7800.458387069422,256.13221544588885,251.95792249039445
5195.941826145952,7130.098809801479,183.20484081514746,12.162118672606098
1703.5839528852102,5838.581149583701,650.5305693974063,175.0360646898592
1406.4054021550344,2863.8074299783784,1098.9022198760783,101.95802200654522
5997.66088572882,8689.106364045363,1160.4352158505035,344.7045250607398
6985.618923018644,3917.285274251653,635.7860462776113,322.4992485278796
2157.4021692483525,4866.703630018905,7.160426008803711,69.17502233722959
5451.731675985656,6001.276158739134,1094.7752195507999,293.84664368891305
8364.377781764655,5205.314323160218,52.66120010678111,187.39228068161492
4914.296714302986,4485.495990944108,547.2816033345883,10.930176740072035
2959.1360425000357,2037.6761038081509,624.9549608898845,38.233078503946615
8070.956532523496,4746.240124781161,1379.9490834423539,292.1926736118921
1247.4632339663872,4946.315900045861,1029.14517785301,77.72854486448675
3147.9831197827843,7096.649317500027,60.890765028125614,98.16125294246244
1420.9672240857042,5536.4423000662555,891.5970932723669,114.47081971001657
7474.769331576224,5224.699148470124,1460.2950304482122,339.34779048154115
5883.095940876249,1668.6762022325586,1180.0466954640074,260.6503559898
7553.257362269854,9553.507922281377,694.5429080675341,95.0403791612581
8339.304147982784,6670.137639986081,343.7537292395386,112.06193901039589
6655.079994064277,3581.480087921837,1411.141567444809,205.8133099940792
3853.5811074326443,9042.30002971528,516.9840476859179,46.94140247298825
6508.645234480125,3693.013521284599,535.9566177549692,70.51059732120977
4589.20575518779,5806.965514877312,721.4030296050345,280.0515870519423
9228.319589327715,6315.989578360294,86.77048505894473,25.119264143288753
6438.597879379041,3227.217716399143,386.49675145600463,42.65476178591
1793.4878969572317,8812.496673551424,711.9603705931821,337.15277827916475
3946.2831738238465,9927.39320653728,330.8691016175961,57.60358757346761
6319.115167596706,7580.832396515317,513.8359006515669,66.2527384303677
6482.9362873466935,7544.3741307667315,1028.7005305213986,286.01247569780827
9506.668079697181,8274.640190871822,480.0669043948293,246.962019605893
9894.598121928888,6547.8409312208405,678.5032689401748,170.5580025485309
5717.3516636885015,7928.656833918196,1204.4603088049914,285.7725429477607
9380.481023339102,3411.2686931626486,347.4753572517128,184.21628758825426
8081.421783235878,1568.0406009750843,162.90457217900337,120.5169937561747
3194.308746235823,5076.444558030857,601.4644054263824,209.6244523751708
1786.818849118807,4519.632789075264,51.24032169394605,9.016499994622976
4534.005175170338,8727.017030688652,193.2500589690353,249.67417091815884
9989.89490209802,8922.265051710778,422.9491174011703,29.228384550385208
1192.2054638279792,9679.780445856803,861.0394829634696,135.93735906446622
1724.7567225490995,9653.39987484762,416.40709105544227,349.00422180745926
9323.068695362828,6489.242920998397,699.1610298218858,49.50145155013741
6570.197579189872,7153.267111438737,1189.281006919889,65.63662935638851
7575.532550542601,1851.718142881164,1046.9912686923062,263.7216784792746
8355.43603083375,6048.274640398306,1273.211987111065,301.37215906146935
9421.918843528572,1653.8425333330486,944.9622151038706,281.20973647503035
3372.0743595129316,1351.9327040473647,1232.7785820958823,38.25911554209028
9176.17700731438,7738.62865600533,890.1949179868147,350.4925716362141
4628.4352764611795,6165.034877239568,841.9116984674517,226.0890061592968
2453.427643183482,8101.6296232967,1118.5811860457948,92.0563348442632
4505.830838094516,3531.95758919327,1218.1606719202132,349.11783912580245
7031.354948219295,5153.226750768019,1470.0510324770682,83.14559732745836
8320.81654286705,2529.4324116665666,1150.765551162655,82.61817947335265
6802.051693962381,6532.749480594063,927.105359496879,336.614440815555
6045.894496238581,4265.3410592532555,1378.4897934529479,332.4718657611854
5015.719906511012,2058.5195671375595,138.11310885214243,178.55934508787024
3841.6356189938706,1355.2256378065313,1044.5118007271285,287.7603809124306
6854.521685805243,7071.44470386482,278.16950828969277,146.94240339144716
9165.937397637064,7916.94961700119,724.6409556063827,12.744583808963323
8869.799730240524,4110.750295064999,210.55250179976449,311.94666104114935
1303.373695564801,1529.1407065978565,1379.501916448039,208.09898819550457
1122.6350968266283,9650.635018255842,1096.930855194946,42.08576119492181
4793.176201450776,5346.141734881093,116.83708728682217,32.942021675309036
5892.963697751544,7308.871666379116,399.48528059123174,341.30569235903397
6219.972847759909,6234.290001849599,1458.0918958427733,21.722424790115276
7049.704495048858,7787.598812353387,1020.8736088845769,260.50598273908423
8056.306033567082,1636.5719766043546,1060.3223932368162,185.86933456407323
2929.834707414227,6189.9580122393,375.09774035778327,89.69549808491284
5784.546867531729,7729.460716051619,7.349323169457283,87.10098062172267
3203.4541825270676,8086.525618887544,285.7813920752622,145.3863721060752
5699.257280530728,3515.07627397844,1093.7994510527794,268.8641401185895
1150.0509596524416,5105.6231053752945,848.8437010398094,191.24517373019964
8325.371373614493,8795.201005063784,1030.9692687767895,309.6169891888546
1438.010633820077,2073.3454083395204,543.3701087367361,12.822954164570389
4639.833323703109,3597.826877565263,738.2706205507506,305.6404849265366
1208.7309854486691,3466.7742861617917,811.6718289002389,55.20836527499145
2770.2764667402225,4622.183732864956,897.467503753814,176.75628137813942
3393.046966950771,9584.896845998053,1407.843313989798,240.893382335151
5448.80269240941,1966.453191592198,598.6329716801024,172.47305520818514
4858.545262880655,9041.132426292825,701.0451089340663,237.50904725913955
3800.0106928078067,2087.8001102370226,652.5424710460677,140.0899360865356
7526.715422691129,5024.529704763579,1227.052939219758,80.91918922187726
4303.206040183208,8962.952523619402,573.2526422523567,199.13881198804174
9426.744087265399,3309.0694217956,956.2766873015066,49.80116913085707
3802.4469608659333,7600.209597680475,337.782506475505,90.11092925819474
9565.686904636266,5331.232829129885,1077.9347875239603,41.665401327510395
6624.374596303494,2340.285168555465,1299.835269458072,223.90164162534273
4082.4516413495962,9678.041332551942,884.0866404850716,78.24605685422638
7346.035095238068,6913.444253542033,735.198082570541,117.09332085298871
9780.026533597576,5809.626573735373,1005.0909021040137,179.52943186773192
2396.2903606672053,1785.7252891786893,395.70696615237875,2.0318797491061384
1379.6072864300666,4816.302920929556,28.90155047638543,39.64828658448612
6123.872303692396,8854.440033061732,772.7452572651189,259.9400613240309
3520.011218455891,9494.806508200314,343.70101341858725,100.78164054148738
6315.072824524977,7040.785367661817,215.80408915544783,234.95757671473663
7965.631351794005,5524.697666763587,458.1578002710814,204.0477024559124
6020.847968935589,7365.002794274132,208.03075962776404,36.3291444716963
8563.380071560932,4824.594421711039,812.4765112162233,352.9947560081402
6417.841632056004,8362.02995800294,1362.7408540395486,248.03166905744715
4138.360781509953,7186.527883168102,515.8792271152654,103.65681179970197
3708.20072117019,1890.6032834858588,1041.4394112615064,13.735393836107274
9454.711574870398,9769.193190751388,77.02863802261209,50.2035626329878
9580.786874425477,5224.561349301233,1358.9362831028113,82.44990345296593
2443.481684884021,4016.525729121712,1346.637140309654,270.6163603696424
5807.799347155864,2728.994082523238,765.4295753899082,63.1487527914514
1560.9073006053932,4269.64054034071,151.85819646760712,293.9633953171147
9273.981321818857,6829.8991848962805,505.51168315827516,83.49871155344346
5045.491313630998,4928.173647442414,938.6519311654213,170.60715186810938
6362.73657270356,3304.1187395642773,1197.5635417086555,249.22161529668375
6004.217212529859,7265.552379864994,1298.3976664050927,337.2681062514715
7501.687758538115,8981.657241337309,487.7671457344807,72.79642118319119
6878.403486729243,9239.834143860113,1122.068255533499,29.326276520546987
5559.655608394253,7413.530622830312,623.8884840197327,285.19643691708205
9932.378772648297,1522.367586351743,1258.109316951309,233.07974978061662
6592.454582979298,4918.729382431975,556.4626347380486,294.3284844422694
8876.852057316359,5108.473862727957,94.76627239625111,346.1852953058574
6704.632665146214,9959.371539438955,155.61888546926863,207.3969186500804
9080.687282280735,2224.243549732437,853.7389263251102,134.3557414521719
2356.155000894102,6812.451761808966,33.7886056239019,291.99877993424815
9499.853731351468,2694.403281375114,801.2487208200779,1.2266206576844256
1848.5192477793694,8053.25090768986,1299.1469325647258,255.912015417692
6675.137648273303,8854.457213152378,1444.8938309891532,262.21008293632997
1583.0665958041159,9370.151319256438,666.5975486658598,38.18312858687072
6542.176782623512,5649.1881030647355,497.9885796461817,308.6636682847928
6861.92416941187,3690.9132316779555,1081.4127692665836,256.6463650875875
3702.329822831519,4828.496498357368,1232.9792781112378,79.59630877920695
5790.8793905209595,5922.953044109825,1301.970452193829,11.57028630255235
2249.9393772060607,2513.8608910795256,350.1865053705696,197.74744889617347
6620.730589210827,5612.513072044862,805.4644394682928,339.5244991990018
1558.0937644872336,3664.5375956069506,831.1735493223042,134.93961426699954
9710.14805607147,9263.240912779309,603.9257204771384,85.31482821711073
7207.414084785225,1445.8432689886,817.9213135137187,104.12359334076795
4521.1122107186,2178.4926581351865,1268.4912419304947,145.63996055947754
8900.611831226826,2863.1037037040405,72.7149729238397,50.31664214791309
1421.3333389002535,5963.36516248207,830.3213199502223,300.32757099087286
6698.4807558182965,9167.881531066045,534.2729721976831,56.08861469289244
3336.252829688202,4451.133962878998,84.89126267327865,240.2463922902965
4998.299602874766,3114.841365435749,1034.064860795143,142.46904411970033
8162.343302307283,3272.46492580677,794.5397273891496,283.07895142286225
7750.911563062423,4695.242813982166,1343.6633159850069,153.67364779020645
2320.6366452604984,3282.244294837038,469.2198814581739,328.2756206321468
6156.781911273034,7493.633539287563,1460.533287955052,214.61818468402856
3447.7441127603706,5840.396262717621,1184.6656376538185,293.737290709433
8992.473865302058,8119.029872029627,1054.1559636129919,265.96121787008224
5255.385585042062,6106.187922683734,1066.7293008395777,335.73313614948296
6519.927694479684,6157.395458695765,1303.1910878988028,256.0089387667143
9264.137393105388,9739.633452181944,300.35472792984734,9.603499360113954
5320.757457920415,4271.809700908036,418.24719626468107,111.68726856895982
8034.4186065625745,9500.036827860848,1014.2637193295963,145.1792906489614
4073.505311967456,2964.5826791634327,1164.5422064493362,290.8330815216578
5640.362617970208,2376.919072133159,500.1150523679634,104.69607977615021
2899.794408925436,5619.02086477754,431.9835151264735,175.31963490589618
8809.345964965396,2567.323516683936,795.6339765791063,117.7318594289216
3311.0253771401244,9674.132967513704,714.2607415079694,216.7185520739289
3230.6328864663506,9688.368760579111,615.0791555482127,60.81614902644444
4532.466292806414,8440.77023196861,572.9563745517838,167.96159155351313
3472.346457316016,7143.228358311345,479.4358515442439,166.39528218954675
6334.580308336158,2242.007617944622,251.47211491051274,267.3637743792423
8920.307169134023,3006.9374548431024,717.3471201015777,86.01245791979544
6405.025856057905,9696.544628768173,1238.02940961144,281.2604267272607
6159.311759473586,9115.592076208297,1236.9227180696437,329.8748770846047
2838.590490716315,2546.7111371237943,765.4539546462819,325.35337003630536
9650.291446362293,5441.137180407076,780.4024720351848,13.696494350818156
4266.206484212913,4109.973043063975,1281.8764999409807,236.91862913906834
5136.839640474425,8961.432038264815,747.5811941030096,212.5829153576368
4516.36750808712,9010.98362087639,1243.9042220529925,190.65277982413414
4993.973610713796,2986.13994987793,225.74680142202445,119.11253592995486
2349.4766620858563,3035.8646460090354,512.5172072437783,183.29557523272754
2339.0406720004858,3689.2582330898153,713.4232593671925,5.356200462869986
7761.260164459702,6379.1640265805445,497.0093810027716,306.4890340123215
1120.857792032821,5091.442960856676,1270.207733747463,29.26388527788227
5926.2244116207485,1144.1051397203607,841.7002835537303,40.592591629103666
7186.654578122331,2033.4951043812964,199.55339874850233,345.15721429051365
8912.963613695507,2581.5989905542674,829.2736746379569,351.0980300429
9539.672413092267,2996.9616301808624,351.11944197941784,347.26220734169135
5295.813556193626,3820.8457318939677,330.29878464030105,93.4060159819708
8438.547653441998,4719.005303380332,763.4547304902719,347.3842707834074
6925.154270372382,6519.853833675358,327.15586330172823,358.81856992043345
5394.877109153659,5535.241441252367,873.3666100826073,275.90641974798814
8477.242872699335,8290.191023208348,1088.777943516729,132.50944048447641
8708.07286498211,5900.047535592842,421.97995480109626,320.32601293575834
4956.789751599867,9888.21580537973,1047.8284713956036,229.84849383167077
8928.104554362722,5686.618028705483,1408.5822145947354,96.9889036763675
4408.667774785904,9049.289552367389,914.3327925020593,122.9587688398207
5856.14341549816,4561.135431075292,1430.159920389337,256.3253849762375
2023.191124783321,5770.612202973753,434.062373031563,32.82302726026498
2795.036845104236,9499.226336167174,684.1492142480253,239.06045701172303
8468.26012582235,4328.492755249679,438.90510165141865,186.3527144001147
1346.7865562520935,8397.653128219921,1199.99895479749,161.13945291213338
9188.905961836768,4418.05559657668,518.5833257629089,210.9309173554363
5336.143038261237,2406.26997765744,1426.5193920521517,176.88803727523026
5235.229673600619,8530.442612879757,1131.6421559245725,189.93873171344424
9372.323527232837,3811.232328383673,705.4463462443348,232.75082139976396
3932.184573449118,3232.911092676573,1431.751100752832,206.66122833263822
2912.316020560872,4969.685949538256,838.4550045773915,148.38355186145918
7311.0207755200445,4937.616069592296,364.6036292707756,234.6855332967553
1788.5384057902404,7521.79215205652,735.7654700325228,216.20089668795825
6431.44286774082,1948.2897080479074,1433.2041826717352,233.24228346602402
8934.480743868142,7290.152556622884,642.1397292560941,177.80653599028997
1307.638793589762,8246.289555208248,624.3415054284363,216.44713868577264
8367.93637825847,8310.125824198938,343.3786484345963,94.7181247698666
8405.79510706543,7424.98545417659,758.6821010796165,298.35422823702663
6459.149719200055,8487.020196476084,24.166931584016343,289.6157971232745
3113.7515472267346,2046.926765811736,347.66188576448536,131.0466649964681
9821.925257887187,9279.63562108401,1061.4320311727984,334.6996628760508
5345.706956623963,8458.83867993575,875.681146511284,313.77463558862013
8972.753918754277,9913.505158929242,917.0769518530655,287.6532738935003
9396.322527430182,6327.780280628413,534.1493720517158,4.339910039135823
7454.182006761956,6812.056233160404,1487.3271819560875,49.822923916569394
6361.939233432948,5431.365271020042,1243.765781888597,158.0729165190136
1365.282694537779,1593.203991842252,808.3732159214655,5.979183093006385
5900.627591272578,2309.870634830646,1294.0356427622185,337.06435417088335
1522.6510136742952,7539.74776008313,1123.4270456871934,120.14501804618466
8478.28663884923,8093.8737276716465,244.50591728937994,264.46208621628386
4978.861130172084,7500.23846055854,1208.677484772029,142.78897140977222
5097.632692336155,7509.292405556702,31.796579929718867,220.74150507111716
6245.033730835067,5090.555000637736,73.52236007685296,199.2574960330774
1248.322256483024,3484.7201791885464,36.1784132874413,149.4959495987925
5939.944204265004,2319.87819469004,1325.0971855923854,205.79250643615305
8047.910993482699,3636.5318202644885,561.2908758706936,231.939073442119
5595.232161783531,8512.379589383927,15.355972702806291,338.91019213185655
3724.934346645134,1171.7186759595033,1340.0973010265618,336.7458515722861
1720.4292757143094,2650.261345233009,718.7316796698638,264.46041105870563
1986.3344957729769,6713.941668449524,990.8131294073027,94.32263713736073
1608.535200410763,2108.103615883515,1144.0348453683582,255.43964755147977
2801.390289115169,9778.58861965032,1252.2979371619338,207.7511918366836
5216.7651483168665,3473.380320860637,252.5470494260211,352.9963172501807
8557.375738189592,4762.887428322543,1460.0055587686657,79.06093007348338
2784.2150388284117,5285.9897105059745,226.51183853048207,226.33876979385013
9906.157231827847,8527.256298682638,1217.3925855055854,7.414433218294336
1583.6100180905842,9658.014938457063,1440.9852312069859,199.63990266156046
7063.770468217965,1657.9643258050185,944.5260005436883,14.51672548347536
4434.902764790197,6559.566126003261,1035.6208992655281,24.105050702729645
5065.26575896637,8865.379411138016,1330.1470453262273,191.70811150976576
7713.790323392693,9121.144095732107,329.21816497910015,349.72130790343783
6257.081453351937,3866.3919946958845,1265.6472041905793,231.72038056425765
6095.808154100981,1655.6556584496368,53.450184259148806,275.5235569722721
8448.382601210049,8681.104446986463,632.7249472887696,308.6959282933812
8578.760819934523,1259.8349371828483,1215.6660295995039,283.9121710073182
4740.599499872549,2381.182295130294,330.8726709398775,220.50732083402426
3285.22783338365,5830.795388955001,371.99301034707,91.59827836942644
6284.523362364652,6587.393061764391,263.1497441150761,85.48770193449236
2367.7587231400903,2307.688881994649,462.74392587401735,8.10378745191343
6024.565083415301,1297.3434252007748,244.0234214718985,124.02543542050137
4931.343246478487,7264.577762156979,1219.4851426015555,47.925947376205066
6357.85605492989,8273.783112088664,110.26070480769584,271.49985250662456
1553.1685530965399,8168.510207897737,1375.3657667791845,270.0262903050018
7831.267494125783,2596.927191482869,994.9808862563561,215.4523062802686
4121.9800682756,6154.388387820388,1206.4474278449932,85.7762251877321
9225.225369074244,8915.599642483023,773.7256837202256,347.68461969217196
9630.261359169377,4683.379661534675,831.1962845862915,151.00428194396486
9190.722881139172,2391.1616411643126,151.9434092831914,37.660929446864124
2050.913579771478,7047.765614221146,1412.0877892910262,53.839674957849084
7198.446974186197,4499.176017317957,965.9517853383173,159.07182986151489
2569.646828225159,7820.374976219466,574.3968685495214,173.27176058243674
5125.928196454359,8369.909284754518,502.91559927320145,169.29480023090608
4149.59794343332,5062.41857122824,425.18898970382526,273.25682746142337
4468.099941846114,9875.089478821936,390.4902254978466,232.96003071325708
8898.23874926438,9298.406310835404,603.0537553900889,26.376911190757216
5052.685217104584,8015.412998001915,737.6368011642446,240.39230990195577
9759.085658061113,5221.744523920534,193.88289120230436,219.3550100784312
8906.771776689613,5315.104852419119,1241.463802299914,174.08637186590113
5537.28849717831,5741.852024727667,519.2554675390448,276.46687840752645
8591.840724157366,8600.681738221956,711.0342997125584,77.84883413296588
1147.864014250806,3010.849857622211,340.59235765595577,338.41385744674847
1374.4729847107933,6091.6132299158735,937.6614558613628,329.26003355791016
1907.8687790311083,4504.472970922674,1047.566965705227,156.27307023138033
9872.554278438563,3729.793293080016,720.2485887066022,179.63161861802467
6584.1350144408925,8226.90893757627,209.44889283814652,224.2727980277639
1375.885285144836,5244.843383640454,855.5218288220182,206.80092793939397
5418.1578917337,3000.4462300325276,1005.8746275665501,222.81289706417093
5195.852063756575,9627.442802900005,438.98863783919757,48.65154960097107
4067.569264326728,5845.220685620586,1136.122116364583,341.25815586466956
1384.1257059731713,4036.2279498990806,158.646119464211,175.13152185624045
4600.0856512774335,7617.279863865949,694.8020631640313,235.04252501638948
9809.320369065188,5466.584453627857,742.513259031306,210.70538207577016
8400.08408537577,1740.1924007398745,1114.3082918857722,158.82350314207198
8613.104145733134,9844.818021329982,1412.4216882722576,156.51105565523753
5254.491045741185,4237.415224124616,438.3588912450269,116.12062928676792
9957.480407644978,7592.863721720905,679.0580319682925,339.571588975377
9162.207909600656,9026.394629041395,70.60074182400557,165.52806790481455
8762.370110815496,8603.533406983948,742.2194766466647,244.69503369408807
6623.068319284763,9255.53955895795,729.1156516236766,51.96083180128108
3014.303493454778,5583.5767536896055,408.396891464856,88.61281495322976
6440.532371921264,6938.400400513361,911.9141172171642,354.3717675680325
8330.004144242084,2741.8375105445066,271.3761077856568,229.6062862800018
1686.3621561840637,7160.682781805543,97.42159632727808,171.96545962946232
8350.230918110985,9770.564192321195,1083.887132586992,26.49137378087412
3614.7597136103286,1581.3284986952672,847.628588937344,76.12326019741752
8531.045394482044,5555.5572018914245,1221.4797311266504,205.8414372161916
6091.545721598975,8289.051969457705,679.0026544707711,291.38678405636256
9809.329750512366,6206.592989120088,188.7269822483751,278.030378024046
2587.274715620425,2823.630672036001,1471.3184570424344,137.7154076672864
9720.256242743437,8095.81053552893,1256.2187046614713,33.99201966669089
9654.49591881503,5158.702177670036,484.1690395414088,38.37786540881083
4800.686266872102,7195.927979317237,317.2359186253338,140.52719551877422
6963.587062355325,1216.5897653888644,801.3875062804022,190.03678326956393
4564.981853048996,8586.240499378697,55.58750826037478,285.1943207134077
6384.691455025235,6524.590416718633,1061.2968851620014,75.19881923850541
4666.82775697867,8247.8078775236,497.49403666863856,231.2394152859852
3957.7838496762424,4891.786841641718,1346.3213763022065,348.99465005457614
7863.47669742609,2252.2978713835705,613.3651823374701,140.5839978588021
6877.114554622898,7909.160851855165,1464.2352798543645,321.9035746786916
4401.074479505071,3665.386143705797,607.628489724307,354.1463956789168
8095.772882074029,7243.373040195293,1251.5144326613868,92.6100171162888
8008.996837560197,2099.962916881039,773.5645055262296,170.16545766601544
2163.9049842011264,8768.441249923126,1090.11729605102,152.76930621410523
6043.598173481209,9948.57889029744,124.01217899105252,299.0830739826444
6182.394008668032,9848.321021600159,11.275919578157382,32.269176896657925
1987.9629343868219,6180.7721843805475,792.624342649072,177.04117111050616
8837.879993951414,1104.0578961298684,860.1294575869146,77.36254865905117
2393.6875734314917,1462.7546373495984,994.134736619093,28.07007866861609
3738.974090661098,8376.996831029473,40.85999534402715,12.927014748052214
9336.373580755908,8916.783262143477,938.9945763609318,49.12582508305833
1839.4438520694002,8775.06987431552,476.47712683699035,278.6490406051692
6583.821503748121,7808.47925056409,199.6452734185141,174.51675372511943
6673.291498332819,9686.185543365558,821.8292202673586,43.89876245923756
1498.7925253064527,9604.117048440577,235.3350938817697,95.29532492027737
1281.7971489650824,3659.8036567007384,1460.705606030034,60.050533796090605
3753.671499735402,5617.843243824197,511.274765537586,177.84764750929793
7802.76662597614,7427.640491798467,991.6547154393917,240.56053573835888
4718.448108804059,9200.272600088017,744.393756039736,128.82209782486484
3730.653380385427,7367.183410436325,1076.9636084349327,72.99313635418096
7336.758327446327,2042.0049595688288,810.3472781570678,289.18235341976043
1641.5304536910653,3382.411207235796,549.5185971564828,163.49929660836574
7377.843114381918,2155.9042385106586,580.4580645394976,268.1768124813724
4009.505159598598,5070.297837605252,133.97191301671313,50.38085566200882
3109.1905269994622,6365.9192710893185,831.7507230867633,225.98328112788616
8604.875477217829,6519.843201814161,803.0935241880494,119.01341940958888
5642.034247393411,9072.465465512914,390.9369272937189,266.24192161115116
7889.725782927728,6123.2607689854285,1150.5980352007177,250.46534032841046
1817.052413074122,8388.03211818121,1455.0863490344789,93.10374767825155
4983.766603178581,5769.21696668402,342.7386258735409,204.1244097017042
5958.161157571603,8040.020661149543,552.0318596644339,297.98140452925315
2771.3770944340276,2707.222866906619,1123.3200883346053,269.8622325082824
8757.850032302858,2022.4953930224558,330.6913901110508,1.9141608701425796
2181.012333076143,1393.5260431992795,62.179635833151615,240.84609750571934
4673.881126253258,5959.941266617476,584.5009449834794,289.41007423766735
9945.505393675729,2605.1964321764394,987.5882559299182,156.8633806765025
2482.4398963455697,9161.508377084381,1154.2716356879125,273.142413860943
6843.7250056511075,2253.56091352585,419.823255909591,358.95107412071434
1549.4295248920405,6431.616120826156,238.4573461455278,255.93427717542443
4790.281548414776,8681.868692619979,1408.24772898864,348.7720401515185
8726.559103737265,1715.3324019103807,154.7279213407405,46.7442816426131
2290.6121649470433,7055.009613522812,759.3065911002755,154.06278177920206
1888.9871972665705,4421.015954068273,688.9041488591815,66.03969214869639
9705.02645069767,6837.8708650435265,166.5438242052341,64.5571998186553
4659.863485398727,2783.977807815648,789.603521553407,338.67664627204715
7389.42175552751,4320.118082411094,586.4825390198655,177.3766177688151
2703.21996538173,6919.711974723708,569.7071977634994,345.7554427669796
5265.573160209406,9823.181155328768,1212.7698183203217,232.30297442258097
8612.340891839767,7471.047010442765,719.6149332786918,146.04119624795956
9468.183978655094,4453.569655932955,116.9447163235766,275.310985110704
8135.503016585361,2379.4209332257165,949.5881712650184,325.37664320121195
4290.831720379692,5500.696338049921,168.63414745663053,325.9417832747857
3456.29173234888,2700.4769062337627,505.9233697571196,324.3824501090561
8743.410130319291,6398.9858026225,765.1267000559116,253.11404451732588
9756.324907283344,8822.712705881562,466.6497265678125,99.41620220046266
7065.879710794044,4432.448668255358,1192.2646701759545,279.74034601968265
4856.794411701763,4117.824264363586,937.675188140455,326.6163614866064
3456.187921926444,2094.0057003595894,654.8155991190453,167.16262779693173
6561.9220927267015,9510.122091129924,813.2707380715303,74.21082465613152
5220.34449389839,3178.0164008762167,1050.5573930278745,50.925950743481735
7790.144634735339,3605.026291083711,602.919419454356,105.11789329067052
1946.2824546315492,1661.1982411064537,1435.2754169748944,34.59323488843163
8773.093040534266,8488.525772375267,1327.1334395992828,65.15654225459434
2500.904278673217,6969.119388491766,555.4449424505669,307.63974178910547
7407.2773510961415,8021.992636099931,130.44282980232535,334.81487004894984
9669.531041205453,4161.682453812249,1436.4651193822976,152.90933580149684
5586.37599216194,6942.4832685871015,508.49035116905867,39.521592253342455
1257.5620970628859,8741.481352755532,1362.1976440384365,88.24753149990472
4634.334066017476,9946.391613045733,75.03387428195698,117.3604157287675
2557.103205687332,1627.0311075557775,1232.9627201749458,131.98802981729918
2180.7241616521687,4192.896833060589,1461.4997912661945,151.71788308672356
5612.319334298747,3703.7281455752714,692.2684382443518,180.28535362487622
3214.0271663249932,4567.804668608693,1127.443260501535,91.6700243308334
3445.10470963767,2415.7146521503373,827.1566253444597,48.579670910740255
5304.1474686642505,5735.9971216436525,1184.4689369088248,190.4685397504584
8919.838607359501,1664.6998135127908,340.6067369900038,297.9389653788139
2560.991105229399,5889.255005017898,1374.8208262228486,299.8131984795287
9934.892461316542,6082.074940205016,378.33206321867874,318.43429591486625
8801.33057682914,7351.863664061825,949.8730596980394,41.68523903320666
9398.684110988275,9120.912619009014,744.8139206183215,337.45156823150575
7614.540568893594,5458.368954094188,745.0282802249202,71.54450628366612
8422.821208987049,3599.8469132515115,591.6427313057139,31.32328411972792
5467.292377339788,6713.345147396308,962.0265132408497,186.88892822674666
7246.36298188861,1107.4010125130746,839.7567555249955,307.24750927105987
3176.4156243830917,5229.033101255232,307.8428809682766,293.5030615859322
9864.053002247292,9870.209328093588,152.28508004072833,163.81922068607622
3572.2730378519277,1787.4175775803924,59.91557296628721,324.09488759138225
2086.387323906186,1406.5065612483254,611.3444903920783,62.34791398228506
9864.67991219371,3758.29875690481,1281.0915104116184,79.61982641591867
2192.83164179658,9294.003996930935,822.9350387657176,138.77999780613808
9425.63051731929,3095.8365176748594,1216.474107210553,85.71317808386257
5801.1809595411705,2805.3440141275014,525.8112973000741,45.97123517755497
6913.964358762432,6616.081050331797,378.9600444469236,278.9780766581157
2869.956283331775,8593.822730625045,810.8483604112337,122.99736448732499
2163.5464354293335,9852.53244500684,953.060680616846,177.9664629381648
7679.661160388767,5617.476539598858,1325.5443308759218,87.35419296296855
4724.825860213092,2231.651727218541,166.5242560920437,325.3747097759536
9433.982367759812,5168.743447818726,1407.256475101192,67.701760677059
7727.65276502564,4394.396878337397,1169.3334691435418,227.84014231269296
2777.5022086783547,2213.258563285066,828.690537657428,15.461054307757214
6558.82287987163,8551.125726660619,636.9070561788999,29.912950246377054
8084.553720151721,9875.557985772979,482.57925903485835,31.25692130170071
3024.9156708488795,9091.699036340644,1224.8377960489004,173.16356082107313
9515.502244467976,4868.41886238949,1301.914951175131,153.63879219870805
9714.861760924407,1310.2063686639985,1323.7659102550372,253.4008334334046
3864.2939220864378,4132.775776768336,1459.2737085783572,108.39624687074713
4800.9754160501725,6906.005352615037,281.9791474598308,338.7920574192657
6954.389209769913,2909.2937745882173,220.57606165319817,18.005833234158985
8600.14799437509,3227.35415358367,935.4237957101265,250.85657800818953
8527.923048406976,1113.986859169603,106.27866863993445,220.6344491734012
1237.0108398638602,6055.218613906441,237.1467687916067,56.871728014823645
8867.052409030373,3404.241913221968,586.3886067681966,196.8326075333605
1136.5516410011714,5483.923143239611,1493.6126585515385,247.88030272656104
2156.6231961911935,7963.76044779939,1062.2644185497686,158.29045826697552
3773.5830088434896,7534.3797949268055,547.8829711321332,353.3281874466765
2658.7186015740253,3648.8164975669356,925.3349641021733,8.035389982571253
5203.789262696411,5914.820238448623,420.1710126167625,12.523531900751292
8576.30239683541,2102.060461995903,662.5090423148735,98.38663236438606
6066.44940019871,8124.792631290294,1204.1891354760387,106.6505169646114
6428.137734612455,7273.99055646233,1094.0983106513509,298.60206825031656
5397.523834054729,9396.282118761666,679.9423799035823,3.2921737495704955
7136.369782033563,6742.89418052991,141.98770553615753,234.31106972707965
3805.565836549307,7860.769689682966,898.8921746072848,53.00960271578629
5356.958556166469,1618.7661353390777,1363.773137664816,143.68811212429893
5554.8213697381225,4501.759965522816,1175.66078255111,153.1097427857363
6888.828071652713,7783.7003956105,743.6560346917723,308.3038225472512
8446.848837148287,5960.886471871549,260.7467405695925,41.34563257967613
7842.647162282528,9687.825917111306,146.254835721262,258.14671275906204
3841.9309163096977,1993.8914699966144,766.3927540646663,328.77280576012123
9206.83881476324,4581.318042777827,1421.6743705118022,324.54124532724296
5422.6602982070835,2320.201496726252,878.5875432665582,76.0607012713759
7084.952193009142,2129.2713770974315,242.1217805314235,1.1297485004297245
4345.315635203353,2884.848783841747,2.9387174288483813,344.36397506348203
3636.0306887430943,9227.447495440281,130.7565262978726,19.062271242810326
9535.029159120628,9904.853810945548,1292.7769700192318,195.84824891489794
1457.9240084663018,8938.68599487753,758.473863690793,265.6800527200545
5448.719688787836,7202.882106438226,179.89868393412465,121.03245272302257
8124.308628186776,8740.460689646665,694.6768545951523,308.45982132088375
9572.677233758443,8086.210029926667,1358.559253406193,345.96832260460707
7538.004362168297,3161.6250267661894,708.6152289080178,304.0985600200532
7325.38359886944,7628.517394863538,170.6787836967284,219.22776540219579
5683.22363127377,7689.794218907827,627.1165236663832,172.19793864956466
3022.7967211573423,7947.954189577307,1464.031226314158,332.05424795661514
6456.037220981269,2499.8752219421376,124.27816948583686,42.798021977003636
9554.841056066349,4537.376436980228,1034.4296355612576,166.44557518089735
7775.496038294306,7851.712593317831,271.8851710803458,302.8505398954873
2149.5363553628813,2966.93539826104,827.0404813689846,99.89925818015084
3389.493569839885,1176.9439779513843,443.96332352846315,235.1122293858177
9415.347658679193,3818.7885669740376,982.8420371384915,340.51742345635677
4474.290019526041,1311.1683830421803,1153.901763450319,318.6724564461121
5414.029122129449,3504.759976285143,328.1786632884352,20.563376018681133
5320.278209192005,4512.300455499054,969.2163866911701,131.38545276552114
5689.410375369134,2278.382307375588,1331.9570890517284,27.302602851690366
1809.0511763708391,4304.440898420184,555.8972087997869,86.56751544749217
4407.209199897978,4481.202896119934,1486.1219229126107,120.93936919358912
6283.822890216748,6000.106037575159,190.23788238888062,15.034793023875874
7252.429812585301,5513.734479644563,963.1082972213864,335.52212242643446
1354.2536377533181,8033.519739333449,1101.4809761597828,266.9669167594491
9169.759300791568,5229.543931695519,967.36874453532,224.80498361398364
3433.6387611891228,6051.280247025093,515.870404732488,226.48138498540322
2459.9313817580914,6181.015909322845,296.8460268188317,208.92805988019606
9923.974884540647,3121.9862594495708,115.64061115413433,115.987018488051
4878.55865332456,1688.0656177147632,1351.30192312101,63.58288834586246
9204.311420592774,5521.184703531678,991.9443622436804,138.9238828678181
9665.077390911965,8443.74324585055,11.509525733981247,325.7391252206071
5866.268198707514,2875.60392744622,247.3754165264942,166.10648855410037
7378.107569251902,6924.763050467907,193.87677588935256,75.3763215628601
1999.9603697539856,6252.811906505732,763.8038343141634,281.41864795668454
1816.4367731026125,5012.146235681981,1387.2898748067764,64.45448719197046
7994.521196611756,4591.102957645404,702.600390591107,26.576129823581724
6928.628244832709,9915.321473683793,105.58877689578087,42.370738512590094
4568.958454709842,1621.4097628116926,525.8277138864883,79.16165275834396
9833.126483068863,2264.773180090382,168.01305365125432,221.8671431027182
3066.633643232911,7095.797930697726,693.2775964913907,238.399217673648
6074.054464872677,1388.6282121596355,375.69321739994325,213.78118840067313
5287.897645214514,7543.00166146327,32.27609727960335,58.01037523441713
4657.7188568949605,5209.769417998951,171.58447173752526,142.11690705368832
3871.4891351824726,1527.0013887074056,151.83229699996573,222.06579425482113
7000.147003175138,7291.7322741534945,402.6726131950146,139.31934616269217
9807.242331771986,3910.4303910084673,584.6926494079597,64.64804947275798
2183.1686857007044,8212.231262947058,853.4175254155867,312.4749878666143
2217.7920309765404,2410.2558810431156,1320.7404785632343,49.58706017238224
3617.57523652878,8343.82676283214,508.2845891227271,16.9578648343086
1898.4807784241605,6790.942923899426,1416.614452299542,81.20200638783358
5797.581735473616,2434.24382742498,1031.3232788620467,146.50033450391018
1175.977896422231,6525.092984012331,1277.037128664047,101.11481691714671
3459.9859461819524,6186.156581145879,1178.3194669537213,158.07093351768344
2773.7448332781682,6467.735776645896,621.1422353591736,330.5825523762295
5115.003496970405,3938.942152311482,1018.7936369778349,332.16443940686554
8760.080673379347,3195.98994825486,1320.7151403274133,352.16216349655826
4761.335130781019,4558.768006787483,634.8848867427599,161.58592768410784
2269.7600968761203,3503.2761141079873,246.9483692871805,317.52398594288036
2555.0639933899074,3048.934311059972,1090.327541230925,86.32775905803445
1357.1245422724398,9488.155676984716,1345.2536303457546,286.32537393787794
8285.612178039146,1544.906515347623,1073.9978319479192,260.24193295208624
4797.770984505246,1155.4383320677111,784.0063200596585,238.01562024247
7349.376227317144,5483.273769057416,750.7329366741179,150.0768942939854
5595.14259780738,4843.352727347159,904.6183304743743,299.879459908823
6678.096540902187,6353.990592345337,870.624218880134,273.11670360309165
4588.424379435948,9600.482655146452,463.25123222514105,328.64297742020625
7051.355616456321,3785.342974616237,1340.2118464444761,185.69062180321086
4181.482590723854,7205.85222949438,884.0643657961529,113.61925064829727
6430.524487921062,8834.53410372564,559.03785989863,220.85263583142665
4086.8507043847612,8576.511118123366,389.4830717762539,262.616741572864
4538.453221708618,2378.8967208970116,1451.7533128806733,321.67635389098444
4569.197490141912,2325.9334325087057,873.6950615273598,71.67426034531388
7441.60484668601,6089.829294909375,24.739836735587197,239.26608766987317
9823.969150812316,7955.849944387891,1072.440093649193,15.359042311558234
1887.4275692323884,2720.8810734807353,540.3361409014716,304.43029765901014
5567.873793620993,4302.8889380067085,1042.9285599023071,143.25069894422612
5072.7097570197075,4988.210534853655,280.37048720846855,334.9227344233145
7539.702294961663,5394.742287724261,38.49912001681491,63.67239827996376
8767.207195101013,3997.0972252375027,136.60219420391687,23.129830252242627
9511.796458443501,4887.933658193062,1329.3371326023462,199.4003833062185
2797.5156114190195,2014.0126269552286,682.1114179877524,92.85696946675297
6587.172247636064,6496.685452401564,799.5779194751733,205.30038929606906
5124.900768691408,2692.203555401011,545.3401591669334,132.21295930230028
3179.0544929307193,8865.425446639887,289.68205038777023,221.07764869295326
7111.113310067995,9710.668636369079,37.897076985507134,191.3457939059845
7709.501290189974,2574.0992206704555,1485.03857130107,297.35478444150283
8820.975064001857,3454.124565828459,97.06422651815069,2.6008871618481466
5586.088785755772,3999.2602839911788,1349.6117598332062,113.04587697298251
9271.978955246997,4678.53982483131,1311.6587589033586,175.54930570616827
8534.201734291537,4064.0712800192987,971.1802934223643,220.683007085001
9358.793564345078,9228.146830602152,441.670586120191,304.69941949809925
4295.237559475226,9150.749783343057,350.9434128193449,182.85211745894176
4861.875085046548,6196.274634262087,770.4725889471651,344.38081400655864
8863.558443425547,2000.5935446564185,12.308875453660974,180.9147104000742
2386.7943877711195,4702.106275179582,892.4217957259992,135.81608372470538
8361.94661123208,6899.189769259079,416.7207936683639,3.6516690106455627
9386.896418080394,6176.655971317503,630.7874134569449,296.66073759868607
6415.679807203197,8956.207417844362,578.9539600268064,250.57556860460164
9278.773842047116,2185.845556451559,383.2396654722553,120.82413474977517
5049.859530975233,8502.912375284392,598.8492209403269,14.931799992074486
6281.609552864005,6757.8667738744725,30.100858524987586,337.13414046257327
1904.5777485081294,5951.222927367404,1353.2077680477025,282.6899437546415
9407.428834926308,7659.472989500361,451.16343643878207,358.5092096921425
2221.2012510548116,9501.703872554004,1277.6817533553997,355.19743902364394
1650.587483826835,7241.956868478396,237.91650454704447,147.44224435658364
7568.5269884427225,2356.2626165361507,938.244357199452,266.3472613183549
7969.133135598129,4607.452657665595,384.4519560046121,283.0675182580594
3162.828554202963,6641.896151332007,138.53569591899515,66.28357427484382
2906.4491455248562,8681.704889828909,1207.4338787507738,4.317879605699485
7318.374704287291,1252.6741745663317,1291.0116624521893,97.00649171474319
6604.4747633154575,7407.360072135374,641.869378958645,346.0266832669248
4668.059356691592,7767.096885988295,1229.3879465417879,46.6149266690256
3439.0429991433216,5720.885684141177,716.8413539951,278.8493083285738
8787.128820363858,1242.9576537336998,1365.3328112329943,80.00659953578132
1183.8587420354283,1674.3644694665104,603.4744344995285,78.6186153095086
6708.619728092736,5345.885925437253,1191.494950557497,220.80327874156086
6385.5967398739185,8571.120636412845,1073.4950146057563,72.86558492910953
9717.260045486775,9040.888608107027,1044.66335120262,197.14428726498724
6432.915226423829,2509.6358070052884,248.90245955871683,155.5133017113047
7318.333180679851,4698.994604024081,168.04265457926874,122.33184344761302
4025.4370042316814,3398.7186954127915,1431.5336751726304,345.1839951979167
5851.498198859543,1611.0360546913162,1355.0759745930068,287.5907849302201
2232.1856041607307,5028.803361528848,451.72519035682996,40.42653982435157
9489.563529233554,3944.5321843180104,105.90480832728826,304.62355008416296
8808.44428526279,3825.647577222582,560.0057718605813,224.6945822304901
8450.205336139139,4329.70934232374,1376.2075888823665,193.4721914211766
3555.253974742114,9951.365633315763,1225.9624430309896,67.71443249726758
5690.042623458677,2625.3124952369653,1277.6719506917957,253.0420111860614
3198.348424104877,3234.6146407648334,1226.478124044409,222.99167164482574
8436.611880058066,3886.0242088769173,389.3667617193494,152.4970384174124
6204.073875879554,2854.790329781349,1042.0887793070253,55.106757732422004
8691.658200312126,7679.29471074036,1138.2334019950763,300.1908879778696
7919.260101317506,1405.9077629870012,1065.3456041154272,210.90757567309416
8267.692433377477,6468.078508537637,1113.7413594595773,155.90844183982864
6623.978270877758,3436.230526319963,360.0410580523946,265.15015519251585
5072.487011180549,6270.324524811778,512.2617237644674,271.8859993561593
1663.9666039359872,6704.1498153062375,649.7234412880822,302.07343549490156
4247.609001836916,2737.1667059977854,552.5653436541917,127.28590657698844
2592.570530340742,2247.0158139260934,1011.2347192220061,244.61233774482432
1179.1865083180603,6148.096206983144,316.4171182880238,246.8829660603408
7361.190003311332,1657.6259157059228,1496.6660990199236,351.4154577097176
8243.935888213418,2675.1123248470985,1011.2926909132145,311.2826175912443
9689.203389436108,4338.560770136033,131.69462019977067,73.97023899635883
9948.689084732898,4917.798113321573,533.3195773454727,287.3403469736189
4130.910963739358,1849.5893847402021,860.3965355348867,138.64300340743225
3299.669710441796,6668.246791936005,1190.8357310742556,243.90224003528328
3619.0363865468685,5529.431083043663,213.8470544693536,108.28964868733763
5490.653303267034,3921.7170129598007,767.6022190036816,87.12150115344994
2483.593951272771,3625.9354570947653,70.84318515628617,139.01572388206984
7864.7696539326025,8049.066044978427,1119.5800195706756,110.15809883198872
5343.79874030875,9334.655401700544,466.5264137751927,251.37466086443422
2078.8621053625116,4110.7646718876385,521.3470073066574,304.23169092541127
1501.8897300975618,2940.945477503112,826.7417606783933,309.54267680112946
3776.0511148932605,8166.373198570346,86.25175135385648,353.22360703225615
3994.639832882626,3124.0240834630877,319.85099079764075,95.0334116889946
3323.4279489932737,5098.455834475277,21.545395962435276,21.41232469694868
9435.085373279842,9932.36033829202,68.93138889053151,204.52544948690172
3855.4876860411086,2077.5413533156075,1304.606065506211,148.34456737658476
9899.252204990427,7908.11297363535,921.5605017505559,98.68148123947795
5152.696340225581,5299.923226686285,928.3137128474228,264.51285169091744
4172.839747018895,1649.4731284397417,572.0790644836902,110.09352522100417
3068.7207569753236,2402.540969653385,473.63093910532086,177.08559568662147
1351.670833237716,4452.520716422419,530.2334258627608,101.02500600318132
8421.547617666094,2974.2513625135334,920.3252596545119,15.027265050067184
1586.452112595272,8828.261707451868,1397.0463196033922,27.298329904485826
6522.80812714339,8047.50324851841,213.8200825091543,182.01021782571755
7792.635960828061,8850.943304727512,668.9162831968899,16.528886051663967
7776.870691875407,3053.335362143213,348.43431547011573,92.43947476031296
6365.072264168353,5632.931469689669,68.67785668852918,16.602546998857495
2609.7535780720714,9751.86129460656,824.0284358284803,30.524600021462287
5141.982859182913,7621.018281842612,407.26006530448683,111.42065722543255
7330.626374150531,7530.772695324818,218.51347727307365,153.78465388637503
9557.51663015317,7589.8296280666145,811.1457962250774,320.46802701643753
9898.37276707026,6540.3807317867095,1256.6536805176888,152.75039994342131
2452.7384109610352,3487.2431230870025,71.10827956461864,137.79400270298657
8685.882379727766,3803.623728398674,372.81101540468546,299.59771543406015
2361.9961203155,8474.654346037581,324.3352564183542,120.50252113695295
1100.6014754134267,5992.90945331281,165.72136204670312,357.2231863537161
7459.794293172881,5063.165987211137,807.8720057008645,122.67735364456705
9314.731936510389,1463.3227861503597,1273.3317049717023,199.22001407019863
3611.5958185704167,2173.357709891677,1098.2839252123035,308.82783171535556
9673.343241638746,2061.357704309378,1080.716555290939,196.68567029488554
5475.855052935433,6954.324109507448,527.5320186491747,63.31402529870969
6683.658368876644,2963.5355409351623,633.1424254879839,161.92798809078948
1820.918136170796,5691.869314641002,747.3332313908364,33.19280268146219
2372.2436724671593,9136.855965181461,386.3139929838949,65.82400042016901
6206.2716396351025,2403.4667244449574,115.16118994925074,222.67018272157222
3250.7140066931884,8561.308490151761,1299.9352782757758,309.59465133371583
3072.467040432518,7626.036666494278,1191.9163243323953,224.97954932219497
5999.589251349267,9347.947421517454,120.44721392275527,200.01744554685112
6728.671283034953,3321.384982007453,1139.7828658852727,254.7255090992241
9012.92360386502,4005.7287372808505,770.3222483155259,184.30830385196356
2445.8699900455495,8746.463540359024,1474.5094735941161,290.0008445230279
4981.220656018124,8660.915011640805,1272.857403103975,67.04868003106601
4315.595865785168,5110.684359758889,972.5341675358704,24.76503300098344
7706.05114724429,1650.5395494748982,229.45787694012276,213.2333592995473
7816.030306023928,5293.368866959002,651.1846057137287,110.72950255518697
5389.628709020287,1624.1561285856292,30.950981006832826,111.49337715411819
4843.368534661742,8548.845587660478,1006.664848368558,32.62349418899312
1761.4088309719707,7439.7577234205,602.3598082906418,317.67148179921054
7367.3072725755765,8352.12597184523,1039.4291680172767,252.72046482062294
4684.239766800883,7750.603668852505,178.814932941605,145.2993908411741
2385.622256347334,7536.313524494348,521.8682633337926,170.9141306958626
8355.171310737245,3933.3880733736064,1084.726044451532,8.089061421410824
1900.1676740571243,2188.47534194484,312.08611675308856,266.6351551440583
5702.413378380913,5074.572040373001,578.74428155361,8.76050715243535
7283.595243400844,3039.9005168813273,1241.9154568606443,159.84918544213954
2087.65316560037,7650.2061623624895,905.05331262509,351.9620204726324
8893.473014907868,5343.618998228822,111.10424220533082,187.60596362339788
2543.4078752789655,5072.597591979746,616.481216140065,285.95267498696
6713.438706292397,6872.137085786481,1148.3071722761933,264.71041982990437
6417.1592495451,4880.416865161838,726.727428448277,58.97797612724736
4644.199981992069,8148.895599854829,1037.6882531466938,315.856181511204
7327.579533550376,8993.049060980618,1209.1050121015767,96.5190237217289
1664.4776692240775,2897.1963170116824,1248.433188169097,176.92294958039938
3846.22960226367,5146.639139979503,651.2231074695275,164.7012429770369
4526.942369966669,9340.345901054743,1082.4840071161423,62.52704159298135
1401.1440058179235,7185.948919097156,1487.882536764827,11.977015330241601
6785.7084171475235,6784.598345583251,770.6214460195017,158.57901057625563
6764.21286012819,4107.490673754806,636.4956016202332,311.0030502939209
2569.2295506273204,8268.893824620834,1289.3205760386618,189.36742065311395
9906.250692116479,3024.112465319273,1453.5699995544826,215.83844422801366
7181.251783571484,6735.439820710018,881.4783621299688,332.8539211717517
9987.240219838934,7882.8447786122915,833.6745382183599,232.17165343236653
1228.0039794180673,6748.857993450721,35.37638622918839,220.12312797333672
4664.332748650053,2908.0493058077564,210.70808088032848,148.54019281926034
7708.107019023015,7219.779656212554,1309.6440485030282,311.40866413381144
4115.8640223959355,1573.7606219654035,1319.5873713136662,92.4326296493071
2237.2644653511934,8349.361047466584,333.48530639303743,139.2864052400921
8387.174566833637,4658.702054224938,487.25657947635904,25.60571301854401
7799.225134138489,4716.227271356314,62.59156934017274,168.10186340602175
5888.331719129501,7445.755079938601,516.7491623959686,42.22900351945525
2009.0807144237838,4990.755113819626,406.5671913208644,314.07395031004097
4616.92730236042,5414.791082858844,40.63001982907269,98.08980624019996
1477.0317629313874,2233.0754253363048,744.8395668010064,82.40984137965476
7991.101320609122,8399.12076251328,1462.825657300457,248.38565286121698
6325.463977776841,6808.731046736627,548.2273407177656,267.0887523603831
3618.9390967038776,1589.4924006653382,754.3003888319773,117.94581239366099
6915.8354290436155,7219.939342035358,1165.1818061597642,36.569487792939405
8416.365578098888,9743.98641281211,541.16600697281,88.85255769494754
1868.6500111226237,3685.8662489707485,957.7127457889053,296.63138989815906
6431.891490016647,4918.868074021561,1369.5747429729504,101.11251705715692
6009.255808725548,2476.222029624857,1351.176262310244,189.32156195947107
6515.290785495259,5769.562065480305,1264.8351960905368,105.86104654824878
2944.5010971967795,6661.546236479109,675.3824065459096,354.51043949571556
7450.525088995294,5633.303396478978,548.0793698175147,302.5244981677253
7432.523145891278,9672.922709908824,149.46690767954863,282.9346216106768
8237.091994948376,7588.49839546223,1373.3402450141396,355.21322513088865
2387.263340331859,9146.077260994116,95.93173491382026,230.9514590539376
1436.177331554185,6077.690067272462,671.620063275844,217.12856295747488
1682.150306118193,6977.738428630918,1308.4327647567036,276.8728580421799
3764.8765822415903,6473.870062812083,451.32508517664104,215.40360026487343
4440.373184989274,9721.491430615048,966.8303117557673,161.4659879242733
3810.730463013794,7297.65762923257,721.2753997563093,132.0176856101642
5190.535594532082,3114.931086039236,315.63186383064556,291.5770194694329
9540.038508584106,5725.802276024596,1463.289451865179,235.5749365347553
1432.6764278644093,6108.969346712404,770.0870865135257,158.2837223677952
5980.245395119429,3985.5485319008394,713.0759452720082,264.1756998841047
5120.801705906935,3803.3152744599274,184.8743413020996,107.28293588398404
4229.874819896083,1524.0130198791787,1223.9740662957427,52.230790231689475
6023.0350988451055,6502.660337140975,1150.693731636842,94.20144284601916
7812.898661532605,1301.4466485947728,660.949796633834,127.42063889811833
1886.8224752205865,5231.880757071824,258.78629863654237,324.4768781640698
8086.626107640908,1250.5768679787873,178.66285866489142,120.4055800648845
8434.273163625841,3027.305829498423,1367.8948169813941,155.2161447051953
1382.857127712313,4985.420959126855,245.991310893615,61.6724612783437
7156.004347973382,6264.809136970277,1400.1108906785153,31.728208288166524
2841.3692701939062,3075.553397674477,326.7269764571434,16.69955159751247
5159.080458911019,6533.565129018116,1215.2013427312525,251.45264486721769
8888.28492542162,6525.947615465209,1308.793506318002,77.73413798068468
6176.168972717252,8922.785127950483,619.1825753558122,127.30957986348267
1859.1793590363795,8936.346721889451,1455.8590328094406,186.47720217583165
9281.374009844283,7734.7761420779925,1043.4881175151122,350.5733972145575
8614.026634140551,6503.650626429344,1231.3297919886822,181.65143491313012
8048.420252898749,1201.3461456435264,667.6288758101282,243.244238133774
4324.195990191713,6637.438291800105,982.3776324574263,300.7600299809126
8704.138550778029,6318.891747022145,1230.7061359856182,276.8193797476169
5192.434983392295,5171.119488997509,1210.6629533372875,143.75707328509273
2532.4210813560844,3996.570415854738,1373.7001946076666,200.53018707184717
9790.649452624373,4881.802861245419,1091.1949461364732,330.4820917585975
6690.069718131677,3706.520890494417,1358.3281892703037,128.3829408176278
9905.939091645834,3489.1816615748808,546.0713535273617,120.0131048894675
3470.2141576833747,5974.287483961466,1104.8793387844657,130.3938929192393
9329.42985063663,9251.163210369397,769.4007508553195,193.73080845172063
4116.4123628356365,7358.471445904283,755.9536231147382,102.14291503383795
6631.188181748004,1795.97265803016,89.02647838019604,261.9950708922423
5834.651391131421,5414.430925728955,1462.400238643656,273.09239442540195
6873.1799487007565,4059.731558066755,32.99963816336191,230.76300671315525
2423.2953047593182,6397.004071438924,822.654787467436,82.78260106663294
3804.2694506315047,8005.875058857031,350.43570270190554,162.75224742110188
7998.693642555748,2736.942825139602,622.1513153253841,171.96136690265294
1243.3217214803535,3653.2773473118746,798.6134093672256,257.98298512547825
4469.777676638051,9284.539283259182,957.6598664219811,209.77626166069317
5952.008550995531,4648.992840358407,1.0515886482409238,187.5241737913047
2245.7656985813696,7569.972634220412,1292.0360056332581,325.94625237184977
6663.17850868525,1741.6361739188112,542.183586087274,139.69278188839561
1302.9420942790011,3769.470496335397,371.4727145769298,114.99952131386769
1591.4776803072482,6326.010236640641,105.39111265326504,4.884159616727743
9553.270499715758,9884.3172754339,438.3138398858173,73.94041537533163
4189.986331667128,5157.275509178861,487.19866052450567,237.26705049392362
6489.963833981534,6516.93147219827,189.6888621680561,74.13638869647666
8807.51391496466,1115.6396655939943,194.2687971355903,195.45813239912044
2195.679659432415,2917.2154180845346,279.30498000911103,217.91378221626215
7650.3526251628255,5022.297254444187,458.4506906579788,207.92143219198607
7625.024923314087,8992.755133029983,1105.17840454216,158.29642607666142
7144.429218582565,5799.370748338201,218.51390851871898,130.20053661138317
8473.327230218123,7981.300802391642,1469.604192015779,266.8287823527768
4280.749730544637,5455.696183920311,1338.6033366744482,316.8725775083588
4361.883822482801,3155.9512774739646,544.648372751999,53.76637211778496
6040.199321038981,8801.0182617246,1227.8088807231786,90.51008321195754
9114.142423605004,1726.6007220238198,825.2907188642216,356.42638337545424
8600.177178178254,9954.194097009275,324.045781778935,215.4931413329081
2202.1317851772856,7461.640628472441,579.5902473672122,172.99152607800033
4424.765356966444,4380.669945092216,1293.768735649341,67.87983577236602
8418.3857846755,6082.527580320761,935.943520957521,47.630477835344294
1168.6238531513718,2611.0687662469677,845.6971566971396,329.79338783590674
8238.338487958834,9176.080356123177,23.021450213609207,83.34760952844012
2877.7900721861597,1138.2166203567194,1484.8928351234001,326.82719664526337
8336.303651515384,4225.171177880953,632.6911433552267,68.19105942791111
3492.7609868981704,2926.947974254079,418.50718502108066,358.75690117406333
2949.7844723472044,9185.057371667597,1380.608051891566,13.384011260490974
7032.354309906303,9224.95934135321,253.43798639275883,142.10673190938206
5703.01361730691,3585.7121659697227,347.52117584672175,280.2202271134464
1935.5024068259772,9743.655596570195,775.6843684403849,95.86039521901424
1880.9351410629142,1744.596663620284,768.5839153284354,200.56425993285023
5033.3020661518585,7741.616280290004,927.0554989513524,80.05241527599843
2875.1740945748315,3513.2136766398003,79.3246444381067,204.56208925241398
3746.453558135418,3750.7819080967424,1117.9093294437405,93.24210105377841
9768.092310379281,1944.4739322831758,657.1696474415807,272.38566127259315
6046.392240722564,9464.540242676896,398.7364186189538,100.39508404413614
9940.424918495299,7485.710956175296,250.3638301967875,195.0770270530471
7918.597553118273,7945.210306252914,1004.3835031896821,256.95750235635415
4983.156282361315,2178.505946887928,1372.2949580482602,145.29664131589973
7433.621445630453,8230.501355954184,474.27702514050446,21.22164817395376
2966.2800779297604,9803.263326060509,1073.3864709772174,130.84718717236197
1302.724199444216,7115.1085339746105,1244.3879091467763,58.165814875711156
3528.0212251930916,5053.268601979533,1081.4610894512894,344.5081490533977
1238.2790476910473,8601.412511003966,98.70890975347561,271.2600451270533
3192.778135625712,2286.8196140997525,1291.100566062158,240.89275168039214
6098.293336607154,6270.94622907352,1207.1733045062388,234.70082835544974
8509.250033851731,4447.096587724408,1331.6884051698487,11.792331092746798
5960.550440665223,2676.471106255257,875.4555494704526,108.60231165579349
1827.939847353191,4909.352511914917,481.92212298177407,154.61861420951504
8025.138982354003,7817.893483955947,396.94228558194817,169.4537996822792
9045.257561191145,6225.757465995804,1168.7578500064462,173.5404419899334
8946.526298029596,3355.9195361992015,1067.5066431290365,347.8288333663485
9440.712269180041,5567.054228599476,1199.4766998765808,328.6503988192654
6930.068455246125,6560.860280593697,119.6169740808259,99.9580796431407
9985.837257758227,9336.890421240238,19.106160399829562,281.02911090864126
8390.207842453317,1243.9329979166314,1208.4972457212875,265.7624391254605
7931.4736836818165,3218.761365803526,1282.8185432356443,219.98392003846985
8569.94216098289,2132.7910741782002,516.7046784352,306.401845412562
4304.503845704748,4910.487470487469,1427.526220155639,87.78540768633925
3671.4788656261435,9721.951386875473,1436.852867869012,68.73196442020158
1505.433593670457,3326.604620467503,348.58655718590256,243.33542978037025
7676.30391150836,9103.901999992422,1099.367473247623,254.62700568683772
4201.411029662189,4894.496214107243,357.7370216975998,61.20844602125026
6219.213630699668,5204.881881881539,1294.2736896902297,260.8504914461184
4212.49720075013,9536.625779256598,1131.4372405643016,321.16903883762905
6352.480778063861,7889.084373000739,1108.2906478785037,230.21101665729682
4091.9955481562033,5269.152086918527,1129.7457963656434,50.22680397457022
2540.720588789087,3716.428712164214,363.58874688254514,38.602177498588034
2198.011280598902,6736.450687261635,855.6579276558857,138.75671337506628
9416.55093191618,7264.528053622655,206.0053338722643,166.18678122015933
4275.252583926087,3609.296126263504,512.8559201423222,95.43553067973183
6352.157337546898,9669.14405872621,426.1904853778704,335.73880687213807
8652.473598619166,6038.180934205812,1472.541840746292,337.65596881508725
5839.487930641463,9284.406030093904,1238.9612731712768,36.70463740190548
6994.741334059311,8386.952860176483,670.9697715013631,47.583405059901295
8716.132722624741,3315.458478945315,916.9170657852155,98.48035675323726
2872.105369488364,3273.5631646233346,1240.9461061118598,97.09965769075798
1800.2635049770224,4284.031361740356,1481.4654773597126,293.07818907817665
5858.260570431759,2819.4790034334173,1193.5293317808412,204.3284777045631
7012.362825995121,8491.858368571895,615.8916856177999,185.5687504974431
3953.283805203439,4361.832409270313,1021.8012504589075,184.77824620509767
8197.015335634467,8848.450703385191,500.8646867231058,131.53115062136752
3214.9510795748433,3376.9534117112344,1415.8624059874544,70.04908737700224
1737.30661681933,2804.256764323249,1431.578494898144,275.16154312215974
3447.3244149720326,7839.470351975242,1092.360847434177,211.10618776819777
6361.958321393873,3378.3523701780273,615.0049962418959,332.0222115661678
6501.800145029654,5615.502328181736,680.8058967472061,187.40486457433647
5614.690424374998,7235.126342652715,573.4852723323218,183.11256165227567
9471.359762644695,5657.307866683779,144.6936816145436,23.723855227802815
5587.694232214828,1653.5016157630096,1043.0250884154195,204.82442923919984
8086.886721142467,1851.5363937938641,849.6215747722262,24.980566202716552
4504.000912103954,4198.770963748324,1085.8716528780824,269.4749941930823
9578.446216817963,8486.336064942763,1258.2106806991637,167.2793661933853
6953.690228997607,6473.478664698274,580.0917787855449,258.1428859196882
9753.087929011826,3317.9613181090194,36.012308965055226,132.96352269958692
6013.543008683351,9199.620009566044,1437.2592104488936,120.67144859648315
3503.2993203200717,1828.9974405285843,682.599509400476,232.43334086481104
3571.5481725689797,6274.86689599689,993.1095234657225,257.8652152219281
9244.242420768824,4686.89392840696,558.7451392276532,242.7871427131776
8451.626797506142,1443.1722591350588,912.4411561539708,108.9077356435071
8785.237361942054,6154.253677381429,1338.919184299803,143.60000089885372
6891.769355970081,9164.632369849036,926.3812417620502,247.0882753535972
8421.463089624056,4538.348531231715,1475.3177839656378,340.58375200939054
1327.4358891756915,8631.485302702353,1055.0184176216474,214.3634110200535
4089.1962383794507,6024.620755456302,1364.725030980316,54.84972141808129
9746.320632920031,1142.5871322249077,30.171036381379484,233.70920682064624
3185.946778806552,7918.029517391247,1410.5354867645844,94.59346632988627
8214.8013637378,7864.908758585933,1020.5711463324927,320.4254701597532
6910.6651236044345,4427.195069037452,296.20937002247666,149.42587641662962
2520.7221857014088,6327.125856442954,26.57974850203332,210.5242042935606
4117.227397219447,5872.604387599512,49.18392346834077,151.9295345084261
7573.6102261077785,1134.6658428399871,351.8659741248778,188.2047393115043
4623.0431219394795,6491.193347321557,1014.350093457785,123.80864340349052
9518.127719468712,6656.956243437975,1433.613262546865,337.9791629657531
6942.401031004295,9144.15839701786,169.87517080968226,77.46251541615342
3097.3522501121133,6435.524472704037,1041.966201076873,295.62176359581815
8034.314806183481,2324.5124169677183,1152.5448693533606,208.3047822533624
8826.343138689843,6767.621125487178,303.56845762006554,72.65626145601796
1366.5174773159476,6215.2053527062835,548.7639755786183,227.45546585633272
8847.645016113453,9093.087259932698,397.0626629768897,177.75304745822507
7990.448682176001,9951.643956397107,409.8084184178439,152.2196642802342
9754.466684942578,5100.210433127855,157.93969536851785,177.81733260459475
4439.726048123723,5174.448141818471,580.4642225358717,81.18564567277586
1536.5562742052416,5271.236445956876,419.69517038331855,218.65747717224016
2368.4722780547654,4847.532117463788,474.9663638343466,336.0072610036449
9493.616596658429,1537.6626881463023,514.21095349813,225.19576892114117
3005.103714806142,6379.286383466087,515.4247826396315,332.33546372576365
7893.978546873164,5929.918954601831,843.3761260389145,141.2485287487556
7120.712646122973,3223.155377889531,802.4466965465083,81.48464092135957
1175.8792816549956,1958.3245300491867,239.29646556703202,290.54919488852414
7558.642851582696,6492.37037281441,958.8358365344881,325.46187659122063
1122.5886699619277,3957.636577623167,238.20809459282918,123.05045537240284
7733.156282284222,3337.8856562343267,1456.543207578787,96.62680078336601
1563.4134394504126,1238.0343584845177,1271.3208771671877,249.4269155352054
9938.65347416211,3827.3066468838556,328.38665936139535,104.76220054851609
3541.559212218317,3230.7534758483557,264.1170332447083,58.74988739503493
7240.680199989854,7535.721949705391,1399.420194831445,34.12818404926426
7828.886813203853,8521.48231834626,717.3466653461095,282.58271691774166
2894.9619063282253,9703.49249385017,1324.0099506681377,309.9088060558107
5691.458409828227,9792.55315681996,1137.3987439390316,107.90883342641564
8709.800527362437,8618.714821813775,875.3679316315606,328.6099810360296
3639.0042605453455,1592.6105830119225,934.7131130351634,137.62989310161
8989.432330967715,9569.513419215502,691.3328879873363,51.820040703893035
5487.6723411329995,3007.725230251357,740.3038992830784,36.811197136618944
3924.9499484564435,9237.252408233193,1023.6370818905119,320.20002647349946
7276.564770182764,1503.3445761353705,440.48781628142933,217.86022068550608
5726.01316531136,8500.856034713055,392.9660316305571,229.65092475591987
1615.6508320552148,8248.827050682139,1434.4285439034893,348.02195160174045
6596.088427193084,3358.950615189992,404.68187166348423,15.752322835914345
1869.2663129907114,8209.513884900567,921.5678544496027,36.31127524106119
7445.732594682595,5413.5752568777225,144.89668729047662,266.80487621391944
6481.572639752863,4086.2284819001393,1168.9562123709532,72.05540923718834
9489.78126885052,7321.8428770778755,634.6259773460251,19.97116634871258
6724.467822579506,7238.78738747054,606.1130200277279,197.31502467085667
5126.029662654149,1672.8184899377934,928.9038915723826,283.53213330617126
2325.282327522472,6655.39256856322,219.29469995797203,317.2396401919001
4847.143601185317,4285.114212671942,435.79501340165746,275.2140751176949
5560.080305580781,2088.457487171002,826.2362836619773,318.8736399126377
5055.742122487807,5398.167059779552,968.8709348663284,266.2267483166369
8627.003336295931,9522.880373510601,1380.0197777072292,253.94151988390766
8904.244336901573,9165.868655580885,784.3208712363819,38.36502025396412
2902.237904246401,2639.5746255434533,1476.8334055518078,289.08359459566645
3657.8529130962943,6422.668265595249,294.45323662239014,36.89176855326798
7608.092791491167,4620.433076019496,142.3253404849936,3.8038880983682937
3508.8186596454684,4708.06106824075,1055.9910277118272,157.8741468858394
7799.104699572913,2293.641070062195,430.41171661512385,40.59790197685237
3014.508393996501,7434.975721848504,972.1281204842176,42.532615944245755
8875.155147103356,8707.461104089309,41.993715973729195,191.3015841092244
6673.696530220568,7379.439566105851,439.7978552474342,194.40039768970334
7583.000732564647,6031.834957525583,395.23038023760915,243.66622991421482
2945.905776890815,3223.6359802314746,124.95009138712086,103.31442270509183
9108.129044437252,9836.521041681808,935.5620387297981,287.82354321084136
2697.4288092303896,5396.180057094988,191.58905257532703,75.5442904204606
7007.678977946932,3979.7402514428163,330.5938113944116,340.6302004437159
9229.522262605766,6178.752723445005,717.8809202067583,269.37483821559243
4295.67109147454,8482.845259906604,415.95523166918355,42.56903846734214
9508.051285384716,4370.51776088115,1070.328464279226,135.38518710924967
4285.267195691378,7865.255264221889,764.9928551741134,217.50331058221107
6518.073472662385,2669.22254169003,1249.4151080836389,108.28546816072604
2701.9859157816913,5380.048300918037,1463.0133233836375,337.654509431207
3488.425588309224,3514.8977766668677,3.270461014728396,312.3947152573428
1917.2915477659265,4998.0021019383385,609.6580936959191,154.3964276144425
2065.776286585562,8433.601427443085,529.5989399645663,161.92746599199327
7319.138887222779,9041.318441277543,1299.4417565300002,256.9032870072374
1314.7635562389876,2157.5938811312635,411.0346404300495,255.2395493469754
9669.967284713584,5346.607919134538,1171.9763243644197,293.4312556840138
3660.1762777217386,2126.205344660045,169.6198325677531,197.04361106471308
5674.762894287212,9918.81061492209,1229.440851550223,151.426106889646
3073.273457398932,9132.680154434285,1414.5843912160676,236.89216052811815
4273.870621193972,7572.472635343148,1343.2674852467253,355.9505842268589
7879.182884599,8510.399874934561,1080.1012323457642,6.333103252071047
4578.959375199428,6713.535614842783,1420.10453974412,159.64109888825294
1846.7565000555342,8517.331161707625,1410.2784299489979,138.8768281656369
1581.1050566053864,5870.2971940697835,851.0881961937567,223.432755932189
1402.2165727987356,6133.716771319372,1022.569065920167,154.35309207773324
6621.217290555353,4154.652040249183,560.1793923936284,250.00634556301955
4043.9217766349057,7936.050965892964,124.08252366472051,27.522814632570167
1132.9658832119155,6040.220924680183,553.3264739149315,135.298848875858
9069.022912078919,6317.603995032189,404.0244464052806,191.86009550000543
9111.21740958318,1868.4993390894792,924.4329033580226,58.615294892096415
1591.5069635787572,2639.6636896962555,787.9093089286225,8.378068789823256
1795.5203137995372,6852.2165701778395,1192.2350652091548,270.1909022606663
1736.5808098521293,5715.688933781767,1480.9641560144225,203.86738724554945
3588.690050862919,5698.105400791357,596.7576194454027,358.04306582499464
3621.833387011181,7038.811912350948,443.50465076389315,274.8527636952626
2570.436790358778,6566.993572486011,347.44990660633465,5.641349670235364
9030.047120346666,9944.70050190635,774.4057929412069,185.86661000010596
5359.6148506080335,8598.414874921258,1183.0128159317712,353.5291528293786
5009.015469646273,1446.6127227260686,343.8229367443247,6.434320114980039
1778.8972619167669,5008.601320391734,794.9500529665365,334.7354160067909
2863.902894871081,4089.655349047034,544.8277693628315,192.98325478823793
5953.520145710087,3281.860064443391,334.7967882378369,284.42248141589823
9246.419156685422,9579.825586220642,725.5567536422601,267.8678657079967
7382.352012361289,5224.049070028695,1400.7750192963376,154.01840929246555
2472.007660106209,4646.532382607978,922.0283534177123,68.54576942194234
3782.7428595189976,3129.250126038616,1188.290575028091,134.92419335537878
9630.755835900209,1406.5798112946259,566.5784454268804,117.09440186296759
9578.064930896688,2189.509123008107,904.9635330018932,241.91883354746645
6681.9181111209255,9844.20917230492,1183.1023413627975,189.21791059040928
3778.890964606257,5729.5004231105295,697.2524376075053,163.76522605812383
1283.919848212533,7353.784098368562,1370.498472273527,284.6551991428302
3772.758171129481,5087.832791692392,805.3825245678574,275.63474916130644
8650.318914164909,8931.331194805438,285.6307085242123,85.08479505458978
5225.49950327379,6392.927295036094,10.99814503671606,27.770436674428602
1849.43077971061,8824.790602838711,1428.9258298530178,221.4818277383944
5737.883629126016,7260.524077297474,227.91089210290437,323.0961473867405
5508.493937137154,8027.5724999084105,277.12181068867636,218.9264943563018
2246.1988345581385,3684.205567027369,16.311778936597666,322.6481285038107
1886.6508536475649,3518.7444880215116,1462.9618724904012,280.402814590391
3460.3310244771833,4022.797610514277,1312.956186548716,235.97798252754808
8711.50333400115,2895.9541877388433,1036.2644639772843,344.00128514551915
5145.297158837098,4904.684888341475,1323.4335636297278,108.57452271291314
8721.870204970628,1538.9035138042843,730.7140602655696,287.8301548838353
6528.034064058719,9363.894188506181,1096.5947530999229,77.55382511489016
5684.668710984815,8206.510669082809,1115.3339630463668,257.8300624903948
9499.755902003377,8199.872008194741,1006.7734287660649,250.27395238671758
3205.62994072006,3500.3168420790857,950.5261321393691,206.42930573462607
3492.46727886309,8220.897105917753,3.6902021375897025,66.9978012678115
6887.458374982415,4252.218168024713,430.5024740751932,271.4873910970185
5974.177688871913,8831.453002551789,448.5278751294358,44.27688723859495
6200.675955849601,7978.681495921223,1359.677394796391,177.62339376847413
7939.432558473145,7292.97964177784,1208.2214938043735,324.05268445905307
7321.294806181011,4362.593125860405,1464.6164265912998,206.6154667312103
7420.793588080603,3291.6931111399826,405.30944482402634,107.07560146692914
2633.3655379371885,8825.740490474687,684.8170951073075,188.0605581811039
5025.6428449651,7512.5358979186885,1419.240348564381,117.24276049213617
4885.251712341266,4159.089648669122,365.0306413791175,172.79507261866152
8580.049278570708,7827.023207551038,700.6305462018895,177.5393114243334
5710.702789641821,1179.0491963528173,268.023349023594,312.0054689456933
9414.78567857935,4399.426820679053,1480.9670805721894,140.38797988988068
5097.725058855483,4351.784301704489,390.9382294552162,350.1742680402061
3953.6597592728835,9451.700699340574,1070.8414127178523,94.9745166614861
5303.891569724594,1950.1892177665725,537.1110728341388,343.2984056118703
4899.950308400707,3904.3162494087805,1268.4441545616653,82.7350383793427
3110.597079688585,8753.849219466487,1183.2727023757657,10.86902794043004
3330.873024779859,4990.098461482443,630.3304237028244,242.40524621836576
3670.4410775665947,6633.395478238395,1323.4121970525089,120.40827780211738
1716.4488107067536,3982.841811356429,973.859334669291,340.7409850886765
9323.69673446325,2046.4316422235684,625.3805885986393,90.20545109074202
8417.729230468061,7303.2475222059265,580.6535303445414,166.58609299743304
9151.017427206609,3911.897063925244,1195.7047424509326,317.8682529834487
7423.357846869261,9479.505267550463,55.58105718494446,149.6150147709404
5614.333648565702,6214.477636574099,775.3532295014669,343.65004659864667
5764.170397515017,7519.828703588753,451.70735537490634,142.8038737152022
1819.6754313169888,3926.0798037549557,1470.715306569223,204.23656266016084
2934.043031006181,8465.311220202213,234.37460452204672,123.15014719515617
8117.97126147349,2580.8559167681024,728.4750750572791,121.13489787677304
5075.9358349017575,6514.902631025363,783.5499474069061,70.11586334852214
6792.693977165812,8208.113585341522,398.3388125711701,61.97901015906739
3018.541854429111,3091.23951327433,1464.9899166031835,5.861243479838654
8326.130974218588,6527.070640209333,1124.0159616099372,99.60498311558553
1211.4953929733354,2702.08178040016,472.9675449238808,21.61628628353217
6960.390194838131,1785.1392788206858,670.1470537526731,96.50865645734952
4636.796477654989,1952.6274822623332,67.95768311392786,134.48269973841795
4971.379261387388,5083.455884737329,497.51216827694014,308.34445156448277
7254.013116748134,7331.182344860851,1443.4029690789114,310.1619560598653
5521.462736697597,8228.8771151921,946.110983443258,303.6116331705371
6433.20386493498,1270.2536430039752,242.67997051103964,240.10480266385588
4694.515913540989,2373.820822445589,861.328719648442,72.08226292739661
8528.029555195522,7241.483181508799,262.21052913608924,318.60829779758717
5832.424709032981,8866.499407832871,289.57432283295617,90.56115922543152
6543.179770980204,2126.184383153898,1013.4493316692161,271.6023700094754
7987.924590851374,7212.744388169865,1056.432617768457,118.86606395103402
9261.504716607249,2908.529398279456,1318.2774253411635,88.29294158686604
2285.1676210199785,1456.975489123909,203.7788518008231,300.2437459111326
7014.3250610628675,4467.151677675236,215.82345708950143,291.2170561645474
9863.192082513217,3426.2299858553156,1218.3944823713093,231.85409710637762
3258.365091453349,3427.029856521879,981.947972522076,210.92390471083505
7566.122656392074,8101.59589194911,116.13717838207283,167.0023541134327
2529.4254770717757,8739.681613675448,1469.7705767916257,108.04757947270832
6737.836770219038,8298.34257538617,57.70053002001458,178.8532420414638
9092.61713493927,8758.301721117135,895.8508495995717,245.76813361445593
1900.3669727029692,6195.403200590435,819.3658046607427,211.95542335922846
4536.029316056372,9802.868444359732,1477.7642889060623,292.33016503637475
5600.463470268915,8269.943025514476,1293.8228266185142,11.937956707192729
3539.1793902019945,9474.753580720011,1373.1609086306867,276.8926389766291
3216.098391975572,9505.772718471959,1008.8680095856616,129.2298235967795
5223.333862746348,4876.186956094926,1209.2153514366553,68.06408666509672
4870.066443527747,1946.7099297460293,482.00326860267546,98.90338998030232
8343.611619218209,5618.9393915682895,1336.9856955988228,355.5553542262546
6973.489212063228,2018.1119191316354,138.38065704678178,35.10348184548177
2623.449984928099,4970.868680813723,876.8283728542185,105.11310789547163
5171.270550852016,5083.358639486576,1371.7701024401129,267.7100302763973
5097.822222010762,1661.6852403754033,1321.700625081744,47.26514590449588
2525.1839218473197,8020.389491655364,465.4678427121854,250.67854718896533
7398.6934620660695,1181.1801729634792,575.8667879140062,1.431443933605625
5567.604259100829,3152.7243234032594,1226.9904270199017,137.5373962219134
2258.94010139051,1134.168731237159,96.80110797472001,351.1175998099122
7120.20928111606,7032.306256747931,1398.6624995539873,133.39288837856157
4770.444395087109,5191.312332089071,559.3466348160765,27.528605469858952
4620.853558722087,9213.306090166623,378.6327966654891,192.5710693405688
8731.1469792924,7068.401204677906,574.5071443793495,240.6507549751006
9607.958989731853,5905.984338195897,1311.899204594607,131.3037614429218
8018.299668796392,6677.256650302063,413.77037105930555,140.20725128629775
1694.2337750952647,4858.769968355721,1186.2645159138963,44.340920773967945
7019.665392294028,3136.213991706744,277.59699318110523,162.92989898643867
4512.494211210817,6410.146247638836,1449.8802243412295,44.27178587797108
2568.171311132117,7601.59221013658,1403.041117356827,175.01660460410727
7546.158151852134,4726.000319338393,71.66669180324138,100.01903160164922
6152.205122785071,8992.883088268798,1049.7734683199565,83.31060168342566
8269.877645024793,8273.637342427472,1019.8535139146154,293.0034931111272
4256.256751708257,6473.249615022514,630.4037170322088,335.5661002828147
3081.1195715874974,3177.410536925678,1166.3142163216776,298.18179009332596
8126.370176195717,4045.7135574653976,1322.9386415081688,247.70844017978797
5216.047483299107,1658.0521304356785,563.2339681147621,223.49929213760208
5033.749297135715,3059.944565659448,882.6663262868036,98.15684380021052
7996.743760516705,5825.22133938884,1368.7069539361682,191.43788119697692
6674.003790490553,5833.663681475404,992.3697231503426,112.74722647568532
2670.4987766274116,9843.403535574576,324.2215040389108,309.6039076013058
4422.589947955446,7860.374956690238,1098.213209496021,38.44996607539446
6367.864155379395,4323.777197860476,1067.0565497452772,5.606192081934456
5820.157096128263,2892.379844083327,845.5090729897838,77.10472196888921
8142.935230083033,6967.2728829159205,1410.8861711622806,24.783834518165353
5750.7096662853155,5596.525326545255,1166.2888134235652,55.9200602339053
1429.2370424608694,2680.924110131011,742.5049109945936,177.8466533296311
4755.219225526665,5967.822955094318,474.00969825832544,143.211737004267
3710.2168603077384,1792.7936920921338,1054.2591999122071,142.78618662705907
1763.5022330096795,8361.1891279652,1414.9099778145073,278.31958155197424
3934.7611913720916,1904.1721543320823,822.5389721964395,279.6597076123277
5167.954694666374,9975.775256957126,237.09579491213884,79.87189688188111
7862.541494214943,8837.969530971524,919.5960601056048,294.87777582955107
9240.25035732743,2446.674093313113,1000.7197446909024,203.0124651930404
6470.664430194517,7726.795415515016,366.6335218158745,21.273527053496906
7781.385714407583,3355.2173974162156,1134.7419674761718,196.0450982416869
4020.0356278441827,3077.0966310081953,28.88434703653923,133.31948109135564
7501.36256991845,2286.893751880887,1083.3943868291576,40.87473512649083
1716.7729362984346,5856.359392220426,1152.221841405844,144.53378063522803
7947.507408568788,3484.4020768541045,771.746208780202,229.4638501071397
9676.773410871616,3542.4074139651807,178.1462749822594,29.164734050923965
3909.840369889931,7765.428295471791,277.5923862732224,75.11252050266819
4635.6348898989345,8862.298825241382,1265.9468058038328,261.23135340628664
4188.180513505435,5900.073722166086,200.33087999036923,83.88671717447637
1809.3390193653977,1660.764109975055,481.57165439538414,195.985637569872
7588.758678822844,5475.206222817413,813.1710341084482,141.90830131242618
8953.0544874257,6822.628897261555,1079.0068040955075,347.0134587532871
9402.892260860055,3229.2780226389714,1369.7233885888916,283.60537319253655
3394.1913547907457,4722.082717122568,1288.4365457881227,359.91773635937733
6434.539842388234,1669.98301797842,1390.0525224077312,5.045830102495112
2336.5491763203354,2685.8501515625694,364.6468046330313,50.52105944315777
4307.0122410463655,1569.9454242040126,1399.6226663339114,45.14061816537329
2586.075475981031,9291.470807257341,846.9815254826681,40.14437323044567
3808.186830781016,6899.539606090517,1158.7263551948113,77.18401782813667
1606.2430176952525,4509.586584913395,1169.557875662182,185.72880863301813
7043.938899331148,5006.332663563695,405.5822616478453,237.8169740768296
7135.27404499192,8422.851528613975,228.49130943780884,34.475894849168206
4140.144355221035,5178.152756783671,651.1166349930611,148.48962808782903
9417.670690548028,6258.1304569574695,236.78095819780248,139.77960208373716
1726.3706862133304,7756.65424416891,1281.2841622597284,297.7974514510859
3112.0194308001605,8892.616941703001,325.7546570334832,324.56725553916584
8817.004400435319,3953.5951755123215,485.188193364229,44.320487842299144
4299.111847045233,6409.249259829208,1452.7913892688985,330.50462995120733
4040.816766375506,5345.743535727516,815.1824455839785,144.61863150654264
2834.1735262974885,8117.895874302407,848.9488179669803,57.10448506964318
2404.6146736442206,6883.17876608613,1152.3161696435263,15.458911906470185
5334.570199716962,9147.823862808138,660.269855344308,244.8252876704452
6858.662957258771,1133.254060848395,1372.8377226847956,36.60290695763854
2696.2223140179285,2196.4319785026,473.66329258203547,138.6461127102037
1598.7159620873626,9687.299667859768,843.3260325798631,320.1470440721705
5560.9710757966905,5311.47813274928,205.21866808621908,154.23196628934772
4470.572915791425,5861.747470062372,1458.53326115309,39.68600051440417
6329.3130632642615,5912.732778092833,538.4255643066384,100.81805761774433
4879.7981492255385,1676.5916437113128,299.15969114433744,269.0385693668067
9929.850210752356,1681.6686021270873,370.8707109852778,160.46206239409526
9363.65704691092,7057.000884454438,311.3747407705159,258.31386985705024
8018.374980617496,2558.0191181978553,1457.4122928857453,338.25166877193163
5562.898052397022,4918.859761574347,897.073319851304,79.07199957408973
8436.722618552392,3694.3760855007918,72.71106236173097,107.02799046124626
9191.319421506967,8847.479526260311,893.4831596021414,41.418274272844705
4554.351302698229,1398.863668192611,347.08374826345215,196.32132120555158
2883.004373782778,7801.717743326474,523.37686305086,236.5850296675784
9236.496997192815,7209.981973553897,697.5611841857337,288.2425450645386
7778.769422030208,6059.772294369937,407.4439027431105,136.8222642698999
8750.157934163453,4292.199855415451,679.7547423221152,221.30160698506754
7490.205287779244,1324.498620035576,1145.5895872872948,223.95469619365437
3891.8021695040447,7956.041911695845,553.4451996520136,236.42472387959666
1352.5366773678752,4173.641704827849,1309.0463932781754,99.77800922333998
8932.222775292306,9913.73964056158,1247.3705661786069,195.94159392033208
2467.0532202585755,6534.757519367776,1038.9443321248843,110.20273908804894
2989.032011370068,3345.350957429699,1367.5002743436282,224.48717119867374
8107.097291750327,1474.3558138329186,1230.46232653343,179.68437577146955
2770.4860375690605,7393.462113565135,1.5917624146046065,147.13750219350104
5592.820864665273,8727.414592359277,324.42431788576954,335.79726188102234
1193.266906712559,1863.9042225110775,12.98020482054327,63.461709862196514
8663.275307778651,2215.3772670383755,871.6634935707541,242.8383146745625
6539.605095367081,3466.445820446438,755.130196584778,329.1476704331511
8254.400661743628,9514.392283696661,737.8808680724447,126.61616198974647
5028.243055792598,8744.142313174792,1078.3357233764693,86.50063212891381
3033.4831161746447,2315.0023676032215,1499.749893530652,106.41427316418331
2381.1888304179956,7466.81114739883,68.01429096822285,172.9639883117894
5888.458890682204,6623.579898290757,788.7440443668055,27.714227216095335
7255.099111258115,6376.861046361781,449.58751724383654,340.5289370687273
8771.047547638325,2162.5848409037526,1416.8478960887091,308.4258998949911
4277.994169634316,2316.432582392646,1276.6349345740111,188.45648364228944
1642.038052010109,1310.1621260905454,130.48604859256645,95.44457780787582
6728.439048838349,9959.876922170115,1169.8244484924512,211.62751790565545
9988.09780382023,8996.590619186198,1115.5372144126254,218.67099740194382
3922.6572864082354,2888.5206242050103,1198.366601664561,206.62454990986598
6333.444233561851,9365.645856920406,184.90424503540623,228.63384448348262
5403.324456559771,3303.669036789797,375.6547985274109,148.03468498463806
8273.828236336622,3503.2924811449307,77.11738972107746,280.9399028636841
3968.5222253201937,9469.795380263562,1052.0506433065711,341.6502998061001
5566.293311225766,4682.157023906291,1168.7838980228223,26.560833597784764
7127.175587937406,3954.1171629841906,23.84747137141026,231.49809920729163
8727.314829905183,2549.138937720654,249.83526269941692,139.6164604563489
3936.861191332985,2332.0159388926677,673.0769143965871,105.83579523336546
6026.9287788201245,5263.101863794311,772.4929419972312,23.62098159133536
2555.7113793814706,3948.0376623601423,3.870200147525291,340.36262660229403
3456.424735646077,4395.443656100333,400.00410262339085,70.61036759122634
8542.624898339987,4044.8250459956253,1420.931272996973,30.685233242183774
2957.191045857804,4876.446890042469,912.9158305559869,178.47608610461913
2543.806904058267,6091.652595936552,1012.4261640844496,311.72977881426414
6392.638192121583,1280.8477416476105,490.7085125359919,53.40386707404319
3595.510095514711,5791.162132842533,711.2550429435585,303.8522174095195
2113.671371512194,4261.572093582185,291.03168280435364,18.62434269146776
7363.661618016599,6654.350806837253,403.434036349792,353.15021429313026
6658.242760313663,7873.3117445916,699.1762716035679,80.88971729342539
9226.839861807981,2308.219287244764,1169.0636148382655,85.17736899530453
4383.757014152541,7830.044686185696,1072.4876310490542,330.96022590274055
9309.91006125193,6205.413012957449,101.18954408297678,306.52324567511374
9661.517315099114,2345.529643145003,734.7062736104858,312.97439586448166
1938.5435834844525,9256.322816121583,887.0417958772434,174.0684582775707
4347.946221424023,8885.942815978799,299.711108574995,266.3365283867485
6756.154647680221,4926.749575939865,1193.1740055905211,11.041982063344198
6522.893783488886,4757.353309900697,409.54263591402673,241.18483614746273
4837.03955705932,8132.866351766951,488.99222062333837,305.1702833473005
8635.042124452073,7948.534151608963,1162.1522529442568,46.78877595316991
2559.967443059676,4213.238827540394,935.932399304018,283.82945575406916
6311.4724573634585,1660.2697402466265,397.02439713104053,226.62190095430194
1882.4365351098195,9671.636006190822,1348.7337224205266,92.24959571580656
9521.944231820024,8199.068909327889,1312.768969691648,192.42790211319465
1257.6427729568481,1472.9273923215192,403.8596435944285,240.6810418369887
2841.938018794757,5644.237405146683,1373.4808427960006,208.4333489272413
6967.307284093699,7287.6298679432475,1036.2666747875269,20.89671642713574
7702.3592114012645,3075.742597470086,492.5976530773674,266.43858182655237
3363.84733423086,7122.994993269125,1297.0355973960895,341.92862392994635
2085.705941723427,7729.707294457405,384.91828723000424,208.37175671424862
7034.517958905756,2779.361813014627,610.5111386349271,101.73509479972904
1877.356251305955,9061.174264518126,314.46317081716705,86.05491071835655
9047.570867878901,5559.237447345904,1127.9035216753748,325.247164370088
4840.141328152521,4290.69692116576,213.8038498600842,77.32773296859385
3196.1597663574407,4882.630162607206,318.7766641306331,99.30741017148799
8915.775088176451,4973.98159959837,1423.481232021298,198.3404952967748
5762.265572277763,9233.770820775791,262.93259876228797,335.3712177451005
6285.087909368223,7618.359158720814,961.1436271717361,321.3134541603779
7013.578815094639,4727.271444309956,18.499439427005587,97.3719215517078
1706.8849174085576,4836.93775453408,19.190977812961517,155.1993342236067
2655.039662195088,6775.736656232132,280.720164894366,211.71779222475578
3258.269352722299,2483.9223104398347,533.5491373256225,52.31667647996021
8083.993326363182,3356.0635954588583,227.2409968884503,56.429091807309014
7267.40036185476,7747.167880347664,1182.6912647859142,258.20824907844326
5602.3676456960975,6907.1581226000235,863.82411782372,358.81302139986013
1983.9838349957845,6469.760086850872,813.9326435792217,303.1372116837429
7412.795831264332,1610.1787884497835,17.474011053665098,174.3330750615695
3846.8355903513607,5626.678838883767,1270.179892029819,332.9427220910969
3001.9920061518824,3227.346517646594,1288.0437782373504,331.0543876201235
4705.843584099943,8685.125180411838,126.02391966913888,125.70088882042322
6570.298128765454,8641.786785048036,1213.7056930365054,32.47229242554006
6750.446580981604,8591.725861751445,1082.1252668456639,173.51161470652724
5882.218624100779,2669.3710665459957,1323.0575886859258,200.9365470318077
9781.099713085476,8879.718662390555,102.45498973537762,335.0839584046444
8404.384032968668,1879.5221042680223,366.7555958690049,4.670753973196012
7989.473162298134,1599.3924469989718,138.55920174009398,66.8989829334682
3479.093179229436,2748.404051199752,830.9179717846422,197.659960637996
4462.861939328117,4594.944378477612,254.68147819231484,322.3598731802515
6150.032000504809,3928.1391061123704,583.6391249743847,64.79075569469862
1905.9054589799787,4985.073558480686,444.1052136745955,153.0857454742444
9318.585502214186,6875.527284934078,1287.1549857148202,144.78412798352468
2939.289384738671,2240.155745816038,850.5223016711957,239.44318282854624
2325.401898952511,4092.597812811006,920.0359463393961,343.32233754652526
5615.081400890276,3182.4125477861194,240.18217119400245,348.83359008245765
6882.383006434413,6553.565590249307,461.3660944910449,300.1244371218484
8608.154141771669,2010.051153619333,1226.3626057508188,43.41654492626853
2836.0442642910407,4271.005734952929,297.1292920528062,272.68702907517593
3862.3330914180324,8065.610909466631,891.9421257049495,234.5674131827766
8845.504356955338,6090.3437871947235,514.8059522392707,328.1908937544959
6446.549352291293,1594.225045267705,1085.6604092347618,153.3030073604741
2986.392930707991,9772.99525810455,454.0401189549984,191.29574756943566
8856.249383464381,6316.806532679416,353.2452854827392,98.80506721147376
8695.604751059533,1426.2283561441327,525.1990477601511,189.69194324226564
7378.035102721373,9096.761849320392,716.0935120015048,271.78093876140326
9260.560974476728,7918.84751449603,981.7962436504193,310.54458567262276
7317.69210635883,7096.177194050618,833.7140439863568,7.917329532282473
1530.7309618342792,2919.592065638336,580.4409821211169,138.5821093307693
7751.835286856268,3544.4822288895075,796.7785147767574,290.2705849112942
8076.497892624629,3302.6466067906317,1322.1972040789362,32.68876559934077
1996.2248847192006,4598.708834490118,153.5527700181284,115.73059462213172
3659.244175982517,7130.470781221454,1401.9008153867585,26.953467442990483
1522.1765518744294,6277.737255522514,186.84568114132998,186.6578903267348
2329.258100025475,3888.2008942678553,756.2479074853345,132.16162151324932
2518.3042171023926,8011.525236032573,163.41864126167482,194.66188664883083
6262.817588902716,5326.6041712135075,1096.6267236951826,209.64506169586633
6604.301427233712,4426.721031633352,1283.7165586919778,81.51254811716045
1587.015475700776,3815.0164992809414,246.82156233922328,53.936132280396
4513.110681653907,7161.81329478838,379.01599015197115,58.550971337468184
9370.241269788808,4161.358389450446,1249.1733192809406,23.254909002214085
3681.3063666329867,1357.4938145366627,1091.2548701395076,143.484005394791
3920.1019204956233,9535.871051606226,447.4512156129957,44.43387918146235
8297.961356592949,5527.158702052725,867.4254886540848,191.8813853900004
4555.979870774634,7631.164481845812,902.0097369516154,274.2171501770248
2092.5661477328026,1412.2260011004037,936.4632529151987,292.83571192946295
3783.8303928418836,5404.984912665208,307.8544786712893,291.61018213543224
3981.967549736013,1174.03677574441,760.0455748750009,83.56084976466175
5175.253755510473,6026.701949815102,758.6607147827315,63.04375624576001
3448.355028806041,5338.761402500752,1492.7278173944028,138.47817248664975
8809.10520395248,6232.325965821667,827.4327608694443,208.38629828280142
8562.36638633137,9345.481611862908,1039.5019505182795,62.59330199950847
8695.965820103254,9555.654701826497,1249.1832640659197,97.0745203844927
2998.9311602530966,1587.0381558861613,1187.9533415646886,288.96755640028766
3916.90475749777,5741.029746348343,500.9671230552917,103.3965044816564
5051.78603388261,1882.2106186264155,719.3364252167065,149.00518829380647
3487.446509168483,9927.980978049924,944.5196473946588,108.10328189864367
7024.203952126883,9034.770358500444,1362.2079320109212,343.29635244615855
9583.031281889522,7106.615946799318,1290.1740407488999,293.26925211332747
3455.6572032648414,8478.9447784101,1169.1534970421487,181.6361065255158
4002.182684879481,6595.746034297667,631.7445557029125,139.99424835988398
4004.6702531620303,9943.165371837624,1089.235922077731,334.1562831991039
4586.589843565637,9953.241491932264,684.6908195198826,88.30786696605703
8486.899287238219,3752.0313208976227,1258.2866976036114,187.06044151134202
3805.4209845425435,8665.06587530416,1166.4488002797225,55.14790942193782
2750.8669539635503,7874.778852504868,773.5631222752262,287.03652496046413
8565.693514080851,2216.307285644595,112.50596867750471,69.10961557976134
4218.981571848193,3119.260231159469,1484.605641955218,147.31181406346076
4051.749739317233,2608.993055825391,1004.8808679135182,35.721753469384865
6013.347626258104,5826.7235198362105,931.2969580059262,255.45513113834224
3442.981499114847,8333.103260351596,949.2456189574982,159.26674138703675
9273.870107976762,9065.807048492981,926.2586334894588,359.7826714556293
7947.99548171337,7974.526155391066,162.3986875353581,323.45120032703875
9116.432622506514,1854.5462276226465,988.5875876120791,56.7931024384929
4292.875580279781,8377.703404612495,388.0562975395596,94.26611964126883
5595.986665147077,8917.877430430632,428.9571778144975,50.68714527357715
2556.7642553616142,9742.71049769036,1397.614235963693,329.36907885616955
4412.277450879778,5273.066572548854,788.8499564988552,150.65342163193176
2806.1776809281127,9895.944459149843,468.95564619757204,85.1424981511457
7459.315169480126,9953.404959696702,855.2429080177038,257.98705756688076
8407.153000192495,4581.84029447863,434.7706673841418,323.77038703267687
5853.74338676734,7426.979873138597,1461.9728613254008,86.13520074554884
6298.173370904864,1329.7031256803266,488.4810285093095,52.61173956938924
2096.3916322751356,4948.403206805564,3.565483170464835,340.3049641274575
9421.088953668102,1631.5628706583525,1243.0692626101143,159.86002769131971
5212.41267676035,3568.973183182246,22.389227289591386,339.3814342932784
6539.250295358411,2116.502011220764,1292.7460302038216,200.6427904217118
6737.726843305596,8654.882441205333,672.1542456885616,19.184644628471908
1411.0742218948335,1296.3467392647008,1332.6440708584216,316.57347021932947
5176.896196366742,8034.783663223878,613.8574836466715,83.86571249760226
4549.7158722471295,9218.965973574392,524.9935892107671,143.61636720663077
1369.9850307756474,9673.404816468406,528.8001832378225,341.67639531908895
3525.726079577318,1634.926023148731,1216.0096211190391,168.24333498799368
5810.178117747624,6419.40909299722,1478.1207141508298,53.84062792730239
7252.624846973504,5577.681942394549,483.4595501331975,140.85622577466134
8139.753309422996,9237.854781079875,733.2747894633347,253.2885956796417
7657.111689618734,8665.137667292633,635.3282919846123,214.47914011077677
5884.949909155457,6838.776391726253,639.546093903957,340.40499801863444
9926.477741387564,9942.533522229725,550.3223177192501,142.06163225200666
9074.84277455893,4526.749550610818,1436.5465180245365,197.25172757228356
4301.40625078228,4352.02177124333,1481.465773586108,9.148159690569065
7582.864695108855,7097.805752084529,1171.7989802568184,136.46707642829924
1312.5228006687707,3630.0157692574935,1026.7129357007002,39.48554961235703
7621.936543465721,8032.916520312445,729.556436424514,111.62583499819547
4245.001003372725,6500.279025728439,147.45992509462877,44.406845908057214
8580.252179778558,7623.4563471988795,1402.996205286575,13.31981195704709
3337.8195116212237,5143.023123594358,396.541889377057,100.19758220396794
8719.433472898616,9204.19592305495,1429.4594579727545,244.4259106865669
3881.4801680189444,3379.9214611035527,745.0595562545719,330.45220864708915
6164.282949462414,8196.422356903633,271.1499600429482,201.81935374247723
1536.6824061258262,7940.524012779918,895.727121908553,349.6984961216388
4597.340488202652,2831.3324069558403,391.2548619187224,308.46312455971474
3746.21848568207,5565.222863312289,683.0138915474241,143.6703951560866
8563.779748599445,4207.008837782947,853.5617980063685,151.41691194204108
7251.798869183795,5722.194334127298,786.2223394412321,322.20759279376483
3342.263086346534,9620.632726686383,1298.105015476493,49.68885993557774
9140.1702171172,1539.283744947495,955.6304780502531,65.29238970486527
1551.7945541940717,5053.192093917863,730.605618068602,14.60216945523
3919.7256986292105,8011.400463041985,661.6080433551851,96.51587742300856
7224.80274730024,4051.099393538297,281.2001194924307,270.22683349382567
2218.0959549898116,8903.938508147949,647.011608944442,105.37773068372064
6352.682699024656,1963.6393938833862,42.85405082442092,98.43722524699247
7632.242716585773,2559.609451456111,1376.2524375429327,40.873923324983316
7518.273158089773,3442.9722355994813,785.5901602633909,289.8868436951457
5531.46692741583,1563.724792653831,22.59967285664367,2.199489111965989
1148.4748659497654,1488.696674045957,837.4007072726142,207.08860904135997
6246.066536383313,3097.5203971951714,688.6430704557667,210.96974784715403
5392.705794655562,5268.843244089645,549.0214821223369,252.8615432400602
9850.682721469766,4190.308047848507,958.7814313489018,324.21416824371937
7050.603500525378,8203.033568185907,530.0712613644838,259.7951470745174
9001.86106165703,6001.472215814966,212.50879110037647,142.42909449109257
3920.0901083531894,5579.854434969073,457.4435056122458,141.18204112556288
3815.502886901465,5494.511699950644,681.4165904030574,274.7302949030113
2294.6723237896417,3457.6024911378186,181.55040164602272,256.276957869493
3463.5441923647663,4232.9366787126555,915.4311246587963,22.181159248590827
6567.048332315679,8084.029253016658,844.1536688163798,67.81352446586804
8105.849109804066,7401.382076052234,389.726830276107,253.35528542079655
5807.857298078013,9768.480231284319,116.37422008633389,125.35215626377139
2981.791643303847,1286.8244624414103,826.1807045230624,84.41558239747464
2736.9688198213576,3073.8666408001573,124.86830081973557,226.6448761714998
3435.047754007477,5388.12782294979,430.786045525167,335.5141584224234
5180.025843669721,1255.273834324535,1329.2711382588834,5.026949403642886
4023.2001419998087,2159.2363275265134,662.0023626005952,142.67195223144262
9152.62589658405,8935.896581210987,590.7300846557109,255.3430277566295
8537.70802549364,9541.6709156869,1478.1060223100794,154.82648220336762
8263.683969701386,7080.201516970361,782.540606377972,263.7717375424667
2549.601915722229,2785.8718027290997,488.3001574642493,318.61455559986706
2229.184608529239,3115.393138499401,911.7214867103996,46.96380357247668
8734.990436872868,7018.302183268024,1405.6849238814782,65.0236182784495
6088.993694893937,8380.831731374623,318.59877487806017,186.28561771996544
3890.1508311458683,3998.8583563513807,227.22180221668918,21.565514117906446
8639.884476703226,2290.538172606804,1265.51922363542,343.39285650948653
4286.08906001745,6670.57005104048,1144.0226834523437,46.54608151317467
5092.087862489114,8806.062134965392,514.6541942576944,120.88967588960344
6739.12994782911,8431.835045733547,709.6360853891962,76.00639567036455
5893.017086496885,6761.430458779057,1275.524400638021,55.771648747975355
6050.766979577435,7071.5208861762,911.4991846726272,192.73648013211482
2523.8280926917446,7603.4055555516,1385.2326365453862,147.12051386068285
3456.0839826745105,2884.353635192112,986.0576626415632,43.512987345341614
7806.051081396614,7065.572311436584,1405.2356096739863,205.37940614999889
9574.688584839789,1316.9597280634373,746.2801787507917,307.95348135103563
1574.9624143669994,5082.733755685567,582.150028083299,32.11076302371649
9102.543605108476,9412.177749368442,1310.714131170485,256.15960887647896
4660.4003603810215,4867.895042527458,582.5097887774862,226.32618288850986
5756.940644084515,7712.297630108725,694.4284422215993,203.22374106659566
2803.793998246729,9138.991144062567,20.872077886421895,47.219160497166364
4595.816453242276,3122.4070389882,138.94590118489802,166.04953031408056
1892.6522285511542,8701.026865489046,43.75095135334685,137.6180316141212
9993.022331265147,9080.700642202522,1392.885825010809,187.7768514237254
9602.45629693244,9353.92728580332,238.6355706523752,132.35024154751542
1353.2783001201544,7233.438428506688,1442.8394105744721,49.97199540691974
6441.886971225889,1438.698495486763,221.45906528172247,357.3785193801646
9511.283801453217,3654.638200247487,199.87215397432456,326.2061942457984
7423.4798258158635,4023.3968994775996,858.1091014421007,37.87247104493182
9716.811105730005,8752.926491916474,1289.6563494351967,64.2760425853098
5605.70786049062,4635.173199949456,1414.9314413255045,341.90072684945204
3553.0225075942585,5931.7832851611565,825.4377645135822,100.79476616830144
8271.251619943363,7844.229921492694,1022.0730085389797,211.8479704036967
3517.0754490165873,6888.553371360677,163.333521320225,311.96805099376655
5297.170395542608,7377.00552799188,972.8279679284478,187.61224255885503
1540.4518423207733,8974.63934845789,905.5700054167816,72.8298043835943
2033.970147233827,9456.357012943618,31.63401057541713,143.36521224716398
6333.44540612602,7912.981788798759,255.80324807067757,270.10133208825204
6203.369537129263,8191.585482001705,1376.4513148272713,212.6146588975119
7751.517750738442,7730.158576411452,544.5832642971845,304.08538755056355
2557.67347184346,5744.910657622311,472.38147655999467,321.53414258158114
7360.581000904683,5314.461307609317,773.0010295018941,131.48569775842012
2868.6363121728364,6060.36371407311,30.486311052514328,89.60305197645424
9532.07320843235,5963.552114200138,17.62938345453373,112.11518338691843
1637.0786944084032,3186.188428115327,266.59691306673,137.6534740981997
5008.367818740146,9998.26522677372,1217.766014576389,221.49144197172197
9580.649458458593,7433.574566711848,1235.2429800920781,84.14325379677128
4034.327014650336,4777.664424569441,496.50726921558703,16.233102895397657
1815.12608543441,1832.8272967060902,211.5347465605631,210.51342738546674
8494.27078265736,1687.193793668163,1145.9272252457358,144.02496407775
9642.199825241214,3708.443174926327,1494.2383095359542,289.16704800299055
4452.202449071447,6042.310054606945,1259.9776521381505,342.937221273413
6155.74619456513,4436.098233565968,810.653769386786,144.44712520886242
4228.025067088834,7728.411623077605,1135.6109625512374,218.60529932944365
3401.8602228952795,7257.436631697172,728.1353670109903,212.30474877364787
1112.3752322514563,1495.54718738886,568.0953764201053,304.10366470039753
9065.173968741186,7810.337154139566,928.2451898449586,179.6214225158326
1625.271366773905,6694.800997557597,397.223203895126,197.19982615295694
7783.14821321138,7344.598963948654,1432.7805772034858,125.7166206977686
2954.114696084842,5075.930590675018,437.9707338067367,80.82566505231395
3660.2318974802674,9122.543185669801,979.0932881941644,115.50528681545912
3455.3052791281625,9161.406768221812,915.4043675846501,123.69368813987707
5032.722953842242,1495.8993703776296,1328.4173889955325,205.44759360036474
4512.406792328392,2884.914794859056,1244.6121151907403,155.26761396505592
7499.541578544107,4362.446274164871,668.2185503064717,164.9053087940025
7271.895032158355,7139.654529235207,397.40614539010693,287.3491240030236
2771.1104776700795,9143.431242110464,1497.4969992265244,339.7414860714292
1896.935661597075,1156.7310137369352,1300.4278488066595,36.40994362448646
8757.841425777711,4698.735059025094,793.2031448852422,103.46827273424657
7478.130274918531,9073.996156590918,1322.5630228787004,153.71365524476704
4505.30755749222,5183.646877320984,840.4582161832054,164.03488587542995
5380.783931264943,7841.544606048772,520.5409693134596,239.02156841456542
6456.171886562711,3884.2917708884265,764.0444198539006,155.76981633919792
7681.984263680353,6879.6024176498595,522.643194220378,135.88965916798116
9462.22610746323,3482.696240080385,21.232870787684206,126.8418945974104
2159.96131329354,6498.877464275151,770.5328587738006,318.31737296081764
2073.4904437425885,1831.2354328524361,968.9930380394832,309.8896084229199
2685.4646501803018,6196.756647104901,963.2380263729789,297.1554542061401
1334.4233803527854,1144.903265556215,1098.6411551517704,254.19796828912422
9322.121365909023,8903.469900798007,1057.4353789193751,230.89715288181395
5550.699003060226,6781.728716931792,979.3278489383963,193.44311985002275
7014.762204284972,7360.49805933575,440.6635616428013,66.1898677810582
3566.532006706566,6117.856072750758,581.3472624813345,237.8019440619273
3288.9362249784012,4260.616841179766,873.0596527579196,299.11793351873973
4594.250651651713,6585.917419878716,1271.1864258401015,276.15314186436706
3224.210398230556,3629.4916258133903,929.369992999074,142.20616077081527
9475.616158775962,4209.027925888429,1449.2273871812474,227.9971014984942
8396.903738091529,4556.104001833976,1117.1091631373906,104.53440554047098
6484.958278096771,2778.209219731216,327.97688315704494,321.5929547170223
8431.330250928062,8050.923064093639,166.25777154361683,354.9381240009442
9276.574247914492,4574.611123840113,562.697281326196,183.0383191234654
6243.814835037271,4277.201744718139,1014.9202522439313,82.96440327904892
1947.7185694981338,8960.316705265792,1144.4612999786063,330.8176734792428
7086.955910599641,3006.566403635139,171.2136311194214,220.07103337204146
5868.547585309,5228.434385430963,1189.9886331060218,293.42620511849293
5640.052570452262,1262.4389499472077,753.4667754083716,142.49287302420217
5120.079875712656,9384.856076603663,1164.24444373248,150.6849202470184
3658.8064186461293,9090.219359778745,893.272635450227,24.333777498312912
1976.4650853172611,7024.024800734007,216.51883465128907,245.8062277328534
2866.6168750118977,3916.14755851087,369.37998289958995,265.8311982119215
9316.27215830323,5772.360905300217,1290.553143212027,44.574856801338555
8532.244087512583,1576.222483072864,1183.7638932574966,35.07234219876934
1517.092928746928,1442.5576969349013,63.320783428635664,359.9027710424398
8426.833504862763,1519.8306942361714,304.80531526741333,12.840760081910842
9540.941979642914,6587.351157780511,1464.3872711848533,93.25497963229407
3006.652014241906,8383.143464709134,1207.321730758533,9.311959203411279
7669.061685030478,2654.6567952879914,559.2041711924504,24.589331580991583
3467.861251983416,6960.524241588408,1263.5145572030272,35.73756423953288
6510.135017226382,3013.9996696143116,138.5175692755357,60.81548120680643
1985.909309448135,1275.3168065142552,1340.6348018727538,140.84453438291433
8648.014156880734,4759.28559343015,1212.0946829202435,19.785955567251268
6168.894428821772,4537.009665306782,1243.6695182745948,253.5994573288014
5866.095297596827,2453.1410794726407,1413.50028551478,354.50400112793074
5401.444920000078,2374.2206594413537,44.1514429642616,245.36510544451727
8550.060415860622,2334.672240509755,234.64268409169986,126.86335627285935
1865.170300292388,9330.184628842857,774.6072498593871,309.4875422831081
9751.498724361945,8652.850294038417,530.8668279382318,294.9036616849284
2770.8482904298444,7831.546529282784,253.6668937709766,80.41839708516123
8009.518229512839,9866.312689107452,937.6033263121948,314.8439692350205
8438.270126791245,8192.037625671226,1433.033887986512,209.00396897473368
5623.750613908625,3225.180741210185,399.9616285366276,221.0314061502908
3119.928415747049,7309.830014938067,147.4618138515576,82.10422548301479
3103.862470230813,1430.9943749247204,560.1189782236498,164.02142709079095
4935.124121356443,8135.79917894925,108.82242675575037,289.69480153909126
3291.90075354404,4278.687120911252,893.825095168652,120.54108339047487
3185.763892720988,6700.394331163311,228.5478668371343,107.98515605231871
3454.8885189887637,9166.807308384221,340.2080566986986,260.560672165689
8552.21260361457,5218.578180757193,1456.9444048465086,181.17515058967234
8344.111196785267,2687.6983323399313,737.0036316698449,146.0899280291467
9495.695401647501,4520.967561432336,468.5434903660538,131.0513603615596
3171.997493929254,1171.5634121098315,175.042878421377,85.55285161617795
9202.888020329965,8662.147052799972,767.128140792892,155.61652818511777
7826.217342212412,4519.950802146686,862.4831062092541,232.55446832403942
8668.60422870742,4843.669517844757,1283.9902704195313,141.7111366741002
3953.3699455427977,1996.5331509635807,702.7974726416505,358.66588728182404
9667.55990410985,9871.086791212612,141.74016982727036,245.6372117616128
4470.601206205711,7149.630279417779,3.0640963088959654,185.91974958003422
5160.80184105666,8619.060504407396,201.51818351068943,42.63311904599704
3647.7603163700496,6020.324516649653,1494.9573126642467,95.91658731337645
4020.001999717964,8393.03307671193,1347.5589447897953,167.08375135664025
9721.674497226311,2444.683369938034,347.8367872096591,14.468455850396337
1139.9100033002046,4462.193636527822,1148.2165532379825,129.94054810661237
6851.144490061864,3826.749653366784,1044.6759894361023,61.136409934145895
9421.957894880152,4876.79819251973,1328.285129200028,12.045311376821756
8751.696286719942,6277.951306755804,883.1782065740714,261.77780993244374
8109.841317609406,3138.7980163887178,333.4067675024581,292.3710425870234
6442.838113438551,8902.815131967782,1058.4943528500767,159.01884430454285
3159.8728775601876,4486.47644215521,886.0524031220592,44.82065356740122
3536.6595757146038,4668.274310302552,1362.6088580878302,289.6548187999248
2031.9203958928476,2588.5871599133184,1386.3027634459925,341.9699192640917
2913.0615102598167,8067.265015832727,273.0444616663255,253.61239590345207
5431.219876110015,7386.489567303269,810.9859410727153,323.56197700797406
9127.398447083342,1385.2525910082124,1310.7414155592062,225.47319073551577
5020.280708594512,7617.168298004357,113.50151083593671,160.0722364905792
7717.966807784526,2663.5854419305056,1477.720019329472,155.48518080521376
3713.7190052372207,7974.613196840896,229.1628880067373,213.79461658385642
1806.6741691817615,1831.092270029543,1212.303722975536,114.67251627493455
8479.0673755274,7164.537219838242,1122.4036060903525,83.53484676770078
3543.9263772381696,4280.324497423708,1112.2307395300509,355.2681217446814
9960.242725621745,5967.535437904771,1495.2032417354321,39.45161286558938
3814.891405093177,9686.357734511446,1464.4688086421022,178.6267808134753
7608.731378568123,2867.9879718727443,656.8211074522135,195.82271321214904
2880.966368157973,6675.008074414615,1260.611508132966,224.89896700287238
8213.27414342549,5879.475625445645,828.5414221090028,194.37320312362849
1372.09795155883,2321.7597549393327,96.51605137834368,346.5785132005274
9018.463477734673,3979.6041930423166,400.2285447921133,280.9372385295973
7140.203131707323,5662.103437666654,354.31974523463117,213.83901648240197
6875.222815342852,6690.944820184055,140.28172748162748,257.1643370020052
1390.98322058159,1811.6532931905494,1177.5012154298151,232.65922523784792
9602.363876712196,3447.0377420622503,673.5743031335812,71.16549303110668
7407.862901267861,4368.30847434735,281.3405405283429,341.81912098604835
7888.956918782058,4680.400011713331,1334.4546142451863,328.90780065413344
6596.487767437178,6268.411984806735,450.86385746124085,206.76850012999168
9698.439220997141,4352.652730075079,718.3000792094434,157.56594841113827
5652.634568244772,2750.4278496854936,99.32152706661222,288.79718903216684
7464.139809003948,5996.955018988987,635.0982162644052,113.56622531902694
7533.986013333807,5929.648279381545,81.53351762589605,257.3593522473233
3630.578036560253,9537.097609446299,50.58370050834104,343.63731477333243
4510.107905259776,1399.318424134006,1086.0789691617526,339.58460900206506
9468.374215761163,9074.109743010455,985.7155849465319,33.16266108583651
6134.328266708691,8121.07965868454,746.2493202802375,311.27612929694175
5401.730103917995,3213.0766548626516,373.43054112408595,315.17353957234315
4349.053219615085,1832.1929531269548,1459.4785575164615,206.31389495213273
2811.3952778747193,8048.984373420005,1237.2529801068374,295.7381928104047
7422.866181846137,6117.408447138524,572.3675890704582,294.79239936698735
2536.302434454793,5521.260638265612,259.04143967114805,60.21776116967616
7756.607551831601,9067.248947367782,1466.3963781145615,350.43539306373157
7929.647001064181,9411.722879177023,1070.9369693869587,104.41283870669722
9469.659647177674,9295.404917398353,474.8670218610112,48.40222293707541
9759.164250187057,7553.616296803925,1232.7209527963482,220.05013150375052
8064.952799301623,1474.8181761363194,1322.2317688928874,43.596945786210945
6652.676874051538,1940.1182544192882,795.087144409461,38.357727829720346
1515.5982760866907,8900.16654283298,802.3971646946202,340.39840495527716
5791.341229850758,5604.943567528164,325.8451017638754,276.1973025465991
2029.945124930552,4563.484676261695,1496.1960485645216,29.036561755232892
7350.917555744902,1484.3175446878695,948.3220980168509,276.9763295296156
5695.944471798708,4150.488329860113,701.0193823780212,239.9917414376337
2187.1341612230112,5468.2082002059515,1176.6750751413765,95.24970828282247
8709.034820735738,4250.658942392714,1159.5868084807894,136.4565466923049
7626.68849359965,2773.0926632711216,217.8295323824043,214.88702097236046
9805.430928890482,6905.92285708558,811.5657919060517,259.4093733426025
1682.7117686776246,4262.859415475019,1312.3112228775751,121.32433759703602
8123.157854359699,6080.594557110901,184.35773593705753,183.74841271325417
4983.9065906369815,9014.323259043256,228.89557809100265,68.50636982249478
2410.9423577117495,1194.0382424205727,752.0377635278228,54.952977577011936
9851.357647394105,2884.15542717646,275.553601028453,125.75402365788212
3908.985015792527,8584.014877010422,449.55418818488846,289.0825109948658
2344.9510923500657,2573.809194565233,1304.1748624592806,58.98958877762937
4828.289421341613,5534.75214246957,957.7704976139152,95.63611807232472
7694.38387910053,4999.972869078492,678.4162268241475,235.29759657203627
5123.703543515261,4371.143173570148,128.96647174624468,59.23129658529221
2274.047671066645,3134.524252996932,1355.8344768500942,307.9176701344976
9133.585895900047,5663.424008257389,1218.7935301851112,187.26321851749088
2622.46732722797,8195.322524849853,1393.6615654054633,301.6598513829585
7938.858400717237,3550.3071333404832,1022.8598064663576,342.9939762126353
6913.893705586454,7022.081051723451,322.85912129222964,231.00977906788205
4612.723546116007,5303.707997545352,1087.8134748221428,359.34452437626953
1464.3908264765662,9424.730806951893,805.4958086163443,53.61966824951442
4953.57999730263,9757.088853462461,1104.4277792377427,93.28264822951859
7066.031845944253,2113.1863877175056,589.2222099063315,28.121072150385586
2082.4436710063883,1506.155984961672,816.9884553883323,281.12816083426065
8922.077011477453,1341.316639170198,656.0568067503912,271.2430828221131
1332.5494594826544,3844.065891223357,81.56847703685959,298.22219483977256
1302.3380635318713,2660.234646113454,515.130324751587,44.39419880950616
5015.424858235954,2428.9034578610585,468.00088757830696,70.6327194468689
1989.7116269348116,9440.954150164876,820.864004028193,337.2559399108435
3820.674418868134,4569.066311687078,1328.8091105555734,283.28883381982325
6044.335223003564,8740.109179223302,1250.2398221653127,325.0653369447892
9693.398765721486,6642.221974458272,34.17155341768246,240.46962541258785
5404.35947901175,9660.470203136067,1299.271461681701,205.86953888476134
3201.021414860824,3930.4364000183823,1418.1885815084536,123.8757480310843
1910.3156948723995,6112.571495836624,1194.169851359655,323.4767544196824
9207.736766001504,8431.644788504507,450.5044226069656,23.3258641612266
1627.1106696335023,5118.716221491569,609.3676032312429,22.470881489066258
2031.2785428129087,7578.743089424163,376.76757064382707,288.5885626186464
8562.117990728835,2676.603990362217,222.88362320219125,356.73804583078766
1553.4781942925451,8799.685965336073,71.22628210224445,247.28753773428798
6907.914208536071,9049.18506117961,1036.7246648398018,78.79560135903826
6429.133699239569,4476.508484026432,1398.30181214137,227.08682713892316
2355.3182296451023,8458.274737627384,1189.5208809738153,52.16265220355946
8556.039222126914,7558.270656155883,531.7023216899681,109.63549115208764
5914.357087535397,2598.8907731482905,373.9878859171803,240.2048203563231
5036.106365925302,8386.739998401375,937.1957824152983,326.88813297404283
1440.7281301398802,1365.3186877310748,1277.7222464327665,10.49060532368677
3837.333074129857,2042.4447381982677,289.6934074593835,264.0346938249956
8445.80084803149,8294.558053679604,1395.1279273210575,106.37295228949749
2774.961050335069,9584.040417444703,727.3830612223388,224.85072982309154
4641.133435353856,9729.214398644119,1447.6147907660957,314.45159492639834
6361.280275605794,9663.855870924943,300.31458915678553,55.95461602036411
3941.641883380568,7809.78978761603,1172.1140690004909,70.14656421142531
6057.4731475870185,9157.850507491337,1312.0565939435855,79.97010552643646
3696.396386329477,4032.228041413663,17.819748985700027,131.53900094204408
7896.70603129837,9467.106741840624,1127.615168176471,108.54558045820774
3991.6480545263225,3587.705829583389,491.9059910069541,154.86396033190033
3355.7632470008807,8690.249684149901,334.33660573474975,266.07028942526324
6145.735353723359,4665.35228055534,63.993140436301985,199.4418185539452
5339.489350268037,9069.513929398388,1233.787554476134,295.6033817777878
6452.774054649605,9190.425063813756,270.64670551411473,34.79127922161429
6747.939901085109,6523.131073314461,437.57708030386516,83.68795240534928
3893.138135206844,4100.45546335704,329.4527034700489,186.66098214313988
8725.6330170218,9294.768012817474,328.99366900378544,268.4639051313951
4151.241037012625,8971.743469686066,1226.6085994747214,60.928231632472716
6596.53453475549,9361.040242646213,146.6988390431448,153.43281978292794
4214.042702923027,9497.028022522049,62.427481792270434,352.7219791593152
9897.493609331825,6458.88943767842,1470.8159498871737,317.662467778695
4511.272887472547,9468.239625125543,601.0892720104866,146.2496542780766
7250.753765516368,7868.386221815328,928.8863998967523,91.51842366235067
8280.80694183672,2082.097923575447,879.6687462842847,189.1132248944374
9172.005235507851,4560.473341563678,166.8388223964285,249.83877455354653
9054.023072757975,1759.040774448605,104.8250184723998,188.01352881565427
5194.159167719648,8415.337223259075,1305.208332665876,129.2341515715879
1953.811752528106,6826.233607851023,735.5957424951066,169.14041108169673
8586.890935403631,7424.454446303993,1081.4704702821416,130.75835712573115
6863.219652405795,3795.5823411918605,360.55449279012123,65.02392962721784
3297.5182564332117,1156.0089263607226,215.59720524041157,300.6326777221048
7645.490471942743,7174.853446832665,1412.0976290963329,272.7234991892513
9645.087213703224,3429.6449548449486,53.10714045324394,146.808057000717
4528.969913759696,2648.3984104366955,681.3466534875998,205.0715989459788
8053.048942268597,6142.549941103273,776.4666924808714,324.3437028425601
8158.8828557259585,1886.3481977583608,232.3364644646648,158.47211308852056
8670.467736886276,6109.169750784275,1005.5591535282902,122.63423998123837
6532.932156903169,8179.5770355293935,153.89899360207974,185.89105765299843
4499.238251800833,4261.5759568840385,964.7441963094892,353.1489279310644
5601.112106442712,3468.186211227408,1298.8096716637065,347.35714409571284
6092.755087884825,9018.72581600516,517.7705097324078,7.348912725333076
7524.423296516551,5941.81877318769,267.7786361131385,295.309832323749
1526.9680204404474,3539.9851842802323,741.6049293116075,131.78020783232046
8476.171341556066,8347.688048724292,629.9454744074786,324.74684878959323
5711.867352155727,8440.516226026073,324.64455446676817,160.47398097291506
6241.633200689332,1704.890610690067,747.4581061901032,132.95434379740172
7614.626760273097,4422.106646577454,786.4897114933913,4.937182208828456
1854.23354172322,4362.809948241975,51.42481796804054,184.59060179157984
8706.738516940059,9049.91702852575,39.78018888926819,340.1376758622343
6210.738781353738,5373.321264626277,55.459541292165646,259.8468878560441
8711.092596828914,9715.18599622197,1080.9633246772044,350.2741330863683
6212.71095637268,2778.2611704709207,625.2761587272803,225.46495156330212
6835.0444947942,8542.258730059768,1405.6747206838897,5.470242975632745
6444.41486033344,5282.911606501458,848.3932091257662,149.9165218824651
4696.515289133511,4866.143991397332,748.8839066346368,312.612285233257
8015.129736486509,5034.416443811833,1395.0729483652199,60.91789145393377
6503.818228492468,9627.77955839701,402.55730492115305,303.12180460136653
8595.306238766756,1177.5074542088846,764.7901013005468,152.88927314289083
9171.228422451171,7991.418564656118,176.508614846237,272.2498442376994
7184.031305446859,3305.5758946816472,627.9019305431949,82.96868934941871
7167.740153856954,1410.0286969466451,69.34419960792165,170.08352289690183
5825.42138489265,1660.258990796007,1494.6761702374688,69.60138112684082
9614.846597177717,4310.804209930944,479.5630880240008,145.1258589846394
5797.051312925908,3159.767873641775,268.6193330013761,57.8457044848857
7577.602969135433,6506.691696774117,954.9468054836442,161.90290369908425
8621.827048273717,1522.2355906654993,650.1378560791131,144.4353668036224
1709.220223891749,7866.558747445436,406.52980287598103,214.6122049929434
6883.7499532771,6636.759232414514,1052.6236586676498,65.67309212998504
2596.56812726779,3951.1788610460035,459.14846608925586,297.2298580860685
5736.736813300957,6445.05915719475,379.4029366179722,3.451161327752479
8315.486245430478,2205.6483512292207,817.5013994803869,286.64136389623343
5784.134913687971,4144.380930359492,1285.2030587346892,260.2283867228639
9722.880093077367,9951.790856861891,47.27943022132761,149.65446330034112
5820.082621749142,9113.800342469363,1267.3229293145585,332.56047308230455
9966.097563859474,2746.564812528585,189.76427371364454,70.85348066053186
7534.554811602421,9658.760513275116,462.2356891819106,202.4487763262176
2341.135710013813,2056.9877139642263,1279.0414264947926,107.39029204648872
5772.165928963393,9585.27927343494,1435.7546066293135,11.819424940966094
9754.761165166366,1561.9269793479432,82.16362137377257,204.71277120038906
1922.9978002446246,1778.6217568250836,344.2938877118915,315.99584149246476
5484.514399210021,4729.698173899568,446.6512440276995,101.66312189630798
5431.204501260577,6946.53914121227,1130.0209299596916,168.2172166786787
7831.7128389949385,1530.5250830084574,1025.0701483116638,67.38176197330857
6461.684135500528,3343.6798174193345,1349.7236890273678,265.5186758106653
4498.183585422379,6897.643666592559,417.4580095412535,124.46529929720737
1281.657898777295,9072.947571697525,1227.476532180828,41.91798287467817
5140.864040471592,3205.8450703612993,1189.1058655719157,234.86030241641097
6550.298794849262,2309.729321238988,738.7030470344313,278.8504095587612
8143.978947582702,9561.24317157506,827.3052930346042,94.67514539414799
2589.058779848271,2093.5677578837376,240.69649812049556,10.584610525990465
9589.333363866313,3110.750342064487,728.2991207228814,102.32359403000429
3557.3214246365874,2463.121858301379,651.1933854267902,133.26230937438152
5830.809937915907,1317.2733365598838,1242.0502851642389,90.45281722301915
1374.9043940819502,6080.84737562889,377.2283115183832,286.12591947322466
4521.314274131653,8046.079953005934,278.1279645814313,78.26399808070407
6929.82371328376,5283.123862914641,1300.240753599539,116.45331777745449
6662.9080972051315,9575.228233699509,1086.2275023504055,106.28315135401688
8957.822014234873,2925.564078661675,129.45822064372567,114.56444358607354
2387.331749200317,8286.690118824554,676.442810408257,167.06468104192737
8636.48428548178,4167.37400826339,967.1353360022915,188.40900628618618
6706.316877982402,7350.367104878458,552.4065298009589,135.91730941235843
8244.074211854972,2969.5560344850046,495.0282516520885,137.66935740534785
4506.507855675118,5044.411512929986,316.8215683351324,101.08107852759734
5145.334666032786,3420.4151144721213,1123.5874435799317,89.7151441614513
9713.210137376675,8108.718012944756,972.1760123392816,9.106711708515581
4556.497077784714,9769.0811512816,361.95274881553985,252.1548483624186
5410.011157015244,5515.34853739108,563.3342653301455,181.89223869981757
6624.235478279325,9801.082295933282,1132.743174665045,221.80225277249775
6506.6878554343275,1720.5887693110367,1219.5740604643054,347.4986342177506
9672.300707702394,6051.971459183375,300.69666428552,297.9257162222387
5274.763224122333,6335.100759621977,1330.0831106636786,113.18835631666353
2605.5525286090287,7826.730293853742,898.4055094281146,120.74373458246777
4183.15801589666,8212.92629850877,81.96144530887307,288.9341698083751
8043.057626668343,9499.10215797046,190.93093125823466,121.61730883807468
7474.808985221489,5003.242028714312,987.5148480550201,288.9683261837895
9062.3726764571,2279.614852621119,338.216299288824,198.7896850115951
6561.358665410477,1665.5184885051049,376.8303225266454,70.84168784309985
8111.545309685427,9340.310355804086,1275.9025196568814,117.88693989325697
5086.894263558006,9411.843516184406,1171.4167279787175,24.257840452451273
3354.4191199925503,6826.923909727316,1191.8264681842259,177.74184446638915
7321.257802926539,3453.044023972852,352.47907144311426,279.0212115475213
3463.6677147507216,1814.865300374866,170.16257931971927,163.4694120550815
1285.6179413100008,9138.913012167446,1335.2364425866092,70.25966721634256
5056.228669428927,6139.037333905538,1249.8115685234097,77.54530135210811
7520.649239873143,7563.973428776673,257.41700837423434,162.81224428014664
4992.111355158733,3346.7679902178165,937.6619114563213,276.96244709297576
6686.556917146929,1294.0710438887206,866.686781339464,290.4631261614916
5695.00217820057,3740.742683637695,24.53412742489278,277.44859792153125
9216.214314161476,4078.8832644585937,1249.1328801798993,314.17089514363437
7062.309333912641,9428.059079344552,837.9626288697697,359.0817855747862
4567.117104927404,5879.257427124834,483.3416283362337,298.07430167609334
1107.6916869110364,8750.316193207556,1065.9342291675073,89.36082042487796
2883.224971577246,1761.5304429126231,1024.1609287339936,248.1615860901529
6151.966978866964,4130.014444808135,1120.602786812543,350.68493217110364
8697.479652931292,5492.78363525739,1102.9014013861106,122.77590035190806
7645.382235405523,1823.4375493638113,870.159588663894,188.12654487202727
9210.452016881658,8841.897766551017,1341.107544253171,294.0074275063313
7341.3556593048,3134.4690026835406,1167.0312028092515,350.67445464502026
8955.78712907923,4275.148199669669,1393.766984911319,124.11158883074782
9194.99163776392,5835.763408782842,780.1750822515139,193.96858325752794
3754.745663549062,2899.3184687143257,322.9233998462982,40.416170097963196
7308.454989705792,1166.2223910789246,909.1649426047477,318.6723051429699
4842.469639148411,9077.599049092687,780.5489859896752,135.85780287094133
3786.1582993238126,7454.615143084895,332.28843771242146,63.505934986967745
6902.144995483439,2641.4680043845055,819.3098934761166,49.81199180444107
2731.7347652320104,3202.044561185019,850.6012924947703,323.5434723991835
8724.902438708172,8579.670388612143,1499.9417165555774,21.172487115067987
7183.159281307032,7489.7040090252285,938.0484318130752,296.4094454154581
3247.312435757003,3993.400087180228,804.7642837756688,27.465802743211746
2884.518349062288,8296.901570921844,1360.7372772901006,85.36637196337918
6276.621349346532,7888.315838339316,418.6112153938596,200.6125720489783
9178.457744324622,6239.347258689448,921.9048343404395,240.07417196832697
1410.9386059346282,3185.652024856469,1460.9324255889644,77.32286603284211
3444.208484035537,2765.0574582366016,1111.5277145635293,111.90718163519976
7310.22125778812,4772.7420153704825,418.04769470854035,34.29868408837885
9131.9519384876,5978.911175892521,1035.5239826597847,205.8823406698239
4661.109258269176,8607.097486403389,423.4056464409165,170.22850685062608
8457.32329665175,3556.617156992774,1225.9265911974135,171.16947376408444
3461.994792255858,8475.203347670413,701.532817798435,305.9915210058023
1166.3656859407513,7835.329260117805,401.135215936675,302.7779706315729
3080.191291116128,8693.864162043832,286.71705883194943,262.3471369760641
6245.219406177788,1253.4030427758648,1111.2287054089206,86.16892721025307
4263.776927652538,5652.600885299468,633.4546265160639,147.80545406358357
8028.745640047278,9992.292353550794,1401.4432083123656,131.91209806168064
1559.546900704292,5774.858520397185,795.460521034846,239.9529655280259
4958.500849361729,8872.18018866004,143.1806305315156,213.9850974055904
6754.045485505117,1615.7657975891807,1113.5528186366055,350.5650917352017
3227.451594803422,9461.721938836805,624.3966512617499,23.65305650606165
2764.8513007776146,7279.699826918992,1483.8752410372088,251.2592270975895
3701.5100281727264,7548.999820072869,64.8823032560377,253.89726143048821
3728.483948250872,5624.498439416309,969.9992240095079,97.56073156064186
2271.490951279599,4604.104345340633,657.3923351378379,97.83451135493571
6404.2844491970545,9652.559313425756,1126.4445590082605,357.49619915919334
6096.17647952283,9435.343613831821,684.161360912763,97.679036842754
7741.229161526053,6539.159142245424,1300.193278497547,222.78553868237265
1876.8316242722954,1191.4913571917896,301.488892380286,155.00587082197836
5399.388720697748,4789.104474974216,1267.3280962699585,233.56669015947816
6320.505703944554,8144.10342052408,1076.3795073434817,281.81169313546974
9068.80449262879,8308.186575994767,794.9663524533179,316.5255173802318
1850.1512541688046,4496.425647093449,772.0403172903169,217.6942143398818
7490.7896789703755,6512.697870043873,1337.0004117027079,121.84486069521354
9842.529515482098,3930.257457226478,1042.2880846834123,186.44990938568873
1755.2452720303622,7707.502510753006,1055.88154168811,40.42421598805882
6218.64021518445,3081.898166232346,1278.592830758396,359.59813583878605
2619.6108305049797,8911.734727306597,1436.831858704804,257.4707515364587
3683.5041600684212,5746.822436402888,302.56800480681443,239.8164232604895
4071.4199147235036,2032.791774414393,700.0488221116387,276.666341835846
1635.6872568902686,7037.181550908666,48.36679227442145,72.4245966552361
6937.161678215525,8399.63311624535,379.65442865735366,253.85989300146417
1172.4662199119975,9678.154080525583,1315.8554835091966,239.72219573128191
8063.418761332604,4462.1335903247145,1151.0452913250772,184.40113402519438
7121.382843021048,7370.395066727343,1019.111537134211,244.96443521728466
2682.6347833163472,7770.184209176759,1331.8720236733059,264.8267336392699
1298.3036833841009,6367.29333201478,1020.2712503614323,158.5388997462763
8663.495587226469,4014.3082022969356,161.88218874201445,324.1947177195493
5792.904291871327,8605.13291524679,1121.085801565236,234.16348794420512
7044.054777382564,5993.658332274887,1292.0124075619578,193.5239380202216
7741.495597084,5442.391194657557,668.0529533262314,240.0543933999342
2258.109322403057,4665.609213614103,395.5090817235943,247.2295319041518
3687.482816801464,8144.136812123167,1005.3423955133604,208.6774205416056
6501.187257916883,6213.269877033644,1454.970779781555,19.598485243947813
2506.052029418161,7387.035808978297,881.2547550913011,262.258153413764
7803.727981820163,5500.713569876042,1101.4596631254615,18.005641106742086
4729.847795570831,2479.1285788163677,1076.566279179665,167.6592241427553
2344.623575723116,8008.928892263733,254.2101722269795,277.9477337345659
1819.4489931582366,1987.5789942174001,1237.0538365517177,35.66026118718107
3530.619970607781,4514.712994856095,756.7175636148287,5.7866005388487505
1836.6311434510226,2544.776394838088,1062.6697774530458,73.19157153161099
6797.926730160369,3841.5001582343293,311.68572978199205,187.30895990495787
9700.616870152453,5124.896206624397,119.47359905797819,166.59010146552853
9425.63733033004,5298.94184678072,1191.8896382010705,6.146176411872936
1715.49848959939,5354.635870716231,153.41199648063338,72.1616376335128
4095.7554051851585,6509.52027322872,1481.7420801604706,127.93547825386476
7635.516412807775,9720.200534951437,808.0279004905101,174.11683742285055
8863.73001947591,7557.980351535696,801.0923178070005,136.69104514883946
2487.52770919394,2705.426268046154,769.5166672635135,179.63483450085508
6928.410985889782,4120.932066335328,207.04118442314547,344.3852230972294
6743.743823500206,3265.382528334137,265.5681214733862,101.57913619562613
6935.935302087559,6075.569709247259,1446.7475028225401,224.66833399694278
6970.662967775024,7764.951845917874,557.2797141051851,111.74679986582181
8197.132551425513,1969.2812791820254,8.863833854813052,14.211143574683032
5988.89763603005,9781.129350195133,1106.676324292274,172.10593468866418
3196.787696503632,4329.207489678169,160.92102845796103,38.29610670184204
2928.9333330518853,2809.676428597907,1053.7915142819395,6.606389286743378
6244.45973014358,5158.4194300710415,1072.6736312028754,339.54864184803733
2091.740839973292,2986.74433676019,877.5883940615628,108.2127453389181
6556.699818253852,7763.793506491842,869.96606613712,341.4875852582496
6713.234516054494,5955.116189032639,671.6735951070258,278.44410827894086
9316.168347974066,5335.071092577636,1484.8435833931255,277.87050419041435
7491.85802689049,5744.452479236756,1196.5718236774912,357.5221155631081
3884.9515443907644,8774.948766507398,352.1720760295538,30.502520312800897
2923.4345151456273,3157.3275008162773,301.48687584112344,121.23985754663391
6092.693364514876,4437.8566470520655,395.46770838655914,102.54943694913909
5007.677943770779,7596.619254032195,517.2307476415631,52.9998001444219
8366.789930435529,7471.569107207974,223.18343903783642,43.120529783015456
1509.708210050152,5164.144003132164,1087.5716250647304,339.84774252218637
1508.388919892514,6078.540804632706,1282.9293506195804,20.051340663183694
1147.7518107250378,5396.705990948872,108.00635239760379,284.37865502166926
7367.7611964404305,6297.052163358502,70.36490863934944,1.48359051485181
9038.15170896661,6849.212765043797,1244.1514702794523,44.46618917748663
4844.112424135759,2154.6351615011677,605.1145767030474,229.8096473275983
2221.0671403623046,3193.6568318253594,955.2521361381125,138.229277566811
7137.58833872303,8568.90841592994,645.5784899960896,169.59561544714788
1600.8248258230524,3238.7810967596106,1339.8270037855482,200.4990707229667
8584.614129763966,7937.83309732984,902.2757162130446,229.53001042553834
3823.869669572942,3751.4606952964814,641.6168182458266,243.10534751330357
6016.070417906165,8602.91410830204,108.6802826470191,180.52442126967222
1792.759119297009,2927.1496598984418,1309.2773919808565,253.03230490090155
5024.774639112298,8754.12270271892,287.67248620055074,291.9090353615338
6216.622651165056,1552.5312455216801,713.4021610159691,158.86594181336108
1271.1785448777873,6781.430512257858,584.3744688765046,130.33353475018976
1876.867713416923,7207.949064022561,885.5123260610235,314.8195793823956
7362.036903400377,4178.720321921399,844.2951502616442,348.7111097935696
6729.470379963009,5830.483186794959,1311.0707472491488,348.7234239786108
1881.137352678525,6782.352741061548,50.40765458749742,195.28601104636843
3139.763819980249,6105.219260209039,1112.6683943307185,9.60719440985216
8417.064253189888,2413.6556736089515,1132.545266571426,249.84607956035526
6924.792259225489,8012.691870711587,66.40309246363451,103.88906389456967
1198.7054815709296,8570.571379776276,331.2098718309388,97.60686753061489
6620.113942991925,9758.557485027844,577.1836528534645,238.2062061267711
5553.824837626436,1409.6770791110623,359.4008173109939,41.587475584230916
9496.141780862898,3117.7150404260055,1358.1364551206045,71.94788342913066
2863.0476607187275,1131.1901247894527,165.88422508875314,80.26362050839633
2533.6298664290343,1851.0627951009674,238.97752542048678,324.23203251173624
2113.8472087960363,6175.875490570946,1117.503101703605,27.8005426283446
3263.6917656124765,1154.529717126485,1318.4025184462027,234.1862502179847
1685.2710131448994,5120.782617809301,239.59494100800978,181.46670188193016
5589.356569869286,6158.823627717428,342.15779580411305,47.12708770300752
9899.398821858287,1690.9279511302707,319.3766326673862,126.39295040847766
4745.623926666636,2991.82815201034,93.67891397248866,241.04902793965704
3624.0606345701663,9398.335639862356,423.0865150943219,252.89531610996187
8901.553094797811,3666.725097756899,1141.4689587211874,267.38867708456746
3050.2786559145297,6095.80466197744,884.2073398288727,6.733227230624793
6825.0846297501585,7201.2844826425235,252.6689105552243,39.06164904943546
9675.195508059656,9308.13096772891,723.8628170603513,183.01763208213575
9222.221847126973,6797.8115092915095,763.0610114194769,90.51185929523079
4762.931114496262,6405.8895816950135,196.87977522459744,335.76635944734204
7965.079525543056,1672.54572284388,795.5749537137087,301.6479453258482
3868.8046504816457,8987.084771112588,523.4241951260274,2.5479740755121454
8998.47791723302,6847.819125217468,1085.1776700001494,203.2291360609755
3633.2745815471203,8609.812681655443,519.639489356364,258.375925147587
4395.46107283747,4979.7631597002855,1277.35431960807,282.21717468885856
2889.373917128812,6340.998928570818,217.22059670924222,91.0172013424849
5110.694889554545,9892.196506620268,398.024616689086,107.01995997910667
8280.813895631854,1640.1560080076035,60.31816648006336,248.4428775962827
6205.819991141129,8256.122405386242,1340.9659852866287,154.77875061354888
4531.205819340408,9870.992426120218,1170.034644549797,239.84085678119766
5652.001598591242,6206.01386063771,1207.512550176628,255.22103972375
7700.063314579596,4412.77405541251,1446.829571085668,253.617889514333
6134.931859160036,4332.523810412513,436.4784188903362,68.46746773505596
5718.28696438762,4671.550325190379,14.693305008294235,343.9676155799876
5525.251140944651,1804.1532973454587,560.9495492916194,125.02925301855232
6812.938295020348,2614.9047671975613,721.1924220012093,151.52192285343799
7814.333096513531,4180.479425661099,573.5716639732535,273.11199951564186
3768.605665808124,8072.324296138558,1097.8215537823723,53.545711576462445
3048.5373097522297,9068.94835259313,267.03368273987434,350.65848240835425
8472.06652706318,3498.524013264378,1464.6421178540938,112.59845149516111
7383.571975342169,1703.9925956129791,548.215395428029,358.91119699890777
4067.2826251084894,4985.814071221158,1044.7491142520516,312.0270368987545
2956.478717387984,6422.022653646306,585.8630429051132,287.3104640152166
3925.3413496110797,7907.699287355199,1130.3650094864267,233.5054431692646
2069.264538785123,2868.279561375524,471.78275497051783,138.3506476212954
4568.455999235159,3221.72906971896,219.15012685442267,321.7691922047366
5856.095753571963,8438.33117374829,102.41529208842378,151.40502480555833
1835.1315539855268,8421.501186230917,244.00787438459355,111.36157624244031
5354.994033835434,1149.6497408453508,799.3073261598727,60.685467610283816
8786.48967055566,8057.023157694446,728.1523984312535,132.27332174486608
9130.251091752845,6253.088403173673,148.1653730821935,32.34809044591369
5255.099034277708,7119.996979134779,623.937939502137,54.06415410326738
6997.074573661359,5772.603147930055,1041.7100612247405,200.6791194563902
9383.156015825623,7843.056451000915,117.42827045743721,217.12178278512923
3015.5403354011023,3002.178291121114,652.0349163049536,144.81708183147833
8846.618792506806,7493.547556264183,1096.8695193475733,177.97291155448107
1687.7369019083853,6962.392848686182,45.45723809695197,125.01405203707661
6726.960805712376,5941.61377835897,1378.3680497838548,293.87123489984964
3098.3832712051635,5036.838143434063,537.0804375164153,190.5807821577349
2077.1499704827747,6509.228258264661,1070.0111094682418,273.644711618761
8092.885039901585,7395.54955270258,312.36824406293465,136.93968905382536
9389.135318359175,5649.922579473154,727.3075144067542,23.11136298366617
7348.349638070785,9428.05576590171,834.944111227091,176.94996779719472
4460.761265275689,4597.626480017218,846.7181068719341,327.8624435573436
3151.383937229883,2511.053622168952,1378.6632510639424,195.4036530527857
6318.68408941975,5332.3040946104575,861.9389793076165,199.00768689283754
4502.558288271608,5199.8549701065895,102.37938606984815,82.91001240870074
7128.147852062133,4934.203386693501,1023.555536172777,231.0164874061301
6591.209848587706,6625.005817078641,146.11033590619988,358.66246610770145
8057.946909645337,4155.81162047663,630.4812648005008,159.55293696330043
4971.262101862405,2409.4817525043145,139.55690543663744,219.92814840146366
4000.9447576649254,7022.536908541187,1389.0064215705072,285.4168113735894
2618.5641010805284,9013.710640911791,1108.494959622177,173.60747780783188
8785.50223834928,4357.054791557873,1268.3013822019745,207.82950758327178
3219.858841893349,6575.902974797063,78.38756895103049,294.90330653942897
4886.985874840292,2565.56780567191,672.8373078035963,117.0644935458615
1630.6539579842688,7079.367717575907,295.19435920334354,153.71762344761007
2573.889646219255,2829.0865534548157,606.1263052060649,296.7839801690922
3547.854643023049,2184.4328865773714,476.4804691837966,179.7432961258269
1622.3312651359151,3849.9362979309003,61.318061038238035,286.6318437489065
5088.028091295635,5411.123731367589,1111.8641149013251,213.34002695611844
6197.182701214299,2381.1714089546376,847.7955965800824,308.27310285619365
2920.0814544754576,2224.3559721796228,1179.5487310339263,162.33658947781038
3148.584987477957,2558.6878625975987,48.56794477138628,91.67420230808742
2324.8630653966584,2485.864327487572,914.7182293190414,243.09303215089193
8988.074572271458,7319.319110897283,1200.8539276294803,154.82206526953163
2213.55947153745,5380.3052268812435,1155.1661520782723,302.0008178032212
9423.044197451367,2031.3881558678308,453.96778031257577,128.90717246020154
1873.154088537608,5621.939223825052,108.60302093038547,207.05739510519777
1186.8207695948,7010.778597619223,807.7875240548207,260.5590230375073
9922.301801922824,4724.13646180544,977.9451363689268,20.307932911816934
9687.984860522578,2754.1659236624328,485.1777267420203,208.59372187581693
8916.988783830202,7108.6554795250395,463.58677769199716,227.64868847203422
5916.477415171548,8565.074013468664,1435.4589007729055,339.7494300503267
8509.050125332647,6180.831295251351,1490.2501734766176,113.39862538273715
4442.795618859246,6750.038758898902,1298.7707247074416,203.55046346178636
4616.268994909309,6036.79104444212,1136.5694119706225,139.55894017165315
3358.591162411354,7723.277186558062,180.67523817789976,182.68879712880045
3671.5504782113453,3831.5146136143567,1129.1105634739938,132.4517870296967
9421.200705478883,6473.809492920849,666.346891084282,266.53685090929645
9089.087467065308,9128.10521054333,842.0225920350347,242.77356281245778
7573.725526576564,9736.502078433105,24.978585537500706,327.6034523510827
1240.8344104498415,8493.208955955184,1040.3900058214747,53.35186282485336
4270.043408819682,1833.1558942788843,126.57241719364546,73.04793625741031
5003.5717909527775,4448.845875874985,870.4850090614369,123.54657752751869
4042.7066046860004,2369.1384679930925,791.1888278662057,212.48123269170844
3302.017930200066,4548.305046484656,1484.8918015621016,271.86414003505064
9358.942154262146,5465.093447739046,1093.8337634119596,129.02772012388627
5352.024153277914,6120.452792615622,1477.1189779328931,36.43463091390705
3307.572882146618,8021.912533995254,729.0792258638356,216.21767762240728
9669.085816097097,2606.108796644282,1385.8698162625794,228.47284342680436
2118.890544426904,1669.7677468660208,1483.0045378484108,354.0093861153131
9352.958409617784,1453.5089874800883,31.082095460198946,130.58820690798288
4598.065402648822,1755.0279176822664,321.82863801896053,222.25969622745998
8931.569404532855,1811.8067719049554,1428.6845027363956,278.3840260302802
1946.9409152967792,9898.293821317138,906.4772658989567,44.52743601055125
6788.226182432306,4475.119592286996,1393.0839123469154,187.74640536881842
9053.978075549512,8210.77962324208,740.2405410242825,174.75382897654188
4561.322976906559,1667.8381793227202,861.9730074547466,89.72311575538171
2251.604113439021,8207.1875906396,333.56643553031944,348.93932098902025
6385.981926462043,3457.6163182929963,248.2066250760116,17.370020974634876
4805.675553063253,6115.806017448927,894.4786733812124,307.77267633713143
6044.464194491088,8025.245810993503,977.750057452526,185.01473521115196
2393.8360631739747,1852.6722952768905,253.05052929446163,205.71339798855163
4169.730993899568,7004.52414312145,369.9882663936554,266.148016888023
7424.713521120146,5736.78090248834,959.0061078370122,78.84971905608671
3202.8405222273555,6345.757904321889,1169.3554845126037,118.2337149849266
7096.822379309429,7910.628700114889,454.5278826207373,192.5872392248083
4050.1416652168705,4678.756637976034,212.15306308951847,82.59813623426132
6115.702302567797,3063.3562586271164,1476.5794034091512,215.13227017497655
6836.018745899238,5420.829024624556,520.3869775866384,353.27201258633215
1909.6241198437317,2478.093968572578,751.1112847348128,263.07901292299505
8733.003733043266,7981.253716610423,579.8200387381388,111.01404128125334
1813.727886030949,7810.727913591352,482.5793152373239,232.10414548177712
7226.9678420182745,8398.447656713124,1346.8292388904097,279.9090832278747
1736.461104571732,5167.688469795632,247.3519006136162,300.7752300278901
8791.754128339027,2489.6053362259436,172.84514023745166,224.7040569614296
5067.342807532594,3974.547962614199,1170.4941217711723,144.0417494861496
9232.539687985769,2534.8591710009014,624.8259659974234,128.99182923661158
7392.115218916755,4985.3125087386,1160.1104486356357,346.4113776335548
8608.646963157826,3738.5186320570865,214.0110483175559,204.0495387599655
5788.800466399822,3057.5502646874065,1379.673341092448,292.11479040956283
9918.021751278004,6249.54051605178,452.0064361322863,219.43627834310658
9556.32718844868,2816.9806939876603,1014.5792820784753,201.83934570414132
2025.6740619276766,1441.2878913169286,881.5025156458687,109.96108587155474
3879.5129622898908,5783.77698443748,54.08738291224487,173.40384232952343
1620.3440857242263,9628.48027810852,575.6937241491742,163.2610381280635
8933.025768695752,4339.08080348955,275.66134855347053,259.26077567540324
3358.257779388467,1187.3347588686215,886.1037130397402,143.20688940522794
2040.853457487423,8529.422658520114,1005.3459598680805,61.09595925932549
5633.4960034049955,1766.5808751356667,1064.8603761676475,165.30124445969548
8496.298813260564,9671.645648757132,613.7254464161136,332.4144761903608
6790.978615472904,7420.696431189149,843.7148691414246,335.3269333159784
5791.460509651641,7356.837390812247,679.5568056218228,143.5618891557827
5980.006687064486,9727.308809971337,746.6545208745797,11.933709260123077
9017.137657175877,3199.052160792716,150.01616723948496,102.16379933113558
9838.345850427811,1925.16516621884,1099.1961633201163,300.5215484306089
8671.96853580031,1524.6571663016214,352.21345427399126,174.58860442753738
3305.8860972559532,9867.857123648351,695.9345549698794,241.51903127286351
6783.536104140689,1939.5198672550778,1172.328701181335,164.15966356677805
6779.325638856866,9978.76631734781,215.84532860856137,38.78780584326095
8360.625875463687,6699.202372215313,1385.5609276440123,149.25559177461855
6225.570155635996,1184.3274660421891,94.8586157829583,197.13292756571977
5255.913384303793,4768.745031041457,1217.3921672842612,259.94661104338536
2969.1703125786353,9404.692443947639,1105.214800741767,21.66387101812509
8668.402856957513,6163.531552174624,1099.2183150427397,129.28138617296048
1222.0212236367258,8571.729195113883,654.7853085345054,150.26824389703478
7997.532598196882,8635.308697737099,505.55608235591876,13.884217538391649
3733.7771762323573,5727.012314170932,1295.2777635449504,342.2265847204511
9771.39024989818,5209.981043528438,1476.8295680973358,71.75000729506057
9535.433839234965,4492.350484286765,1230.7261927616328,194.7409334950865
3908.550638978791,3261.6395373325913,1252.240649367588,140.55334675941862
6910.964535595837,5514.688166907817,743.0271208885009,84.81605785691788
7440.699025128647,7660.583905543717,245.39111349473527,51.53328198627059
3710.941982678783,7611.887017960288,1183.04689423246,303.2882895383744
4644.9735646666395,1260.977964264212,1458.4089601347573,258.7367170046612
1726.8240979571392,8117.328920453442,543.3913233861933,37.94032481793418
4422.202745465992,2151.741553881613,1035.296706319554,281.24435036281517
7248.319822186065,9382.012701463562,540.9656795809292,72.53726242004869
4135.335805613182,2569.869327616514,104.75308711106537,152.10457800755213
8637.755263262152,9453.170672316435,125.01960240004739,15.372425384884677
6929.332219192963,3929.891652116864,966.0907594380099,306.81000274027326
7363.021409940724,3401.1240996234337,1442.9972113791578,266.25885083180725
6557.941031691447,9938.699327663886,951.3811364749733,165.61706029955886
8876.378505669622,2162.4610436825715,234.50984844873608,344.5996182981623
3984.7386665677604,7854.899981609609,942.6656064705218,124.12623262660543
9525.09336218837,7117.445670176589,808.1693037032721,38.784528200878135
1747.6569134950566,4077.843000478719,772.3953454133313,21.725514436763593
9492.011867451396,9775.785452360167,1381.681432264601,205.53160129408494
6254.976549968114,8606.009499660891,1224.019694733817,171.3046765631367
8460.46088862548,3748.93231658287,1395.4034947309838,324.17827636973396
3907.299645200306,7758.638405816546,45.54607235460111,88.95993995213557
1573.1956924369665,6367.087114845654,432.9002706777037,62.9056943388156
4897.463648809606,6626.773828983846,438.38105536033163,220.41808189058395
9749.45051347843,6830.889127885512,959.9771780834234,178.93553922045982
8300.142928154753,1880.9523051903695,693.2809478686262,62.88269164750048
8985.572199547532,9379.141419565785,761.032927816424,27.498249792920188
5200.803439330542,4093.271512364403,1204.1877229774966,111.3500495621055
5682.209571140971,2236.2942775504034,1069.2481143007044,99.00815066716378
7253.917007986557,8916.950894320169,1237.5810452006087,31.68931113863809
4912.378200787702,9792.867467105643,1184.7698369912157,305.0081767307395
1809.5041616466938,8333.152939613941,953.303425345816,123.22555065486746
5992.159747835413,7571.828069794736,1447.3620940161882,79.31322522119717
4976.398311221652,7071.515497233521,403.33475891603956,92.35838432502959
4183.600504481455,4350.114058561287,104.45752298824085,242.89460844107813
1481.2906929833603,7091.970230085975,1110.3702641741831,352.089104502415
3874.179438559744,5655.237691934219,1382.3970992018278,295.677463293646
9781.616754523428,9951.865246300407,718.0607204875033,184.85333038822705
2018.112162023151,3422.9396271462147,62.10668687859623,26.478980946894495
3296.7181561973744,7638.60939336751,613.6965102694462,235.27885428908235
2803.69291975308,5519.7504997718925,621.1488102567654,77.21282736589644
2148.7735542347073,1543.0111496570191,1221.029114227433,243.76700381778136
1438.388835344152,3098.9654119405163,248.20569919613624,260.20381559677526
7588.309153703607,7496.374408953142,105.64146499024287,332.94403549021735
8747.408538826767,3406.063237599095,980.9667216268424,247.76388715209976
8841.694994750877,8606.047406206455,44.86708494794877,38.598468978238614
2459.3765837298206,4339.756391588562,802.4536891336453,75.21266786308524
4146.640179178163,2602.8874002321936,237.7614156715978,331.6004655434616
1392.9135416250074,8072.827999224013,329.76943817205756,75.82876341620985
9483.806569442355,9584.040111894057,17.0373147573532,57.11985387492246
6677.157766342484,9879.182395684078,701.8954826730537,199.47012393272243
3870.6406837036534,6386.827423139613,332.74667322424176,245.88284154151276
8363.811873687195,6954.140053073801,482.71588390377804,267.8221654247336
3539.2337934202405,8725.882252027139,208.37622739739976,326.1658239897798
6843.395915745589,8572.855603847074,73.24871085668693,248.19128961232656
9175.15406797786,9519.483509218564,899.8823361392984,282.5088044804271
1348.3099112398954,5773.701667750273,281.9373009911982,84.69014911720336
2087.2489741157297,3612.082646661912,850.5994115161535,143.05462245200934
7259.458129848603,8930.707293661868,1169.05138018403,298.16312433117884
7812.896698066845,5979.363791941145,341.08108986611165,141.1736411215283
4377.952189060232,9769.620311674898,668.0178284219857,241.40457388673133
6405.876551624713,4259.6687448940265,263.8110719035759,304.7795885871896
4049.6458618299753,2946.7123850805874,1423.6895513049735,225.10442624259457
6184.477150424247,4731.614126719325,1489.1388247804252,333.6546599109756
1317.2776762080803,2539.742994004968,516.7550530102127,111.58705736597916
4165.554081784669,5284.252109602541,1248.099138868951,117.19852139904513
4597.131745370839,9039.18101514006,42.477522599233765,358.7762590861209
2025.0224469600487,1960.842274654712,462.1558114339744,107.67490230228168
9331.265941984215,8338.954169161494,645.2534664077066,24.083039383420427
6296.0839000565875,2184.344845465198,1028.7086923641334,300.66010662054816
2050.597867681604,3248.3144987720125,228.93520279134617,265.05015614862265
9894.514793658518,4887.681923471177,433.66808516049747,167.7794273187505
5961.612466872802,3668.9907259488164,508.2184990136541,346.49797280500377
1772.9299771758058,2293.1212831425782,1048.7589036378954,337.78256378890984
1280.690824465065,1817.6028953367365,1257.278140349916,139.6159416863836
4179.457270281131,8506.776630644345,275.90380145486154,158.95127331825168
3721.218222141855,4727.25603525686,576.9193166618481,295.6839640426618
3518.200631497572,6395.320625032995,105.2170442866853,92.40596427003142
4600.813456733618,2253.7188253701515,1290.889503532386,96.41467736320895
2223.7133969898205,4792.766541057714,1296.194990480979,279.49241701542655
8979.2780467845,9747.741104889223,1270.4832802013552,251.1353034715104
6035.212554102223,4873.928071275824,332.3749138551793,117.17442178424038
7776.8713098831195,1981.2699054127124,1056.674741942281,9.12255753428305
2554.3415718220385,8245.629378493666,1370.4151672215892,234.96794149162466
2459.887971368633,2597.871201328009,1475.8628543044078,159.6557581681688
7396.097610403351,6817.0055111774,176.0006755147011,310.33282415547166
4489.312700476097,9025.46031683582,143.1964677836343,172.11426570823238
9435.162180963162,1117.3835240329283,300.3259154594335,54.24106264264629
2950.0755984042125,7064.556065275982,909.0813376400245,214.95941393925008
6845.188277368347,2370.0259257965886,1335.9218336149092,87.49399241464654
3322.649668546471,4298.980105353656,1289.7508586004913,193.3720690143004
5368.42999281323,2646.920842592788,235.82227053806233,86.77475685768783
5012.360333773359,3350.8735179282553,1264.9627747518841,301.2939324095798
7449.862090767239,4716.790099183621,977.7388088519483,251.1890690011195
3210.0783438470216,1290.2817226775496,31.540844242311497,336.1382679699921
2366.23600938821,2808.6491222353247,582.8938618580851,106.46762913962787
9277.257295262352,4549.447839327815,1451.8473146916438,11.9910626678134
1596.0535494832668,1791.7419480443043,842.9860107372718,269.84174572135834
5696.287574108082,5888.735642355618,313.2077658851017,107.36392936621708
8916.989614589944,5153.989129602211,1440.3113911196444,245.53848261469685
8725.441502007692,5997.561211962605,795.4501268233463,116.9221624276509
8876.11572403824,4690.453872883732,436.02053005555337,108.90618023689969
1952.058710312255,9306.349727400411,656.3739217769775,285.60900158501966
5847.971640149847,2299.610183571202,1346.9726439174788,125.06476859769592
5538.260314557637,8469.272010742596,924.8036160581975,235.71696249617926
1787.8935031181816,3927.5875314371715,251.8082698542364,181.0816175586637
6882.120803826863,3244.0176777480015,774.2112298875224,12.403691434423573
6145.302097135028,3165.1658804996314,1463.2640940524873,164.6842728271601
3136.7439214727947,3320.6734652692235,1106.2293632994838,65.40463673705527
3546.976853963326,8758.563842294963,789.4321378688518,249.784873750574
6223.5585332867595,8675.086500006997,702.0050524767845,37.989229006472804
6159.199408365091,4777.174759261185,1105.8757940343498,18.82383908107091
3360.661059949136,5454.98746418947,361.58364281127126,213.58859436172764
9831.917624798676,7932.252357903021,2.501044001570322,187.27250392973653
4788.9322734621255,5501.897003329275,1485.348765232382,22.10739460911642
2879.1714871123477,5337.915157280525,590.051464121741,55.861453113358834
8988.000857504652,2200.260057541018,1075.9767502032842,30.60607996255959
8549.629758798364,8176.971441098713,956.5240252500977,349.5818260708317
5378.734318921069,6165.937089182976,1097.8516067113364,235.28629096614705
9119.928319101793,6159.098422276223,972.245904495822,193.86776727724896
9247.96230480065,8646.1377682528,609.5065604139913,122.60380518546381
6155.084211887005,4699.479406553764,767.4618565789025,240.76810478033664
2218.3189262637898,2300.201154675136,343.6916078626907,14.542540262365296
6353.003174501929,6516.331576188757,350.8032994377583,172.38481646893229
4326.392000607719,5942.329102674201,1191.8637458650448,73.7478926478057
2599.461761496972,2984.680929257558,960.8179405275688,187.72726229091546
6278.173958379271,7955.948268483959,447.071852871939,70.32970591086452
4733.624560654558,3640.251358988168,727.9439382085088,21.428975129364982
1684.3818178607971,8138.789091697125,1348.966678301913,359.529370003884
1509.599295687522,2262.8112981908716,1306.1774631947942,146.46152206966678
4364.024901239678,9879.654285235636,462.05221473857887,176.94465611651816
2215.5685242344816,1114.2160462654258,754.6082753175272,71.43281895805089
4347.820562128278,8698.110544606854,113.0683632224644,316.4026234878096
2356.72847142061,2512.822407264759,1339.775457652277,135.22488964957574
2271.9173795063643,5774.188910727479,827.3466912554645,67.40836054993457
8128.75787198516,3789.0035893913528,968.5974431226227,217.83349451704999
6771.695575183943,1559.0328946636812,226.00934194864726,171.94479059590043
9250.78414070148,1989.5462300200998,64.07840250649254,50.93800020654263
5897.543346932871,1564.4117776586468,97.67055833286292,88.01895641532681
1623.2477324559948,4276.587755287857,487.0350529362006,148.33633883687367
8962.555538684617,2272.6708004586735,427.4232777557125,271.464781640325
6710.69454372669,6302.87756281619,533.9805836647803,16.63880958437759
2197.579091687747,4438.378630060745,519.5993480892054,241.09827095961595
2710.13570571906,4516.696939504221,194.77642020798433,97.28637208325165
2060.901458218025,8659.813691667678,1036.8458127318647,78.04685482272826
6336.249066346477,9641.896095397158,590.6680902002005,224.75722325098138
5562.873216619766,8195.106537408159,1316.3905756472302,295.372642046054
8700.502992464808,1367.163598424612,279.5872203080754,236.67842314741478
7967.856898505807,1179.0691046864226,527.1135327739157,301.25781008187994
4514.675584600268,8880.16242067191,312.0079616152831,131.64387793707465
8250.23658304138,3358.8677476070775,1273.3372441543584,41.048328295023865
9732.911894614668,7309.949967761417,174.54237107000418,212.60299993413875
7869.863209077151,4031.8758073851127,20.72843960735824,178.94865686128796
4438.495797675671,6097.842565503133,1400.1111360642403,53.83842932206798
4854.889323670529,7869.845641192462,327.2540377817771,20.98324270184716
7431.600258384393,6838.720746413814,1200.8944574911782,151.60342179981666
5800.478874574723,7543.502499821411,429.6985088173462,246.4588146384786
2609.230860646976,1474.3958797805265,489.22759390305794,50.76574501342766
9934.23724892035,6930.90416193105,57.56801543823005,324.88715165763807
8189.695444129823,1987.3747405584108,18.70279968621209,243.18277159818174
1449.866007701943,8896.251757979528,1186.4835817180722,65.13549364010156
7749.83550351228,5708.0886010877375,872.064875005183,347.01047498914346
2803.286044946244,8060.7730456349445,724.9153095701869,257.62022833852683
3738.8340639806424,4863.543061172866,1222.71679717314,312.77853914403215
5077.637652152822,6334.92601167283,515.9437425004043,147.44559006077094
8889.435121045793,5220.3981727755745,992.3038767995764,278.0965775269096
2348.484524963952,2038.8805418543307,217.39062828383794,101.37889011706064
1599.2643317217544,6887.135914209894,943.0070536561545,232.072627466746
1665.1110469455546,5908.0680472274935,1117.3804496274145,337.09257242115297
6234.473002618668,4547.18253367793,1248.2380835240062,23.17832564282955
6526.307048467029,2064.1799553418996,699.8966904545808,222.06827679618473
9184.033275719841,5907.521479204799,1410.0403455827538,163.3388153277505
8562.825836795186,4438.762538209889,711.8130578132553,159.57004616140853
8349.841120337624,6940.054987406391,596.4791165877259,98.67767135546634
8527.753856468746,1422.9116687323467,445.6655232622189,92.31689876362874
4254.25905736902,4581.370152478503,566.0937923829241,177.9372050779137
9513.368886480126,9553.819208545949,971.3178517963231,270.59763215901324
3901.9091917859937,5348.518490718446,1206.1780993246439,358.8845886560509
4301.076827508517,2136.251676601609,1359.824592101172,232.84178351876062
2567.277081925845,7404.604377493932,340.40247608637935,77.98637915215687
4582.620014393684,5069.493018171452,27.72820269498619,358.2419340011192
1252.9694673437937,1479.2753038570834,867.4313142801052,69.79490583288134
7847.130433436374,6541.115924481788,989.7411747924823,158.47215624841394
6387.9617927936515,1454.7433246202188,1109.114666809853,25.04041900005248
4799.416585834081,5300.535571518294,1408.7040030842265,237.78884366329856
7248.874620536364,2584.6058983622906,841.4319966541797,204.31706725526465
6643.708896954309,7868.475647129876,570.3165642304854,70.98291736199819
9266.586400915978,4564.4889109783,1193.5891328072585,164.66900746968926
2529.2936383397437,4274.807626751311,1421.5887722776297,156.2934570611047
2879.378703008836,5628.215508581193,951.2715067142523,107.82648258864626
4090.4416963117565,2263.1122596972255,281.9627256240102,270.3467637817138
3600.721809200786,9799.562080656913,940.5342092369892,142.61539805192442
1394.2499581242826,3312.143346007948,1240.8966665239855,325.6743813037617
9522.076632640685,7806.285420053992,1003.9166530250068,349.04601638367063
1891.7467576640825,4038.095057725325,1098.2030995253265,274.97909810141425
3134.7284445265504,5528.381508241976,1350.5181654368957,330.23493191661396
9559.75217783707,4102.639348091,348.49122743484196,210.99353136740518
1469.6196051114298,5630.523592597213,70.76866970648089,173.82797283759894
8691.169884466635,9162.79702239338,1418.50505812513,25.19052029238589
1283.0547255361569,5474.467856725858,233.8470839880504,101.57058807860582
7510.268450654733,3125.6762303056835,595.8387340497038,295.425309971408
2705.4973707970303,9860.422143788985,403.5325841395188,98.11044951196112
4813.675875699002,2817.3631105404147,906.2018270617027,248.9750098685396
4074.2938451230707,6317.142003407523,1475.0570479124726,289.5978413814983
3679.5311025057254,4035.241417582505,851.284699846365,41.56627931507298
7688.887855536494,3404.3154475531583,1496.9364139761926,81.89226107102493
4914.664117881521,6510.762066223686,338.345351138702,166.91859102328553
7647.984842928371,7193.074040628458,923.6732538354216,7.007171581193577
8928.773129209334,9489.536599286097,1486.2305039487073,237.2496396558022
8231.997183173436,2499.7376037917847,1358.934121535534,316.12664825818905
8773.909434475265,1760.1885569975793,782.3223893224896,61.17240978207038
2443.081682873806,8891.346180531193,792.0198212723984,159.99810896150444
4942.340133896105,2180.6530970955673,899.8365996727022,94.85092019145944
3214.4236031794067,1403.3487142472054,81.67307362753522,62.979067584125914
7679.51942963345,8132.139423473674,1499.7136216667534,332.07291043286773
6658.132476068968,2166.4301235101084,1180.6589259877537,116.87262719226932
1313.297046138224,4413.50817383315,941.6798318350828,199.91875780045447
5112.264802126352,5685.827271558643,3.4378373325024083,175.6631615417298
9667.240968422055,3890.974552865724,1391.552221123595,179.5909346121919
1673.6616396682687,4392.418352108259,504.0197469220572,43.0355705245738
6182.9668230398265,8321.118444615,420.72510032189757,150.27992191896047
6256.976615088643,4588.579471872847,856.8096370471193,208.57262814666703
9209.297953575584,1464.323005466446,1313.7234859135237,322.21353482922234
1412.1126636933488,4364.4086466905665,199.70905251104887,212.73638712743704
7530.474086247721,6558.645733463727,1156.3923515316183,210.89418886335406
9097.104301140891,7190.3568425892645,336.7525150179487,308.10970700229774
7062.298630053985,7403.754607475679,855.199956633865,309.0168694036519
7812.08244847666,2206.0571519789937,452.7967065970598,143.51146585172108
8663.194943720226,1728.8387560920307,908.6274329163164,358.4558744862621
9551.136090980583,4657.909581374601,131.86561811093816,285.3441140666156
9168.113571772108,1191.2620435112744,1193.847152189366,341.89394482867067
4490.376817763195,7296.382133878191,104.74218687209576,179.6657488839742
1897.9988664338925,5720.468487783004,28.174838971901938,279.9270432821071
5795.421661706142,5632.844822271389,848.5670208770267,12.086141012385278
6953.365378414716,4624.255441085967,1324.181205756404,107.38469545263568
6709.208760138583,3819.2947500924456,1438.778296050484,224.37969441275135
6457.025054517207,5233.319589417983,1193.4911031417228,36.809325547983846
5092.473314786714,5193.710430962607,194.92787123803583,207.9209775641813
9339.221483197633,2282.912632450159,1030.0643926977664,175.9201921707823
9617.590322472455,6375.1923117647275,927.148368770578,52.26656651424999
6662.050037486883,7245.531034314549,797.4481478320818,93.346737758219
8921.676401870087,1337.636863663334,1414.1004404699154,7.858994291618956
3381.7683837719155,8440.536261706004,443.9815703353307,279.37297823556025
3799.8884044547076,7631.0184756071585,1069.9531288578853,328.7419243550777
7780.470947462764,3629.8862045115975,1444.1514251478602,328.6010508374876
4240.7671174427815,5078.121845618261,1436.2097353638299,123.2038804848185
9639.872274352365,5989.43625411449,856.0551177866921,219.47740797459255
9844.991672191454,4528.108882300256,42.34052503842861,286.5083465826958
6785.92699779747,6727.311524086293,939.4462916936762,350.86302641043403
3520.7854210250357,6166.471117873759,590.8693683113668,288.0845234725658
8176.482277386925,4631.642508313611,1347.5635043368293,350.64519540745897
6068.024256827513,4643.107898889966,288.4061179837043,254.84628870448037
6793.6931000936,3364.9370393681857,110.62835737250631,83.2200975340609
4743.297669729706,5989.6375583037325,185.22941403036262,253.22910998404677
1171.1824694042402,3958.6036778193447,219.88328828349626,56.926731748955206
4037.3051738080662,9450.946550688192,261.73254163836947,158.57001475606128
2544.2793270070547,4411.804807563289,1252.662277854433,75.96058067449032
7549.899895208133,2450.2239311653393,472.6707401988582,205.62804272436793
3403.179012227788,9118.87576223375,276.93557115170097,352.36384937616106
3912.3619656778837,2231.588305754686,531.8189793786051,138.83905412572693
8177.557715520652,7448.970045360387,1293.4615058505049,355.27476058822145
8712.342591531786,2805.2604012155043,462.28216072669017,214.08315763030015
9465.615955151412,4228.103939796998,1107.5408929267253,64.91567275185207
1538.390551498715,7669.204253976558,1201.1772851349983,184.88125439404382
1636.4965352543686,1489.0503037321218,52.90495317198913,291.50812126187935
4692.620853271907,5197.869358682755,1246.5977461842165,103.886927155701
9591.149280042784,6268.069088881573,1215.303512598792,320.22754238107893
2628.434557876848,5412.10897736189,519.4047486334846,297.9671361214498
9307.210584344484,3480.4905682704225,133.85983893368476,184.46438168237475
6964.9396693629715,6340.474365743388,1300.650524870164,138.4067349854665
3758.5083416196503,1507.8628896627124,1116.2582968811241,163.65616545020518
1193.7461300355835,1369.5548892675267,183.6141191618852,160.5862631731682
6828.99459766891,8294.618026830169,1080.1340544381546,12.802518753993509
1701.9862847201516,9330.96414672011,154.94249523972758,218.16634756742417
1363.247064039479,9176.835008641257,252.3557226211814,351.51070176252904
9392.419170638444,6929.221658530267,453.28947162738945,271.3811985954873
2220.4730526954017,4526.892614985035,993.5638571337328,18.220332058593275
1854.9738502585476,1831.6421971345699,435.33292576114695,182.29617455037615
5393.490823971191,3059.1174294148154,633.3084357378383,76.66257445525127
2383.4598296981712,2721.1972545598364,384.2567259352447,164.60026700807538
9568.08859369803,3902.798498470869,785.6519912476755,274.4087515816781
6632.720643149343,2443.4376904261662,143.6294442784459,339.3267871042771
4270.573874947104,4404.486412549219,1184.7143570258927,290.76055902986616
8848.315356562416,5600.187633415235,649.5644941599193,219.65735708859057
3308.008317828241,1485.9779955934437,1178.9260950623056,170.07391653946007
7921.248457612707,1495.503072384181,254.19309762743697,62.62831088105783
6038.930966392906,5775.557834210836,1210.3187238593111,38.23086678519337
8723.013518252268,8377.636531548927,143.1010270038539,169.99026001161423
9890.672537734325,6020.869638506411,420.08405583440435,43.62588455896799
4304.236767438706,4859.885156628525,229.82955359351496,17.49107610047066
7855.807987345702,4388.770346610989,101.46768095336216,143.30096602907855
3009.4593276284877,2434.14030989191,1016.7908666140494,144.60395244874871
9050.143624665317,7732.392233958858,704.2442256673563,131.30897167610425
5250.332497713497,8402.34635582351,576.8656355364071,101.2549729388193
8871.415599551758,7830.734061600173,1362.3797843136097,103.59507389411833
9146.695951983229,2316.2446803289695,1250.411463377567,20.646062249179085
4461.368383128036,2718.0247523995404,707.4090824454095,49.71155138451869
8941.164105999611,2948.3466338131793,1055.8027344543573,127.83764918647148
8288.016820382793,7188.671034393362,102.20900576931595,222.9113556433562
4181.692141094468,9155.105988148112,484.3216385150631,107.16493916274784
8129.8550938454655,6972.066381048981,1466.4158814399193,51.71299190475188
1883.5612124713007,3519.2696147487272,1351.905425597996,252.96193480610827
5096.71617375787,6344.1279186050115,324.381450939724,154.35103001780172
1575.2106423201558,6348.763423495016,1182.524014850543,272.9117622733529
8428.470005357858,6251.627268656636,401.0012127466286,235.63133778870812
7993.55090361618,3417.2513967294726,751.457547222459,350.16514140169494
7183.909270677892,4582.7164532416045,441.1105725583862,78.066538023871
2806.429412235846,2973.3703079523,381.55202780457546,77.4082856228539
3557.404933427732,9672.102860204315,1394.5719175126249,220.36025646571406
1832.0502808503245,6343.160535236313,1008.4627648967613,277.0895747198883
2021.6037950775903,2340.6040229561213,387.10977444958775,39.06779619371299
5917.786767822676,9559.127257175196,1439.4593168591978,50.672097782625606
8926.54099073925,2766.351148022066,1330.7352598478801,244.3382998567872
7058.151802180148,7418.678356825256,486.1288545449679,46.67341752057633
9965.218972071909,9020.413468623641,1193.3377867752167,162.55303264657155
3301.032041343379,6288.053916257337,40.04139867233516,191.9615824667197
6705.04690608618,7324.6371687826195,895.969842541053,159.58442165414473
8714.400697639403,3523.343972644566,212.14957960212865,190.92222428370007
9927.400617389208,4098.229268077822,1476.6561136280523,26.94359572455826
9060.440344906354,7107.918469459681,925.5311860397239,67.3055067676923
4135.869215284261,5430.974259355444,1347.715621007513,259.5812726739038
1164.1891912122123,6641.971377695602,569.6785733046149,27.204887505649854
2810.715899272638,5193.966934586861,776.1594122828421,271.72390788034835
1980.4587992700197,8043.981663596875,640.4309758387193,123.81023400685339
2137.774752927706,9408.884823114531,577.4155043164816,207.22004329449325
6836.652974145252,3877.1032575874347,1311.2966210731247,205.18365966006735
9605.888793944574,4505.652326771316,376.10341776204575,104.13199445376542
6561.773377160799,1692.3713270578446,114.21251405669085,165.37189777256665
3939.1207120850145,5906.322485255216,695.830327362701,204.6052900966317
3235.5825300543233,8772.150543806783,552.623475953811,90.30420665239622
8122.299301819014,4013.875291257176,91.75166212334882,273.63702214500756
1989.6336790210398,4342.707612093137,993.079227894759,119.96545624893047
6239.898300880447,9517.122277938863,768.5798677466396,143.59764410006426
4455.922797688068,8065.010443548378,1005.7109230056567,306.3075613621311
7420.306626425296,5473.735777366567,804.743262281113,42.44180699379261
3505.624465527783,1500.6101309242163,1359.6032113929693,159.06552945429289
3503.8200255697293,7802.030060052461,513.082241239391,69.42008797646405
5378.866219262311,7519.510395452317,589.3429883481518,221.16076775741757
5889.429485636266,4393.680354499214,892.1830987126724,243.4489404565436
8729.100652286104,4003.9477367018203,1213.2531881370387,72.87999962152786
2343.211160416883,3713.831695283207,915.0774926884129,102.25789371856507
1681.3153840389173,7036.822356980533,1231.5727871152221,262.1563619644542
4257.591432201842,1673.0626349654008,595.6654911930494,34.27248366979269
5977.364372263541,7009.508252813694,717.9359879213124,265.75322396089814
9655.055168922063,1202.4601222919491,719.3962444653855,177.97096494583147
1974.3367076331358,5705.814878661546,410.877575495974,222.68464771106648
9882.051321500598,1717.773646680988,483.2171487578145,53.9073699356494
6012.521777819556,7956.527869035051,1037.5271707035404,158.01403607799372
9882.420651553974,2902.4372946718227,1258.9519477563674,237.4944071041511
5313.903545411779,2902.0336104257112,289.6139283489398,289.71866002745554
4383.652734033697,8696.090041286137,160.3350899431815,95.52336124012307
3378.3126555127646,2492.4643351832647,877.2913607266684,345.8745786693969
6772.524492928168,9467.68256956082,21.543536308567393,7.430090282959313
2074.865555332916,6813.624179226224,262.5302780332125,140.41863127413515
5552.245303898309,8326.510290750251,309.3505499941435,297.68259879473584
4844.333615654727,5926.6611125056515,1298.7847314159003,289.73539988959976
8757.049539092412,2008.8894557270514,192.91905073495943,102.64927575242822
6442.23404933293,9966.75834537688,870.4128501837276,318.79900989150127
1812.5838930447253,8299.123965893472,552.8497213216147,345.3276409386482
2613.8294027873835,8721.61526346,1179.4795257888893,288.9240490284976
3663.6817392419534,9629.282878646998,21.11868228941859,236.3669934289769
3676.9060241522557,5153.9518176836555,891.538433277143,68.87041336171687
3965.6327989827905,9119.143873140243,351.2756157986713,195.30759785734244
3511.026040860989,5253.970372953209,523.7371214793915,127.44758116338538
9313.481382295244,9680.70506385049,456.14949294963316,269.8882536695997
2773.213585596057,9366.136302181023,1256.5835669000269,101.10330392084754
5575.365998632076,6596.2090208267555,252.80832289811062,125.4507761031315
8370.290137849046,5094.129636976085,630.777303380944,145.9615035073713
1869.995747423805,7982.1164487897195,1245.0852239267977,239.84983798337612
1797.0884771023648,5013.337146451262,1175.281262695438,307.74475888492015
1428.0606616125322,6915.55505012485,430.19336638712014,277.4909094410342
3786.6247296018937,2327.2155255845855,472.82551342392213,270.27142020493477
6766.898445981267,5208.317006072543,40.43374209708072,217.27949553708086
9753.74746167752,4874.40894183421,1343.931089447764,279.76403296171344
1440.106196558169,7785.823178767144,712.92005983088,72.52067542517007
4188.114067930786,7597.9460486665175,1116.8847637689353,265.064494577507
4436.1162469818255,5359.2944204978685,1262.3074900306776,157.59075182238627
3386.2825191740194,6454.404770901117,231.82347085741222,286.60062866643744
2271.0449210231736,3622.888275099597,248.20422988546594,234.16207983206303
4076.2979818366466,7950.312005487665,1453.016946138647,170.95833600221928
1767.501951124086,8872.984914135985,1012.7936971526689,7.974394299124821
7576.1777444764475,9722.334662382667,1232.3865638991292,41.515876344850184
6713.169415305144,8761.91153190803,512.7380347743463,132.49138863037456
2100.6608752966777,4959.649876614174,1327.4764229449436,244.44420690094347
1783.1060365764215,9691.34924136344,241.04790012448322,312.48519529976005
3043.0708613363877,9777.848685379142,1308.176690699471,266.7362217790082
6967.617511165252,4719.945663409749,541.6888158901473,132.05040347109696
4671.433001359036,5871.971067128101,1253.0687323850518,38.76258197891074
8967.426179929245,9966.203771730785,1377.8138326680416,333.8665500836503
3018.7643837991395,5682.078738198389,1339.9037468212857,296.7782140491456
3260.311211271196,3677.4150192845955,1217.4511835646751,327.2260842569379
3470.1871796585933,4523.006257663588,861.3297566577257,240.61675784713046
1176.8645979307869,9268.522097554796,64.27257360186552,37.696347601686405
6964.283557304325,3886.2722815198795,6.217479602907737,256.6419298918084
7168.568702166124,5667.517622168535,828.5003347806073,284.8789923992874
7494.058260449575,1803.6805734034133,640.4467570776924,233.0597138681724
8693.639502485084,7910.943073239046,288.4649545384493,280.9707998868106
5473.270569930742,8797.39080436124,165.16595261345296,348.9045867198364
9948.245201229365,6254.440618638721,929.4358604812365,274.6996142605745
9796.91731490666,9806.437140559883,163.99202427385848,140.71579303796545
6857.4117116844245,5395.402395569978,1055.2098791502158,13.43452263052292
7000.530925301583,8223.641079990924,526.3220768644971,144.8910314241905
6771.727002043255,4977.469405823873,390.40471486266335,53.20637733418733
9519.61421974615,6485.701779928508,1267.6230143752234,199.1947344765235
8064.669726046422,3876.8732707947584,595.2504621162951,354.12960582278
2134.301721954491,4083.2452271789634,578.187470904299,109.15062392299753
3774.763099656792,7508.701968554821,144.92371901023674,45.78991067031371
7288.890407391973,2245.8301155054787,1168.8491021892075,81.8719720863064
3315.527797347501,1505.5082765246793,68.21508003871249,353.974212972951
9501.472236930662,5629.62170034146,993.3040917527505,351.0975698915621
7237.024771255721,7843.738048740393,1067.5330475452497,54.75466760194522
5255.316192610378,7506.871090985578,168.32483936386276,80.07414403268255
3017.5666842587307,6947.530374485678,354.40884572924216,98.65406421731912
7951.741125661121,3420.9090481975322,496.5731275451926,272.40255934789076
2461.2240980368797,5161.006809784101,1308.7856079301575,46.90294486033038
4373.837762546206,4252.5259974320725,568.9525921890935,43.20271935390361
2861.5224802021075,5175.462514405465,145.16131860198533,217.17919659186663
9316.383734552279,9137.148010563562,1154.4389228881503,157.86640856275957
7234.954297924748,7112.806581642215,463.76643687173714,80.59981831570553
1730.005311062354,7249.843592569729,1055.4568358769168,110.69348133906884
1602.3109256939053,6599.312496277933,266.4973115876118,194.71769200466866
3715.8971001369246,7605.93059367445,1472.2063120448495,176.47935896590124
6394.683030144152,2738.1059141144333,860.9735593244335,294.6854153145296
5107.885925120481,4269.644466580762,740.3761113452367,102.70684027708191
3360.4878475472237,1257.9803789946357,398.7144843634543,103.1671764999688
4680.619801742954,1310.3251391206916,157.63706814970345,148.61578575467738
2588.800800966399,6491.144639414915,122.31410921904236,74.78837126533588
9756.00918525204,3258.15166465327,788.5965290365843,212.16024347131867
7390.477787755565,7339.1107071178,1007.4887909434923,292.17719394736554
9980.174510651364,6132.056863104263,1452.5030006297668,153.67136366898302
3766.192564828286,1239.1637199756003,839.9240320833873,9.007618583468654
3330.499226360476,9252.627027324412,1180.8591944628515,280.9855633469593
3186.761772264633,8453.474950351021,324.6705803679127,30.728572706149507
9312.819997588413,7979.401697224614,388.4315735193661,46.319746061407905
1431.123009126839,6069.258541972231,648.7454496986261,109.24776794311519
1614.7386878317025,6694.050968636082,857.1698189787654,179.90119318085857
4353.653947244587,2906.9516752842364,1124.5640556969533,142.54674854839305
5951.95726559153,7871.966398203555,617.4609630426709,153.8122858634211
1461.2623984608224,7642.3022997953,65.34074281260997,171.08000522303902
6385.071651314587,1479.422771028228,403.79276036671104,97.49116890407217
2939.7453609294716,9517.675452434652,117.1647889923523,25.144989277194316
9201.272413427401,7438.896995172956,1377.8727861546993,120.31613954060292
2778.9744229206467,3328.442115193873,259.3187384444085,177.45259555537905
2249.2904696674277,8113.203191340251,1283.1276626856995,335.50754114033714
9283.610523473355,4236.569075337966,492.07104786968955,210.77539232014598
6836.917763703272,8911.321626657042,249.20043729956635,105.70130760908111
4103.313566528499,3393.2939928247283,1013.4712777111146,329.28827842747603
2752.921283264817,7627.7108354821985,975.2272855424383,60.865361880333076
7716.739903708011,1428.0589348890271,92.20720518766176,67.11899153406922
8291.159751209707,6491.8092906830425,1271.2311107898568,220.1360209822585
6872.525427404573,5428.014701869072,257.8477974810681,145.0249147309765
2683.770676749502,9426.381236152007,961.5686507330194,337.6201894359584
4758.422388997555,8010.208580859662,74.02143734411321,359.56044258538395
7370.403390654642,5420.303109425621,660.7869925776147,343.0985780642028
8926.054747824008,1826.1889182229484,324.5803121866038,190.43235767196376
6935.869157326705,6777.546935748142,635.3584815758801,227.35148397490548
2915.498025360909,6576.766133622136,9.124555419156888,304.6535878108807
4299.593807833902,7969.744061295546,998.8815589168123,188.43478689743182
6659.745269570217,4515.70665592573,363.53362759448254,337.810251483725
1568.8288718480735,5185.204316700575,438.1087644486081,150.19772403052056
6395.249699888919,4174.80058930003,934.0984130775214,90.83694717579574
5627.129931941541,8490.364697224393,851.6618851659204,309.0124437292469
7640.905283743313,2125.6961037040737,1188.2234695526981,10.81060070347297
6142.578356673801,9053.200301336754,1174.236194536855,310.56382721173
1727.5362137331263,2434.600225755262,580.7403633095453,30.50100083120354
7987.045930541361,8296.683578448174,208.4253322275791,68.20833025725369
3167.658218149759,2890.4469535911617,83.22987521322278,130.5985676250501
2040.067485284949,2878.959884297029,20.463950802266655,182.14479565986454
7118.186971788366,9324.037774729948,849.7416776733298,230.5175928393573
2293.858701356945,4041.567183055048,128.41154960952622,347.94257417031946
7323.737032200038,7856.3257532585285,560.3298513092623,73.08391986161065
8797.584931890055,1110.2953160102288,410.67537481022043,125.11764687407774
2985.1348635730383,9403.884956522077,1311.5589570208717,30.609931673490195
9959.843676613125,4458.857935588234,1324.3968401968202,121.06003360312405
4304.471732924449,8642.718895951592,627.962894542059,53.31935147972993
8487.661659368283,5216.70435050443,1235.7547635790036,107.2036554364989
7459.474040181093,1517.6775241563632,1441.083994566264,359.1850825868433
3033.2874267159314,9351.22591234317,691.5871000481139,30.80301587241382
1326.1799277887155,3559.7573225313586,82.00723138773884,280.63983610659864
4795.273584567565,6082.332554657149,932.8293024507242,279.15850980473544
5512.370610501863,4430.321317419934,1283.7390853346676,237.23390735547682
8909.409646039323,8925.732278805623,619.8240064082308,120.86822423907681
1231.784480897732,5858.236202525412,19.14395300721803,20.724836234322808
4153.983173828667,3856.4555338693954,922.2186192179761,121.63410841411816
9881.258204503778,1444.7306400366804,1445.83577725236,130.58606625761172
1256.3604867907939,2007.10175748229,1424.6260742870486,204.51556417502925
2159.412092730737,8356.020727131072,539.8265199378955,198.39417820468083
3941.6223232209395,9547.86616374018,1374.6992125719682,214.34961430214847
8646.121093574133,2775.3118639712893,475.56942290475445,57.56808706057187
9377.506351170106,8742.325877701433,1192.0132085256487,292.77402348734694
6758.6392294965735,9803.447910325296,1309.9985027999865,42.53557682723216
9869.272892712834,5256.910246332747,965.5937920812788,270.1942984675336
7291.031349509674,5230.913625515814,1464.5948699128196,79.39555311277442
8046.0031506074565,6779.922933196263,720.6278867060472,158.92840641896888
1671.2197390223123,5120.353311651865,410.24741928923027,281.9636801399767
9971.45207613074,6371.217065231836,1280.2127420573886,95.26307568456204
7547.424790056081,9866.388883490037,662.6731492012855,86.8471339037767
9872.213219460062,8188.152325703107,30.52646045286229,45.27563637544693
1968.1312940863734,2712.338107463148,302.0897614021338,276.85573452696025
4245.162563019812,2641.068276081373,218.02517738504196,239.85338313621057
3354.6142096237795,7829.636318546365,573.7094747676236,179.3688964482121
6903.153406397917,9535.743818622057,1093.907927355256,315.394666309999
6489.193940153196,4201.820209381316,467.4128237469145,38.090509094742856
2167.3578433810935,9615.528262243599,338.7786419010274,331.14670992936425
7668.866788954113,4915.9573836264535,884.6439028893421,35.88693413534289
3820.737255622399,7578.874946000422,963.1870702985284,54.204940446807136
6151.933470843094,4536.918865863236,419.6641950927327,157.47477053162166
1344.8475371811676,9576.043629490101,977.7954126657547,100.81600823546191
6420.372104869494,6373.537178730226,983.0155525108426,330.4122330808115
5654.646473425928,6689.030215349222,267.54527764757205,63.1338939874438
4580.667412368717,2138.707720891891,30.51874473252324,333.9219206555192
8332.283392056708,1988.0039649249984,1088.9153602921635,59.00098981672169
6059.157953637434,9528.720637658273,641.7038573303158,327.1710976853743
9982.05962362945,4305.6291086259025,1168.6240197887003,160.93682411068374
5992.208602026679,9664.142736951697,1276.4859837858214,26.911568217942435
5261.666158682346,3930.7838333077407,275.50310653670647,154.50200614195006
9969.087188348243,7889.98529626337,870.4793746602853,356.0930623895421
7112.81270757628,4247.674888203721,1372.1128831273588,143.30340234162946
1993.9831457340836,6795.6994315553875,258.5047439479113,289.879014485012
6558.334003141256,5348.484315696954,1249.7247530481466,141.0667495959052
9330.88031845183,1850.0125266098548,611.9769583917008,220.96780836985326
2885.7639329612975,9525.979798245986,322.3681007789893,162.1796445397523
3247.540999839871,7150.167159535936,1155.2124960833073,317.99144922748695
4610.856520265681,4507.80746512715,990.7983171584648,238.58400812173218
9341.826623222918,6134.845736819248,580.5997836387202,27.85739277905278
1766.1627604221792,2051.161461696991,190.22225510143883,218.76435407052404
6186.988206751632,2376.6937889913415,1204.6841444582253,6.1033114741376595
6701.338156705158,1767.1923169135903,18.475531898990997,128.22006334650237
5542.9289072279435,4353.32018822208,1410.2789822663678,10.177099249760836
6822.665389006664,5017.4370693948,366.65562016594293,200.3335578169381
4949.2122557643925,6387.337162274092,1274.948834481007,77.8234130334463
4629.1013338510475,5759.031445695227,1002.9003819496318,162.85464592114786
8010.89994404835,4414.152518764155,978.2067370500283,312.4496533408718
2936.775392374414,9043.596897923362,648.7268817723447,350.72891185066607
1636.367005252971,2488.9791748547145,867.9973914093191,170.53114488496794
9206.557759272026,5523.892950084497,363.68977918294473,195.91374461098206
4181.666888622953,2064.7351384658004,260.991387159345,304.60548033921185
1420.201245578843,8950.54874033286,266.71726967720076,285.6176510430041
3397.299495407635,1385.130947052418,109.5341749857083,8.86309378504666
5879.294149507282,6578.701125047753,701.1311505421061,129.66888294993132
3991.108935240402,5348.136958236473,420.3655298884836,58.200079906746126
8979.017794407846,7331.4368639844915,1062.1746331919587,280.57545804196013
4539.6704213118755,6363.637821071856,1399.7072915605838,77.98522914540231
2572.254666869649,4869.74474463492,30.16862301143008,53.02303490949894
5746.821244218607,9186.848514246358,523.2729235087702,103.18489871833003
8078.683760737167,3325.028577007429,1144.7877287056358,92.6731486347945
7603.289056984032,9214.243851670653,668.0122980853142,355.2590833676368
6352.370322272048,3956.085129751476,508.4221879317006,338.0117790818752
2063.368600584432,8612.17961061784,900.7510968288763,71.55059485760866
7734.083089577284,4428.394005371115,1311.6642674665413,115.21920171440172
3645.4089413021916,6707.784431526005,1460.2569032847985,139.07095475919044
8647.753894832855,5034.641607316769,481.63350930937963,114.65481429085678
1845.5773365339546,5071.811412263607,1098.7888362556134,118.526849817394
4882.461926747477,6996.581226761646,610.4133856722294,353.98413843155
4652.854476417771,3222.0983469045495,246.35725443924383,52.5547812959436
9793.820945452851,9526.657059921754,539.9080079650607,112.05752175214306
7757.832907016258,3220.9085479665678,1077.1552362964517,283.5019477313956
4085.287084312871,2698.2320178620325,509.7397037916674,21.95157763169606
9640.390426421573,2749.660739464818,1126.713322730699,227.08363458465277
1900.7520138253785,1899.7230198493603,137.29551334762516,184.377735783418
6156.284585319156,6904.663477587613,848.9513676055751,217.05888763563277
9232.796824342724,3861.6425030375003,784.3231632466017,346.13839960367045
6986.256255114323,1943.4295390914451,932.5328769530599,33.22008041968623
8131.808248353581,3029.0004979399337,845.9332678037205,139.82825784107612
6391.472162409072,1146.1918732146194,396.35421753065697,28.685624337533866
3586.323721292151,2107.06290526677,926.124912255917,2.181638914965612
4764.192171548554,2235.8831313842466,1349.57748054047,177.97622716669846
8644.55039907659,5600.759856382339,1002.4405935584554,157.47568125186513
4950.527383898882,4371.257253944807,1391.605201184424,96.62152078345846
4403.897072719794,2857.1046526967043,1453.0704431900635,114.22713257609536
6816.712203863689,2905.292833729461,95.85974065044266,145.5150193069425
2292.6192228599784,9857.625433175474,1084.8661461341308,15.265169566517743
6408.45639034392,8266.711188288158,795.3561136154234,176.69596244789642
4428.735656288183,5336.174433809762,369.07939614211955,111.8113106089888
6868.752039331576,6144.135883718872,1333.29012811131,355.55262798531385
2900.494557354788,7554.108652037574,934.7958805525996,93.11843933635805
2529.762180528306,3695.1288524061533,200.80354226150723,329.38118629062546
3538.8072820542984,3734.4961188897637,390.08267733869457,111.97949800600423
5967.880311538192,6529.2261832082395,1300.3402420258965,348.85856968161784
8132.256115067745,6437.216245487789,236.4869258628777,123.79319376927316
2258.004978834362,9813.327316040011,982.3267847153176,63.52555350662259
1699.4462526996388,2406.668681247501,838.3952674390814,330.91613748411714
1541.8335309572929,9414.46464277842,504.61108748569984,249.36708006656855
5644.962212898743,2537.7906994375903,1216.39595116045,343.66321156051947
1592.2970622224075,4857.694972134279,930.7605032169845,225.45605463273697
9059.838241128971,1691.5861567429915,656.3486472328515,179.73701424428754
3328.638943310089,5840.881980609587,498.40407185196125,26.883514916498005
3598.1354092007605,9931.251780758628,747.7627495566942,159.76470545913142
5380.133679805435,2533.986736945488,1470.8289094088457,235.2639567462591
7475.531135728906,6148.503018504832,373.9427299939539,177.55944153324216
5680.476895926543,7969.341275191458,1381.5038492679134,275.5503361522511
5418.445295101898,8204.196275410519,380.7854253258726,188.4108472406974
6993.759879137439,1602.6005107344981,444.52917814858057,23.30614876334695
6813.539791987691,8514.444170110992,864.8674176275839,67.93018340820481
8426.746801543786,9143.03972460502,1106.0795317903107,293.17420605476616
7495.692601466426,9576.570139024829,849.2207693406973,225.7794502259467
8964.618194277617,7910.741341108708,1498.5153213558167,151.20135365122323
7142.476825168353,7245.558415715828,895.643866992446,44.79007698247249
6594.411606446079,8261.019604295327,597.2383931876645,225.06024449658247
3042.5961476962884,4497.171972042388,1058.1314400319773,41.526948930770956
5198.1441996648055,7436.612787974663,1477.0107945599445,10.040478492571298
5951.66901647584,6035.176935109342,800.8850631094888,291.85114851087803
2774.6707336951504,9021.703960234121,866.8773367863547,70.60029747248308
9135.254198523475,4483.292543634014,19.125118040040892,172.42092954770519
3978.9288939903586,9714.192732852778,279.26131794763506,62.66593820143488
2215.52265783824,8789.341202963114,266.66085894600985,121.2224460353113
9664.413629198472,9555.689589532809,592.6831823652586,107.12900232000578
5355.392437941032,3704.4519971029817,68.32554317442083,93.36218158268291
9907.967068031454,5484.304957104155,318.2467903495212,338.25785681126587
2066.922923969012,5558.248457195973,1380.3027804328603,241.58825583144028
7790.953824376921,7439.744292992417,900.0461992913577,120.00486265679346
2451.2567093696634,2912.284480377635,877.728716247335,148.8453144608442
8472.84004245037,8291.293059973008,1410.1731703322134,280.69527562801164
3128.681687742863,7611.1554543113925,54.583842207816836,218.8540868458527
6113.170107660938,8568.06073812821,1363.5365788652473,310.48622158155575
4857.961966919633,8310.545602312392,218.1307873581786,98.15049331547452
8562.214232221682,6152.55893105395,710.2309009566542,337.0464028302342
7414.842057076941,3330.570784369704,812.1428698719089,14.52165200569981
7217.3295471575375,5276.905430256689,682.3764375154999,221.61916211831988
8218.449017083207,3568.934495517658,804.3239173241349,271.1433337987072
5569.86235428553,4978.54549151908,225.8778848442878,38.68516111313265
3683.3261867652423,2581.2948867854593,504.1386798016418,236.86642381983896
2962.449865892914,2388.2713916286257,799.1310069164796,170.32120398696182
1808.830514229117,6721.231447937285,1393.9905821196926,171.84255923629948
9215.039382676645,3697.9851012027257,483.1851426343263,311.4857236674335
4534.423425521456,8618.104378062844,450.14752091278336,69.86139046172575
9851.097154010638,7355.223760608882,1184.6675940224695,118.5886260429163
5182.832565163477,6354.447203015536,930.5269882173308,95.88395743960692
8145.153008801783,5975.993445047466,994.4266067466091,192.70850365995213
3214.7360787514967,2955.2947261297822,719.5636737170669,323.11888944420224
2349.16109091911,3616.9005496825102,1339.479245252141,30.832668284757172
8680.805138747279,7418.331112068681,675.5138314437463,149.18633445296226
1392.3264142904036,7452.692585805251,149.66540053076977,341.17764877104906
9852.831072466322,5727.98440307372,1082.5380813613247,295.75468108172424
7519.832708780437,9708.53245390855,275.175418615924,4.773033265957023
7434.201200703738,8689.585580034785,1140.584352557109,341.22665612085774
1144.5400425625132,8797.190348357199,410.0235260732985,285.14222415177744
5362.244637582369,9665.146849803317,706.1728961682593,119.51626613128258
4975.9964590491945,6292.411123772709,426.3676204926328,91.91667064955232
5915.2757806439195,8921.552989392867,889.8090041622147,81.629427618418
6222.012956940485,5509.5117287508065,1106.9276561776749,298.12815544898314
7188.392541832244,9187.391599534576,1230.4132753421118,220.5486064566998
3291.208793759181,3660.397992091204,964.727278347051,188.8735865840457
6289.34756806642,8224.313301120215,624.83614614006,244.93868696045257
5655.8676526247045,8715.491286460463,1270.4481643383638,95.1140337647665
4721.484437570544,9006.39693012606,1281.3411697902468,263.52202321537044
9377.142616787496,8281.893823161878,908.6707573835134,5.4532611774467945
1780.3175390990182,7512.0910018223485,1233.5152436132337,192.055350545399
5483.671265357882,8908.02524676578,281.2670971330373,331.7260242838763
2795.2811997898298,3826.1205963957586,216.81857125859642,229.44081060468787
3939.923578147129,2518.386209683699,670.3967203641295,188.5084950195488
2475.0665771241347,6589.946870838425,1049.5309123740851,56.431946928012884
3771.6638423253926,6834.320148678816,409.34935869418774,329.1787497815624
2301.632415607235,2810.3355985086478,688.0972481000603,214.08834612475607
4954.576636813505,4621.1850023433335,298.02320331101777,132.8932597571024
9543.361239588143,5979.166762179197,741.4201666405183,115.34846632879906
6841.369066550523,8265.505263404528,1343.6273385898114,135.05812872646538
7688.001749293428,6397.126952330679,425.80638410627415,127.37019947400165
8041.850345541389,5650.657035217144,903.6048313870793,356.7266093401353
7202.968299547939,9235.111411021877,1333.8164215366921,151.9947940092527
4028.219564101174,4480.5491130405735,897.747389793395,69.33972034704513
7412.238476969347,8569.49050484513,458.3426099112465,179.92680737900477
3030.9375159135525,6507.747777898359,693.5865282258821,79.11118447416551
9608.131120753662,2146.279915365748,638.3941000704718,235.6656269007159
7309.087493738674,2374.5661376582675,83.00553777911995,222.92166039331602
2824.090257433987,1275.469160463127,1405.871976524827,291.6314081456074
9882.117409096536,7608.919615988388,831.5411678959272,146.90476780659063
4948.650910626946,5773.148908135867,527.7245439632385,55.21874028343042
3389.266251077343,9547.475376200653,295.04956342242025,242.6090595145271
3015.837053086907,6248.568663172996,614.1234893719057,135.75247783228536
7814.4300252725825,6633.891873450158,921.243773683903,344.0642520600431
1540.5578189919736,3539.599900541127,521.0535446086302,196.55336466065572
5178.48067075727,3790.6087877707037,881.3322228842084,63.68402106245229
5236.612556041655,9395.006171830262,848.163138022314,281.76603270050236
9593.943165883951,9650.290647134741,788.233813881718,57.342514188727165
3516.849127546646,5125.448013749133,906.8547985668189,274.6476229295222
1853.6806635131206,1210.2145497317647,937.0597982828971,97.78380875282618
8202.760433264468,2965.6184785147234,887.6303083137368,326.2410608294676
5908.898412994942,1736.0698614262706,12.12074953172958,69.76329706189858
2624.1191230240975,1629.8102748425758,1085.9697810259995,172.78230774380793
9897.810292370668,1653.199292858857,667.1803999868112,337.7946059870764
2090.633676485843,6709.370623687816,1201.2641686347038,185.00152631886058
1632.0535551195949,6706.570872501102,107.04635026273039,260.3015080930695
4407.852954503665,7968.15330506412,223.18433321492222,190.89424869074307
1897.7891800291848,7365.240959900735,578.6856559180204,172.04454837780543
3748.4643929154095,5089.383198791729,444.2110435334227,152.78309689548934
2532.7957432553594,2463.890131587742,1342.1857570566049,63.87630192647329
4985.034324858225,7791.541131259097,1426.1098826543807,306.9964709524895
7948.7394136930825,5452.472026694125,507.7102329913755,1.6332257198501132
1502.7773533444838,4201.540407367038,1204.3776068583873,351.0266605280518
7217.767950169597,1313.1980104263882,1131.4385904289454,174.4786312248173
2319.6905157038113,3014.059772000767,1430.2705498205319,287.028531513131
3769.1042567015634,1569.9108699317267,809.9098993561429,340.36062205336924
9087.730090892852,9357.312620027677,1185.2100624791312,198.82465453916444
8261.479951952368,2131.453518399695,1474.726907044086,304.65260788737515
3176.734338485316,4656.972506502384,348.68306723910854,144.4973303035908
5934.544063177223,3640.638287981507,1411.9725412231062,343.3180094919316
9726.083007720434,3980.24150415043,91.95687541936748,35.73787715413574
5347.333221862506,7344.946206030828,395.51978779662784,8.733439961137503
8934.394819746954,1119.6167451490014,1297.3514879570807,348.76601042897914
2633.5579932463515,3033.388562824217,713.5794001184705,224.01828757943107
5819.804024565701,5856.296125872867,997.5602722330191,188.09002582629412
8794.396164889593,2441.3576283438806,278.5399522161445,192.94191241726537
7102.0824467830735,8803.7086885914,1187.047745519054,249.07845625397883
1951.9779695694383,4337.807548105142,42.24388743918407,91.71214820268494
9991.057700732828,4690.798151449546,770.8876895456802,15.14359747019633
9234.116851035073,7461.646708540592,31.037845279748833,137.24467386627876
2457.1296967432045,1441.1780916700395,1468.8274165392324,226.01144512127752
9017.822508945861,9173.293317833097,586.2718590785839,172.4404863021493
1697.9521842686104,1916.3729396719903,946.4489813943942,93.19198791608385
8056.526335913233,8123.411356935012,1396.9120057294538,176.3172469422304
7115.1262599181855,2633.0911804239227,256.06439409051825,356.21697027538136
9290.947300224205,8224.069351203278,1283.6644766802212,209.86556896271136
8335.329439418103,2833.0068912484976,702.5880096276313,257.5710043994154
7332.972800633465,8423.632141742237,996.6030572180027,354.6538620046719
5870.327996476803,2174.066779752453,1234.3930191067582,46.274132383117674
5127.781786722293,4041.428508646578,221.51663909203256,180.64013646166714
4978.326943019013,5405.074625047115,1170.2915173738004,23.290951053889508
4255.710110131748,6479.182045053343,1477.0133362786573,105.07419461798715
2155.9366500639617,4129.458388169295,473.5787273348784,141.31767823338936
4861.347997874845,6960.604767178994,249.46735697734815,139.306592239195
1127.8294813667706,6632.04292131945,953.88968674698,313.1362984601106
2322.252398298314,7708.286440134933,1276.1863899547593,114.94310710945975
7392.717443569449,6347.853838116245,167.56406903932586,109.78964604350722
3132.8310205288562,5091.465618383178,1054.3507417594458,323.74678445157116
9963.997616354607,3892.0627229413367,269.8305777758633,133.41585088307107
3072.254196181135,7794.581771962794,12.93338993365663,137.93927273813497
4502.881549756043,2618.273105323404,15.099823687886271,265.55691739777717
2248.3074496701724,9505.19503668505,582.2074050811395,183.29172313959614
2693.8127512620995,2380.823775601015,1351.147365222273,45.335679298084706
3654.9961773877744,2456.3397838197156,40.87770697373893,102.10732116154529
9889.083583393829,6885.596774679977,130.4515769296007,172.8965642435603
5614.329208695503,9714.324350442183,976.5504361138803,210.70928419298525
3216.546811375357,6317.372785500254,293.0472861057813,314.70475584212136
1262.2268934900112,7405.437330847202,133.5444669000481,7.018289593325003
2406.3630030045974,3627.513689059546,386.8044915377568,139.99152552813365
3313.4504286500714,5945.45272434848,1057.056862737637,115.4153910074299
1270.9545777230712,1144.5386700354763,1065.0815201700448,197.18367382338124
5745.292583853422,1691.6463400922662,40.78267671813839,328.81594973909057
9006.017038398812,3484.9643892104555,1155.4349490082357,350.00236906769396
9648.608380846998,7044.069346653141,647.5234506354367,254.04525714010575
2669.4293735883693,7518.977472227433,801.1885339143043,3.463380295737182
4116.387026674591,8035.78432175851,1247.5204063833019,227.3656073678315
6925.867679223382,8103.244482286124,237.33955590388484,244.06925061543706
2629.64234872791,6294.279418148163,79.65638192673515,295.3595197012282
3852.8688930331923,6854.618268530441,1337.910916759016,44.639523424369564
9235.171265212197,5947.712045128769,770.6529666540484,264.4840931059679
5303.669404663289,6602.545363890654,837.4504823626385,250.61120030301458
4958.7109316517835,1688.5542346684538,269.1049188264502,252.9720208972458
7672.845732050602,5208.936772890451,939.9784827993299,84.67196504438753
9535.161869132096,5856.693052892591,113.90807951841357,16.95700553089604
7535.192493696034,8080.23570040721,451.68364595826233,259.43102674504865
9743.194007110376,6286.843632768034,174.71586664401866,37.284361487971225
6817.647354069102,3447.5519081859225,318.6807659872943,230.96139348782722
2189.2047381641655,2705.6746791109545,1264.295476840852,65.18902181956146
1635.9857034563104,5198.971477048402,284.58407358271376,64.15373693853002
6763.327378015632,9328.568171551779,696.7117603489002,128.4486671400623
2867.167015885941,3145.6386255476546,261.5130342242747,72.68998280989969
8375.90469723755,7616.431494071406,1419.4393139202484,309.31092060160796
2333.0923412108855,8244.229605151137,585.5217662705752,314.27237696006995
3675.1372362363545,3712.392694446964,156.7366493841401,336.13415495046655
9774.089368640813,1733.3667764581487,833.4692236430001,19.880389041607714
9741.298202190175,3504.3761821571493,49.02726184451223,280.74626718615855
2067.872124722566,6374.407628250318,1401.9306557136917,74.81870037270289
1832.3153188402382,5429.854818573009,4.566616334166813,142.1733303245663
8805.747505925596,3694.526510718509,542.2676843656953,76.74934618235093
7602.87894311663,9179.087672696103,1258.7428369602474,77.0578516112286
9589.25659997905,8295.625831827492,917.8233314905126,205.97228436793307
3875.1338621280593,6746.713368562158,1049.9762812885822,171.6086383407964
9313.828233529433,7823.870083468336,24.273044905990556,196.76371590391682
7959.106455234553,8464.172625326166,490.97920377320713,321.0881185677173
2291.6231415809243,2970.542595274539,1294.1134971124764,165.8312953386999
4480.225476063295,4659.409138548126,1150.386777642308,192.2897869699215
2127.5453896669515,6226.076109936157,769.7383442374535,255.21297190150412
9549.313268024753,5617.465432490638,967.9490022537318,59.752759008826786
2651.1082014473177,5930.824848732526,1226.0242570995047,75.23759991629237
9196.350032553028,6017.545142268718,185.75560157659544,78.52060720073236
8767.847018219643,6026.826185571262,694.0375473163671,216.66440307349708
2631.514556346294,9992.980309608545,983.2036390213951,243.14298484825602
7636.182167523921,8842.446411285677,944.0041681511249,295.76290584456774
3301.407419269172,9277.408237636413,1110.2694085354326,91.95808308467444
5931.238077897361,5190.94635699641,423.53721575842513,63.476765954164414
1386.1408833101773,9688.973438252617,1254.6341485948312,78.93696309796943
5167.155306870842,8142.365771318625,656.6797591147915,128.11805864174818
9536.536393686447,9242.188677770417,1341.4357417733152,73.14961654383534
4101.163029281752,1797.374695888808,430.62420878365157,195.1654599835004
6902.717343170613,7803.578395375498,1471.4124856471428,289.3172195046706
3882.7050938511043,7201.379877720725,1186.2200144027966,270.12725183665276
1386.003280933539,7414.551370193269,185.0688356646006,266.3006958770526
5864.794543637751,5269.846043322461,407.9491111983975,70.17521931626308
9612.539109297646,7914.859680749736,1243.4692653890434,290.8832012934684
8217.493763544611,4178.162930058621,510.8021860253648,197.67685193282776
9605.477508884896,3590.015237832273,1487.5233864155146,237.011081822381
8218.470171392692,8902.495488699125,1340.3158473493775,281.3190565072198
8252.175288025997,3143.2713851497188,581.4363621359977,207.82149963837801
3103.8969966840873,5402.505848501824,1120.4883483417848,262.38763582519545
4734.0100109285395,4685.020328138919,454.01565843362494,345.04364699556737
4552.6403186678,6983.741640271745,1351.9436489707593,240.79417853556794
5361.6840486542005,4380.1497713972885,1476.6712821965991,251.38181089314313
3772.858318398913,3508.1104133312583,416.48462995668143,163.10908040076353
9899.27764069929,9926.569590110315,506.3739402821535,359.4111208940213
9505.103647968357,2657.591636539951,1339.4791293506194,86.04895751524565
4575.756874319368,5560.695469331851,238.41521259715537,328.7884369311271
4652.585880691039,9202.659797676564,371.68346719603375,267.0163375523288
4315.741057490458,8600.154628950491,1152.163186805027,336.32976576761695
1838.3568482394826,3949.540675145772,363.987434162858,156.23153982172076
5600.98131895051,4917.525826626043,53.19715813339957,353.40050320089665
3221.1105503701156,9286.346177056108,794.6684081273069,67.69310825855682
4210.227010841469,2502.069735226546,109.14899671387177,222.40499321149338
5645.83395799296,2626.483134846122,876.1558795385598,17.627929397463486
8231.210697573864,2894.587472917984,250.35931675379746,264.03934224611663
5313.997378817217,2720.0454144735018,1418.8373113927514,356.55850662976457
7048.7159608169095,7705.396931959048,1275.1533579331565,286.0037112043185
5326.141839508698,6856.985998240788,957.6695944582743,196.5316941399833
9413.769909022454,4967.365245536885,500.4019737907293,315.0389940405924
5037.3540135333915,5061.211862841552,857.0980498226344,85.39912997984963
1304.1515898937473,9039.02195331443,1208.6969700817845,29.110936087471853
5471.464178094524,8671.832413777931,453.8120966968325,198.64290731001796
5127.779406940132,4710.831211450131,1049.149367740035,45.78529731509331
8023.500488325067,5501.205946665659,14.54304653488429,35.3860490266007
3453.468909218637,6973.766762207601,36.18405356095307,124.38119395733298
3295.4359278351994,9428.772377784293,289.9514527227907,4.113514852321858
4014.0430755302546,5936.37806085188,386.9516027337494,20.395293734829416
5844.854891785682,7746.695223130112,1436.7740930078592,54.654845314090004
3223.0311463734884,1457.8805735446222,565.7143566815474,234.52804499340428
6173.585731873071,3471.093365959622,239.82748152257253,113.8899854994806
9373.440239407219,2565.6048981107706,75.18061312702274,161.74045165244604
6807.656285382043,2751.0964715705277,20.049385233685175,67.9812264146829
1564.8432785605703,7837.325861992855,1105.6944230111837,57.6082141718431
1863.2010358379666,2595.7349965122958,79.94917627588906,92.82350234971122
2477.083896471491,4511.955178702468,794.8929345047268,153.83928681065422
7235.490131477941,6093.3460865674415,661.2398714757518,318.22487758621133
2079.8227097599947,4537.804929078495,932.3048373764175,344.44047934441295
1299.5802095410754,6349.3536916491485,291.6878687151259,212.77322719566018
5549.527066481694,5164.380737393495,1315.1596852301168,271.54384303290345
1471.1043590200268,7660.126800708751,617.1760429428465,204.3057027859289
3458.7964777386574,8403.91090359374,1235.437417752742,111.43432920571581
8103.2857725003905,3419.0101907212434,513.6578043154797,118.8196090823036
1258.7040481002034,1188.4806405532995,1378.6121281478004,192.5990334267035
8757.288350367355,7677.294687718302,1323.5428865866172,199.8418619972207
2582.875317399178,7973.011041440528,209.3108654858861,295.2555988235677
1904.1098116365758,6391.027060566633,313.31935289656195,203.03599229692648
2468.9413827745375,3588.3463500254747,129.76332025615508,145.64438219254743
4365.957863462823,8026.4474187135875,1464.5702256373745,261.44766204480015
6788.60959953909,8132.432287212515,113.63442653907552,112.36595571098927
2123.012392720516,3997.922243454069,16.54039371717351,340.87177667211273
4394.2467812735085,2062.9867871668694,459.5091461832187,235.40740752560077
3448.8467600926347,9928.624950536541,344.90530703407023,187.16239350970505
9153.157354304012,3344.9766672198757,1421.426378921909,359.62405267711256
9971.75432986836,9966.419508526558,1028.8614799184393,38.15632533090111
7345.004345065848,1940.58254147241,510.1911911213149,240.8543631703182
5653.244436532163,2646.1383907575255,456.41890543532185,188.98738369241616
8283.63977038208,4037.990883640178,395.8586039050875,250.75796361279842
3005.8799342950333,7170.024893158063,1306.3044680775577,254.5182206042329
1910.073828455149,8102.753808277877,1215.783237530313,156.66615552561365
8111.198674646139,8111.027821407019,1043.8427403050282,311.42374819123194
8652.622693363839,1150.5047498344788,386.08802824945195,50.76965872824408
7955.7681634708915,9932.822793598612,550.4227701446152,98.69577115244412
2584.158140804082,7563.731040682311,469.54794204295825,307.2945711719718
5722.9605212353845,2658.4586178152167,916.1223370567075,233.35356451282286
6273.447194536929,9937.333336281545,627.113841221782,266.8619360123072
1998.844032764147,1945.9061109936777,825.5218363135829,12.083986410151468
3763.388602090171,9215.125093160965,257.49830724489834,337.5038685852662
5263.664033718407,7092.588056028761,1242.3478033823635,304.41490014967724
