Xa,Ya,d,alpha
2769.5725754625714,8992.51515961429,756.5739042884496,233.96123982575114
3265.1648431672343,2616.4752653831147,471.66305221014903,176.8700666917079
1259.3222352791586,5257.35440391863,188.55257613854857,186.10154730255056
5222.31650976434,5172.757199407022,1296.2450107305551,261.9886669153334
9630.046740203941,9605.06557462908,379.5433723031755,12.401086211707632
8840.457185879117,5130.8435399273185,1188.788977773777,167.51541681874497
2813.7925571650467,4114.972901285023,417.3779600842868,317.08073728817857
6176.741829350794,5774.982863783348,536.5300007177532,66.95319757487694
3517.606184789938,4069.0440754262786,705.511046781502,54.44702125277103
8608.234296439536,6903.963411845171,347.63074126432065,176.7035724023505
4413.259414938244,8399.458586378894,1454.2151173410605,344.6243974346099
3505.513804619979,8548.768679020235,992.4595361487799,129.94625367602012
5774.2608987137355,8106.551602726946,104.98632367811642,182.68926937890606
3890.060845957142,9105.311199944961,912.160399539945,160.25464922498728
8774.734813027839,4723.919307615537,1343.3075976051825,178.57548799997252
6197.9944104197075,5919.447958017105,103.64958951941254,350.7560017552402
4144.79840098131,4764.948440445378,537.8643139993958,81.6790464535878
5621.248778465142,6128.613518120502,434.7969250512786,24.18212081482872
2543.46248601175,4158.461621586739,433.254630969287,81.41963170212841
6673.697965420578,9139.772644827963,1488.5986337900326,337.3690473144783
8607.049057318549,9780.025913305419,1136.0053631930093,231.25283900699657
9377.479767599778,3746.6509255441883,1109.9116619214064,1.7111520665637145
5925.869428943775,5720.842750842428,1398.4552540570462,76.50906041500112
4102.867664113073,4623.537814809117,302.0351357728445,148.244120792756
7423.769364032356,5863.956416871484,507.11042241241245,358.6720779551234
5128.475505850914,5047.6670001411985,125.25446328328053,219.53329238915703
6954.291312964205,6585.670732471463,1278.9815631484391,250.95163099700983
1342.907987011712,9988.469358291413,1044.56292570017,275.0757668684008
8425.230842927636,4440.743836329971,130.54502301609583,225.008215031504
4628.86378285797,1312.3939981051815,117.9078855436106,307.4857797630982
2958.3396268855595,3232.9412558610875,995.1879395426834,112.51912478652152
9155.295250515339,4918.120898793329,931.8471457959353,50.91369012215298
7676.4385157068355,8432.556760401694,97.96768602705697,328.9190278175511
8551.011878356108,2811.6237955101597,1351.1850084798507,159.72323831187643
8691.388767953587,2558.226903822093,1124.5775360928035,76.85311698281379
7350.963568464185,5206.05937399502,273.4220185271547,204.15746688907424
1193.1673610078055,3187.8581226519022,947.2977192493687,49.47543260948166
8234.699367869369,6524.407477995739,62.759094143453865,305.4506262885203
9349.340716561419,5719.079932453595,131.54922634234953,32.60449601870296
6640.212252618547,4621.981750556426,755.4274458464,61.05292089506661
7584.607077633044,7176.860986962501,742.8199189074213,306.6489475744459
9710.999047536174,4991.200543024041,65.42849086113644,215.18596410064615
4874.4281400157815,4688.849201739353,128.6060107366269,269.7210669848541
4939.330955474059,9865.848697810243,779.3369735994646,159.80203542907893
7880.806205572789,5679.965992653226,374.1463116292923,144.05210563792005
4173.149341670101,8665.699651877381,210.95248321160796,93.54469524906227
8412.966742010318,6199.074435112397,124.9389521004856,312.96628070525634
3004.9415133010507,7978.441901311958,1349.057316514338,188.97793721740234
4726.619968013041,4250.294263976391,1024.8335209828447,349.79261284319335
9486.464085516725,9960.006483031433,1025.384878028433,126.93992736419443
6542.124038264657,2686.322560477606,898.0243785626127,199.1353379504186
5700.090907702721,3248.3714300274396,428.3306809357574,242.4016812084444
3110.045017512287,2974.2268982389123,1198.9478036786743,53.058139279039544
3806.4202819622415,2234.4782784197087,893.0707183486469,264.9660579618187
5510.622174363271,2769.1503479780713,1333.736298703537,270.81022753320366
4228.124420176894,2740.4174238540068,1286.8743773038016,117.19163231972308
5458.444797981163,3633.225802652507,376.9514434123546,338.1900240887167
7598.783243859244,5163.889734289241,335.461864490345,161.18644917500964
6182.531232675206,1183.226847228585,641.8528995210721,141.49728813140067
5397.246111827914,9442.210609075777,769.8551974341336,293.0252646239539
2580.2060022613696,8899.030221853158,1196.3888764586698,261.6886164080783
8351.678860421434,4831.5105851014905,324.7019842505567,239.47465670202592
5644.704984015124,1903.8932147310998,885.4840871918063,254.16683908127646
4068.8481550141205,1588.8396125131394,199.83160004803477,322.01848733541544
5213.9244953305315,6714.312002978076,970.1442375210788,57.116721981940536
9765.467621381482,3185.598511519626,923.3167599300036,323.51389478095854
7745.601922694769,8869.797030866714,1323.0117735074843,271.42716024096984
3131.898158492959,6040.904571752005,190.5057089893621,184.0473879081474
6351.507091909331,1229.765812168327,228.88133935182452,180.72383481014103
6206.272650311281,6045.392142042236,704.2322000189246,316.8701205025867
6706.6160815784715,4331.447918433077,1359.0253550551865,278.5771254283855
8024.386090853176,4571.492873622343,651.5854560071915,329.36099745473535
7564.310597793008,3656.889135534373,744.7115043010489,63.273312055567686
2664.128264331048,7183.380469876653,1161.923555522372,260.7253958187891
8705.414178363779,3930.9879403716736,1084.8647551257477,237.4315829744939
6609.444753076318,5206.237598306468,470.09987448810637,179.33809153416223
5022.708308805168,3375.787093912571,923.4825153560316,225.39140228418168
4810.924859861229,7088.49892764701,109.87422690862965,98.6651316776666
3191.011604146859,8571.376999477747,35.09378778302147,1.1967194572172462
8778.82711611981,2409.5810151747273,715.6628770117343,258.1211097342688
6584.409952533379,5928.794783934735,507.39019528941634,270.2366095264737
2167.703366619059,3186.8488129655125,1113.3637744601624,224.10981246475808
6672.381415352104,4140.502880925085,777.812067687992,64.62903752202973
9177.928628201244,8303.940008818563,1385.1965876610975,351.8603252939434
9320.841528730953,8391.225496907635,1338.901671839023,209.8740304802611
7324.978266154673,9738.719854953066,436.76124799972695,181.951168178204
7456.352126727649,2933.3648346280584,415.2536736641437,162.34398080689985
1860.8513103853118,2746.708997438066,615.7755818662125,240.54908684004187
7707.695516694016,7142.446151326021,422.4401511569509,209.80828756312272
7385.07992662999,9341.879648298318,468.08712124669273,313.32591003347
5592.853751150843,6620.263457912257,950.841911524003,289.4721969421533
2653.973966968738,8595.3166017174,430.3557631511042,26.53015146869746
5207.54247345446,4433.1533490069805,709.8162327825515,56.878733429249614
8585.23442973872,6789.090271704324,216.5677832088417,80.97212389709728
6537.711621173852,9512.6794595862,980.7797797898361,175.35203775644774
8483.127053802666,9125.493294579086,63.43019902720363,241.84234967295475
1882.9188012151626,7506.385918500452,816.8872220409113,272.20605478324234
1652.4432219433147,2345.404507972496,709.0455567174192,250.41329595447033
2003.9056543583265,5951.313589081874,350.4368222013758,70.59691515140554
6778.73650608351,3901.3190857241034,853.2697097492091,122.6322946722376
3684.283835574168,6972.564259851706,1279.055913211531,128.05025899648462
4181.994764526739,8594.518686344527,177.3223910597735,272.04216633831294
3721.7596305732613,2639.5859909059373,1295.528207737915,274.84017377701815
2724.3375418811984,4716.098058427232,812.0800470089965,29.449533290165586
4201.067832244999,4979.575539393391,1468.857894093358,123.28820576226533
7159.123672692273,7759.638309404278,451.8530358292269,148.70611853134915
4425.832721256984,1311.6751199076398,524.5054612204552,122.50984463164897
5320.152360742152,6190.835038629641,205.55510299602543,273.2609989868189
9189.644039085408,9121.161061296496,818.891479195217,24.60999848078566
3822.1496327971654,7058.947723384342,310.6321524015942,48.25359398277438
3434.094960183767,3114.41273496446,747.6208889832058,18.411891787738565
3977.5303441724814,7033.792738004568,1137.782053399948,204.7177394455352
1243.8712585331293,6089.019135878452,1296.7990971538188,3.3899780305491087
6671.088757262853,5659.215433642773,432.24708615264126,121.48220461236798
7189.105876304138,2987.5754115988248,1240.374120445238,305.34258933073653
5008.530902694213,4059.485918740571,406.39548439500146,10.358418113414496
3876.091036492789,3256.166116002677,1265.7000977322923,66.42886002418977
1200.2093706602402,6075.166567228815,1093.3072454415717,223.10990224921147
2992.7183605418213,5677.199505690804,1118.981352930057,58.456793246963734
5982.962046105504,1890.7203574208506,447.4089558926525,136.534107759048
5065.2474922641595,6359.442292474339,648.9076699417903,116.32001884854085
3267.8691322284562,5624.064931609199,495.221477124511,235.5081352286131
2716.8904305728984,9966.134376352864,700.3087875505124,91.85756306222397
3380.513869940474,5585.800290450677,520.1529441599308,268.31753647551335
8699.58309420132,5284.415518398343,1360.0866809152703,354.46080127533963
9667.57368332384,2846.929895149414,639.8483537037756,84.06096261713627
9515.916623569707,4534.487273519347,603.478380607179,256.284436991049
5770.285449656431,2461.869319573986,531.419535283767,151.58582383119608
9360.186258653473,2659.598046566073,434.06121543120645,285.00241168182527
6140.980126541791,6034.346567185797,1138.5336557660312,176.56690790194332
4205.179995078559,9799.636640496195,1148.330739900639,258.235011505795
2188.4054761645566,5184.125941515902,74.35177995244747,25.674481438690645
8698.532358228898,4612.007010124558,1436.6301382855993,188.4404170178121
2958.659496939422,5347.630462960969,1182.2510848595614,215.46329665043086
8534.424924465358,5945.715984640799,829.8257261169914,152.33377339586914
1921.494451581119,3137.8164033920625,472.73591016632145,255.6459286269198
6474.620230814176,7241.582813766788,194.11738237064148,126.2775931984005
2822.756466818185,6004.749932637285,1361.038634529944,136.13271997465918
8502.888134030305,9746.784646546115,143.1373419772843,26.17056239407688
3259.6260682642505,1142.8050098372548,245.2392676782484,358.2305480856557
8201.466189002753,3198.5742934613104,779.5095376382867,338.5770567060571
6407.958505516852,9852.406926852784,749.6028669924165,89.80479024848663
2853.3583621388334,8646.974413926113,652.0883135973077,200.15867503162534
8637.031761290724,3028.151123665946,371.558056163094,115.68273072793765
2764.2379991883904,7325.727258870704,319.42911401101907,24.434787985968214
9771.374664169325,8455.99779032107,1265.491945707824,186.46025046534385
5417.451329735647,9050.132030217508,1067.5051090671536,11.769641392172337
6952.365247415426,8441.020399578101,917.6026156374705,198.23325121187318
1147.9235001553025,7096.078007465292,1235.9981638316237,121.80941173434685
8758.024938665345,2454.6206906710686,402.4012783097499,8.948340568040546
2417.320465530638,9059.64846850467,493.46656881803705,47.57440453133973
4881.857541720801,3156.6159535345787,440.7887400800347,165.1943327664386
6009.639416257719,4509.390479061282,73.3530685720501,242.92035071613705
8146.75947280488,5665.72347006061,1223.7691358006361,204.29149847505633
8833.112511444731,4697.002344770634,851.4717186715848,173.0015424750249
3125.279479614661,4418.1734655042255,323.93908745270835,180.97494698186972
2688.178500331841,9552.439704498618,46.16915739192484,203.46060431019504
7558.774704654546,4037.6377511544583,564.3927560142725,136.78899178725493
2762.9118087897223,9895.735890538823,71.98657883463049,92.84419481815465
7211.050944475983,6282.412199199077,1242.3116324150037,69.31958039772907
3096.787018269625,6301.270639773945,540.9029327748891,185.4601972290105
5528.598095466106,5823.924194002565,1123.7210068408551,128.47239477078955
4010.3904736878562,8083.219805555934,1089.0030391737057,50.1985187088004
2933.52726477106,8448.440506080355,1494.2720315917684,111.11357726780653
3121.648116195638,3539.422842173289,409.59927483454027,9.263693798932753
2804.143715894328,4202.906766312211,565.006461470455,318.38510655517865
1536.723250881749,2913.051097441712,414.8593458179613,190.3850325892208
2082.5986441928626,4006.4618884776355,79.5873283685515,163.17926373773676
5692.777368615721,4732.429029536681,753.4614530489171,192.36841678007707
5712.248732023716,6695.335826973515,531.1371655027103,59.839749637153666
6919.646639580657,7617.128674472056,1317.788636805341,132.82203784357887
7520.219662408553,9500.751888446597,643.6233102913188,195.83588733240447
5419.16609980945,9569.300171855653,848.9863248463378,173.53454289825072
8680.095134271978,8046.639608765478,261.77288728238466,343.43064890967713
1952.565958670877,1679.1196711676841,913.6554226338882,287.0415106376913
3627.1301330678025,2857.199349377916,803.5785606586023,138.0347892416194
4723.396776789457,9800.892796798711,333.95539794539127,210.5563086143745
1693.3209991725394,7185.842902037287,135.6178109497316,12.077288811391373
8417.13524790468,9498.321249646813,632.5165993470736,212.89071600051227
3180.669244068639,5878.975435840887,814.2561703321674,223.73169674736295
3682.5312493886377,2608.425400535126,738.9471501343785,265.5493820270846
3270.198895672145,7628.709715750572,1231.597611277003,99.50564045526896
8894.646945418786,1767.8338704490302,566.0856946697965,84.16530975451506
8145.422737173643,9172.61699862888,86.76100354972392,69.35042636611843
3220.6260130181786,5640.823723425872,1137.6923304448737,219.02123675293015
2118.3164004143337,6673.2227689698675,852.4096710686382,337.6871920329286
9895.27227206139,6141.890250917852,78.0745854567362,147.16969586301576
7056.066740336584,3350.300386406882,754.6598366497592,224.62137799244158
7750.426031639259,1393.2951043635567,1385.8426735017456,144.318739356489
9884.245291005544,6143.536515835095,329.7446744770874,356.73688867472794
8233.106244331535,8574.358616573856,547.5671274171177,234.66425971281723
5568.898568487805,2861.4297442832385,1221.7805512441544,38.69082346977783
8816.390449103252,5185.636517000114,1102.9873917364835,133.75483585119767
9044.253092426025,3557.3500563118328,251.19568256752532,188.54283507846404
7789.671640979846,8487.58698165588,1145.9092143154814,44.88506632932388
3380.036373228251,8889.07201049877,394.859513796136,68.55148922775959
6842.998178054597,4683.206330292425,731.7468476953949,95.27305874502903
4816.502791432907,8684.748009092993,975.1196009263135,344.8576185630601
4544.898735540532,8694.018656584924,643.1531324667047,2.9173984823451184
7901.392718672131,4233.65427000301,327.8690316461651,101.26927354797552
1731.077237946145,7024.055007220194,417.07329200711024,77.15342875438951
1180.186381076643,6173.85868628869,1198.1259651734701,311.5745767663134
2202.109450774832,9988.320290803766,381.65545612878964,333.62059647024995
3531.8968672595634,1548.9447362543574,1412.2823829159656,323.3342872409157
3313.8423449397324,4414.292611647199,1499.2170791662102,67.57193597097526
4864.354220264393,8507.797985407204,448.7150069471266,135.75973295044048
2513.3187626334557,9866.84044924919,978.161761035411,67.06944184405224
3302.73732690887,3062.7282664758804,956.7450704384229,234.06723244784274
7571.222919595177,7596.289568711654,1471.3166284284034,122.43606494767735
2402.478318551395,7710.678900663189,1198.1386830798656,152.42351295541428
3742.953960492119,6104.854242203762,1.6542922818370673,247.86369340081347
1312.30049869948,6005.946272596398,273.280187790755,333.159487701727
8431.065059989309,1486.3403791270403,755.4316929361734,56.264030152026784
5648.196788156267,2778.5673321031845,393.13139821814207,295.73753072293584
5325.166156242153,6660.162861993097,1393.055294262548,180.8239996083756
3344.8069401662055,4763.453337020373,1462.240613657443,324.06729565478577
9886.483213544663,3722.0622076711693,125.3615754825776,22.388224368923588
1922.0206106720166,3030.1698959504647,1453.4176870440706,4.815068551122655
3312.6397105282263,2817.86905768042,934.4296631513726,250.91946580640243
3954.7808132976716,2773.5806842309594,1304.0370629021097,306.5268951567527
8768.124108023812,5610.348330648855,91.88367490568045,314.3136950254004
6856.351309011663,4099.189024672196,748.5050344276984,146.193072043552
1871.8874042099087,2841.9561989142676,269.42166769919993,53.21626609791841
5171.981311463866,4575.96140792263,905.2468214907909,213.6192108902493
6488.762743942265,7659.159701176843,629.7068373159508,282.8537029533668
3034.439014417211,1600.9611777177715,197.7414132980242,328.98419469727315
1620.5312999832604,5725.566042599655,1228.376530071799,306.10494317801164
4145.04425729232,5683.668691784227,433.7607407246899,311.6688429002362
4306.668922665557,8947.32571484681,1349.7129296331052,169.5898753083215
8181.603671394949,1923.9174610097825,662.8405423316661,231.48476873922763
9125.194441859028,3176.798606033115,844.5511346183173,122.88508620065267
2570.504524187114,7513.412957030758,418.06254902220127,130.18160093467486
4268.523230414946,7765.119297691658,922.33159723835,310.28292798166797
7418.339399764898,4471.264426750951,356.72383126904936,98.75808750503928
5129.420009430115,7021.848891266352,996.2605503731945,210.71041977699215
9473.626053087764,3792.3383021637446,1291.4494438304625,67.49925968992427
8849.665467869532,3997.1633916515975,7.856352924299755,344.2689496046182
7197.713387418421,1136.9581665227893,1287.2193523440303,229.9487667214307
2849.775043098257,3495.2957284856225,811.709385365793,318.43336108718626
4401.252927932426,9936.848998552688,961.5499488811844,237.13950914045392
7467.077646774387,6377.204364810436,1198.6095829887554,338.4348601934036
3585.490638743525,8926.225688100598,1143.3492081900445,208.6186394420807
6586.946470808977,1369.788265448186,182.15976869536956,231.08599996545695
9302.05512855443,3507.2892402325406,854.2965908914812,181.51537562929107
5560.646462118828,9105.69389087095,181.311934925198,73.07062925681856
1777.3404917519824,9894.109743138566,504.8789499888842,203.7612059558017
4084.7661409422117,2155.438965429283,1128.4488506560233,310.21655423712264
3019.8633216500075,1491.9905342903573,640.0972795849,147.49366766669888
5243.356931258786,9786.830563293142,698.1605582937777,129.6647669144871
6062.840862127769,8366.698739312533,1050.2266395717938,23.78105827060259
3084.1268299319404,4196.474541442006,486.6379124262308,277.54817730977993
2458.3138967815967,7696.705454831754,168.7488003676121,328.9619322483502
4969.815594031146,5144.500571937329,832.6560371314341,265.3011148391635
2548.478470525858,9728.02284397061,947.0661272168959,150.96336988324094
5104.877545781816,9398.535936642194,1231.296179183939,242.9581180999466
5247.614321253745,6290.420195891711,91.50207263718296,307.79547440639107
6811.534004609005,4717.549136625354,483.73668785664984,199.80674154114283
7666.737301993171,4960.222936629822,716.090463286647,243.46819910190342
5724.534340717859,2735.9520545412806,1412.7288376439524,159.4218906651232
2795.8426949918794,1470.787008512542,1055.088307550249,104.82213388222827
9696.715121183948,1546.7009058635422,245.92670052924157,321.5843161551219
4914.022845385334,2930.0644274515125,959.1326244126631,158.19040396590577
2166.2005641707215,2116.8502904531874,732.583995325512,137.2218126724222
1451.8569181888333,7898.54462441737,81.46359758218166,135.9871965746081
2638.729476723627,9835.600708990714,979.6344833718099,341.1758534998447
7263.45079995392,8659.23296445807,599.5879646945538,280.81215855459544
7245.451327092754,4532.287162682657,1053.3317851299264,340.0638570644913
8151.06278744069,2479.5175582508073,1101.1248997340103,97.32911271109265
5619.1728952692365,9253.367074281556,561.1553127762985,28.452018705241343
8175.195973649888,6308.436882998931,942.1599573762769,63.579934109555225
9071.986216005113,9426.45160104389,219.65069366663667,69.69982561068295
1321.1740827897556,7819.998819932177,1141.3412272748487,348.76916455999367
2107.53587242949,4751.249777705261,280.0539386578721,318.4060553298736
8314.634394928617,9809.100024936282,695.1980113193337,329.3891803279958
7758.298768129078,8401.591331099386,1342.9284496759753,155.7525259576574
6287.134001106324,9030.149094895429,1044.8969536914408,287.0469562752
2443.378651179063,9582.876190818504,565.2194281441285,63.746973958870754
8555.360910183765,4005.885375810838,174.4779399914197,12.925379526333382
6996.323176656173,5394.613716491989,1154.6803677489772,248.19345515910672
7095.169925851514,6266.866253573651,1319.036211579236,170.70111876045246
2061.975869284791,7622.156375102087,714.1830177673179,341.1575207022215
4795.347269420743,5078.806028733863,554.9456917715206,66.61679657546517
7405.1185843001695,7249.646370432246,885.193212139275,71.77653790054218
6759.410769631059,6968.58316607381,56.63621778209047,295.06920560084046
6335.440668413259,7729.376092134466,121.2741559202516,279.5569106613206
5749.461135459293,8124.113036175127,1259.1742224664604,59.755453564045816
6045.308480589491,3959.746860723567,796.0141125110405,275.572765599257
4857.432300348892,9532.640280056665,1382.6220224333986,109.25654327859668
1834.4124913518772,7161.794896084179,642.0900215334801,167.7700517006321
2063.989483585231,1960.1766364774421,366.1762459247181,359.15588137373425
8814.56767533417,9701.653569616685,807.8454191248704,79.29618879959985
4533.0644430505745,5746.958519149944,877.9830058571165,295.4193665784157
4639.571277519955,3955.0197581398834,99.11102818117016,110.15422519311318
7635.614587589216,6322.075662394806,713.383662520295,297.684100829667
4980.5770105845695,8575.597227330636,1382.2733027927143,136.35025157304213
9430.37471848149,7470.053419423724,961.7361551405465,170.76172067222808
2098.5260067150966,7249.985284596747,270.7970113226884,117.02564669825479
2900.805565077659,1298.2022937480333,743.9604870903299,63.33545714606566
3640.8713387293124,8348.687892994129,101.94804184992573,75.96730859902972
3354.2482317162235,8957.163777748661,1028.9162293933487,284.783652180983
3098.445017491127,5683.306906610575,272.1941870377612,228.83322220710204
6823.300846140704,7626.474557403591,621.5482706113722,309.33415837451616
8148.888560127688,2599.614549311399,840.1251404146984,238.5800988078542
9284.525625431232,8821.22821149927,878.6059524569142,15.664064694741597
1960.2423709759814,7710.582899612023,1244.7089642731764,142.51455849025885
9552.502298541001,7431.678575110204,41.42099046855624,56.24524358135507
7417.411551955277,6658.616557908543,1187.9910816351266,259.71153703600424
1215.037753472372,8211.669208304731,78.84263431313613,310.045117946405
1779.293169730625,7866.0687183538375,420.43894577518336,59.98939626787484
8912.558472354827,1296.6380229541599,602.2536691651384,15.887638025004717
3961.616044101844,2766.2577097625735,1497.3547226057597,179.59077681851602
2792.6457516040787,9774.947780211898,1322.7990896805038,188.19364838824467
8832.685237433474,3960.8408588215502,766.0970393928799,38.00929466432341
6263.628087382501,3492.659346524248,1237.5018817668652,101.03064986340391
6810.664896212972,3810.3716642909053,1104.8881018012298,342.24692871337703
1252.8467724349484,1189.8167485357092,1208.86965236853,162.44934681923476
3262.740190089286,8512.987272956238,360.36746902843606,303.16118669989334
5629.159276317253,7114.65898257219,526.1475237748898,141.74896628901897
7829.018310530442,7628.783406463777,39.67487085269532,47.14719884944028
8554.451528544676,6641.842733059231,572.3405452621248,229.31408104934496
1609.4247590292803,6889.392985682344,1498.0727199046726,56.56180841981303
4497.6636179718025,2510.2792024667488,111.73728601739018,186.96234377654386
8761.003045131522,6544.586328844605,1447.8549604787781,7.349878878158079
1515.669938496364,9559.808814343156,434.7590230257398,280.8079670820002
5425.823189288437,4513.91594943971,73.18259771855702,202.70780063017048
3445.243051991028,8309.744894943131,188.41022845876017,38.177826829692805
8044.611262749414,8336.38085343381,1338.4567036062522,188.82832998642135
4129.694858554219,5903.187485533011,1291.1033219447613,269.8638532055446
9800.241309905878,9761.340574207314,513.4066565309853,242.8918789946051
1826.7902335376866,1140.9072826537176,1125.0249170466748,247.45588717938992
4112.44927719089,4276.033079434837,1266.0458980169863,336.7324597243438
3273.9343445382883,6266.989117665526,719.6349479957319,264.5828837901616
1639.0704903644807,1779.7337626372719,1178.9206652007654,112.68900531907349
1814.4345781816646,9097.433914700214,192.62869847976697,130.54247946447688
5894.0050508690565,8476.744137865444,845.7004297958104,194.6484489099105
2738.418257910883,5129.9676130797325,418.87042661151406,153.7886537025337
5394.783450381877,6805.788783898124,523.607103911969,80.41778487230877
6356.249153179863,8887.69897898121,1398.8800430969827,330.58266376624874
8376.37120038406,3311.803181849671,422.48806554726417,4.35467327603044
5609.483348396772,3449.3830069468386,505.7232260548736,51.9429282891002
3711.494082687445,5678.460752863807,780.2455310082368,175.20191648803058
2822.549961828323,8143.449261234774,1049.6283432093337,104.00988138584479
3527.947364415679,4706.863402501644,413.232194220626,249.90671543860572
4959.8898139483,9089.83737512422,12.881220338818492,45.26943715334305
8381.486599958418,7757.3574541979,995.9229612182232,103.38940824821229
4250.66712206501,5757.9917028684,155.12670109255185,63.29507775495377
2906.3128981848868,1787.9636881460647,455.41005926329694,35.2687175474456
1825.1471416945253,6978.8349210277565,149.82828254885212,336.1740749171576
5838.982213101911,9604.380964175094,1183.0623069170492,318.2196451364111
9758.195770225664,4367.166594860664,1112.3679488527118,272.7294998835573
6050.085893412002,2673.2105408913953,1259.4876741403782,277.7407912733832
9985.77777605467,6743.73554073862,606.532564904914,259.26968189321155
7512.148091350464,7706.144622192173,867.6808132461437,46.82828739248427
1391.2481208040494,6792.260748128234,575.209777831229,41.833292407944775
7642.614980958116,4688.370345400448,1415.2271314828013,339.18719136657853
1824.0468367601547,1112.1554910890954,1438.9880866428591,49.78367012621475
8802.018136585591,5535.185639664317,425.09683168428785,115.53594949021114
2724.9393853249057,9866.0552680061,242.13020194277055,331.2472236898724
5248.936896765092,6060.34472297244,606.6758638531516,171.15643890713633
1559.2397761951538,4077.6253878572024,629.6030589493081,6.205448649683337
8746.202823039655,8497.730363198432,1335.3416146199884,21.38301600684245
4318.716417655678,8740.99209874136,21.40099979776042,174.31024007320704
5249.590908970683,9198.776196534986,1464.2784132357083,109.89457407595783
2302.694317950957,4732.240127051556,618.5658802655043,163.0099202859093
2251.8595185145855,3466.558690268473,1240.023006105629,230.66127505228818
3912.170515651869,6391.747440960984,1257.7708803622997,167.04620523208342
9737.427873570467,5957.60998098712,1201.5760081398314,188.76702739532485
4056.7162990746883,2476.5367681145653,527.0136766614308,158.0730915342809
8138.901336187146,2379.298661426613,557.3116875137999,8.888344412705594
9523.708355785744,7455.256960775967,699.7246561008673,358.2765986117198
6475.3514737402365,4582.350650821987,410.3825552168515,223.5908522291637
2676.8765415647167,8188.527083399535,142.8477383843489,85.00118891912854
1165.142839963054,7830.512844138347,776.8942729641736,134.81167910530797
1996.1912160553152,6717.666483511831,1129.8783651287115,160.2937403061692
7531.614205161284,9705.795449302912,207.97452367362408,92.41272066496963
4124.343471377761,1880.0958914614516,342.0991659413019,107.1082407282414
4136.169636818449,8742.757600982884,580.6965309132364,211.63114161238317
2053.908075220541,2999.07478221686,382.7799208070538,169.55925806613394
1532.3085369568598,4935.434922378279,158.16189340586774,32.25351917538372
6706.133201255193,7128.482109969331,1293.2558474355549,26.398905576105822
9932.511922152487,7936.803310122487,1202.2790772550914,220.0462354285484
6591.808594102098,6614.899054816573,275.7167139107427,33.412125072824765
2701.994653100156,5355.678056925207,894.4851902082761,348.04265183689387
7817.776250978955,5625.458439048154,741.2247418053847,269.01678863245314
2589.8080725194764,9737.21429529705,882.7336071640998,28.882477312919548
6618.195408776982,7943.938824592291,734.4658808709896,35.03094342101955
7703.03236945969,9391.547834040695,86.39138050029327,210.4260633785745
1944.1026214735984,2444.6769306719325,28.497324403278533,25.42871195333713
3543.7073114528903,9920.124169636716,515.3946303921773,73.90569015710886
6900.556678857194,7654.158898697879,931.905186122396,92.44847788568448
6117.05504590693,1718.0047809889638,1421.0922405299816,113.76168468766753
1964.6772022708342,5527.599942643988,1346.3361649354067,240.98011564703097
1887.430322732885,8534.758131165338,263.4041811374216,133.73018365422573
6827.134695855873,9985.176135168513,1356.3041118944898,329.2276654811935
2503.201298748073,2428.016927115949,760.4602136447579,111.49504040879671
7496.4948055399755,2619.4869561789665,1063.385561978812,266.44416534606296
3521.4872190045635,4517.545371158334,1164.9147874778396,93.87102311872574
9015.512124359291,1182.3766373614205,507.7490846964833,175.79980222814726
3854.169968247664,4887.463363394947,567.8425147998648,243.52372952287627
9657.771884868445,2430.91081186037,236.83241343648723,62.87364451820474
8991.75151633662,6020.879939951835,859.5851273034532,81.40418212411497
5321.2101817846315,5964.666801238242,410.4006644963187,357.01177291689214
1500.5920718229117,1348.1051452933493,1040.8373172484455,340.2308696453005
9319.995914645213,1606.2755629855003,1470.2013831479494,339.768196240077
9960.645247508533,4142.1706326896,699.9604786960666,27.096997931718168
2057.565609102325,4830.101400666472,636.7082177041698,327.4745098289988
5564.612270622916,2966.6595726887435,1374.4741364094027,56.397595554696764
2154.965455118463,3937.971669937653,597.9008020937999,200.89304029105202
4209.981304035577,1941.1826286771154,755.5398906117498,357.2721109590708
2381.5003107910497,9391.103202890348,1127.6957580958908,311.2055935847136
6973.372100941934,4396.3054072019895,1263.8230726110874,209.70491743752308
1421.663247370429,1205.5527351588287,555.8717941903946,113.61823780424254
5477.359013844898,7642.109611378179,156.779282340294,197.33903335794355
3233.353209306079,4913.012669368973,741.0295605276018,63.73221274711219
9902.431269116705,1333.691970254329,262.9673151333003,112.53440200112372
8250.037510216483,6847.324609942315,127.57938661832091,242.1059767722331
3621.8382772904265,3775.336339998236,351.4390998799829,306.0599747112526
7142.943324266821,2774.4416893831167,298.0903816769719,154.38111279535974
7399.284395081999,3449.2288709825066,94.24693542646934,294.3088452259099
7908.802868571921,8298.933221264611,482.4218649840154,108.01355947799979
6736.28086742434,3314.3153406678953,846.4835676597985,73.63963015540507
6313.93065265364,6922.444879087146,396.0074896561695,209.71341688770528
3973.962211814017,1272.9042003628351,136.5865604814201,294.93086536493746
2824.933297327708,4332.81353045106,1048.7838426093176,285.49790369165703
8220.255062535063,2406.4371712608427,982.7903387650605,97.39874439290561
5750.191771937135,5546.099308472974,951.6527710278616,282.9790374089775
2205.225777697249,2239.369710632498,274.04970960964215,22.7717213314935
7338.914065076503,1181.9812978338227,293.6143644238104,197.24161940192351
1410.0688650393574,5985.489293953334,401.98500830667393,194.46080883483924
5154.339846864252,5764.651558306709,663.8909735865093,189.36398647881668
5278.071487424477,2928.044227759266,968.4436373226359,265.87754496389147
4004.088829847982,3201.4957362224663,314.79172903109134,259.7942231440232
8132.000609886282,3806.1752484502767,590.8876796591046,184.1741192408926
9040.026759387714,7475.499417645917,371.9821387803138,205.13910997536576
9938.382014228866,5351.794341607712,1265.466805324318,349.39124223684325
6650.6681633956905,1593.5585009225356,1335.8982395561375,98.16223025364799
6376.88106342217,4401.616841983483,1012.9228354628574,18.599447351369328
9286.655164680767,7131.080696368491,509.10920678295633,111.68381902138755
8660.599698859312,8412.531057912287,786.5225188990611,142.43117649855364
9938.776927064755,4137.858277163447,1393.0987657604478,13.744906540354819
3873.2808817016703,5008.935460814284,110.02267163749259,67.76554779996125
1661.353437818549,7188.991205418424,1044.0056999357598,266.032050336807
3721.0030294944027,3591.656170016746,1454.0801032591753,139.98635033282517
4476.474363324232,3563.7553013175984,887.0256461900132,323.9165409134466
4878.434194406189,9569.164785891484,957.9835826198126,294.3201903121666
9859.477993308365,7093.366424369703,953.7006762442378,333.76324758380883
4915.965210107374,8992.38956530422,1418.617487711642,333.85352006472067
7388.757885989481,9625.37983181612,864.944158583837,298.3786550022267
7316.331750594276,6911.464661789509,1332.4838840607965,95.0169429647461
1326.0004307101226,8663.173111036138,258.388720694085,173.94547731526163
2033.7584326598412,6362.115655935234,798.4890348973099,281.44079625006617
6929.02473207207,1292.6085917065898,84.83078809454656,254.86812575774485
5500.395712530528,8866.244901553664,1463.686679519923,33.16846009923702
2908.1431963594573,2838.364204392485,1143.9632648294428,147.05690988482144
1524.8063446224041,7365.069768333075,1106.4913720912168,50.04753614620001
2907.423158175388,9847.83890817039,383.23239367530954,51.24194306042021
2633.2815785691,4740.893926578086,675.9362711443707,312.89650810865635
9676.58430788299,2156.4805463530174,368.8249905135983,54.06882148909334
8203.567029338828,1991.3225641829451,461.5071431612704,132.42008468566237
6849.208956218753,8220.248762311487,692.7117009216449,233.48677191067745
5307.213020803485,4455.524388773074,1223.1619004235768,172.52434362938203
6299.283136802053,8965.121254608928,610.5844847104124,128.07464677617435
8953.626060319704,2482.4632486682117,346.7367703768667,256.85059995238134
7027.92051375308,3782.525463963035,630.5082362226011,143.9151726640346
3225.0928383975083,2760.737803742856,439.606194353432,137.43605140184047
6338.562391513238,8353.82041045494,1080.5550245933207,354.16474941618145
1872.317196952627,7637.260266589838,1021.639119227582,259.6980183135109
9206.868462552218,4889.14315689005,870.2925359536835,273.6885943887692
2655.9708907377926,3435.715767594979,1411.0313031154508,80.17137719731718
9939.870964310889,2970.8091042815595,458.1694151038797,299.81815868570357
6667.367954835471,1841.54320967284,1386.7462969193236,282.05049297925007
3653.3369018592175,9951.639692080684,29.67453547746168,225.2057237548229
3050.3307745252177,1365.8412294096674,750.2160745080541,254.56099181275746
4474.047459918951,8557.908691374134,512.399645790061,12.82602360267634
7157.507867636735,7539.486617942404,290.24092270035396,165.46948031865898
3680.0858843755905,6731.896884460218,1341.9686399372854,117.96641044671381
9138.805273567204,6231.353264111914,1394.8462695980902,230.83330365112081
5397.8573120140745,1514.5974995911135,1200.7829076853086,299.9934991574622
3175.496540978158,1725.697806907503,1247.4172381160422,347.37467678997626
7863.875908135406,4359.590624676114,500.93228296575535,262.24266863338227
5311.154543165011,9785.260061165287,447.91944213276105,229.09436868324156
5757.086766632627,7782.955288076321,1202.6763473337985,169.01700832849446
5664.556759313454,9294.943362065584,56.4765996176105,262.16497399862584
9305.47755542217,5057.474489300542,884.433039518801,157.29911297195787
6851.702597065744,8502.963688232481,679.7525462630124,136.19914171707154
1198.8125937702673,7585.6359792736475,704.6613944742836,110.41593054001609
3708.6412776038464,2394.8088640875085,578.3568579380534,297.10584038396644
7499.528961914144,6392.431417054031,1098.0603323150933,130.55520992198717
2676.7789293424466,4325.724692430972,753.2147015290366,48.490497948980924
4120.100516738135,2353.4393541130385,110.28242049929361,333.361321111811
9375.265962144791,6675.827292077669,1037.1956350141286,91.91415051049026
3414.512061078522,4854.907646009284,331.27406818724023,24.324567951681903
3500.059193694509,2679.615274977851,953.3396954078588,229.39783147310052
9802.433308740407,3903.9691697755625,569.9730010179217,263.88377160783864
5745.487182674794,5644.033234318055,154.82431764857753,120.74493735544985
9525.76429144719,5235.0916757431505,1115.5555401029137,17.14736009942339
2450.4891532434694,9663.071491225046,1441.6762514333734,144.29002715871826
8831.673435031444,3317.6557678162967,44.228998672472954,146.9738671848537
1275.9460939875325,8403.173879492391,1418.175432959346,172.4929543197132
9530.43854310505,6015.58451187772,415.0269350451483,197.98717302284604
6834.837926293061,4211.723997533854,868.7670031861754,226.13578379776823
2750.9825409632685,1425.8714286094214,778.8201674213103,193.3045999913641
5939.838271695389,5988.222424315193,1363.8305181538565,342.6413085125578
6866.85906333672,6626.613622786883,1204.336152138517,188.76208112352992
7256.072434732019,2738.0829481995615,18.45268254763231,344.6958926008952
6682.245678857233,1374.7483069254047,240.97431017647978,192.16231600498986
4041.8520554191005,3674.426652965273,106.7941007276843,337.75684281831474
5078.484143122172,7244.35054858882,761.920826380306,258.5190796430568
3228.7511108023587,7453.0028907521455,1204.9460054866015,203.58177755037437
5503.976472302475,4532.334237666195,490.07159629356175,139.8791219634638
5320.597362356711,4378.532361946699,182.58607875766194,113.50902559888301
4609.212273342413,8738.585355738509,303.0465598372807,164.5521230932146
9479.997436817339,9772.6677544259,525.9243821106497,102.08454712950436
4260.898307947886,4652.244465061508,85.21229764509374,182.70549215158246
7781.571404708057,4141.542722948915,70.31909935318983,348.8471433302461
8106.246067831535,8027.594076354295,371.02753496414675,336.27587768687823
8835.363301828515,4246.061691829711,572.1985533051782,159.3540236219128
7202.352431847751,7192.793089295746,344.74293119146404,27.32171464943813
1303.255635512618,7919.909034725165,1158.8580085780407,348.72518462615255
4045.764490748077,6088.6955223701225,469.3965581939519,264.1601020572247
5345.416599622928,4478.085705979587,273.2645747283203,72.80234560444997
9562.71675943924,8185.3169325194995,1130.1426906784027,168.09841440550284
3739.793417024558,5096.043629669326,161.4247989702438,207.0501417785207
6511.765765666584,1329.5840002713144,677.9134648670455,18.935679629945444
3888.771521209612,1907.9435134482503,609.2652731759426,153.23614776337232
2224.1758498217914,6569.275925839792,1287.3821039853678,123.26358511986791
4338.33997539632,6716.760250441802,751.982681768373,24.272980624004152
8662.11803442462,6818.726057634551,24.252146958151926,31.167108523805346
5641.970138278249,5264.2969458992675,1399.661362187495,219.2601199614109
7679.26821307237,9673.69943131382,826.5363684767906,200.4355340322497
5712.563875744662,9783.353223591228,67.77847631359194,115.32967904367275
2494.2904411508507,1937.9053166160284,1453.8756113518632,76.36342625982088
6288.3576136754255,6584.8768862493425,986.4186893564463,161.28244434875228
5397.691301556873,8271.200373149273,1435.356978000097,4.829376383255436
5546.6778979750325,1136.3687565516611,1323.285909527658,249.96007624201297
9585.306396834538,1757.2531071581172,643.0364158698625,137.42061501374044
8469.759179399749,4300.0890778342045,1069.3300416286088,215.3018159754961
3492.5437510608144,6523.006588874115,708.179301181085,328.3509261189297
7298.651056836322,8245.515104262437,324.1931775155322,353.5427069360453
9726.586738043521,3689.5940785966204,226.97713788306694,129.40581089747684
1414.0077966566705,3039.3369446038178,698.6888345968499,8.47292843841674
5639.960475959499,4657.253638299626,845.8900435991677,167.36233495952
3793.8472479068596,6469.404147979535,1416.7047708288342,92.99599584012222
1422.9222330168905,3424.369472065873,1387.438833287152,108.05640879496525
3330.27823128036,2073.131692149529,647.1076155406622,351.4772969008579
8704.158926180336,7529.322312678307,668.9414155574468,331.0853219924803
7421.436277897725,9386.96023603243,223.9460440897642,8.404882874801856
7165.449918923505,8608.15277991043,210.18191900439538,348.0664069669774
5926.466631575237,1760.2118139882766,437.39893662467034,20.791641978908412
3172.437948647714,2582.143311424883,1339.2522300350236,270.5122698044823
4418.214928552836,8414.941761418886,388.9861849345656,105.39999855542185
8124.88869733029,9625.348687312699,1371.844594732844,295.8792752111541
1328.2874234846304,5868.50078295135,1359.2129473497062,299.02331975734
7556.422726081777,6977.686734059469,458.2579865659697,81.82034773115171
7813.318713534779,5890.609272783437,1488.1706221840227,142.6409584250432
1638.4963062598422,1558.8146398919444,1444.8506159222707,305.7716294715018
8570.135544937788,2542.5614030912216,1071.5236087285475,13.004730438100852
4540.819997276118,8013.742023205226,1325.8202187626177,81.75418344460309
2799.4021909483254,2461.3399302891903,792.9164359244014,37.60079143397391
7638.661126053458,1287.3131879644434,538.7613459803883,302.5470177669628
6607.53442521614,1234.5375823321435,811.3502364447558,57.80345197298278
3478.9542123400897,5439.846029152189,1012.45983130977,147.29121111491335
2050.834124380498,7751.522855743496,1052.9501434190984,25.634594804825436
5042.322884562,8593.30619018061,228.10915645538196,87.73975862838972
7695.019730125492,7246.965160316853,1037.4947011886125,136.96019101284176
8333.771045785903,3333.022397269351,542.2467653413743,263.0095984767392
1862.4761887144766,5121.645903397342,911.0773207754136,96.92608590372502
4043.7087899904764,3773.78338742472,670.4171250018765,173.7473657768443
3306.3922082229037,4335.136603027035,1240.1294384549396,294.0396571107425
8126.563207201014,8027.189434981268,907.1913137548755,136.74372993876693
1114.9123355836168,8489.583524761441,854.7160388784994,286.6911717112908
3743.805677710342,6509.421610018657,1474.224098187622,46.71105862077179
7001.6629365251465,5508.479868601181,961.7191190778717,220.77133175582475
8394.652051156721,5252.534519043653,1113.9546501055286,359.34907821043237
3067.501211000428,8965.731055824781,264.9177673359378,178.11970592573923
4968.955294665075,3723.917689229855,259.54494490116923,248.0051043456133
6028.1611903312805,7040.114539273793,343.2343891692282,207.62929626182694
8709.63772875755,3790.168923117098,74.75648007406868,93.5254732323767
8304.167574854328,4205.398963134068,1419.8247902925698,282.30458294011316
3333.976599894544,8851.787418874326,1370.4813983327276,319.6860757008029
2100.3533579782343,8175.24968449946,944.0047075178488,178.5979704533865
3211.9742286759306,3290.357420542258,663.081748107188,87.11528573432533
5790.281801131474,8641.605595330679,996.4765124446908,35.28485627089333
5282.7439401376,2875.5364771480567,551.4746012144939,332.91736114184243
5565.1176454617525,8984.5739869054,412.4696759113558,166.5213205761435
2912.396020993062,5909.524009480346,813.7812909806265,20.807830672696838
5537.508095424693,7401.125956418115,941.4515192035743,177.9037746926784
1951.3913385171418,6190.105088073713,1195.5873678295313,148.6313213196506
9128.020552007718,9193.975765830919,1382.5548258561428,8.73080463462577
9794.707895786893,3795.6905273702732,1101.5407228386318,245.41663337979395
4819.828502838087,6346.161199914228,1345.4385997798283,235.40704268942346
2086.6393847887484,1515.3390174805224,1478.7108108084706,274.72685589930916
5147.349970283483,4615.381177736867,1238.907528492423,40.630997413140044
3516.509947528531,2201.6800534431773,620.8757706016868,96.43712383953334
3323.902088487521,3031.344614593536,961.4043608491127,217.91644520716883
1722.8434016579429,5458.544032373153,450.5263052195864,217.42070828101555
3004.35201833897,3891.2584603617606,1474.4904867277908,121.21947327696788
1954.4339102116805,2458.0965894567944,696.7074100954284,65.94687601096199
3259.4152894312506,7861.295341631478,1306.9914540461618,300.43005670657556
8297.148031121784,4742.030206410354,49.84048516268009,103.53133754370955
8771.812746844189,9588.888802664644,581.8875368651037,196.2892599923228
3282.594347645675,4788.4646366612815,281.7680509093757,92.67724424818755
9006.145693893883,5807.562498399606,589.152741119747,186.97238249057787
4208.080570015014,6897.7629473278985,513.0123691970923,79.94369675499107
3838.8762975687946,9313.433755060149,957.0696713896496,309.8990803752314
2422.3910806276217,1418.8574052953086,671.8006851500196,309.1042000401517
5690.524246362375,6458.852243147145,847.0728333504528,300.4583794479052
6399.973861222565,2092.5737950066123,422.80016290403876,186.32677673049722
2732.071795911038,2158.8435417070923,771.0441038571703,229.12376045544812
7562.119798910678,1403.945137863882,104.14761344491954,86.79106511052045
4049.2814770888417,4406.964728206252,387.75728941108406,125.76645173911093
4981.320639476391,4407.124335032357,1276.528329093294,173.5237132183488
4304.85419354481,5241.373655964009,953.59490168039,120.1205196178082
1239.697021016029,2474.386198573995,313.88036117722595,319.77422279019123
7908.836112983932,6799.864091982121,231.78922099294869,85.79335371076006
6212.953759732759,8399.964919166716,451.2555788386313,280.3627203700804
5985.972074353815,5867.026708250583,649.9074570465252,355.6201969662551
3578.3495306901364,3329.5901595802234,1337.077246334891,41.16254305347123
2806.9029818601257,5422.921436218342,835.8345298703836,290.34787285487437
2105.88995727395,8079.261287307864,863.475219329532,188.9511625518558
7978.440145698357,9622.033468195365,120.37374543656523,281.44418283339576
7007.91487064211,7822.512743278118,1467.1368507436196,162.97592465554578
8429.7470517744,5012.60438335013,419.67356360869667,181.77562065168254
7723.859465980794,9214.957050067685,1150.9218000192018,240.04354151578522
9809.218066386888,4456.846397370948,226.70809312619465,191.55198288782805
6894.9205823089305,8964.294167200496,1195.5534552461675,61.46570361166443
4627.764316907989,8982.488111088238,812.7158624928618,272.8720861694086
6298.117255498375,9680.483398092858,332.38251722021823,195.031945352457
7623.957264803998,1813.1591331991926,456.92300804745213,77.55772563448397
3014.071892933856,1209.5222605301701,399.8915869020334,130.27022720127042
3606.6707671219287,7796.77171979205,1420.0986973123695,214.29740959703446
7048.073237857188,3084.2493773947826,991.1012276084288,213.17052909340475
2053.8163235609454,2457.472347663913,756.1062353453524,288.4656101866527
2050.4881517860576,6010.876720464442,190.4563832466117,38.01765338448877
1551.7641762171463,2010.4296421425447,1052.1664959803443,60.449802229974495
6224.239521778911,9438.865832988202,700.3901803265562,230.92105038616543
4189.838078218685,7175.869612376918,1143.6707997499914,244.3820538579171
2762.388345281891,6243.480224133213,410.58629451218656,5.934020971245107
5291.186609385517,3978.098971984197,1114.567032118441,216.45177175839456
2578.3719645963565,5632.593103318822,1167.3053081061119,10.36176754647292
3203.1868826536206,7677.00783505156,1102.879236256428,179.05192758535054
7400.9700341987,8128.186191700097,850.2000167732715,178.89441379356197
2024.0876107526367,7879.306054200797,653.7402253956567,32.38738018497334
1194.9197237853007,1790.5038278437642,231.7979733360277,230.35022431194065
5649.286427361862,9083.80083717463,1248.3825640869986,18.67229972806577
4872.155478911854,3686.1127741231508,1148.771937477816,125.31981837025036
4584.006437250968,1376.1943216595614,1034.6466282296906,308.1058257716074
6106.547156850806,1967.6678530429463,634.8489430448044,267.1380839169211
6914.87192092245,6965.6011336291685,109.00008297876302,204.1226107690164
6725.540752050841,3563.1820948933723,647.24123066652,204.9345912461651
6210.065604714927,5132.524665122042,443.06671300110224,80.1504974620638
9319.646684759657,5448.957737822278,544.7842976506062,232.66797160268467
8991.713288478513,6179.052959733244,919.8918554115522,286.17504308825744
9394.287468968048,7097.612585528695,634.6507817682661,243.14335996286778
8576.402873012377,1936.7160959535195,1298.7389887402787,257.57061757289586
9420.509070739836,9228.427653565894,710.3847479812019,224.02762728859747
4394.632207242887,1681.785370891319,483.59188714545485,99.77635570825306
3735.2007017688056,4446.7048702859665,47.16134338319635,112.47922424653977
9378.84197730093,8718.760309131667,708.7504933078043,135.4981493004777
4796.006291789519,9810.088201833636,1256.4838076539831,282.1450797857629
8734.029694406609,9089.384188549775,1196.864806878938,295.9473907786175
6489.5489449690895,7799.376706005057,1015.5676602527743,96.12788250256979
2127.168071558457,6800.367919644723,452.01919286755003,231.3340387537517
6853.519871961385,1191.084148255072,1293.1969791747167,307.4931174119135
5845.588434100498,3029.0192069046047,1455.2077620612356,258.81648888220093
9232.230947866865,2964.793758330148,63.81255065242665,76.2301568759318
5976.000397235174,8972.263840002262,216.29940230250742,81.68402398134538
4307.167247008494,6100.307009972568,59.47481694869861,123.09919623654704
4748.558219099851,8062.2473064957785,1266.6624606954108,325.8745806835847
4640.27630747556,1731.4736568692756,1108.5706655176043,73.54019616676055
4122.288550274598,9740.410560508157,5.612332233501148,90.94147412607096
7319.212950860734,6708.653050874815,1245.8144329327627,256.92356605938085
7576.1042308773385,9264.358419919487,1320.1174573510923,91.54260666930317
7654.435817143021,5010.063825212785,685.2538537247113,24.392939269638102
9063.039724262177,1625.2713363008643,1118.5142422145368,54.24849554201031
6084.938156163872,1368.443180470837,440.72891038890145,281.89475051117574
9208.025476085662,5776.224823930617,1141.5705341709845,164.1535986981341
8709.584726329696,5431.039209271173,691.6890362651866,241.01020689649084
3943.069780021416,3371.1182530396404,15.759788900698577,353.11652194557036
2362.605403120058,5282.5647955573895,448.97177035628596,23.375069480646836
1155.088218199431,6398.881669858635,1120.6261310963491,223.0693567832453
1381.6105247465837,9617.55221014501,239.37362443238698,27.90214814333679
6625.938340740063,9695.28330659891,53.49161038689502,107.64575227345195
4350.736047569868,6827.208446619636,55.13061542863656,175.87156541683876
8310.493972156302,2198.2696941708323,1043.0222522568529,203.12702972032085
4426.964526546026,3406.908401253514,187.14148414928803,18.592646640996673
2820.814803905249,2013.501860225958,538.2447985967186,132.1532085403579
1266.5175088464034,3729.1860567337653,635.4488823852738,107.94006732740904
1458.2699581601573,4196.967855913121,408.2699656218995,245.573745601276
3240.190397101323,9523.08876766549,599.3107191662255,288.656350032093
1536.767171972426,6006.722615094121,1480.0512009863326,224.4929726202921
5600.968712728532,9318.91812532647,118.24081682572331,185.7823894979306
7742.512956301449,5660.3808814288395,24.948972985603053,308.0088792569861
3398.962709341411,9586.842368249045,486.45377289147996,211.9276908785024
2679.3642867375247,6912.604812989997,1235.3847237220102,351.1590154130652
9243.758901163917,9225.180871696219,351.0816787666027,176.6933991647525
9187.258664659135,7153.820933605997,1403.338241024839,247.2153868511356
4490.395208173175,3983.9717715236247,460.36063805309067,341.43468098040194
9263.847561964241,3967.208060409781,1263.6357062348136,57.53651827486216
2508.539953370967,7285.8176262005345,1296.307792608536,353.5818291258985
5096.742436068817,1811.3055374021665,774.3534498338466,355.6451203441083
1251.1434979560809,9092.470834294998,524.3323700437671,286.8968265201422
1718.5214531104011,9614.028103817996,430.79696567490214,4.96603886313504
6700.952855138218,3988.201316036194,913.2562923486067,174.0891066159901
7629.565640318155,9145.687085491121,1179.9347986904681,69.52060241896307
4231.009269439452,8680.713520907564,812.335203060249,258.919248888309
2660.441150877088,3303.707131010476,632.8843395523807,226.6549313429027
4953.55568794395,8006.51716730331,144.4879191166359,342.3275980886488
4863.324937195843,9662.087868761997,758.8331128269227,182.14939986147587
2985.7300013146737,5541.764981760185,852.5559513811688,150.1909011885332
4145.49984267922,9417.673461102022,551.8111684858579,344.15030485783325
8111.892519108376,3233.6403648165065,432.58754246777005,165.83194981594613
8050.352612979756,4651.566826942299,221.69616933087835,105.31508533839772
3941.8642136010594,6473.386623304832,559.9805431445428,329.26935919845545
7895.419177422851,6053.154957979895,68.95860730315371,192.6054322290713
1772.5100005956965,1225.1169717233493,1116.9173485352355,4.1746603544301255
6393.1574340532625,5338.2527949904215,817.8860973654544,284.7117333552963
8250.303304026354,9621.35267576268,1355.9223325020728,156.05520109970143
1760.475507880075,7592.46448837192,909.362124658465,235.33279410628688
4270.5337096212525,6539.508133514006,1312.511686330649,19.27813505557918
3848.788653840033,5271.895688942794,1340.3172083562577,206.7895419883619
3321.995417327899,8788.630149378088,696.3643849535011,281.7027757538486
3578.358648509214,5804.323161785325,205.26903362149207,263.972749049481
5916.076928093697,8947.545718532776,1458.0246128315225,196.89474277941787
5258.154014324707,1960.5896426465576,443.5300213242046,26.991578034623327
2007.4690558077498,8915.668503793677,952.679869638409,74.79822632637052
9420.692106577599,7152.874316992942,105.47507651718642,101.84584245928745
9410.447695202196,7862.796117900209,737.2195423086853,127.30067542015023
9098.320192505676,3191.165078258837,592.1976910727674,257.33650712927545
6104.626538783592,5905.471006060833,1475.0758924402953,243.50722123129268
6594.83847073228,8211.846004293575,278.8332799442794,194.6681607444335
9500.500317278143,7197.048199347969,1269.7473735840656,310.06430826144856
4535.636239347345,6296.356138186454,762.594535325073,189.07816786089418
6825.934849313065,7941.720008437286,1114.7089909126103,204.0003910998206
6588.506388474632,8273.578811317731,1178.3144127968837,329.9494560826055
9985.591742516477,6879.236301907557,166.2141317773196,342.2806205026906
8505.276289525586,5829.377529974625,519.0568916186857,180.12231720276023
7742.650035150612,2011.9599343757504,675.7779977209244,242.06370615617877
8317.146211517938,1469.3542278099712,133.41761874752098,202.4012605406737
4011.9371347799033,6407.768808382975,117.77784973024698,222.97308816802112
8259.321366729022,6106.68286326185,374.032692599243,15.278646637664142
4603.865186777137,1715.2332245188954,1177.3665040595224,57.74897989559849
7036.399668366998,2860.015433741346,1163.4143673836952,107.10949168586176
6772.94786045592,1438.7969075631722,781.8532085077302,168.9523392426028
8393.991301893635,2082.3240950726176,1487.946693792129,207.65950596993514
7244.860212761308,9029.850203816372,713.0526419269315,3.911069007723625
6760.329643566483,3271.2751372683488,355.2422047786657,81.60850584241501
4935.913766227094,8228.974313885752,1452.9153879882856,299.2590212481126
6674.493115840669,4897.151925283996,910.7850437585145,88.86494966443092
7596.110421980011,8587.78237746371,796.9051228697108,2.3366416904774345
8385.88118446141,5642.512577344813,1199.2681671521698,236.29627890311224
8913.9018130964,3911.813562108761,1464.7613760042866,117.74350192685712
8836.773677797555,1209.9834348870643,3.9883375356840625,136.1452614585954
6853.016894586121,9231.78618925353,1286.706300900708,207.86665690528133
3398.3184114194423,6125.776979995895,779.0123726988222,152.90132929296323
8410.221534396986,5123.4513807431795,245.74846901469706,313.94725343865196
6757.235064494854,6488.419502387468,90.80317474973914,182.9591698337072
5021.579941775888,1457.9974529810754,952.2366116693082,179.67999360422425
9290.675104169022,2004.7341265653777,320.2617310462635,165.95962332261226
8697.954585142186,5332.68593271729,591.8001587895054,177.27013226784663
5519.956004213503,9275.043259530205,1095.1433230548137,22.849782445271483
4997.380846108324,4417.77490146216,54.761808375707915,212.13976157709797
3417.550962370469,8633.493460639414,1399.4567308855358,266.2679014616543
7103.340092647303,1998.8307643650714,833.4702931501162,55.682890686856666
7426.958114016339,8849.445439494546,785.0716619619939,46.29418749923508
5645.442231245883,2738.598381342281,465.5023452841326,215.04268120833171
2512.514122088558,9659.985762693801,968.7986551499131,125.93383983179326
3595.5960520486196,2876.1483726697484,1189.0666037085723,282.90562773310813
9750.30884060262,6847.5946705801725,1271.480979641938,76.79202001406158
4562.653445235212,4911.760102705432,998.1580983029355,164.5296703358579
7901.661840215431,7978.144296322469,735.8796694649963,174.47765729392881
4608.87781750433,6282.753953112925,231.70927473090185,16.48862909527105
8291.80890995793,4849.7962543889535,953.7996912556072,204.50629191460922
1283.5415690641823,6077.54534264669,424.8480924990405,85.53951420845367
2205.335708380375,1366.4328930265942,474.55932545900976,266.0181307100742
7776.705355488394,6137.854084427425,149.03499063004728,61.17907784159467
9973.36722177202,2907.4344357671307,788.6800622617964,166.6946353956338
7661.800616747822,9996.088579764899,324.5533713770097,273.5139889895417
1543.7445532625352,7546.188509308332,62.07322798831886,166.02959599473795
8961.42601426163,4970.240943795912,1099.980722214704,52.39447357625856
5630.400433410571,3111.637886614224,25.52958558076976,203.4840196276773
3289.4875784639908,9828.788636309135,1015.3281740105094,98.30995199338967
1899.3496202824192,9163.301636026463,417.4006759786496,162.38646565364402
1257.8046974551767,7492.770731613604,947.9475602320986,72.29866327152776
1683.1511173543013,4005.4545428618044,1205.1708720836057,94.99276617492431
2935.4954617712847,2568.3604526989247,123.56015569153719,219.42263687698212
4019.888856542592,4388.904667879117,917.6511795015017,263.9260950373248
2116.8768394336425,6607.087107684586,1086.5348761074165,281.27844582763737
2449.7264972835196,8834.269388330464,1086.0588305983492,350.58405018010365
5251.431305752192,2479.831287356483,32.68477193265366,121.91998138601825
7568.717954112686,6881.038944368047,382.620295972592,245.54620402670622
6766.939771289966,2086.8142734043413,630.4212898244976,347.99363170072144
8052.1267717365945,3439.847876183877,923.2428775301411,270.0942918112921
6406.592299100983,5425.370752387192,233.85503445976587,305.9799413252333
8442.383281898883,9976.329468708045,232.39593540837973,21.243190520913448
7576.269188035006,2783.3997387437194,373.0807670043333,224.28911877506
9596.863719266074,1174.1460670032925,1213.737178308332,318.9324660573862
4871.546811674278,9413.11260743494,925.1944499548962,81.57819233174159
2221.1388762235347,6060.317738734162,829.9870556256973,30.34776452718318
8316.50340995464,5647.579684311289,1406.1757821192805,277.3118106500361
4605.0134698646725,5555.645228748348,1053.7292991129477,195.43677376965238
5781.885789973333,3769.962590259624,828.2489428087414,198.23833546797812
9066.73237486145,2653.8543225923777,179.8332634092833,88.59883444932373
3178.0101963571387,9616.364372133354,1083.6087114724971,265.9943314437231
3249.3853629969026,8064.705060069782,1317.8442832882379,277.3539596781531
1578.4502464434565,4788.668004626017,864.4493870620514,302.7911186682281
2664.4418255688997,8961.186687511594,418.7579721785242,313.95220748362885
9269.61693554542,9081.757572828214,1174.8066906132601,141.8880529307364
1943.0500281128552,6807.045685260463,102.37868981517605,236.47999059648234
2044.2154927427487,2788.358468065375,818.7637153200477,195.08799306422694
4701.751844235975,5503.911562446914,1290.7237018314504,76.55934808706331
2044.6805638947726,1684.4761873345772,1103.5220758143776,286.7403199447217
1483.908248656171,5454.314240275235,81.33943643625199,150.72430332103008
5834.3686527727305,9210.841972871278,19.991047567074236,135.56167505433072
9009.913318223298,8481.97643410286,449.73393411491696,210.04375202596773
9221.136251825468,5473.852044236057,811.2606171188112,217.2800553774074
7645.591952542378,3976.3532275709813,948.5765487374559,138.69268024701253
3241.516126138764,3494.985882810105,1004.0068180949324,3.4768120963780746
6766.740241331914,7142.11324573193,1318.7600988854904,32.766487118405756
7351.388209738379,9158.520066722407,205.11193963269037,315.7710780648771
2994.539459234973,7579.188831902882,1034.4043922051874,142.75751494496873
6985.607749861757,6636.291071352779,332.9068930920878,345.19024202788256
9670.245622759028,8112.686673134323,544.0444254292526,166.7148758432246
6622.529814280845,9797.260745418465,198.99800005233965,15.893674337159416
5396.74584170105,8150.080194415495,769.412692445532,279.2591922220069
2064.0119239610226,4749.533649526231,408.5917694617713,230.8032428556956
6151.99163639577,7766.744224898169,206.61673704745175,25.34194967935446
6916.21900113921,2787.231132959491,571.4423603312034,18.502056648420233
5966.381330190174,8988.094461827397,228.2231963018525,183.54214726646217
5515.590695946908,7059.996408721386,115.2898835108031,117.79692725964681
2938.53428090281,2061.449538480404,424.44621792496156,50.32270139850896
2728.9771927977495,1629.3611443491664,528.2066950168115,110.62346843854122
5600.36453509095,1942.9487943259287,1426.949601449843,144.32632680368053
2189.282163705785,2441.2777530614767,302.46948410557445,221.59117880540882
4620.888268428149,7531.645853761559,1018.3801524711757,313.6225025474895
8111.810385405362,9420.59024333736,1156.8955287680928,11.86693142648881
2135.876755775589,2868.1853802328756,1178.111993287411,281.7101777968085
3306.0661466380197,9667.143654762567,733.0909465377766,229.07090108193475
2026.3949761108383,6342.091975241964,747.588050807779,77.60408185164415
1340.2946748566271,1461.4538270257005,1329.6144418270596,191.1643285602527
7780.754003360365,7211.981237016293,682.4244754561606,145.21294755162594
3974.589165555001,1373.9108854917972,171.91472008046068,48.61875528801821
6389.803379305915,1901.2042658345677,298.7917076753944,322.44003762362325
2362.9079305564997,5908.982181896724,110.9979564083757,217.55535489383288
1337.8610314148796,3253.9044264999343,189.08659299928027,157.3091330862745
9905.851663328169,1359.279354478339,436.6986255736159,35.231987039405176
2754.925473415883,3258.0713658061495,995.4289649564444,320.28510466646156
8270.64320705469,9366.840691223953,1078.542656787114,150.90054081668885
8023.105587992026,2329.3968641653014,281.28529974798585,338.53263216769494
3958.194698704481,3862.131343923257,313.751498331616,351.58050718840354
7011.171824066261,4600.593343560004,1233.7829039860324,339.5072760176233
1176.6563734254012,6695.465080504306,644.6770305371737,330.6125408193576
9729.633738277607,3813.229716262134,1223.4610334584377,157.01075221449187
9264.825204757952,8983.934940166915,550.9797490760146,271.09437760618613
5006.335978091601,3607.6303719949283,589.5403529356859,280.1336888599437
7977.33245333974,1496.1028263731812,435.47403577184457,153.68152198810375
7430.361998984612,6929.889080923487,156.54615802088338,248.14895478496584
7119.847863406121,2941.3517994837366,934.6799136012997,354.7270841667924
2753.0903681778955,7043.264391656338,1366.6413111485047,205.01750313681057
3390.153892169069,2240.1514412495508,101.14457906950479,82.77274435265072
4269.316602737436,7787.74860894274,942.1314914741091,291.63372729418194
4618.523806022824,9924.361556269721,1197.5177728164326,323.2426655121083
6211.095040214208,3616.574755528761,1006.3521596727103,51.52086652034686
7577.546499276349,4186.948335015385,90.89364276037361,87.37105588778661
7384.097430064593,3254.8140410477668,1001.6146419188404,344.58129153143267
9871.149246204746,7227.493198994706,1430.8606774601726,10.132225330763072
5830.791895597786,3539.3817544303265,1347.907619009727,340.8011363807242
5375.327444310065,4970.861275559921,762.1646808887854,29.213018010158404
2898.850340160934,5361.989098677476,714.4121980940308,124.25371126079214
4835.459582493213,4744.722496101575,928.7467941062126,265.50486448821835
8660.777046967818,3809.0515610426596,1155.1300446323587,336.5422753252597
7135.436500520651,2375.81049430507,1054.679417161114,44.45593290461944
2587.1027633511508,9870.237101968294,1189.0651529421182,153.04834571425798
5406.1891713547675,2609.493559733462,169.73637244534854,207.1850114524634
2833.6062071975584,2626.7270110816844,402.40569797248077,252.3964659851839
6497.555488553591,7637.089303725144,1401.5301547678928,311.5993938763693
3352.025372569312,7082.13468641605,331.2880133036262,246.61740450876317
4473.933433750249,2038.259785146343,318.9282636523327,213.21420586775955
4138.739880785087,3538.612539035663,1490.9520501410623,330.221880032357
3084.0940764384886,5475.1692841755785,466.58973598155615,4.171991815292623
9021.66126317054,4358.572707828689,786.8185864125801,108.79365055117972
1739.633835580467,3502.2416279871577,355.8941216956351,356.8440367981252
3566.2764031003585,5446.527063220233,193.51191903554485,167.33388300924497
6482.495725391067,9361.777524911204,546.2980871057671,94.40282906970458
8918.675257258174,2916.4217505507654,707.5197628644886,54.04202590312461
7563.229366532279,3616.961218168759,1236.399457237048,297.3112760821943
2276.7830171584837,9052.450438171607,586.0958179860463,156.00322687866534
8322.901003815274,9940.161166692176,1440.4808735005736,139.719940832963
2990.6679737979575,6599.356957152984,1154.0053075214164,208.67426720175462
4218.158581878803,2189.1032032139306,260.8031550571141,112.98546688367169
5995.130072583515,3386.845397239979,995.3387214923399,172.33354336582093
8067.700675402273,4361.9373594586705,351.9904551462742,207.84339392712027
1821.3407508670634,7670.311486323814,656.4343474854128,92.49158695722407
3098.379014423207,6053.196690236517,1368.2844200978545,158.97423616606366
6362.142922734886,2498.854276504416,363.18044228992693,118.14123593515386
3128.8016509295526,8500.789894366382,542.3821354693132,72.13358900326877
9494.608084314996,3721.400831400731,1140.7135328352695,274.33690391769545
9735.228065287702,5356.497872126695,764.8106591329133,17.004525327869626
1365.2289423008103,6486.885264903681,932.4995912056984,274.4063446332825
2501.9809884510223,7887.828211302838,1049.5498519815014,229.27523671519714
4950.545947071751,9660.277794330048,621.0938794451647,214.83762325629647
5510.948383241825,6451.586074771722,226.6326579888196,91.31242119884075
2116.1015829821267,3083.374960211904,434.5068526923991,308.976422353554
3296.881801673173,1911.1354015350653,559.0056474882115,178.8728407424338
1873.6731692519054,4916.900641594034,1495.7966327035338,186.83911910684813
3350.785645651007,6623.263335031087,725.3559133911427,18.422557160085155
9994.549444158503,8159.797057527191,1274.0283030786811,60.59213567047083
6188.748026083625,1520.886634022158,461.2878765816404,156.07293243312415
4370.993367197676,2201.2733513232397,752.7593852002134,27.06480879632408
9127.398304393795,3825.244928996984,728.9090856854161,51.805608067375964
6137.740865695674,4490.310174008964,975.0534300554515,217.24649717937544
2170.151778534233,3087.970684196598,88.6824398244027,227.62512870374925
6601.050797096989,5334.686336681877,723.0761578678929,201.16276731726708
9222.621940926321,1249.3420608624415,1271.660176477289,314.5636123859184
7724.167073798878,8047.985256445237,332.2192719566351,173.01440355440792
5422.250478085852,8882.776830796593,832.4635316999958,275.31843363621243
3464.957334383178,1271.252546055474,291.3611394839263,289.3694889445049
4996.440952979807,8921.498221010212,1497.1718230078066,216.6389311964692
9173.839482359595,2707.629434410307,21.3601509028907,326.405926211688
8060.9169302468335,3462.9032498334714,856.8281110137474,33.17379776190036
2923.4572756464486,5286.048695110663,127.5187350880662,151.7879575151613
3337.0089844718514,7750.199280032103,1261.535244432065,252.17075509295344
7021.435973882423,1510.3411475259613,334.55587471844564,335.32732797830937
8898.38276870571,9183.451612509612,1199.9375216981714,171.0948261982587
9982.719334513464,5543.604884749075,1310.7287768225267,147.7165967366043
4880.181459864891,8888.298141600266,81.15957824424471,174.22184233833053
3632.7696884091124,6928.79159067312,1369.4737816444772,40.4972550804234
2135.495184190703,8892.63488300168,1177.565092095089,295.8519577751367
7485.218391810854,6326.828339216492,681.7412340167997,218.19036686996193
4391.312807011676,7656.625925336984,627.8257152509481,223.93514089787402
5923.832301556209,5855.2114609492755,1348.310999551621,13.324350931859039
5664.143027376943,3357.345224313377,696.5566844509136,153.6129098609187
5043.28541536301,9436.063694478993,201.81701427953675,258.92162329864914
4715.703053293844,1994.2753995545384,611.26940136069,191.29963256148542
2979.7494602920506,4661.857993604791,676.0064543990233,92.2063070138571
1766.0967736838766,9235.029023420062,995.336082092906,140.6071505637005
8809.621261145396,6804.390369303419,782.7426325805385,188.13941610777806
2629.1586948113663,3150.6022053813176,386.72850659185997,68.28904047360705
1257.4932302794923,7591.084043211914,40.6679374550724,88.33830140611573
9581.67673980945,5055.176654749233,580.0298268345182,23.08995810688588
9112.834541510958,8264.347550402405,210.46514298339878,141.15237202775498
1155.1992300208462,2666.5514810216473,115.99977492695318,270.9818960281783
7150.823066568011,5024.0652516259,804.8426903231466,259.24348675635855
3318.460166854958,8362.832937015328,230.97639476730384,343.4631631743481
5117.072059127765,7744.224322535595,682.5218983767497,173.96292761641652
7930.863724817665,9793.789281307105,1376.7088608682398,259.7546568339549
5173.102379205651,6245.312339320072,355.7832295064874,109.36381847916131
1673.2727391537,8874.075809650165,356.9360994321493,86.93055720181516
2713.3322041574334,7576.020170286083,868.3048387552401,66.11277259965057
6837.826573267124,8783.287863781703,266.0818769215934,45.00376460077478
3873.5844914309137,2906.584244182646,1043.5833928290458,218.7662477041099
7609.098111864834,6145.440280908879,196.4677811086883,241.69656983845695
6742.756588799743,8621.721806976137,19.777638573443717,313.18933279138656
1950.7427884463177,8668.44810477037,1011.9305074999928,330.40284725310096
2857.205025095219,3858.0953786420077,86.03735694872199,8.105831691330303
7663.258618120317,4721.053549619632,782.4121029557446,188.79033250568997
2864.6354412219234,7593.1792637365115,1332.0988054995096,46.14021602181041
4084.498351919391,6031.292982458339,136.72847538606499,32.63593661976931
1440.4760555799007,3750.5396053369855,1334.3995138723549,178.33423427942955
8690.668224658182,7566.039685501943,632.7535966134277,313.9861697320197
1350.4162262429245,3608.42169004654,823.2916912432313,335.30947208534286
1610.9999415295074,1521.8877570991317,274.08657412425373,176.42204681222145
9802.457320913969,6838.81254306741,1193.8466960704427,109.47398537840296
4354.111399924021,2803.0621040177025,685.5875714527521,2.925135731046502
8083.725037761691,8079.015937716935,1290.3179682314412,70.52702908009363
8492.70595526729,4290.747630502852,104.7912066793537,42.1960314733582
9309.177739434392,5380.457709422283,1351.1711244516528,161.8731324317831
4329.030062909174,9704.31245194894,842.1960914032484,312.90316817497825
4508.776004272597,6458.470395550612,812.3450535085441,11.787860902854057
4949.850139584676,3530.3310407850477,856.6866041673983,191.01344657307737
5952.620008456868,4149.124506517914,318.472687630363,47.224201571256025
8637.856325422903,8217.743294872173,1405.2423481720748,145.1325208956278
3976.2029391255705,9052.054544679544,520.7966962057346,251.96000266271355
9629.460822552934,5092.783364367659,1220.681351438943,182.6447082568276
6402.391902444526,4257.338874804902,552.0578413083718,236.50629805654754
5952.808180314332,8146.008919814825,863.4628266489339,49.73771826681656
6845.506565081023,5363.482075204537,256.0707524371831,254.6086325781756
6145.510970694007,3993.7355573410046,145.69081455507853,135.46149400180772
6315.052792338451,9399.694703373028,112.11224782651207,71.52439721139027
5618.037524671746,3179.1378575613785,1215.9025637481113,228.67229066309986
7022.5776323395785,1217.4927633964267,14.826681521619252,266.10637216477335
7266.907245716528,5821.115283712495,164.162299562971,142.44146448797528
9267.905829103101,5066.789041553918,207.7327497046287,335.3373553654217
7795.150849225029,9934.480299410778,1438.27412527664,201.47939449451064
5046.100497384426,2182.441147196687,858.820553758059,282.4761827792896
6532.528380664879,3972.8164144014945,247.87581799845347,229.27473888359367
1678.0305552114978,7948.176941831223,1372.9568849046782,240.47672274142718
5400.643194535095,1465.6326041913403,483.50309690443277,135.94634329282238
5017.763628226654,2458.5783378990295,983.7909450803123,51.64032488422703
8031.307203624276,2287.0543441080663,245.2912237293734,319.09406864261706
1440.7318960202658,5828.805401106154,38.30594139626037,139.5163574392687
1115.641367089664,4728.580597780439,796.8088492507482,171.15631860985516
5255.517492833697,1144.5163505534654,451.3725535148865,43.19075615340204
6416.786306639067,5392.539890683032,101.58970115156505,233.29593642998773
7672.21572242841,7490.927476760017,383.02381761212916,8.740534430871922
3084.181211154311,4150.644548405108,1410.9176085902172,63.574534957518814
1846.050132872501,6413.397039263822,400.3323687252769,296.7902148882346
6796.549564221087,2842.8135330567875,1370.313198650324,39.905351947367734
1304.8242262484312,7602.52042559764,1228.1786681631936,58.03991417294543
1415.4617612425407,5790.917744015043,522.1255636507997,243.96786701052332
5914.903224402164,6920.31077925791,1240.8241414503361,202.50210472260892
9804.560924245998,6300.609070396933,482.5813733624415,172.76403520231932
4398.815917357676,6862.318131372468,894.2027890241524,162.9444791784152
3118.177038540731,5652.98316405965,1436.58747572321,268.4306591423895
2016.7405162784853,9376.147784218318,1019.4608288007879,197.4152585093865
3693.3746292462097,8935.794430691763,70.08396660932075,57.171655908472474
1926.8531441764462,4214.89902045061,1331.955825919476,267.46792655972797
1261.3554890872506,9967.227513552187,176.07238299581368,316.9622723149469
6421.961123540531,5712.88769152343,1270.3919620599286,6.478507123897979
3361.43483663026,9179.898958209644,1071.689820341419,242.63804490198257
1497.7604056817931,6546.511888503345,155.77284097468268,235.1273018345205
9863.914825390946,1941.5655450713048,1359.6395171402917,359.1371806652643
8193.120967895033,6949.563675885251,65.91521805718347,80.98881202344103
3735.6404703219223,3311.252251633029,63.652170941183456,220.45157437049028
2273.7814323872117,1892.1803215866983,625.0412986450173,171.3604910119861
3014.706457597378,6510.214852192313,986.8657918083887,239.07803393652975
6665.568944971121,2212.760725390038,237.4197141114659,122.31913058796778
8952.342676335697,2555.965599828531,579.2561819516416,223.1555284674838
7497.255362044207,8593.89728774435,373.87729732335686,200.3995054753385
5320.448133842095,7996.299706886035,544.9350154442358,219.45469471047753
6894.030589669505,8628.526836008616,988.8399222024582,97.8577252521752
3985.3210637011043,6826.411253445125,181.26902125282527,160.21757529391374
4043.6563318010335,1797.5341929458552,942.370365486322,247.93870578834998
9451.49465102717,1416.9853987774184,641.9624515300372,332.0469407721086
2854.169599024398,3548.3742341818124,327.73404065014347,8.135840464616866
3905.647446745715,9740.473615999384,858.4917844058482,315.0157755373228
3252.138802062288,4064.9113909068246,363.54544731084553,155.45884907526076
4910.922936407074,1993.7885386980279,535.3587979112145,245.76045618938892
8006.247174627318,3606.274600242844,29.54736686417135,20.89722527382583
3810.503963161319,1889.3134532318209,347.1260290659846,24.97513758510622
6882.201308112066,8577.040955948982,854.6672117680465,317.2963910812732
3431.1398288247656,2399.5245286639656,1089.2004441866516,19.918728348619616
4253.294806036774,9643.306212343941,957.4688579249788,222.79939175449428
8302.395552521572,7379.161944263072,792.8015431344836,38.691138151263
3149.1170148971296,9150.748718698465,623.5971974459682,106.89419243367995
1880.5805064857695,2989.3666124083916,43.21142029314288,176.46812585897732
9462.20972495166,1416.7104459638967,307.9016856131612,8.76929714655059
5050.7413081693885,6603.406753820491,1158.2081514539325,251.21798600296947
5583.464366966538,9103.501368631902,1429.6547493443427,13.025303145089392
2454.84280782135,9083.064793902382,260.4573609394702,109.87584077483986
7534.805429905481,7836.8625410293125,7.001765206894923,271.28329683982287
2275.834480519319,9965.862402617133,461.55541429250565,305.37280141506176
5729.065656807391,8141.113439583565,136.3947994234491,142.51482651451408
5987.022337002394,3346.771099712038,1013.5121518991488,305.80570016602366
5539.343849974562,2919.307332412308,576.0671847667423,313.3268589928962
1944.6107880146862,5312.685520859527,62.27399621270378,36.20601530792997
6439.590476761934,1236.177624537456,307.02907356601315,321.20470931451973
3281.736963718049,2402.1499148722282,427.5319295065038,28.152469358839195
6537.247762127955,8071.153783009951,177.27922854362035,229.85894863549433
5102.493031656702,8275.153201495974,712.7704218215878,355.8992421124186
4867.923546897566,1337.1494467365226,1219.8872029674617,201.00638903713983
3785.2903902908406,8648.9391896614,992.294536123005,271.9104725766954
4545.250752260322,6074.9698112675915,961.6165530979921,74.91361475591239
2870.580640202538,6810.431679544407,468.45438554464994,256.3113086330401
7368.47112667369,3113.683761337983,376.9458247516604,205.86204185909554
8820.204057245903,2047.0690241248953,794.3635297602187,228.91905761013243
1502.0960246078128,5107.6556194926015,1310.4315210097448,112.58399079854364
1251.48018031401,5550.660295113652,1230.9577317522137,310.9989800000624
8375.207402631688,8010.718495582473,1126.2035616103224,116.96281199769406
4402.870603191202,9204.627290051098,1002.5620631966209,21.226136667510804
2149.1230412845844,7494.372691840901,441.18272634745057,226.3527683682772
2779.1612809318576,8490.946824183879,1291.087210232568,73.24178602086815
3704.4736822916298,7364.272139808655,977.2930140520909,289.38720236546504
1754.1754869279252,3870.999229869521,1266.0517066336845,87.41337675802072
5160.001589083946,2751.522343974208,213.49289375308257,225.4704614097874
4997.827970541232,9976.507018191302,962.178387312311,132.52665226331902
3738.1533407333986,5144.847294475219,742.3807636849947,153.08755178480706
8145.25827633724,8312.417312091271,90.903769092617,312.37599942836664
6235.349531900947,3411.4178572672918,1042.4800340161498,290.22555791057613
2011.690961110535,4869.277175518681,980.3670134343378,198.1315274505765
2107.7929654148165,2652.9134550327553,124.06983399682872,340.8202464912036
5572.207195436722,5223.935741782531,331.6283290779903,92.92799816282331
4702.520677240676,3445.6589900921017,60.849594463137315,354.31649091098006
3631.5169387136893,1960.0359702939497,263.6798977943039,50.15699691751894
4867.168622489574,3371.351892315043,350.4839260718791,25.42501357309791
3358.2672959238807,5596.783494250196,329.2054693232868,142.62824390265982
7630.121742110334,7826.726769102586,879.3718637532073,165.0444798803151
4470.819529073036,6027.525235887801,1307.6769584471804,229.49653297002502
9777.669837426572,4074.459135053279,902.2125712802203,351.71861707434357
6297.277253561066,5733.609253767841,856.384746526682,87.77722566218719
3992.1093945560615,7984.830139373433,783.7338873488421,3.874006440080548
6891.587661972777,2687.0255079542444,1439.372603121475,10.824700582002041
8435.766731636144,4515.153373949286,959.5152194863701,110.8225558215595
5319.183256136549,8341.101451987808,777.0824195791664,108.97946468131656
7947.86522066537,4770.5674242132645,901.5963161505201,350.8333927184854
2896.270531249846,2534.6957861683795,1120.3659703618785,329.8428176995865
2524.3264091149704,6405.341523098214,593.2083879622741,336.6315802951087
9320.569941317764,4082.991035858183,62.483246735617875,69.70475096392272
1169.4453716667492,6377.147957394844,374.38521645818565,305.1666531499417
8566.740784297348,4401.165281366295,524.4507465017015,152.28622741240005
2153.3022548317676,3365.331610346431,145.77756751802684,222.71535089258123
7874.091274653293,6725.223473451808,1027.083024391157,15.396271816774103
2727.754253102298,6436.974272825665,502.1028726964959,294.7954472512862
4985.996565150883,3676.807713693861,503.47975584432993,224.45323317045805
4650.968755386864,3048.145666480871,993.8224194604678,184.8425911957962
2365.69762847347,2482.576932716597,844.7248899350247,196.8076468662778
4251.211370269421,8086.327722028677,950.5749576031112,181.06235388131174
6055.3968915338555,5952.760399611947,217.24312100697583,296.7690653761222
3947.02363363584,4431.32254050375,1245.362940383063,102.76404727263125
4793.510706860792,4233.943036696717,870.0984652677806,57.427396925967614
2114.2724651164554,9270.267533751372,497.4745143687022,334.2037740440384
1999.3256599175807,7896.445198638777,638.3398646007724,289.24213006165917
9572.848425045868,3918.5972062557353,118.10854089038294,150.05961257089845
8310.158540317607,4640.808413276147,996.727175895482,334.5221808466933
1658.342013468232,3403.904061817295,1339.716670145704,165.25924308087022
1818.9047772767708,4395.763051292934,979.0286342605175,86.51018356702814
8075.6361783563025,4574.85961534041,73.61283307243087,315.46765301592285
8178.091157325014,7530.785749661941,843.4029236690394,40.277189479834675
4884.0516758546055,3284.875632625341,1228.9137310998049,152.39011672194138
7830.259339215631,1620.0001746584871,362.9290131926051,106.24828092085744
1690.7921419145166,5592.267528549168,259.01881839960726,343.4560211457912
9423.097021738202,3953.2391015158364,1284.2104434613143,182.16179700969866
5367.686867702631,4375.272045744289,702.585492344343,19.136993518084694
7104.9585956723795,2562.908883634322,863.159527030085,336.37245792261064
7387.662259347845,9662.382541308236,322.4071635043865,97.96962639954283
5691.09870173369,9812.65082531252,32.43417176176202,19.676523384642422
3799.601007830886,9290.600686575803,1460.6408955782788,22.396369535766688
4395.282335277544,2176.155905894946,986.7959820592627,109.57656938399664
8945.52060274582,1316.2066732408337,1185.4802320240328,52.528190677898706
3768.189216519671,2552.691896827955,1484.4417777223146,24.671652802193524
1678.6837906741903,3660.314564528399,1100.652078413563,158.87337771240317
2242.285730578932,1989.4306084016089,1073.9266077304017,125.46765847878338
1742.1934619340634,7179.6217993352,599.0065011406065,271.0614948491916
7832.745516199484,5231.264365385486,750.479688062534,32.499759834007975
6341.910951595955,7705.764687685126,1328.7275220520894,111.10277397927682
8601.537955515,6526.1062979452445,1110.682351028356,257.3326058198871
2906.95701890127,4173.1971096074085,1425.1623173032626,135.68715285335153
6346.456879796633,9751.200514646678,689.7309965608954,243.1228128360249
6500.192259705432,4803.122169145536,928.6368345005541,13.206647784610903
6789.815464353928,2679.6005702627385,408.6838611123112,184.17869764922867
2225.2113620009986,9176.833713539174,133.21105104570128,310.9255542880493
1137.5662073094331,4568.882570077658,186.34214843480314,17.607484732577568
9380.843520522942,4334.108242047745,1391.6307701475812,263.9043860105374
5490.860580547212,8082.706633747861,940.5030976024138,30.493174150763213
2826.439952921397,3093.249645460125,1181.6839497928377,66.63190288718624
6554.106258481002,9303.791687961324,1150.1979820965923,187.8447696710348
6328.994529813582,4713.252326551896,489.47853990953513,88.6702194786124
5349.8368701655145,1283.7930553556932,704.683643545323,76.71351767520288
3036.376136938665,4666.406614607437,360.4091271078781,46.47065747840119
6505.052644561056,6524.180011661889,947.0414505445548,17.154686513010404
3359.9761180735645,9988.00441724643,677.4890925026999,149.06437666099424
2803.465975277267,8464.264373207996,300.4090007861652,71.87376176113631
6689.924829281221,4617.833556498639,595.635880621868,152.6103487313268
2334.1330050289316,5784.339640887921,363.7271388134642,28.709116238676877
9285.157020957708,6577.740884989302,1121.113678278348,86.01173872016648
8988.327843870491,8614.87683302159,68.58057846942215,39.264961141834384
1697.1668686643795,4683.755984667316,44.65170920576232,353.9215264789039
7257.093803993827,1618.0339927892128,880.0834595991389,211.0121997102904
3935.029525930941,9887.431470632833,672.5122548305162,85.1716283531125
7355.018490992095,8309.42768803587,612.8144347407301,317.6823186506228
6067.2308986455655,3645.043347942012,659.5870270565734,72.67746615110524
4859.061244888398,6084.931286681758,471.93545225698614,171.65582736155702
8258.122105668197,9740.539361909374,1277.4059768739503,242.55666035940695
4788.024216088246,4497.261804032656,823.6904916972474,335.3324506402967
3098.990721736992,2116.4643518901057,1474.3226859545423,324.0312247087942
1520.8419703563661,6424.635709451751,1202.2601859118624,65.29899137027213
5633.62544858871,6324.620790962965,1440.2369502246959,107.85514107077478
4564.941033999831,7685.341221473173,1485.7474218625127,218.45328648438988
4531.159741999998,2646.0310807458955,1105.8023282292525,307.1035899174704
4815.496089642178,7524.47532691304,1063.5350053173684,122.35907212280533
2863.636809514368,6500.96489515288,852.6451767746466,199.91599053617662
4178.997071644916,5244.970927818853,1412.7908547623754,134.75190407370718
1983.4676766192506,4690.847843933973,398.3056161772957,24.17758745502359
1203.101905056426,9557.730656667105,11.858017796269126,144.35478403307127
8613.579836496643,3118.280246512449,171.84346935528066,87.85266467606596
6837.292874641188,4727.1006709580815,58.85308599812113,298.9173273264227
8088.142959472862,8056.1605198655725,296.3788882212417,267.80646733331025
3349.7607255949747,4870.8183923666475,188.82616358074745,341.64031390764933
7006.886723527714,2511.75368146452,968.3645870654602,190.63625903708734
4823.041228183571,7730.217790189723,642.9054963604508,155.16404680132436
6797.840881647477,6746.0330168600185,953.644780702978,47.70812599767922
2167.1546853867944,8988.993106360314,1080.9830517340285,262.5353033699582
5344.008255118979,2679.528091641438,1298.8035812159917,15.224813733322128
7761.646088325974,7632.228906513221,60.21729560815025,13.178509617119492
5967.827481529182,2792.891713852959,1405.5488315052057,90.0867303301056
9046.303339348658,3511.787643230159,830.7402237057707,48.301946956310644
6801.261594140273,2403.8552384409777,146.77663809470846,216.2114556337394
3484.23910228203,2910.2069863385213,1073.1504025643624,87.05031728447142
5633.147238170875,4541.91536113974,990.6845582554,192.1320929098536
9290.145465429548,6549.938281631905,1041.2510039297802,221.97290864840176
9406.6201963468,6418.569339082281,591.0568323184468,254.70263138091744
9410.254996792068,2749.01286381022,101.00287125203226,141.54141445634
3500.1185028546856,8315.980357215562,1310.4866905931121,204.2020199952603
5909.466796045273,2095.45794504009,215.40582226677608,5.415227576526878
8097.656267024316,6612.411461987366,1370.0661802703219,310.479099133237
2627.4292741285917,4101.3008676261,510.59174475038776,273.83864679842975
8034.543958580087,8892.149492769022,237.8014458321316,11.811576943415046
1976.9784864891512,2795.182980988497,700.0048641826734,138.319541524818
9208.755260720885,6353.271881924945,841.4198662964444,329.0576779561841
9250.7198172284,6134.286247909475,39.887450986870505,180.53281665068909
6150.119045203204,2859.6514534499347,1363.987970278867,195.90806020939482
8260.050614929723,2102.8130056884647,1120.5391823322448,49.69571888124755
2723.181237285833,2708.6689994122335,128.9196572467863,8.93562923120091
3441.3995286763325,8488.410935666378,1338.945111061777,48.66588871191801
9248.374637425426,5096.848365862017,188.2972394939028,347.9205222654117
3138.7870752880044,2575.458656347515,1257.1878886134587,15.569716425833196
4739.665873633342,1350.2603871381216,799.7030270363858,195.33376120997093
8671.91285220435,8405.765495511474,970.1467091443113,38.80853442417609
5056.83244696367,4298.100823763106,1244.532324455124,129.8939357703104
5074.655039011286,1612.6856382929598,123.37527608743402,94.38604737277134
5647.811965185284,4968.52407788472,1010.7336739699192,12.567253110014784
6067.278889609566,5746.045563244118,735.9268628564625,259.4690058505373
3819.382037500296,1903.8949862660602,360.5641890471942,194.0523151858631
7893.501700498436,1979.0290668932307,1080.2907402863495,149.11680762562216
3195.5482443275378,7437.768594896705,319.11259326897084,340.7781490160771
1139.7094291611352,2729.1827683196852,873.0280782920346,261.4143950514227
4188.8655239079635,6990.921496442648,265.2021948311363,356.8208012366092
5589.679166941157,3140.1404747427596,1031.1809131289442,268.4276524984469
1359.5310583699215,2270.093012708008,693.6493476453112,140.9983646535115
4470.445520701429,2632.330765689586,1233.5761456125795,123.88542722172707
1229.9363195399114,4691.074333460258,1134.493234220983,119.247058176488
2236.453275066843,7919.150035231292,21.068610489060664,171.84242991899788
5957.273302044779,4723.32604154386,771.2147705287407,210.2577269866888
7951.442364473935,2664.708553743279,1447.330188942566,201.8734997691811
5879.934810043014,8188.849834660135,444.10429680775934,281.24156808180254
2750.2581259005765,4568.781019490032,661.1723817782215,128.62447214713518
3859.758679604913,5111.307519815422,607.0169634024803,328.64191294687816
9492.201177661855,1293.3553410092302,402.1084627670758,272.55070687445544
7594.259312995922,1952.2017369487098,1219.9004788840698,231.16269899437262
6573.074973689999,4609.019012633164,1451.943351705344,23.193709849553915
5019.314648821704,4321.601995560899,546.5947430836267,240.35978070569345
7196.636021412285,2307.7403974598446,737.3418987192952,30.69493763582936
1735.0895653369676,7138.603588640356,420.7008109832254,157.4508589950165
8810.553636115015,2236.97437450299,171.33264127535182,99.36870447292735
8887.217315127968,8153.61091828692,1491.4195718503956,111.7512865419334
8890.267731644843,2271.9410506860904,347.5992566947954,255.12759658310415
9946.492455443435,5847.275154556439,363.14264885742375,132.58770605440324
7307.139789915777,2959.0588780934686,358.0531690000049,172.88229809381247
7517.887597328946,9793.552516017706,1429.804418616629,111.90403209622674
6917.875503759028,9581.046762549871,550.215205806848,104.0866141623853
6331.530465238926,3148.528868033877,173.45464743368288,325.35954043713656
1488.8367894208645,3269.1690219604648,926.3336769217842,317.61981312306426
8926.538311282857,3360.601623627996,867.5716862019793,199.25404806824199
8941.470944654207,5786.054599142404,20.193583279796353,354.10982711964397
1799.3032685297821,3118.524004536007,1094.5657130755899,200.15743900273026
9899.552523222592,5023.438440647598,602.8363471944399,155.06147055090565
1253.279738768997,5406.513088216171,47.30995901407912,103.71439069956907
4380.987120305793,3426.6541050493943,369.7667010439554,167.9263539646645
8461.962130606484,3009.777344804139,1496.4993659862594,124.21489907635467
6299.803947303934,2249.83306881297,1131.0234702698822,147.125990904526
5601.0403275627295,4103.751990253654,1327.676161566924,117.96501413816411
1483.1249716317989,3506.196748810675,167.00749234262977,31.01883801168022
5459.921633411208,3319.949087630438,925.2270134952568,234.28301946534646
6261.751846347187,9594.216508555308,468.2154194064508,19.174979215446164
2050.02165084048,5265.874875065113,810.746397159816,21.497189968474746
2544.148820400213,6094.18254891963,709.0076162553182,91.13307354034244
8031.881261523781,6893.550423046759,260.2561434263137,270.0654506704851
2677.524525190103,6211.713980272205,1272.5988316889159,159.96869756448567
2430.908774886347,4559.520330227275,1336.0438298109095,178.64421587419892
9464.238140043653,1430.0054869953901,828.5482427999532,158.22313264753998
1841.2151116128766,4917.2927059820595,100.37667519225842,261.7528135341569
9285.491688358621,4314.05728110192,1153.0830986454655,223.3685986539737
7704.723334745993,2757.8295577606186,5.289257101297382,51.41257343557456
4097.646487596562,8747.8768438958,199.52775331473094,59.38943937049915
1150.0120607191316,2872.6294635975487,106.65724069848612,314.48227079953267
3557.3273027708487,7711.643719086443,113.97547915748046,21.95627201405164
4476.661079034264,3270.3468190295825,233.51464106562864,33.759838495616236
3087.8362328221774,3860.2361764689686,1383.0520734389843,106.59749803390301
9505.989680401039,7046.253185474126,335.5472558561645,172.86203219088677
6715.142106654421,2619.7886528841063,702.6517708521568,267.6093965159078
4447.198984507488,7344.304204102945,1176.6947233734165,321.4111660728765
2907.032205347673,2088.280060982212,1272.4164467864555,13.697252256861155
3378.1652624549306,9051.780876872515,1152.7919513610977,1.958612676321473
4487.755931086658,2368.393300635101,377.0668572160391,38.728746747700434
2613.9704751250574,4798.473091196705,1044.7680629106871,189.70486229011075
2485.9966537300206,2953.900842815937,458.93371904889034,287.59156241217636
4678.887139031819,6983.732353680498,245.20097316632226,93.75315270956533
8629.311209710118,9487.151937976265,1225.605980311715,104.32299720187184
9750.369506969215,3282.477240260738,860.7377558313068,199.3375945614033
3514.1212923630237,3698.894660102692,24.464272953216522,104.01105844490992
8217.99145800277,3263.9622883929087,1232.871402126769,344.67852797968806
8468.817299319777,4646.85150174339,1434.631977664344,89.31936241061584
4227.463046163835,1103.6945147256106,1399.2615793155385,84.43401396703389
9106.825163988411,6012.595189500042,506.1682482283729,240.21249859433928
4880.17074441303,9666.570269831042,831.6646959873326,15.470869259645976
3977.066350104802,4756.155552364614,337.57626970791705,12.829125011278078
8750.086862208333,8308.713163873967,473.1753537492361,183.59010174444583
6989.212368099822,6218.824836069184,867.8772408325165,265.3824351084061
4169.573918090601,3339.6582201815627,1292.6777470927207,123.71028825155152
8771.528614279321,5300.129655891544,521.9357950650252,90.08136579509186
7218.546914018034,7533.133159586562,652.8044079203461,145.34502197889586
7671.402974867189,2350.8145793091467,1036.8413872421888,244.179960323006
2359.6322885020127,2397.65582873296,988.510592315878,210.37621549116312
6965.009475859532,8381.338054241767,1186.016897310862,117.93457304219082
9805.747336243783,3972.7287278415283,1121.2055265281554,342.95791209380684
6401.69066345294,5447.549028613302,537.9717307823482,201.3131208734666
2041.544990428144,7161.417958414464,636.6158151338494,117.37645934055884
8934.466740612064,4541.088895280789,181.69830368220246,4.156240508208549
2749.0785706523384,5260.558328670821,129.23703831945997,248.42701093325468
6131.890985650435,7658.889394390719,312.2037844565495,310.01089843618064
3427.46402311052,7997.022286669027,1398.3051742026673,125.7727495719081
7511.605799518706,7283.23835876154,844.3121446640323,105.46780254003268
3495.132134879551,2783.3991855106347,496.9480325544775,304.9499191521881
4466.2795698589,7030.9643582226845,1011.6586025168098,287.3479505581382
1610.9451113441264,7544.9037905665555,538.8195866513361,253.50092109177916
3031.4398355394683,2593.163883717364,1237.485873674779,116.00355576891026
8046.767362824278,4752.8602440961495,948.0190320140199,155.73862740087463
8214.186437436883,9665.317037752171,270.58382946762754,358.5750006435239
5288.6442147444795,5592.162543866032,1043.4912676604433,338.83678616586695
4418.567759497778,5669.704396746153,1089.9987489476268,197.92694566499696
2960.2604946166784,2933.192055811169,693.3220630545308,337.2466124404918
1602.8304569468123,9160.975013172334,739.5902782699126,284.49474898011727
8729.224615404077,2995.492485519496,804.9868224557911,298.57341307403976
2168.5987043404166,3304.7184629837184,826.0710764207441,310.8011654487241
1725.5713168805487,3328.0630852923346,317.9729332810959,174.36513030801194
9549.73877630739,1267.7410893053598,815.0918962856811,170.1525817511366
9396.847476883544,2686.2319383305116,312.712321016432,219.7051475787379
4255.355140841561,6872.937822803845,181.21127644144389,319.7123088214843
6442.590574877549,5464.1568136081105,483.3682929412785,50.651562929815796
1716.302766481327,6122.559554696147,534.8399963317495,139.69527089493496
4200.898322129518,8274.666742820114,417.3774613118444,114.13984186132365
8746.127080178416,7174.989928859047,235.0968418430892,1.5063010047801613
1903.595304544387,9561.918953954773,403.908579653932,86.31511919991817
7648.467662274884,6790.424491572658,316.9852089013307,75.36534377101044
6875.934274625306,3269.688097670573,386.6025567121438,302.9769828424143
9488.397351956019,3557.443004887399,148.43574219905727,6.5329222989188445
9130.955328486923,8434.988368982811,1279.0472639356483,181.86480103872807
1494.26620058809,5372.715234484636,1301.5153148638312,83.82462519355546
8886.40923709083,8718.442298595564,257.9464889150695,56.632582777517975
9188.630774439222,1708.6103031323846,893.6473232606254,73.57018423469478
5745.7090166057915,7797.263166975172,1118.1289237013832,13.801417751415329
3296.204686877569,7873.833081398079,1035.8538432983141,24.139422659868956
4627.719129209456,3380.554831356169,1413.6280543566593,254.15831798264952
5689.613548747388,4524.650093376406,214.97908217528766,232.54546716914268
2437.772237800065,8098.521041473159,298.48955281097534,122.86999601302462
9639.718171632876,7542.278756798345,634.7429616738912,355.01677653345234
5240.482429989927,7102.305600326604,937.9709210481625,100.56516882748197
7127.054944735377,6978.217116696786,512.0945049540037,65.54529257678455
5647.695341864136,5023.111706008023,802.418579458987,334.4957705219724
2207.00960682531,3500.325888420378,1245.5835244772359,136.02290361236007
5233.524260743381,5261.198402306322,377.0175040972564,92.3110702777993
8452.689151113545,7601.276174127184,318.8555447833529,58.64413557607755
4255.0162490958655,8852.164555324085,40.76311152454646,205.88304940981823
2346.474618989961,4935.96923560392,423.33411599947414,172.19964213680964
5341.127021722358,2911.4151639849124,1000.5839506434813,291.0261086666407
6154.149478464625,9604.504150280338,324.63781733569385,359.9326305566285
8352.12289002018,1464.0641731255885,1053.5184284580164,211.03958808063487
6261.214208508008,1871.7515764113864,948.868470729407,35.04414847512882
5765.686951930247,5938.692060717855,766.117943983515,330.4982909058902
6527.969336744655,3537.223599835925,306.1808689415182,165.69321776022565
3439.25944223098,5697.593109953213,1201.1828508444037,220.9703325169297
3028.1259845843474,8490.121323769428,333.2425943322016,45.7736758624992
9764.14717523315,9782.15851151257,799.0969743987863,148.06150616971385
3006.328331028979,9792.323830825064,1286.236395821106,110.98084316012333
4292.91532291151,9675.666051994038,28.479990267690464,189.03102557414218
6595.596797389296,2337.598439085254,853.9175327349362,297.2710856500731
5654.907396594238,8216.458163204064,1449.4560705977242,240.20095390415676
9945.434091413648,5502.478797582798,887.836744088479,13.152439819657783
8442.630765290724,2364.010258114963,145.66553596133855,119.52514399039893
9032.69595134533,8903.93860257645,713.7674971054563,89.08443561578586
8552.649792276796,4882.856073901028,782.6460157277612,79.29030554140479
5503.443045096492,8717.18861752289,572.0114856964099,3.8651641761703166
1482.3830765855337,2956.3600411739594,999.9530613112785,10.41938081345703
1605.9732650922933,5696.5442016114785,1167.310878491468,305.47015942527156
7855.728130966602,5329.321717899244,687.9519050720538,188.8797053238224
9525.01894850822,5915.855319991334,1435.3241093720344,213.3433959152281
6144.206008994068,8101.037368710531,623.0142360175649,7.829113037083461
9187.884069910557,1230.8334141442308,781.6108163481019,191.62632352483107
4852.580609353914,6291.504657788527,1045.2801960443942,305.69362123856513
8593.803975974748,5040.154131972287,140.08452811884607,243.67305895825757
6881.015983024819,8979.544472348887,601.3574315023876,77.56871884539984
6741.602767497298,8126.374652830614,420.78979523295845,44.12713428064867
3502.8562639024935,8596.934864181441,1259.2422073284395,203.44106418638677
4374.86812385243,5603.193296537678,613.2584701834475,62.786418619887236
7447.371093361068,3615.266857387073,527.2775022093291,301.8730374894301
9794.161042984402,4438.500931593602,115.15661430313318,187.7368831475456
2950.2473206940786,9175.145517679888,508.6900564817661,156.47073747663978
1783.8711383171685,3537.2659907544003,894.8247050011915,344.7824632027557
3583.1890235681035,4451.217073747045,733.9443840574064,141.84678186355143
8586.376642444884,1342.5323022067591,1121.8738684979028,39.22172740814828
2834.808534451055,8364.207230887947,1335.2457160549613,238.1608400797632
1645.2516095748688,8566.212671556405,1019.3485303082502,257.8974406894573
6581.188291428457,3463.2798997794775,1254.4612679360428,40.48905761580067
8583.592124306684,2485.2755179915407,1284.217401634945,145.62644887436548
7442.3176526181815,5197.86226436953,272.0766111402418,346.59005645494767
7535.713227249733,6882.519392540759,800.9720303697972,290.194626181413
3799.820100694862,7649.868238434181,208.30427804008306,189.73158072796244
1480.1330141245744,8324.954724951405,1406.9308835660495,5.988523555722462
7244.441216988835,4801.3763482062495,1255.9138971450516,12.33463493489569
7751.739094908252,8561.559785152549,661.2385948472255,28.103875039525654
9908.778658609343,9804.983937571309,1457.644840037615,141.83169309873864
7024.761030215224,2235.04949025982,33.00671480822799,102.58680020054737
2257.982227883188,5301.7814691638505,318.2704103676764,169.25382642706296
7637.83174523274,7418.596839696196,1154.9814725740885,152.26261606841513
8557.124029896859,7908.105033079465,615.5803076181327,146.94761907386913
8894.763532074285,1567.5877901227668,1127.7033625988402,323.96440158381637
3739.6014522887435,1635.9048921754743,1379.3871510317379,56.52197410771954
1270.2950930631926,5279.345950775744,677.0035738043525,44.14884463713801
5978.933806809264,9176.893437318126,1181.6967692174915,219.49868082147506
9377.147351193933,4160.647034501294,1343.6967560830228,92.04955474993493
7461.550900281751,3962.226443362468,445.55048046320866,154.5921766172264
8974.09306250574,9158.733264827228,1295.4094556300915,199.38846165795164
7146.090055150187,8409.050231987803,406.0883707854522,41.409231866427916
4743.272732443485,7008.486980556413,58.738725053226176,144.91953641278997
6198.674540249003,4988.78704637547,367.68942830248125,148.00801763659138
6217.442053581847,8245.430171057447,959.933428211236,168.37062684854632
3854.2310183575582,4297.988432229738,76.27028710650855,276.78881320381225
6229.600419027636,7411.002555899714,1189.2316376001736,202.14358358043162
1927.7112590340362,8324.793466367657,443.78747564202655,62.42479502020908
2184.222979630895,4560.960503623748,446.8812800531312,335.426580512286
8411.938235746788,7135.4627589266065,700.4663120092816,36.48648103310069
4140.008181904222,9442.390229295632,1360.8870046056516,188.56529445073042
8350.029084029877,3310.992819055168,86.74283789691695,155.77288519909268
7404.6345066781405,2918.9718123710977,670.422657033697,243.73615611340492
5816.724460726447,9574.970395597316,1310.9254783331507,177.45474660137418
5733.893916082045,8495.9498284461,1216.819745939519,347.07564575281896
3600.185652585156,3937.9420467019586,586.218488497069,58.85559587086467
7753.932108736073,2185.8529514508186,1077.1908277967682,4.930595527371153
6186.633204671723,2525.0507640912365,646.6113650250234,138.95207893381826
8045.060453296547,9638.084830079546,975.0588747543507,31.070193049321087
4507.4353239042375,9952.219356951755,1343.4002258753653,286.1521891260622
2304.593944293122,9810.575198960732,551.2603735476199,6.278622235390556
9061.719089576403,6036.422622983456,1294.0270169810124,268.9559149124885
7928.992512213253,7102.833935060779,1273.7894593881556,111.40267940479204
4145.201358120314,2190.206274541136,1372.1909068005245,209.03879207686538
7419.656725860625,6912.652023021235,1112.8910054049013,189.87464900207635
6586.846758435398,5023.055251463686,795.091135864737,289.8272208926823
9972.301977187923,5488.743589035848,168.49393688818122,15.996777652004065
4877.491807659033,4071.571551088943,512.3913560227038,46.376658582543314
9227.01030483668,7904.8322001170445,528.3442274453189,256.7252743408624
8244.334855535864,9447.48492011379,1279.2901094534166,343.24526990884715
9102.10208029798,7189.173561748938,1172.6480557430489,251.00513307670636
4752.25924305495,4000.736282326628,822.3176275807106,275.6202012610879
4968.983070684823,2579.1586660815046,412.55483514185534,110.71815954248532
1708.1955860648777,3225.042866995174,1411.5313509196212,208.38623803230786
7893.524435219496,5671.385966590761,607.4654731504841,251.02605727756878
3228.394078140009,9962.019266048948,111.41187006631112,110.34186558513746
4669.355696924476,5678.809892096297,1185.4644026409119,57.257940564613186
7207.42097354096,4680.693018001576,772.9559560019297,34.248589466399615
4734.43980813734,4262.163054616902,827.4132055979817,115.76441955757566
8369.235730667218,9528.389231176196,1074.1180793235678,104.80582402409608
5303.239837295247,5136.843556915507,1155.1596342925025,55.15161925148533
6832.345980337513,7460.117384488851,271.6216136393168,70.82373711352281
5813.346540179046,2994.457054504288,1229.2985856376074,267.6916781860728
9139.738104196102,2224.6850528729456,514.1584771235594,14.253233174561782
9987.452835154812,5524.8528255163965,591.7291842352887,134.72918600481427
8188.999741393744,5127.9618727998895,92.65865618130107,157.87012022870599
5028.58932331412,7490.317743019492,1268.82174433466,233.06802145970374
8199.337116966139,6817.039632297999,312.40673020088406,172.56308539682493
9676.297185068557,3745.8748417473766,297.33901700018606,9.601358740893833
7131.570418861714,7391.282721137572,863.1555359438132,190.3291056803634
1786.2229843926827,4436.311120935906,1034.6109594761454,226.17775996069494
4652.777301973507,5665.766546890595,971.6306220069682,295.68300217094327
5934.851507481325,9091.076920252439,477.62336884977344,212.65981291545225
6007.122904675929,6881.720158912117,1005.2867382623781,112.2003989884717
5712.621417888007,5369.479768007534,723.9232477885633,263.9475252149327
3480.332852865321,4716.253548852239,416.66420073657815,166.01784313199548
7142.710505436384,1694.5797622696475,1460.8321224242454,90.63989137697305
2300.020018926377,9976.612654298684,785.5616382849822,211.10658559810787
5388.799081016008,8590.981975133654,1412.6700744865173,141.58741573527402
8554.295769097065,9145.527159798537,1102.6384660750473,118.45055469279126
8147.198535943295,2216.9338053704478,1412.3131109437495,243.53499644119327
7168.88520642944,9773.37947750287,1485.0134103750693,15.732008682715177
3857.024265842884,8828.171011212049,926.8233333284712,139.4290850385754
8533.95103718502,1444.6429798254633,459.07219624963864,295.91063632379667
9325.549031027695,4644.186320514234,1040.2601572830463,83.58285086138936
7842.926360557641,9942.468207819136,963.7650849898972,119.59557754270851
1674.0656699587703,6215.624950618303,171.10206411711414,294.63976882946935
8757.381005009065,2948.757087790501,72.30549827457561,172.3939335716302
5143.90990038585,6446.883929285927,1265.9036529865666,199.52771724139458
6187.679009974702,4036.33697810591,78.9021367525277,291.4444890591363
8319.767186541076,9958.318469066748,812.6869820536737,187.72343823175328
1481.7991294832852,7619.001414915478,1497.3852684008566,118.32731552977674
8616.893046628331,6265.318874005362,1399.179823616957,273.9180797480764
5900.393324296395,4783.889418251194,1056.4491614294059,164.54306101777902
1538.4201586040338,5348.966794182522,1105.2414898105799,104.34782121745636
2001.8804633800883,9065.622485427884,965.6869945857303,344.9775162647183
5277.52605420994,1211.7976598524615,80.72194866655666,59.22988567197758
6129.427736398053,3796.2377172337933,334.6332976146343,352.4255069742842
7798.568010383627,9641.714950253036,1405.9090238251108,78.31591953293757
4742.9921266582005,4819.667338203055,200.26194471336126,2.555254130047708
8510.547999339706,5025.850665325285,1241.1122822873133,60.42770021586935
1462.2652077089367,7102.561066243213,688.5707443585857,129.31549290819765
5602.121140973444,4859.214849548407,39.01926487976436,243.86175588206086
1391.2441840797587,4781.537839561571,1103.1174262232823,349.9893080732025
7869.094703723888,4113.379707786514,1441.8397344577345,69.57906963867971
2133.4568068780327,1377.018369923028,1142.41749194666,162.59318062890836
3942.1852165763835,7291.318451121234,1471.9575431053863,74.6555599826569
1792.2758120187684,1556.1164780422046,913.677625971626,227.08898852702674
9353.987055737907,3464.670851994351,850.6775079049371,114.28142684277547
8720.800772615665,2842.3322929002393,1384.027282649952,261.05805386532523
3952.8725133281355,8756.672406570611,1186.1853183183982,152.15984550891298
9907.994718927777,8514.491849082851,343.500091536095,276.86196148535146
2076.079460157881,2565.683321764789,341.79808289070786,295.64742766100176
6919.555472033963,1840.1383292158669,773.789583954907,285.85074741778266
8113.325417985225,9582.516370137919,112.5099300064929,42.996728408566604
7330.805729144365,5474.2948138590145,1171.2227159003571,260.68937393387915
2232.7094046691886,7263.44225938797,297.54464616517674,54.18156170244459
2839.9234756451688,5724.4713292233955,275.3301822502225,177.93311705673733
3381.904348517219,2578.552038229683,1167.8701999384616,92.45191033525875
3246.634606702333,6473.608612788127,878.2710127870902,206.53136534783792
8860.674571569421,8892.84471908763,225.54253898765845,281.08943576382654
2102.0535394820536,4261.857157425221,526.1964801002458,130.5943655739937
2467.9273959911143,3017.793234512494,673.9020794711515,227.26619727303094
3902.0442036550244,2387.2927411391083,992.2755283117323,130.6085544520327
7637.647500984562,1313.0631797194364,821.5260667964475,34.000905245192506
6435.1945535328205,2864.92766735069,38.484753884449404,9.813244656139723
6637.13170179059,5947.393841531915,907.7089118790784,228.74769635616587
3703.7247653301447,4101.197758386066,652.3592452380822,185.61461626451552
7587.110671555666,7003.88629702163,603.7017219209231,78.43951941178823
1342.3638387462759,2302.043648963519,711.2307889173845,282.96447355334476
6409.276823150124,7669.263588908239,450.60710987003245,143.85619589631665
6011.9572660098165,3633.423220620687,321.0399258094934,100.35246259111588
8483.570061676703,9714.396550789068,959.2027984941727,43.979725351628225
2118.478764486078,4575.893634683477,1029.4823381418341,296.6021259637589
3872.615855235421,5589.018805394832,1476.178732112633,91.5581910332192
7443.121639238541,8551.205085420519,1240.9760273066893,226.5704786366127
6433.831774807195,7327.515212162831,756.0774772936393,317.4010243067863
1804.5419437154926,3648.496853630956,928.3554234669689,231.84762309161982
2253.1643615853245,5620.332331562449,37.223513617382864,9.326474636240043
5590.18336967668,3636.973040009146,1184.3595534608996,252.34309695778975
6006.103313713105,4122.233861578493,693.1062619140023,247.97893276094146
8354.28628325252,1391.794312656337,960.2340141251237,315.8474369423278
6431.763023408965,4410.1652706001005,213.31327117330403,68.23136023504392
9957.203196293473,8379.027637164827,846.7601732533666,299.0277782010398
8429.12858364009,9413.671016010301,73.00818857502816,24.64926873137496
4279.489349321901,3985.3365954496394,439.6301579219643,21.41775098292014
8780.677225161078,3786.616422437848,1380.6531036636877,78.65580577097754
1678.501189149752,2509.525905374834,391.88372627109993,29.141170284287842
7383.263782013658,4542.980070608215,358.99637566268984,228.35563180001157
5905.70849345943,4220.325941149731,431.8597838081006,103.11837254664249
9802.440482944814,1351.5026288825225,535.7620332112707,347.05359945707227
7189.869206839507,6617.387257844339,1134.4728105177167,297.8866588117596
5383.390535979748,3932.7716476471905,1241.8386632519262,30.346615089553268
1300.1531763983642,5307.394244329617,1132.110898700714,16.005847126653855
3560.1017857779034,4038.9382928885607,1246.0640184167794,235.9607994809462
5851.8991839019955,1708.2485638959884,972.6339662321811,325.85752680015656
8712.994767808,3819.4928848963136,1213.6547974111297,321.94787232739355
6578.082367407697,7580.055489599156,1291.9201645073992,139.44164001798094
4182.602748825868,3142.3680034424597,51.75486243061459,48.39875687355036
8247.25745813849,2018.8067236116199,1004.8241986817873,122.15735216411791
2186.958862338147,4165.424460485487,679.6923142217204,50.066177025235206
1969.403627278753,8529.44577472074,712.897336489077,18.23984016100334
8390.60067364695,3123.5007345279946,1120.0622294785153,81.08442025925468
9879.697185660816,1816.9545781051406,1137.6047033727023,202.83356622787622
5587.549697231989,2597.9484433740067,768.7582907606,9.250918165765366
3753.165338004757,6866.370650169023,751.9527495138317,221.99407411212292
1880.1131654236806,7324.242810654378,478.3591287110727,64.8398556111414
6793.238198448687,5379.865086764059,67.95272623773715,201.75581525488445
9616.40135662846,6942.851532380001,1088.7912472710807,124.8785435793027
3165.47614871984,8481.196199972948,770.5172536085788,149.08759840686966
9189.146403044348,4139.6615697968755,420.7961471717402,106.17401057077282
7805.670386913851,8230.822091467568,997.9113507280653,137.17269606699574
7343.740307714638,6008.764494975388,896.2511192624653,97.30692843151431
6017.168033783089,4874.348956658423,144.36002922080974,132.03662170383316
7515.977597276872,2472.1132062528914,219.8983993778467,342.5693349731211
3644.662781311177,5270.288080263347,1074.7476731367035,358.8698589330839
7422.71068810877,3316.5979196362005,1206.5743991190632,328.9257431763229
6342.032878298414,6556.498001252647,1275.301860104364,269.6183250580538
5360.820259613156,7761.738687041238,1047.2961688747491,246.16910463141986
8006.392389518256,8248.701530387061,1086.1217293556258,336.9454327467775
4340.414542421127,1184.7983393397362,995.8290531560374,240.21970029092455
4800.856711209039,2408.9646518019326,286.16741938498916,164.57417909858285
3611.8492639469487,4750.988326774765,618.2268380110572,161.21186504606473
1714.7247888785873,7358.9807084208405,1273.9118963832855,152.2077918432682
9778.575632373659,7674.588640138556,526.5935378527234,55.30782601965967
7584.446115741859,6850.61913401006,1392.4636660844972,46.47163965601413
8994.360058099159,9394.666480989676,1.152628452176443,275.6320056731134
2561.8074612107803,7573.479479615803,358.2148689225116,256.21681791230594
3821.020633080822,9103.82795107585,696.5778850284388,42.93186592334902
7196.401745736925,4524.13261958123,422.60316502848144,51.59902734548096
1950.0631179068207,1926.3150099119846,248.13449141023017,85.85547052057274
7925.718007291271,8134.120075275836,1038.7693108263036,148.21023105746025
6575.133529418539,6473.893888259287,136.57229925001357,261.7213706106199
6261.1038309771075,8329.820400718447,1286.8475645969659,345.5772994916255
6638.878459911218,8932.841920818613,922.456740577978,101.18512866320799
2352.110189390703,5537.997772265191,13.746861679601762,301.3169833288136
7911.989973833627,2168.0469747603483,1472.9645198445169,258.6044993365023
5189.07033584266,8134.027443255741,747.6218976867124,17.437007898061633
5338.457444427955,9161.660637238341,782.2852861873689,99.42287305462247
4123.750301354556,3601.178442109487,745.7290573124128,356.4500741640336
6878.476637107779,8003.3002385024,659.6360043866197,268.82716798524814
2785.584455084583,9348.309005693724,874.1565076285933,194.9814343090917
4560.566913293522,2591.3439889439314,265.7348800258241,271.68081641656437
1171.5768404682522,1351.4925929725391,118.19717013782632,1.9098390515048387
9648.6775328858,4462.670238402512,549.6981569409111,6.329103581415971
7173.229286988257,4097.554374915043,669.7395103307828,13.939071678690002
5020.183140482055,3694.5087992126323,496.98778474035123,136.8074955311995
1630.0383413090435,3265.884486946191,453.28369492071266,18.091498697719697
8348.541993132118,5691.544019093726,1209.6468848557074,302.03959774886204
9473.050473528978,3906.1966721202043,1307.4586738416233,31.150985635982444
3830.432958006214,8608.302713792107,414.73252587442704,241.80221604208054
4872.6771243665335,7105.132569734964,1491.010013665119,242.53773878625697
2660.8718868453348,5998.705389957234,1432.2947134221545,284.018507372459
7101.66313619999,6597.201739464971,482.68203057845466,269.21380951175774
8074.860721320389,5392.279008043497,1369.1993905710826,163.13481179042392
6246.183757117143,2335.4439807110507,976.3092268675903,43.28246160183901
1494.905435426067,4438.225575409405,258.46728916125255,237.11316578845214
1879.968880670479,7057.809371940596,1040.0121819716503,183.21744950635664
7170.892237957051,9736.4890359568,1425.0991620902432,122.89271033971845
6133.877499873204,5140.233607590944,1057.5919963428535,41.3455289891849
5669.306328523298,4963.031863251572,1151.5093786573143,59.701193077003445
7257.419308233106,8519.346116942048,480.78662994362935,320.77840513072545
1876.5022356930683,3834.981862489829,223.82192490162402,191.32483104894453
7103.624699251459,4619.684463814277,1418.2656397090961,298.56225528564056
5146.450259750603,9008.650910125893,1195.5340117814333,44.19635033292216
3806.869562995073,3689.9362345945765,929.1758157946535,112.1729489414235
5471.544778288461,1868.5911826418355,1467.3812543586594,257.54187628691597
3726.77655171453,2817.419392406881,65.55895965250488,309.43236231907287
9747.808343191418,8961.410550507493,1127.456598673316,235.0381592075624
1765.586222605572,9008.492896793752,822.2333428439425,42.009445423609904
4504.523816117996,1485.8471877837503,1490.5278588295685,46.69977044544792
9024.115618432248,1554.1873796162686,1263.17327583414,34.86407682801269
6163.323086564833,5241.20153463772,892.4642213326987,189.3392145225298
3302.574853550843,4979.06578017533,1447.895932895524,96.62732128609423
3351.831888336779,5083.3888206994,1189.615178595284,66.2804085977529
2235.8741501857653,5623.9850954632,388.05114546343344,305.8961664711878
9000.807882738936,4662.624343524967,387.1553889510441,55.244824157805226
8474.553626707115,8107.602954444578,1068.3464566115704,209.9098089842608
1512.1914434760065,9136.817487661396,254.57949978533338,232.05631400091778
2338.767440201153,2074.454058876792,1299.0075606188755,164.1322228046864
3814.726985173448,2226.4217774128956,28.625842072374844,238.87288616369423
2182.2853629067645,6170.673450577133,376.2402211444318,107.79438998589433
5380.817742717903,6598.81471901575,1267.9907288111087,212.07262693643773
7600.47548474407,8416.735622056673,1182.6074420408142,72.70985077944871
9047.897949471258,6777.198382941346,994.5326775563946,134.05874075925877
8617.510050360497,9798.9127828351,556.9981089361951,299.68120860326485
3534.822077824652,2283.0551076343363,1212.501128243008,210.24423307145267
5914.504256151178,1878.967538681166,26.220367002951637,216.29006025477182
8136.682469902182,2690.8957427272326,199.68276697662284,186.84500944620237
6198.0190192837645,1829.0669449330503,1051.2211088722238,204.0400406789253
9033.059073645916,5277.988022899584,156.77667572083777,161.87226439682252
2760.980155786502,3566.517571820256,667.4254979285878,315.5056988151678
4668.525674210448,1312.221678914496,1348.0267919572987,76.6115071325961
3393.139269203099,7451.1314311364595,232.03041663469165,91.50099329209554
9429.836380892333,2955.018703571384,565.377953952104,113.74981430739145
9738.598715893822,8410.04672359327,1048.6315548573739,320.8573610133634
3327.502906081485,3906.423050082022,1241.0926615977633,83.43921168014396
7103.374658506421,6432.825042930686,831.6041284843961,131.25298266631273
3952.865359494609,6820.554116873884,285.0800259360671,60.7872805759055
8390.637731149984,6377.568053133073,373.8235880219473,307.7957029929629
4389.676107998677,2879.110515417494,753.6985281627833,58.764676550507204
9010.472232032706,2071.868231656679,417.741252095556,20.818232750774172
9696.999007693914,3027.2663128803088,1235.5710284987265,323.7859712828524
2478.9526832900992,1308.954822612805,527.4129948587059,75.4314678710146
1972.0525363498095,5752.480672819211,626.3863913213995,316.21908488408945
5021.6264700719785,9032.087760802713,190.5266011071392,96.98008205003931
8214.53376872301,9108.269282790585,62.82983100523523,13.85747520037071
3794.8421068428133,1534.7353129519831,48.9349725992486,192.12456871883538
1623.1054713264348,9826.269571914387,1333.0196352180583,14.797523594203764
5368.472751001482,5693.732913652773,226.4120750569965,260.7522735553991
4353.269128329208,6237.488422176528,620.6338776438007,301.9720590926645
6238.909428703168,5884.684551744455,785.337639109958,180.30802774778724
8394.339820724068,5588.796208515647,434.89844657943735,244.28987837926073
2312.6393174096775,3462.548168277362,549.7904669860472,43.32469165089581
6385.28320629558,6787.657372354565,1271.5318389905317,28.229517750189704
8809.18099144612,2723.0821345986938,844.145157897205,45.68412760622673
6690.758544347584,2014.1622571871292,336.06814467068074,178.52093346459083
1136.4510823539276,9575.529439697168,969.6054002208159,323.6117409953277
9154.658745810588,8704.129956241046,370.6255995834204,99.0491933161359
5111.387584515507,3856.9331676177394,780.5589111252209,278.94791199470427
3518.9827255723008,5289.015160045649,784.9562197578232,36.52990393061165
7577.829125241016,2480.844127533246,972.4435858275605,303.45350191610424
6853.122989131153,5419.9713232591275,267.5830398503167,54.08251346732528
2738.157322885836,3039.6427874507954,991.1955185326233,109.98466730715414
4149.807638295024,9830.17712210799,1283.2482056105353,321.39745913212045
5438.529900648003,9037.944798605753,328.851913625297,305.5612938037368
6540.049181381547,9645.917007370042,247.98863095878062,35.066581101456975
1506.2256648192626,6470.809044804778,395.15782359645857,170.46772171127338
3454.822738060841,9804.68860776295,1114.5870754013727,292.1387803835653
7047.173147805073,4963.758700927423,1484.4009610331302,153.2809776583217
8204.882452623464,9492.527528378436,342.3057176879546,211.0192429912237
3456.695885400848,6956.4797637324755,585.6271031472122,209.50563427949132
4383.208654423028,9677.74243666862,367.93911785138647,347.95099448092
4058.1824222070877,9164.235992713671,29.192652865330917,24.230574357918943
5654.784834417496,6296.376411610312,1121.4502182758517,176.15456878939713
8257.536338544622,1403.6765848190619,973.9555680133318,84.91258189152828
1786.4251467946035,4392.819213095643,247.54272240355036,173.9788824520532
5231.17704215558,7800.177565154578,1249.8786624299512,87.9719167141278
3528.92427539594,9853.991962356511,669.8631151512805,132.86962700250743
7497.003077864259,3025.215825240556,729.7498866875817,326.2105511959709
6365.588313590643,8401.228005604731,485.92863323991537,296.24292135139217
2726.743265826517,4168.54487911772,874.0870467778932,79.21520649604314
4783.671980220071,2870.8937876503505,1014.9456066089115,296.0627778015465
4745.501646893634,1298.7054670010539,1319.218401512161,136.1451618211309
6442.977297533583,8086.114004443128,461.15052162022135,202.52588073895296
9991.977483591547,8213.307944506898,636.6450938767148,74.42825902400695
7497.852453036277,6390.822853513087,1200.7629044746661,146.0177558921877
8901.481522895192,5883.415693444921,1317.0606706607296,266.5815296926864
5865.330887607236,1290.7454477643134,590.3704338061807,169.34277270224533
2789.9852170019076,9025.515659755773,1440.1574898906933,103.74967967141205
2499.5887680247056,6985.409714599818,607.1265941976359,355.2280984782678
5020.694314630432,4652.132773656756,202.39474722846086,331.27822866417864
9270.458485901112,5009.673455879603,607.3364245577515,68.3579881270624
6669.181213566641,7794.433503782977,213.25726289917466,276.66090158341206
9055.08891555469,2932.5720908403523,7.196176947630858,205.6338031487009
4894.7336022170075,8526.297174205658,647.6594825437762,126.91247788017014
6728.949970068975,8256.12043518728,516.9755388938734,211.14650169109598
1162.4039729373246,5060.2150222580385,915.4644974857043,135.05030913407413
1206.2923668518215,8703.337503668681,3.2325620945156115,61.8535369633584
1275.5825157987172,6748.130185600986,1315.4156026193639,256.7005889443255
2563.9900477005217,1385.2842962273708,145.95529778147804,284.49533307223635
6375.872451085467,7063.667884055869,1251.6177202213503,85.1254789138117
7314.566179792235,2322.865495133691,685.0580752551832,168.67931880115813
9007.519116251677,7346.537237156799,486.89947614988364,70.3545757426496
8780.118653752832,3445.5043764513234,304.9540644547109,280.71427954149044
2132.9065779455004,4190.673293979584,901.97817206141,333.2235462259557
2072.955142326329,9092.504298372023,1497.9532804034648,209.69163359656022
2903.8436773898534,2848.9755935015764,682.9868443317614,54.20072093104909
2369.7715450413143,7292.167180101678,164.10417818069348,259.3295260032337
7793.959308024194,3104.7952808093683,420.14160872012354,168.26333357472026
9326.111824156074,6678.457213024206,51.920857993735645,181.66043816667613
2605.543636341099,4056.9897087708537,1035.8217142820115,3.067266338345087
7228.935435979745,2442.7222749623133,1315.7927917265863,89.93908138413477
9300.710935259633,6047.962521174997,213.0214277527033,320.927338204574
2414.245190430475,5442.829978554645,547.7712590657226,77.41455509274003
5565.017008251119,6627.521907657255,1254.673815660627,199.19036590442795
3600.201378718185,1361.0652915856986,49.1865641501983,342.38734589495715
7659.06843053398,9762.463178256863,835.3441573734717,248.17902021459173
6050.07469612284,9135.647495437803,1456.9471764616549,80.50475911157338
9383.103571115611,8788.213743772158,467.02306039787646,135.80687190023556
1236.0333292826874,9795.549071979169,189.8575179534827,33.2539499757848
2864.9579202633677,5429.360022825311,1478.620243777146,326.16340282339354
9241.388951312118,3430.16709542005,1120.2662760063317,269.0361520623669
6567.9249561440765,5666.823622446797,795.5158053270884,354.14595863881226
4572.063590547357,1468.7527476331618,589.557691606536,51.74777430166455
3936.3114116562674,5605.67138580861,1171.505460535144,213.08074482600927
7215.036531708371,7946.901155388711,1163.541671020346,320.1983518566014
8215.088047044119,9599.032641168853,694.0548114814978,282.40101635328404
4469.205783900498,8135.36033646195,133.45477979329394,18.704959949597317
5708.770673121739,8799.646345877645,1382.166914505564,13.979161629836833
5054.151045835003,9700.2509921197,1043.2160735931018,65.94543150109932
5016.634951006348,7259.065591636802,485.4024280954951,105.16205499970955
6162.8194718619725,5087.946311572299,702.4642739434161,114.33726461647503
8063.192406596743,7947.730051841068,1154.9648835143591,355.0161974282025
5958.376882071962,6516.190730187808,1468.9845356904757,54.09242346589463
3297.449077541222,1414.9538114935624,1112.2445350797404,194.13439905749695
3322.5554306223653,2157.7495215043455,101.43237140963357,264.87466690247754
4189.740328669894,7751.243033145569,1000.7368546330132,9.788132604223842
5015.431407751266,6831.094585411193,1192.9675847961219,34.744314660521596
5077.219688776111,5998.3338286165435,776.8505454984153,33.71443655149896
1511.5399954416212,1127.7919544172905,783.2486648298025,29.736999635676394
7701.242556794433,3353.34696539387,707.2691696048385,83.62113621903039
7597.873704228035,5110.482133189673,454.9716212468285,69.42416360819635
1726.3552967382861,9872.406787959326,976.6434954894412,67.85844482662385
3497.207258670609,5713.183970950118,46.13766469932468,131.45288378827135
4102.125790438955,8188.552666842664,1069.7319724080965,255.25354400357674
2104.7989617174235,9573.63393643718,424.95552283546704,324.3601856802951
1740.2501825451131,6046.493596073699,1026.0423458429618,59.95911164805177
7703.568775035149,3205.720665864707,475.6572801340976,242.021305011319
8502.392273495017,9065.958123560882,544.2872054888718,73.61528780811216
7242.393590504587,1953.5130324045267,427.8206180237024,5.3013725819095585
6024.223976138598,6952.6529232985085,143.53449484743874,204.51301184012854
3798.4294549548795,5653.21946167271,248.87240070909237,302.55160180191683
8389.427040457365,7515.623142566681,494.7830052548851,140.08406372510686
4314.2807040222215,9493.407865444427,1413.5250568664108,15.609148234348478
7679.691869526063,3695.2432667110434,1363.7778608420542,17.63888508869674
3802.4777736033425,6009.64895823979,519.3434508350855,326.4349341202955
4507.911132201297,6126.14492862243,896.1618092273101,96.31418829405216
6053.828048100344,3998.8038758273333,235.70159124353967,324.1339914502528
5712.784924555894,2904.6699319703075,559.7479183001377,109.94160863555472
5646.090858962622,3692.291532989269,1431.9961206800838,36.166955546163145
3852.071631055743,5088.619802831003,571.9536893728282,54.684513177905636
9750.413729414457,9027.949594842808,256.08603974110605,53.98784510125962
5684.885302870475,9603.865975367082,894.4587271234844,334.5958847324095
7496.739720795348,9655.083025694492,1140.2618128004153,164.57861568286248
8100.794761193245,8869.158180858936,784.9459768863254,240.61779876149285
4421.421509411954,1374.7477312651272,1362.7414693696417,40.68424688298862
7158.067373360816,8873.365508227233,1293.5783762331362,199.62513143595945
5271.970041271684,7008.261751661096,185.30090130097514,47.666139614508616
1104.7849834996105,3947.4766064272035,896.5121010832628,331.1566674031129
8629.246150102903,8815.796687094757,419.17648952116485,328.754845534057
2358.3888603734954,7630.2974046255695,1348.565820847674,232.63766073864886
2063.4493760337436,4909.819809395699,1212.3133048439047,81.31687785953717
4965.784906633828,8967.809467762825,6.652458075826871,298.0202120995544
1198.8185183205678,3958.86572636751,536.7002640972604,158.43535061029817
3645.465503562096,8961.411162643219,845.7393056174126,130.30858408079325
4784.481943081977,5623.106961767815,305.4619151072451,236.35257859281214
1577.485827670203,5366.08754495866,829.5885483992885,299.0557234264823
7516.912381932283,6171.019272227613,780.3907844107857,89.1533168588814
7428.8983064478825,7526.93631296258,64.09744665249174,328.54045416802984
8708.824598350862,5899.417317944212,913.9789704847052,223.9804697152831
9618.419034467055,4132.616513362507,77.1586668909463,304.7495583387373
8993.640841300396,9888.680815748903,468.9731801277656,173.364727600056
7116.881153312932,4600.89175220841,675.729690839908,221.3438957574209
4170.604885796431,8334.799779943118,11.62034164595131,129.93178577491378
1482.2059538705403,3041.8390190853765,1292.0556045253138,55.43610990155555
1733.4539751065226,7516.136507842866,1410.5453012615887,285.9696353939774
9389.735159067832,7464.671313956888,613.1054649193741,17.17212322056916
4736.769089964886,2857.74364180454,388.98493156374644,5.267425183286987
6864.134020481282,3042.9428764055756,1395.7638999108772,3.060768592428361
2127.6862430510505,1535.3480827497033,1085.4300318193752,239.87891390741575
5404.680155843763,3051.555436443896,864.2484680724297,252.8730782032074
2992.259965483113,3146.708885845441,407.71121039874123,169.76974502632532
2870.8971167601835,2070.487037225883,762.852546483062,7.993697780686419
3415.781011261991,8438.48996687957,694.0576773540125,348.75240507196065
6177.993210565165,2525.263880574784,961.3842361399271,124.68875253682333
1624.603436968539,6452.646273015749,261.1267664084314,6.521058078051133
4863.4209546906895,5591.510145579647,1120.7342769155996,344.4990466520195
6696.448882036525,8682.566579960057,228.25486375221595,128.65454411285384
7700.341833665271,1675.9030799817458,286.2272202501979,262.6264416059669
7974.960005879969,4917.276988217468,450.0136045127256,333.0077803593399
2192.4770765955564,4566.081954857333,198.61981847142175,312.8073174767258
5236.280077701194,8437.03717042348,78.89628439514271,262.0439975665926
5054.386740530721,9800.412846005307,309.21896372808845,283.32806616942315
1415.3742997040415,9848.732291908846,1060.6392393284182,56.2266724712104
8708.79437694716,8047.954672633296,707.9369118554905,131.24226829085038
2592.2192127370317,3197.585341172686,34.91649180090389,178.5989220774115
6358.609267022702,4046.101224962921,99.06544152948025,211.69045202723382
8256.693290080992,5608.586528081763,1182.5284127275538,312.2469395079461
7103.757451009001,1308.8399856499982,89.76749183856778,181.1794020250241
1411.0392750687065,7292.646908771861,732.3044252370348,318.300724453268
7421.604156660113,8170.818246835027,652.5886114574679,259.5215652755929
3946.07483710211,8526.269717709809,633.2985402642095,46.681076128939324
5434.181525238446,7691.941730314662,1109.960636046037,280.0686671858311
7837.625240277575,2170.199341527158,1442.9664428314236,66.33319004585027
4523.260652177176,6909.121443325356,845.7133049504698,49.78214235066748
2568.8820432391144,2925.1603691931723,112.62034402421477,163.58399339336952
2019.6731107486949,1548.320097554556,134.94570614325883,200.25627146768153
9996.921699786939,7511.658003511233,873.4421911540883,343.73606449125384
1492.583613489525,6212.50724524197,814.3998360226491,209.0377720436725
4590.085361034743,8274.725322666814,628.8761058006347,292.73053954710116
6181.573722002923,1705.0169499214549,797.5356275338478,178.08018404668275
1696.9242044141686,6450.602998953052,1034.63822074805,215.06267181189628
9217.736671279588,5786.73205875014,1404.3240716408282,233.6033326659969
2095.736308394919,1112.991218811467,827.5943754692805,306.9664150115887
3105.744115286736,1228.4587235919769,387.58920816171053,200.85756221993313
5999.763445162447,9216.768317759168,417.41439150384895,158.26713114222073
2135.300472748248,7338.839919950904,1253.9577405184575,247.81594080794443
3685.66866762227,6363.044523130882,601.5966778337986,146.3373213195213
6467.284893526542,3363.156842318562,19.733186539698043,284.6548303041674
9418.820808287197,9801.640425384778,896.7519621183096,341.05784468715837
2880.219148827242,3959.0291524004247,313.4932361681335,98.78725039537551
5051.372316943367,2583.8843985877056,278.7750098398877,78.45869188607496
9811.01471247294,2229.36724173542,195.09298710340576,5.095172479732282
5516.298264782248,2554.4922696470526,787.8558358462061,293.45378370578686
8242.372417167408,4840.176725365214,1089.6696588987722,112.0112324276589
5618.826076282217,2840.3386065118975,833.1769876689788,318.0990178481822
8138.912826502001,3177.7368315938215,750.9710708015026,143.6930127523306
2786.4806662816873,3292.1986702019917,299.325018092125,328.363289845
7043.678678975269,6746.317488847968,38.08897426820706,268.67695220475593
7958.083010273941,4566.514189182535,1224.8592072933477,352.0391456053678
9034.545186994083,5802.99472479448,118.26557100466015,36.79911748676761
6262.84244729145,7175.371091917045,1452.8414627494371,198.60901571621847
2394.7353831039727,2475.839461968317,1403.5300743588932,153.57340979154168
1668.763109294687,7370.5488320606555,289.68473230312736,91.71514066500114
5839.64053175068,7032.119641674167,1099.5479915592741,295.38835248117255
5671.7228878287,9835.687144384628,1041.7113598890996,56.727773722112175
4864.172167748478,6951.09229938642,1016.0452617957765,3.379962594698537
9762.24818050131,6182.233139687616,1388.4638536296923,199.2435413099897
5358.5561925577285,5187.176948038845,547.0429053240388,297.9714715907853
9236.218608290383,3957.9955597196554,587.2175893131952,49.14006132367801
6801.05030822832,8430.510835137695,1425.6165704484622,154.4213535254586
7675.64349185707,2620.2863267080866,1403.3631371598817,339.84536002344527
1461.3871114333992,9673.547831171505,1116.3689140989625,323.2811665044214
4095.7651698086715,2862.4828279467283,184.53177523670115,102.9464618400862
7105.880199881326,7432.011752897965,88.66010086149437,203.31425051107917
5453.294988168802,6882.301775529697,1197.3975496428236,88.74665606511888
3721.197898096078,4162.252972623624,1401.26219841979,105.62493181339514
5160.297729165797,8470.254470994347,872.719972394937,31.52641327996011
3489.1247612745265,4889.144877384113,393.77348558250094,339.5883301867437
4121.5109834213,6222.50795280914,861.9877122275814,242.3609707586014
4624.365067785908,5590.746322457344,123.48562896731416,329.26850293056066
2338.9232346980307,3255.5311208348726,845.2608907132325,53.49668358303627
9148.11236978162,4624.793087181371,1365.8332539168284,257.2827961044922
1567.380306407732,7287.2431491007455,563.157888458012,273.2143487362088
9151.499255837796,9014.65906013113,238.8643991219528,132.99257005646982
6055.20150378727,6843.157214508979,288.27335431162743,282.01703934663743
1789.173431892208,9293.164078245762,1462.7311725370907,354.58094038293183
3439.6317703912346,9410.249859529502,845.1834368020952,133.87553724563566
1661.116248136133,4556.8324668135465,476.88282691650244,55.8370707139876
5374.464019672756,6568.790202961415,1494.7546820316568,227.29858964094697
7099.825414525432,7905.820925161192,782.6286683951876,73.50965714505317
2210.9682599826865,9049.230866719654,1433.5423758064505,120.52936729611352
1436.1985839268596,9029.130210858284,512.496705060827,358.44941559190994
7188.250771676722,6566.076943880998,1097.5056804523185,295.54611073609465
4281.495181396967,5804.067459810069,970.5272026861263,176.04615376474328
5481.476050476537,8908.821972862579,1032.0064665827313,202.92802509516295
4833.1988281359645,2417.404612887178,19.13819604549947,187.68317953131842
2358.900206489976,4477.3285118908,1426.9371338315402,221.56159794628374
4970.454883151842,3225.755999412,13.076398171519624,131.09824385921294
2013.173397106017,8096.2175178247235,571.0138607725116,5.072630295099039
2058.624187388202,5476.445875272548,1191.8440694875967,232.9068713261024
9006.479987090297,1723.4510374083548,514.3415263970812,284.5115347084009
1529.0838447541016,8706.467271898799,482.08480073150326,86.67062862943904
1199.7940494604027,9056.696295339381,1430.077917087202,341.5872160216226
2231.5203853941475,5370.425637113466,806.216526686209,13.642316770631842
9613.478337907713,4047.174150231182,530.1677992038179,177.05082405757233
8313.995312191564,4954.794091755444,1282.4666726820378,235.25764544178435
2381.3582520716764,7289.123010986226,1391.8986337843917,56.791024895219365
2973.5404773978926,6162.120153150179,1408.0703705133378,87.66670057373946
2302.027902684272,6786.551540444777,970.0036850035385,160.6338613959534
7450.712590902882,1384.5511863517295,983.6822211690061,308.5554865212728
6920.225550658617,6492.019564443072,511.5363715987477,221.15170936958202
8244.825545786203,4273.9332085779515,308.9979213498589,43.85129814703588
3458.2362003146955,6433.135133483328,587.6744790298893,283.00956286669333
2918.670106284659,5246.24261242334,1037.2902334248017,293.9861951215986
6766.536016429834,1283.7041428302034,468.94918042794404,22.885057602106144
2126.7591257286585,7886.660104305027,249.25987899675786,9.256747730113045
7640.982557683754,9344.055908257682,521.2398021131258,186.70944985065444
7946.513872231902,8648.201659280097,467.26920664202726,106.6325235915132
9820.551115956101,4883.59544227402,1213.8217616613824,284.1698931341692
7043.485144130919,7150.003675160272,701.6721817644745,71.27216681537008
5902.746346177338,2091.376296682549,235.92428063920647,304.97400903624055
3738.0452478950606,2937.9324147486604,1016.3094885621472,262.9359794848613
4067.201309199359,6888.32897535699,160.60059548583376,70.7792078898204
3930.6258824265597,8133.23067765958,1435.9855680214869,216.03539105147058
7101.2255377829415,2761.9562631978306,1042.5425821265587,68.36177034058105
2013.1321663234887,5649.888042254908,1273.6845692696718,337.209489592599
6795.467510194214,3052.5199257238064,6.073815157787232,124.5752323030856
9266.0576284567,5692.511280296252,1370.6812884988055,153.75729927278442
6096.759811156167,6103.316869496696,859.5956953847327,35.05634188205155
8671.958263310631,7132.407549318239,994.8820207748295,248.1436229297908
8601.408591914294,8531.102180428545,465.4971321506884,67.9098262475606
9688.192974880347,5467.062544470967,1303.5638743900665,37.30120432533792
4382.194419282601,3575.2577349045587,949.5702362515639,261.34513878545
2903.3198154107113,8146.503673997426,1314.4375266309614,228.00009143268673
9837.663218708756,3642.3839957035493,5.975140365234988,263.5509095497006
7813.237508400454,1612.3240406516252,828.6572989284833,315.49308500421733
1326.7842383594,9387.887558482675,507.1375438560512,122.97523010285883
4904.889157000227,1117.8438872804882,105.75786730210493,226.62196651754925
6539.051011478753,5934.0744779370925,1411.3661430215031,261.60638681037267
6002.968081003365,7612.7110576948135,601.8204591654218,82.64336101001373
9228.461188084568,5334.023938095926,1434.2601363850977,40.839928653324236
7063.731368873083,7495.549608460976,137.16921361795337,332.1474258449295
3310.288164363789,8425.696950332129,658.9268045877523,152.73644584862163
2538.703456462472,4710.782714246956,1112.1391995790393,117.85965237402905
5602.531341344047,3857.9978953245786,1037.8357754836568,248.93048898181763
6670.796949158526,7421.369606743629,846.8156024017638,124.84281287722807
4033.457161045771,9023.077711317488,577.8665682876417,354.9928256050946
1524.391392241277,2255.088660971701,1339.7241896142993,21.316925548711385
6902.438137849833,3017.0668755915995,737.2566455333348,26.13077763634874
7689.601640517675,7575.388554900874,803.4354882475536,239.4042389591862
2450.9931968186456,2598.5589209613977,1359.7606017970527,25.277272891653197
6438.758125530814,7399.803762930771,1239.4858659296433,189.42307009988326
6199.343687239963,2355.5723420386485,101.90407470481564,219.70472060801703
9273.570189279275,9976.939612777598,5.569638421134176,99.74441445788649
7936.71761949269,6836.136522281769,483.3945417373933,346.6448821828275
8196.953799531644,6654.604629261593,1265.371773180111,20.40111425122097
5496.702493686154,1575.7688264969793,383.10413835229105,280.7522095796476
4647.566490143486,7503.599812588,123.31064996492763,135.6043699958382
2450.245820226448,2500.711758607892,782.5024855572317,274.383118761042
9571.392501279335,1294.9503920937545,439.57117406055926,109.12178996221141
7450.617281973991,3364.9378766044883,845.5949047401962,43.90803368118215
6928.130417255603,7825.585115898432,1439.819857324378,257.76496494447616
2275.779318364234,1230.9754653067112,300.5132256736862,28.159967720422223
2046.9215551673417,9979.78860258676,1020.4066900607709,206.72789034371368
9140.813700355175,4388.83755041636,109.58797282331734,311.73593181305915
6460.383790815158,3679.4233159677897,935.6237309939651,290.86595042647997
5044.986230340176,9849.114552717769,806.593666991108,359.8767685200157
5855.352218500793,4637.04450373958,1352.5508314891395,183.8936157665962
3134.652630050513,9645.958909485571,1146.570772270687,151.09521278019838
6290.796567730969,2231.001846577951,282.83835675031435,274.00709000339054
5511.5649095027,1413.7033396623415,281.4573981135843,66.4277724102184
4437.765036575385,5109.253049228306,1438.9837496004677,95.96560529215965
9078.960004745117,3217.486142727899,968.7754934749324,264.2499861038319
7850.55442924002,4136.934292797379,1302.1691024499587,115.68351187904535
6057.794479269394,8239.494764620347,829.1949369606674,110.40744462008453
6277.592933335945,6942.363959682161,5.5131795193494275,16.563749668456822
6875.307211714863,8965.435740040028,1297.2266144442476,288.514657307115
1254.8932810475771,8295.099876673552,1433.4439823111647,31.52475142648347
5705.139885972245,7337.7129010833405,185.50997710892267,249.37038772928761
9083.794616924784,5916.768075057674,1147.4363995665753,201.8763968774384
9511.433362857675,9158.066600482016,1380.184978946933,238.83346088272057
4449.102952783839,9076.309720757745,1116.681414895925,15.880779056243274
9479.831416771342,7875.244012581109,635.9791322879674,338.3008511059113
9347.324503921162,1451.9283385698538,147.32145053808395,181.02508066097718
2049.2987655849097,7349.417074960986,210.02651489233656,158.52210858852573
5991.71855918953,6738.845005903079,128.47074230126373,83.20342733340011
1151.5220156570049,5920.466118561606,867.4640799077907,283.25314751664865
9887.644862963116,4400.341742064247,833.014793546059,59.50706380131709
3085.3706701262854,9298.258484908165,1025.2792867621836,294.99908401385085
7981.927473795662,1548.6729005522914,800.1017476270185,295.50735539709075
3462.1468618680724,4496.838095233985,840.9431279191559,106.4557684185794
9947.636737451987,7960.577702705739,982.5245635482247,86.23432567325621
9620.630893216961,1941.1980456508547,1349.6231868217824,328.1959690309263
4096.596583053362,6783.563668886587,225.85163810315953,163.8716275142778
2719.9429551132544,7597.156037272514,210.05772716378706,333.5137161632175
7091.583835621162,9919.85193463165,1392.6036024669388,307.9992483549468
7495.849121206956,7105.511638629235,908.1966210715323,22.150812830550755
4955.953229702369,7871.257443141074,46.744906400785474,43.36639649721088
7008.518925026026,2779.245766299087,1194.9345891026483,261.0764622065273
8292.188827222019,5636.864809856898,183.23776297298824,50.44931766133005
2386.139739241658,1353.413897539051,972.4289667020267,130.61755806523615
2232.0847439635713,8326.63409642243,731.448895783177,52.27073283119357
7012.925692874986,2036.710683168063,555.793833282421,142.72683127700384
8156.513804814923,9912.629364975697,17.215157122085447,237.95004463826896
4215.240151233844,5393.5701911108445,633.2331830300053,26.74215430778715
1619.1978895625277,2448.5989576105285,590.2013972421412,24.559874901272032
8197.590869038357,6073.502243171661,1328.4591252635512,140.0197930520891
7857.211306172104,5978.755115897636,23.320368828378186,72.87168853695269
2604.639362643077,8547.425769465477,171.09053467669384,165.22546371477802
2196.394921007881,3642.0908594236603,280.92718890052663,131.59804305574627
8539.041601939436,3505.5704610561374,332.8504240373295,295.1151355831751
6938.376419301893,5940.7856899022445,1396.8662748773643,279.5180570468453
7129.327148396769,2550.3559302782924,601.4138074215903,216.48267994497704
6573.160614277935,2808.450183851343,436.12099988833205,162.7769385444864
4921.387119118027,5064.05113702386,323.4306855423979,149.50082870456217
7999.769487739349,7430.652548847003,617.89238502583,24.040575199690235
5190.032364678353,7809.151749717485,59.50782030499545,133.7651184979447
9675.93677996133,7516.616400623012,794.6910357402347,198.49003581465595
4485.382422189783,3703.1321288747413,1119.1137924298432,225.68732071842413
6170.782089959724,1745.3686453466166,88.34925290551071,139.33403956112812
2415.64295362619,3042.565687347652,1492.1469183191202,353.41442386533237
3031.022995905779,6157.8905354380095,1008.6246112933163,271.8422040402433
1222.8825014943893,6074.046628439873,561.6634794881329,113.97091673836623
6031.119204615639,1546.7757240582819,1307.640454886129,287.48215148746795
2276.510163798848,7266.019214865702,28.85588941761872,265.7561981168993
1916.5609143980487,7029.7387827648745,699.6620267909955,324.0518535744099
7889.908059138311,2106.7532676632045,580.1911957845962,176.80533380920338
6610.057644190091,1676.4922750682956,27.56041934867805,120.48283330121134
6347.906382811997,1218.0355037756337,732.222270367489,272.1335898082219
6625.141967100256,3471.6540624259223,654.5131960649716,39.674080090905946
1532.0825677844823,8112.8088810366025,46.851045908801204,255.19432929426878
8647.841143966727,8803.954980040751,1388.8669039686456,347.2036448260169
8632.831259399174,3610.1174138279966,835.2977627155791,2.9302655907072643
5937.126748150217,1216.6420587634086,576.4317147065184,100.2076972418658
2755.629608199183,9680.243382508097,1185.3617431155085,20.4250487338281
6923.557004182829,6576.276895088351,56.39799241112047,5.14114897554076
2336.2627613215277,6015.366854010082,924.0418769646775,335.416178412711
2903.861828012793,7443.147052834539,300.5033698939212,129.97242517070413
3113.5477814389433,8782.223118223355,633.5412736390168,262.389265475278
7914.964615791656,4706.810910832644,439.9283284771205,353.3589620911734
9890.527492565647,9510.292098603208,622.390562749775,339.93830316005466
6950.319099924487,6205.106842536177,1358.5541858434644,186.87684829762756
7820.531784908004,6375.4800363639515,631.663038751137,117.36598328214808
6315.290547566769,9380.108570478511,956.9849967917418,210.50120373862615
2890.6186969924393,5853.117810088611,896.7462282415214,193.8876721839553
3201.9945669914573,7482.187977959336,858.379727558178,255.02935907241528
9927.446140283972,1207.723396526178,340.640685633636,176.28423412239928
6869.853145264132,6023.784494680462,1446.446364722059,15.075749235646434
9949.729826144345,6433.446384591945,1188.6498423209885,134.24597625202216
1282.6491688035312,4745.066397651766,256.4891303145843,73.04478727263678
1831.262864893985,8466.554906048583,1172.9222739581219,278.4003205258348
3734.99520406547,7671.999843539862,118.06485212781115,232.83221800407446
8596.44587721333,7272.821213082403,570.2066994999828,197.42835308343336
7951.85899015437,2525.508055918087,715.8362174437657,179.48438146160726
1723.0998850805588,5605.098315237146,706.8481851779313,333.16708252147816
5461.840614182087,3908.915982950136,1285.5836162393432,27.605545349258524
9502.924644597111,3260.168767698222,899.7143208795579,169.3474764962039
2725.210065889099,7913.64831834119,193.87618229455387,200.6668065800805
2048.053145782218,1354.8152046866614,825.753636519553,103.77975976405041
2335.9072212739447,2866.09128917973,1172.0566239608434,111.74914928772009
6859.350753855225,5108.806805631646,787.5762547563062,189.29534560415127
4581.322613309949,3564.2498409276923,54.02530401431938,89.62432574945994
9380.063290942968,2531.7795940795654,196.0576100569392,186.60372581395293
1362.98321510799,9057.532894142436,801.7774117301528,329.7755039439427
7532.838003031934,7757.21553929381,378.8149854673838,149.34743630535118
3936.2270137139994,6174.199819081435,1007.4372489096195,104.71443052320866
4784.395641910917,8261.820734096364,449.74799404155493,342.0768787349045
3562.4258704146787,2146.5871388774194,171.9151180861311,39.269549076640246
7594.353357619802,1968.842917126342,1073.6822627441957,63.35385044818778
6673.028458140206,4995.952453154147,1453.0038927586802,97.58674764387136
9760.849316557424,4426.957548594305,111.7429295749271,358.7476000403189
1434.5182376745047,7817.826143863803,1041.795777919599,295.0722702292026
6955.9393230643855,9161.137456837008,1127.857011429504,45.83016180227926
6310.230830544195,9060.352374165617,782.5814094329812,18.876195023024433
1234.2858221679567,3307.0858325198724,498.0540457290378,236.4101780328865
2945.7952554241474,1781.0300369925212,1389.7288380414507,197.60416596825965
7764.171171575892,2292.4433731898625,571.7866783529701,58.91418583662784
9668.431178214545,7211.17842538154,283.62769809803797,172.75352368831165
9405.130915364673,8483.609287971434,488.6923378095293,166.1543267336694
1844.0926525556176,8830.952911518187,1352.1557221364455,85.83243604548122
6075.6913739501315,9261.980413782778,504.7750391388815,348.8253436588226
4529.310764748483,2043.0925337363074,471.005681749791,231.5712861619764
8301.006905980632,5315.0699437916755,510.7770625395636,300.5030716627548
2592.8597707734407,1228.0571149893556,106.04994239233174,97.5287560961221
9563.936784872107,5828.913054305493,443.26226063581305,201.89175790151353
5752.351755820635,2387.0046730041286,1231.8224401208681,131.34003192102153
7719.819011458881,5256.847474838099,1044.0380057172003,45.14931629602463
1798.6491745178737,8002.867646625704,751.7249399041305,16.013101378499876
2902.350077301241,9742.309992109307,1029.2920025298788,125.10499248466067
5436.353627193764,1202.4505068539356,190.28691086082975,329.71868367633664
5876.620600192226,8226.88076298979,343.4054597098864,222.3669177974807
2383.102213897061,5636.610660671903,949.6428971153352,299.2015592005279
2188.8155765917104,5386.175058276978,332.9042153169428,278.80051395337074
8956.643389534554,3765.8697010823507,1472.9075671879048,209.77828715325788
1938.3169384882285,7196.94723565918,332.29572573808156,275.4005174898889
9240.829384304096,7796.7684722943495,7.011514449347714,133.30949279716248
4821.170126065777,6061.552991639327,736.4657807856496,228.74523836438095
7338.241439084454,1144.6255755706081,79.67202488021572,160.08471677056497
8838.297509080516,7862.398188086886,841.8789358711642,134.93819716603517
5195.891813143249,5420.589609128842,1369.720714731576,269.2751460640398
8610.609921144103,7848.854863114267,693.9097314299757,68.88774261926496
2366.2342862180462,4254.201884827591,1032.1344151467922,27.424640834043057
9334.383000444677,3029.069785131951,538.0270704305979,208.41144647127047
9622.864856552855,4072.183405955834,1059.9936040844389,306.0417896104574
3639.7843216542674,4276.3054563523965,989.1501546441156,60.44203810664775
8623.35540305841,3938.87904118851,1291.6315207057903,265.60033925463813
2123.371931578459,9380.175890466093,523.931496456634,290.2230354340044
3948.3315057543427,4474.504709405426,191.63743717217045,359.60401513755903
5837.416686216663,6835.726912923478,678.7928118514415,134.98529397054605
7210.275193368455,2937.2091626840806,61.46898977391239,65.74163133252324
7274.510245128529,6225.10389294045,563.9557483743916,258.01784043740287
9304.765632328515,5121.1908588919705,752.7419841866949,238.42300224861938
9020.984092491388,9752.075515024426,873.8234483624415,198.4178684616229
8546.179755105182,5044.803964136301,590.0954861462171,291.46582670757635
2154.072147199844,2601.139777796395,1301.828651902926,333.4849440167435
8488.378562895432,3456.2048977587647,391.7294517063663,101.36542028372631
7748.84030487679,9228.191665390572,66.71899038268359,64.22341319102955
5325.6878502630825,4915.196462404194,508.32945622101454,225.1507736651524
8356.606407876352,5460.79362030542,438.6524351480697,310.70130517676205
9773.381377705851,7151.297368467129,744.3331612956072,317.90954669748857
5763.479310870162,3838.9805568869824,425.1786145238532,251.001866688715
8533.70390656897,5526.977033451735,1394.8640368828228,291.506421540766
5127.301777784292,4654.388929048889,622.0491297023357,81.71915666455806
5889.753717024845,9467.908985179525,706.3612893624248,325.66446158498775
1219.4762549514808,2567.3513883162523,535.4353197449191,348.4986856293234
7946.824462100042,8843.987705961483,1478.5241580758607,226.54514497662697
7596.146850698137,6942.652732186123,498.25714246885457,140.39281638670784
5816.097416605626,6577.587599151082,329.18847103689484,54.99670509884491
5046.707342355978,4506.879944860968,1458.699423082154,85.70452995109606
9145.893454105346,9326.890410975491,1157.757462223314,323.836315166345
2787.4705673107596,8718.819660937028,115.96440862837753,14.434104588657435
8237.9019812796,6271.503059518234,198.92615227905523,213.84062293555127
1393.399912768372,5351.4195522249065,883.4761483199275,68.05073552059314
8132.548302060107,5972.659774793741,288.1653944643981,74.52296844590771
7912.968374975574,4148.9202884598235,326.9096371275434,260.9632858544197
8302.120640339628,3132.42908487377,550.1791324919038,356.0141924327937
8181.088916942119,5169.4343369908365,1192.6411574843817,300.0203128255405
6992.806326797953,2551.9123969813854,1235.9106056827027,11.98579198329361
7363.754096475485,4412.1317665139095,695.1570785514857,281.6255996223323
9166.26678279938,5865.098746763057,1257.4373710996256,154.53245286083305
9993.029289668224,5475.254391127362,925.6867736702291,309.86260647425013
1426.536166561294,7357.3037478982715,1216.6722870427905,300.1222145035274
8631.238749471104,3433.5311717972104,865.4099715680784,84.5692120649926
1937.4247199226734,1118.666570189678,593.1131052626337,43.15627442098937
2940.286204405141,2170.574479424451,1222.1572896065095,74.48844388540633
3285.8954528208315,9434.589510693737,455.8147181777885,144.1647251853673
6246.354728067314,6820.1707783158445,473.856281960286,79.73224488253113
1452.1425624365984,9375.981107526406,500.4307239610168,19.153646002349017
6068.762726970313,8608.229273215344,873.7676109264946,118.71649030972083
9755.606970509123,6104.365274734723,1284.765808885691,285.56906050030335
3012.265088230729,6254.936580548435,1330.502777198858,115.5275676136517
6648.413233470552,5176.568318813637,687.1441544994958,71.62042552994873
4519.596013695163,8609.447684695559,572.5997398420495,285.9452302055888
9111.730534728269,6734.007742434679,768.2760466165338,202.87959588285491
7611.217169807016,6846.598877491254,1216.5235227607645,246.41615017790986
7927.275236085789,5933.096189368259,1028.9500352393684,269.74477052881133
5160.270889975804,4850.460656873258,1206.20607905459,75.92870596181957
5723.874845407154,9394.560639233017,991.2259062806166,144.90133200090636
3500.9312328901474,1127.6837927948718,572.8195919081036,229.12359461869335
3935.4462103133537,4243.628158031844,1332.8365163696194,276.350769925835
3950.2163851273845,6934.693073051003,769.73450138398,346.19824046431313
8340.338043399384,6113.463470019955,626.7100843215748,117.74492410114401
5402.598137090049,4731.397328511966,1463.57241352811,272.2661680891553
7816.246428525145,3932.7132499158242,1493.1693493312239,53.78709166468732
1838.2070199499356,5684.784044514211,26.65155373483572,217.2289569409898
5689.953922348009,1467.640959478818,3.7740656433021633,43.41402586044199
7146.11793629868,2198.90101853357,282.79441946653407,265.8070593786513
9573.189401489903,1915.963111940192,30.082614340788655,221.47333803927737
4439.950011367637,3697.6464748042495,147.87479237237775,213.9094587199788
3046.598911739688,4120.698489998804,988.1024661644188,32.86632433734738
7050.91865793057,2686.2396013111343,1092.395239848428,301.26251579858075
4670.827348714443,6189.057015170513,91.80687093419948,297.0008886085794
3202.7677309446262,8903.141420333579,514.6535772077749,305.3542412499819
6419.945534617814,1196.168498994265,789.5809322843681,48.24848590887717
9101.530462356954,2334.3824385641497,846.4727310092742,355.40144183412355
4843.9870463225225,8112.253076867437,1363.519137728741,66.1084501587334
5062.752458475399,9512.813274259468,744.4049524775193,338.2859041248882
7786.485782597471,7186.514482666342,1425.3147419029283,45.781641202611
5732.957120153309,9714.753605061647,1449.6783616949788,208.4156126089543
6133.427337744022,1408.28889936732,77.30816112634925,300.22409914900686
6677.327014756025,5730.313428322876,1449.4391823657695,182.29292320135906
3879.6944806029314,4592.1868314006915,1433.9167710694971,281.3675738306131
2476.197292593307,5354.667376206381,1051.3139493158753,90.18133142907308
9251.719773281082,2623.855663560916,350.1618826183723,64.2684044516242
1116.7401749231306,2914.250271861276,946.689050393853,300.83081462346667
4946.3708244211775,6586.704900030116,111.47091520195075,162.8897494663136
2834.9742473807773,9601.110134360308,968.494678913618,66.49868148769059
8686.227808773292,4976.388755783331,529.7177882572109,211.14770988607566
4046.3760582093632,1607.303316288955,418.1171881168517,17.884157193784283
3845.083153202947,9993.383017836557,339.3300178270125,78.95500982787148
9878.49974253443,8985.956104063207,1273.5487326848154,294.31220560424657
6042.559779007409,6569.088000850948,1129.99059514677,145.14760136558803
8649.308695070127,9938.265148113238,1006.0692077473984,64.28570068909215
6259.052239104992,6999.11539764538,824.876027870514,93.52737927313032
7813.044330526855,3215.6423702783172,377.2105336436873,48.706042256175614
7081.876558078366,6776.996873813545,139.33206583193922,131.69610810773355
8274.725765251933,2547.849594859076,697.6976569883566,97.75645242643785
1572.7086126699023,5991.4637237454435,1266.5987245560652,100.26468896912571
1353.4952350366511,7654.402295105285,145.35886143746205,213.6537895825389
5740.924125400366,6956.096355764262,329.04848640100397,290.07321118633723
8882.331259075649,3720.5383946725815,226.94800872961582,132.19145213989754
8354.494683681072,3981.3575951828393,454.24696185316594,299.0842444824478
4930.4156446953,9178.074498926204,1441.4200531855229,217.15474613431667
9954.30969903718,4939.842130001723,601.6881354629787,32.28252824908986
8784.236265925056,9740.306109649979,1249.226575303427,343.3329260749235
6281.113546746393,8542.905236864772,898.411932143343,261.5843909875087
7391.49795156547,4507.726743099014,862.9499355636434,238.9214966668669
1503.5237637588461,3299.477798738131,741.9907197086169,62.70275687155328
3857.781575021861,6546.062966612084,376.6780653106828,88.54934934489553
7735.49885034207,2656.608326648875,834.8317954153217,244.1066525409034
1443.7889941638764,6287.066306950154,1097.1571601853927,30.137166083845887
4860.451789342575,4305.4926086186215,56.5339219472508,339.3871382625639
4835.706112341512,2863.013522901374,74.22702136626953,136.42216059390475
2333.0078410878505,1738.3152820521232,288.5197401099148,126.63766112076266
3492.7219575309623,3174.17962543044,593.3838053138286,354.95155206394844
8764.375809002964,4446.116595862728,853.4222233783148,336.14278690232373
6872.684710188306,7648.534646145287,929.4712612393547,285.3120460520893
3274.9344073935304,4693.839355846558,1008.4705466652321,323.1321636402148
1741.0345570836375,3061.6452771534687,1466.4365044607655,65.04528164664096
4680.933525769351,5792.129707808728,692.5074114772762,195.22268874351988
9008.325708323753,1410.5709102589362,1283.6412738178385,168.7186016122442
8448.302247621366,7566.567939410363,1097.0961809888777,72.63510134211393
2061.084690986737,4606.198853072328,84.56625482843363,122.82577584076223
7538.65900855412,7312.605191155129,842.5209713846848,163.37252499139498
7671.318867776333,8340.507417497425,1381.2696341634214,194.30642528366698
1648.8493173471986,8792.83584838454,927.031667457656,216.53638091712406
8023.076759859568,8115.813321738271,410.6252781169859,305.75857478999393
8655.657684153979,7963.23984207057,1362.2861973365234,327.3828943362775
7956.832160725036,6003.127932959642,699.5374250706022,241.43070807485816
3420.6107894406655,6101.292783837262,1098.8416318347706,243.60683892829738
2402.088895408475,5182.141188386258,364.4940864965956,336.6741587356586
6061.301772506874,3300.4968462190677,1334.7069719578146,58.250798222063054
5973.778483799593,9598.76467744967,1092.9888807400569,17.318530224470376
2736.3621839878524,3588.0735319790097,1384.1633326678946,157.67814061306106
4379.996365167053,3771.6934991597295,261.2492214313622,262.0583427422043
9607.99389102303,1806.0834317209033,436.4613362481893,19.34389674347984
1630.8408102218991,4777.915171489389,457.366394828926,236.65589011555912
7003.189115762087,3320.5036672689257,1104.4421699761465,259.8367938709756
4766.218981926926,8305.272167139781,171.3451850540609,332.7166846686399
7543.852567923548,5434.724264496126,401.80109270834265,342.28749074944733
6692.837456998434,4615.216896337515,697.9430834097627,206.01394803303265
4549.788260454423,7567.385521016877,894.9195443484452,34.3680368683091
5931.538334075673,5735.887385593476,254.6990436102179,217.71396889647914
5650.024429151508,9660.862888345717,1400.5242293895797,309.77220159478924
2112.6965900649075,4545.300992998975,501.3071340082357,298.89695095347486
2415.199259470929,2413.892608057203,124.27259964629619,140.11860256181026
4454.680596735983,2125.822332243244,663.247796642171,175.92586970209513
3272.831934120124,7867.386466263945,647.1128980057124,183.36384084291322
8804.063736486081,6977.847697002455,1350.7430282881617,93.93886481521551
6844.114395209248,3708.503046665642,274.27568737299424,42.72302367779943
4704.687335991106,6226.9066807654735,125.83406852028136,319.65134768414254
4257.211345306978,5018.355115282598,504.45989106500457,237.62259521583113
5362.317044142965,4359.056097724367,1172.3409936712187,110.96551498527373
6401.368657311748,9956.902954316598,808.8642957919096,23.691636932944434
5498.8847911974135,4625.924848355231,428.03507686605997,7.471479766997707
2805.885801497772,5482.116050326254,1065.7312057320928,224.6716010668725
7533.907970636223,3381.035397222625,727.7192886217438,22.172406379648464
6159.72802792092,2121.7062386337293,1479.518846704313,124.18977229532445
6961.63477021397,3758.9829422236508,105.81966802494482,252.60428888025234
9681.296803583453,8831.09914633028,433.89246224741845,45.18187167728131
8277.441861989188,2803.2341383398903,959.450417480306,4.333458785105863
5151.784673215517,6726.570213199621,162.91963830316087,236.5754455589441
2164.567398589721,8403.611639804076,1043.61778411998,244.03583324677447
5248.077887828999,2673.1665634796473,541.2466107139516,157.45289432408208
6305.834102678722,9270.611763339763,1449.6732203301892,202.46104431370827
8580.586644478812,5330.247497980384,695.6742068467933,30.444843676095648
2947.3266148140656,5984.495998377063,1301.3814198189102,61.02232349002383
9072.01971748507,4241.9735099699365,52.17222480034781,188.7009734669968
9301.657263406898,9749.903759503546,366.32683859136716,264.2119770432107
2388.2866759243966,8911.020909004366,393.25688530364056,1.4890959802168302
8756.574602017346,3608.0216169658206,342.1269566727989,140.35886153960936
8809.711513251881,1850.8426673433842,583.2312768214432,23.689501200167772
7300.900853116508,9970.817204655521,406.4392017124935,104.97360852352607
7178.201841545203,7930.752677178304,293.0464623452215,228.29873641202462
7930.175513990093,3819.478829526783,832.2084790651327,151.45659151157412
5642.650384683225,2593.6349559963583,227.01732684789457,3.2496968589359665
9365.600297968938,4201.219019653462,1034.5156969154752,323.1927334260693
4174.8534883731045,4249.982727280416,1381.6452296561688,100.55347946292818
9825.998927713634,1376.9720865131146,971.2587820539732,63.78006993219552
7656.1833902714625,8866.734918675153,594.1689723502709,38.025103154208075
4803.035180973696,9003.212908583417,547.3136882184472,104.78762463327767
6557.291293113375,1670.8731591146675,95.89283316094864,185.00990153320268
1150.029358301018,9873.710624682482,1095.5712140333035,194.36275357329646
5376.0920145510245,6010.172461128401,434.2188702034823,196.89360332312705
5452.104098172298,6879.663122814331,173.31785726262154,269.28649990541544
8263.653373237388,1965.9764626307642,536.0443507444261,191.62164144703362
1737.1168062357447,5860.181261952714,666.3864681363882,274.4860663683272
8317.623599090712,2744.7835520657445,15.457701333415631,346.7435380716546
5807.791794440047,3890.3060004892914,257.4260155997976,352.0716587508602
1988.5348860510064,9475.465382336364,1221.0407898995654,14.689094890190482
1266.54112253477,7022.866644657279,1074.9521475418148,338.2440400009312
7702.739066525582,4354.791391249035,997.3475818509266,197.35582604931088
1505.018828269819,1763.8342225506376,379.13618471821803,239.063652549851
3599.664544760014,7729.363726345005,737.6571116459588,7.1619123184223685
3780.3826219142748,3425.7723763631684,264.87727571808983,350.36886583602455
3646.828695796225,9775.116786961018,403.41582114223354,311.726609319831
4802.503707214388,8626.268898545113,679.494977605624,189.34801701976426
5109.055632586389,5314.003688086246,899.0961376757483,311.6393899533402
3533.86894816098,2399.6558700695846,1215.0699130646767,335.6044011972934
3518.9140112893674,8209.67836960006,1475.0941280553518,90.39734360488313
9697.47104119636,5613.643063184944,258.7298807921111,184.19251448182857
1260.327241062285,3536.425345454341,883.8527654959257,154.60461074630967
8061.782578974988,6829.655546284272,527.6667858307629,118.70299678360598
6602.203008628426,9966.277426610766,787.2891085605434,135.20518731009935
2983.378775741594,3473.0577260307227,191.83273202208886,89.6797475977105
1410.0869242281997,4606.484633910777,473.2281692345461,103.9236806420513
3489.6608805822625,6476.717914969903,943.6598330224359,141.4525662669545
2887.210189682203,3107.3866162947043,671.2395407152766,266.80407863356305
8966.122443801667,2837.4484289408156,257.68414692229305,346.6381626587201
1664.7716923619014,9538.00851829724,1182.6117557043233,338.91997345249274
7510.128311652175,7860.457978989108,7.714246063207419,176.46074453552094
3897.8129867851667,4596.009871441458,310.045880614775,357.7622873844404
6484.520178725848,7447.77591993037,1211.3934582440281,227.84372273767767
6511.817843128574,6194.477971840903,364.9534779178684,203.95171296797315
8946.686702847312,9245.654841940577,953.6740303306091,312.82416982221304
6950.077923254143,4582.721151786089,1497.4218852843096,179.33010917918176
4401.027208237199,5575.6686103097045,490.019411482875,314.06285961148444
6287.506536996619,4936.400598641291,30.981961207486485,277.36402265500004
6122.350824304869,8995.276475154653,231.72268593188844,260.3192340150599
4922.655730453455,3828.8057563164475,597.0841632814595,48.65942886412531
5965.0233491433955,8218.089730258354,942.711330995886,192.79352453473052
5335.965761631682,7143.331773674522,402.93502050899696,203.31635941054057
2878.52419793427,4727.478634872603,1002.8375350060784,194.37083536032682
4963.288750460748,5582.604630759048,1458.5072718320544,31.016736229002763
9852.352531875766,8926.937517981438,564.5889580076596,137.0552931764288
4711.852510793812,6315.613708626313,1314.9222204936077,269.40973212477917
7336.306306124635,4290.9185606363535,189.43545465995535,1.025350804842072
3141.1444188839814,9559.65944418776,5.8651363974707715,25.33066461276957
1155.9391541910638,9856.242896832671,279.11814008725366,343.0234591635098
2448.2394606520347,8144.6843327735505,520.8988544757851,140.1629058512606
2722.9616643063955,5987.188921476124,648.6206368475305,203.07187738874447
3377.8941586253018,8688.966036695125,479.29456577320497,358.02653542214364
3556.2411347592847,9279.086347739678,1183.5775844990128,118.18163316388119
8647.568363191687,8498.324611536362,599.1391478855287,188.5502862391535
4110.784699926915,1206.5905326158295,374.6299421673268,337.7745416563292
3025.6983861675776,1394.7440290632576,508.265334144324,245.5953979826337
7401.877639661972,7572.256952043055,1102.6620932426642,345.02834226680744
6784.285995386837,7481.0028568814,414.90542210894404,134.01591686787893
5083.855753877006,3865.8695822022073,844.5373354824835,230.1059095605212
6572.808323968188,9718.867802133447,340.5993767752888,72.74899744409338
6391.280060901523,5217.215906522039,581.5928898529512,289.4653218666245
6094.592668809811,6415.273427496081,461.5934889143329,277.69191808555894
9492.553711601477,1436.4361849293628,1107.1294638791587,143.70518961122332
7658.715203511632,5506.294927467576,1018.4325387422027,221.1824654046987
9461.716228304103,6740.247733003604,1135.5629451007824,134.4615581614141
4137.111998800292,8137.150998516564,437.52719597035366,203.51514322362394
4810.9313311372625,5762.774157022645,717.5526908335918,344.06576638179445
6495.933691114258,5857.859247779343,1478.9588891980768,117.224549975553
6780.641680135369,3277.677515287694,242.96154379779014,326.16899007939
6881.7210249674745,3124.50502762788,1022.7206643485777,133.48994590866272
4238.293413946841,3276.410883061686,747.5255938812339,302.2505482092555
1224.7326242568813,1496.9309288080337,497.1235341172669,202.02739866423227
8816.390547005913,4931.480758483502,1170.3067897540463,333.2218246358325
3148.7043166254466,5073.233748458167,660.9178403422005,10.266826494334575
5758.1936502821645,1745.634946409849,442.1204110848913,283.65769201874866
5809.130529209261,1262.9320793912166,443.79969707590357,287.59388176453297
8953.779250686854,1347.1294433280354,1269.1355549052598,294.90859968365965
9579.179640862068,3433.1476291721187,259.8661382430937,216.80753946054557
8908.485659025588,4658.184192963879,1110.3690970476591,69.52275363551168
8475.509468994214,7906.46732478571,1485.7395521430935,341.6897111755259
9709.992373362058,2586.542547362932,386.130705759762,176.02992318529513
5389.910753914362,2935.8072781606015,839.2623590923631,231.10466901246255
8265.997997605169,1439.3077164348013,537.3488458205454,181.23665026630644
7850.594446441601,3963.879088964883,95.6408434207027,283.3916202093045
3096.4066824983106,2875.3659191238503,1202.0120181671084,162.3374711556628
8875.842916244626,5180.3073689404355,764.2404580812912,146.1047296894713
9817.614366381229,9816.11065621334,535.5018374209188,41.774204829909955
2470.3440630730474,4025.7297127629113,699.9649364208,319.42254338703015
8702.766423626275,3850.4407450896474,1323.2422966351812,25.193636638740323
2207.035331719335,3423.810562789311,1194.0967151923949,57.41663487069344
5182.67646796061,2410.218638832465,283.0754022926027,153.90186611882854
6738.594791753271,6367.719086334535,1132.2151274772862,61.67501797496392
7814.690363929503,5973.158883542143,1060.751321752876,22.22152220320222
8187.484987111469,7274.928530399958,1017.2771052664501,215.7897580593558
2989.1706398720294,9967.138346238353,1486.573414152666,8.814078435037796
4706.74399943935,7777.944937489165,469.9943137884693,157.82333802573908
8590.154184188665,7499.050387538951,1234.2935172937384,310.5873129274696
6130.546883406711,3382.009493296041,135.1671066489319,230.6185074108678
1926.310251210747,5851.395281998904,298.73745295307646,26.913856381662793
8444.820028093098,4603.0438380758,364.931934069144,327.49502735957634
4231.743964313712,4673.757942111192,982.8706266285416,94.1481623516013
3002.8207802860843,3642.021107430956,536.6529134237383,125.98987832935254
4567.231167862485,4790.4791670548075,933.4068131111777,312.4707422386359
2496.3700688878866,7178.652296015793,856.820047920774,194.03896927136145
9225.695309315015,8047.834702115716,586.4721590425714,102.81226365136762
3038.6776440259464,3518.2018656245586,384.7337139755953,87.73928995443205
7742.566983372966,5761.021185503751,1290.3607219331684,26.49457269456935
3247.758692567027,2282.262365249907,1496.007466537397,301.40763623434503
5910.465487960969,3011.260652467474,559.020530592194,225.01397152274689
7941.481701281817,3540.965775629538,454.27123658068024,172.71085859833383
3854.266715791277,9820.00638152983,1305.9143322573073,348.9616970024637
5217.079112909034,7320.131179957396,1196.7594401225965,127.19879286273606
3960.2584507811966,2346.2447460737185,272.6541090321992,276.63397092271197
5028.354476071807,7626.183362714165,421.97162890856333,57.19615219232735
9698.138925459218,3853.32893747887,327.4355326683958,238.18483229235713
7981.940952637324,6726.30451553955,688.1678898376712,314.3216013720744
6325.409554707393,2076.7907210429494,263.84080144352663,280.7132457104127
6161.288659657958,9897.452399961829,1151.43329658987,205.12646501725496
2356.4496826420163,3219.343898227105,1294.6901214049701,315.80991697010893
5452.769569533044,9196.938346633313,1473.3388208629826,328.9494001610495
9983.975365132397,9628.766516576368,1421.3061842002223,236.57292128318238
9628.331152058787,2063.430608003204,1279.1415347916961,212.64096925203688
3262.6961495622254,4794.758215311256,380.04721390694624,97.46811758231227
5082.473336064842,6163.973732850375,1027.2658111205703,321.5768465642926
4734.590324910905,6480.655199813993,337.06104986306735,180.91822364740966
2446.2318600996778,3648.6061814901054,1354.4969330432384,19.10184675176702
2438.9748646781572,4327.484182786924,141.80067480519406,159.16114703144805
9730.272483110955,3210.946032661237,856.0671870544609,275.17202002075595
3873.783928711896,5325.027387986465,62.76164542010643,272.38416729733444
2427.509847379131,3051.1417413959493,650.3701448696785,253.20941126271018
9496.429506969087,1586.331006119485,1309.9611801493918,247.1563085240087
4898.82612424414,6556.350138910093,11.545878613117196,42.207010096021136
4948.766512059488,1194.8071994700922,167.8418840065147,284.7277422389165
6254.586326406815,8266.148095329858,495.656249638557,50.913535471496935
2484.7584750292012,2818.375423679989,580.5296719714643,126.91054734906962
9060.645213852746,5466.197000125474,1265.5322003537515,100.6375553952741
4633.909287274158,4984.500815436102,775.2351803075484,187.1074730320027
7174.11296382067,7960.054845299633,1207.4226829756599,316.97176105910256
2151.95129964882,8577.092582794725,1338.5968091929083,17.933001621781013
4994.5770999028455,6867.028081343694,809.925385759932,327.5185291588503
1115.3953498064395,9061.733582930026,1012.4421401882198,1.1937500069094025
2197.0867258888184,5737.332808524959,1112.1076669128274,296.05209548222723
3713.4194398463296,9113.985790734721,336.43102002117934,58.27254668764861
9652.032266416576,4504.379774251944,528.9421770063991,78.87283145887143
2810.3287320493127,6704.333047570618,1007.8145821140282,257.52942490977136
7914.192103202547,2840.798512644841,774.2914523988655,272.06163958104
2074.5390691747025,9971.31258328905,1300.5244104028059,285.8077462973087
3956.0241774005585,8344.672411675445,158.28426762540195,304.1634912776817
8710.294434851527,8826.82485121887,1404.0967843437556,259.1238145940025
3991.322147597615,9910.491345366116,520.9924441536014,162.3618344150859
8493.624295055726,2394.008144339737,1165.6308461857998,350.13574012615305
5014.083167172255,7260.314954703674,1171.9333742616423,238.1168843645292
3979.2006176447867,9619.462263002635,27.14605662860892,109.86024663049884
9758.910911409677,2647.318534086263,832.8212122945095,157.6920492236405
1898.0322471909178,1762.9612081237362,1322.1072311336272,64.73869131709489
4650.769700702582,5183.102685744165,69.1050258438702,20.417329471012618
9545.600301484294,6943.0380544520385,1318.8415931477775,327.3437791844031
5458.761329991171,7040.960102451051,1125.7046726105104,351.58357132947964
2218.0182544362556,3035.913621162219,912.5813426374534,160.6918627873313
3760.3663512106377,4399.197526956837,871.3431290220585,68.75886057184447
3952.5501842020467,9519.843783045559,1164.9500846982382,88.65110028246039
3834.611785238608,7984.429135711137,705.5965544376947,23.39467766395368
8388.784869195506,1976.9201650360142,1049.176046271598,345.5380709067267
4458.228678824247,7949.5014388342615,683.9870987379487,153.19601238643077
9496.136568043694,6764.141097302975,492.3580330432861,263.61739487658394
9244.898732522412,6807.189346951562,1403.1796961932346,79.04745021186488
1135.5888869444057,8035.675770410696,10.653661453427283,336.6408773472251
5074.056451441764,1373.8259792186977,286.21578543454933,323.76696596006445
7816.860724650648,6834.945535087519,983.5140289843794,109.15837825889692
4417.320763789401,1807.2578342547072,208.63513490723548,239.63493582945418
2643.7171293476504,6830.6433599425,1457.5141311035004,294.8621284652984
5394.964999533286,4869.357720644265,1110.9422076125877,320.30343326141474
3408.367976697585,9641.491103341175,965.7729425357169,66.06892164982006
1727.7617864452216,9000.060993682106,429.01588333002184,254.27853798682432
9280.355430814887,2888.3109463582123,30.772866359146096,185.62550553670886
9387.417362489456,3099.0431031693415,1300.330746224536,207.31031183074643
7368.686281548361,3046.4785023090826,856.0759202470184,143.88500626859366
9737.72830479718,3976.52898408138,221.5207640869515,323.66347508284457
3631.42721497945,3528.5367786861434,68.13337116790953,355.9129550938928
1970.903865322108,7301.591028909099,1222.626230473406,84.18761436060579
1105.4655353263174,7920.724570301657,1027.858048829023,338.1049100304622
2670.697455088073,1995.2094321431769,134.88394661737533,23.116142733547626
3545.1989807973364,9950.394004808242,689.9229737408112,220.82034557496823
8710.880623567284,5833.1667606722685,66.46881312789525,325.5925398636888
8860.115856772947,7306.493454024457,772.2998487827587,186.79823111685957
6478.913431071136,6619.227981366747,287.3198696420304,198.23633600088343
2582.9728048141565,6424.630003373869,1372.0015779228286,217.3950745271978
9055.154902741231,5940.148647423158,1327.320138925939,359.9963541931789
7247.47999442777,6614.448645353578,1168.9996148405437,94.58896981017563
4379.42844942828,7821.507147946421,1485.3873321917567,28.884967072056593
9319.98287883485,9896.395117941816,638.7559782660823,79.92447092814373
3667.19049336085,4181.069598269847,309.73317296953536,81.29763206167989
1529.5049759719896,8445.727211336609,51.049914473110114,61.01521461607887
4371.778414856306,1654.21988152034,84.98371026729528,198.95291892279056
4365.525980282107,1120.6663323246526,96.59844882196666,306.7037528362825
8452.37420937491,8534.683247257966,1317.28696489117,323.25239153834394
8334.339218318135,1801.6785354017914,805.2103029775944,279.16873026830035
5392.980522633606,7355.425751068804,827.5913285063021,166.1690152128151
2991.344160882679,9437.56177319909,1483.3997513062147,151.7767565752531
3865.4740659849126,8663.04634028949,1246.7891320735816,297.5013691235495
7386.342829128993,3508.1993011938457,487.8817763344963,68.1896979715574
6192.87888632248,8969.881365885032,1292.39868808956,250.16902202689772
8333.385969931196,9629.377312463199,657.2932343018502,140.59054801634537
6031.719497678185,3913.1129199093716,1003.1062068261733,209.67836196575655
1124.561243389369,5556.492995321172,1376.774113325142,70.80097879001829
9135.87776866458,4644.372362811984,843.5889520204942,75.87645685914768
1881.4380812788638,9650.002847120568,578.4986101356644,319.0861398188712
1332.2114230523898,4595.867190870213,1279.092142429374,58.88507900773279
5981.165920292129,6863.93997519198,299.85540878517395,173.39285241633988
8210.382714099336,1625.903429216903,1486.2067108736271,234.595612125512
2365.696086681551,2466.4032053240544,1189.1770804657112,162.32436977681456
6701.756972225136,1747.2374407222005,870.9983342348172,238.6454957960492
9318.549546276867,3199.0752347034577,1152.7968603198947,25.231216750487402
5324.787791941597,1741.7274277913357,256.7162693227956,355.58025619615455
3364.600075294414,3077.0773263337223,383.05315948259147,188.4305383195924
6984.940933803989,1761.6093807658053,1088.7518990353922,354.84929227592863
4704.931882152219,4881.928565842537,1309.057305210899,62.55911088121929
5144.761668533177,5449.471130792537,395.42668882989756,192.25309451988306
7637.1242807022645,1856.1135301638456,232.76702898041992,116.76245231950212
8829.60733436746,7614.710768820733,1465.224351194717,317.89882032107386
2891.8551325215412,6961.041147817268,1481.5229880032118,139.1741204780299
7795.532906225707,9243.582505576607,1448.2109055265246,113.97170313071642
8564.711844523255,5948.603607265769,1430.2796662517735,105.22192910245789
1515.4930337374244,6221.535131949536,707.8045167986081,288.0304379083118
8788.51391361383,8443.936772743473,1328.842830606085,330.11899272066745
4327.7204466701205,3478.4643712518505,230.96221720530858,80.95446585622715
6556.014980944033,9500.498562001447,701.424600155379,243.7854805066595
4040.647341934314,9562.987180987828,413.44060198398074,267.8284014928495
7236.946223107838,2489.6043897450927,2.6028187276317167,234.49550829068752
7050.6044017360755,7689.652514514447,526.103571371806,340.01417453346596
2352.92374270497,6301.049084250637,558.5178079112637,312.2250540230484
6881.689924260142,1185.358599972378,568.5936160318428,32.16368682150913
5349.457586480629,2195.419590680261,45.6458173242903,319.46208251020124
8342.411541611615,6746.526148845824,643.1294198068133,288.4550109903283
3215.766932449052,1633.0905535037984,1416.224019589533,100.50654255207922
5543.475030363113,6880.321998547001,188.59720637111457,123.9089809060195
6008.427742691317,5980.1487072852915,1408.8231169400224,204.88167930365526
1711.9771945219327,6938.453366282773,1218.5142699799453,268.0269589849703
9713.863853809702,3707.6317846037914,109.99849616723043,333.90052389794704
7242.287629262159,5120.541382132906,1358.3615283290007,46.894821111993785
1185.0251271114216,1651.2280874626665,1337.2384244660523,246.89003928952405
5733.122545400266,3353.1114594182004,1374.2481579877942,189.36066658454388
5473.461428046956,4699.867217873949,713.2182853065452,129.5721420086221
2385.642250293865,6664.548400982066,462.35709035889533,242.64210192532244
8972.692499608955,7906.546902150248,1371.9955087820065,273.46779206621
9136.371013959728,9262.77867442422,81.04962486913196,64.10880600085963
1821.6803422567234,4143.358492206175,1248.2548642412467,156.79130341741006
1497.3713439022592,9708.362591417275,1103.4828600408812,331.6385946499322
9708.736662869876,8336.80976392734,462.71481628433486,270.23468882015686
7951.283984813054,1793.3398100039885,489.8263509009188,234.45764032891424
4512.157149506093,7388.057780455509,1430.9524492128137,315.44805095257806
1465.4327710167097,8806.813506549635,1244.0912958240422,354.26593396061946
7105.319655111979,6713.39150806327,1084.5344193651297,286.75884460056034
8659.95825683083,1829.5598573917423,351.92084370915194,301.1297605291246
6527.415724664165,5185.222221308956,160.97511827161938,83.29432212749285
9665.649390464618,8249.652439026884,570.3975148517376,118.27049033968852
6644.413685333842,6023.181352752067,1493.17526884231,351.49023266415116
3403.61683525073,3156.6504040241193,88.82963788186686,171.35009916594655
9797.338541849673,6807.680207830233,1211.6225653296026,257.4386329597446
6684.75650791483,6656.472504267011,359.43458852989676,176.45277368056776
9900.671644143053,9115.38072921201,416.6805732717569,211.13317580463837
7661.15797482811,2875.0247903436866,1087.3549328270406,89.47518430255163
9701.917996692895,5715.08002230456,141.0622585090701,201.18364867833077
2370.947304359797,9776.174682267263,1209.0341177185342,95.6624429764215
9275.956178844302,2139.1152009754815,57.75917832801512,65.97042674151405
8368.476742896251,2629.493763754166,25.199569541690302,326.1865699007686
4309.545403901882,6105.307634193718,10.388864028066484,103.97239569829524
2009.453902352545,9748.495054629722,1430.4760944544187,189.80150831256842
9234.801301171467,2440.2999823512237,886.2011193612326,5.707838493020376
1910.6927337955906,7851.710612777673,1138.5912958933422,274.4052229327614
4886.9219591643105,5290.403140111919,575.609899829433,214.39550451320338
5851.224038830916,2935.0492377032865,367.47884636530677,34.500741867568614
7888.563755865824,2170.1635556267297,1144.976347118804,196.57263234886463
3718.731175652082,7124.023869615377,818.4113082483091,141.05446748589048
3463.0142337380967,8303.356469943836,1160.0847653319347,113.02527377722194
7611.650648841161,2116.110800192646,1276.7752053815714,325.22304777078324
5618.878076600179,4058.3897637503983,1238.0375202869516,49.41098158231767
2334.7764164359646,6508.986806407905,1041.2105214343649,299.57789028050286
7208.419513541962,3405.5766646501525,690.7316508798481,287.9997586031823
7004.8378464253665,5773.066634329181,944.5785834707576,257.36013857282944
8459.464064470796,9394.87747714279,1146.478644798867,328.7591228718589
2854.152495733011,2351.052028341925,874.2090344094884,217.88633926101565
1813.6879243399171,2721.4609906055143,442.4638582711271,55.04493320394423
2889.9715371035572,3881.2211603646824,777.6731172253725,115.06192469574181
9300.407588975713,8826.768596210153,571.2234756892989,23.925076766356685
3784.5474445058762,9956.758634253752,399.8279593027182,263.40840378088006
1365.5922550554415,5140.953031045452,94.13424878916977,319.35745709984536
4257.845580578199,7603.598031474155,1173.6093146649098,71.94554548195588
1100.3077289212144,4594.147584777214,1399.1156214006312,199.52420898910356
4476.691398339286,4874.599959649773,1493.809484356449,307.12365347749716
2836.8221609088714,8373.875395465813,791.706913838806,195.9262532274096
4421.006671082131,3996.109321252531,317.06037117948756,170.1683400574075
3645.502887141297,6518.431175814177,108.43965137366375,319.09920202632526
2674.2377293035133,3005.1604789280454,1187.8033596245814,77.1140409955927
7894.151611845013,5617.491479806801,894.0752889619456,242.71220216394397
1166.0337784345768,7862.063752503852,899.6947051772097,135.83107701813123
1396.4407433208842,9861.327008053913,498.8331858223343,327.7400176339051
5859.850658761687,7736.494370396968,1092.2856525785799,152.0685275164627
9337.222949465584,9411.024698689738,1410.5573410124018,287.39698645453115
5622.115187074434,2202.212369400675,1008.390696759619,207.96494427343765
4953.375164340909,7663.07950297896,333.6628315125739,15.97880741747003
4561.301333205475,2744.9138612821052,1482.091204363873,96.15172352439927
9709.385793578129,6771.829443196007,1242.4837563078852,130.86038193116642
5731.10858201646,4777.151075106956,102.87388592794605,132.54480061795863
9383.39256345002,6360.873195488369,886.3958873804377,320.92103378193445
2575.7494059616506,9160.01988638251,1406.7486865864298,113.50058595672462
8650.924063022612,7050.198665741969,224.68380133697298,73.70685850626762
9529.966125222589,1392.471472816665,44.34616533381208,13.653447160523504
1575.6569174796045,1959.6173762388441,1112.1954824257245,303.16106810224267
4554.487723138658,4753.836824853504,140.85165664742902,93.87051034442196
2555.5826445017574,2345.6484298838795,1362.6976813782949,229.42663438485005
1438.6879659605097,3723.677090643228,1083.378142543696,134.9798468995572
4519.956314522353,2317.3014650667624,17.23138751194057,123.14070051755
6440.612809448037,4905.296146563878,201.82939196826703,265.77728674557835
2670.634765156154,3617.702428932097,1007.9500091237966,112.5615208573312
9289.526841010174,2574.4491013127226,1240.4554465898984,203.58426047331074
4362.586355611753,9046.495015791945,972.140810276058,132.58395781049404
8454.974782534951,6075.671543455032,236.51442443518798,26.76664688541965
1850.0157954587503,1876.7033921598431,630.7475165098112,173.04640268693157
4278.329029543798,7827.871239534417,1111.5288293946435,119.59410065432596
7818.645875581257,8520.700487205972,1148.1487641741003,188.0013635085067
2338.401355453895,8345.60116059456,1302.923629996049,322.6819379513788
2778.2681318971363,4417.428748210235,723.5713537324139,260.8837853291357
3451.6410649944087,4187.518436012831,524.2873520724962,305.4319598870398
5313.298908717798,6410.720282835371,1226.0789906654456,337.06602217249855
2254.891056610468,9564.655840970665,209.1399637636532,211.36989405616546
5925.485680203401,5785.524948061288,350.9046290582144,1.5463181501056558
9241.75357501737,6801.069557449084,977.9678303020843,166.6255194514565
2984.932092001588,4973.342411373451,116.89805461630718,358.7397466817911
3079.0633087410215,2246.8356890596006,1346.4962316437811,41.80898297903691
1739.597658553254,7790.1720706636415,196.04317300813932,236.14424672031163
8382.348093939403,5094.5847871375445,740.8805968645023,2.987763681204568
1801.801575893444,8579.76587015827,1477.0246734327582,228.2464145000991
5707.4792006549,6953.65261691093,645.099718556261,36.565405126276005
8910.825938344542,3688.4192996898314,759.0413895643335,225.35259144922864
7353.195883030166,3914.705851544187,1461.8888890919823,30.217694670351985
4560.706042128575,6671.484135210661,176.66375424954555,355.3518431248397
6217.115337476128,1943.1607390071222,622.7607386643277,285.49648362122826
5188.895171319535,2419.1355274906914,1290.7082595496825,257.1206305389492
5447.547273358,6740.853245239605,1092.314292202423,31.890502329735494
6651.787611499672,5706.6589440172065,418.46338136533524,35.28887137987218
5934.598737862833,5530.1705425966375,490.49395122994105,51.14763538680519
1269.4080462966804,5653.740012042608,751.6586442910436,79.26654731318385
4782.142687418465,2821.878990022132,50.466644156874644,356.3922263228656
8010.012756726197,4277.257983102312,1022.4174301606562,280.9345593749698
5253.7689317982085,9442.865281626488,18.3398284183981,225.45608705500553
2325.664075626313,5883.389837686453,750.2744183525219,286.5938839806864
7771.1103224497765,3394.6739772762417,209.23886117428307,336.0719936179543
3854.743208030477,1268.0068883568542,275.42646392580014,187.1969719085173
9453.760766233683,3105.3422337999227,1301.3714389121092,230.56137704753993
6211.904246852366,6084.266089343656,879.7326725623593,319.15705455162635
7148.862299251543,2634.7768355883495,995.7121186344488,308.84422370871255
5754.134227792623,3910.2126867356596,334.2550787929114,289.9313716300132
7609.669044594953,2866.1283950130824,524.1901931203824,41.666768527553614
4368.599477119884,7976.052034852379,1388.3503847196298,345.67797844161305
2410.119020230075,4125.740499711561,764.5652212307564,62.795256684917184
9109.199631847201,5010.244949502468,1251.8720309870491,150.1152955740174
8999.012444095897,4207.465199892018,552.8209004403383,31.529834857920065
1194.7300065248985,8711.136421000581,1316.7755835007545,117.67522852538409
9192.702905450076,3524.0017863425446,1495.414059641131,121.83995786742067
2108.8580968064994,4893.038626485864,334.34639372063367,124.3246758840549
3094.2344062985294,9152.961673767462,1170.7208337831114,111.7111449995897
6730.2629243171905,2042.9830301420934,325.9280350173542,283.2302800137981
1128.4842875939269,1487.6067406711643,1354.535907181708,179.2177438296029
4774.220484310448,4706.459674482129,26.062212502668537,167.16775126960192
2097.0498001450214,9085.388939270459,453.9552209116451,69.74883229128633
2886.3150675132874,3092.9224939510596,171.6946339206769,80.15391111827802
1438.0972186559793,4309.0703632069435,413.1312720186508,122.77200338849202
4101.414182919827,9736.976135505629,1195.3016703362218,206.3589748352045
3980.8536968290678,3110.779322266128,1235.1166764829861,86.54881966842784
1736.699550528933,6004.268599271946,840.0969607336494,186.82881835667638
2626.2901662348777,9948.12398857945,559.7264908935572,145.69387259637224
4548.000869907844,8573.321004218113,644.9203006509305,205.97321511762087
5993.433949630576,7357.473234335383,1152.865676028737,163.99700062433698
3145.856367904945,7525.720851964282,503.78685352764893,155.8746273392377
2394.87090266046,7567.588435129837,1454.5269798975958,316.7650821422538
8756.737454625192,3787.802671375275,819.0884355011937,140.62869512208118
3138.490446025282,2657.971636182021,333.10413093408823,35.28614426475111
2049.5960418913874,8863.22756117948,1214.7596315223473,314.9262302225105
7038.800369240521,7681.992914680991,947.1778656031681,278.85256407656266
9749.929581338043,2507.002244051114,910.0124697968199,312.63775354376577
7319.940871237844,2881.319834263514,588.2281420942385,158.7323933817086
5534.796782096987,9434.94624512883,1411.9573224046137,326.70879154412114
8180.001982241022,7146.056431433414,83.16518720889432,224.0297373209109
4621.772022790981,1207.5365223420094,152.14622084190069,126.07266026639368
5224.479307048209,4767.257829262984,565.4983712267457,271.7766589710188
1452.8302259736117,9471.537050955354,1112.8636451727718,87.0935174368605
5825.978684342396,4855.4609728887135,304.81946697276896,254.06743903089836
8218.15183014312,6323.434021197146,616.9968987168837,352.85005915298296
6972.586751748421,6539.420842008206,333.662793671653,146.4768785452387
6566.752468946753,3853.3325370750863,1402.8766171268069,359.482874179336
5380.769370058018,3720.098856662436,1162.168674403145,64.80816187720629
8990.744966892998,7965.60044841973,658.1859997975894,312.4078255184742
8277.691868134436,2614.291769445438,201.11796637320666,281.3506814450637
4918.31289868026,6972.753545652123,346.5026640091518,199.29347815862388
2616.8139599363867,4815.401865811113,1366.311315602668,43.27780757130503
4885.920868932248,4490.202174609357,29.891853481767924,259.16156913407406
3466.7935798277417,1608.7478577517472,508.0650277072901,196.873852852682
6303.502912193086,4696.337251296953,1207.239815849618,7.409658459830966
5917.0071182096835,7168.943596643431,302.18963610278684,325.3074330349375
3678.5995638835193,2152.4896363774124,955.1295066763329,12.576616386176838
1781.648892817979,7046.767952653782,1079.1790538885816,161.61618401150184
3063.9042375464237,7209.093634077802,104.90735386173532,283.5810829307147
5952.911680273548,2186.200505836215,1238.3268416171882,256.5961462928819
4454.71521318435,4537.369106473577,1304.4547602287669,278.02608351956417
7942.7885716054525,4129.854257636196,704.5252584955175,295.1725262989117
2929.1021614652996,3300.171600479068,449.5283115572494,201.73038513234107
3876.908621336109,5910.130515574854,496.61978014765407,146.119285989028
1247.558037470742,6075.328711797194,459.81936818162677,230.6196905847149
3096.868771609709,2256.828251813668,572.0068746528183,89.50481500999662
3169.141060111463,7291.651444482594,1045.9816092133651,89.94316161160285
2337.108567685928,7463.931583745096,427.6987645050132,133.1423344024096
2349.760249174901,9119.738605291215,47.59984454546064,314.2695138411992
1105.7663236184994,4778.008748599842,160.86984345985326,241.83792156346922
5096.135011809216,8470.776640935634,778.2387919033258,358.22247567567194
3003.689590921288,6384.457585206801,1452.2487028142782,1.4682816139436874
6272.452245778878,6079.60272502292,997.4478490066872,74.69498287415875
9545.747913073526,8742.135446190412,1376.6518692885604,99.42430150977583
6304.704860572422,5217.112193013551,1498.1759090609783,301.58813829463895
4609.584926144823,3970.4926279584097,637.6461430668681,37.548968637641515
2836.7559742623107,6221.598298106179,662.4173507148676,322.9088001343768
1674.9175415091954,9830.611529895235,758.3709643670167,48.47701136925106
6546.169548426556,4496.4200845695705,119.39390644048503,139.79946449850607
4963.595055152338,1751.3927963644828,3.2172051252514136,210.7037109992215
2509.163485966371,7998.717151027198,1326.9972070103495,262.93287923442455
1892.559395541039,6249.656740945047,1241.3232334223032,306.91236039301947
8187.176766777057,1423.5510011416934,578.0373851558678,314.1953073192809
1442.9555030970291,7406.0964333439,815.5364269518982,283.4749026618563
3656.306551944575,6685.924588708077,1306.8137285221787,53.78638970698286
2793.0870172329733,6806.506627040053,589.6877912506646,219.9216637643092
7480.558199264352,6146.515067733895,364.942276933939,222.20548629232775
7687.585308010444,5013.540610937887,1138.2392960094642,42.874184052050396
6068.785976657673,2432.6379861754594,1433.5361431341112,88.83337729627769
4300.125036836094,8330.576729267068,1220.164331491525,340.658800543759
5950.058426170836,5098.455287095861,1455.9120501803118,111.79782993828336
2057.3288266056916,6433.9963577702365,396.7708161526271,282.04849496005374
8777.420981465684,8263.541404274834,1381.14253175972,236.04661490417308
8422.528779998675,8679.01364140111,68.91566253300059,172.55347348047823
9160.292666642523,6524.97729732467,236.1945404394096,359.6362658530944
9386.781425723359,8438.223468243843,1236.6722223783142,264.4917002241634
3627.312885036922,6554.296477273479,672.846187958366,126.18112474778647
9017.989901438235,8445.410345189794,1415.5919025259325,288.9193221564657
3425.1807928210765,5713.365467711406,986.0596197538713,134.242397115549
9529.064640246419,6757.305782585885,911.3421385538084,311.04735536293117
4030.7646274683198,5143.432166298974,41.49850563960158,301.3888776939482
1218.7912586448706,6785.330834969048,475.14349696178675,249.2691711186925
5732.297226143261,4859.710283759827,816.8036023722685,82.75112218525176
4142.982362900782,4896.748705929809,1250.1262845206088,192.45711824780977
2773.050329697637,8846.764427176338,1206.8892707198474,147.39270298636512
2315.8252391750293,2169.8150714317226,49.31314856095488,90.18732057235522
6380.892088617953,8830.59298067302,60.444413383104845,117.79461855714098
4924.918859921316,3964.737524307072,578.2227535221152,286.16183781828124
7886.857122179662,7136.472785375323,951.202145955995,70.81971345453911
9035.59624490832,6693.029016715275,637.6146254054571,344.77696129335845
2386.7863555014756,8442.209424349147,1461.0525939855659,129.5962634344984
5924.527348800049,6452.077730242196,526.3716471360227,283.9043354116106
7055.432967214933,1403.0496737346148,1201.9152735306968,89.94228966868599
1875.086631741201,9674.73071040068,379.75044107986514,238.10560614152268
9640.165148899989,9814.455167715081,178.8178852008991,281.0520879565049
7498.93493377368,4322.688075378873,1462.9869904319667,12.392198050719664
9101.01012886858,2937.1014491667447,1277.7021216343896,56.22946845496729
1328.022751203371,9936.006516029893,117.12884710601784,252.8393246233331
4124.833251597216,6287.886143937184,865.3743133688398,261.20923107065664
5766.345836314202,8980.777602418337,185.24605118946872,58.737680031107686
7676.148693993844,4151.769227922614,656.9440531625277,292.394170093069
6830.32823663899,3093.6331043386635,1434.292444676479,211.06981803678457
6310.998751571932,1483.6605303221256,471.45921597399797,340.4026282906093
5832.84873440831,9239.605086556345,255.28323379536067,54.03150431989362
1382.3506530879838,3925.002066944012,605.8472949418751,78.32906023414434
6866.949660360383,7874.2346500298945,3.811364160633209,64.03716880905009
6743.005092291115,2321.93358613944,303.293297511142,64.8755142603519
4007.551235739773,9878.423736338518,232.30273575206462,340.12812324449226
5377.675650592631,2922.786664887527,916.9920134979025,252.7679705452916
7632.763814391012,4293.640664210068,1092.2077004935084,109.2651073599762
8632.579503765213,4387.191326530776,766.9238246915506,252.15939426521055
3129.7099383518785,6766.290404085923,539.5881510791431,225.64291586268592
5967.417123078195,9115.931444136526,347.71505266191303,123.89419049470445
3374.413700280317,8319.798681174669,466.2765162755526,192.16403578222472
5770.3065646929,2063.3004403552277,463.3591318996659,290.72064803007964
2093.6524862631195,4910.725008142355,994.4602813950121,47.964763748233004
1242.1204741988863,2274.4455998978838,1453.4822107043751,269.31166891446924
8145.188476922121,7729.514367616849,211.45639071869965,39.0870871255055
4592.4385620685325,6976.0356692649275,649.1257746361631,8.577509355421277
5210.527022328205,4285.410093008739,86.48016023932138,188.18470026821575
5539.607315719033,9172.399502711069,861.1457977224817,123.00644219555932
9971.49098746142,8817.940674947098,173.18125147483943,76.77612865360489
4142.848157182426,8453.886489770604,713.9309852777478,214.3093847819145
5741.290699140542,9290.260386894653,759.1911262300055,81.27772003352264
3359.068643061368,6084.598143701584,850.6890504561499,52.687513693586695
2047.0662592948495,9658.733273270625,1314.3294560785537,172.96812688803757
7764.782456748782,4087.108225525818,249.34564686772313,99.23512128004258
3769.438720780241,9055.02903881068,1194.5886752879594,125.10601074140976
3319.045236558,9088.620918923083,598.2658269845358,220.21616662125737
9508.419851324044,6938.367588816223,116.09677973561323,136.59739269047014
1221.3909912811112,7140.427560719409,46.99221709074409,276.89548754838273
2368.1269197473152,8182.808440635763,553.8213499562736,358.1556946411983
3912.5963432163007,1844.5834419435646,659.989422279551,88.85270405895366
2870.181415079126,8427.657595168139,405.7960610574003,290.9316231291799
7168.480933445759,5693.850801765926,196.96072396421837,20.8420875979284
4685.173813589217,2012.586823138764,597.3684460047839,82.04086829167564
3466.077725621497,4133.6688222390185,1495.6314443725685,87.57077171103327
4798.68139648103,8967.010914048751,1382.0570320550564,146.33397292407457
2069.5807399502173,5974.866872837593,1159.852067925033,351.48082526796765
9485.41661947495,8966.950017159756,180.19429312315953,47.263030933522394
9514.671918924185,7756.885439726555,688.8140768236784,152.77090424180903
6227.432654481334,7315.1914234247015,25.867530107409628,155.30625886401802
7622.423678862593,2852.2455776066936,430.08857939704416,301.06848596518665
6949.378764851748,5843.813011735032,1413.9086047584533,137.6362260847175
3743.5089635103022,1578.154705863739,155.19165155778643,224.39038705000604
6638.117739268284,1276.9007883538618,803.5968259518844,318.60480269379735
3775.7497732204465,7553.359280885492,1334.7837248349954,145.7401604374733
8191.460090332469,6633.350386342167,244.69594998982885,71.10319551110258
6175.401448346559,2888.4889289182506,12.939871166665663,270.16403007183396
2174.360160336809,2770.608457138927,521.100710430501,23.484516880608144
7978.764402828581,3767.5946477989905,451.21267953100244,162.89757046894817
7934.610342024664,5792.795707540905,1444.3590985651458,344.80270053464193
9763.510511683698,2637.5471511047303,392.91267930197796,212.08975235998773
1206.3804918161236,6634.386087912044,698.0488291981205,21.103082961240453
5220.039681383977,9110.419725455027,448.90538237453,69.9518700186786
3166.2888951382392,7210.342725463137,76.24796124782661,169.97010256323486
6627.9812603811,2113.287820968855,488.7027048996109,242.20148889151554
1865.3914903547502,2615.9981133281412,797.7926610508654,142.47953892300737
6986.527964354032,6280.196591137617,454.6082812997446,338.14341564419027
7091.153800176483,2492.1573528357394,1351.3897401444947,200.58016994928334
6279.012253690645,8561.86374171473,418.73080182100085,154.36168483072925
2494.057423187435,5556.442675389718,861.9708907482849,289.5822816631192
5130.479472952122,8283.519723725629,1178.628418658433,148.713088487064
7316.270257312272,1352.6131317862905,1406.4670976889267,77.54559003697138
9387.48137993339,8448.952164018536,676.628152577649,292.45300680024224
3020.7431776297954,7654.664517025397,422.5520907279579,252.01664876909336
4079.200159989102,3785.0715587073114,1385.5518931552829,258.99958055309986
8482.533917203597,7494.90948321144,1263.3365581190978,313.7050486753463
7501.160642423126,4357.313603081888,88.67788192947351,305.48101119428253
2429.3513438991367,1432.9360324513684,446.96049923226764,70.73381042663992
8908.996951975088,3073.277629227462,1440.7965919802925,116.59863793281318
7838.078075497102,8162.197565387556,1219.9381921370189,68.89547322627074
1738.4349660588755,5847.430868971575,256.14470995909596,21.86252133811454
4142.845690877171,4156.129324184063,952.1600390116082,67.87104864238547
3078.3042982496895,2209.128071237934,40.02171315234172,245.58540603117171
2000.763336156655,4851.45534871215,1091.6098505045368,241.52982843194897
8354.164167798943,7166.358347757552,834.6184501227722,351.78328559922437
2012.93109895727,2702.7346913403217,739.191925966785,306.1934946246813
2615.4386817760314,6373.338408655952,1091.707031370321,149.52123716000114
2965.319437289819,7724.095994228397,400.97222874673827,52.62158537703876
3631.4357810531064,8634.127216769633,901.9973635871662,244.85660079871732
2230.9010191747284,6375.723612703824,1358.2488980502778,89.78235076457624
2469.618015683217,1369.2555798796423,847.8638696272185,195.24848276530543
7061.159013361566,1651.5003707662963,742.9817574997924,249.0448073913867
7598.641895917085,4370.98819220163,457.5671221686252,24.97517060537833
9600.021610064652,5348.331966198217,652.7351687832495,86.45224795765527
7004.608766196607,8341.17576753613,1330.1464442780211,51.29450043201987
3596.037635622912,1181.8491000797903,367.7427095135337,351.19194631968094
3435.804178935627,7008.296073005565,1345.8553818086536,226.88307711154852
1935.1819300271086,7739.183567525194,587.579229633591,263.3670748996644
3122.579743285337,5648.109117544142,1239.1625885305896,287.54787999690257
2081.8527242161135,6443.056274282639,1169.2216779960036,130.80386732995538
1265.583636288323,7821.771740767405,1129.3692565611843,120.06032417477772
2296.4780193918286,5437.5351490872445,469.03016012743694,216.47841745803103
9396.662614674504,9095.638122113854,1468.2976668355645,163.61948622836144
6730.144591584499,7718.6759450001955,1214.4644578330813,75.3882411471587
1936.1586090059868,6016.963931959037,154.74951253269109,297.36182001318707
6850.931626790054,4917.5873144753605,1409.5682081967532,48.48461686896136
2413.6707363235473,7715.123217404151,215.972129528221,174.58951828472146
2643.8191049843813,9837.34664641801,1073.5327289678435,147.32322545189416
5416.034929906671,1569.11764276276,166.84654870507353,269.93951449128815
4014.563616735094,9798.796133556554,382.0599816336733,294.8357842100156
7819.510843165519,3092.4878619477404,474.27473760610536,264.32913355563437
6888.199326127612,1468.7242835328998,804.0580235062959,270.02170301436166
2686.0185620716775,7729.12466169103,229.3109377549251,305.4413156565807
3924.1668936223646,9418.571351394436,1451.6246562156912,172.7787437110728
8438.307002225336,8086.577412654005,1157.1542016144267,198.15258509637567
4021.878358663286,3923.138348197712,402.0821248887364,143.76489897974497
3656.6240042781983,6627.423731498267,124.73700976342526,187.45852311074648
7425.703589234964,8735.486247502726,1360.2328847752801,92.86888034157114
4286.750831439754,6174.744939041004,1474.8120798161726,282.79146256353977
7514.22923506792,8222.003527294528,722.8860935831348,84.75034633787821
2837.2610677981647,8170.72154582193,1085.2921285568837,217.6510281300622
6368.840558158903,8673.988586636318,734.865063790273,57.35002130069371
4250.847102795103,4928.654898339091,1280.7342046211481,102.84628530065221
9952.888395889322,2230.9190333784536,1075.1293290403312,129.6072637850962
9126.44149022533,3683.508303209341,714.7850251118373,100.16010422198165
7997.975650096544,8345.966658259265,366.2939788692183,73.1605186861096
7019.787562431451,9508.893540046587,257.07845532894794,90.40974638414056
2109.0474975461652,8970.293221666594,143.47043226804144,286.12465259194323
4448.115956677857,9800.051931702561,1209.1620102495297,273.9365828719219
4001.035272263747,1376.235396962057,459.87377413734845,248.68526976386727
3954.913534230223,8991.804060131202,1067.2833085978152,334.3608895445298
8810.831433230054,8089.681486014186,1375.2032645011245,323.29697574599174
6261.879910523659,6904.903005331156,694.8853656675986,355.14168219437175
7155.888488765844,8332.660415343184,633.1297464127438,48.03911685653987
3351.8345745022298,3147.0624816644668,1416.2366067522896,266.34517881907794
9376.323386686288,9228.804381350705,647.3735277737076,353.5913774594509
5514.794869212081,5170.585923745832,202.23936962720228,203.12081606086517
3309.2384967553376,5632.6585996917165,371.5300215038282,124.47273237254839
3249.9472269213093,2037.8645757073405,204.08483321366452,299.9505868259884
8126.006883699063,6864.701992909729,1080.4824868252251,152.80743781711857
2147.5711968789988,5592.314994533893,1042.5691105152193,300.18511332823283
6013.412637919704,2915.1088652205954,232.68372331349516,160.59597631266658
3255.350837063942,4750.111322963521,891.4086350310539,307.72734754487726
3296.2602126028028,6274.15900135914,574.8143445878784,249.5704712559954
1410.5521895067025,6958.927259061702,1470.6917255449653,77.04179819598545
1311.6079630502852,4013.782062144818,1112.816504617144,196.338144643633
6229.939011069936,7037.249466352851,580.992552080776,162.85082596567645
4346.071749591611,9058.25615908044,736.6795787981956,311.32019828662123
9230.4819290591,9175.402860337203,91.66395058419825,31.641056548301172
4522.133718918913,2903.2688977103253,662.8841594909755,318.9226245972966
4566.002274837731,6349.46968625316,561.149230255283,342.2203912342912
1697.683460308404,1169.373241100112,810.1353256740924,109.32076772310221
3443.225783839125,4629.435035938639,1292.461283800229,125.52655138386199
1329.7686006125728,3706.407905147415,1001.673672211738,142.3360507241549
4780.485589790592,8546.787588716028,281.69614241650885,341.17885118297085
3051.6636188176817,2408.4326645480196,1388.80294584372,277.0670306590391
8153.595403501493,2692.3603469887557,198.8129344384827,127.40606559684423
8481.592467161188,3849.942602418327,277.528496873297,141.9506197264903
2341.864236027064,9556.392870704702,1458.3904736059271,324.1983054307389
3165.9739564952033,2562.8935739372055,330.9632768283185,11.506867053917368
2964.8392930687587,8643.068905342272,958.6502952856127,257.4919828088296
4543.959260931535,3581.6179906381085,8.936575045286489,208.40078630162122
8551.682120622627,3213.051652561395,283.42746168476646,116.80123034628339
4534.206690401317,5343.508475790287,1496.2985873637617,27.006145529208414
1213.101149589896,6279.506009355623,110.77743533369159,41.460854284529375
1733.3795741249794,4111.407036874647,1149.6232740882142,165.85505350753226
2873.644200069856,1411.735723022901,1116.9063663467389,80.77640896262892
7017.554597317187,6516.803439424418,873.479726552457,100.81068067535008
2449.3451884326123,7378.420636422794,32.25475642495137,1.3283746332170887
4064.245651070688,6892.973874791689,22.97513214228564,80.45938205558852
8121.862448524537,5949.685741439394,1350.0687276824149,359.6490198976802
4375.556574665301,1498.0093523747155,825.2917460772135,319.75071851892807
6278.822320099784,2955.523446057464,689.536737876834,245.83116742015534
1126.4307382175868,6408.9518765660805,433.57228747848313,175.45990624824222
8113.807969385091,4244.070060952638,1335.6229002982611,237.48753698181733
4079.0523584501693,2250.1291422479053,1426.6110870913353,325.6299243982959
7593.182349389415,5339.1890344956355,742.508008912069,331.73997549084316
3604.1546570650044,8668.33757485704,640.2395416805463,300.42077145786016
2427.432238628211,9176.891310050101,332.12952531322287,265.8828240019191
7399.18795824541,2545.3087910622917,737.9704910448161,96.92625354710908
1655.3486236189433,2825.0145010921588,1033.5715773405761,329.4930975084856
5117.681874887156,2656.1671056885825,1101.7327385887845,202.57831915519097
9845.435820130058,3778.5622507968674,405.0502336469721,46.47456162038254
9044.579846880326,5728.551471011643,362.24260695149604,65.54322037064625
7969.072267087169,9203.164486776295,1136.7260644235682,348.1209266718364
3613.3392877066985,2122.061389975014,980.8380745841147,183.80428189791868
3614.2105436571833,7510.9623831223835,538.8497222895512,232.63412010410022
6251.936495562432,1122.1867015675105,638.3329216226462,9.309342955001947
9790.648880861214,3422.5540497272473,832.7052479925768,112.34648456888749
5010.797697854937,6686.499875625157,983.3574207328331,195.07925508050366
5113.292830052339,3259.2779542848275,197.9370138154382,247.89002723585904
7446.347360406979,5261.257762272295,995.3464266628349,356.7148209064997
7522.510132878531,1669.5592719684946,1223.1397712887995,120.86301604839556
7803.684878890953,2514.0119294102606,896.52493273309,71.84409466662663
4948.578598566703,2581.6806344042643,1135.2619599853467,92.43544240751999
8656.273509445304,3161.6417932869385,1423.4112073314463,237.03810664193256
9829.742576592096,7924.510602053371,303.82575037530165,146.04314147972684
9970.559182307055,6280.049856862055,480.72160622882893,331.86363146133453
8355.080333605463,7185.00749097748,1013.5211382220828,231.37745503154676
9156.88466308773,6523.528714961612,693.3350441780746,158.57372548920785
6296.0383510084885,4486.24935892304,953.2311425204852,91.16783940735262
6300.475237271413,3581.2391196432154,263.01770588423256,276.047072563813
3032.55112336355,6521.912052918407,944.5860548141961,17.54140832154855
6753.071235566693,2052.6341883626583,1423.4116392589074,269.2664815121098
3932.824680414557,1648.0104457244524,1264.1810212311655,348.18585576090805
2268.658769259634,5525.4187937045035,499.10604161623894,142.1948451694498
1761.8542488160915,8607.856691721383,15.190173568757174,160.2503419433373
8458.219682243604,5261.031189233932,364.1168583684912,133.38133107237132
6390.265319255832,1322.788311453207,853.2186920264519,145.0914203548634
3986.6155649543593,8795.535757256392,423.14651173396715,143.88926409809136
2276.1304360935083,9214.407338239638,1285.827165147123,119.45148954495508
2170.870554329218,5861.113047228632,318.08045449652684,278.3942523988927
9228.469165293385,7157.823478154593,475.6493370855081,307.07635009666035
9508.656175123004,6179.327798026964,427.8133633211927,260.1575631528534
4875.785334200393,8886.907331473765,1202.5667021795398,96.36369648612086
2706.5287694951894,7546.688987703544,1299.6766246485824,202.9498842388494
8039.873302744532,5535.299352916543,939.0238526059532,112.66751012094906
4676.621067197416,8422.28820460667,1007.471375460785,240.45042035929558
9604.97358104609,7670.097479797424,1068.5479850518402,285.7712674985753
1969.9323593971158,9865.866307899902,905.4257940443125,237.16311850653065
7041.556796175011,7460.052844068704,169.06154743739089,247.23372505048823
8660.723218435258,6780.312158410535,934.7655461392773,210.804242985037
1551.1289848609656,8910.572753116478,801.2437261689598,295.76993333869376
1900.4291596632875,9036.234150627195,5.0554590926777685,16.793159223873946
2224.3258191098166,2471.4367002162853,1115.7117396163244,85.12663827573064
5610.00610962371,5053.714898536964,447.29287938423647,102.33623009192375
1189.1339502207786,4471.357417719573,779.6485575358151,270.88349474731916
6243.555054311493,6498.9410554823635,939.1865621971367,294.5802814155857
2759.3698751238644,8791.075949719288,355.6719208309848,318.2860266682603
5101.610696746637,7511.801543819556,881.4415960599157,6.333423165150108
2273.54226613824,3963.794337307921,806.5536988220869,219.35044670362987
1911.5311740807329,4953.3578984917895,244.8292824891638,15.115800015991052
8703.240537849415,6700.61914444625,897.0925152617571,16.8002758380898
1957.4700052063881,2215.0785524585926,1014.5377220846158,46.304383674660905
4234.19659965294,8944.330033730528,46.835267896685096,99.98533571593215
9539.751431408307,2560.6422626986005,292.0680944482402,218.31924697788523
2638.2698113549804,2359.7964723081996,813.6642081732308,152.3994507951631
9057.817684834989,6211.826662573965,998.5605327571969,32.444146296376786
9770.100729278314,9456.774914537593,367.7702961191089,44.159713204000425
6573.441105596927,2178.3336276209366,665.7547073531098,300.7003862253033
3884.131781341743,2961.0169613208664,251.8162682076991,194.4961892798579
7366.348929192436,9063.088842823083,1230.0238540318685,129.37003725251347
6881.919400325022,1880.7148472680833,1486.7789189599205,334.955276350917
6893.460106925408,7485.749585652539,321.4494756632775,53.29647638707966
3844.3147857732897,3035.930502910808,264.6665647363197,328.19658938153196
4244.396361184374,5517.414915174652,28.76094993622405,217.93301268701228
5990.788561150324,6760.794425579537,396.85176864413506,19.499425976642677
1761.8609463165103,4686.421070385921,911.321063156029,231.61024897800272
3988.749095711926,2733.5935488002906,1304.9861103944183,38.5469514373829
7119.659058742045,8324.983251801908,1111.8903921404585,52.726721825562024
5233.706042167491,8790.069355372187,1084.439905514999,47.21134770761368
9756.404863026513,9791.554510479726,700.4458170915071,47.0391041453958
6691.827743752475,3682.134960563271,1271.7021913655653,92.36232174494421
4297.182984632641,5548.32567482535,708.247667042156,274.49914207171156
9216.891293355086,2683.1452281177676,696.966305959024,309.3355876479484
6499.560181223956,9815.951004108827,76.65895502120834,244.22293432742282
2320.1703500738186,5879.654850762707,910.3855523943865,351.95073969426915
2587.1849167170353,9686.313489925256,1089.112621674909,326.7669018857427
4799.437498425129,6772.099821770277,1493.551309784149,177.40091150334194
5829.8489405391765,6835.910911814819,918.7970283249257,330.10592260334437
6053.688224456951,6344.398960071465,992.8741779321065,301.7310387010468
3800.8175457253233,3104.4692000966775,364.5615249316029,104.7350403178228
4341.217376870875,2907.789295472081,1272.9624656697906,76.13337437516508
8212.699993743086,4628.275605151095,29.700061299478776,139.17413974560662
6248.885048216917,6742.872173324472,817.804869331598,75.73521889212515
5472.040563777465,1118.6013831795879,1434.239645761787,85.34299151140067
4164.395669400075,3322.343773160257,392.8809467493137,102.62859673770888
7144.136146160475,7119.618781139064,162.384010519486,273.34390015319286
1250.2726415577722,3215.760037854927,500.5148684766479,87.05399955258054
3909.041795121928,2876.632222145832,155.7867805084169,94.88559123689916
5956.354378983394,5062.127385495032,1095.3778772347778,339.27123093939133
3230.7278352896133,7190.509202428846,1168.7810627230058,32.96285932540827
1366.8401217620053,1563.549511683244,740.7107964686986,351.8055001500987
6647.660952210282,9067.59485023983,84.36316982534414,140.11672456352767
2805.40139123665,2949.281352896044,1017.2495518383844,216.6699811838757
8597.858792068693,8889.974747423868,949.5258683959826,100.45573448732213
1591.1355175370707,4941.135137576018,868.1212142937737,8.917283875174707
4719.840482488247,8076.865623276377,1196.550570961031,198.66622152364602
5487.145159671061,4329.48276330968,341.9311718045795,86.48144775303156
8615.17289982118,6671.697985131438,546.6509780063847,226.38342892878038
1883.2336965213676,6418.430723085042,1462.6673456264234,55.772974368631154
5726.106610888667,1959.4102393978442,1311.2456182194562,34.16647808515128
8746.37823794945,2925.81787733288,187.2357192474842,353.518842396434
3143.3894936993966,5441.6453016356,40.96477145152666,204.4004129827221
4005.357506965561,9542.467990231056,816.194220919819,127.49982238424889
6812.064115865021,5570.949203551521,10.15749206119046,308.42855826248865
3284.9012180779077,4952.616861011658,1330.3554441676868,359.6720042582235
8395.4998114002,4478.911787789353,1332.3040687502687,240.15232348110416
7912.09007874089,4689.9335891133105,787.8965619069878,30.50815987342132
7872.870361807681,3029.316639218644,1170.6303216305878,265.67121859478283
5835.794102742079,6429.205359049732,1446.5335278379825,41.16919499275336
4944.494222153992,9732.630331279888,325.93741334711945,330.4836740881595
5360.249728597044,6540.736481119393,204.8695573569327,25.239215232797275
7492.08565920599,9355.091521674289,313.5657772746899,250.39332739911313
4334.651497090382,3706.7838438493245,1331.5605642282962,31.522708453264308
6679.641168220203,2591.1960726940847,801.0256805149353,11.604128300028632
9447.449909837724,1207.3900647608052,925.0597209816723,231.2072635912613
4421.600591750467,8564.189196959553,907.0039928907892,61.14086269844201
3594.2545837963116,8772.882710724123,245.24091994872683,85.7240985241449
6758.627235433618,4304.999148949361,451.6852172173505,307.7270970889036
8591.917094737644,4635.936366364448,579.9306880007468,41.41449898361704
9817.088894980407,6153.874940927297,1191.4263623380784,268.88564558452794
7780.400671724078,5211.724627650327,115.08330453048498,32.052921389783336
7264.890725228059,8149.412335963094,1379.7281217583065,128.03872462617497
4581.18876227402,9877.104597138501,1479.1023689142705,117.61699614186364
1115.539890474198,4650.321468728494,697.489022123996,117.59390346451583
8108.924224267992,6970.62824450871,477.61761653318536,91.77785288020111
3014.3358456796577,7229.213609056604,1117.5144260143027,79.75264857347808
7788.727315035608,7622.6566889635915,1228.0322647875591,2.028256282525969
5619.022513515271,8791.816445362616,909.5884477285582,58.25821956149327
4889.305544302933,5073.971472291988,390.3785529148376,35.462169734784645
2807.537674215522,5863.866199323093,871.2478974707726,195.89701300509293
7360.274879177874,1383.9019807595741,1018.9183048618852,334.13005333820826
4976.275607948304,9151.716867580504,1481.178732056122,132.99724632395524
8105.265037824518,6334.549754337522,1250.657683775789,8.229262323016757
4437.259787810119,1157.5639211118096,733.0953284107392,342.5533059217856
8953.254971181039,8227.69251197312,656.9831976049879,39.83677579759416
2777.529884474379,8006.504918906206,129.18081374629938,207.9119820530544
8254.64088326621,6299.934437710778,1045.0714358465973,285.0043768136789
9250.337832210254,7740.999816747861,1253.6050011985662,323.4850867930358
8906.596722680839,1311.4589473133083,1287.7924478810135,17.757597580825518
6746.9888717579515,2177.673088077854,928.0959953596775,255.18577363111956
8365.219346827798,7397.409289200917,1183.1565503794393,35.8244421047676
8840.342093637748,9020.816353803208,62.519187024404005,344.47540658877654
6923.659072902225,6334.4651454048435,309.8780336899631,83.6220955012323
6435.1832900476375,6262.825738750956,375.06463284135623,193.83047590377856
3809.6288516157347,8217.27490504873,861.2482309435138,305.13222343886315
4052.275002758273,4257.301396938128,942.670726754584,321.52679865398557
4529.862614310745,6399.434493888684,1429.9432707251258,240.32952232557253
2485.10129498422,5014.091002254194,1267.5073702517093,5.247322498690505
2803.531138387986,9042.919065361697,440.8929466056574,30.54816613119398
7301.994206624432,6210.796119487412,304.4600887722473,117.22550354682387
7605.950280502048,6836.677351161655,470.1680114466369,335.7379699493491
2344.6497469113847,3151.3838413129106,686.7615897855795,92.7517931790721
4844.808079561086,4162.053239322828,1027.325609783842,291.14841371175487
2481.135403494789,4531.713796302715,91.04583187849744,42.898506146185156
4566.440727703803,2900.810959110343,1049.3126353017863,148.49037051318908
4368.539617389704,1365.3689635514863,776.2121731074103,351.63120564288175
9203.341467733368,5591.559165246074,131.46662784250438,150.73400097716484
9750.396975526179,3072.6103280930456,1277.4574972349444,323.6387971755479
9901.41656789119,4415.072262506435,428.6865107790926,54.56389203535508
7866.584148613604,1999.856533161524,973.618545004832,293.7593834701783
2169.360022900447,6491.330250400553,252.1203413752895,317.1347012280272
6583.227221689546,6934.774446652793,304.1268525964159,172.5481207367273
6780.018852745365,9231.49773877576,159.08767070280695,237.02432408978376
2954.085310235914,1681.0717712371538,679.7240393099662,320.9990547771957
6194.657346243901,2201.6337784387842,65.4187501768763,227.64784036208275
5281.718527148468,2196.1498445119146,1050.1132248660479,189.7642094649712
9534.29070245307,6820.431499912565,205.42448896034372,333.0563109085773
4061.7042819822836,2291.67460353573,729.0996356970776,78.28430893715941
6747.651037490249,1210.4983203459253,500.8885875234177,40.48943219618491
6753.542972881092,1861.650957779672,1128.100616614289,340.6374502254469
7108.397941121242,9063.276474933591,1482.3046621800015,4.660475474948742
3951.4279032513414,1659.3847803304816,969.925389363283,115.08818452440795
8217.126309306597,3115.2769930244317,598.1563657438973,344.3972161997024
3099.194480393463,9115.369194527215,1317.8668741290696,206.09730038911312
6015.894527291621,5547.160357718696,1157.0916240609392,11.617306533184385
3013.34135163946,1413.7037771328464,252.59636433072433,46.389217193905104
9655.582101092266,9004.327212978898,430.58032905361745,290.69818078677304
4005.2296996048235,9477.126441331387,1469.1262892558007,227.53839808648942
2155.3165364515025,3119.7063261004714,12.743410310938838,227.51156306624517
8506.091133809543,9641.51761177958,132.5529505283595,227.19395376769629
5373.282388992184,9718.87622443372,1268.5901733097369,342.5226861003836
7126.110144138512,7277.475660169233,328.66752673534796,38.27342577477629
4992.906707626707,4735.055909939418,737.6226585164333,64.97404279369019
8048.050352860838,7215.180432181842,796.4389230643737,64.13129348342875
6142.786631180797,7066.746572470006,1119.0840867179,265.06922867980194
3512.155372595766,7505.95538308184,170.4848175912806,271.4872369879172
9041.313969992103,7858.004695386301,1292.3471758769083,250.0874930361298
1981.9454752418064,7571.113088468323,1406.694050912104,10.971057982500556
1881.9932986246945,7141.928484799546,713.8960798165998,292.6178585294242
6318.246431835384,9956.915927597003,211.7942235747459,285.2936655209083
6983.165311214977,3877.576706806971,1458.3720647808789,20.1055929371138
1193.3213716632258,7773.842596995652,565.0280482124997,203.57942544316114
2918.3558721696645,1597.1558546291021,652.6076437936119,167.95072290007636
5430.704835280675,2206.0067199043615,66.906604662579,17.744382644845963
6311.378405662451,4670.050607081441,1162.2917266878646,161.62701149855067
5729.3688730862905,6773.1152358336185,337.9391897869095,110.66894795365417
3737.5469596086346,1961.450927786932,262.49110117616004,59.94980775359869
1492.5087651620775,7588.85958330765,1421.4425748889616,66.2818856199388
9304.07173344953,9488.144086269938,1183.0029768138413,90.47395284669514
2128.932237281675,9985.39042452017,1377.1789607004434,343.15040262859895
3891.0039305802925,5011.730675927398,1432.1572859594976,265.78159111866694
8292.114502951381,2838.520740846799,1450.4602898893022,63.02196508254048
5099.7484301029235,3278.400331242495,278.1081705315597,124.68103408370047
4332.956300728269,8595.119082770143,320.45683088729595,287.84717906590436
8081.027564138086,9341.454631345652,820.3754657374228,164.45564698188565
5933.450426712032,5596.623991656093,515.5484233230198,53.874540136248626
3280.892176068651,8542.705451826598,838.0561167212746,59.178779306979045
6984.643111743875,5727.158128771609,1.16135283096694,41.16052419013555
7923.313139568883,2570.9955824773488,538.2410840254583,356.42134938329093
7423.974833580293,9909.958950488179,199.7061978355608,205.84273837732084
6361.627892765736,4873.300420937534,631.9578844634883,88.49281652223965
4672.757373488512,1912.1491905118835,1288.5568613925122,97.41786945446412
2042.8690883110646,1265.1710800783785,841.6570943304691,92.30975991789416
5578.226088798491,5598.2283834129385,235.05102169671264,60.68732393912101
4709.535307845875,4018.630478177102,742.3151150959594,69.58791777087883
3721.075546283201,5160.237646233523,1029.7436652842525,202.58582297637466
8520.930057163965,6724.774138845066,618.4947850543937,322.3932378857028
9408.898790828434,1280.838460805658,814.9598828370936,286.05719024861827
5518.39065349719,6489.225252097368,302.3058970980538,90.62628679249418
9402.457106481459,6940.087647682442,77.33405681719331,317.1653179534403
3565.0616609826843,5169.095685381857,735.8372835863548,23.116238291532795
1379.5163312103725,6999.028190035072,1081.8847817598355,66.65164790805092
4479.683540463082,3773.5028591293963,685.3055577957998,106.24982771441726
5558.11652016231,3293.5813498441144,689.5772305562377,202.94932386342592
3627.238486484477,3475.8455941116376,1231.0289230986261,200.4895523510847
4211.127326264048,5691.627810952725,405.0886924844768,355.65646111926577
3070.7124228242837,4600.6610847415195,799.8967518698486,220.40574466942368
7802.403899180191,5448.613336083059,1326.4737277590725,356.28627122353936
3544.475382278443,3218.414627111957,658.4925034076618,13.546672223265396
4723.055175417573,2434.766576128697,1003.6829342566842,278.22520363749663
7621.400870634658,9211.346877511025,222.02933778640764,151.5176375683877
8677.793981658977,4165.876443729785,263.4841932463077,279.1722960527328
6472.286935421304,4710.219286815303,193.47163276055113,28.68304026362335
3349.1095645178216,8178.40797726333,977.3527853783233,170.09557102977985
8008.708855367123,4532.060807872929,1231.5852606101134,228.94184717203336
8834.823121581783,1155.834529227256,1303.851475988564,208.9855315931125
2338.8502286847347,8879.223983583452,1022.7347964764399,45.83905633683809
2993.2104446785315,7422.490527215314,1058.1355789736272,302.6760695495351
5553.005907376966,8102.969168256736,532.647661263541,274.71883364075137
3853.060134651875,5035.170403554703,290.10236384172157,101.64728697067497
8909.182316830287,2526.2408457292167,1090.859210447733,244.78437815203256
2141.1696605289117,6009.282716469995,392.62533541073304,174.75173368528675
7155.503274258942,4305.8236167029245,1403.3581920828292,211.4091124761962
4425.026858047886,1766.3467492377113,1394.8687280178772,197.92177082350815
2229.9118325719182,5916.103522253455,871.5837307377911,279.07157090662815
7264.067679945605,3608.7129870687536,852.2346408055149,115.72424575404999
7837.449610644404,9812.131687737705,136.07729636671047,19.8397812721284
6146.679094484342,6915.421214909557,450.8648895335455,8.680044371238331
3434.556273453882,1507.5978615989802,388.4821011461657,87.24785827124616
3659.348209860453,2880.102522896056,1362.543112098192,315.3761526695711
5648.999564310242,4293.553114564487,194.7133802043646,94.2205534186099
5531.538513875426,7379.277135428412,172.25306492292967,257.32341441672406
9251.963010516018,2106.6971335603394,313.1557571526004,221.05081606274527
2576.7165399863097,4006.3673933161162,1309.49625517016,351.7266026344481
4398.145954868618,9475.828389144615,806.5677233003665,90.67210357118162
6807.356226352399,1381.5694872043807,1279.3298566081457,244.91494410319925
4037.484212418865,3025.071694175058,1278.5402019497328,54.317431423158574
6094.47981920071,3749.006795141673,466.9047440635625,31.78370186356012
1539.3022833826908,3223.1321847339855,1239.1191847492853,64.91281973296803
7445.130494160942,4184.824276349534,917.8939976972235,38.491339142424266
9387.964190757077,4488.178996778842,1048.8374743451943,62.952188400783115
4938.857763723772,8130.077674755463,1334.5697142957567,4.1819690919689245
5692.082862973579,6314.158649914545,698.5536814356941,218.2600220356054
4377.731123454642,9824.107069036525,512.0151408068868,284.563097833257
3197.17201098908,5195.896125812864,1051.8176392052778,236.94078607074601
9156.11396358977,4719.013563632271,168.27726794352256,58.0377771103706
9612.406870768767,2035.7776435481817,631.8376909643009,334.08246237725103
8028.953467258437,3957.827300346645,620.950447794361,275.7296815796107
3668.367961075945,8809.153716058361,1203.789183280029,118.07029815811077
8152.7909412721665,1841.0473255239635,660.9296297193562,241.64034827726488
2840.8423097012655,7004.6931896704245,662.879010901054,212.7848223355438
1436.1315021194264,6392.389763407881,1001.8195678812895,88.91716901914477
5355.693681759192,7127.31740021657,823.7059379931384,128.41437473452427
1851.8609577798456,3838.9863331316924,1213.2891375731215,72.34739373682785
1778.5432159427214,9785.643089675998,443.08384917612307,169.1721647634532
5683.307598201782,8360.871955979977,858.8390564455902,256.09070453097235
8318.937944277164,7776.8135428791975,832.2199674151151,96.11224860690945
8065.027981698688,5464.482027752657,14.05589185648538,247.39313698585747
4179.512226330113,2947.682992012977,1077.6758083962025,258.5020855200141
9476.516343967347,9023.756771321066,263.92255756452715,105.45881496355973
3051.1336031611836,2096.81190542246,308.9563666250133,271.0543415300704
6797.622228729182,5599.80436798561,209.598504927153,224.50610683540975
1253.2867921271431,3164.7560530852875,693.9444743289888,209.5585250596948
9894.46565587347,1550.5393065123458,1008.0520210864959,74.37661108957327
9977.645932063819,8841.164832538467,992.3578138441842,348.0236617633174
4700.3532431485055,9241.613627102975,1498.6560814883098,229.65214515989084
1602.2131059272324,9279.346622542964,141.76764527662883,132.87618994986855
4269.6291322602265,3465.4322578502556,20.164156844067303,322.4466219213835
8882.924507278127,6941.279962147638,458.5500000550392,329.4214436732107
5552.526245314462,3149.1069830687193,842.954872241266,294.39460473140304
6792.817220950041,1925.328253877757,337.681531437777,16.51792359270091
5425.675093561961,2388.0651912626204,1077.9862190054691,141.39942040026503
5640.601527452092,8764.78938176826,1038.1850310938266,209.00414673869363
9121.734266945845,8061.69551454045,707.6574426115965,229.37560048658196
1183.5739023144467,1776.462480401799,566.2656384986967,263.7565261563714
3230.975247346522,9034.138136672394,1104.4950637867396,119.85850943792353
3090.067811651994,2179.039766787748,443.73764079072896,140.46389683181627
7341.706033002592,7160.267510457416,395.9380747325112,167.4296253575258
1327.9928469102445,5382.659290935834,746.5485673680446,349.90670653926884
8162.8075814568065,8275.583062540536,1364.399889190093,161.27920216930207
2890.1070325013743,6683.108116944405,920.4129948435744,147.353587768283
4316.205799082494,7986.957032862527,1161.993021851753,302.62785066663093
3042.0986911571963,6059.263772883786,891.7792786953913,220.87130773581723
4575.787537231447,5965.831852316552,406.788494329712,101.35259485871477
3661.750072379737,1911.9119934741818,1315.2881370184252,272.9957614944061
9592.413800138207,8552.057689754834,919.6308989026721,132.8768899692565
6631.44378152421,9831.414134679704,1048.6269295871946,313.9539527000367
3414.433041951831,4977.09549985533,44.176663703674066,326.0319928319982
2460.6130885619714,2328.5828506943785,228.7137317666152,163.51190833806496
9144.386504848164,7801.852832698304,569.2942229306368,351.2799169958857
9959.306436994297,5911.037026818967,568.8986066264641,347.3668097671439
1409.7430024246964,3713.7949297362916,654.6625036412053,352.3883283529816
1872.1220559413532,2260.707819978732,1488.1614208467947,239.88489413661694
2956.5954201773334,9878.332415006538,886.0976552950814,63.94601781204048
7629.252385580689,2497.4220555992824,1278.7092509695665,281.4658889359147
4983.35091341312,2941.479136876438,1304.481172760423,152.19672231992146
4549.607214158533,2561.933945197367,721.3967104661452,176.28062054334399
9000.959136080037,2716.102510841024,1131.6322982973686,187.03853710832655
2338.8952740641807,7162.430480796227,379.2951520472076,281.65852095486747
7995.94251842004,2980.3072454914195,1307.6825437329317,183.10777494116894
1315.5676745095413,8637.269938304617,29.787014342531243,234.52061954115646
4603.486718345672,1872.5955965167805,1136.6187390657733,57.83192237589001
3232.326047806598,2752.2534958480137,470.99880155441406,186.17245317163648
1588.3840796382083,3438.0198388558442,15.674908820271611,195.76215048172395
8011.814336365226,6577.215614418153,1473.5162772462859,38.042656527984505
2172.5039103162126,4486.057976671485,1122.7757362309117,114.77311174270729
1461.9468225456835,3475.725211686364,899.2449265498185,157.56083595699127
6188.859547965658,3606.6809558508758,1414.3511252425913,317.4538384881645
9136.718423533313,4504.836639917377,364.90804680734095,230.42867566426128
2959.2147098066143,4131.439132193526,307.33720511227796,350.65212541935665
6989.266974948618,3564.7891228751755,427.83434986611456,334.09593384660576
6913.5788191342845,5436.023103248426,1021.4111566621677,146.80690360294608
9872.496703473002,8573.461591800826,479.74466173547734,273.4799972017132
5990.21801160603,6462.047251532602,231.98545159285044,172.70353060735258
6010.484413712592,7311.792884365597,288.1299851354765,131.2807705282559
2430.6936431225104,4412.40002168677,713.212057655703,42.119841033662894
6042.51004027164,5747.612810670816,1267.2266593271868,15.116686903775726
3269.777301417504,9795.305030204801,900.2178986759635,46.650219562276256
6518.688404042376,1505.2426214152952,294.73290790510873,69.30220164565382
5902.402085958407,4508.129239699417,64.50871478392628,48.1083096986425
3899.7314847588823,6581.714895436808,966.9030356061504,34.2777115824921
4818.628328452312,4949.215207812335,1118.7150833750793,276.1476845673164
9277.09111106053,5023.142112521166,971.154175615918,21.34265201056054
2727.0249666302952,6668.179816249288,1464.228998511094,89.38505803312475
3498.26809103555,8384.546892154467,1230.4274049546461,284.7622496969561
3074.543731470036,4629.887509252818,1102.9543621601563,153.98936003945082
8347.503182797936,5479.033426861259,490.52936851260074,45.55332699351485
2613.9395943023474,2120.2099428629053,1053.6288548254065,53.6398645575023
9267.201998431581,8750.51850268002,1210.4958693647807,291.50763989161004
5520.643783744878,3007.1885523232727,1099.0423673341588,288.3666234716926
4191.676356424556,1722.857356967162,720.8478367819461,46.88911453290425
8118.389614007859,9888.809414505777,1318.6511791713292,220.80448505505643
5886.538202406198,1959.939463152975,1396.06736609464,2.5207689820640633
8100.085151434595,7759.61766308575,1224.1497043864124,107.7554256241419
2587.373008101824,8315.544946547616,899.9201149670894,5.689235992111045
6970.649166712323,7013.080307083337,56.17004829355209,353.2660776410491
6443.384813161005,6423.440780630115,573.8270305448452,306.6007855706542
9035.538815184635,9033.362324960075,1009.1286165332159,124.35846650057756
3976.932130080129,4918.089876683223,277.8558416239864,210.14744281214894
8614.536608888113,8394.001986099223,281.267846636351,53.73865751512111
2503.9148716773916,3510.8947837830883,512.9219669661852,25.176352326585967
8897.704174383132,6361.844784581525,1334.7658765954973,111.33958687770509
8249.078376155632,2008.3257313183312,1319.934071424231,56.26423465145323
7719.583512131257,2208.741064882416,1184.4058328189449,40.4925452324721
9789.700380310118,1511.424105385193,2.3144674545856008,5.177569702202538
8662.395591354882,3659.4458010469566,1025.716377614333,140.39661752438371
5127.792522569457,6429.473507347064,1091.1661024746613,318.23977012729273
2511.132854810634,7731.543129711824,906.2705814353958,318.7322076101472
5610.087906899386,2426.6843377626456,9.647341978072758,18.87603702329266
6265.6102084108425,8705.465759147944,1230.029567252774,4.098053385777711
4756.875223163916,6821.450436506073,1035.4575517771727,253.3455565193684
4865.859727562218,2579.099835394197,416.5970128102465,148.07944932667354
8195.951109432488,6709.251699630551,1068.5218890900367,163.53596597851669
8681.954936978,8591.545669335817,597.9678681197116,343.25853074365756
7157.11421728547,4256.699641717684,822.9565111647271,259.43753658215195
2728.095253855985,4545.1598949750805,737.9744897415688,183.48829810963778
6397.832973484155,4887.4794585279715,870.413734706516,326.54787930288194
2277.7997513914643,1606.9599736089808,414.6262412892339,116.2345623166294
4245.909284628546,5716.15977934575,580.0116882439213,286.7140616215918
7550.804330361669,8450.922297165787,878.1850156158082,62.385500251050566
4994.513263313802,2710.5080296426477,1011.6798663015355,187.96746630381003
4043.7066605729674,5333.286524501365,662.7572918528782,293.634373950396
1974.5932014368173,3374.2367383888295,1239.6092146313085,262.3978304678905
3862.689223454422,3740.570088207888,668.7697052436807,119.13588260683493
3302.203171408209,7426.053558716,567.2236480967438,278.90980147207443
5920.501955479928,7255.335382181645,1081.8122260549476,328.51879828725544
3671.1977655459004,2961.1657700452406,1070.6982565925057,341.56276363204387
2770.015527550534,9159.512558016693,416.4368769005422,193.9668067208989
8808.324681079885,8262.485434343114,559.9939762701815,136.62799429301398
3164.731584126891,5117.462337824538,614.0777507571885,310.78760755606794
2505.294451856794,6441.823420273906,981.4580733392032,73.54009674647102
5359.892872911594,2235.074318846586,900.9112475594654,332.5121756297733
7270.391211222086,1338.3644680029117,1429.1824494387124,243.0401308732266
2131.6528793379084,4086.0198465322815,430.478045875111,114.42020847209963
6268.969135000159,4528.087064010647,1188.4952786072015,97.09548963523942
7577.284249386509,8934.953034951172,1387.0872990245732,293.2206106162858
8483.364793713297,3834.6645072563033,1495.7778014629937,52.62437148560509
4813.257186787818,5912.632199659368,195.052810916335,65.54265188005827
9454.204019463168,4003.858851772009,624.6833924028266,206.45431598202396
2713.5116072576348,1450.6061619739519,1234.1483492197576,101.87782747335508
7380.013526268146,6199.416290642907,1097.5959724752627,190.7219067963723
6386.320135602889,8339.606353505635,872.2515344252859,27.528875792253086
7944.136162492254,3437.1104863479986,1281.2339273263626,227.40101975575737
8701.925805542589,8639.246771194248,419.3280235777669,162.6343753524674
5803.104287227623,4226.214474303069,1020.0687779443424,240.07082979810318
3944.445002075554,2786.7474961935386,660.2244008880687,338.5426617009755
6552.585027316775,9006.120015918075,590.8744404906286,20.33807491308315
2197.0167124352247,3427.6632629068217,601.5095176275806,189.89295952929328
1986.5313691672388,6909.571765130993,321.2767404974858,153.32681386775752
4921.59666698951,8934.478356659874,1475.6489545456025,249.3379286036162
8657.643073221694,7887.286228645077,1279.6888711380107,283.83057150545505
8489.708523622021,5411.088651306267,1281.2568643228335,93.70568956231801
2913.705396225315,8122.5764398670635,936.3310240440211,311.5785529679499
4042.7356618454946,9301.586660956493,1404.1531050225085,183.49642606420048
8586.720325336682,4192.349024490111,1021.0270387406841,281.99621729177056
4603.607753586599,4598.184734763409,758.38777461958,215.47234760598622
6915.231960889331,3646.1924762902163,99.48514860470742,304.34845884267736
4482.22703434829,9191.292101785295,943.1384740598118,31.801181026349948
3684.0872360237386,1954.4107140938306,77.21505948781248,125.62528312114117
2175.6035690459007,4574.303231240281,1169.384163746674,80.1673322883847
9959.385600213276,8505.395025960926,1074.405227449844,16.566906413287704
4116.80592578444,8280.42774584924,179.96715403479982,184.69766488070377
7066.386816760424,8466.740122060255,296.47730362225684,348.82808918036324
2246.242460195601,4325.290094472612,1458.1052039046529,104.39059107708142
7242.419763976541,6942.515357612747,1018.4992527952141,315.72215264028563
5934.822649785865,9106.671908795772,98.32235394428903,10.809699535616947
7692.6253858895225,2601.811527458678,262.1059788924757,75.27754049432485
8108.447109815295,1555.688771974047,583.6001086139117,290.7508060756776
8618.180414774668,1742.1557307874946,492.90976205711985,30.18240405314087
9075.938226334309,3805.586721464658,162.57333854512905,87.1699331935749
5651.103094055532,5815.160026904772,1443.8621828420032,185.4084088017478
2696.097881435949,1923.099850145022,1141.1639141042335,215.20977352062104
6472.8299300909175,6074.020603962323,19.167230203654107,318.57345004895706
2183.1465238553237,1372.1378342404648,1099.586422843018,353.5613973411497
4689.753850843462,3091.668368694667,1181.4257927399776,101.1133363817765
5585.725630484505,3423.419982012121,753.1304162154136,9.426413780513005
1832.9639888436527,1501.9761841274076,1330.8282592113871,183.10567973438773
8684.001515848584,8277.675250701457,1295.5700343482297,181.04177260775984
7498.246242663218,4064.6751727417327,1067.7483082373205,352.87506811499327
5749.569969828642,3922.2396829775007,910.2048217173134,75.11956501499911
2334.4919599880113,3574.188510079251,1080.7355412756144,72.00970175331966
4766.920878118153,9897.163731285253,1106.8816341034258,24.59304696792707
3652.05226084966,2048.2279538253533,1.0623799015798892,299.8245883978863
3021.729571830438,1376.9741306093385,1139.4123375817226,149.96257547459896
5057.868188732178,6621.022808633151,1397.472728613045,87.48918467790794
3251.547580273943,3750.750858545712,85.44321171812699,327.7243291517525
5877.625237176726,4598.667118521505,1147.675166251171,37.60014608163182
2159.1714440441438,1634.2704844671994,1230.1180232328784,137.7856159685361
7905.134076297428,8703.213958638775,655.8662018275572,88.15492234790196
9415.530138073995,5534.138983394269,225.20836125203235,96.64470829675611
7192.26068813959,8590.748032798916,623.8122215775502,219.92785209568711
5268.101570937077,7878.941728628015,105.37681407626916,137.97080502424296
9746.464310638494,4306.640589080598,349.58893646421666,359.96681495230416
8899.509298236746,1364.601210494258,1043.323607018284,7.234515335846351
8684.922988761058,9968.11074930895,1153.5979169805962,147.07673503310897
3942.954827805261,6414.338090958683,1197.2034753403761,1.8696600045504148
6583.503809294982,4485.282067874819,292.68823123867605,277.1764103061994
6851.802164337294,7594.31345171273,451.9795748487095,169.67190931928855
5334.586414956051,3865.765832001635,957.5548199860141,208.3122311065525
8600.534090669127,2514.495564902267,698.9103258674819,92.20253231174428
1917.7904029886004,4583.744741866462,984.4856045986769,196.51298464231516
6343.982369110289,7092.141950218201,39.42864708877093,33.62200881765731
3266.8511880528736,5525.877172845015,1496.5307895054045,90.85947430273258
3670.9896149401743,3713.824179345852,87.80735027923471,7.143873062028865
5019.266355417968,4896.425913265099,1292.3740036889756,38.99525576475678
8298.526283534155,2120.827711062937,908.9795119414285,139.42182364723388
8712.648719403813,6368.349638693641,1135.7648088311882,28.901157416807088
3890.8814680214364,8313.781497429078,36.90295227740606,173.1145351999754
5595.684010674318,4530.029683542163,190.70912056165076,320.71217220515007
2515.4012160574966,7064.341706188878,397.86087958934417,163.53426130874567
5780.741733230292,5194.346775329508,1413.5238051799238,216.04756426349772
4448.115668095685,7610.380376576226,847.8212183617981,348.1212910884106
2020.7087046243564,7928.474840065,1497.3922386849697,283.9859983026793
6699.403322195844,8518.519475451656,753.2430522103559,64.95622889798469
4147.830513833647,4062.423480178955,372.15888236452935,222.73260525145483
3406.685697953999,6036.297879161807,900.7724812682492,123.80924068207386
3895.427625188873,6184.740315379572,922.8278919395209,237.22629739240466
4646.746953981143,9647.503976904894,923.1613810698386,245.08674596987447
4458.558241851417,9281.40077362167,594.1514460208952,80.99189777769541
8864.510001289455,1881.669967390891,509.27250548793955,318.4269137646031
8783.941865775743,7106.550909433737,1200.4669732596822,165.059462991911
3535.0330187540267,9973.222580216898,766.4867007711246,86.25103664900809
2522.2893384716986,3194.1535929078823,451.0046218499721,202.11918628193175
4927.444548724266,7882.261619641703,909.2062018373832,11.39289290731574
9308.18208747264,9181.092542644219,774.355604108157,320.0820369724384
1623.4175890328356,5956.58263669087,566.2233443626534,9.860844572267688
7598.263640999288,7977.185858427303,537.764408373356,39.613649262509334
8339.266562699646,2276.5085307764575,15.44517336807528,228.96817573199442
7129.96984039513,4977.264297978747,945.0485215091358,1.7962902847835729
8099.835206500373,4826.767360354558,1210.4010441372077,186.3129353504754
8594.99040147385,2165.130883398141,403.01291502303934,55.960675923764896
8789.52628430694,5189.50368775637,1456.4259532216702,94.85865451298278
7652.93684070357,4261.750670668385,651.2557770461935,116.56089027560549
7460.5579360845695,6822.302478775708,1478.6001923966908,132.690501418393
4642.820390224762,2590.7261582792257,488.4173861556573,230.59694498592475
3002.2528244311147,5486.036871843303,1252.6992193334918,10.295867322617863
3757.663779275597,5766.592709345077,1480.802863220054,186.09764155245247
7343.778547998419,9472.22353794471,1333.251590920097,309.35103845048036
2205.9419438352834,3734.2211381691336,564.3361560026298,91.32035596480674
3296.0577348564625,4796.024342726025,195.3622830390015,249.86260122255175
6916.1582594269585,8066.644838432041,232.47255051449002,302.4783046256759
1264.273608586641,8389.936531822554,1154.5944983374673,289.82150915777413
7145.355424927129,8068.295179200241,1330.099771339084,227.02715723199472
7730.507081776185,8386.024406763063,424.43868989093465,49.566648650812304
8383.24592564605,2762.812287682247,41.00785995004314,70.71140090632711
5803.695230918136,7323.6458514605365,864.7571170771085,172.01281914943766
7706.725822199804,8543.653867603105,897.9213571562482,37.64598340650021
7238.84192579657,6016.385122875765,1089.700307801172,159.6945722064369
8867.219064978854,1982.4865901449716,899.5960482036631,316.4439822124612
3394.594534288134,9180.560720790276,897.2153946404463,142.99050831035095
6059.78910273028,2265.2317577441245,998.4357147720317,225.83215296775967
9723.890862665563,6800.566577187231,88.46015581145754,261.40991867841535
5792.733670852335,1116.7302045623917,1018.2355217645664,333.9547505259503
3139.288072686004,5954.833191018855,552.8345401831805,178.79760873088568
1905.1644499047502,5654.101573636791,80.77620524161361,210.85354640030346
5594.098287628716,9941.128094065583,821.4953706446021,318.2452742590944
5365.144539056612,1762.8891897915291,1380.9200396400959,135.7944884641133
4858.671828043781,8206.005056579525,684.8522308954811,140.2626457263562
7613.770032529944,2825.5373797686343,968.7979776496998,350.16462134292044
5331.135582209199,4591.880514282768,220.46085766673767,91.19637185611441
2075.098315125674,8729.325416282723,1291.7508209165517,49.069513857937686
9631.983367621586,3872.921173404785,1396.1687087804783,79.66351508394838
7347.131045005385,7456.682204262804,1147.1662210055679,345.7993873353579
8990.014569258823,6705.160562073671,529.139883592301,209.7873257251562
2855.9904526963346,2765.7954783294317,700.8625451724375,78.6283260554416
6915.679833004297,7709.090527424976,616.2142528380421,221.11831600187585
7812.608239060718,2498.2439990141547,1026.0661859879606,48.54735846260791
2396.9936994952877,8413.688599576906,965.281978142553,309.8668161954573
2357.442556149635,4361.4690048628745,1317.217742677217,123.88581953797791
3515.7054934449125,9335.558692306216,543.4328000182037,204.17342633285983
6280.925845848646,3158.390666084232,713.910380511588,294.7632415629245
8524.139063311168,5981.619349976101,640.9194307314274,80.59705651923065
7101.523988084585,4489.042435116424,1437.1287849820474,185.09919432817804
3020.2120193333176,6042.3956639652315,1198.8286804474144,116.86575885977912
5418.933811773119,3650.8431354408976,302.6945827741744,47.020595289475104
3153.020555154794,9313.988649526582,1473.786746053086,46.52167664614373
6458.207209646094,7003.9239178712905,829.6685434381561,289.674069309631
2260.30606555954,2720.3954908848023,225.22538370448248,282.33164216632673
7379.480139300745,1883.5686027727902,1300.1004024269648,229.68535845275923
2668.639064356379,6263.447879186145,956.9259153252315,43.01574080220825
7734.4946176828635,1295.2492086755374,1169.48246634726,53.57864539156318
9200.771998349508,1572.101397886229,182.27579543702493,6.747432170153127
7429.789674000101,7761.315671794512,1157.7577171600756,110.02850542306773
6066.826657740923,3594.5227097090965,549.1768912769379,254.81063752789606
9983.52170689098,8784.143647677745,1422.8004690845712,245.38124867019184
8713.604810996734,7461.317537722709,1073.0740224124106,96.29830856195757
1612.206727195411,6137.712389121334,383.9293990900941,202.38057099576525
9575.907902342942,8235.571900507877,424.15316347879906,341.4016509825022
3057.1297637062535,2364.6723792545486,592.7470405231464,130.36423281061826
8092.589041255732,8555.953593647977,400.640543504152,344.15565113819315
8132.642337202628,8929.87615106809,1406.3378625059433,291.1300617210179
2460.6855840778026,5065.019402387426,455.2239042988132,107.18733585792528
7921.3956458337125,8143.282843273886,440.676343946002,23.7386706650504
1139.5005511589459,5207.254433723581,734.0831267481168,252.82902731184848
9925.928370597245,3786.532771952096,364.7493490282618,281.64631889410236
9351.87838887127,2852.314190364988,805.6912669477939,20.887805184284943
3418.6642637370824,3989.264311248442,573.105088745109,109.16559918511769
1345.5647510320084,6032.265981926285,993.623330372869,39.43591315057084
7078.79314287722,8838.804995784354,466.9054952508362,63.95304974057749
4389.064248411205,5885.246601263836,1272.6637346182217,236.31401994785412
4677.986526486355,9237.716445029851,127.6838837602361,119.77780570940223
1734.261529794121,5475.498415492098,304.4111410136521,207.94241870278978
8905.477370463921,5552.8407674981745,1279.5558219567602,325.2915372872299
8297.177331288864,8561.316345739087,349.79292899824264,197.65226946949846
8877.910626008856,2139.6677423876367,1372.731668707394,111.73628171384644
6765.281219926408,7594.016477212009,222.58869021911056,172.49699550962166
3829.7746503398394,8699.46370750466,1103.4663933048223,217.95805509364513
9521.60760890274,8760.471139817091,1350.9130271137901,134.5171639428081
1126.3059084620932,1256.339997754512,199.34351477817475,291.71853300976795
1190.8518700928978,8056.641881870923,1436.3347487406024,290.4638038735141
8343.129253333029,3259.332441456554,1259.116882233307,68.7182953317085
3550.1486780805226,2458.037321051528,418.3186338757569,241.04214863196827
2224.8565597438164,7056.853554022246,152.79532297462657,80.25067740039172
8403.227317632929,8240.123347776167,665.1405768040328,331.89690679035556
8204.431814234025,5510.305091191303,442.5648654801304,261.3471211690019
3445.989074137824,7534.4808093022675,558.5199141061518,95.51518927250932
7129.8553215218435,8588.750586842587,850.3044369862971,270.613953217747
1114.616014639196,6573.278563675852,454.78753223818404,193.72650678379702
4495.937018478351,8089.868919056178,955.4267788563274,320.0382565135353
9869.346688133366,5970.357773998159,921.4387501259907,46.87956492382544
3486.3451985422334,8677.116003466652,549.4557612167043,180.3123252505547
9159.335140380736,6945.33796318238,962.9627468190794,122.93403543548001
9263.451375967208,1121.6672355928283,774.790392187426,241.0047095465743
5547.302208691199,9112.607343861473,541.3420909172781,233.6003597803327
2000.5790332321208,5968.111274806167,440.0984031768336,3.526487912399942
5484.678392328058,6230.388441258411,816.9025284377611,69.11747417295
8749.638830886754,6560.970736523733,1324.1468495538018,77.5282930808874
3424.6375221122753,6588.395204969768,270.4244822905514,211.03964942222035
4516.839764409555,8064.471565158513,1010.5903648804081,255.46431428237187
7048.396140118826,6241.094477528155,1292.4154702105868,349.2646789525928
1770.6756998054339,7876.314753745389,684.4473602366515,105.39242088133473
7045.391080534323,2711.05378269034,1104.2916178070504,185.60242492282228
2736.0000970903016,2317.619623821346,1390.4365446506877,118.34967635052527
5295.197670506487,1743.6963234236173,422.61498295791614,250.9540369828897
1753.1699164243112,2323.5211188681988,1091.632995515668,128.0036288797161
2181.2843585296314,1455.894704164431,1297.2153369549685,289.25677536624755
4748.259521508968,4998.268389478264,1338.7831659638675,96.68168531742944
8245.848541454205,1536.8891326617515,1116.7478405149932,105.37332666545778
9799.816257785073,6234.554568395131,1273.6220108735859,187.9253425695344
6373.5260767538275,7764.962854122169,1180.510656351633,151.1012929487355
7163.414025067044,7328.499566480429,1089.963170892651,288.45484713965175
3800.7779464622467,7181.781436531096,809.9071257819887,323.4428281420855
2970.9397001915254,3873.2372328864226,763.9236273339652,231.0699151010136
3485.438583748597,2390.2800638152094,1130.5439262292275,318.90034010012135
4955.090208534502,8140.8076377893885,771.4371043723644,253.6604790026395
3229.2330942385906,1221.9949384620638,103.66690523190333,17.626385128265472
9232.877560634697,7265.467784984277,1101.6840188329882,158.97035541502575
4023.578362413694,5707.804291478498,499.9926595865106,213.63445389184727
8298.350963367782,5154.11744817838,526.4438259859104,344.80126400584845
1762.6511423233987,7640.792856835682,475.5042240836055,299.3128104445299
9259.06185982776,4009.940042642388,1193.1203937258229,42.182361026332316
6149.7540326079425,5847.292956422726,1450.361830139426,233.02432049292764
5925.602408525259,6742.707345537218,191.64943805066238,144.28127237103365
1157.071092956528,8293.080762068457,1213.954309295179,109.61441270492003
5629.49193636674,9231.08451476405,1076.0402500677453,97.34336364601894
4142.3912637765025,7896.208287962216,26.305267030009016,215.5101997020263
5124.037631124935,7771.748316202285,550.823368150827,151.04939147629972
4353.20829957334,5927.832848665992,833.8336972811227,198.65920842208627
8307.095443646273,7066.286366801489,219.30629668843585,328.45918906196755
3219.523453621941,3503.316173352197,1494.2739294517687,140.87016315727382
8078.513925344844,2889.7098267235488,1089.73116248059,100.22457538636968
6426.983174178231,7135.219849313587,151.67771957495657,106.04436286509353
8339.191202763133,8440.133680167186,1151.5551980001042,130.666866942321
7502.126669254118,1439.4517907017196,779.6056311495325,69.41904525098447
4551.682236439476,3808.9156811059624,280.1406142473957,254.00199343340884
4486.6413681029835,5281.975229476407,1124.8743432869167,121.06162910601931
1198.4448675055655,7436.98711931456,992.5265515866221,125.4081672912856
1762.0328450265847,1317.1307290690072,668.499834859147,312.19037616762233
9198.099535918038,5653.418248255596,40.96733550958355,70.95026956534862
3342.8067951081057,1795.1847629974877,49.401171063620474,158.90131876031433
6427.788866291189,3830.3532171302404,483.61729896969626,322.8552357126837
3523.3610351204284,2051.392776398817,386.1010083545442,103.27818049776074
3880.799166756561,4850.984539686362,994.7061088309731,187.22945317167293
9284.462070618167,5509.546200010198,594.9647602607312,122.07783608880867
3131.0564041459274,8014.741094295256,674.4350391288066,158.78125200268445
3030.148438064749,4226.79772904212,244.79889721066968,248.76673884155454
2204.721199646275,4176.73306108627,862.4815480168256,245.17620123820802
9745.96511130597,8609.939630406032,113.77292197768529,309.482016473011
9508.267354060072,6114.8790102747525,932.3408487805639,141.29680281419925
3702.042798395447,9750.02101700298,1330.6019529265398,91.24597462797794
9452.342051696329,3856.2187757500187,893.8078657998514,315.9922891754091
6883.867171373464,6533.23201476626,1348.1616059163935,215.76559395750556
2075.87074797308,5670.1042552807285,1272.0794850248546,218.6880253164343
6049.806879867257,2676.57415727825,29.71264230747157,243.42936718189543
1991.871721149021,5563.170440063245,960.9454033392736,7.160144037003633
2418.038202875783,1235.6349606940203,1028.0971691383415,7.657287077925497
4141.610398989873,5669.9581473448325,1498.4171214570385,41.847461338999416
8392.600603618925,2592.929244770424,324.32474289077624,205.48025363402243
3681.075471711834,2912.994443160936,9.044532939789885,47.21929677261947
3866.5811381016047,8396.47332225356,1002.3415518407213,172.3879829168455
7817.153294721238,2174.9527663848803,1150.3728701240266,5.654640247013359
6007.680019780584,3031.167065239857,85.24366776031401,8.970600896477148
7669.636445509817,5384.376822970244,363.15471812417064,4.262063657926445
5961.092625445095,6950.476071543947,351.50857659253217,306.7436396028101
7059.344755004625,4248.530719088885,15.293840334838421,73.37240860048999
5041.6489701148985,8866.737911395907,270.0807319489846,275.73211112563956
5420.004672474588,2617.4277396146736,129.16854578592773,113.75970254832494
2516.5791024052146,3545.7823520121005,1487.6642680148375,199.73739367480525
4371.924753698067,6906.688906945843,495.93224538567466,295.1841936953707
7351.000287671196,8947.699794151205,874.4554759590029,82.714709507173
3805.1977754051495,1374.659471264955,605.1380805969277,257.48350592690844
6058.489488724584,9372.220836395543,1186.590630513374,89.58209720319967
5348.528698353143,5150.777832592248,1032.1347729495394,261.9301885849637
4133.1636720197985,5935.131008474028,892.0771544957361,328.8313381155643
9534.376466900789,5265.366908272207,1364.4161527232873,286.8395488666871
4107.9716604734385,4733.452627342776,683.8371250793863,41.09140120480804
8994.981474574002,6415.349475262328,746.2699480829222,213.24575986624941
3737.033374369649,6790.874447068606,409.18771194051203,301.17548898821224
3917.8029836102173,8374.020112674818,330.60132049393405,185.70746776024868
8694.263702143844,3078.403884690202,779.0075226791624,219.062592494122
4264.08778112276,2886.278696022201,1167.8514923716616,77.10131518521501
1192.441723810187,2915.2897342342526,253.9015429720117,157.0184106279218
1970.7427638911413,2105.709858964102,140.88634785567407,24.187111476610163
5533.745172720586,2079.777890105686,1470.019573819033,295.51548978656086
9387.084271073378,5634.872243273509,541.1746411917023,219.28780423231433
4398.427785010332,9883.84605415408,96.26829742748684,87.1435877813422
5972.560597457519,9229.171503857908,450.57913269894703,268.92749195668813
2858.0408051502222,7948.88108677192,397.2804503262491,346.4262849570467
7054.070020312194,9117.17335310933,1069.7470448941685,90.33333989240423
9965.337836391423,7154.302128421164,98.44995590123442,306.67166035635404
4816.543466916275,9935.393115088038,858.5598934522044,43.2976033376293
4009.945737802663,3698.7524621539606,1230.0124286120965,56.01196002961472
7501.232340570197,3865.5227985617034,24.99026409125476,77.69804320803037
8911.595425339925,3187.4250354080255,169.2979114728669,275.5642591663767
3831.5291805134593,8966.807529231342,1353.9316902960652,251.73476679614865
4890.680837957714,1231.6843442256684,532.282376199677,27.66822539616864
3109.013728044787,8104.136116864542,1098.3417494517068,261.30466185127915
5821.593866878234,7849.141478170344,306.62388505110636,23.76951409523127
6593.508229306205,1190.4677563865794,260.8790576472869,165.02578843407173
6260.129542423748,8976.313601238748,882.7689306382442,314.4488543850205
7425.92454654842,6576.467298053906,1220.8390430302275,40.67098957387828
9157.064341512149,4918.980003947402,731.9555770074315,278.57983781370143
5125.8485296495855,3337.2881814553616,1478.0562262396925,312.760028465194
9193.097858396737,6167.675611949106,657.708549025471,17.271624651182975
7160.993175544191,8938.349596589364,463.13865433429464,24.339590079046836
4086.706024663973,7562.619162574096,503.094530240756,273.50603466457403
8037.660103704841,4735.198264162853,946.8732066511575,198.0755094729534
7955.471020436359,1249.463428263512,746.3941880439395,147.01956190401702
6063.647209468012,8023.214876217398,669.3410502208742,112.53146075959857
8378.626820410667,9991.470830659087,1182.8948098006476,355.91937077867044
9304.014210957772,3492.883561599658,1404.180398922179,46.186718513697826
7836.210385791987,5358.808964792929,68.71089108397446,280.1051884380412
4618.612534675271,1806.420596807611,1122.8272316499265,64.01185771565227
2692.9370678089163,9927.930220636656,1486.3924240486742,123.86481440252291
1817.4926490605649,3780.323479167118,508.47429166974416,78.5230206978062
6593.9787428852,6953.864836463092,83.38532154006379,100.59769404687175
4334.012965718937,6878.183447887274,822.4414829622765,51.01206905961619
8705.359138034539,6298.044152216919,1167.132268732138,322.4595876678528
7791.20801866144,5417.079493311858,1253.0084847983344,74.22242161875074
2298.7451237400437,8378.064325206364,498.9987432752755,262.69377244314956
8528.069711059637,9540.995902479346,162.5830239088392,315.14090877164557
9726.102108066749,2643.2549751153147,909.8905873982553,252.66797311305743
7530.575015825159,6554.154734924425,576.3852412878217,64.30265228084596
7120.61746742324,3437.4993163983763,216.96980408856115,48.191639897874936
8631.507274959724,6535.25047946839,164.48808243670402,121.95150474633381
5630.992015842931,1714.1420450376618,243.68245343284977,236.33830034459768
5405.988678787243,6615.187402353185,182.18108431386267,177.67686723636197
2203.9906006539222,2795.952805521205,212.55543752569162,96.46553553525276
1534.1821304782834,1717.1273193652498,1441.18579028325,19.57036199459299
7843.906463061027,5781.387722688564,1059.6084555437703,112.37481797295104
6990.320256467654,3097.8310638398298,852.5822294159567,71.31906932769137
3144.9907703961326,5360.647635853292,1267.7335289944504,182.1509550911155
2196.1133064694823,9997.78726080995,1225.865257689556,25.891891121567117
1993.517592541708,5466.503915459535,694.3606540358578,52.61456912996283
3498.927162737903,2759.687564117383,484.361623917545,207.6015460568574
2521.9104329438123,3315.65647434317,1005.2778811882201,82.50656850071297
7018.386967917579,2628.0369142609543,1168.3894704171325,223.16222016921853
7343.585253554058,2305.3858084133735,250.89121904403382,106.1713766733671
5187.234144937877,3986.1784681679555,1032.1719557116025,38.202263627763166
1776.3560084542037,1757.1390238242661,147.5842212833346,199.39867832258852
4811.039675254878,1861.9280270716743,103.80682980150657,355.63839445054026
6406.429915261629,6320.399241010263,121.97336305798686,15.285669524885849
7567.302578702974,5253.719472289051,658.1364856304343,141.16345167449055
5284.576187085418,4738.52866019811,1277.8841445609492,228.13653447589328
6948.030100674711,3917.8444486864814,20.205463234864776,306.0579295628081
1383.5124174476105,9572.410208700994,960.2586706895064,306.9597858830183
7795.923682141425,6049.283224550302,272.90460631279086,62.28892574870632
4648.036679800713,9333.833253845436,1203.344768865629,206.98861872903507
7146.976951096081,5837.753091379204,1348.9724638058676,282.00609918345754
2364.0526654948353,7615.68533865066,1300.4184534636004,167.24200097000957
7169.8808688489935,9809.20662461815,275.2849343289128,35.20131067021627
3938.748613229121,3846.0388827796246,503.0434461378171,312.9949325281576
7675.115671770893,8459.803361271715,330.27356929836844,65.62597035985391
1876.0027703588503,4655.155155441662,692.491200255511,102.57287027077565
8240.373933730614,1120.9930760494167,19.802821744120976,137.10174544316973
3380.810271789832,9427.706196339757,583.3183114119835,335.10554341882363
4836.028275516117,5409.39047533062,1394.2868052580454,108.64620666601371
7331.527826886546,8464.80723704401,502.1785088185366,273.4691483369049
8227.297763864477,1313.5092822149452,694.1428940618979,271.4720708106603
8863.268734776753,2826.327111401001,1078.476218763211,24.998379783595986
1453.944909829875,8583.096929561718,1094.196876904102,82.35346787835567
2815.750397545663,3320.5278868204214,1169.9954053349597,193.6844354174438
8726.899192042965,9709.91837203933,1471.1892521074951,177.9781990854038
7705.059274919405,1269.5366382004577,727.6225037363902,193.89615225920767
6896.412473901802,1861.9672047836461,1326.3707472987537,352.1679695657018
3040.347672507937,5427.459463556821,289.52137848973234,52.056022796512735
6506.9956836481615,3257.0742832917194,807.5720476187812,240.33137620385423
3503.008494123416,1108.7201921059557,933.8865808436034,197.026008887006
4729.547138206645,8188.788323126176,1172.2598447463467,289.8853379698251
2232.7112010923865,1452.7614141069992,270.5600597618318,265.6871946482162
7066.161017806983,8928.031340910531,1305.2124798981579,141.13525388431526
8442.496380190034,4698.474938247167,1125.4015749946934,343.6956303782205
6210.948446699512,3427.5156544749043,204.33646117107264,87.7618129204895
9726.211878785129,2762.109526531618,1005.9581116794099,43.57049943197557
8593.738446668547,9472.096436106525,1292.790475243161,288.4965351303211
8260.6013308259,6721.113231507994,1043.7877826077095,243.0410263770185
8634.115205772825,2103.7255534713563,525.213465957158,199.78204056846496
6974.655273819223,4659.102279852781,786.7291324450529,39.79148896089711
4873.8002145415485,1205.7330859756373,1176.743877372064,105.04390539196407
8721.18937300696,5568.201144121377,426.4426819705184,100.16325166999795
4985.436466771349,6568.917407615515,986.7096461479297,29.211123166482864
1209.0942759007028,3819.8011327142417,440.9699212700953,184.1478405979918
3239.9211034550262,4752.147293575146,104.41485767307964,156.83744393262518
4049.7653219789704,4312.447589929719,712.3508663403215,148.95733217283714
1182.3742326647227,6402.206448738978,1109.7211302896008,104.85645111999094
7859.015351745542,9526.502208020545,1238.5229312125193,207.52948416712275
4405.380389176879,6221.314440243478,1419.5939596457558,86.03685698865688
7405.929103787809,6512.590114229025,1021.4255057963603,144.0525002513308
2671.4604212675486,5323.394863615335,1199.031443452537,307.5880123811991
2391.520513948852,7484.8880401825045,870.6755255166427,99.52687819276197
6601.8819704383395,7383.033042318052,889.9251830275875,139.72050883500975
1382.7690324633875,3366.946317739807,1379.1598427907059,40.720832960331336
2759.392002450007,6272.463882646367,913.664943318264,314.6025002240903
6935.267197490813,4452.837662998389,779.0686984319598,295.2064038608671
2086.601317004018,4217.450436191001,907.6976291447205,301.8871689127697
8798.331980301256,5846.414325735595,650.7678061593595,233.09433179603167
4492.76600145683,6616.009566718576,1467.6650300111894,266.098792363904
3053.6253280975898,7200.739515966866,158.17354487794233,245.9862356110401
1370.7201539631747,9277.988526706538,1127.6108896043963,311.1477547990462
4466.62047208709,4635.045599608052,61.98632985682193,88.38781193308539
4079.730672518154,4499.594096049934,96.14998853446912,180.96932042894414
6878.28794422287,8858.322868772033,1382.2223131465782,260.59523321373314
5380.074506886704,1935.7284395872248,520.9528538549447,77.27347538253768
1249.061867865257,2066.419056934768,933.9261675845717,234.71932958960946
8578.875400141993,8340.119346073836,387.9763862076962,142.47195660228604
8777.315753392053,8325.981643129402,477.030814362579,20.567375774933716
9733.360743127854,3941.3682451638297,875.5539470415822,228.64754308873756
4899.6687655145615,3918.822731216306,1265.9399972907165,243.89003135541608
1542.466132785715,3402.981418555504,1079.3050656758257,78.541475207479
3181.01607670264,4662.4914339104525,957.4852177231661,80.8169550138828
7015.885143779854,8500.874757104626,215.26412002264135,273.3442797741062
9851.57286164547,1418.2808700736614,989.4434073898988,97.06844898610697
5354.908951066941,8849.025101864183,881.6436016926284,1.0995306654031087
6940.252153618427,1798.2538745861316,1087.5807322550027,205.370856282172
7979.039416629795,7213.40238012738,699.8632124980492,254.82296243868393
2846.210584134483,9442.02061417811,718.9784582027146,338.24374013074436
1963.8955787843647,4298.724187711591,51.29948956214583,140.42376917017364
5527.426254912698,5943.182014612929,591.2070421829579,193.18336870260475
4182.101032562982,7030.463669413111,1137.965647551578,336.87742476802237
6451.140561022541,2471.5883595277455,546.8175149863151,72.4074603798116
9573.621625305472,4685.281446081457,325.5555782101782,291.3281932927229
5062.292510421197,4491.636747626787,778.0968117525998,43.38191429519701
8820.690226906929,7336.137411906119,193.25920268560918,115.27685771698097
5987.189256251808,3211.658008231171,1413.6582293956058,302.80269509770744
5364.822683978119,4963.558167061215,302.7777603426575,197.11470150188538
7331.588706496485,2466.5668339826716,1139.4447069319128,293.92140934527424
2630.097460133221,1599.3642943662924,1370.6008039389933,221.79089559974088
4161.56346304882,7524.215208039077,356.8373543310686,247.95987856721973
6390.125188154014,9306.713698688116,526.4857371810249,246.57017857096625
3134.757225743875,8041.023103725904,1496.8198032796274,145.53793793663726
4149.345166077731,5735.415211389934,137.92096665074777,278.72921989350533
8136.003528406979,6536.078590249366,73.57768635255431,104.80501407359036
8265.347508252104,6922.264369507549,345.32795467475626,164.09428697973922
2684.2699568242733,6953.92388949549,804.5108309967073,27.202479421183444
1521.5562518504973,7295.955698613308,1033.9357746723254,333.32898764369025
2446.2372446391673,5423.434849722636,778.1419463522337,206.64939339162342
5424.44836678074,9083.442648963324,5.526740702439263,171.6104551353968
4127.550284675328,7559.394973186784,812.4204722752521,203.2818613064274
9935.487377763082,9861.968365693943,488.3597185417804,155.2743314530365
6643.11212715705,7137.041475387976,273.8563795209249,194.95706480483685
5559.858903897162,1867.5579356095866,1164.211681254691,110.4034125638893
2323.9368023219445,3129.438309269325,1301.2633708635296,98.95490889199407
3954.124852584464,7970.124021443825,1480.3852122896258,300.2251912359381
7912.657480714765,4183.46772943943,291.50552363812943,62.9565810054891
6592.789188600291,4460.108845491257,1030.1122863696164,236.49043629664993
5253.806696277169,9409.121403957155,193.59129715279886,218.51589028844788
5549.83197259597,6161.424517091097,1453.8926805702863,24.1667113171826
8276.732024169214,7366.249007085601,1178.9961105213952,259.58439992300646
1564.6235499601673,8861.407940507132,1088.936115135912,58.580472648626994
5941.779548508734,5597.621402884491,14.83477021713901,184.13558250071762
6288.408812730446,5447.420679988466,109.02323308841002,247.56270305361082
7842.640885125859,9532.843750936825,1101.6967831444574,246.05053700820613
3488.5884513929177,4652.397004074475,1193.5991836564294,86.4403585448449
1471.1609965810123,5497.3017057861325,589.8028541399634,346.55452389065056
8237.97919864401,5419.74414172359,367.96026274950304,128.44603275455933
7272.835785996065,9019.015556459119,984.7021391512188,171.9707710567112
6167.304251186496,9419.27299860049,547.4457628195468,150.90836315546915
2184.5458568005092,2866.8101456669165,1010.420162941821,289.33185960283924
3705.7055650858424,5085.648727098247,565.5026463511592,106.66668702523405
1655.1585631377734,1676.8522824088764,398.2364134078023,319.5881135451701
4756.316686499718,3555.3641322159883,132.2920861769088,166.6507041727669
9518.980669579423,1774.9450907526993,849.5136678528709,244.6195740840201
3988.5267466187242,6062.401333559992,1344.9528203044604,356.3582806469333
8094.971477475544,8644.677014686451,878.4754356939474,312.1822622631711
5689.4217379152215,7896.5149771059505,109.50424640652287,179.3048047341696
4203.309870445593,7631.535906531837,1428.4500111348232,31.899180902124282
5896.029148688188,3707.7229915464195,594.9168377098554,247.44938628062567
1675.2874558719996,4611.76298727239,121.2606173836132,165.33762390747896
2338.4206220527594,3508.804081140984,1337.7652515895588,245.5692734487585
6629.8739368377055,8053.908338699388,240.34924092507435,90.98191284370569
8777.696344824431,3979.8443884534468,636.0323806209627,219.64923611568756
9922.258526991824,4678.0670356429,813.2171747013108,339.1492388695324
4512.908753784081,8184.019638506776,403.02885531014863,67.08016197228712
2494.4713753225137,5378.31952449535,394.16563530291614,158.5665120986934
7445.141523056397,3720.5565528369807,1173.3345142093926,120.00360999721089
8348.910699348868,7821.492967443991,92.37241906597009,274.1897185447307
3474.9184727235393,6088.968249358721,1415.9542276720185,192.2689690243932
1139.9837252902396,1730.0692613193303,262.20194997439876,91.62348066984072
9737.417677056708,3033.2921582093513,1286.3098896927709,164.46704524449174
1393.986668882188,5422.039244704707,1372.6425261072145,331.1853145712608
7719.126516135217,2445.9159405263354,151.0197051383163,128.2278974617754
1453.8151122720205,7411.992667740791,1155.7592062571514,175.99670841100763
2628.6790965365135,7426.024789223869,819.1752141149649,185.64245931579129
5048.146827610238,4967.802738037452,146.69882983299843,143.79755672487417
9392.181845760939,2653.3983594008414,436.65251964283505,289.3125663289956
4670.072617815482,1963.6553381226215,101.59378932415302,150.59475766161688
9141.745371111327,7955.180789338157,1408.4787067959742,319.29850942203217
9422.591704145192,6854.7965622906995,1490.3080336791359,93.5647313923108
9009.705130298955,5310.513321228723,959.8264700049072,89.41116111045706
1744.4994417868902,9590.0856119811,1032.386201504096,202.0133653916701
5397.451601462242,7605.629950557877,687.1644470345492,18.754760607419087
1203.6165431711684,4467.802162576705,918.8971083001783,353.64346860586136
5911.432943871341,4324.880261860188,1331.1298976651865,85.27729510884072
5293.439028735348,2158.3389432118247,1376.4381758596178,327.22730561619886
8400.014958186259,1426.0811517806042,1433.496188316658,267.7583325535898
7385.329586040549,6155.984513261008,702.6871879454344,11.069291564313799
4724.080946156613,5615.277327972809,953.5440764341201,232.5586121960797
9500.43197833875,5298.154512518186,448.2725772490033,2.153468151173667
5405.584093276145,5675.276551208358,1086.2989503850795,115.3778199016244
5606.3763559249455,5849.287055559528,177.14971062780734,221.24393258418075
1137.0677469167788,1304.9847780097252,404.34120072667946,273.7230234366317
7640.53519653817,6166.540367051353,660.766456698498,30.35379118567662
5638.440612136262,9961.029221141664,406.5090129497862,239.8107650822622
2891.515724337929,6631.227113997519,1267.6453770153134,116.65501895513859
7178.575081779552,3574.9316945034266,194.5576026060491,21.902545911433876
8031.073214599511,7272.298030966305,172.356568062047,58.5751598204918
1275.4517117409819,5683.963106355489,1442.6181681912478,41.55964090969659
9832.39815757161,8872.184642019898,95.61008694676399,204.44852849151863
2138.5716335641446,3549.733905465974,978.3224892719442,51.20312871268173
6160.70328945802,7830.855505830065,646.2148065493899,31.694011067846837
8231.37658246853,9945.885229009924,1035.128003472672,31.827814276228928
5957.571616134751,9811.20626351463,898.1264388831476,85.83578809318693
7350.7138600084145,6588.169744106837,1191.9083379801682,29.501359563265556
9916.584633556133,4314.22984967272,1331.7438506164578,259.27607868007107
1241.1957443186445,2554.643170086062,854.9379325390881,125.1757502977078
2237.910884887833,3573.1150502933897,672.659424028377,290.053894367849
2758.3627431224086,9077.397814814929,1419.173673469334,182.38625097158317
2935.932638353914,8137.343683959181,532.9335414770312,75.58064342858479
1826.6882654812089,7797.088957583036,123.19484639604683,223.38669684400108
8210.255729869412,5051.013067338413,723.6486690797436,78.26920382252838
8093.324364651897,8661.737959365611,449.58590672636495,331.63025320580874
1757.4169302047412,4789.729389348315,131.64726099815795,57.12156862525717
3260.6865245969516,6325.944393286602,710.6174675448459,299.7519134131811
2068.169614024693,8646.505836418015,403.021806424844,233.1149764115546
4105.625690408999,8637.530610475238,24.518855169594566,157.33971387489711
1686.2642934852306,5277.131425890392,724.7492925791028,65.3469949378593
2665.4060165348583,1766.0511782842682,644.2120930193672,64.45578143337991
8455.578023497583,6864.703738504185,1027.7197176500733,76.26973350812263
6588.759864932784,4601.295149990029,1362.412869844313,111.12521072820815
4303.922787617095,8637.54289008641,691.1783858685745,299.1533026673782
4192.36400313219,7257.402943324758,617.7805297440791,123.87090128836242
7751.879802826592,7472.9164577377105,142.86556800382368,287.48221982530345
6642.966051476411,8344.255198963985,136.6954357203746,207.15892991391604
7843.225649334519,7610.531079705337,605.6544186330307,222.02496506339563
6300.313120050014,4418.1799169895685,334.29782190734835,73.01482708464798
2745.6975130082983,7862.506170362829,1.9098176207228168,330.9583128535811
6057.749204910516,6093.3685241671055,216.52520141932507,222.74140405311837
6105.494085070477,1427.5915136342026,100.65681740482984,166.24375037916914
4639.9412911463905,5847.330250275601,1439.4136570788858,194.45678330650168
7287.70905574288,4866.592555882864,1306.400102527839,346.1383218177733
3983.071341223434,7651.4204593850145,1075.185430591187,229.65747755849048
8319.186417334262,7172.489876396217,1431.1622921110443,110.57238458246077
1148.2047562147557,8421.741145169131,1101.1993541307386,72.66678590520141
7069.131363205035,7110.212798721056,827.8640559842321,188.71173887387886
7176.980683010624,5445.105552319591,14.899494820793183,314.4232230853016
9646.062306565582,9286.717201814421,92.34298602534997,160.71480900801268
5922.1244379947875,8967.317489185432,810.8975494307122,282.2451583463506
6485.208833276381,4747.232548141505,1315.6106759671188,193.91475603142402
2148.445111330255,2207.85900090369,456.6477741820566,60.560783438094994
8132.097076817687,8493.322817625856,1340.1408677318814,134.00146150819947
8082.249061330622,1463.9033267808152,131.64830104038774,267.0821619867716
6952.4147926292735,5854.257806926562,696.125740045669,96.12142014293931
1458.3842924523324,9568.297742404631,214.74047944260528,262.7774002386056
8725.915152972542,1613.593939713162,209.04702566149845,344.16016896350027
8374.794676040208,2452.509090523215,305.814337742243,223.05042809040665
9228.215315950778,9620.130104963846,183.9895416270164,250.17384518032193
8491.395890079873,9163.426775504067,1342.9225877063507,14.2165748441158
4742.73479961948,8839.027077431147,927.1153898471526,63.86479980749996
6597.017489393779,6439.870197208288,765.0755273042167,216.71026637213564
9283.257470746239,1452.7791653882769,1464.0702307469012,91.58557992334114
5540.637979972009,6560.5142632867355,598.0366369019681,102.21022390998404
2665.864603520083,8546.469685025113,807.7030729641045,300.0761032055405
8686.24128753825,7881.204559056986,135.955063536345,279.14319558862184
3018.888742728408,1434.3431315770217,265.2949468325476,357.814998297058
6198.73574436055,5156.8937786346505,197.5107363829296,106.23573376596572
6053.358481534065,8371.946038463875,904.3046085083758,97.33417356816098
7974.042609182013,3913.748828672148,107.31425179826815,271.6291240385986
6061.06507248654,8368.48866657091,1185.596661610936,149.02721055012674
3582.815739182284,2107.731472804566,595.010774114783,35.90015364439385
8922.022291150191,6201.6091323972505,876.1717966324586,123.15507727550656
6089.062294867772,3853.8536732421594,1378.3973415591715,282.50210853436204
8833.771938001091,9119.533973950034,1160.3473063084714,150.65543112361422
1764.6908563976833,9092.179165147101,855.1487281986206,347.9254945204822
2959.1406724036233,9252.243078755706,631.0932849685418,283.714021136538
8442.35501332418,2079.0706911081934,827.4237526606221,216.95373450813437
5505.134807854079,2835.4634496472386,542.351786555021,55.647673937820926
2675.638410256176,1691.5415702282007,122.85275310090893,64.67250551163374
1249.6094092903984,6007.933511402966,760.8391875097608,106.22834359632296
7173.04240113861,7979.0627521074675,1353.0496047315012,274.070704579149
6490.038988245541,7670.342010132964,1406.3343570863437,318.15831168561647
6530.508396621201,3198.6872149083733,1426.2544518324037,27.030081654555026
8910.687739449284,3687.597002673531,191.71802368194005,62.66323403441298
3453.1006010791325,5098.640407233646,1094.1942718534979,33.12420800390095
1949.986045279256,8796.100379832136,560.9449255818209,128.61286795258744
3444.9073473287367,1774.6119224069184,967.166019265925,138.50850872824032
4165.335328118998,4344.392612981454,1306.7751342040215,281.4728216248608
8351.243261652078,9694.471408592924,1346.909939227404,70.72358999377022
6221.342447887973,2209.3094995168276,92.99634286035514,70.88407717261848
5767.65546473301,2928.9243038663153,304.2938618944732,32.06118753743371
6464.751839445346,4353.561481579211,1384.4315575790583,172.55352974557783
4158.878940345812,2967.7256186775,751.835494500997,32.302595330292554
7624.947770224619,5765.563024940821,3.4720522883098957,121.87639054249838
9061.510499042797,8620.243558981327,356.967147038131,51.400692164294256
7459.769649307292,6348.1649953634005,1212.0674325175755,257.0497636477141
2892.368303792572,9066.29614457607,273.34785718247446,241.52217433630466
7006.157791317052,5364.591436182595,429.0519248964262,49.92406949872187
4641.870861966255,8417.809484788937,860.1633315733476,177.50039172688108
1466.9215626507862,7665.000924412374,905.646042537223,201.4539292111754
7041.481264001053,2338.9439090271644,162.17117020463596,354.13767270695456
9512.560159625806,8603.877444698579,425.21153055568067,300.84611534491626
9185.032289726507,8713.654981451626,1124.7768571706622,64.81054080504137
7086.895531626121,1525.6197518122358,201.7487032087633,63.99189420964606
5676.072615478003,5483.710888480692,905.7277245649334,285.8321862782087
2591.0135991214993,2840.705131623253,212.70091064156824,214.8681175968821
2224.808833956181,2973.7577458145142,114.51184157477977,167.37829005509425
9262.951120511174,2490.7613601029943,731.146539922671,286.2480422865131
6978.346240329361,7455.345296423756,797.943083375451,259.31570252287963
5457.293410976162,6935.310492027364,798.0237269787267,56.744117198640375
7447.042394904317,9600.129145134882,495.84238546462586,108.005316155141
4549.879198884195,4749.87116784291,648.6281622081652,32.10789538465407
5536.59562071757,4973.469461225321,385.4883721015928,171.60799046039637
9205.919930866326,7299.707743135308,256.5693232700088,237.65453120346135
9567.933741876996,7533.823270155024,99.52289656523843,207.48178136124426
6467.0326000074565,6869.035919272514,1230.6262887000316,70.69967244038985
1310.1059745751459,6463.936566955943,1092.9807883262242,123.08264658194295
2483.127774859736,5544.489455681862,385.2916194026624,70.99572899785036
7241.234229249614,6885.58890714526,93.27604137272839,220.11439337241833
5480.2681505734945,5944.328288762952,1075.9570140638484,231.76620836150704
6080.8291957918145,1571.6619444381008,92.82172042860569,261.8495863150681
1862.4807350172905,3065.0614180552193,1091.6168052616847,142.833495606435
1904.5574934313709,5844.958783136797,1243.256258964204,72.87525987335313
3572.3016115749083,3655.995978949516,428.8156173533891,347.53193083961133
2667.255327252319,3530.877530989261,580.6584403207347,318.32762882883424
6190.350874486653,9064.471714804215,773.8153568908435,110.89376091943977
1763.5274345239977,2651.5529662645267,946.0007595000867,58.72977341860543
8796.624908271342,7329.5572354988035,816.5358584025415,355.02253607334995
3331.7233987392174,1602.0784857921585,1446.5597187434967,104.37258930850328
8797.248659991705,3118.0304272428316,114.84957353187333,85.66933529449787
8260.751754763107,6613.265425294947,880.8933830029362,81.21641890665744
8869.487782881442,5382.222591817442,679.6620364208211,289.1839873266564
5265.472622784138,9478.027872929502,1300.9189925424814,290.4337307746989
3364.7481099371116,9263.45703185199,760.9166375327243,350.496381573695
1893.838120767768,6643.35929092218,898.0947816622887,330.496801875962
7676.962331974871,5179.590421664576,959.2887070232872,123.45728960731734
9779.870339546085,8254.885652521254,939.3103667430869,40.40115791514066
2003.518975201716,4220.895182899228,128.9289141532618,277.5975939723368
3189.394829913996,1751.2204440651296,1438.329451288399,240.7659759095076
4013.951564646554,6410.112783529138,1328.3374304186723,15.686652876087882
1521.111404499368,1412.3861401641173,102.74187739692071,231.15387962113536
1391.5520344401366,6556.796073995757,39.63120271177065,104.45420492387007
5035.179366155983,9472.098840689063,1055.3515842953955,349.1990621789202
6610.517872241757,6421.015916452087,100.02153966558781,258.40010462949925
1266.091212208667,3830.944087219133,488.12793378181794,354.14175751727134
2655.587158768936,5355.693255778359,1329.8170263816942,105.6327352306754
9462.703223968694,6943.60611895064,1405.3908190378856,24.236412083517624
5233.900895359581,7981.2947775402845,553.3552969349514,85.86902652416434
4203.992054624006,5563.646399450656,843.4633968873735,298.1701988028979
3855.9842619782194,3969.925027655431,1270.3193596870121,337.7201733568191
2256.212083978774,9882.974472211543,191.12028262911062,161.08974485597656
8986.13364090674,2369.3204047746813,705.9523670482665,6.7784798450491
1377.8092325310859,9098.921056615407,940.5336753201668,69.85732834016517
7177.406161375812,3190.289970291505,899.0486793164757,319.16453427891116
7904.787530070737,7948.81525509916,511.4977155211453,249.691551466057
2545.787525302096,3477.520193236893,976.1797957884271,157.33357106944524
4629.277922849755,3893.982643531482,592.8355509578028,145.3868059886493
3534.4625473675164,2044.7323266865728,1359.710170594436,167.10727237061784
8010.528149473316,4572.313691365061,749.169021723238,216.69354183043765
6609.645133908046,5006.863544742274,239.83455457717105,226.58421839978942
3906.72671661165,8448.128145394166,815.9984539588887,293.0137368770518
2806.5499079391698,7012.550151601411,1262.143484188021,44.476815399602124
3262.630827254662,2712.5125798601357,1491.9627937112434,250.10024793812946
8522.216535378066,7054.1511968825735,515.6900828619891,333.6451344677596
6582.434319253466,1188.6777558104518,346.6925255102713,40.35170089777621
7545.370316515771,9824.706413049069,708.929324108842,233.88905939678904
9776.886644334882,7012.181344496481,337.33902570256475,87.68228928556408
7457.214400438716,8663.172224289134,848.5767230997487,150.47957685499742
8304.467276223946,6545.229567408012,306.7657872577032,234.1740379422018
5542.213899347297,7279.8109468208295,161.89698893837985,356.8725111294757
2204.458395429975,1654.8064607059919,1220.2024960367382,28.318905914519707
2360.157350824393,4615.509470047762,518.4697883789913,351.3474978166711
8841.022517701436,5099.1190121000345,501.31880208244627,349.7412820943576
7822.698564146679,9181.576469855125,1373.7780337596053,171.09064192532296
2717.0100896428075,8618.465331334099,538.6633493051609,196.12371837506433
7663.058812317709,9209.550418662093,690.7438126906123,115.77675787852667
6543.453844839957,3374.132035650913,601.2332345079702,206.9243125751607
4030.2263446687675,2382.7535572801644,1013.519802036073,12.461457983749249
8480.842806553082,3484.632001473691,376.3105269822417,232.97630619030107
4814.414904008587,2730.8632295376347,955.5124075480205,198.11202565594502
9895.582980189718,2223.521497378859,800.0000396853239,171.28166383789952
4916.385734482646,3541.0752847763656,1310.7816070570402,103.93121349326992
8163.320779617845,7863.895495497361,1385.506532718983,182.35066515389263
9553.645622074624,1377.2394658005028,343.4822722346113,203.46929414638495
3362.7151611043455,1368.725818711589,283.003470117865,147.96895117722755
4777.839630297234,3946.205567232988,518.5816108465241,43.65869545627793
3928.781087794346,8052.134186285592,873.1674909756489,348.37722236209686
8301.197891679789,1348.6154083183978,1054.6942090482432,33.02643260377045
9156.87280274738,5110.5359928572925,33.548215363579764,107.00990244590456
8609.282973011937,9152.143450511674,287.48351353084075,311.0262943385117
2649.8923044750563,9526.492045791907,231.07450714194738,288.42770400579514
2827.673790212193,6904.358968380687,234.37996902217577,154.2216239546082
9530.529813866597,6035.9920846050045,151.17949738563306,280.3019898530371
6990.203962492478,9914.838545818517,597.3569540075838,197.72641139813467
4149.7204571873535,2979.589084279627,36.02420292461269,27.549499163758888
1335.522622950702,2265.6418672632444,453.51314716828824,241.79172956198957
6294.905475369279,1325.7520774207542,794.7587615879112,297.1761079116144
6452.979633559677,8046.690504633442,513.8588142882558,34.078264046548036
6576.128540376649,3492.602142531324,232.2129507076787,314.8790399653713
2073.628535825317,6728.247772221248,346.9657996853426,298.9246285129377
7899.20101983903,5939.373270432642,125.69030550791926,71.06561061955054
2857.714935829956,8916.516426338741,1250.67708273251,177.9890388638959
3339.488198746212,2160.768656708755,806.6972160443062,319.53076322594086
9154.627216233655,8596.65688108886,1070.284655644979,335.038885719028
5645.40820289364,6499.939386626613,830.2703470892566,33.41349815638421
9032.855428474737,9272.657322033234,420.0830809379276,201.88793090473632
8845.163807328507,6836.343006278124,132.97139194664433,232.2340313793473
1714.9024444630832,2066.265347106859,301.23849449638516,321.5528983797438
8211.53955438711,1261.2755134933145,1167.7445428446697,17.665980000816244
4789.5719957718175,4734.241986925375,356.03181842542807,107.86485706931573
1396.762622893366,9083.77561191704,1208.0366348113084,136.58994159874888
3679.861131095294,9183.404040559592,1486.5951305960805,165.36536148416783
8126.595221884503,6259.342751629187,722.2353891186004,307.04009450849895
7753.0364757703655,4122.094962965659,1229.1972843714477,51.81152486587502
2531.3214587714747,5987.940702506212,305.7496623074117,153.3016618867873
7434.355097676082,6249.271839369226,717.6383158698343,112.2838953676211
4360.628967083296,4799.875371968885,259.01826654611307,89.3499066512852
9226.913214885546,2350.8497523932856,26.516266115326633,128.69934513431156
2712.6925809510462,5092.185475358867,394.325517380741,343.2242886449544
5692.509862364965,8041.0354586809835,450.0709596999334,79.82587538769096
5688.739287208618,4234.959883598109,114.76184838707955,180.54054387565589
3193.2286468955554,8714.443322090872,598.2916952832699,5.384238570653878
4741.162741198461,6576.143281740466,958.8382123014292,181.0458933777838
8725.36200261362,9838.087890368697,314.7067241522784,99.51655844725018
9015.315107001703,3177.552781008483,1133.8202835775737,49.110416923726795
5169.530157530992,7618.136771878509,5.467789674200184,16.196238517135207
9032.552717852735,5141.958729048189,225.99574418679902,57.51427156837977
3332.137854306233,7434.045728948241,363.5447219779036,218.45125353222147
1489.4065966567143,4373.213642980156,332.061589209087,232.48962450326306
6111.470587314091,8098.427218850607,1431.4797539509402,159.18923015202608
1196.177837418997,1389.0699748336856,1447.6666135176345,208.79375633868864
3377.3692818850027,5649.536039700387,54.64103995370971,335.33025098058204
4518.883073681529,4454.506033074379,1263.5531896347438,270.1355983280169
6693.038202686767,2518.5263621029358,1359.6183544611679,219.09851262652683
3055.5336482976,4570.069943034889,316.71419694204684,32.396061145777935
7079.874229783375,9642.511121962812,539.4304455748332,20.52158242410001
8727.24787763425,9472.190875858936,516.965619885397,59.37266624038285
8823.484985088828,9163.490161471304,1081.6933119641333,152.85218922358163
6811.128371959953,1212.8168879847155,1198.206088395634,183.92895944111885
5176.251447006409,2040.4328714590151,964.7136473810122,53.84009815253977
2321.9021855628016,8535.13762283615,80.63401421758128,312.73470578798214
1180.395598749213,1563.672603529776,1379.4612446349,288.89351051132917
2066.145220824051,8059.730149919684,531.6523569282979,243.22906087906614
6858.692542615162,5816.8899750036935,1347.6100020654123,22.657324855000024
6338.866733433701,2561.361709477448,527.3637164960281,35.78458780480543
7945.607276632498,8729.306039530873,118.19537889083925,56.59340214304234
4630.906721844234,7320.070819339006,1377.409643522006,133.37974023933018
7112.9211994982015,1421.4876734646682,103.47228054421497,275.85812684501286
4240.812631959517,6801.665982411037,1394.0749317859832,330.173828423927
1319.6981976390023,8989.918820013167,132.84855722712916,75.66322907087711
5655.6100330796335,8656.231395274066,815.2832860325256,166.33131560211396
9807.44953337459,3016.0882214634016,171.5722540423563,28.30900296496786
4381.845777766059,2883.5932823450953,380.5515477511266,165.17001503604286
3461.4206227011587,8553.702300645691,1157.9521022176257,114.68369715113617
7281.033204765354,5873.849130809797,738.8186369046915,208.29388307730238
1523.412803747298,8763.839434798323,309.93992109855407,230.56832657949778
1170.8206944335102,8412.065880401236,675.7206380225044,58.16239840467971
9876.327162514215,1271.0105749836496,1354.8071182677277,27.883545737646248
1318.20486939297,3490.999965060226,792.9377032648378,186.0880230402063
4317.506092863921,9937.170618717882,260.27588709002544,355.08165845147573
5806.299946576781,4343.537371918554,258.03524688358686,332.8980126676204
1642.937028242618,4646.635934822121,620.3687610334647,209.5972954348726
9500.93003195277,7866.080046239103,1432.4517228105149,116.72252378442667
7302.721341506127,2646.2387380481214,1296.4353843328327,154.58851937239743
6286.512251201292,9765.98577451522,443.62638393106823,195.94537918766983
1166.0244810552922,8186.380269948475,642.5034132422405,66.47974581547375
7263.452785983376,4665.9012888417965,1363.9773926777152,227.03737424107265
6425.881168776199,9513.629593817215,127.38609933111759,161.77278376670924
9574.68699426354,6001.747396185828,1423.756924645504,255.51491939777713
5126.656429090108,1385.6169674258533,595.3662108180977,89.34845025810613
6141.673486726199,6435.134980027455,898.0549836899403,94.65464002656049
6832.660303237091,2054.0790559568513,1121.0309467911243,328.4564326679226
6169.468673317167,5581.501909129419,644.5000679307993,77.74561470258573
9067.685030607832,8027.765822769631,308.78909348191286,90.13191869270334
3722.7593710820006,9216.012483382192,1298.0653344682996,186.5356510717309
7340.107038901436,4038.870023640933,1499.0212579978042,234.89945617835653
1178.4138138279586,9108.840953385152,29.116223781739148,146.7018244359099
2180.253922947374,6921.529643778578,54.28868320872571,137.4436488702802
6567.047349010365,9561.844476504924,920.41030779564,177.5838252728803
1308.1134782344104,8501.305651592964,1188.5437865331298,128.11779232359035
9999.116703192321,6030.727541357175,843.8449210808216,239.75195495945113
5498.846042239176,5188.161201520887,132.09142340957976,316.51642172113105
2845.072558891547,2263.822140058556,1393.6669411924963,7.147422806441238
1426.6395744517579,3007.107754216361,785.6158634848811,287.3549843339359
7684.903499700995,7676.735001944373,66.88071697036762,19.055711737310546
5507.580186095598,7544.716998961706,902.9254621508842,252.6371271100383
2593.6359656981704,9336.926255618733,1483.300198912181,354.12966777450714
7187.70320237825,7490.160267086061,1090.4161954934405,214.7892063847375
6525.006805544089,7932.807699392715,323.01091815511063,229.8302669440684
1850.6059224327087,4569.233159062773,698.6098381335578,276.30540630329676
9860.096475837398,8307.790383284258,84.44964068363309,73.7730577422126
8086.625208431848,2055.6326122872847,1136.8474968810033,64.69151056445834
6874.020035164527,8720.980391544894,111.53850638391434,358.39056087422875
7266.25581743162,1720.0457415622639,1384.773118457979,141.43111233882962
1113.2038840107004,6483.319093771661,1412.657216436112,33.3333893484564
1434.1708649451189,9237.238833835556,1395.780987797593,333.22963820809105
4591.043549735409,1926.3056050309606,1000.7651692827411,262.39772756694794
4566.778657277555,2395.1793336111036,1270.9766772447392,234.15512297925082
9589.69408154882,6081.325147934351,628.7676344593514,351.245786545502
2316.564132177766,4476.869938311803,1488.298336370922,40.084091094384455
7684.200588587553,9542.828271720824,934.8508353910872,196.83733852247357
4933.309294439233,4013.229599394585,249.01997540040023,336.66157290669213
9826.015163784736,7458.84436179753,1396.1116947443486,188.39515155402503
2543.5876927875997,9695.67665401823,12.912426978002514,294.8629497828219
2387.6285101118956,8589.357300897225,1245.918910071756,214.5246231782323
5794.804893620438,2579.318823647456,368.23808668032655,327.14041680365455
7695.104354856726,5624.663812844173,172.9524190259702,164.9022813600803
9199.792386413043,4656.376848009597,658.313869997599,161.96326258588715
8348.062603270624,1704.7332773361552,752.413559827466,207.42533166971643
8457.657880553492,9564.541861224017,756.4593338412228,82.02779229660338
9011.094889980095,2715.781219401806,475.9050705946031,265.485429115335
5834.397535138066,1178.395990820894,1491.6682162481043,355.35568192935625
8859.3391058739,3066.9892920200627,531.7730243773881,348.1588616180184
6281.303910739246,7617.043299340994,1324.1036828599026,32.472160756324804
5624.445467275597,7306.897627172497,1117.9404617836142,90.73501788607949
6204.333553907451,6709.296919258665,1043.9975069054162,296.40222195134163
2893.097616661956,6473.975859232202,1454.9410456739986,246.60114343128527
5476.705818936266,2557.049018683543,404.41168275908615,113.81354739889271
6684.4359143800675,7081.2072738638635,283.91040344467814,259.79281883568177
8136.12588262048,4523.702345183443,1046.9093042817892,3.9217483009676393
7453.681565890896,3869.8615665855455,870.8202773063789,147.54414923982975
6609.1223966422785,6405.056742291573,1018.2793923428432,119.00590250143509
7086.942306556686,5529.083760682552,1087.999989978356,31.670466183217517
4773.6881790781135,7993.064722362296,208.91811700724668,104.87000936220596
8589.502423073525,1536.677420371793,649.3102552731818,253.3468997680474
3811.0488235974053,3607.8818565752817,405.94890338483486,161.46710986188566
8423.549699169676,4515.234919689781,172.4535192740621,90.21486789476208
2767.3797887870387,9465.13011990667,838.7040057659211,38.27650609605208
9855.349900760373,5035.952249985143,989.5878614715331,303.3888273571266
9384.78499924713,6093.349131054782,775.5750120483331,124.662378413847
7238.016175119752,9269.387520893019,1169.939860829937,91.59740234009762
6297.056218628369,1298.965329643153,228.09959046503297,111.55408920774931
6963.048459586255,1211.3292955601405,749.0827155326297,193.3307472335029
9119.169604012779,4419.047917541471,1273.6708832162776,356.59552912094284
9664.2543880501,2110.7636188570063,1073.5576806480356,334.8872505698741
1890.458960376161,8875.847993269155,728.841169209916,244.47614245440892
7008.015268281121,9172.20117128473,476.0994983753844,88.71904904876749
3080.3306266900327,2475.6254626004056,698.7755551250657,351.3977334816159
1880.6771760821389,9616.899247126306,328.34962370485607,251.2357772615386
8473.089763483242,1943.8516099462636,1359.049597014969,99.55803726113551
5331.917013084054,6308.9284842207235,1442.609050658721,126.57450494552153
9268.526291647251,5070.063426519259,1173.1965155555197,3.8198965812221664
7860.178261166211,1367.9353954538224,1307.6475768214702,129.90270989704482
5940.594472485796,5251.374952063664,12.12235150356721,257.5860365521339
9894.033188359672,1964.8414881741678,1400.8998961949014,173.28989587474913
1742.7073779495236,4783.453570761274,1282.0432137047844,358.69008905306913
6439.507935993851,1445.6939470271222,294.8356346854266,101.35698480802732
4282.5253650472705,1273.7668988103378,887.4747422902303,299.38277412181867
9114.345060713757,9731.637141995368,1461.5511205611704,125.0679008615659
2194.393243634658,2734.9102205182944,1172.1465473832159,190.14736446297306
1509.2340585339143,7609.9112988804645,415.59066334590733,65.75709612851784
2434.128793802134,5903.599830700537,1437.7682190317073,69.64595371011656
3985.84780625135,7768.228394173108,250.06051786248986,291.9223387777795
9128.737346896503,2256.6517866443255,905.9574786387055,288.97403241521965
3090.077515526449,6009.1072830595285,899.0811839902061,45.77568900918006
1640.8315835948474,4457.623391773404,1169.4424989969598,171.47737304802243
5941.157107529895,3823.106553917844,490.3680700465572,143.60548578702605
9772.964539630671,1585.188713510783,1253.4262988327614,301.33391209237163
4653.476465872504,1894.6057556606693,200.92479762844943,273.31202175261774
9527.415951903386,8608.791136273292,1002.7257855308766,183.3548492882155
9508.1145802063,2179.537383569204,1276.7629666608366,272.01128942330524
2967.89767589058,2596.1367436864807,1009.6468441155445,296.07318093636263
9280.74082490342,9218.645484699999,613.7883548685172,66.56801955822313
9439.072611706122,6230.379286674997,822.5628925976634,198.09579778112916
4918.308705017877,3505.560910584009,683.6729551973932,305.82534050806856
6505.193708212549,9778.386236096734,1410.3701206960923,54.090962286386365
7856.951836283108,7379.560388723798,1032.422284128492,234.68853586763595
8239.172720052626,7038.242674886112,614.6296001594199,268.3515438697241
9764.58450374704,2570.7960128465334,1414.702598307311,230.41042771994793
7679.372087909414,9240.713792538649,178.7376388995373,329.10616987732175
5514.990740490904,5710.426392504876,415.1906857041161,184.80346946074155
1389.9727135732824,4154.505669579139,120.90668662983089,194.54210458255565
4705.234393574014,5893.351078899129,611.2115417519723,249.98498442549848
8412.946214130385,9825.126669703426,623.6884240636356,34.02228498920818
5125.886631988084,5525.064304369411,680.6630766936179,213.5753954842012
7178.817330137719,4138.4141277629415,688.1867292009862,288.17727770910864
3102.0766568490167,5439.889086735803,963.5277964585347,89.93164085782266
6951.587903862044,2162.0769804619968,1264.1562141480158,313.16973670559156
9410.92925558908,7955.911626434188,260.88559596541745,211.03585638227753
3020.7274210066935,2807.197799928607,1040.3811007743743,34.57492414573486
8833.34154713785,2583.7118880034823,637.0532067167603,226.33886271986955
1137.7967925389228,1460.8384341370188,848.9513108449062,208.48519269608855
6395.970825227381,2053.5889195795844,800.61553953848,36.5595179015769
4603.153093575191,6018.620905305169,1179.7214375043518,54.12661933660311
9251.209742683406,2442.4706874359545,536.705938584605,224.11809717091614
7212.407612513813,4975.057387742452,81.65633123387188,254.9201831135867
3858.7022837762374,8837.318465923596,154.72362359256127,311.86415944067403
3356.814506713516,8147.357647316911,1224.366306659143,233.73709536616977
8215.000566803996,9745.066017490402,188.7937781773769,295.4265012668738
9249.59959006105,4035.563781748152,345.07418017071706,164.99310771114128
8707.160556661143,3681.9971604163725,407.8747100810019,66.9013252956527
1845.8608402419834,1823.634466447002,695.2489762668397,149.2042361765844
7994.265875417996,5869.900368434568,1417.6519624046105,90.06259320767424
2185.1988273699126,4651.566327463047,692.2798975695912,316.8227942384511
4478.7080164673425,1347.9506907160176,998.2457781402004,112.32177484307562
1638.334676830148,5070.087029488073,736.3583942685932,49.87617140162545
7110.17766453133,6912.950467090143,1208.431273546221,46.24390824389079
6276.207511874082,7334.929089692453,1381.2217684992115,138.30121814871757
4683.67508771857,9422.162553496242,1396.6084623256818,197.90046939248606
9886.952894519525,8328.313233434665,230.90267025190494,239.60677678518132
4040.6646435011285,3865.472316220849,805.6237152714199,139.78793449339017
8461.719215156216,9209.815640128263,1397.831049969148,345.09063299226364
6451.1180485681,8839.308979933554,1007.195815553358,105.54952821547684
9868.362087239639,5830.7543916990135,918.397118888345,272.1479832805903
2369.1902082833285,1419.257132280282,348.1899497054625,252.29934922980624
8148.43146958529,4512.622467904937,379.9407352639051,333.59327603696454
5667.79633369043,3364.624732813185,164.43529950907492,101.82186178449757
8498.076540703249,1238.392712256249,1275.0054145461172,173.5708864663249
9846.729594531327,3358.0860908308546,205.99908709828222,274.43327125369603
7924.837918315719,2150.3029944057484,745.9920303664534,33.194025010861964
8007.07786366203,5267.9128760121885,1154.6457548529736,43.60644441960207
9261.399802088656,6978.86835484902,1.8411093389958064,354.89146610723037
7025.786125127238,5878.061331598038,772.8465369267491,37.054039002706546
6017.5026480260085,3110.096138385697,1181.2516705420705,126.64391695213325
4718.915816161052,3108.453877644196,895.4645121343277,285.1729857283408
8773.132508911558,4302.305001096218,911.5189672314616,156.58548807714016
5936.890294517106,8503.500957921508,1496.2371716854732,257.237235258289
2030.6748815198225,4469.129980536907,419.7326541729701,248.0993163214217
1373.9347763077476,9346.552748706426,236.12207493431504,63.2468262017554
5394.0789659733255,2955.598631624644,817.7076600802862,142.04487343423833
6932.312086543447,5534.060690038257,1208.1094679727628,163.7733475348854
9115.604984624093,3502.0530537400555,1274.9951635137859,153.9178879464357
3012.404801562483,7608.718932163068,747.9649573300437,189.1173480940457
7118.405109907379,5179.298411766806,127.27489254902743,32.1081544555247
8329.310970017552,2261.3018034748943,94.1483919933764,308.49489385099224
3197.507473435694,3019.8739203977048,1004.4921670728571,76.98557992354836
1804.4255481885825,9892.265942603073,1426.4447849324695,318.78967133971645
9044.351937750793,8125.225493535184,696.3090248315556,188.38542052876002
9017.585552447537,4309.166281052581,1313.3202383580137,155.42902844753854
5063.114194698608,1826.8215999461581,856.7343694703144,52.4459983875365
4459.952208619374,1604.5664991259114,991.659422085317,61.580075309787965
9261.721969408125,4558.883190957291,1372.8571383820613,199.65667638063107
1775.1140556368437,4954.227417742888,364.6209302483142,194.65597373127426
1935.5851553981522,3611.7963917677857,781.2263360340701,165.97711203343047
2799.3529999896728,4350.402399190136,1154.7028572124061,350.52667743103626
4857.999897681056,1136.7127030186057,1393.2561736129853,116.39131834635383
2237.6197408150974,4905.761507173066,1364.811211975535,359.59134080042384
3831.76330009998,9191.286537491233,304.96429010911646,35.49895190755706
1924.1807806316301,4124.881856393495,331.428527001858,304.1147247248769
2042.6613954183438,5146.644632253727,422.84325012651504,26.41614341581865
5668.088657014029,2837.659007294138,307.26277529339563,146.1389089604282
8456.927505353255,7335.031641156565,892.2010147997247,245.09357636759336
5814.831553236295,6636.962274592611,1027.4387859332285,228.44585348803767
3665.7605183368255,8841.879434003822,9.959496640878333,256.62737451821783
9637.032054049936,8701.863059465037,685.2279077637302,107.03512695964716
2998.7221688522486,4257.90766916201,282.96137627221304,103.202835147336
1370.8315938287046,3242.6546901566962,1349.3534930364196,111.64581915982284
7890.137844119955,7243.966851940714,1118.9824624617247,268.05520541512146
4350.717200792969,9078.391049054764,1416.29887217883,13.16897911717236
9398.54389871866,5955.915665701911,1062.0620319249767,139.20962425580612
4302.091005660812,7621.506524955259,310.91456724659497,334.45634647014776
5032.4843523373,7688.976935270077,156.184105208412,88.51526803824015
5672.895663297353,9857.634668513054,1463.480709954286,176.39982112873733
8800.295035993182,9963.637707609472,651.831633377995,146.23760265973243
5170.918078488052,8132.53361581576,1309.6418859589044,312.62294553799666
7977.272971745367,3131.8296816250468,1226.0054272099715,215.20749717041753
3967.7659404593774,7872.321660700938,1178.32674268924,25.406214093523793
7376.050943808867,1644.4325061234024,984.2525410788392,339.7184072185246
8112.2641306945625,8303.270205983295,1287.5097287286133,347.2554185438003
9857.920188972286,1411.75948187789,1018.4248056756,263.41825053117
2756.176710211049,7818.571924768504,744.4052056197991,262.6326099935129
7167.704736255335,5427.241226185657,197.91764990262422,273.66168484042834
2186.1297884520936,5510.694211319964,746.8524176036602,32.14003702984007
6824.730175837958,5943.019561196425,300.05856185939615,222.60950806389232
1872.7178552759563,5490.655560692742,770.8748228524233,215.61223898399408
8513.302519545094,6752.87130645045,239.51708126277717,136.5461795021596
6985.706974341166,3144.5627618934122,952.4526191769047,282.44126230578513
4127.250323909007,4976.363630577784,767.9816961203966,26.242852844913724
4849.683252303217,4657.7025587171665,196.3737079972696,247.42038694927714
1779.6600091978335,1534.236602383553,422.3980819033642,79.41098008757093
4836.688533184406,8202.284970448127,84.10928222664307,136.39749623978295
8767.585373108956,2047.671251051673,1393.0600341136496,86.13044576184893
7085.643923076651,1247.5275712609866,8.407366773940929,47.867893846709144
7695.0278459615065,1624.7586247290944,408.62967088723354,174.05683547048142
5652.199238554868,5437.551458762153,1315.6092711240274,71.86236778018996
5286.974661995112,6374.023487726448,513.5523084801655,115.904443060676
7615.052321250895,5308.020986982299,431.0904096948033,178.60174152800417
7645.703262028354,8457.848875253812,1137.4972114390268,208.2877949026992
1691.0896040672835,3386.815789520385,612.0125765501805,257.2256882675581
2591.0329525712923,9187.111867714808,86.742448244357,194.493145398023
6391.418964665981,6305.132009358965,27.365730148526406,234.71213761160493
8710.75937862444,6317.050747779066,214.72626780661122,75.94788237269675
1244.298543421194,4491.359627786331,1108.3522359597698,191.94861471450668
3003.6272108646626,1673.0489766214369,1289.804776133027,19.819398564017117
1827.1031011715975,3078.5061018479337,1296.2529388531107,334.70102918662167
5568.260842788702,6022.823811743329,1319.2774289959148,201.00021568250042
7653.117902775681,8400.20497285393,542.6362819473909,253.6388785516697
4356.718598763443,9406.821177104499,1128.3187297929737,305.2804644924414
8846.041439572722,2830.2218269827604,954.143144943729,112.73358266371055
8504.310359292558,2797.325473042842,382.48650396939985,169.08035297631687
2022.832704623409,9678.242885267906,532.5327006958321,255.21952210891817
2326.5956185052396,2865.691106609269,1483.7818368850374,296.9714306388013
4016.079435648202,4362.740621769098,757.7487342443447,326.02431021979294
1758.4387069094041,7201.717583738922,1237.8716447259178,339.5027870278766
1824.472737128305,7026.002484132617,532.3041663173841,354.96676985081933
4154.970481669257,7636.546430174663,86.05242164489098,338.6305635079675
2640.162035498857,4597.047676229111,1.2725177035164683,135.61600756556894
1140.8856898504241,1638.395776272152,661.6680679785815,72.80256794627287
7672.106338418528,2730.482857396906,689.768651131976,252.2961348765067
2169.3913355731265,2135.5327891833285,1132.4638614873204,281.8319251149064
6106.686308433028,7689.701038504422,554.9869568425258,90.19141223827427
2369.7113037633894,9501.84693660611,985.7082625523751,44.78111900870413
3849.4841573069434,7408.012710002113,1388.490025237004,169.61281946311246
5282.504018974511,1487.1415810166968,1114.7638381521867,234.5391649025942
9234.090439762405,6502.284534701174,845.2654211011879,31.230857981770214
5228.680061398919,8117.93565952181,1213.491176952725,95.7751218447565
7899.344557492891,8272.96307936751,1130.93877495438,263.6467469218111
8481.524721178967,4128.641635988711,446.0097141257224,79.67365401780502
6549.726699497795,7951.869322854607,86.95665816122583,127.55255988160869
4243.595211286019,2738.896048656578,853.6612355290512,29.789051996957923
9253.518704544007,8006.2469950459645,21.171624750831597,20.20211936664594
1772.8663570280114,4601.892788134587,754.1906907001348,105.10174065536218
2890.6550234521446,6437.757111801378,71.08957941757373,75.92855097864391
7129.059449529858,9355.846935960175,1149.119798661677,176.42269390245238
9717.44653341273,5553.42165221444,503.076962829736,46.819483302407875
2190.817734588303,1776.4158062792999,1224.4747789031928,359.6764858060266
6344.1127021589855,2011.3305496490825,25.027553013936217,78.08371470786663
6055.398153145306,5720.427607624528,1214.5915843657147,186.66289587112843
5845.928701188757,6114.023993505877,1343.8302017086069,210.28297888422313
1247.5653223402815,4576.703461908215,188.0491191865005,178.66824480253223
3873.560709792971,3278.9873678448917,189.0337405057578,306.0542011976571
5213.698610195101,8002.159778643232,1201.1577735887115,178.8132207829283
5333.407423214314,6622.5866745276235,1114.2455055162511,30.8507741318724
7233.693598376308,3580.9966895824286,680.2673645972465,38.06764088262194
9802.520970760219,4666.853838946936,599.3730068368113,39.41429647845381
5828.499784817524,4815.002131320199,1397.362213325438,76.48130068465235
6923.25098980663,2457.2389175494127,405.11735289826487,91.20993177527326
9439.176445034906,8490.024838001122,261.5151642463284,195.87546350474994
7968.926036590372,3461.58688598964,203.33728589693388,46.22320294410829
9687.665627026343,6622.128357232523,276.4155152478763,1.1648653211367672
8650.61113763323,7040.759342702685,249.07754900815226,276.6372097535324
5671.071634916849,8970.2959091378,112.01811779329017,103.53041664587428
2798.3006631649614,9423.45757947392,502.7116968447877,257.42403040004723
8020.290130137862,8549.418607503365,851.2049810134266,269.57189179498766
9543.684887086358,5171.693358204913,132.4370817910812,262.7851187821342
4554.9667945977035,9514.147093302314,1465.2627856193221,315.2148316421878
6852.6361426541225,9415.066838521794,531.1221149391612,4.6153726366810846
2161.3948412499767,6132.5948743230065,415.7774910894992,23.215763851381542
9176.759093555898,3772.0967997815856,507.1973142116549,11.364466106448228
8225.148639529449,2564.7920087960047,197.90427758856598,248.65768123126838
9125.23758891489,5346.151740303699,1400.8667445198087,166.4767167600989
8563.627418983902,7380.638130427613,433.61313358196617,98.97950959779824
1326.8503747283298,5351.373143916741,1187.2030930562173,254.1444118408182
2738.9397376434677,5202.044868138097,602.3523543907643,34.54172513837246
1742.8517963188388,8626.520369527614,1156.0979462287892,337.7802810823713
2316.0696281045052,2207.8391236364987,1463.1862301329172,14.389977748958355
7897.3349961765525,3335.6868957613315,816.5254628751934,345.62354650822533
3322.9442671443862,8470.7668709508,36.83019680469353,341.95427140771466
5992.02366861058,2385.9062968649605,108.31729497645999,317.30742893353016
7007.728773680937,7174.67302757846,1020.3787433230892,276.82802893541844
4272.017294049252,2583.6421389989823,699.4877626602957,338.4519345258081
1277.3962171628998,2228.4285784842023,688.0833354630414,196.99380179736764
8246.604199883725,3472.7659010358793,122.89568600148307,139.98893588993826
3990.212407720532,6819.823737677842,112.25196881594589,160.1363314530628
9541.835419988905,2708.2804517655477,699.7011668476381,81.49669259138989
8601.843754649992,9871.725685545933,128.40475579406205,141.49250531887006
3931.7208864070876,5765.565783809494,275.1594845490626,250.5711788403646
5501.553113392756,3648.3141494639276,1364.1000333415384,163.54967061742616
2550.4172634418446,7657.603186234465,1135.7417645244311,290.17389386712205
5183.495752876978,8660.889276722013,854.6351408842061,42.28695983140553
9017.797301415296,9362.440055837546,833.7183683333001,221.67305287301477
4267.140637591001,8093.470269243957,1049.4526754416304,20.823301929433814
7260.98587687714,2473.427294875648,512.3193124646571,166.37071541704782
8231.31170564525,4715.352100253954,583.7073110606494,351.91937226960266
2667.848725702852,3316.0172638153244,945.696421131861,211.7111806043875
3225.272616569638,7592.679609470578,1442.45881880906,127.9815535232303
8602.35490489546,3150.2439672996243,274.45858285489254,69.25942791731836
7590.367805870059,1934.0960407045318,1026.9972667227516,245.37167538551182
1576.6691819017417,5732.250447607638,476.42327511838454,210.58570362207126
7532.981554310308,4246.049013591646,135.05620318336852,210.68797742989457
1523.5645584721117,9384.700735443752,664.0061457402323,161.1473061869159
2149.141546875862,5169.989048374554,1413.5862571167333,210.67170184160682
6064.713385681993,4304.329527780868,449.21498138781067,17.871013379099338
9321.346997206592,6142.888991832756,434.38465366891444,319.9122727570177
6132.063686791632,2225.1189099155094,486.27368484756835,263.23339103825
4970.636615662861,7940.758810246578,345.2666581839721,75.6118101936937
2103.1962333171996,9850.376791980041,1448.2175263030517,263.11463138148713
9762.9822729797,4469.7728562700795,1469.6634467758997,133.62197889208582
3427.996741666148,3591.5252587381806,1005.1826216646849,65.83810651957629
6053.83032126436,3094.05913386455,541.0926025661107,300.79512688949615
6457.31606881385,3069.5994924180586,667.2807684155675,265.7426057509087
3846.148412074979,4378.1521195827845,1170.7860943574276,331.00649633190204
8215.321517123386,9393.780502689448,837.054812372788,13.742781137919717
7995.010436495649,8943.393999869866,1464.0738465524214,85.84433849425697
7841.761851628109,3421.9464129338608,264.4206438898269,338.36959887958255
5318.752288266423,1173.1592223229304,409.5022238311649,164.54820525299687
5014.024357605062,8328.049043797364,1489.3972336476536,246.64505503555753
2915.9881572759514,5187.883641668806,1482.892904355825,246.82297777797228
5281.706574697984,6886.634535945402,1471.7945135949262,222.18214235024257
3321.013130545061,2500.764799230815,842.9498498372434,335.0811488122162
2689.4210555110985,5987.723088259542,1281.04203423373,159.75192910780507
9729.491024669569,8671.4593479906,447.2733236820694,2.340806772753978
1297.2971397626509,5840.139299210637,235.20056703997727,148.92282186863557
8774.023256836877,9356.455619206912,142.3254348491495,29.359485946924973
9359.011323154255,3520.189884174834,1464.075787235817,336.73349519187656
6100.306897601811,5075.338024138864,749.3389814204993,236.99554248558482
2713.866533449676,9674.298712071446,997.1026224720313,111.34047127427348
5854.853966816208,1265.004166121837,1331.3653295783781,6.630913054506911
6244.839131436237,6116.433911592869,909.5280393967112,261.62161948973085
9002.367886469472,5985.615914826434,1187.9199817617434,37.25818545847345
6080.520237212159,1381.2757191337532,566.9774439084318,201.84812526025104
2964.3609411640973,5998.948690747792,719.5897464160299,149.12593244410908
3552.2765590210156,9097.129307958443,1270.8512379074011,229.92300602727937
6410.939003594541,2187.455696185338,9.162249947663222,27.17107337905933
5781.891034241685,4771.616711799894,618.5437451560514,239.58980943051438
3236.127184454732,6087.994558014635,983.632187011178,241.67283515610202
7930.170364774019,2568.5047122422984,446.5364706823021,220.39079573744348
7895.2966966582335,3938.3777441573466,641.6813212944621,152.2035591486239
4298.048538787978,4248.966916289095,49.457384320124795,199.71933425946563
3630.221488915373,3609.6646553003466,1008.3839658282656,247.78781626645736
4692.903152628613,3429.940092994295,1422.2669102367945,46.20574507322971
4917.540914160285,3079.041634690403,657.2704682805144,120.82389587705612
1902.3168942476286,9179.105281002936,1383.4332280282208,302.99127201084764
7317.811747345262,1582.2372133272424,1413.8458036294733,355.4141467637998
4179.741089657249,1673.529619124209,1255.3138931946025,105.1825439218368
3494.578180403127,2838.965148728591,671.5531588587594,47.797140397694044
6073.174680903846,3779.4372322610825,121.75270661774447,292.11715082892033
9018.529608499712,9529.57853234644,245.96772181082622,161.50417116125251
2829.6342004709486,7786.399140263424,1053.1466185457227,252.08259036576422
8988.374011792981,8593.635819394241,516.612508780413,249.2556788851179
9319.444919577143,5256.63748578165,182.69686599102096,40.3100463773056
5783.111269095445,9933.76631189943,492.40857966375614,52.01788944018083
1210.9515061706943,7130.146740847615,734.9887792489209,310.5903301226948
6312.188405997715,3541.210781998212,385.7354678580697,312.2699598090146
2020.442751914112,4015.1829306407503,271.02559183994515,100.3923875225613
2679.2331412415947,5001.079613889302,1158.9223442466741,330.73540421299646
6792.549626172878,1871.8433408065057,1107.9652020623273,122.10435260960364
2594.9613573329734,2466.389172670094,213.7461434906409,50.64314871569695
2112.9752262653387,4426.213060518505,1399.8389996237047,86.39447965977119
4473.557883135178,2414.3072324957275,1018.563188860971,255.6840881444529
9005.584549185565,2721.0113987642867,151.30729081914282,46.62319327835239
2978.0073832739954,7400.429165373864,501.11755665426546,340.8348486409462
3424.0488462709404,4151.75762941948,762.869109383543,114.05549702990076
3857.8798152370764,9746.2261711544,895.1580866951338,25.521147030158026
6693.369285751058,5744.532864485148,1210.9979169962553,96.10241121088924
8868.839162859596,2640.9030859138024,1234.0819712564642,306.18842452393244
4874.4042336075745,4365.555890796316,686.9107547245512,139.49884838137214
9625.804013436631,1243.8330880018568,1179.9081624168525,238.92766828421432
5212.88770910787,7660.731080798303,705.4856197438594,138.39121902756946
4599.822857753538,6968.9262563043085,1497.9220916277861,335.0912224640138
2958.080288284921,5821.431086850563,851.3361523871837,90.79452601354122
3646.5905553777293,1519.451390721319,78.48740739346212,26.723254320589202
8176.306351990268,4188.357780059555,639.7456630030836,358.44170788387635
1276.3109280246972,6253.947711002254,433.51255155102217,53.893888552499526
8446.774009006058,8408.94874613221,1436.070791224728,135.01484991346933
7608.035771761129,6600.396049504235,972.2670492906893,108.5564495244124
3450.5748671437223,6469.238211527642,1361.663611786118,255.22154747188483
2530.7082038007356,2145.049810151795,474.6554725965416,59.09802876470796
5030.388577224339,1225.442587229579,165.35742730959612,123.37542308882229
2741.1423182417147,8120.899221433614,34.06756913055911,78.10955532118018
4209.648430383642,2650.2480053039617,539.4606115815309,353.2393130368574
7386.804443783674,3400.7399565032683,136.75538024268414,349.9909178539054
4561.222415493436,8896.220085103989,1062.3495484247778,350.93582228013776
8996.613364768004,4156.897744491816,1455.1537441774199,226.73375747285743
9114.966748759045,5849.30054562534,1125.3452252165762,248.99792331713968
1410.57342931445,7621.6863214153755,1326.6817556769884,317.11467047506324
9255.43577638294,3455.0888407270454,1231.490439640021,244.10311689086222
3229.204253794431,3401.261043113318,912.3965737947955,219.39555467626568
9665.076111093918,5173.810601481124,247.42102842855678,194.25149373962984
7535.191465406231,1117.942401304882,1493.6752211019143,238.41865607581437
6823.846328962231,4485.346168840968,340.10540146573356,228.1056793781899
7311.003458095263,7907.0155712879205,1459.03004122451,131.0281601541487
4656.514063121853,3882.474771762834,1161.0357737141435,356.8457322497428
5803.49546715824,7078.489422740573,1494.8106376851542,267.26931721511465
7847.900516783395,8921.045209665226,349.2614491540736,194.0306309478236
2691.953648204374,9376.288395326674,345.6210032683881,20.957828928665524
7280.310292156217,5175.567017255951,934.6056353554837,36.25566428821447
1951.1608754081826,3883.8494838131983,1265.5769787453592,14.620417634405808
8502.86978302074,5072.464630412465,1229.3035713155032,64.82915775079036
1945.504106925735,6544.694607789087,257.20976588794053,204.6514789661036
8643.48288863573,2161.6444220313588,623.5585429007497,8.147399610515693
5590.8930705103785,6010.364785500121,787.7039908555145,95.17312880282982
5412.996284781474,7961.70933611489,702.7448043365446,334.6580575360064
2501.5346825169595,4177.20810764463,294.86043336057816,114.4550290917681
3662.077980756255,5398.342705718118,1.191708966000566,347.81934711885265
3269.686145480818,9965.747123116886,8.688123740913838,275.71657499703764
6322.754000324632,9393.385913914204,427.3837992865348,252.03128078097103
4608.409459658344,9594.850768598091,277.2831745689271,341.1181368815959
7882.843236991275,1899.3399857923619,52.85835453875746,271.8694452580061
6681.049346766786,4094.8727553980257,1408.539805737017,192.1748864204768
1898.5378293570047,4114.91980600597,818.1641280059704,73.92217041835286
6695.7226166219925,6391.3360811642,125.1143865659156,63.871092013194385
1874.6458277980907,4051.7252645940216,227.5572141235695,160.13497800110733
7808.525740567848,1714.1198029103612,409.66924195965197,171.02580384627606
3195.7113711540446,3117.8104774669455,357.78717238467135,169.11721864792577
9979.038541812271,3627.6776447293905,933.8089730778802,14.306011896006941
4727.4686077985825,5116.929672616378,983.070404359916,72.9830423421218
8959.759222583376,6410.021709387276,753.4552968657874,152.58632435065894
1857.1454434515244,4283.319934937579,950.0187168636595,78.7965979812612
2554.6918426088832,2712.5404235849455,570.0116313862234,134.7652542051581
8493.389943469563,1163.0601124299892,400.5853793609896,252.8124797323764
8917.611469206782,5534.326974209374,461.4657787139069,119.32041519049392
7379.345013197461,7331.487004071354,970.9037335026969,225.0419811675814
6747.3270517683195,5009.219411312439,937.9052678130458,155.4147299676824
7575.0329008629815,4748.756881734242,1194.3736434309328,187.35427379711882
3094.4926456533267,4018.2389682274793,1353.2387469808525,312.9696259196434
1760.9523844864927,9956.857557626603,1022.1686759867652,175.13431441612258
2492.969983081538,7047.474388471034,908.5100328465653,268.7140349997866
3582.299745877156,7441.88680364551,1101.3969899373967,7.861331718810573
6175.115964723626,9107.764839619253,622.1735367068084,230.64885630592158
7741.286072333833,4463.350490212124,660.1524500286922,203.01100373265464
4357.441851089843,5477.763318293748,421.29824723075404,97.02331586181386
6954.098052082958,6434.153531427686,216.5361756245519,47.80614101437924
6957.5163639373,8870.781486669155,410.07017514079257,256.68696935549326
5649.3328989799365,8758.915785144682,1082.5192730110562,237.75140877681926
2952.2275690203082,9966.106519394381,1353.2999190491116,63.78899738059977
4494.9626967805125,9372.377983976312,1006.5461383070898,311.9744098306347
4152.09999219956,7009.087925007133,1258.3539967521929,291.4307568094457
8658.997622129498,9292.693255998718,91.62613742121789,283.9324746568143
1831.4341243534745,7468.05335967343,385.9215079004074,7.538270526858301
9580.509147993682,8115.0520102321325,570.5112083469452,344.1553428679074
4431.710301115882,5526.128449196128,1150.6969647442775,240.82203637199683
6381.652129885913,4180.6571704441685,112.40553572734335,215.7659021093393
9114.242739866753,3836.464797137246,948.3542794621885,122.52446540709086
8658.70267531018,5406.397128103803,438.8982033118428,317.4933672743175
2359.5417245922463,2601.3996717658515,813.8503851876923,305.3692300193896
8116.583183560106,9660.562344182414,102.95159008886134,277.00667777119196
7029.840063728011,8512.159923978583,735.6495577294155,338.26012786935155
8386.953895778443,4288.776932433774,1085.4024941296266,95.75067219264766
8038.442824476014,6284.2342360548255,174.11137819286986,31.770526803112844
7695.742282422939,5712.953927780215,35.24631632595477,255.84694688904594
3994.3208242412356,1301.5037171838364,917.155097113182,180.6872205798295
6042.133595231743,9273.037467269569,510.9598157913443,249.28846170088812
9921.286794642534,6910.969228662295,1170.1972932554918,254.5740449326919
3354.2936684918336,9059.023740248398,1468.8127563154874,295.82505925357765
3210.4619827495544,8924.879053570647,351.65915212480866,167.9620905587803
8927.419905285919,3048.4643090606296,1326.8307481732909,151.7476599499124
4341.012657532116,2770.4720234817223,1334.885814486473,221.32164421155187
5846.331695255135,4781.970931181648,366.62538175255764,187.18235528877617
7481.740713281595,6698.728185635242,134.29850468446432,247.515996610521
6702.167396022322,7385.579409658665,1489.1517665421738,334.32604467753714
6361.43252811773,6588.171098405416,698.0191222104922,309.74381619838925
9975.163188070277,9300.721556553119,1320.7129627255554,145.8212161389555
7997.120814878757,3971.9380813061493,925.5178070888014,223.81479899348045
8527.811873263156,7726.872700691908,509.5722475155512,271.00564038292373
8174.07059512702,3106.3870064843286,301.00081214459107,306.92609838641437
9851.79430711894,7705.038194883193,1180.6693278251164,195.1135361414312
4869.933632540871,7414.248969464819,820.980004282403,270.6493834162996
4454.689005558408,4581.951507093419,820.6130993446222,307.6144252771405
8993.947524644529,8246.191867304835,524.4371978957657,97.77828597369492
3473.843500288156,7370.066619869784,2.2912222975160947,262.0372126801818
3807.0961510268803,2059.855071158446,218.88588623521068,204.2357278473026
4187.8199696674,9265.862693031202,1384.2608146872233,321.1294549397353
4759.253179855721,3008.5712284176484,265.30793317201125,333.8806670610321
2586.447901387226,3536.329262111524,1058.6908786706158,280.2070299078292
6353.0471095577805,8623.172501536024,2.4561188741487254,347.55898154547435
8952.611361819167,3193.543653301984,923.8117409229762,184.88103101406017
1986.0192462386067,7150.565699697892,1227.3229223294516,224.32320385959656
1294.3114505655017,4790.799093098131,229.4270243160006,98.41781360633911
9252.722632042256,8263.07731158985,1110.6327051919777,41.35265329134016
7752.2759643715835,6854.736012411052,768.932207308603,165.45817679786302
1371.104236028188,8434.485846990687,1220.6386713984552,276.7269281631411
9585.883936597145,5407.297261886259,1357.489714513867,302.3635397644024
5732.77523358438,1222.9606590563344,1476.2277478599533,115.99383825060414
9691.869291658955,1381.1297669452447,849.2304641584493,88.56372520475993
2172.965114715123,6002.379033711567,1269.8813706690323,103.4120032847873
6328.620918115759,7895.8157315755625,1035.8225437380263,3.669361925965841
3230.4694374534843,9801.30131214454,1043.2903166991593,259.9556172935043
9657.370029951791,4593.137341738706,521.0774196764964,7.493520219276159
9097.278228166986,7422.92609699187,597.2256697035447,74.38202252543998
3242.201145705178,7508.435156906199,1242.9671149270741,204.82406451747312
3355.6943119130187,1197.8843541761157,755.6692746006474,215.17448777581117
2944.5651083078574,1669.4760614770366,1073.7959574997706,174.3802063267465
4916.391503531086,5679.488926363674,963.2973354114063,81.04597933091526
5149.789115386193,5190.698399123687,310.48476760944806,313.14791679275265
1845.6695313281543,3051.906213821407,1193.0390839069737,64.66423847807243
6661.772215648738,7323.002182885188,1276.7250185329883,303.10594480992205
9793.324422450587,7577.09211284394,1218.002589219862,301.539922060733
2108.332111769486,1685.3304562366225,79.13288819950962,135.92453130920632
5697.333875120369,6702.347241696686,517.9819873144205,343.20641154703674
7212.613265163216,2516.74332635268,365.0794725718249,269.24100641705854
8368.86709875379,4535.272652560554,1340.734606178106,48.52414550890306
1667.7993819303124,7722.125138246289,474.00528812821585,68.33835606468547
3126.564949407896,3893.355909559622,998.3304993524313,80.54776520050302
1684.8414627071825,9866.150081194119,388.26138060346614,37.23341673272478
7298.129564586286,1814.2721466300638,1083.4793038011792,5.15788926289762
9412.992359098025,6419.974235580745,47.27316042075698,252.2621607207136
8809.232517627092,2302.8138831193755,572.9425959554873,333.3939145484687
7713.3674126948135,6498.303159673563,1266.352105981759,186.99311331134217
5675.71734063549,5055.761547078977,354.2837107330575,221.51045743152756
5824.314469918301,6661.996292399751,1483.8173746458574,245.69093066450148
8698.264046375629,8825.427636828284,986.630724072811,6.939630802230598
8090.602457122564,8022.986638016915,956.8082409070425,76.67794820474433
9792.279486807045,3019.3461834190593,891.7440990542448,168.5341594188774
3630.4230402239573,5952.197493068958,1388.8443544544036,94.840656965102
4356.592929471977,5192.441006216169,235.50875149961976,98.08040074000003
4089.186397660064,5667.022119867003,253.41213788726216,291.84756383785077
2018.7093051407885,5105.626990166134,249.44102994536954,64.03272785307286
7766.501400062734,9285.989496854836,578.8780748459791,198.02107188386114
7100.981288060948,7813.031428914888,567.8342665208097,214.9080616579503
9053.341281428231,1298.6760499744523,810.3591289048908,108.99305428662137
2965.525776858998,5571.9623288432385,167.56810638023782,359.2056845408252
5738.657163068096,9352.366517956676,156.1052642173013,73.43382994199155
3628.2838062022797,5077.398661039022,1300.7646090398557,239.74623342564269
5674.359375402861,9571.193094161588,1190.895864000216,185.41052274915256
7513.698944719279,7178.110779924439,646.8013061104963,334.89313000391223
8947.087761162522,8548.371595023887,1219.4118769447432,241.18162533179603
3876.518001908012,5735.103000167226,52.372080057401114,96.27705445174958
9605.378685109765,2723.2597123098285,568.4633373661052,338.11585000694396
9595.835216745494,7483.210243008742,156.88400554116413,339.94741552694535
6609.284104879594,5800.98576745402,960.7086420925195,73.26741651696825
1780.4539749859784,5823.318237409742,51.97733466020994,151.58534285706827
6099.450964604095,8127.727015096268,669.4176720925511,282.7833954368853
9585.197549439648,4221.384322929805,420.4465890162857,340.21760067890307
2620.6011205286086,8954.76168233494,1286.1834369955727,314.9044038514204
7960.745118653497,6061.509798325558,328.62182976682107,219.53464833736552
5534.008790810412,6207.630162917768,233.53733079781654,144.44376505726072
8036.3066374164455,7706.1164557405245,745.5122232914111,218.86308281053832
9379.410376173777,7154.652331991951,700.9527080371166,212.48532789025055
2277.5282003606753,9172.780370552075,317.6183935784706,84.62367846923635
7473.954951873641,7137.154508257332,955.1158013965055,254.9804703861561
1545.1341513556042,2263.901321990921,323.879362990905,148.08443751290707
5633.320228386602,9846.269665787862,35.81181227986098,6.917573157459176
3840.6755533246205,3599.365076074492,385.80040093229417,244.14598460237934
2383.6930212214893,7489.588998479571,644.5970693515608,134.8710367549455
5939.189267189503,4609.312944465101,721.3567733411468,212.24107748543
3090.324929871721,4402.090787202265,899.5861186897797,121.14306312552908
5340.7482950766525,3462.5541727850864,1216.5453475149102,304.6918314561447
3000.5292232036963,2538.2595208432717,827.3236402167277,89.17197462500425
1610.9960457715033,8418.527321451085,780.9150838943217,83.20032959113469
8191.907227120716,6251.230437948581,81.81943072289076,244.14615795391765
7472.22607354399,7689.435764995675,515.4278856852891,100.72292559081804
9132.511442423054,4265.919760835879,1498.9875937215654,2.379387025233101
7991.2001976610345,3193.0752728653715,1432.180429963224,121.13287804329808
6388.6294086886965,3951.2480718747133,762.0960161012638,41.34089868149561
6080.537706822357,2211.801762190713,1449.2568780857528,101.0857354043409
8547.289600396005,9801.79205712633,680.7532457840573,149.52789430379198
8943.501906867159,7652.158092600299,155.34287888304917,113.71947858654559
8132.344440243159,2593.9177106271063,1355.8830949426083,218.39859647041342
1937.3429489410241,6454.87894233475,1272.170777002801,41.4344710191981
9279.65352959825,2915.3617766465695,1128.8100528759899,348.2343488889419
4279.630702252296,4099.003175744119,397.744672479184,279.456843497293
5752.664860302938,1898.1330825710586,467.6171731459311,288.75282103024324
2336.951745485004,9884.469593088455,654.4762415963659,3.578031588321543
5826.464697352211,5819.256530586155,660.5009716728053,38.004255140192576
4888.089037376061,8612.004841042697,296.1304540544707,216.19013529248656
5811.303712431861,5461.443601064383,445.60709895073154,153.7644604065206
5634.050471726525,3255.167945623216,1025.5511951520366,38.13487897260718
5319.289259467495,9559.038380175361,784.3115352080766,252.13392295979676
7733.50039361781,7941.203970069515,1074.718153863939,292.2829931602347
6630.8129072687725,4325.712287812101,673.967775819549,63.52928712072383
1414.5718841937833,4353.4774617533385,1407.6163557580212,125.58023021253355
4435.684978001674,8687.408328044468,921.6934980906747,194.6533463606666
6678.124169006079,7775.105116433111,390.1765085969013,351.36100649787164
3812.413069151309,2105.048829642676,900.7299944935668,115.56408302446137
1707.3285230782994,7283.251234260572,612.2955189138545,38.45012065773335
3326.819662851845,1746.5007016492373,543.2286223290961,128.56982711322155
5008.187809332474,9678.371314092772,577.6764839605582,106.09053720210495
7135.077538916337,4351.268233615892,43.5224003921704,35.70776441440287
6074.7652771929625,6748.7439851966055,1076.1144687119731,120.81238290048888
4668.188600153878,6944.081209881929,1196.0871929696614,97.94649906941385
7747.794831111965,2332.3865534913557,1380.1851354819387,260.27332433587173
3450.829195792613,4381.924389184701,429.42371596459213,171.0242914736348
4435.229769410002,1621.578709054119,1369.7088429876828,223.27792681810425
5485.718902296019,8523.581983969172,1261.0312146557078,293.7091956257314
2353.0161825017312,2812.771594104115,1369.9512579256389,70.85372995977978
3979.94279236249,7116.514649739183,422.10514708862047,34.251152462872504
6731.238700933576,3844.9565418396182,1352.1663101109077,16.557661321341108
8438.685679078932,5865.199172097489,999.2482589806689,165.94013503866512
2082.908104650978,2416.7446075084677,573.9116085052714,37.7498510669477
5763.467889600508,5696.158652556385,1208.8247153930251,223.57715922855147
8499.785143275718,4006.179221877343,698.4569791995257,336.9175933506237
3454.021240169696,3921.2281378311804,323.08822066425336,204.5606009562615
5596.606594879707,2976.013973182895,954.1261390450145,288.2296994185958
6182.508052303794,6539.096715708602,148.37726874869028,245.04896570828902
6057.409940045103,9220.03272522888,1040.025727992707,310.659568860203
4951.74192336628,5164.668420694705,756.6026215266728,124.25729427346855
5399.8858332201335,5014.418084999911,328.6037155202368,10.992165393005148
8486.804531522797,7587.808089817323,1488.8720258771161,237.27164300431326
2021.1041737343985,9784.76028058342,857.1999201433847,186.73297275322196
2830.5248466330195,2564.760379865644,1130.4166800351024,69.46943333297531
9691.363459090815,1489.6749220649633,1246.9098962580008,228.29464451243837
2974.6415908512345,9319.545447664415,1285.138589668073,32.19769609698985
7063.99762682347,2453.192920720898,778.6668303522829,88.70396951654934
6412.872842006654,7122.0192286108595,669.510866894643,5.0233645763347194
3094.4750796140006,3956.4903404804068,15.726296219681386,299.99470783046144
5768.593914908092,3766.4920564279746,645.5200836709239,127.28600759980087
1631.4424062745097,2856.381703717702,108.36466802775013,299.7991458323465
6883.2265643129485,7471.393461282888,574.6145084865635,139.11571163171556
7892.468316376614,4108.793325349238,896.4851463376064,39.37661358688884
8145.899434986296,7298.998103242028,545.0368882644607,322.28138977648155
7620.811567555626,7573.487606469844,936.2503086173616,355.505197879131
9163.563689869989,3082.1466196730025,1374.2188258166805,313.45242615359547
7655.608176918258,9073.619649498618,955.9158027608341,291.48963023757034
3447.726036003234,5112.744777213214,648.6476913109184,60.24186285778109
5095.222844884289,3123.2744465726364,1260.4958269557937,332.7012222575582
2307.2667213907853,2355.661122229234,820.1916170268922,96.41411336019723
6872.490883350822,8998.864418323927,1428.7458217337082,169.28623374386785
8826.49056301716,7169.725110310038,83.5065752839361,137.30534884630606
6559.600581817425,2035.6697454318462,1333.8592801085733,329.65483599590794
7341.18916377897,3397.098282562382,1192.3298672432763,244.3836853273756
2312.681842576114,7312.60191239355,1254.6397539278482,161.79090611598568
2110.438153504584,4680.428845867091,890.0039295193942,213.8971695989
9821.209606137281,3367.5400116475757,788.8408767208696,32.49530114806301
1492.2670795518973,8214.700946076831,49.13238464222711,14.05805704707002
1304.5149513251463,8677.424700696356,1381.508723013523,79.37160730869398
4933.557908528285,2403.735054248131,494.5158551550775,185.99938899474714
4551.193690161979,9596.684824973363,167.66749031938895,266.5761431941005
5476.509873072305,1393.5371679981436,772.0655065048547,3.0984320295873333
3449.79605232082,9772.459259184336,1307.5815816474978,91.36067970436905
4309.66304411493,2159.00301661528,130.7235380157107,217.85923964088582
1736.0114519504582,2585.958807837719,510.74536866006224,28.427355010272862
3082.415659781371,5149.606796781272,1427.9420509676663,131.22464085270727
9924.307541656224,3020.1072435311953,1404.5004876354672,53.69967570912627
4407.355046801189,1900.546972754633,1174.551441315959,257.4391775498773
7953.755139794894,4578.345573331331,1019.2463552275651,338.83053164526734
9523.81312709214,4242.532154091521,909.7980820538382,119.73836607491413
6758.279786238219,3306.0054947526924,1322.7079439800298,290.5605292800822
4590.471307539223,1128.9184812298342,501.5300116639843,26.38114190975842
8640.194250763489,9452.203720929929,1426.8377458126454,329.2579247384117
3934.035168231464,3626.058024521519,1208.8912291854404,271.12866248984807
8955.321541869485,8516.107325655677,277.54269032951316,2.1577837648950227
5954.997657597758,8653.06319756329,125.45224801426285,176.29072254240594
4692.860232045184,8682.13003557299,1136.6904797298703,164.23037095373562
3752.2493943894297,1445.5544702238644,439.1144741353993,57.86704525856437
5859.844891399717,6557.953103121863,1012.7569776500927,198.37174501591863
6655.306880766489,4580.519387152881,466.6139106344227,215.8617247658693
8014.375070521968,5325.098470474352,1334.872542458422,174.61964093384043
3981.0608637173427,4936.559259116941,1312.3953736231333,96.36382481242414
3202.5523781197544,8395.83558032691,332.75098372050775,261.9907716288935
3211.0257307473003,9475.813772610134,599.9940076554531,12.57252630578522
2405.9894989528166,2671.982691412656,837.3691438337695,23.14624147376114
8219.225251892354,3438.272725123617,1109.89376254687,278.3391182264528
7536.12631781416,2684.0837376245954,544.1009046823258,186.98238431891272
9315.416589033865,5375.5729931769465,1292.8675963345538,300.5987951527388
2849.7573036024887,3346.3651027296955,880.8913885498661,324.30815038616225
6337.985004771715,1271.2613633335218,979.1274968585801,316.7040181642754
2090.3304804191857,4466.177574422496,359.0285512838018,106.2872549214023
8617.337573927593,3595.5233785053815,717.9109011118894,278.56688266944013
2719.4382523683025,9375.834195566944,822.1419435065187,32.29065694500745
4701.698944008234,2075.9034869280376,45.80898883929922,61.926354839243366
3222.553521033659,6912.769058919723,430.5423347474889,248.52749656685205
9929.636597219638,8877.910473228465,1427.2291627044256,181.05960796897492
4458.402076051963,5639.665718029365,535.9018623591234,337.92313033317225
7228.84210070765,7731.471339093293,693.4494612200914,340.654910765444
4387.48534509369,1993.0430022180917,192.91374852553207,223.75798549027965
8449.845946139258,6882.725268121949,572.0354244165412,277.47205441476564
1374.8910758286506,3995.038332690798,1012.0887054932226,223.24459671655595
8655.341480408322,3905.201768395824,1031.7429767553322,26.027337943358262
2147.9195811974173,5478.889351706548,523.7010217006255,66.89800940963606
5411.932958508031,8500.190356779833,490.87129524510084,41.303136365657544
3565.6272049674476,9304.71461760667,353.04852996949523,108.03943559747432
9128.851273991208,2029.2163628381115,1242.7949483012912,92.27654974763556
5290.550065716033,1658.7550321303222,1158.4603362528903,266.37039810243175
2093.557571675535,8115.4548796844465,516.1606372004815,310.2763087293656
1687.4243155908785,2972.0117119205843,1116.0913223694135,299.3438438129945
6470.783526443567,4511.008164889523,1240.1251212776544,118.22865399902449
9829.44448595442,3646.201880605948,226.00074061706417,247.75057478630222
3128.6293043088726,5785.7443938525885,902.4432720904928,169.05324850184485
8576.878165890153,4942.565990511022,356.0078503181621,198.60000715338185
1448.9016075437548,5447.401820934346,1057.4953039224442,278.9894306424357
8480.42199600538,1232.7634018309075,351.5732512209328,29.671641065429814
3554.8722508909987,5458.845294251424,1482.6565787966522,194.27003781258276
9170.077299712837,6530.067148067696,759.3288505435554,37.9638081417328
4775.315837046328,1515.1155076723373,35.30667188522998,26.824605517582242
9169.50464071162,7930.340673842852,1223.7850203891321,275.91061713270784
1848.4486796493607,7775.411891969174,633.9214206628675,93.75094391925136
7451.278830910739,8785.411533509585,1280.8587343877257,63.0960101254238
3332.9807615170434,5203.505603543713,1193.3234703972082,240.7682053456296
1650.4092707167874,3351.648856594355,892.2101566190827,339.2916135477671
2010.204324972538,3632.5896589359545,458.3991315771457,87.87527364848258
7867.485508799331,9335.144536738775,1027.659924101116,213.9157254797299
9912.783650162197,8800.5173984432,490.0293858395513,257.39816243658447
2695.0236768714367,7889.633765717192,801.9954834284126,208.3324184003169
3294.613244346956,4437.543818396831,1172.0481893538388,205.29484575744792
7159.50163084647,1369.813285816282,841.9815479690873,123.34694417261497
4800.7298844022625,2089.952059192996,752.677836851509,275.31787289094825
7766.964986289484,8552.091981546706,110.29188611621952,17.633576529735752
3827.5552277799657,6477.585112004706,1442.0152135879632,318.58045916472423
6903.610227064118,9616.650979689348,825.185217648984,219.1647778056444
4777.4491845911725,6850.543555048389,386.36433274856967,243.3461909039538
3846.054057756037,8686.90213242588,1288.5250837923568,174.37540695375853
5281.358939918448,6285.023170563547,721.2386837036632,287.35810504636464
8749.209633686853,7933.675841375993,538.1856067216852,141.11281799278285
1749.9150126696536,9507.18640257673,903.5550067949165,307.43663080285097
5113.81151880327,7316.456070221257,1395.3806143770669,190.48698721971024
3983.1336636430447,9186.857740631347,669.8947092540452,108.51598102682138
7318.616579421262,7717.167593256364,307.13247063229414,343.57204085130144
2452.60717760173,2081.4207604440967,856.1916703121108,223.38864280528222
8824.090293638073,4174.160136458451,28.861377266196396,268.52096026676656
1898.7706281011124,6421.334994137402,700.0920816282577,322.31548517888314
4403.817264716834,6377.660923463822,131.5506813166833,57.929791991719384
9178.7990934462,3494.162734547498,1347.5597785347745,217.56946385044213
7736.583850152614,3833.992710640453,1309.2959758429513,315.17081492138675
9760.721076840053,3670.6647678192644,128.16646351944897,293.8620719035197
3874.3064789738246,9710.806680856711,1138.223120455141,282.20764145585673
5675.663106801094,7334.311419904864,1383.733813807752,196.6746930707254
3396.978988209109,1533.6218697364134,301.2846738375958,261.2015092864288
9153.471638740979,4901.9477848076585,882.155570880155,337.8350873435956
3127.7374031915833,4063.051796409338,580.7467951944526,158.0639237250372
6752.37247662497,1344.3202813728933,1000.0344177943944,294.94012456150404
3181.328228082594,8231.545695532775,309.16111603740455,249.03586126408663
5509.767245845763,4370.443379658194,1055.0301523717842,188.7603243083071
5136.458886395442,3411.8149420845743,288.95456563206784,97.43405910296819
9478.124130663366,7973.802080687655,436.3146073100482,36.641467766276925
9759.304701664476,5161.762940102444,300.3527502891107,228.403685205443
8947.261347478383,8285.345385297256,1229.369042249818,66.15913458971977
1935.7942477483941,2431.663069097277,218.0028173886228,257.39176594995973
8126.7784922190485,4366.306995787954,347.2890275326146,86.66878553526043
1827.0645916770354,8360.771078180092,1321.8526405783928,338.0622350694771
1904.0061936992195,2432.683084554292,161.89484780728165,136.7537431677463
2554.6655627188284,8438.08444567144,815.8488693792322,335.0527745502239
8622.583676494443,8323.057712381149,96.07846969057634,286.20803578694614
6924.575839932599,1671.0950432518248,289.95547591515384,323.14322116479
3205.8757441905846,1658.5590100177346,954.2872418857261,1.1098786349557477
9785.180263666034,7188.889366733603,1170.1640408089008,66.20320616966373
4727.118331133075,3057.746498379526,58.553194819833145,340.3550711789423
8939.579588776149,7097.413206710029,1190.8123201355204,105.58223357307872
6316.215610202681,6674.512320520093,1093.5845904288467,9.989949797787522
3145.3579977560644,4625.716748256471,1349.7004510943225,91.9185833265309
2411.839818370965,7071.0993170434485,891.5217216011132,202.40267468890937
9585.537761178872,3082.975555184154,804.3563820647115,62.84876901040336
1688.2186711863073,1315.5364093069115,1346.3623441306354,305.9404214783644
7335.380640528447,5525.033852258736,371.99817809804784,121.64038488616335
9115.919945498099,8753.666578088949,1341.26184034521,305.68639023603447
3643.653974591121,4665.143659260206,514.0862007983694,156.86002855506706
6070.6985236384235,6693.29413683018,540.5094962704468,230.8111008513468
4710.9086775114965,4407.866962205737,555.4321933099862,305.8647686541791
6491.32117274177,5312.519109260591,1119.7519049013808,306.68316973699336
9331.277794361551,7162.37117614633,863.953387491635,148.83578373358435
1358.443320239379,2957.9471564569785,1097.624374142189,129.51709524043866
2546.1995244272193,6480.754881282209,465.2408366793521,57.25983335287625
6809.887264340869,3485.9084220225386,1351.6118054319381,118.40853716738854
8211.227170259692,2199.5462422176333,514.5987699951377,83.17729319139036
2852.79188316256,2016.661738919345,124.14602095971603,140.09209464229696
8169.666306667017,7125.889951327583,171.66344549666894,142.3511242178673
2821.909390183132,4390.515897365748,713.0615409838515,6.022757438958486
6624.92596937028,8907.977863285949,1181.1533317881265,41.01113819909173
3856.3295399670046,4068.6834538560433,1365.9216693997205,248.9202082426273
2653.0588856034506,9323.210955531524,212.84568425083765,161.49053351315408
9779.389394713833,4234.148499564278,644.2984182397336,222.4807070792657
5674.2525490291055,5798.369592558001,675.8409380248281,294.9957104910352
9819.38203389095,2568.8008306962356,403.67760772021376,322.36723857774024
9748.681930735125,1475.6759219429414,1423.0568601549503,115.12453470538567
4706.876414321592,4638.120115938427,511.85658336408153,35.41232016979524
3275.7501726888277,9300.982830324934,144.25061503376628,340.4318936423941
1873.1485122590382,7711.792102707774,627.1095160186104,111.69145108735322
3311.2220401481977,1844.5520653971203,867.4582518152972,212.3241863611598
9322.249368485383,8201.472801278673,606.4251421001179,305.2812717926109
1914.3884545221435,6328.967220437874,788.0068192124573,278.15278764499936
1585.9277431044902,8986.381106629964,1377.0841229506239,48.059480554617146
9299.483961061742,6086.670240253509,209.6560064014853,47.733602400252764
5467.885835352541,4819.898524119785,926.4267719773601,59.214660503427005
5009.876711284534,2644.7500208734928,938.8633404681811,247.3252969908931
8985.542184621343,2026.4606107595312,512.6778497931828,264.9431388280961
4058.2008071114215,6297.0555831102465,140.57156634655828,93.75819076012762
4048.9717523429604,1517.1940320526785,223.3747147586937,169.37012968816376
1968.829325009693,5538.8527836221865,1224.725199964472,149.36870613064383
8771.171788333477,2102.808050980148,884.068932687845,222.90406696635404
3807.1441363025556,9472.712861380014,161.37466068331256,105.64691048384243
7888.8940805092925,6802.223599894945,840.0211924819491,173.771559090815
8058.577184694793,4055.91620412855,1412.2058370093857,197.94290049309677
4750.322302519187,5632.791346853002,422.9267952681055,349.0869672902763
7842.301917752417,4054.4034899109033,224.52466500459758,319.8686479584895
1765.1876805724057,3225.721643443639,403.5258762047823,90.53521004131059
7256.889174684266,7279.428836831424,829.7424063650786,156.895935223049
8712.220802605561,5408.069102062524,432.71395134514825,134.46868871960498
8372.249501176922,7146.980237400145,1188.9982185007989,211.0262130909572
3019.220235396014,7109.4688152049,443.3697562098269,22.99318327999789
5815.721829858699,4397.973991015507,422.57285678780437,11.475756130396162
2989.8113055855933,2028.86053573753,599.5851895873888,218.37338713336788
9685.876694287452,2635.7697661335305,701.3984831987297,47.092265786852444
2838.306165339566,5570.570841175277,1208.6469830050778,354.19465848438847
7941.439209103947,1103.7308736281723,1434.9189769856155,119.74268871458324
3987.1777058979637,3988.340186290246,1406.2929164890106,351.1292028187762
8877.874227547,8871.525254415697,1059.2984626188925,326.6108476726982
8990.469599209453,6630.964581441555,950.219412858523,140.09688164737764
6882.350394764151,6926.261872315192,618.884433914736,162.6427988693074
8263.93408031456,8239.689417649104,980.5575332057387,316.373851515821
5936.431852220391,2363.7234951696464,460.9360996477352,20.394309909008207
3257.0682233403663,9524.206885316638,143.51190539669307,48.83360248726221
4566.00113263751,5458.463519680882,361.64474932640235,72.61602908066968
6176.479321015663,5320.865387616825,1271.5863228723294,108.8905223154622
1114.8799736979654,9359.364125405078,232.1638318434928,181.89993481933894
8912.339408506647,5945.328592216029,755.3303567519674,347.15878231221944
9842.083265538777,9045.983457237817,11.003702242292858,86.27232747202589
2767.04873447343,6867.939020118224,340.3860062259534,105.83325605416898
9098.489758653544,1878.6616623104132,1089.9700707184973,100.47850330039961
8545.773854868501,8932.08222144168,1104.3823931482427,222.4540550106877
1881.3553657976931,4230.297508973612,23.580040799401708,152.41276688790953
9982.241090282105,1263.955384429913,631.2107380218126,10.67522100468873
5507.749354606911,7246.106850249672,1492.0793266074818,50.28594780625543
2203.879163898668,4502.833687291975,1214.4877620362251,200.56674734082137
9433.340631366864,3971.3196337841337,402.6209072227833,332.06654665505016
2028.021367102993,3023.7533913977895,603.0849150381525,10.29301158341663
2264.0859629384227,3838.9643796109044,740.5595412799828,160.1137725316733
8589.199622102638,9306.223104159308,564.6790641608802,169.4381888746178
1997.691362303129,6587.1358164918465,498.3970830989467,311.1995188432189
8853.605965065988,7074.497423935662,1474.1518051865066,309.0889896189175
1105.2856355641843,2271.526356844478,1022.2944106711004,116.69807647371901
5041.0454300010015,9005.5425939829,456.2516951568094,110.48730747143505
8231.281238440823,6299.66796779586,430.5529737259313,174.6714983632617
7824.830502136718,8225.366023295897,46.26947309751358,44.00811141151352
7005.648844047071,2862.0823451467395,493.0768593859019,105.03132783838035
8577.23258053666,9992.803218387733,328.2929463664583,62.38374405827859
1106.1356946275891,8773.773006629857,694.3742360707034,356.5525112368078
7127.600291848345,2030.9631555141116,966.2820810658843,67.37599949032528
7196.740544592436,9864.731915548167,1115.7378794658339,122.55606542335012
4594.814728130868,6740.849633674863,129.21305439968654,336.68926147047245
1176.632716807466,8414.621974687547,65.6270713533791,272.4193324213443
7678.308253437427,3335.3268063654127,1317.3303741570492,41.69419034928655
9760.711481429398,3595.260410219525,1014.31092572282,352.20278780070737
7304.300648517139,3332.5389385171557,1377.7287852734669,64.35883234528217
6947.484631154654,7854.660849322774,1128.3976668035298,338.10880684960046
4501.653663245758,4107.874836283474,515.7774971201603,111.35615016517644
7685.865461704606,1443.8698154185588,558.5637774302146,150.0626906763927
1264.4071315703306,9018.668701631006,404.04407949471533,5.465099223347686
2190.8470035368528,3255.861368360062,1048.3573914222682,308.23547948320765
6832.4937563833855,4215.382275816817,688.0608571258987,215.09251564493465
7695.266558003906,8942.499280621469,314.8540493756816,185.27984003808868
3552.123670689005,3071.747399296545,1088.1823587032045,145.5844029495841
8282.562217019047,5421.001897525967,1249.3803768427667,87.7260441941425
4258.907443599515,7685.154088262688,1318.9737425475967,49.44770507825832
1242.3969389778101,2011.4096716809336,1409.2351876086386,301.94954240093904
2048.513313149094,3636.682108782072,1420.228962477488,130.2645183340698
2768.015715215537,7375.3888680857235,178.57608764651124,329.6540299321422
8053.205147184948,7742.738077297188,886.9066706439759,6.072946749461306
2486.7948819887656,2754.018952871913,217.67401007840814,1.7707345045681913
2628.264209998411,1494.0169224800204,746.3740482102008,275.5991672115602
5735.519004980597,9168.628253687271,211.52832175028868,263.3189031140829
7429.445655689,8314.199463442235,1233.3550161033138,294.799234294224
7966.797129476354,9172.830039795816,387.37437644565784,304.9000585032619
4232.079047599922,9092.576592796697,721.9639743293039,153.14781369819772
9296.536239291052,1873.069619496031,774.2610451045726,72.26351170873437
8016.786397069233,5434.754445887072,1346.8965861443103,247.00906943368133
7907.900816286701,2047.7173269628852,581.2525632967631,259.3681754898078
5319.56508385244,1774.9302847210893,912.0030928882999,141.1896623489565
5057.611315357866,2956.3784376750114,1196.8143090286803,292.41834155060064
3260.442669691951,4133.691399449692,718.8237110881474,277.83013100421726
3634.099168005059,3470.718758000257,668.9856641616966,121.17476733912994
3342.6142299883004,1230.3451185756508,795.9191645739297,119.3544966289824
4045.1863006934573,4555.849017281117,582.6872004404468,263.61675009859505
7013.28862085926,6869.029839353985,1015.639568777022,240.42409599441933
5468.411172615091,6892.359399853448,670.3003617290236,17.27908678064137
5755.4271516149975,4109.710172837118,216.58291381773134,255.37801565624986
1882.0971227872374,3933.397566958713,1082.3974504982355,54.8547656093825
3272.7343704002947,5318.510382911003,467.91756093481047,104.6499401913739
1558.030041133431,8159.048299854979,514.0422573982722,254.62639633138994
7554.8271275600055,6783.197306121317,259.7434122369264,137.05876880755014
7878.487901390215,4960.712545539696,1399.7136323941006,229.85067316407486
4535.5465043182985,7775.3061668701575,522.4497568675122,118.9909355770695
4847.35978328675,6920.6535406634375,354.6800372609551,347.6676845933513
9776.1951630001,7473.747658070316,471.43373523674603,116.66518477472275
9099.980559224063,2430.0403740235506,1273.7031597728287,347.78442922818385
1453.4514182123316,6301.6301397513125,97.9047079211668,195.19386375081297
5835.2895843363485,6097.482580458705,238.3907639062625,322.3857421072018
4294.977903367382,3769.43343146154,1336.78181169154,94.45084699148178
1851.474408036055,3669.0659694879278,643.7480561479601,348.7762217937154
1877.5332490684182,2687.0473201405703,1224.635411104905,281.7407951957207
5491.628365854409,3354.077317094567,705.8856360387123,21.311518677192257
7718.0734885786005,5956.728273713242,1401.7847917307881,188.03198078719709
7279.276266881455,7599.1744221847275,631.915698965476,95.59048600050033
4629.1270946620425,2788.9052333475533,284.8359307346774,192.54164187427463
3293.0051229333744,1832.3993319913914,1378.8224998112335,239.34356370497565
9544.612802849166,5754.853295412497,1045.9378751060822,171.90246340669557
4846.153417079038,1924.1848992098812,960.3512835679733,114.93097093918006
4451.283380059922,8395.970646743624,333.07412340060444,236.69842193902616
8256.143019952444,1837.3029487081194,457.56103393113796,222.0582260999619
1848.6930560334329,4784.690247573294,1466.4715514642749,160.65884843656153
5066.495675067433,6275.098195430703,1118.1384105265638,168.6234057937411
6339.69516132526,3691.5708923994716,814.8433987650382,80.67213014500818
5424.561737215579,9212.097169806264,189.36207209530212,75.82480322935324
6236.042674639965,5855.303183128919,56.81806573466776,47.38355111547217
9888.666888031308,5304.829624418932,884.9088084091209,62.4365720169665
9815.959904518028,6494.954690608247,851.3165684938284,119.21286327174974
7940.442064320261,5909.025125851033,1437.0788991677239,162.86376366081393
7690.746895124836,3603.797096677201,561.4260399759628,282.13506702322445
9081.771446006023,7102.447435991065,43.461095098440275,326.4217405353475
9155.8078626996,2149.1369400728454,1154.9322911456247,136.89312057673277
9235.438829974388,6263.476270958064,1191.9525482688941,155.38556614588603
9662.803283843465,9866.51049320726,656.4527573747155,77.5470908325028
2651.327777952264,9570.907888953727,345.3131235361277,283.671158016193
9884.19067788203,7789.773406780849,466.2325233292961,258.642354247789
7966.689507354613,5978.402514437266,186.88455298340756,321.99647938626225
8466.759116604322,6795.566176437269,1165.268727639567,242.33199317782945
2464.652620109806,4534.437041169405,281.70947682531875,130.68869840205593
8754.80919341779,4374.760297041388,351.6727743745206,215.72718887431625
6342.054632118796,9519.77253421058,899.8169380373926,90.49795674142743
6575.393086425356,9230.534130642682,1465.336799014305,244.26956422987297
2838.1145996398923,8377.863550648923,117.48861285482647,282.00334994513315
5556.31822940374,6915.319584963315,1189.0995960728856,211.26827397264313
6620.320648047786,9451.76028862219,500.8261066447518,343.53873544054323
3911.3149123842622,7180.565541738043,1042.2975400018317,229.43933843058696
6683.199821440171,4413.383020948153,1487.9583718083848,46.956043945003934
1775.9149251663666,3890.8447445788047,773.0156442495642,305.71653396733007
3706.312987552033,2372.001029261811,495.4470258347772,359.36021858893247
7494.370862139029,5993.859211811107,537.8243783746381,210.0361623482704
6251.198348392796,1824.111142922569,864.6338864523422,221.30846366902574
1676.1932825721833,3442.522596604324,1494.3713677452224,311.13130823208456
6663.429133888517,3790.2718597751204,685.246582947297,295.71705296590557
6355.647810855025,3822.8970462148964,1189.523668546536,104.40773914051123
1523.4817913881614,8928.402112401547,582.5242644619274,85.80321096506232
2558.594209422038,7535.5633723635,1300.1120342225856,292.389590788167
8629.494287364478,2468.871943064574,559.9832140964296,235.92544055511615
9823.500554846889,4638.035994426036,465.9592099812823,169.62973508893091
3641.9678619023193,4830.676425827916,649.8589584622422,47.54733672158494
7309.95183771915,2583.5082524919653,204.95864971468836,222.5744197850517
9328.353626239874,8534.698464521785,871.1712250036284,96.69550290693141
1940.008318911884,9031.867498798072,1493.2481017171508,300.1318429706969
1932.4797161722554,5144.127718162839,971.7499093166496,132.71844214803866
8901.257580368967,1200.8337168294672,1068.8108024883325,137.95746233636183
7795.441043758528,8735.758160204601,827.3467849025823,237.0395787358989
9419.06428292131,9374.387571371839,1436.8013878317436,344.8393755231598
7700.953729314091,5792.113810720928,558.4888420891753,2.930662361667924
5562.837013628803,5255.765564787617,313.693968800789,274.2726255686365
5598.128866738534,6887.613496028097,1091.2220712000499,117.42667853974082
9219.445270816683,8470.496323190593,1256.8947355693601,35.685759248544514
4238.06132605383,7181.947815773731,555.2467455477735,119.12013551009605
3531.1827579200835,5794.570505538159,1154.7377457119214,127.60792218532906
8144.049424866847,9374.560216646163,1202.6252710791719,226.28519828036417
7911.292733811597,4534.857441890338,1.2485470464273922,277.01451791507765
5600.705241461913,8490.979791443966,530.7048468220493,333.4164961780446
8376.210165238288,8891.748264423532,866.1310936203145,47.29839534181746
1906.0639912871452,6795.986456898447,1422.370700724387,150.68850838469976
4918.829156728224,2362.170862663864,307.28744304101747,302.8326818094984
7730.916962958663,2094.836404398246,1081.835948225537,206.64424210680033
2213.8820192448948,5599.78663313566,202.44430678978577,33.1436034655392
1398.3235737430634,3574.7772825717666,104.8815260669642,168.63876088227855
4893.600999969673,6464.966400693339,446.9705573646788,145.51111130940956
6157.2662581062805,8425.800928291812,885.7833032425239,203.72543718985074
2372.8141849418907,6848.311283922929,98.07459486910463,198.55184972061681
5161.752592772347,5123.876888373801,399.48978660243006,51.365705964975994
5542.575274736162,5230.868482623495,716.9021403165005,304.0367023517622
7483.113851768743,6822.799395553989,1283.372859365733,18.63956459363911
8384.057820092916,7552.60305112162,1379.5072882957481,73.97643714255996
5195.294970907702,1890.2233133495545,1396.093315926334,298.0546905247071
9458.869666224442,1343.352814212135,335.0576300440322,135.32908802168518
3333.9726785773064,5441.2690435388395,786.8230746398677,125.54561200883741
3905.2748529234227,6523.656536750568,324.020735848351,186.09770941611953
9452.092163550245,9233.690603452194,247.7814667561297,207.58952656697414
2866.3935399279135,6626.147443186011,1407.1118555270957,178.52568681859827
6308.149790428806,3834.522613552396,42.23058253221641,175.8376779076681
6211.4299116261,7519.634984300972,837.6635449537129,222.08975448648155
3428.259842243064,7901.64922813899,1156.677296203281,19.365368841657798
7635.733968943148,6387.152303283562,633.4923842325849,16.91416348650015
9860.351619750498,5436.206380037356,87.59902430181707,201.49407081311398
9619.827226047877,7940.733957597551,366.646678387003,297.4464733325879
2534.541398128722,8145.28184974163,887.4324511573742,84.5314356604711
5196.8911114376,6991.57345700542,41.04774853956688,125.83595089670384
2710.727254638028,9379.231173090158,1010.0427949840577,253.30236991252073
4419.613006587727,5816.860757805932,282.54944496836544,213.07020485410928
2597.5500540070443,4015.0596490986086,435.15630416330663,271.1461605317354
7437.154342782473,2408.2355073522695,1296.2288108040993,229.06580751968986
1823.9958774514964,3475.341652941697,374.6165262750971,296.5537183763831
4728.855534711398,5550.604752627563,483.83899699565814,224.76976941266722
9782.593145142087,8910.433189917745,1434.3126290323462,5.583720021546055
6612.297311688262,4780.938184401421,1132.9322401566367,26.93143530764103
8686.044066667782,4006.219711452484,991.286436158834,296.8400534242263
9704.237835430435,7531.472109836374,115.72667061550753,164.84364434307753
8659.438907890966,9724.742791450139,752.3331901805386,257.37335410021154
8326.514159042534,4074.4942581853593,490.9360889621363,44.30762071270533
6919.537529500919,6697.489506908603,883.6349466074907,144.48447644749353
8960.442830118853,7706.947773631489,476.77927227676713,137.83938120282812
8508.880011159934,4823.025739017099,103.75441469660589,322.14842111841125
5189.30973018527,9580.227063712875,770.6474055776156,168.99008746388185
1995.3678115106518,6439.800354423775,110.17268934502411,14.977359800696245
7317.423044051275,9000.924908496367,980.4585549825543,148.62597224804475
4570.031478285446,9918.674624714176,1089.8524675403473,339.8326598749615
2165.5779816818977,6564.591709929456,1419.1290223340213,238.09140708027942
7599.817202937025,5250.888319577723,374.41922331744377,10.958581225714763
2455.911321429903,5828.31859565735,1409.651793257543,261.8671689904002
7789.636940338229,2147.372340948307,765.4209201859918,195.38210748243202
7947.265679693906,5603.730135372254,559.0347633614936,297.38478597373995
3767.125207979817,5722.667440629168,597.4013935875575,149.50719656732267
5505.263463102667,4741.4789632773845,807.7339902755435,310.9669596633682
2958.725636320136,9189.19608878465,879.1391116695027,116.61169730799554
2405.6875160533286,3702.9629591083676,1249.9934690413438,352.50094530795997
3706.6877560077087,8035.1460325986545,991.7780566906099,17.448626467430852
3609.558979978629,8205.658852422046,938.5829750049169,2.398068452262454
7369.739686745221,6562.213938815439,271.8034889965821,117.64678230807888
7914.801989630528,4230.327986573806,1133.3637637567174,351.2242491591148
7665.355335807923,6454.185227487336,1162.6503505131384,258.34668107704937
3307.2125378126666,1124.9130919358374,54.543986866352,105.68254289358038
6904.116101022022,3504.806329605304,601.1267349939699,41.541088277027576
8876.403014592488,7270.748147890162,703.6659110136294,138.1384599981246
2817.652981523695,4912.744307952304,457.1014542482182,155.9741962310522
7088.91893255283,9244.964650468872,1252.7480281265255,149.3524170556241
6981.887035458153,9907.535166350055,176.02773183521208,321.72916801750785
4295.412381068392,3924.012905010979,806.1910873761442,174.4336287764495
6862.209655837983,5730.177797626393,1141.1702308816864,76.3121328801249
2433.8281857387674,4415.8344897938505,464.22729648011045,344.7902721164248
2613.7365365874975,7289.488852997107,292.59556377501184,330.29176671979803
6714.95900941984,2858.160149366983,524.2471714419761,285.99054057734975
5743.827887095376,4100.467652910947,485.46118259318416,324.66264082955445
5180.352210188388,8348.50738916386,1225.6663859963971,54.53991930575248
5551.4373108114105,6168.904437846936,271.95634948721795,74.79921881010587
4876.143314791807,1286.310766155707,1182.967946408414,86.8153550652515
9202.171306794622,9555.683095403543,1197.6613239283529,156.14868432206194
8121.706322593294,4253.867720623117,777.8920668876228,147.7514185550463
5308.161430268512,5773.40555199973,1344.4137051549787,338.4779770330628
2790.791154934778,9323.803560584447,1336.9489447052547,304.53931563055755
2918.429370673315,4836.680661077248,164.8275023792499,282.79993573637125
9212.903060032062,4583.699534146246,400.8511457096158,100.4664558522654
3941.175795812864,8489.594082343234,1206.281637997867,161.3531820512824
9413.735507958181,8135.733270066684,1321.0605058307224,146.22559265458813
7342.71708371337,9718.106212932982,842.1255395624171,171.28574164386734
9213.816154342016,1639.4210513788084,226.65100630438576,146.32414415550116
3700.5773189526317,5237.726590584534,965.7792263248796,100.75324708087872
5707.04687732908,5433.246251528623,100.61894024030008,157.036681420688
7660.987429681082,7294.398325162976,808.0143184765706,215.35665864176283
9095.49077046441,8521.236272741473,70.24687644234926,3.5088668831116916
8368.694053560128,6948.481572057822,460.88936228461347,110.45872332732489
2329.041656313833,6371.722586412662,1105.3997398189051,191.1744031298545
4100.562260038712,5958.41194434258,677.5345289874942,159.67426384884718
3907.6185403624418,3796.869170948966,867.1755920131751,254.1122931169861
5702.593722403535,3315.4124683900823,530.0641851870984,33.16175826578815
5507.40938558527,8934.292408967824,367.17544792893216,178.974385189047
1833.4603292494128,3615.0905767898666,1206.2473781618573,98.78045028420308
3062.9120116008917,5686.315083515218,499.33826952717664,196.6120792476839
4809.643980023584,4667.62071522073,885.8015985273322,354.1290916630943
7887.961368296438,4737.876302216926,493.99904194620217,205.87071318791763
9180.999211497128,3713.8798637973437,107.90039964548399,261.3263337267682
5934.742851137581,9242.300636777742,697.8269240196213,305.8801058035555
1270.009343853513,1351.9117673931949,832.2979578947884,256.19989635074023
6896.3068784110565,8378.706319142668,812.3245747312794,111.78450810840596
3040.1435665994086,6319.064172538134,758.4234122780962,21.506390828150003
3099.440242377069,6195.158153573914,306.4844093015772,244.7426748567956
1941.9342478144395,3751.4110494436363,790.931183566544,191.19546024584372
6008.118115387218,7127.986803120509,564.9674325647006,209.66657406296116
5310.293775269284,3455.2271345015215,1470.6603039185914,345.14273685754875
7579.994630002098,6671.099917159066,1381.2695961892794,8.237253043769623
6130.215396817665,4940.270082598576,1133.9774554894086,114.17271714459696
6793.8274978696,8188.5515216901285,1333.597770400974,209.10437264227747
4318.177155207681,8177.2954117266045,268.0301121327093,233.26574333124367
9930.158272658435,9460.486996005046,494.98935049654375,266.35684628874634
5722.107609786845,1680.1098402903972,264.78567509053954,271.5628643002677
3271.0260655920665,9150.159751735344,916.9946561346136,358.9900076361252
1196.2679166329958,1718.9636249404573,319.8301445626741,267.2489266883035
9435.526968020135,5565.475016215657,188.3558553900569,219.95762166281523
6758.68188789486,1692.1510335051778,349.01711332234856,345.56217551448805
6452.488939900996,7115.4044441059405,24.42726152166656,288.7804908174481
3800.0299392073857,1186.0157611422555,153.18912160833324,251.37160966040173
5293.862469310998,5536.5168323970565,263.7386861785418,53.541243829690416
2792.409505177421,9755.969259007781,749.4341459457295,263.3247580690509
4778.204233668334,3038.314250994929,175.54911708907326,5.339165128431783
2249.4124497850407,2227.5228848497245,1357.1339691918379,105.6634323123276
8960.055428845608,9026.52585644097,634.057939366838,223.44310501384234
5191.445387425465,6291.140317087246,113.65934869866463,56.96018893154198
9283.406861107997,6631.949317274214,580.3637928680793,104.18987745176186
7401.4746940306,9131.344666166038,462.1465950620654,258.20430499683596
4179.735100284446,8855.208689047347,390.64715714198354,89.31331680895737
4562.559898230424,7937.323699328427,1070.7896218856595,109.92955599627
5064.656374614077,2042.0585233153888,175.11109948625855,124.25966741090097
8107.449268326045,7962.14402584423,715.3525252264939,154.86299395419115
4244.139870702154,5734.327491528818,1175.0058810376593,24.84359120776451
9433.533086137133,6852.139467741644,1125.8669505531618,344.1083196613095
9705.792480156777,2513.824460015455,943.6882744643966,21.32048557856584
4240.379588019014,8682.18440854492,830.9113220395249,136.36603771828578
3861.3014009082985,6493.53140819491,225.78425436684353,192.62623265235797
3962.9292761436195,6878.005624051699,1185.7614647171629,52.51851091365798
7895.062011237781,3904.9126965998967,1139.71298952103,92.11594230672318
2023.3412541131734,5598.709075673306,496.7173250278745,201.01963169941905
6417.412561390274,2685.961560662702,1351.3627064470975,122.47453440217376
3945.8819963912665,7916.4769613771605,444.0346048839593,6.828627219572347
3256.860224727959,1419.9446556637945,1282.6708121663873,354.46849869872415
8790.715288767475,6090.292252627202,507.3204939489931,107.25846541055061
6844.729331244038,2052.473407044198,558.8611456944719,53.20185983349162
6888.828260337035,8462.854367688822,256.2615394294455,69.44443666379613
4793.916483669411,1772.5871486905808,1083.4284461424556,71.09767542780722
1284.9390717693575,7398.785120752119,948.5380308323128,12.484132666289081
3088.8606164363828,9524.04082319865,102.1599749845422,94.14345664326717
1618.0452203724062,4333.1230432429975,711.9748210033698,214.59967191659257
2532.851861225332,3493.7397674694234,1414.0573754604704,131.40720897677502
9302.52437476794,9271.227050618589,1416.0026572289426,128.23854451169984
5529.538813368839,3252.5104837018157,541.0926100141611,144.66603201083322
2234.0252443940753,4113.575090204571,53.026116536540556,30.893831805135
2114.74727300588,6014.167164255945,102.47824074696659,72.89758022118917
3912.5955727834717,5317.529634616026,631.1087096546003,302.1774800047345
9406.70660551769,9000.52619565371,1117.2238295956247,334.7037179239333
9826.13255852725,8143.463726767506,872.45686746891,291.3072891909893
6212.759893767901,5902.36547168777,114.73179664466315,232.593062262617
8311.590411983607,2460.8692372064115,1311.3713926035912,231.40958919085935
1723.9701544739241,8546.349334168546,892.349786676743,334.8903798343943
6443.212062624499,3887.300532064563,734.1604850034296,315.2509241864965
8706.89971486681,2535.475861322172,619.0565591727708,4.092263062439804
7161.017122658179,7586.464230131559,589.0109568874302,274.86074060550857
2545.199129199866,7408.280406248419,194.32826907596024,176.25122791815465
4869.850096663218,7280.633840084672,1001.9882359895953,251.3608808031107
6390.432507123703,3517.456975094738,429.7842289527014,213.2620359199701
9833.363173722548,4657.006525064912,76.31550200921322,78.37716954467918
4299.187963825243,6006.110121092581,990.5426810074725,338.7518819084717
6818.195415396056,8529.30734204999,1187.636932793206,149.74601432761511
5995.535132092179,4998.962838345658,21.819956545488218,184.7422988699106
6917.850269314062,9329.307829909088,1012.9486286588555,122.33929635662538
1641.3885370663938,9383.847337988393,917.8614414441436,179.32228041093376
2187.3320532802845,9085.019104588631,1390.1520466327297,240.97016788654392
1615.6678729906002,7408.213572109354,658.3316980579223,60.791483262584244
8522.82601618567,7179.255538323596,565.0528765359501,197.46906990369726
4709.241412428334,8792.940554181805,1496.9804296453153,78.31088067591645
9918.866899562237,5755.413497256194,1079.2522524206965,7.097044584850622
2667.306886575743,4398.742594962082,901.3699530500003,114.21112113155222
2659.3768381832383,3996.6044594350637,1217.0579338474768,233.53277363886232
6889.638658228995,9323.892557917578,723.1940972457905,142.2433327087864
7510.166912777173,2720.266186919481,1346.2833640729255,209.55673552674824
5869.132199537393,5721.410113830732,1270.2632955366437,101.30723387958508
4089.756079919481,3499.8860670164854,779.48132146593,220.3650361012874
3654.976141932829,6413.67589466094,42.75728667261315,242.45822128054402
9178.170776418863,5234.787222806633,1376.1664859788636,46.86576361447383
5325.028157337771,5619.589494645124,677.510294091192,293.5782886377639
5430.590327364265,3004.8380639845154,670.7231920937537,316.90395182675604
5956.864867738166,3010.022596975202,951.4774851401636,355.45539962550686
1298.1320475299713,4915.527584262731,618.2959307303782,245.52025629609804
7513.373943630401,8702.102627809523,1227.3659742508446,93.27210377382742
2281.31503615664,9964.990345162396,1004.8853529243689,151.46614275548177
3101.990470463851,3461.5245557739695,1291.781970079669,337.9178356872749
5326.586127453933,9234.91710845568,1023.6923242187197,339.79167474191087
4210.895208818227,5501.66966733263,612.5604598636074,296.75321343396854
4481.6255172433175,9005.82691105091,357.24046606122175,196.18145027193148
3839.2996396830736,1309.4096048305507,318.78274769500126,81.55690664498798
7851.2249624144,9015.993116411988,343.34771715993406,91.34947129534254
5035.789198486068,2650.637297713616,197.11475919237736,184.14440217661888
9531.7244258752,9983.466980635669,1455.3073832254297,228.48910543297188
7782.5506135582855,4916.518011517445,103.62626356250401,135.5268958499744
8801.367806562488,4453.447099118903,1066.5747875843304,342.8516680160701
1530.3681652161888,3459.39982800806,984.764486518802,14.927560245178663
8538.44318331029,5934.18790597917,346.7136802851042,304.73496442229504
1282.846427834075,4638.507243726782,337.0256459223399,69.50763106385247
5979.6929890042975,1591.6150168856343,1176.8521654615085,160.03714549584606
6592.538276209287,2358.2695943028803,1413.6621669080598,331.12164715233456
7235.5141235258825,3136.3682201751953,654.2614870302449,292.50523781469894
1625.4624248123291,5622.436886520585,104.36354253010121,214.67429489488427
5215.67378428755,6117.905861504707,809.743337345046,157.21619795979777
5886.187813568454,3305.868726103812,425.8114600119623,35.27955798737745
5696.812740888961,2574.8875683788124,178.09073623757183,339.91546194882227
1935.2287946591962,5183.886060866149,1034.9826537310262,64.96092967448428
1164.0331809410293,4008.395492487267,790.585618806808,282.4525923688215
9363.573496662379,5814.726497889253,1455.8956217313482,49.99056752040699
5398.664394566915,3368.320023124468,903.5259562103363,27.3384895038689
5489.23962221825,1384.397767422096,935.176181113212,21.09969592662111
8069.384085719534,4730.051618307649,524.0657925394124,230.1750696860024
1131.4305599980055,1760.903250974922,1108.7715346004693,121.43658191205415
8483.352162605219,5968.280942436472,1470.190832408269,122.98949862372172
8214.94577607202,3907.3871134068204,897.7411915135651,321.01433603710007
1795.4781460729253,3109.338240521546,779.3667055432607,342.0884588452665
7990.2735715551935,6081.53498294189,323.37375822385644,177.43442510807768
3351.761121028223,6173.919338693945,818.9935254489693,324.3446714193246
9136.546075643106,6731.631074421165,172.8486685015422,260.967762484137
9029.27631694319,8907.474549724753,1133.7896896010725,154.40409816492053
2902.518056226583,3641.3629467555375,859.217130003143,40.30982409885379
6485.707057272394,3087.129219641324,1340.8219836822354,266.7208048149207
5956.216538059183,4678.8114762579835,90.29936639586876,47.48883278822111
7671.048932360982,2126.860646189498,1475.0240251638572,148.9049135174669
2812.3747975280967,5072.873771499086,519.5952076978982,67.10560808926292
1423.8965018815807,1348.0574692927796,352.72530706531273,29.14533484578042
3247.589301812965,8284.955606982065,155.7987609504378,128.76431068259743
9315.3774076134,6927.873750349977,991.9121721656472,144.81839579707923
3042.2315567399705,1632.987174262365,872.1082587373857,26.812610438792674
2315.869857587574,8706.293136724786,541.3647537518088,165.47198731692822
8452.463852523524,9810.507809489112,1377.867417225889,297.44256406699463
9090.029188104585,5852.126669691094,844.2517857106076,266.74772421482896
4685.695456703115,4595.081113502862,446.9424462137833,90.53897000263908
7342.174975228928,4403.6268430942,1137.8100054171896,137.21348554438887
7437.639971532569,1267.7494184511136,1188.3946214056348,235.2914181223159
6989.434422388995,7743.081820098222,1473.2438756310355,120.04168196756207
1941.7389396308981,9877.978402995326,1044.620727639016,215.5839678004355
8614.37943461517,1686.517529829331,1055.1235627561362,195.44313212866157
5344.639869730508,1658.7082180546367,805.2328608573001,97.39172457485026
9798.415204072046,3275.13624654157,796.3536351758628,62.139068365553726
4709.682334001964,8314.24620709002,837.9081367379056,243.11958359174037
8554.040398048322,5063.905993060704,1246.5363555786419,311.8862791870445
1632.245847175016,6498.0015197149905,1184.231539275856,5.987457873089717
9227.359297828978,7260.998917405981,544.9520428059377,322.6555688203634
6025.749185254515,8423.13286311003,1478.649773425305,295.7464856456121
9676.602606159491,6513.457128735309,11.724372112100408,53.5127117086527
9060.392950814065,9222.73511825472,209.4301989981503,106.4926461952627
7684.978266124854,8146.705048792044,1484.0341491183287,156.3520360648557
2358.686767935692,4986.577862374113,349.2721853387368,144.5644888502865
7881.081406345246,8948.564122746895,1377.2623753947196,205.52201190841137
3737.235057339603,1656.9530735888352,997.1307900437768,286.1848899286578
1232.0473698564133,7476.7171228300585,1384.1122175980047,327.19892060114955
6837.080358163241,1936.7445779992854,758.6897329920658,102.30638797245714
8023.922805218871,3648.9668577753177,1296.6263516207832,302.92664790658404
3801.932263866916,3064.5568612355455,1318.3284464359388,115.11982227372106
8575.888572231226,8191.2847213191635,745.3442839406879,289.08582518938476
4229.766357379322,1805.9407784967468,1220.0648156352306,248.8995788287445
3985.327150644879,9540.848855983266,1171.3238775744885,21.10770565144992
9639.91193400657,8294.466907764488,349.9471129491591,327.9369156885797
2928.1380598283213,3903.5411648945324,730.6970969061589,351.24392228210894
8386.775473086258,5546.343980276149,1344.2326152641785,98.5324596599008
9537.418942246613,5539.217260760394,1124.1667180877232,204.33880902314388
7725.894017630068,3009.6858581537117,319.208323751357,132.73284803651748
3092.611302374976,4604.259344269842,1437.3535439240911,126.75531362691626
4591.855956653254,2897.1753988180335,807.662020107432,288.42885231410065
5507.030981406646,6434.378039236854,45.09860426175101,321.02251738952924
1336.2213546224411,7783.603212105182,812.876098610701,208.19744908897928
3269.4096077372346,7444.291525402523,917.12717814679,306.82304167688284
2060.352619440426,8955.201633859251,859.7745002823865,340.6332531971274
5944.702128477163,1988.604956033937,163.59338146775778,238.6882871940332
4271.775322188766,9584.088829605582,861.6585661728299,273.64185858871673
8954.259675096439,8425.513991271859,440.3447786055629,91.20039458888736
7344.128882489893,2362.135974238517,1143.590425759223,108.13129045373415
2343.7706505723145,9703.879421260961,219.9426991895114,257.1374081448527
9512.181451921171,5241.607976671644,43.32704039540703,30.071090825501027
7473.93999491023,1890.7876868067942,560.0451420779807,95.90417861041188
1233.5988388673234,5295.118006951013,1366.0529008089325,311.79840005262287
4134.480139312123,3714.0463512596616,351.8835661516617,40.48050823284574
8455.085108493542,9318.709619006055,503.26987242819536,330.0285425345031
3498.8854923601725,3123.041893194652,1236.1869063957201,355.18186638771596
8477.598164771876,2424.643923230593,770.5829385184658,166.31369099278285
7366.615371987606,6678.20379302327,1241.8220536931005,352.53629856382105
4124.074347900615,3079.133051587928,603.118762786471,100.15832013539729
5960.985435930182,5414.003215368589,1084.7213649207517,82.92506478643593
3333.821942663444,6157.360731974523,353.97896040204506,355.4977565783536
8446.781248887422,5969.634563049289,1269.3143680447297,121.49052947421063
8440.253500317689,6064.647716260086,535.4723323980356,245.33431455622437
2746.2836042079407,9562.258878104753,1172.5836592549758,193.14734351744312
4810.695008724335,3166.056718314134,507.7741795274088,311.33386310305787
7939.912469957298,6311.462250893255,1060.5198112569292,21.59656679968574
5659.450415346932,3036.231673233173,1225.8301972332076,237.87332838209238
9494.424979974809,7467.6246197032115,204.52125936722604,358.72965042099116
9545.371336423366,1871.486929487758,103.73317582444176,231.84820293237237
8586.905915382667,1589.7709696100358,676.0030962871696,63.776261668461714
6319.601931493399,6690.576849553101,1013.2245831179897,66.96860458244761
9612.509839381575,2182.6320973446527,677.6486354886144,353.0163085704127
2992.1863458141947,1297.632906241128,228.7137571826436,138.12624106041764
9351.2415972884,4083.379390211961,1116.4114006551677,172.86397186052474
8557.330754521048,7971.7838484111235,1438.5652814398895,205.28020986053147
5643.283193354393,3622.0361769749065,884.4993131756773,293.4610817905875
8005.544093670845,5970.277219662829,501.5368240676644,322.29686965197027
2338.070117196739,3250.7939362604484,666.3648861308419,40.96099951612051
6149.897629639596,6054.290686051368,391.4570395700785,102.97092155460659
7552.433025838865,2901.591147628633,894.7350428069605,118.10742196796438
4289.793814434828,2500.138843823407,546.5480735330178,300.8538032855189
5369.4304368002795,2122.5104924119937,441.4737605935128,88.1030254996007
9741.284959599523,2946.7088739646715,280.5102275800224,237.9512181768151
3717.940235933741,7552.633314731491,4.527993910655313,77.72362637633107
6485.389614607053,6744.203700942612,145.92287938851143,116.79217987862302
6248.43765244613,6332.060227895722,192.9822212735453,7.45141953507392
2984.2107553277374,4032.998113405375,598.3587892038639,227.1771923099024
8888.094950395189,1375.806426929505,563.2307822676892,345.40277534961274
9120.538635968784,8516.444744509945,361.9353088031015,42.48971537836968
3148.406696441441,8715.946318213746,1142.9209613584849,310.6428902859859
6027.60196624392,6585.982798603816,1131.6372527300027,89.21650613957564
4076.508010374338,5538.640799680028,546.3680150804212,258.4497992614691
4337.368617460583,5008.737931398872,52.59804083740214,301.9386766203151
2545.028552491378,7280.5663416584275,38.95777087143116,173.38059687771369
5080.465184003602,5360.402249782389,840.8831670331825,240.1704722697571
5307.995031806741,4222.107135609358,1060.620054997552,46.458636747902695
1497.820343225439,9245.64680715664,1214.058295811128,107.12422091963587
3013.092607573438,9620.372052818193,758.142812312616,220.01217577869417
8476.309449405046,8135.621317200961,1137.6886352120816,164.6235482657832
5101.328854676443,5483.781494795636,298.08364519065015,306.320113244177
2476.8943236166806,3459.5132408352183,464.0763918971756,78.9627221328211
3943.717827461515,9068.684886371893,1249.3505994290776,96.28146840583427
2981.4284245501995,2869.344846145581,1164.1117182657135,349.2745001558765
8246.360376769491,9870.6328660396,869.2015725630563,95.19655339721433
3738.5167799209044,8476.28373759735,249.82670441547256,88.61353740667593
9329.37760407783,6970.3255432182195,931.2283167008056,70.76932848032287
2391.8923487023294,2391.209759577935,333.3798051271179,124.52567900019527
3176.0235429469217,8560.198010135646,1239.7821665778183,232.33790428381604
5224.190508020131,9478.086486436388,850.4918489475158,277.99568151158235
3439.9492340102724,2017.5325398138484,1368.7419966562009,85.10584071620997
2033.5953150285513,9196.820780560356,353.08138651803694,334.19767621339076
3647.401876837245,4393.938674292711,1253.8834690278118,80.69633035574674
4746.899228196815,1378.0068884178027,1072.990338677174,15.787234990101258
4469.738734673312,2591.902267098385,1246.4779961025856,205.657598635732
3065.737101710418,5560.07893352171,871.0156947996952,353.602982109081
4566.906454774594,6832.334108476875,1038.664370579737,115.79911173979747
4170.080564773971,4037.0347236726857,717.7718617762268,53.47121037276503
6817.12539315392,9263.355009044488,672.8011201319454,80.09509690111534
5128.594005673936,6577.949790976731,176.07653404411099,174.02628133611
9901.797308414463,2015.6492992485948,1087.1039671872734,325.2268444077435
8448.77794769467,5313.10479959677,1358.3798346352507,109.64339743221916
2417.2568167499667,3195.117021688381,508.3028854718572,98.89272315419984
6986.959063002306,8286.431255430258,549.2171343403155,55.242532603238395
3050.9121362427522,1122.9462951691644,69.36049331601916,233.9682598741111
2910.877635836997,4464.7188534141915,1282.7058202691276,260.9936357397266
5397.137120500643,9174.013528144445,751.3418071349362,283.3298140771295
6049.94299911066,7783.480912543888,750.2270378946521,271.7930736844384
3210.9251509989917,5606.20311176116,667.3072437506332,239.31539962668816
5097.192675034873,8906.5243367687,640.7149829649903,195.79512526136034
5796.463282459497,8709.275526491721,1096.4052558432752,230.04149035959935
9886.124788613773,3631.577253135369,747.4626335492729,204.36304226353465
6690.34789257244,1910.2006256309228,454.7794831758708,249.4458407790247
3448.02625405499,2413.0988382350797,872.5886671318552,205.0899117650335
3462.700387793759,6982.236794220491,554.3918234026393,189.73903439051588
4826.615147447259,7452.552104659523,1352.411134958086,12.01412892259513
9093.130703646839,8514.20371910077,1123.8599732482216,89.57376509196106
8630.804016323606,8639.160828641961,1143.7995222434504,101.60060257464797
8847.578314191429,1990.2218766036126,794.5483614797681,228.4934888005607
5945.156296590836,7054.303960913536,1183.3252092161151,76.5302635085306
7640.853659439884,3113.5556115037266,920.4284756417308,140.07083354154258
6070.088098965834,4746.351961518586,685.1929811783825,147.4848387006899
9417.853561750711,6235.599742932554,683.586655046737,20.389065216834418
9785.649452467875,4663.164329486379,394.5335034166164,22.687719576443357
7613.943556378596,7120.71424591068,268.14752201738736,132.24545699049665
4236.491696474068,2295.3509517965776,1000.4081566368922,333.2767264978586
5438.897706936781,8788.930355515418,172.00232943522803,244.4027440904224
2231.152413652217,2599.0735385501457,937.1876420330751,13.614152256048817
9927.268905945652,8806.973644410264,1069.5269715784148,210.3184709244282
1260.4292699163602,8898.402031924565,1346.3209120000997,23.066528848372613
9828.148093194251,4963.41745662937,274.11538780602183,96.3736089980216
2840.198219809471,2066.237861466665,318.57558014355004,18.026418718941613
1215.601834526371,8814.488639987538,698.4780207703049,71.7478976022526
4172.136745918304,3547.663425985977,604.2834001137712,92.09036414527905
5132.9093551592505,1680.136593876329,483.35613674677535,109.9541240388297
1722.2083492439065,2576.3624566737562,1034.2224642151698,82.119892723378
7666.76006060494,7747.159791849328,175.06273147189097,236.7277273908708
2999.5558736494563,5467.456063401479,797.8849918339562,100.26230627222944
9130.461083626044,3872.9681245395977,19.015517075793266,198.17928410412546
8180.273956229545,6882.770811566477,1402.6886875565806,120.78188082558566
6552.193701644117,9020.12309255313,699.8170237451072,312.88372918437756
8967.380115658598,5563.350641417043,451.824442649124,154.7558615551953
1412.2054434314737,8749.609965837495,1129.5431864546267,269.2427955963243
7679.528259412355,6128.056926585811,1086.3636488806487,63.056730108883336
9449.082075600738,3478.8720347984813,1350.4151482021762,155.49284191386317
8157.746037615553,1978.6471027741627,411.9756928495833,97.38290928628767
9009.67757474292,8657.008760855446,357.21941032009096,110.9661932821828
9236.107110970072,8173.168019140642,1327.6313757042199,284.5930449330344
2452.877678990031,5653.402291557206,808.5970805140292,189.09540316912813
6753.264027404099,2749.253242486105,522.4806278516746,55.44705375110993
8206.596681800373,6828.946904270744,1010.9644548287157,176.38194824041702
4744.331254749417,9891.196262749374,529.4690569965143,133.4070215754697
1282.0836112304817,5652.144675914928,345.8209015979302,78.1115869109393
7896.607776622508,3768.1513055733194,1254.9879175567821,274.75259912619845
5915.029220373946,9775.404182480603,1456.3959788639795,172.53515194370706
4249.896620491276,2138.1026870341966,137.97078253324526,27.59307287446962
1685.7294288303797,8921.079284709998,914.0813323958834,50.36147407919306
5420.869808046808,5660.049314534489,883.0021413202458,120.97693027808224
2394.357938146747,5430.045434041254,566.2744670198606,288.2818430080045
9287.904653607065,5312.082960416493,814.024646605736,341.49372171709155
4657.345609957165,3404.5105807734385,1095.0865244125403,192.98956537294242
7536.470186720641,5230.324051923342,653.5333380672115,31.39281309623647
3921.249388664266,9651.021007346171,105.71475488974981,335.2373227791323
2816.371613801267,4456.6169013149865,564.9080931279818,349.583968959511
1541.0433900928351,9189.773959781694,906.7999429160225,322.37502098599197
6382.799655365718,2186.005982820352,1439.6627867160532,278.65667228248765
3056.645946798845,3398.5942887332276,1242.5554810724373,103.5751465818091
7512.168234741663,2072.463352167764,559.5846862668885,224.20354465658994
5553.240720571253,7535.613063245145,1335.0905506474533,203.4328736836065
9710.94497099428,4600.699401782846,144.31238427136773,158.91687161055464
2029.850713719533,6624.84524474761,1272.6903904882117,105.10031507062443
9940.097413144997,3355.410332035011,1139.9190049951992,85.86020572022989
6731.489270188331,4186.869921658603,147.23303699318052,275.0414950303038
2153.4217673642784,8641.414567442689,577.1157181919556,215.82838648521127
7059.110512807793,3793.6004373067717,1192.8267673767834,23.50050737052214
5339.8240078989775,6833.501262012704,551.6055296589534,34.14231795981092
2943.1732182832066,7061.600579095603,276.57625161996936,163.99794532822028
5531.324766477161,6901.730406786982,565.5659452256749,71.85721117190266
8072.6154276390025,1955.686799974059,896.8108264647176,310.69605972504405
9190.18371125186,4960.355384453134,1099.9822721327728,268.4668367741745
5183.417791245571,7113.010046502353,830.0655322913894,292.39812571107205
1154.0419421016354,8332.392869297546,658.7358468434454,98.22080577482807
9407.26756962819,7243.573576689539,136.42978194376803,75.78625808061496
3703.503164721804,7175.745367783408,1084.107180018427,142.22005983330524
2803.1691321316866,9254.671943847168,617.5661095809206,132.3341898538437
1790.8778247676494,9623.473193136177,217.91897523485085,142.28000648918484
9392.872678317317,6752.040828690859,805.0367752346789,254.41806941435433
6625.772159180887,8316.049359183708,408.8642120622226,186.1739110023919
7099.697861594471,9259.887783655558,701.0429973140552,312.3084253720162
6593.792173840385,8191.5020190859605,304.0794408709151,109.77164117557155
4729.558321350928,1877.0734801118901,35.53175091517443,294.75170440782165
6742.34307623534,5218.939458224769,148.5495359330838,294.5924328219427
3597.9099232102776,5850.18274432064,466.7925471368791,312.25756210411095
4928.81816617142,9854.03912987106,1011.4727093447685,28.523062328674214
1327.7133532645007,2015.4939609254911,894.0666724393934,239.65235795395424
6498.955639647661,1471.2475946011373,395.88425212370777,27.375257794043005
6533.403743505067,3643.8081155066575,1120.4514349960045,133.84540763540528
8189.418071884172,8575.000618980615,381.5002052848573,21.678866472880454
5626.163216240284,1880.9082032006472,1233.6917709879683,76.193140255017
7149.520767351134,7524.465231402639,573.6276000006536,210.82056438732272
4643.345470202779,6879.292324551791,1264.0143115085536,224.27666758867556
6438.8724792947605,9658.917932031789,147.33645859593736,40.44790239888788
3107.1656962608777,9137.079001118836,67.7814351188143,34.505917634317
6301.955839212195,8516.613430468979,1353.6502623050878,160.72057219304713
2542.039241353789,3804.552555312273,989.46602291979,339.6739793138838
5469.693511002588,6807.228455938678,290.1749339850603,29.690772789106305
4428.535440908831,1859.267773034098,1239.9416179214877,162.61611773957537
5469.005202478569,1251.268683690856,99.93023367814165,105.580571361764
9750.328923974812,9028.37839824398,930.1497628215673,158.78642640628973
5908.593371799167,8250.759256130366,118.23709936161808,19.355524242222053
2980.4913150707944,5360.6080346526405,1076.6051119009428,141.11089403147759
3718.2321335790266,5014.453280442507,447.4433882342911,345.67079912475793
4820.417614891139,3096.4547010521646,492.88667722203184,78.78950878513898
2556.7869827372215,5289.713543338319,1050.7684395677784,149.2889191014355
8998.195256207944,5941.9627993514705,248.57971322085757,155.4761217695642
5398.51865593223,2666.663341309847,485.361886404347,118.7003951534241
3692.2495468434076,6169.8840111419095,310.59924031489925,145.70993889641264
6782.069221084243,8515.207218359506,1420.5810931276371,202.06531111261924
8952.729518047388,9667.145262478614,101.76273775413569,269.4048398255015
4696.6776000099735,2665.015011896494,1262.096853543455,310.51901267850985
7662.25927414159,2455.6698288018997,871.6671110952087,308.6434888653031
4846.575310125298,9257.789670278235,1455.1870831951594,323.47284807930436
1716.2731123632539,6041.9829233173605,1003.9319199293257,225.88800089864435
1596.4432979798141,1518.9094256746273,654.2527937185034,17.00689160899165
7062.050050320905,3155.95277308568,1284.1175154515186,130.6849740592348
1845.0530756692315,6921.020798124407,1101.5291695033998,160.00722939502145
3010.3344404120608,1754.8428753373682,222.64657615867287,103.40696008356207
3414.4233655172043,7189.6225413033935,578.6466566291483,153.99472013107274
6652.109226626718,9263.658073299219,814.2677029478164,30.96034882232362
7717.664959155847,1367.6634589370021,137.42401666941853,43.39644369707137
2841.1872932387723,2091.6454626036675,1260.27314048483,237.18275631263532
5937.266406572127,8443.512431261686,954.549217347851,350.2557752485601
7108.674886287366,5256.558270615234,711.5902571267023,155.07666178832775
7136.445165080549,8338.112381098344,143.5734799031559,262.5219397578434
4474.246983315652,4429.363261263998,90.94592240939771,197.84222754144787
5474.760923149932,3103.3799523347507,1285.022648568365,72.59132489957943
4476.375000076732,8768.239408491107,885.4461870889478,16.158969242605664
8841.487689732512,3941.005715529273,93.57032917601659,313.2695096890058
9677.714064845231,9750.310610344219,808.0913042244305,224.08252126879705
6975.806826661696,2658.83010809636,441.15414854730284,348.20957367505986
9620.67413628017,7279.244616282594,293.8715916739378,42.16759135549451
8425.418610274133,3391.3754769312804,1366.2920893669236,67.98977333329178
3966.7467973530024,2473.411956949505,1366.8024125178954,339.42153619509895
6706.316239261145,3405.9907629672443,917.5628957461911,39.00673735906233
2902.091287070065,5956.655858196684,228.64403132652052,234.22231320107622
4432.962521866046,2124.2677938934967,843.2796533394641,6.6328805949332565
2042.767838426059,6481.4016899800945,327.46053175417177,25.78079723186685
5867.795421095423,6768.893253756015,1459.332686717795,40.73309321528847
4311.796726815917,3935.2923335856144,1416.8848546204044,134.11474967688287
1177.8869977099032,2975.1077218836153,938.922945572272,350.07165275381453
5465.288884537542,2883.7516063673675,419.74815721205925,309.8532158139294
9551.906688168214,4880.298687976517,541.4285670021123,145.62989303602856
4080.2195857528077,3473.326006748663,24.539353221500534,290.9804298396854
6334.034582050504,5528.276757434279,61.29739468436335,78.62377445177626
9973.308946509998,7467.354922711191,1462.2085974257773,288.1279420090016
8283.474655132282,9417.439181555612,930.9162690626121,224.35655672853397
8374.660055876251,2604.3382315416757,325.79282036775606,126.12235837131037
7646.970120797709,6891.162782411939,1330.08963763614,143.3176192073819
3539.1548220839973,3319.729706436103,108.22769921110647,77.29297864678101
9812.930899143941,7648.582945919505,599.4245060391339,332.57115407826427
8428.747775132717,9439.186589261679,272.3218187810814,290.69542036418
8182.218234492018,2321.9165406718903,889.2514764791082,141.7174843079552
4964.888052556202,9126.042829752852,1172.047117160915,177.5363782214164
3739.311689163144,3063.9918307876906,753.6172139750305,272.82354207266945
3610.20485084257,6926.598886314491,143.93787011850176,201.938707590079
7947.060986173956,1823.7835527392103,218.44363959271905,13.213969523492496
7862.678826478751,1659.2950502889432,1307.0855025149333,8.167551623868533
5893.436555136016,9730.108746109883,583.247538483248,84.19920478308059
4443.319271467313,6167.583199297705,676.9723169553469,112.0420691707463
6148.149737638466,5946.952219864341,128.21434944019794,90.51280738047829
9817.786277462534,1644.7858718872913,732.7852124753309,225.14463708003743
6946.370479735346,8094.341343232142,439.45636667515424,252.33718653896673
1879.584480347025,9106.413519086553,1343.2737480624157,64.04942481614877
2254.761363266057,8240.873884434404,253.81564264978473,116.56119114322547
3521.5676850625982,7246.153485273577,429.53223061314264,127.88576479561695
8315.437544191296,4913.824538959853,901.6381545563831,185.64902499522472
5216.499479006488,3436.481012439946,345.7444622514721,271.0688150220683
7144.566322574158,3721.134142877047,495.3520590422074,33.27979834852081
4464.505963423335,4153.912916903264,1148.8433765794412,124.93592048462955
7419.066202131908,4324.162959185993,595.0184025700169,284.1387289622761
7487.000923563273,6530.052300216295,449.1466605029598,307.55943420072
4883.570685850673,5673.186234894914,1117.4114516122913,111.01121046920144
9727.997576488775,7776.233771568406,471.980249849048,39.47784715591507
9738.22999129082,9458.129856646217,832.2908892495682,211.75824755537298
1884.2326167150434,3532.3349609878833,1077.0743658058325,321.6455566676672
6762.618377035041,1883.773589622609,316.6084237441058,206.23931314466924
4788.524985393232,7639.254604378778,1331.650998947695,234.82602348283632
7898.713133970732,4031.425620782529,993.4351186693565,118.2492611342331
9208.125384459243,8688.190106225982,47.72729700397461,345.4572415555938
4590.522820986372,6099.878012588985,282.1940610809595,167.57446253328402
3507.9122691153207,2169.934615332296,629.2658580297723,17.990243136385843
6029.569555771623,6785.10332257322,413.8903781025914,137.3551594514959
8491.211182421559,5302.451598755773,1382.4636942986842,275.98858763160746
3622.5345028528973,3302.515340141859,1430.3657447454061,219.350762850658
6645.040256796245,9566.262235331164,399.89495005324835,204.99683785533165
3489.7747312117026,6856.618733957392,1187.80924786102,321.887094804163
8218.791288487877,1780.6880429772052,297.57765361270464,54.07687239161145
8315.060199871186,6053.289972012208,875.5529317208683,253.63558960265735
5525.962728788512,7508.738061847734,488.9868986553035,280.3402671193649
4518.8370277627,3752.440210343379,834.9029641164431,61.450590899521984
3613.1755409964053,2827.909423866488,546.7251450944307,205.78708021617308
9943.150522492693,1168.340233645982,540.92837785386,265.0935514619041
2611.410121111726,5553.810203478337,688.9055271317985,179.1776897822924
7950.847417937184,3728.3797563220414,1275.6648587069228,194.92524632230746
5856.092237039925,7372.044550647588,1379.9663177659713,177.01119130692192
1932.5134219034153,9700.281813390497,1332.419631757151,226.2775214807442
7152.7863947050755,6198.815176769096,595.212678430319,92.56399198610735
8723.70532154649,5397.039252980892,397.2630386507763,343.1304833714002
2814.6328557704824,6464.6429748096225,189.02300864312326,255.69454269103852
9083.76765912613,5601.572296053798,915.9122066779436,117.57597274218634
1553.6173998922548,1107.7058182163253,971.8370035994469,264.24869186209014
1432.9295667539036,8793.792518622166,930.916426327223,319.9149963004074
9617.95068408913,4473.518462877194,1479.0911935777212,57.54884536782309
2725.5309933133135,3074.010066656881,1375.1205301093535,131.37017332926783
6389.441049696147,1260.7172718572328,51.42404833822819,242.34382115928346
6692.011229024945,7536.562970207728,1232.6042975868597,55.015357699017486
2933.258877086322,7269.5505003219905,648.0170892476324,207.4650426154993
1123.9306057585043,1894.910834472846,1381.5486978915276,157.84859163100614
7698.289060944273,7288.128142734103,1327.5635125415695,304.8478890925376
4843.402157298523,5276.218760380856,1052.7241755190578,80.33276698749494
2250.9815180422825,2701.9449727695737,614.8582642890559,317.2885452422322
9345.460509564522,5494.628386359584,464.07103367533443,175.7481286328351
1719.7790584240965,2651.1806931094816,322.1555261024523,126.69602237025369
1931.7461069200608,8408.015720017182,970.363854280955,269.6788366278946
6085.067047190934,9094.817145418778,401.02390211464433,54.283512434644216
8220.611840563379,7621.443873881327,1262.5388053789018,117.92847737694547
2027.5754029186664,1620.545696790697,1063.7522275788178,354.4146630428031
6739.836620716252,2368.982512099392,532.410211719581,137.96661505655362
7203.283419209235,8214.100226904267,900.1774175890105,241.97762228883877
6603.729533011149,1309.188793652515,1329.5110562455814,146.92272739762436
3962.8611352923467,1529.316694597876,255.45747129248514,243.95817259464326
5273.702335256023,7047.969752901995,678.6709262021435,236.15903665655088
7332.51136227382,3648.7415305342,12.06743111155512,18.511270299572335
6152.707607515901,7585.77483434996,1322.5821966407277,24.368020982555784
3883.3656166408164,1321.1432066606337,24.619775904101715,309.43154296461415
6777.440905715632,3205.2011898371534,938.0940955095633,55.302287528815626
2013.424964342342,8289.847410387298,1191.9354718895372,5.94498618526264
8238.286039741186,7873.94229055095,1402.0260693265695,328.1415446728321
5693.784987535003,5069.782509854225,276.26710381234597,168.24956192789367
2851.9944426664806,7974.207215683149,231.07118041622076,101.23465192370487
1454.5938804712644,4329.6501842133475,1395.7122547299907,164.85941893408722
4681.139306001737,3961.1148972613255,775.9492347377121,68.46511651362914
9820.450306475204,7047.124712121045,1098.6711912985068,47.9570378360659
1691.9783655837027,2006.0386070069655,994.266961015392,234.32333232370863
8885.367895750738,2503.900194113499,198.5539397546955,65.3103141821038
8573.089647039455,4694.083323998857,98.97811226314536,231.55427161797286
2642.6555880386213,1686.0932830876106,96.64028317110807,248.62217773910612
2588.32869061731,1949.9568824597752,1036.6452101898342,177.59965150288164
3580.6097765739064,5415.318089091106,168.04596411248346,216.03814535827112
1627.4478910021646,6593.230857626218,214.68791259115162,62.31692630386158
2554.192464368555,8352.036216154387,767.5095462562897,85.79121406500735
7461.729670111888,4976.864478770214,924.1068715045528,34.498905327628215
4941.580426469558,8851.85088517109,468.78249752730557,300.7586730808548
2228.582178674625,2075.8151833079583,570.3626112181635,315.22219766861565
2380.661064404834,2021.4834383260506,539.8433440960799,110.14618876326412
7519.960805844608,9438.61538587117,957.480313183948,320.3115486757993
1610.6281301834845,7735.096743006712,642.1623155017945,9.35486038975242
9694.346997216579,5568.239175843743,971.7347411550616,29.000448866418328
6887.81218725436,7699.855808741096,1101.6720593767673,278.26937333998944
1619.6758843795442,6067.376930766211,816.4788930999702,156.5543660841313
6164.082750626984,1658.9374263573447,207.2229721588153,143.6053924942032
4306.131739303326,2888.7311396836603,1335.1887403966982,131.89678468827447
9823.468657418278,4704.705964537072,1148.993232184905,157.57211057672893
9796.606521754335,7713.865816391922,1464.5441182293225,80.27629513800359
6217.839000544821,5353.759806199651,872.4594614039661,120.1866689570505
4581.568654133995,9753.794910418585,1107.1195015706014,97.63756821972669
7703.254612348527,4888.981885947969,291.1439286963114,19.019659664380466
4659.247728373861,1222.5628000171344,996.075557665034,237.19481935258653
9591.430409125047,5891.416870971588,798.7355069064489,298.07916520826814
9942.125950496173,6776.979860771096,653.9756868288248,151.83561321297472
7373.051012120858,2519.494683416876,1210.7072810569582,352.89915578820535
3854.301269143432,1600.7672344346133,979.2604855664054,244.28389384882308
8574.247151859334,6360.44863754822,1432.7830257751268,302.96420885834453
6872.003772577551,9662.914012701547,1210.0465657874238,308.7982293099359
5045.576101124068,9402.355755953788,1411.373878445522,246.25796279960136
5353.050836612929,8860.818536840334,1261.681010172386,67.86525454729103
2853.010249873467,6436.562190371354,414.6952550555265,308.34617250752996
4926.450680344195,4507.811926187243,3.8170488737690613,243.0271178999679
7185.932149473561,9908.386053867542,661.9662597194634,359.3569749227915
1936.1025847231426,5899.173307983879,334.9663167186396,168.46598612982584
7191.049021406597,9760.347923371133,978.9030595047374,204.90473272754008
5858.319094008225,4878.433407517568,845.4423756353235,192.586064218941
2061.6616518533956,5512.339633599825,1215.0928465319091,149.17514465531488
6535.082274240447,6838.2074545897985,1373.4125176895427,45.47242083245582
6820.108315338501,2631.514867653269,1032.6819119780123,255.2576925642019
2313.720818620679,9132.200413961617,371.87793056552727,234.91956771466155
9690.580148965146,5620.379596975853,764.8939597923235,185.04130800329344
5264.829482135125,4026.1336376602103,1415.7491053951694,56.207268201340256
5939.391657389151,7700.345581220537,244.2887842332191,323.6136776393626
7333.2319809812725,2581.804894291049,1383.40283743212,240.5403972100299
8144.983310458737,9402.879363077376,1011.4085319899226,65.10137340184926
8376.001350685594,7680.314975008194,1366.0665815409286,265.1502325931706
9697.768430607568,2650.7647163351457,1410.181021297542,217.7690630149186
8162.106904480823,7894.877043765191,588.965826474235,107.03112821907689
1437.8590706949954,8482.92050109994,990.7781037681057,128.48051345063385
5205.052825351672,1222.5048321423474,874.1765813133254,208.88662724460767
9992.214969643366,2575.36116206881,555.2572630658132,148.254194866968
9069.662717677864,7743.826278997134,976.3081434260528,167.07465697710958
5672.392895899539,8899.659809403529,1436.7063775875854,216.28055722493272
6631.2737364723735,3791.1565729142826,1072.791171182128,247.54057097803184
5836.506421868564,7600.442514216451,783.5388605195243,2.1329534480324046
1942.2810923007492,2854.665884473463,39.20597652735969,356.6865698450174
4578.234786156285,8523.56465558209,1397.42557853862,269.704717877597
1841.9126448127133,1849.1831051281897,488.5453495883215,358.4530827503873
1108.346083101028,4233.516458304857,1413.9767484662168,4.257828400883354
7558.746216322905,9687.459129450328,664.5120226472849,90.8206417588021
9656.11874736707,7391.0105772025545,671.3144645187642,352.90611344931665
8476.220113931446,7511.879033865994,1052.6072185239182,125.01121194112898
2642.5774040716096,9616.600224177886,1155.0307768332584,262.5829663559825
8405.383255787801,7528.664757977517,1040.839054041599,238.92950757356564
5882.761633815796,8265.342598828196,1258.7715077945002,112.76498174943798
6875.303552311138,4888.473590661515,371.45940741811813,190.1461420570149
1501.8419589849264,2460.9101427995297,225.9174904225402,56.539789017680874
3115.2650822101136,2147.2825995542535,785.031953665791,51.36634190341688
7900.871045973608,5841.698186389608,333.8662637673053,142.63385155285718
5987.314804680676,5520.913763798836,1009.4128781379958,141.19437354117593
8886.14589657273,6976.246654645844,476.0927038831555,284.70455202445925
4010.482260184216,8079.392927543416,40.10544748729913,204.81912147420033
2388.8378642742878,6644.106480594754,603.0469308112424,329.4915751041503
2405.26034115211,8785.437143098465,499.4987961651572,338.61022698333244
2044.6517966214162,2262.8252256583805,185.7182504526056,308.13931279558005
4440.228699291412,1910.8191338618017,35.74763650697367,128.34256146910946
3986.5752741728343,3471.6586221059247,979.7862184353952,267.35632912207996
1571.3696406898275,8013.802794085645,98.80005150971412,327.15246134922734
4648.9028056222805,1836.4460661201394,1039.318824474787,289.82162227892854
9077.584622053844,8767.542277825418,1461.3099126113934,349.11903554048666
2826.1533186502147,6937.624009299693,1124.4006278701713,6.949212904494447
5863.74598348522,1930.448881881045,379.09154898791996,68.28664850965794
9956.899668040322,3164.424661983052,1260.1845305036843,337.61672137723235
5254.908351595229,5186.909062237013,443.025064366983,20.594014663604383
7048.900154483895,4755.899208101032,906.4107212458375,344.4086229601476
5854.346338878997,9840.628504010063,170.5776617797339,212.93686292450727
3306.8925202461446,4432.6144598677265,1426.1650631003301,306.6729997423853
6787.399541665695,4541.10348505916,191.03954243871107,165.33222333354072
7182.378377227634,9125.951954520195,312.09063508578544,226.95449457708946
4941.654245646367,9260.020520182432,109.66715746781483,156.81948499052012
8861.064483822498,4879.539743787289,855.6388727387736,176.3334211230232
4103.853233674061,3631.922090604017,716.2378580209443,257.44120117794847
5185.569872966356,6956.387653527184,958.4690252584095,144.51397849019202
1641.6914730735612,4328.154993595665,180.25319052430004,45.298208639076734
1864.2119417158392,2303.2046328941537,130.1043411929103,113.03115270331
4935.064351995936,1444.714890148976,207.11101631857443,133.6614630715087
3297.3475093222974,9755.927250168903,171.61988927939984,28.654570538976234
9008.977753607296,1270.4152765703386,585.8548246576405,160.52991212038597
9389.834314804551,1890.2932875768247,354.99591004342716,112.3611733559168
6323.780672381928,2356.1202860012277,377.0471959553904,95.83545280044446
6820.715052565404,8323.994838953284,904.9891499120097,72.84096067308514
1368.2831992557408,9370.263607928835,966.4994510505556,273.6387010007845
3297.426476310143,1392.6435881009427,525.7725095461523,87.73270248918863
9916.189643698499,7379.853088421947,1357.0451074138625,256.7719152471825
1932.5172661972788,8381.933387974592,308.6859693475275,157.6760377889584
1940.8106684163608,5377.179451129163,857.4658219180002,88.86654499676824
6744.078947745205,2327.855250728521,515.2430942871229,283.5353879387345
3284.530577132944,4151.932673526129,579.9022584605764,18.398053798844185
5551.541450494133,6321.156173863329,389.93831399743647,217.09066538210388
9462.987694060273,8886.077786881888,1148.3541403936515,352.7328403283866
9318.56092297581,8710.217776821757,65.65039813385917,14.158400100425922
8419.278412974769,6396.754953903394,626.8012759532344,299.0278519309848
7346.209063663045,1974.58333328136,1448.362439070217,175.36862036108363
3911.769125022649,3170.118086255561,308.0892629698301,124.91642178775876
7203.160868129256,8100.49301214927,1459.503408947216,182.558427857565
5770.776723970683,9592.302254891876,745.1047849998807,326.24679520025177
2588.3015503176634,8244.652879926365,109.71632134152246,203.1900486570405
8424.797128091404,5709.418109324326,911.4977510560498,167.840250006328
8474.915537003453,8038.361978041766,599.7260860883274,288.35654819761976
1578.8237408003577,4995.417996154574,475.00631682148736,21.221522670729108
3760.8586562559335,5785.559245445669,1426.4421968729077,106.87445368509886
3010.416682012362,6906.163153993344,423.00272931124397,96.53844362475077
2098.7126744998022,1419.0273766946375,214.1573126611198,135.99403608412717
7335.488277164393,8738.984997112024,1290.8775101547467,98.06231042829036
9625.211995494608,4794.331527316377,1483.9993656867123,192.5418447852209
6548.8203550807,9706.871875210816,227.44810409286384,163.0939457151412
6706.817857627918,8244.485851251262,511.97596306476123,111.95135372017478
4778.3847091481375,2491.471803726554,410.96063722880456,63.837934453768575
6103.333067300813,6726.333204694513,288.2545570457849,119.84883841967279
7180.935639177694,5797.859123371556,867.0706832511344,6.841405165468926
6438.934990897468,7871.746319056157,539.5681942076086,178.83067379155702
6875.033575628905,1511.0930120623807,779.9421890285084,52.19436175792747
3881.466917270678,1688.4925329734747,902.6545817351788,224.3326070689081
3199.324263477134,1620.683243072822,581.7391956590067,286.26640886347735
2137.2961861049284,3106.558252161239,211.24296960228043,245.7238954417741
1556.5894472921216,5745.733414218635,96.18301044224168,299.6149148712197
5901.7296459039835,6410.665734391868,124.97569091610308,296.68957869307013
8150.829948641362,5659.58782567395,919.6504304107488,255.39451518488562
5977.742394119932,6938.733536843605,1081.2473664631927,66.25390298792843
2145.3731044810283,4306.313637547284,489.0241097595994,261.00534152026006
8443.94469160896,4658.478518646948,893.310602844253,285.377524501747
5145.964699887489,9515.02413019469,632.2540388559709,161.2609005898192
1664.4385947550281,2232.457936951705,657.9818693897396,214.3132393770622
3112.345384016154,3923.532080924784,566.3974202629569,304.2121200585948
7642.950836001013,8882.796363695008,353.71692415166325,180.7840759741283
6450.6173150028135,9129.761314313992,452.3737291717431,158.29575859306726
4776.652609458819,8856.065118785118,847.8674218993074,298.3811869759097
1197.2989086922196,6497.607613940058,1181.0294281022368,71.31209772834994
1441.7474997270742,8548.508872771912,567.3950063928761,77.71650062353993
6449.8578604608865,6300.100196090745,1479.2616940327057,207.57257879028165
8349.818138219049,2896.0889823298694,88.85528820015176,44.6229860758416
1718.6201150064626,7078.872744910554,375.3037994491999,22.346554891104518
3611.8147389941773,7971.502920325774,472.37650423599575,317.84740959090936
8797.567182358871,6351.133151580968,691.8596361705542,300.91185456982544
6867.802179003368,7325.900173066389,409.55007738159196,207.37442415015687
6226.533893443719,1519.1640960835337,1152.7143879861082,306.2387593007726
2038.7539413566753,6492.7958698338525,177.6843721824611,246.13645174526945
7885.913213685575,4667.368776068835,650.7905912829697,247.48636242694388
5645.567138312192,1569.6208695142727,952.1211176679824,307.18071835639677
2102.54114392238,9111.471446642798,234.43753936431213,50.31962825610554
4765.6241077583345,6662.070569925219,1428.6978019518924,32.645256459010426
9519.241770269145,1767.5107917714959,32.26281431376455,175.82821600643484
3537.8505329821046,1154.3685056459487,479.30634362352265,8.71604130475448
2668.8631696158154,9860.534462671114,1213.6751127252453,230.04374480808283
1480.3227823925793,3579.1505783121984,236.09750932110757,123.9308805163671
7963.823426534833,8113.555576062872,1309.6958873870703,276.14819027499715
8976.034170272915,8605.791430170579,747.3439309824943,16.296888285360826
4227.2934975392445,4896.872180365266,1048.8361289679995,316.14489453584156
7945.390267186029,8059.903816811125,1477.341776620417,188.7152626261076
7734.329874340617,8809.986290130848,457.7823879482056,262.677913753333
4347.510900059615,9509.374006633798,1120.027728172929,27.760301311714326
6069.9366731411965,5036.3272561866825,1301.8197084496157,204.17702161934486
9382.013798573693,5795.481411327983,1076.986432184375,243.53587257069088
3624.5693388583077,4037.3750739940297,892.3781245635993,201.4962007952595
5580.512161522736,3279.8849225714957,1199.0297731575783,333.7349751119411
8868.660147896455,4915.624345606275,1215.9157932342314,112.48924619269064
6368.111554547389,2803.560299121116,1436.9443627962166,233.53793140998542
2662.0739512645414,5718.957062105797,694.138260933742,195.79334466948882
2089.0663881829714,9842.965480835896,1313.6300776732921,311.02269884873584
7485.166166934765,7615.660704104994,604.4071926713559,209.4075186379938
8625.409231709687,9967.715022323237,1395.3539377097907,88.19631723791655
1709.3791998509105,9179.904151190542,1180.1297627999847,13.578775739261035
1844.60981866038,4873.333198238828,329.4984226467131,97.93462025671603
5698.961824805306,4362.429919795728,100.0585973718471,267.48853086092055
4256.79728626584,6446.3970483175835,1178.0124508810725,100.25812542030658
5866.290495677875,9825.910844239808,844.7381204573305,213.42858837401013
2034.9187172628713,4694.229891683382,260.54712084312575,10.963571756939876
4143.373954708186,8284.017241259226,165.8927667122652,140.1721498368
6988.979348093733,2217.133554209693,332.29665100118723,170.4254005152733
2549.1029600029156,6917.740814091822,1134.8054310882333,34.21736108868783
5746.093965854254,1784.4396494556695,338.71296706120665,302.68427360826325
5211.188865012465,2637.6421694556807,151.9278886859847,252.43758968798005
9314.533701397188,8847.995803691781,186.77224456599245,96.10806463447338
5001.116179216847,7961.487333139381,450.3723167852327,93.68739709370736
1710.7253082229186,9055.376378907897,337.9520988990515,20.4533838322305
5414.552476452016,8906.076410966612,327.71586172169816,132.73192517096095
7933.637288209745,2306.4050135327634,1102.3056141479353,350.2709783425686
3241.8388833577,2424.824594687557,676.1752476707709,288.1252672312871
7624.523596000062,3066.6209339066068,1337.500626969011,324.99355891884875
6497.250527492775,5790.284151985772,729.5359860345231,221.87329718961186
1290.9473186060025,8310.391405762084,747.6650741107632,151.40744310539
4347.970859112075,5428.77637935839,388.70269197499493,57.34276514339461
2459.9050866360594,9518.977889615142,653.9344538305347,79.72345666462984
2603.9813410565666,2458.246210255642,496.0452468779496,285.0283494407728
3212.7330291188646,8122.71831192436,207.9755805222774,254.73915400708907
1309.1167040886492,7395.019917881431,886.7248988035658,225.5259994101603
5109.785064593758,9369.284250224611,1221.0402295524016,114.61488314037977
5621.0695656716125,3058.353099836869,63.30619103348321,199.57518926707257
5582.464877133809,4937.3377713805285,434.83434478603374,81.84094069331616
8036.518985174111,3564.329496027212,281.75408496310087,148.58641116152182
7287.411265209028,7433.460997574392,1266.3680448545458,128.16483676262249
6665.864864386011,9724.740367224182,241.47128423600427,34.2605632434095
6360.735945313908,5905.140148750182,1069.5018839852276,35.70058302553775
4592.453635611032,1533.5610905880246,460.96444292368,1.8261253726118682
4534.175216723868,7011.761365115318,930.9613042813419,157.62695960577884
4124.563119989105,5318.996818983911,1481.0230650657138,8.70044656236405
3306.9303263028255,2116.3808743092018,78.89505287081747,118.98858777677525
5696.713155874533,4340.957782678974,334.6420464180671,65.52742293210568
1676.9705477527941,7309.588054175832,484.53744158097004,174.94561127425774
6593.268726171412,5204.872236932324,513.5885487899136,333.57402835824496
5201.3341704572995,8615.13541360799,1023.4292281794342,135.44290438257377
3268.9393323556105,2693.8290886328305,310.5460691810461,202.36162571409938
3237.206917027459,1872.5194625918607,26.042249458367284,206.37612046431465
4386.002066907187,5936.897877900374,624.1496189278573,142.94321833304477
3425.019580297036,7970.293584956971,1096.6526184439556,54.942854971132945
4423.702822201888,3797.7749913197235,726.9413284637458,97.4985605075269
2541.699261345896,3691.380344774229,124.87102206415902,71.688070658646
1658.9402795134001,7605.201616441715,1120.4932345405502,332.26676608150024
2600.0950535096854,8819.566256162605,348.8779800300708,89.57503605769018
4571.142586701931,9678.778045318699,725.5638217224414,274.41679584888607
5796.894190275746,5235.407179284592,1170.124884092969,353.6059491930121
1291.337220500337,6252.4229829772885,1422.0968043539833,79.8618656957968
5040.098566497279,3976.9790291823347,471.2630021639797,90.47509271042871
2749.53691687514,3416.266916725157,640.047915314712,105.36672839994885
9410.570793785178,5208.930314640026,748.9536181133716,82.4963965171054
1244.7783568776151,6539.359692999168,1390.0681719400795,72.71809827312087
4920.497252186955,3827.9846326299476,570.1607594384818,36.468279028679845
3568.3310896434245,1157.2722655807813,919.9732722234431,220.03806962253958
6704.961951603769,9775.497552344195,421.12988829112476,43.68225346679905
3958.8133145443494,3691.4399576787564,188.49079976981932,197.4667591630714
8764.98075753963,8282.681588294125,1224.9344950056307,4.398365078467168
8993.073308433643,8425.088845187294,1132.2105096942119,29.138495150411543
7702.736324506328,2722.157419941968,185.38178727256857,215.23033273836592
2655.627516061203,1175.8738094208372,1249.2583305161813,41.38931553554996
9863.714638748746,4044.1979667722912,1239.4996375701307,228.12462116688204
2302.761564241906,8792.818104073756,717.1103245397904,291.202234535145
5063.969141182028,3195.8322276537933,343.2900916646617,338.15833145648054
6403.043210794737,9398.552249759367,1203.1325608414058,28.90753562119713
9506.326092365833,7521.880059042283,568.2713268905916,32.92997775038004
1155.0510536650456,5044.813331925874,725.3278197165191,147.52689646425864
8130.374240620958,9449.134429837495,1046.2771871869843,356.97618578917866
8319.46690229164,5125.61662611138,228.84856830080224,323.4510632390374
1206.795960761216,4410.9675489092715,847.5284928355146,336.0033591529967
7027.09134172755,2375.62750672878,1138.6083858967731,218.97862458582975
9090.930852474132,8287.06510551042,268.79386871178,120.80961661678614
8088.910004393207,3158.0396913699356,1050.7163402183924,137.3859227007399
1407.784925084543,5265.869693166695,857.5431744580155,106.14968774254697
5372.518526929253,8106.6717144021795,795.0180947855744,354.6962713150851
7264.733808161918,7559.030743792489,340.2112397418116,209.59319838295983
3848.3455205657865,7218.478836455552,1350.6610549751392,121.89799867132058
6412.679089527422,6633.391552407812,678.0288934773193,307.5607923298389
6968.871720267962,6157.312303565762,1298.0066854571705,208.52287772728317
2224.5881102649673,9602.950684330435,589.2693349015692,299.76532966415476
2373.8408173237935,9577.162842571004,1318.7389238708615,200.9631514536309
9009.291129133375,6262.2465412241,666.6861548009657,223.77508107311164
7206.163151623525,5819.123333597158,763.5671535427226,1.2683023618084235
6960.021640488748,1487.3064898077146,518.2207029369874,342.57705110158037
9221.130859678065,6591.7940370702545,988.6759111263534,317.0748315431017
9504.330643378493,2740.747220285787,913.2277053421392,192.59166805766907
9594.528965535103,8723.245805243438,322.4695291953775,235.55443088973684
9238.210683799527,8827.42389828368,657.2926237491863,181.09634297872515
5200.531431241394,5103.1068714192825,671.6442205162158,169.42450295695483
3621.3692373606514,9870.053134448413,912.4480178834724,94.97280351213415
6984.565143709439,7045.052876652562,762.5485908008118,342.0330970505793
6953.177935392098,2527.380952144378,1126.0200790687368,340.33316024732625
7949.454320414232,5072.560052105335,863.0018444329869,2.171727794899361
8875.495421677653,6644.271283669584,669.1535479664695,254.39592249851802
3610.7179842501346,3781.1121835684976,1417.9940321219315,140.88568792995886
7469.145344618216,6136.8089799555855,1418.3535337831006,31.71851726793176
5635.854919852684,5872.042336829058,1128.583474348781,170.9792104579753
5417.205545193726,2461.8182489266833,260.39654072466027,175.4893410045984
5687.009111116805,5152.036122583993,434.41196971530184,79.89360234265163
1128.4338450800904,7044.4609401729585,349.4651669822299,240.04777899957833
2239.0185329846045,1773.4332761926944,395.4757205804944,70.59520283642621
8895.80314536921,6483.350890754649,872.4556429663908,44.336097230609624
6019.688360374597,8876.667934993915,1332.2687559407875,275.0363928509815
6057.959994828466,6828.937548159844,937.1883293661359,237.4643025351653
3993.7015115180293,6633.548445800819,385.848266640427,9.141302079054839
3995.7423268728558,3478.7122229819283,1110.978105783595,28.342114538804484
9458.150017156067,8534.95696290559,861.968562728984,358.83986634256433
7893.11124924944,3722.215065197236,1183.13256074918,245.977330396495
8235.043866959822,8965.42347864962,1222.8160817255887,357.6843707398344
2575.7465247145237,1493.829983013637,650.6030876936758,239.3987495903107
7935.8270243320685,7375.71238494319,483.1175500300078,216.55151611318365
4892.607956945675,3328.0282052402727,185.61290115632463,243.18754650586823
8826.44605260441,6039.200251122279,202.92023011928453,147.76023695907185
4652.957844735665,9916.777280810184,1362.0193648810398,244.90819546921733
2463.9109784530074,4443.342280122315,134.72045756252703,147.96354815213917
5016.796635409353,3728.8994680181877,622.8218289762191,82.58878966079963
5995.6250829851815,1454.8481379083573,1328.4162907120324,72.094534317185
7625.686711722545,5099.168672200549,849.3894009781552,6.925122827151837
3750.2627239087333,3811.6040678832323,159.25640966168203,76.00706503998842
1501.3210485358782,3926.2629961255475,1340.7192108766353,184.05440134172704
3438.7848453479596,4965.28808640511,838.9608199324679,54.67089577771093
9771.53770210985,8248.602613912879,784.7775039064145,82.13905600129985
3232.8393921212623,4035.510748069115,439.51397444852574,34.39299340725176
3205.6718009921547,4276.5688649496515,405.6953084823638,213.993478250732
8844.060705682637,6682.691977620934,1223.9867911461522,124.1010748828347
5204.079079422375,4005.791301896844,235.9595902919564,15.292640242480077
6736.842268723753,4799.321001351245,1079.7174202683786,171.70320102964547
8978.935076229925,8062.146541744245,2.3434290527347272,322.3242915150447
3916.9726982781076,9863.010117650098,464.782710745014,35.14104261400604
7952.243945204622,7281.6806393192865,100.13504585296562,47.7412251831206
4634.982645544016,2433.3747572028333,255.53114850857673,292.78344443045995
5907.916971415929,6132.672269823806,1299.8113642744768,97.90878616758616
2747.8596063179416,9911.4193908316,1301.316055891025,244.33714355063282
3604.5465031919116,7501.693193339193,1077.529459978795,256.83638030415256
7911.493758983251,3273.933925651732,787.8509319985392,82.83206974893471
8919.638857409627,7613.524259365302,1129.0737391317527,125.56522309549817
7196.406036050412,3837.716139407885,343.5378661637509,218.55910123911693
2478.4334370827755,8142.389242533779,270.9454031956119,82.40478786890144
7466.794861798433,9754.631739497181,1262.363811191102,67.65435590362804
3564.1260892419414,4166.156712125559,1045.46636451879,136.04114593706186
2282.426940017661,2506.5516767085987,965.0373815030821,125.88562846111004
8420.842832290884,6353.352990452731,1474.239665527004,269.6252318397686
9165.043003729326,2158.5966353898293,348.28073346348697,350.87410456315047
8687.814694244633,1998.6009561619085,325.0952712447089,236.9751380668424
3740.4584006119076,5022.739375718002,18.172294767085347,29.274887020653747
3079.170189844076,1981.1762967354289,270.496918816113,249.34461878627042
5574.431124078974,1282.2663204507228,1211.1067837308833,58.394474419431134
1854.6511058020042,5254.782447290937,347.66993177134106,245.7358942471559
6534.314906211217,8310.836648095908,1313.2648139210928,168.3631131964295
3830.971852354286,7579.755761205896,1012.5448737453191,2.4000392631934986
7399.71941009541,2592.0594623315797,905.9498229603596,253.46897434275752
1730.8155762350405,8575.11050789276,1240.7985678516354,356.41410786736395
4636.182379696882,3515.530286648655,80.20296564185561,311.05129466167114
9679.426757315501,3451.9756250663627,1372.0884349530213,132.73732824509702
8878.52410317743,6803.701458019838,1432.4633962275973,40.7012100525582
9549.333452259954,5528.2768198834865,552.0120654748977,202.5203682482655
6611.214255038827,3704.748958686775,502.45030990191094,311.1568185253354
9038.53783284537,3642.1157064485756,175.69154853341647,106.36381931701709
2229.0793973803657,8552.02062431645,436.3353313837032,127.86095454748677
3613.9870647606685,5018.325631358004,1113.9708978488502,239.03004930318582
9331.086338771509,2793.809701686403,987.4274189955311,59.15373957586343
4354.194515389406,4251.9298879910475,1099.6556972004805,306.6820351181501
4846.375835428074,8653.337934179714,1388.3035967295748,81.27647370301636
3759.476312618469,4655.896060302446,1320.1292080398853,145.04220761452248
9657.568601252098,3636.8830106179666,779.7646740450231,116.54680921969556
3428.945359344364,5917.6239699623675,709.46903143766,324.1819359744446
2572.5466620418747,8081.4553086399865,1420.9991601733846,315.9620140640015
3588.5707358569903,3174.9825084731433,737.4771364449972,359.4772867372157
4151.187602652115,9176.71200660913,174.5707267091327,90.88536336723557
5792.554922197041,5836.645821588134,497.46128039151415,237.9242557348538
8899.778237100294,9888.628110064825,1191.1559286536203,203.76910293002643
8990.043761047997,1714.6437210642384,84.23503814495189,83.92664768896245
1812.7604739764206,5073.032260172084,147.21862419774595,81.44062084179555
3109.0018350646715,7298.975047553759,1400.9432268818282,321.3688182377164
7511.140497609171,8359.591722693567,925.0075457318826,251.9636735219209
6565.527810525541,5642.5574761521675,138.21222036214448,23.27057539814728
6697.314801845533,9856.938475633659,805.8815473166555,87.5052180738993
4870.623081292458,8560.025057186624,1068.2155343467819,158.59517940456976
7814.61505540046,3989.1356123560095,877.1614203206963,321.3974914488402
7799.192987535073,4796.704373142151,671.4481846632608,220.79242759684806
1724.6525518831586,3474.625603449512,414.05954586049467,79.04190871547448
6977.633519978421,8297.980284625864,252.4230468372459,351.88261568789864
7862.459096655776,2458.1727296634785,219.95847360275792,321.6562973822341
9363.281209549965,8903.761738311026,1293.660191283592,275.09516197457236
1587.959632966319,9707.49062405366,15.983963634868351,260.22505552960274
8489.235212004158,4921.644497290201,620.7229584191889,114.03318372677322
9944.07067522123,9305.610721681052,1180.2940782057844,8.490471946131294
2167.3957047058293,4182.22762787751,498.52160489585367,255.22737351509014
4811.5713600092,8591.309666504132,1146.7620247082593,354.80955741688746
6694.882405970722,5067.3616158815785,407.34950500990556,183.12908108247927
8751.51307932259,7675.489352167815,947.383515165071,126.45849738505287
8730.367191266312,5291.22303974166,691.505616953853,261.19956356699566
7921.318604356713,7916.0940795785855,1438.7465753210693,224.76924387186932
3460.4548412380896,2951.2143409999153,1240.4219874669463,242.78915614841648
1457.9274262878237,9050.235358040576,555.777824770903,192.9692053921421
3063.241042054225,3729.3613116914403,805.1176138970238,289.9729584845692
2647.0801640362542,1364.6769734139164,102.27853588961105,287.0940710570115
8195.56326635784,6150.265100569497,593.0462591468174,9.460606723202021
3423.084678190827,8328.394162662971,1278.9255259859171,33.037211331798396
3231.8000715642443,2921.666891704618,267.7320421161937,253.30588975289794
8312.904120336918,3226.7834438511672,640.1198813348606,124.22871932686355
1237.5086076159187,8841.227027907196,971.2492231897008,322.77089682166314
7853.630741849962,3367.5242087164916,644.4347703562644,21.23713333333708
5756.806021469233,9488.787890421543,408.0883629779581,66.83933892528842
5882.80557658678,7885.733162785708,4.830156059491855,254.37054628363532
8394.38601649691,9788.696728695946,381.61879344528376,220.83551630080288
3898.88356411132,5149.68307664727,49.88913845706298,80.83840713127576
2751.780356062026,1728.0182917295047,432.77110400276314,167.62994750710084
8663.916467562816,8599.36149415857,1242.743672828507,15.67557963738076
1160.3383833976286,3568.2501812992464,485.219990525537,34.91734763458534
4778.245880129403,8703.876014239155,273.342299669118,114.84861034418736
9789.78583385584,4914.165099754182,91.08979061903128,43.47785879643729
7038.703338955079,8877.67899553719,1227.4936341824364,107.15153213108238
4411.408729167559,1701.7530017937333,1273.4493987068847,275.4577357158942
5260.003814843206,4333.422870816865,500.3567846581732,74.8642425037639
8002.669641281595,3512.758039378601,1324.5515655437516,3.0938624032918662
9248.289348381984,2817.6195350466423,1347.6176277246668,279.0702514404839
7934.193163250278,3324.7018645792687,175.9117694201872,358.9357435986284
8526.120614219893,2854.1763842861465,1364.1236101391544,253.38953291793348
7666.341121607666,9678.41813610784,995.2762952872285,300.6050899082614
9849.100087794783,8449.046761852438,883.6005523464787,340.9428522737178
2212.761786315383,8273.160921854767,53.04241239020963,276.86583866440196
2941.947410650755,6583.59639587804,1484.0006328401275,226.09713039000465
1722.0299118118107,1223.4218817732233,437.35453744026097,65.3606547928186
7053.733630849237,9029.646589150347,1342.2345858592807,178.11291074418045
7356.0817051037975,8124.703010952396,1341.0966609481945,250.8746151594938
2193.1929472344027,8271.278432392057,489.7452242949458,315.518850274037
2365.816818849157,6186.605015086465,627.7263418407925,66.64030744382653
6272.569777268185,1181.8199267837117,1351.8344122160918,264.95413986119513
3012.431898008892,8416.037390776542,1112.4424798397329,24.352241231470934
9785.576346031272,1798.814559629449,1419.0953077580405,359.0861683220815
3147.343784811212,3732.687199005045,820.2685813254677,154.7420441636056
7651.362704280456,9626.763645972476,878.084372156941,108.41218619022705
8749.615968543963,6198.091670328837,435.1355576051079,55.94057410532542
1305.360419791776,3541.033050689659,514.9754560776411,82.65985593699317
9435.469574798979,2769.7769649424654,239.0419439183719,250.9447840180252
3140.25543768242,8118.226838492361,403.6320995618379,54.72337546668147
3754.214791272095,6558.41339692274,1012.5646015845609,29.940269032687723
3236.582692223855,3567.080755828852,97.97277651832405,80.13795893695706
3641.358400713307,7250.978941729041,612.6279945950073,30.600763252325446
3565.6330012169674,9975.480657662672,408.5200648997458,249.32126966974758
4851.729916012329,2747.875320410771,1344.7098660189902,299.4235312078362
9790.683465913598,2659.223356520838,494.9201096064331,13.593657453426164
3454.397826203368,1487.4978918549766,33.90574267596032,38.9927617648442
5196.172249212669,2326.7635792031756,785.025427235322,350.3464044556927
7841.899760287086,4211.108470786481,204.12857689890404,10.402817094707277
1120.9357811125763,9189.787517582477,495.0897701210913,330.13082320835707
2121.70460336171,2976.6426780037204,225.97890467445407,328.9934659077106
6537.738012010123,8571.60664629775,1466.9759346655526,125.37508473626339
1748.5948179151837,2862.5589134491843,715.0186620807204,212.17176875336918
3208.715525178429,5074.490303721737,930.5810284954778,55.645336055915585
4811.964889366748,9515.202539521988,644.4203954001973,320.80998903492576
8456.771209398314,7997.99992669381,69.32866968023072,346.80096576421477
5967.750553900358,3033.783891097104,998.4365664657184,259.07182096960605
4183.394238369185,2269.38611567737,781.0054279583832,307.45938324707646
4589.776749951659,2825.002177669796,1270.2664773345227,50.78052034553225
2696.593882858893,6252.612766160142,256.5484944558568,121.58106651895444
5487.825038974271,9731.192191016795,732.8861440878251,181.91196841746145
9243.168432522085,8923.139544553764,1286.9251111966155,7.1285319280383845
2626.9640954332617,7850.708184087926,141.07138754515933,101.21444836573663
4519.02792723972,4539.1936350434935,463.7586205233044,222.1572275572899
7844.89128585687,3172.830045916115,1329.4624126932197,29.33227648731727
7431.623795248393,1244.7356654692605,1398.0106329682574,244.3667264358719
7569.059083116684,6582.348912240866,588.1302320004412,334.8707477970508
3411.6518868012813,5881.299057895295,875.8028430739494,200.04680067575515
7350.708436149193,8294.62853954497,136.98647898846744,2.000584465406418
7227.085313432262,5670.962343847496,961.3931993313436,70.50998344659308
3716.5193576525867,6463.897031369126,1303.5384410103788,44.657390986356226
6838.6319913834395,5525.797497595489,1259.4052840811953,7.433224878919232
8132.171301559052,6424.638876588378,544.6921293210183,57.41557399929765
7312.725579861928,3346.9412087866,927.0728689001083,20.304285509461963
8882.943100985158,9382.95133292781,414.9605898663329,92.46163367751458
3957.560678353543,1120.9489583803131,349.69293579499333,328.82343487124973
7284.829613603851,2923.6105696420946,972.9997286682453,147.67535256204047
9955.89474185951,7066.17747072959,895.1223460808669,359.9330869518421
5033.446117584646,6654.65740211819,1362.3867464282919,106.34920076052241
9442.3891987879,4302.793685926372,877.3877403587328,219.3396011428203
3365.886788683468,7720.28937881502,713.8188094140031,48.57128912414434
2584.6087643817928,4012.5237065819815,1249.4922741563087,17.397417690217917
7463.157521195868,1338.7780958899045,1345.2530251497733,87.95948967192125
9044.721099370086,7624.111736388744,114.10858927417162,72.9029181532172
3579.8652698893075,9079.258582328548,615.7729604671906,2.412676931287198
5445.027744535621,3815.988688871652,535.6758563356535,79.10328301471758
4158.341739435895,7908.223979710119,1002.3082406243926,267.03868670104686
5197.868884006421,3416.3500560637367,752.0113857553797,269.47283926311445
3032.137920123122,7526.810102871243,902.1743668880388,94.53159689853254
8520.907300046925,3889.227313049103,108.05092636038785,91.9582536299562
9828.225067913463,6958.825732763431,1032.8353591979267,147.62429762742912
5341.219773139791,1739.18472023104,1336.1515165699611,113.78058445408118
8062.900304309687,6068.186204453066,72.25825593115837,64.5512186285184
7888.412842151332,7318.331519982743,576.279452332525,119.75216368977934
3502.3790306161586,9489.355441769558,966.8509315044397,268.8414546577459
2637.6768241709847,2002.7304403363858,496.72818203292127,86.27677821278871
3539.9866003826123,6517.118536064472,550.9039756400446,305.5775470583346
5367.593701265392,5902.510977249152,154.66710420703964,245.32093292342887
9814.075859036771,8013.839510058312,1312.9088580644095,168.1108701517833
9912.497291644348,4964.426299921735,1285.5994028654188,218.95420803117113
9044.54264893028,4898.383369517931,1188.943903994737,179.30114798545327
9182.106377043961,9951.371031843682,1335.1811149129815,275.2764655864875
3235.989813815083,2057.364369065979,460.7960646642184,38.81008400365637
7236.871758434631,8687.803890955842,748.0092292773015,326.75792155467843
2714.615911503496,7571.183812002783,537.76329102476,109.24709030065226
3400.1837629787988,9032.469608795225,976.6388677086438,147.13105816147927
8158.732899019481,2124.75905775144,1497.1707736174094,18.088018735764066
8849.53551115458,4087.2996759905623,533.6945385360455,50.05601537934823
4795.403151752209,3698.5514811207618,1496.7059279021928,210.13573598775176
9462.841794497537,5134.642484374011,1102.6031499954897,218.40568466780124
9943.975482022393,4775.999207004377,151.83085045626865,62.178233746571316
4342.319300826051,2320.669499634382,228.5270037627439,162.02410947745648
8203.386591377217,3339.272685873311,1053.4176028343807,337.2629946373663
1414.8866000085159,2946.38714813558,388.1745842704526,179.43787940934627
7619.387560708852,2369.9464112003943,43.48348491173301,317.13469885649425
8630.767046299428,9192.324028909621,12.705781490052482,203.2193943905889
4008.526999474676,2956.543446256737,474.7321797356972,239.89284310368797
4084.50798656865,4901.619477336562,390.12513552998684,139.52123305331583
9868.851139885768,4308.210716165825,1042.231473274915,278.800988763991
5193.572356646938,7896.2980854379175,1406.538552690658,71.04664257075129
3773.0517418412473,9486.502568720074,1293.808451939079,315.63511671282845
6892.50612874997,9592.361493085384,1213.009771123327,241.76269387510416
8172.781317556283,2885.4905485481086,34.715996716631366,308.2516186016807
9808.211749649096,4298.339378458873,417.0986368328576,13.116027275857991
2301.4391476015244,5139.4376968290235,1426.4202428065828,238.01647689689372
7340.125422001384,2504.4931609224736,569.0807492330154,265.1049297094504
4547.73101487502,8017.483977835976,1109.3677345289054,52.06013679472644
5586.644293374784,2934.616717279583,576.8458163235238,151.69852147955126
6420.9761584338485,6388.4302331537865,193.50137188232628,212.78148831412904
3079.928161372085,6997.304659027838,952.8361310044883,253.7677842988026
3782.6215029249965,1462.1898971351666,383.00584744477294,13.30551519035538
5306.433232297081,4793.777276832066,103.90194432237891,155.8407454222909
6017.520944807503,7601.234690562389,38.02898716313155,19.766627075021262
3217.9926441416837,4422.815568057751,677.8761869343517,165.15230140516525
4299.397157609519,1982.816238379857,895.6708176203717,119.72918465179713
5719.2130181263,9380.592833896575,634.5069778408783,60.66184295582383
3997.453686657652,6630.7417126143755,585.850144795097,277.27140475261984
5289.518071566798,9027.454720143664,376.6917864109225,268.6117556409651
9226.32953976755,5175.121258089415,516.4619234809254,332.0203871296343
1766.376340177807,4846.242577812045,1182.6454954182198,331.5768832684813
4250.810204674908,7686.031854313914,1184.652036648413,255.78023969969195
6384.129554721129,5223.530037885478,572.8878240469544,309.420702114345
8691.175093301887,3189.7633860771443,305.1281091492021,9.528078176775018
6822.834958281542,8944.937102233842,963.6866776262221,25.127928716247105
6564.679965014713,5303.968523602825,243.8335706767419,60.3091138220393
3871.3242111662416,9842.52530163127,388.06457003652446,170.05048243204027
1336.7588012430379,8416.768871088392,1078.007830433133,152.73848301953473
1610.0943791734715,2013.5768863428266,1016.0455564327151,280.17723510715814
2214.837266775633,1592.4694623507403,1233.5254992427438,235.7368400258706
4381.684107296308,1997.8566695436116,1292.6686223903039,84.94695788794687
2956.6051348380324,6902.163261351211,1308.1799436223605,22.428973097534325
3977.788125069574,9175.314146838547,186.12801309954966,19.365462748950055
8708.408417191082,1906.969718398354,163.11256678026183,78.3378290498424
7394.615857014629,4359.307418277203,1234.5807016393276,326.7890870446377
3387.8172614393416,6060.9625421342125,1143.1404525858404,320.6653034744684
7708.939537886735,4055.8983691765898,760.5287539797906,334.2843963961316
2013.8939929135045,4538.551340372288,1348.4726172784642,197.87998924425392
4205.176759050972,6010.293117136114,965.2965235505736,93.06899777031275
7661.5734288300155,9937.051167745236,1.9586842879659239,15.937809244207028
6048.7267456388,6847.545826350601,1204.778584246546,130.88859122413442
6824.801981529456,1459.2189128608375,1175.0129599263914,334.62712734087796
2386.212204665423,7767.720040690725,1218.29378770064,347.35472678624706
5998.753955610331,4659.664264847782,1427.1816180366823,120.4978868072594
3657.3488167773735,3484.5110705266497,240.3691285034672,192.04935375211878
4086.926093701027,2465.095647824681,201.98795168866042,302.80918753649854
6258.317883017912,3753.696293543447,1285.8278423049599,100.82335806882185
9106.597759652446,9614.212592675072,660.6969293793414,250.97109249808807
8556.864521467498,5523.829891487351,723.4668797722593,67.4956210264372
5937.312254846582,5552.115021880469,1106.8055095956415,213.52401841930484
4095.067006533904,5443.167325974959,711.3937249526075,100.83947873084979
4728.758560698741,9450.071156171221,1182.6864849687593,58.58099858263124
1151.754734281334,1612.3585430835578,335.18201713288573,216.6377017265577
9166.964918674925,7879.248749106039,746.2791981720563,241.32187359643675
7751.752622975371,9076.521183788047,1416.8135116353312,79.1377375275079
7654.246252447217,8740.410290664826,448.6033120537283,230.53279360115337
1425.8859934034322,2308.798486998388,1120.1305070781234,254.80673909234872
7708.587010810235,4532.007208863799,1434.2604073881175,255.44916508211068
4292.561506459402,3189.9437585460832,1391.3716898425614,39.78329789468804
8572.835449368651,2784.5815249773373,1406.6422519729379,296.8095604344999
9526.410108417838,9192.190189619334,1282.8060601690963,12.259878841239837
1287.7382950483682,5353.437127374749,383.02845573634136,145.5084809484839
8437.356512053106,8432.057432822017,29.82788893083325,179.86503406029593
5870.140371216546,5101.848559010242,976.9095373326703,107.50459890382585
8058.163839124228,7011.487460767178,138.687320298317,128.3421331478118
1756.2889963663192,7161.055641928695,1231.560173317253,347.50428817023715
9528.806027954523,7631.959937547524,1149.6528199790205,79.11724393037197
1687.9062687253363,7369.282233404696,1067.079578876615,46.0761426108579
3449.1191044327534,8541.897631882168,695.4240903550327,60.26521976867647
4430.784286268985,7885.211026292254,982.8315573700659,289.02409710791784
5843.259559924437,8963.111219224247,801.9339304260366,57.787324106732626
8692.936925536931,5742.188995221687,1421.3522984373615,106.86602752416509
7968.030051482823,3824.6979754628846,1494.9422800834386,77.09586638604897
5402.691968871219,6530.561553718375,209.96973276736313,246.9601220054637
4331.4297689592095,7726.466658706365,133.3979521256234,37.418086276757855
7402.669813525079,9128.6148620832,1126.7124029585257,192.42175002520057
4283.445949670435,6787.203631905116,1305.7798105458787,131.65505350584795
9694.37087265439,5874.584051175512,514.2663747771005,290.0281368571869
8783.436285081323,2816.7545407987204,1162.575297330064,335.860623521956
2414.5977509553577,8919.908060666927,714.2578817385821,26.298647508925917
9693.095871538815,5474.700389805805,1229.0878868893615,3.547162805076864
5680.319707742903,6848.467245658388,495.7440658023748,17.549875074179756
5833.0097557041245,7650.395781668515,702.1541398177122,152.5679882483253
8885.600390116935,1142.3947794524834,671.3344066303983,14.374171575998188
8804.606789502872,8436.367969409357,738.2479642326822,91.04559271187703
5687.968958194072,8060.288664105272,340.1304950141807,178.31418185026808
1312.5996426309348,2137.0236883769035,818.1945674518782,269.4644029498879
8048.038118539454,5451.621891090681,1366.7798780405615,285.2348213534795
5186.258356690201,4413.158309914597,972.7818278452277,55.63755446142704
9433.947698164598,7055.3697292708575,1100.9465271737881,136.22005343238183
6741.237493345836,8491.868887691548,1235.383158758887,235.48563254812657
5760.549854806526,5515.292266342744,268.45088026899464,196.25877956708516
5095.493590686233,9042.156773602524,1178.5549965615676,189.94965094297493
6869.295071120307,3223.226014605419,1208.4244793016128,339.6053945251539
7911.753269188926,9700.579080039868,966.5085705252766,16.263846412799836
7460.214642045366,1338.536496683647,1152.2618084211006,351.664242088626
4795.372240375129,7768.563635864048,254.4257443476157,51.98434075469146
7433.7991840724435,7569.010259090573,1439.5931594149029,301.65365588539794
4321.151957507971,9777.988061571014,238.02394746313425,191.28830510214638
6596.559524769456,6768.786176486278,1135.0127182132262,153.25635233276057
5527.281504617935,4459.985021468088,539.1019608050357,274.0730240168187
7136.089179200384,2225.1360346856077,1452.6587366735205,345.5583619169218
4879.377070815741,8312.541146653795,1379.0672880079737,267.2398494504432
2441.718268646434,3918.635022060372,439.79918622372765,141.96348885223648
2129.513081898267,5669.601045051566,596.0595253639448,303.5647797792654
7267.16476268648,9196.556234981465,938.7186532058307,69.58153337788154
5525.831053237583,5261.290274559333,818.2696780562517,7.94025260968717
1780.5580106453476,7501.392055860951,862.8935091460075,233.29677366463923
5256.236049607241,8909.981996901319,110.85323045666053,99.46764218104583
7217.4885896695205,9083.247845027552,1164.5412637262257,93.09521381286083
2827.898189635517,8199.458304137877,359.809191385569,85.62305512502981
6462.379423595488,7056.612089371291,6.978947079115691,282.0769843371057
4224.724915142675,6709.694819024928,1420.7722857252063,101.24851268984479
9775.31989217271,6766.860180021005,843.8904355280013,166.84305231110233
2196.809444170278,4815.117721661458,437.7186336301082,114.9854138555163
9290.684114217675,5025.220008826094,120.91844977174988,254.75148101973446
6042.1270685464915,3018.5406021346735,331.1582286566814,230.65640822404703
2522.829392123658,5158.581619279138,1034.1457911035693,224.70011319036496
6860.892089848083,1221.014184665467,302.9525142773294,12.48932469275524
2044.904854182998,4609.206744543532,1201.5574821775563,202.6680252632089
2453.164570839326,2822.650035158105,899.7181061497974,322.6805702356386
5740.618801409979,5327.215533447819,1376.1990712200143,175.796531247499
9815.661029507733,1547.690893460898,1159.1253115449988,293.9391871582239
9894.530552969261,8469.489627387336,685.8054688921686,165.88819706714966
9521.01404956915,3762.3042947178815,1386.8021647124683,218.8647707472307
4697.801969263062,4942.035766813121,617.5415303536117,279.3338225911717
2987.7397781511318,5079.820270824552,352.7016751005233,31.087632004323776
2449.6014171351335,7841.035946172158,897.5005075395472,329.8614460427384
9174.036189901093,8855.984368664202,1384.000288325382,83.58585239355737
5594.941445991035,4398.280282005245,1496.6159395544585,314.26378277622103
4502.095650607658,8488.792399364722,292.2046687488512,340.0225968530129
9114.972740431309,4717.990064336291,1103.1932302119126,318.38930654186396
3782.309612768157,1670.4350923215459,342.9797990784187,293.7026679553185
8109.262545406917,6201.435368318933,513.5295981673582,201.23327553259824
1870.979946599045,1116.3651630169945,409.4820017198216,147.92944835611476
7366.826633956035,7154.434789923052,1376.3046270737927,55.28468716255923
2714.6531331366814,6075.692112327348,268.8869120808775,94.3141854311423
4711.9094016786985,7439.780996886007,1276.3563003104766,291.16394281086366
3886.8930857025757,4427.7074026105165,1407.9225511935447,242.14687227361856
2266.4718578056354,9365.268725873973,1437.1557226785524,319.21504025500326
3455.3537201227437,8682.22826037003,478.33229958308254,115.8071440326698
6934.833035513639,7765.906311912772,973.5431712415698,226.9341667955985
1265.1014000239802,3756.751872096172,1399.921996866352,226.93650219786255
7157.935490786559,2705.1064920232566,1492.067700671862,112.13313323099922
7012.607356138081,2708.9307043929102,1039.6512395729144,179.58813357682473
7502.947540857768,4195.052644730838,117.35549733663035,338.7111318603865
7418.835808607137,4909.998291487998,309.07599304841233,77.03821638203694
3854.0864800492814,5214.459215892497,762.0741736201707,349.69692913660055
1355.7878887246518,4642.060665229279,1131.0874149094097,356.74533421973905
9238.47172190161,9736.49315847297,194.86495598591637,67.25209971607444
7170.255931750141,6440.766131381809,1491.9527603049976,259.25861159521816
3015.818283181532,4288.643842162397,914.0603736321275,95.77483677647281
1559.9775872847686,4572.569021271922,17.251265876197728,41.21087371371497
1372.9897343661828,3490.5195834801425,1443.5349710193643,86.19739153170885
1296.5529373846427,2868.1217010347145,460.8218659205254,326.6515727420331
3505.0775966883625,3488.79336860746,1281.8536243517835,303.8840889154044
1806.274762507177,5679.424180772999,788.8319025725704,201.3578617460883
7607.581240358776,7794.203791155192,1015.707701759296,99.43631785662457
5323.341723245562,2410.072053294988,55.5164251989586,291.0098303781951
2406.154243807777,4951.677695932701,214.17867754845798,328.40600005517604
9601.700871062136,4874.479723048513,472.5424008850482,248.69623098433223
6623.623901246269,6216.636559436491,249.52680622672054,38.94341712874721
2869.7938801447035,8710.615519680741,1129.771315488066,18.20985343112379
3490.87867295098,5907.704286379264,1064.736663444808,269.47571183208686
3750.263103751451,1721.0073332420893,731.3620310061252,196.64303871909985
9520.29324294759,1297.1331347837724,254.19058064729532,49.951106156861734
9964.85819349809,4839.671364246415,1066.8887055742641,216.3943991366092
5129.249792890274,5003.443674847615,1375.992999753692,10.325254174524675
3689.120294835808,4673.308746545237,1052.7515973563168,51.75965764333694
3159.068190898362,5975.9947612732,1180.200067071426,211.70293681657515
7314.7780319190515,4829.27197620576,358.36064522762445,158.35555724424552
5493.518361533645,6923.828316818033,151.03113327468662,3.4905037238057366
3124.8848185428283,1697.4428018558815,1492.823932131574,71.42663752769326
3658.3630543758554,1895.2734629621432,11.5078787557964,54.58919570246466
1177.1089877008803,2449.3567959616066,971.9064415080907,234.43553188111437
6444.454397076072,1563.492893926361,864.348357233276,205.91223766776773
7039.106218262677,1435.002751437164,10.050573446796323,312.92828566809925
4991.412244317171,9511.796257509008,1428.7627675380393,216.37548207970428
5641.043999876393,4681.851895673499,148.74372670407294,47.917221617783994
5294.629892202234,5379.120573226795,42.35109601983019,207.04056370777238
1955.4886475676149,7791.084000939223,968.4320836232746,275.1218955817115
3060.1242052201833,1660.6196788968596,1022.1606078383913,186.46873350270604
4017.801322294437,5990.127743760888,425.9412675667459,233.03423111639356
8528.082238736948,2202.7405125165633,825.8174008234555,11.86664561023483
7636.3321036536545,7864.050852156565,704.2226158127016,96.80881579272149
8510.61681506239,1513.3752659286174,625.4815389023547,11.54901067445373
6420.913556698355,2568.184326710284,734.0821560284186,167.1610856310788
5255.095759972373,9623.006017313137,1112.2398717781027,253.70059579246956
9239.426846051785,2994.372327603979,1044.7457302138066,152.62328070194468
3851.9113536116342,5316.328238039377,1170.7391139464107,30.855885441090138
9671.484301898734,3421.6271772948703,1129.8181523193919,120.21635969687824
1543.3857849312449,7186.13879340734,1158.114325651947,167.67180205439234
4754.949429852854,2516.5429743930354,819.5534488739237,283.7989028745341
1292.65230108048,7985.931611972073,599.8723348919996,358.38573335100244
1781.76294768657,6066.360447144134,952.4996719115084,337.7718913410319
1294.0280235291484,4166.829065831116,1210.5749452097486,246.36215305156165
6875.71906306326,1657.2290733098425,1451.0900287495797,127.52008678021676
6091.765147996027,3533.5473816969543,1172.5643282699446,252.7339138670625
9909.55746659864,6039.5294604939045,585.7896740096021,345.40790690202846
8835.899159100712,7595.190510264257,768.1254321804413,221.26794308795007
8068.247783985898,5118.673074118136,1305.8491572124333,220.48250234423966
8199.672150700015,7592.957127585611,1233.3494359235506,345.6230399604978
1179.3902026731791,3827.821100512095,460.4539157979762,152.5742784192574
4728.9594986893535,9860.298497630556,417.3711916887455,108.07834612679802
2516.82407754672,1505.4304065514555,1293.4795362583145,64.94308689062251
9008.045598204777,2121.555408063529,750.6874998068122,317.8693804855495
2619.65972015022,3823.091243708646,645.704361096153,80.75921484427134
2260.2163557490458,5852.35716978295,1453.3100230448968,155.81709260799246
7238.429992005097,9102.184518954207,967.7526638569282,205.10638405988612
8794.276569158383,7536.314579357898,310.41916717304593,312.91108399968823
3958.857081607482,7261.497033618591,505.39074953686287,354.7286660273676
3843.552435649202,3952.8975256527096,1085.9478419689883,338.1561380606827
6098.959403523491,4436.580211622104,899.5771989056541,213.26490662380752
6623.521278171996,5052.558495248076,479.5286143355213,150.74760395433952
7062.595970267892,9064.22438780285,235.1226559966267,50.103875721475994
4791.237731402507,7381.11984645266,373.00759041149695,179.18665986516362
6303.677665318944,1928.1561908022386,1181.389330418397,110.46535746687287
2987.3939999702734,5728.880828368741,185.75572309475015,204.85075794889877
2298.0700904454225,7347.731340384314,1181.652408819705,34.404053596484445
1836.1966196001777,9318.909349219895,1019.7110504131217,274.77820850381096
8395.172159035363,3181.957234934838,185.60122366335582,24.305398808908198
3995.8435288734577,3328.279844899651,572.7171169776736,84.12220725997074
3853.5699164866364,3710.310800531846,812.7278997929585,63.9121522467174
2813.330063003502,3102.8375282982415,1404.1471076424164,302.31070524990747
8854.82187454199,7853.393057969749,1120.0090481367026,282.5350591981891
3117.7387234932985,5920.981244571377,1035.2706900377682,111.77137020068085
6691.896920376396,6102.127097781626,134.65050105883995,185.0779942952689
8481.092328905499,9246.459449675393,1302.6065925067455,131.16710391999808
1604.1154319584198,9503.042970786584,96.25046610094627,187.18643455226774
4311.8921715372235,2525.482847621699,617.139428618401,103.30621904418678
1952.4121167568217,1109.5358888865442,1185.8088568153953,291.7289006979332
6602.67882153212,2439.334163567706,1004.5716067762366,312.5154955429901
8888.596503629607,8052.160586232619,1365.1817930851068,260.8610088544529
2449.0484535901655,9865.319672876461,1280.8205983537528,196.65164423957782
3036.1704359186133,4548.418645916878,1020.0465242308874,74.84523192061793
8892.498291063952,9172.89694211955,535.2536031558528,64.42972877287262
9291.649122787632,1206.1154453310876,1347.6809644250961,211.84388674024967
2778.7076639714546,5487.098135708487,1015.800207072278,160.27153373242413
5560.052183865727,9594.360333214461,995.401459037922,270.41920726324065
8984.629902808832,2876.2061758860555,195.26667399128675,2.310477676951714
8564.579546203171,4552.7748592463195,624.8343070924635,208.15719934679998
6669.596377091583,3740.3735978580567,626.1535576517692,329.7434080168182
3221.4015693930082,8390.63895089187,906.3742098075929,273.46971498840986
1461.4459832384207,2849.054497903362,965.8644044466816,279.3568086282217
5070.705139825815,9251.018129381577,808.6232310382975,70.27648413397384
2697.3952164789716,3203.9278677482,624.4943678299196,17.104606797088575
4076.867419879419,7478.260756121203,1157.6965429032075,34.757296204721186
8615.511959523854,7295.5688756062555,339.375674350835,47.303595352866644
9462.06687312332,9340.639350013284,563.1007846941036,305.1284572656282
2700.9439365842977,8570.642131658167,513.0530111300031,263.8942455206523
9192.964785070579,7863.103970781261,517.1238672777974,4.676271595975036
8072.802307034074,9477.148100509025,1083.350012104017,185.81566488859528
1258.8445790174103,9790.484109030083,347.20499466555265,23.322278848030518
9891.555226419376,5646.002772919892,553.0021622793665,113.3104799593268
6841.031928088568,4506.394267036703,479.8877463412222,138.54664704698186
4055.6750354123706,5521.638861601835,287.21183643078336,86.50696832646398
7115.020903512483,1479.6859922446968,1320.4826390987218,235.75554239423514
9693.037821986389,4620.320020543999,1008.3331840874241,309.1179885430208
2737.7255052202718,5652.5681012205905,376.9316248104505,290.90027783490683
5819.530799382284,8991.160179639128,802.4602260857833,95.91445668578648
8135.569878729816,4566.082914365829,694.0904802283794,349.82466687780123
2912.926181947853,4203.895686971406,31.76411688329899,43.12462936254607
6885.187824320994,9979.80115499455,645.1020619271534,294.8438623239115
8238.180205908764,3942.2150324157005,1097.0458545807212,198.16902061332053
4190.119340781272,7357.363838809098,295.8607199556754,95.75338874561304
5528.769413662475,4330.485129584575,963.9354959313741,95.43044071775046
5409.598693052516,8334.14235111055,416.5204243419983,13.482026500132125
8149.980338952192,4172.816308314223,521.7275677776366,56.10336376252272
9987.302491790753,7047.650277661605,393.2816835019863,305.7296218206141
5013.8183495187905,9377.652914847731,732.3732546059059,192.7540724095303
8195.537445335409,7436.87903538348,739.1418855875395,150.60320518028834
2467.1312788184223,7834.023337413125,1235.5365298549007,76.31590494181918
5965.150397752296,7521.15183804268,1420.4868811369747,199.42072115631194
7063.198377818164,2067.492565605069,838.3199039144708,172.03911801883189
8121.557061470731,1630.3364239842485,1249.2197679686922,223.9291691077898
7527.3348452816845,6567.121800451138,647.2580753784343,160.28292890408028
6433.289875954564,3582.2489406314567,727.7513076808244,123.15510152261407
8014.811673913338,3332.6524921940454,29.988104453997007,216.8660632455992
9692.030523489015,2045.0717407252112,43.95702648814014,71.38019668059414
6810.097425894001,2633.7137766468404,140.9095802506852,167.2742985995402
3363.8099891002566,8385.902911822264,297.9147306827234,57.97332853179602
7284.126786805494,8464.984096520384,1419.1990848343248,16.733394816865832
7168.083138369044,4153.067704516979,1378.6529567734115,349.40959332321023
9364.475371182292,8570.086158401118,1118.5608646239525,103.70335702974518
6059.151413864701,9711.987651171798,1253.7696712741313,206.57837627961675
3364.0807323116096,8484.21871640411,1152.6837767180427,13.23703230286087
2001.7083003467674,1916.897783545106,1107.6487267999357,14.220323204877584
1987.5516635206018,1274.461165386467,911.0661697860844,243.38769744698723
7424.273168677142,9049.296237686242,574.1078103227063,181.0291618154298
7201.231943420469,9011.108472453783,392.90886740752734,132.13143743322868
1991.3041130246697,7786.978502302965,478.9007628093003,222.03471880285989
7887.315826497391,7271.02597833996,897.1744414447477,141.13778152389986
8367.055235191916,1318.3951957742327,95.89346979346814,280.02957314351323
1438.7317266808657,2229.2080786203105,550.5171838694035,19.685342679056973
7061.76132867321,1204.6785282926132,780.5933348505883,197.1068131303353
3760.121332716538,3393.041092685013,804.2537562576961,142.4365063813874
6837.951289430848,1660.8065080780893,649.5479106350841,69.23747753116437
8657.632482055786,6561.72517879233,98.30656627645295,32.73309611191181
2583.9974096090514,4929.9120449659185,359.01443086933546,255.51978758734464
8531.852215382176,7728.968596762135,435.07031679480264,261.6329071812502
1382.8267150565198,1855.949774350855,294.12436023278184,24.74571512816463
7175.778728933264,1922.3397695963022,883.0250300782677,118.66546467075361
7381.685458052016,4493.817141276892,1300.8934762492245,18.615488538860937
6201.725798396424,5054.907300783243,319.1497823168931,283.27223448074443
1767.074833992338,4873.617909427316,1072.365988593906,59.062053029093136
4627.327159155939,4720.579517801151,1404.8781553944202,108.18474212409681
5997.710320680087,8193.771780708721,920.0021009505672,6.795292792694898
9457.89989386008,9539.474321150159,1056.9552172674212,9.14704982081233
9214.56096280277,9022.02101011248,842.0158536736772,134.9719409868115
8004.735500251422,7489.364043571828,599.4884219791373,45.63210632982847
2058.6953203520006,5870.604896925545,727.6439856200136,43.97732424808954
3605.323707059266,8571.52379479435,1103.4277866535904,316.91252010448363
5440.817485473853,8459.866349726013,1134.2915818884617,109.89842273488627
5021.050432493601,4869.780801484864,857.2300828579545,347.0783951007174
7624.34466959941,3609.1640793761508,1264.2093423369154,86.78740091624587
8870.579067683906,6928.1328180976525,96.10261594930041,227.85654677858187
4072.3312282063653,2801.350957584878,1157.5814647517914,243.73759506271944
8884.687912318463,1185.3589632295393,1446.5933253541773,322.9730613711731
8286.596382542954,4874.572947045928,307.11223879237855,114.49944064044449
7846.804706203209,5449.817886556449,582.6333145452481,214.70666157420877
3760.752114370976,9137.870801985382,1110.746173277384,278.68895968649105
1570.8553931133752,3743.887781413846,891.7840217606381,173.7385984634538
9230.122990469587,9657.845181353614,889.1516800444483,227.17581969398725
5110.67645685386,7003.645760051726,734.9161355921112,27.385423442128086
7699.060907714916,7776.581053948673,853.4587176793394,203.28590236530144
6412.290798841577,4501.743879518595,509.9838268702894,50.804098479736574
2432.3279891848533,9275.424747808167,506.6434501910067,132.73123923543912
6761.349316660443,9694.718929892657,348.2998409406246,103.02861638663296
8430.504295545132,7447.9517626499455,1089.7009210354424,313.66495843039667
4681.969847533917,8603.841652647894,835.3183888491046,245.04508905700047
5124.576140777697,6163.643106364167,1120.6799361961612,226.80768901894228
3744.7169976000564,8756.387870679973,412.1343335221738,148.2011899564315
7608.894063793389,8579.153234751178,729.7087884796813,286.95434854432733
1881.920316136201,2526.595683226648,1368.3159904125412,230.49147265547498
3679.7770934952814,2614.576338973029,1402.776667229525,188.99841749412715
1215.8385604685998,1777.3430691042915,948.0345370799121,356.4980264681303
5095.691006985904,9449.369630321255,851.8360952108403,114.78813336183113
6031.514114018307,5819.798991578968,1084.4049656894285,69.25155691253418
2718.527436804874,5753.07762915926,89.42224773279641,177.8304605060829
3765.0466222409477,5737.297258409678,1392.884841797139,197.58338270563692
7609.716534118409,6137.346391664518,1182.191066183797,124.13691228741833
1413.3599552836417,6124.3396275534615,145.43568849574436,252.8941778367785
2564.1457785173257,9875.263899023663,427.94841789817235,146.01951325315412
7753.924299801342,8692.764800220124,880.6380750898907,321.7219265953329
1309.5878698739266,3694.4656619769457,1396.4880149691594,358.4824838230459
5961.5379104852145,8041.105151203935,432.06917588535424,297.4348257813444
7092.474045118141,6476.957526917276,521.4203371183996,227.23685623400598
8113.679247045958,5067.933994889275,1451.399542880857,79.92082891729926
1373.1613271531137,1686.7202272846393,1497.3761215364627,187.86440053211152
9543.921308541088,1720.6262022568992,597.381847221622,313.68747026640966
8465.189819748866,4767.838184485932,1431.6626023253775,71.8965538134281
3896.9239027616554,9098.728326259297,1061.7037769624978,220.171649567239
1994.5035757800556,3156.0346038530897,824.1953376486932,182.44447752611288
3660.6433451338303,1559.0006401455432,1214.7878362801841,142.02723826569292
1746.9967628503678,7176.1558336002445,1173.2473693149825,232.09523199440818
4530.339441929702,1660.8481161056902,101.92042420003622,178.74656918829746
9073.23584602638,2444.6999929176445,59.89465160316296,14.08692643076149
1848.7651200304103,5208.5516368258595,31.065642967087676,350.6538652612187
7865.478580269161,1104.0537541761848,1263.4402731542716,210.69909269469582
7409.6646102163295,1158.1191204477527,1443.218544413026,104.01961390229182
3405.546585154635,8752.932029555206,1333.752684845456,208.13617954162814
1327.8160711450266,2682.3784848362748,1472.0411682416723,116.33363550311336
2718.1500200374703,2137.162257003875,1316.876331862627,318.07372795387346
2176.030008744604,9338.392972581987,1496.4955430666464,270.6706292129198
2627.626387938059,5311.521881445071,1426.7224729087436,345.3933202520716
8837.073484790446,1362.7860400054897,781.4107036309078,67.70433509117335
5302.365478163493,1854.7690677179842,1217.1509520162929,328.42895243768055
5361.986051275287,5677.836918383394,134.53342115368588,36.05971905038101
3525.940135502463,2409.532122348066,839.327366632517,29.227400161097723
4336.746204841398,7860.267450578971,996.1461380951698,62.91705616704269
2983.800707488206,7476.4058380574725,11.41132801965202,9.220959690746763
5897.598546259994,9675.89853810078,111.72843466651912,314.2450359988474
7730.833788116366,9360.978699999778,106.73447187465013,171.62841290362346
9993.993589661975,3375.9991117868253,1378.9563913791362,74.4519117897539
5891.63352276398,3374.913807620127,1459.740530128413,2.131132753098218
3527.3575015272704,4195.094294706978,352.8210283306936,186.1266658661495
1577.0525023269659,3307.9121817046516,796.293804755625,60.25002394416847
2534.45176615652,7098.556976838552,413.6860443667899,112.1381107666502
7092.093284575234,6154.593348694339,1303.5330016169678,244.02661655643016
5860.9279660964485,3613.949850288897,773.817630317833,330.81918898268356
5048.681991169968,7334.909913529693,1144.9257651725668,68.98070662360219
7825.541776458876,3642.7296622508993,1255.2402297702815,28.33200429125177
7869.1891265565455,7419.407696192349,597.264285776905,255.78967430078364
3870.09626808022,6733.880281384385,8.874884127057154,16.92472976420509
6985.767084232963,9466.162765383096,206.98406081205164,105.68253287190001
1842.436671014843,5642.64635695864,1359.7877628780548,359.5361200644112
6237.988982044175,6247.0197034159155,1213.2368792222803,70.14116533860845
2472.3505512159504,5481.9875468033815,722.0630829827942,258.3844051106074
2712.0086373065797,2003.6400098032987,969.2748716087715,190.63804667629142
8645.422145822193,5201.487424800319,939.6645634975117,103.54944826906456
2807.3324191897973,8253.44530612685,841.2013959579843,276.03294601621565
7982.536260261547,8694.112574090792,1101.2314881183106,334.54452168702477
8065.347053539634,2897.8568609145805,1407.9442179906962,237.61369962201164
8780.957790310085,7980.074374182135,1378.67092892608,246.09278779192294
8727.340331483832,3302.2191653202485,226.2227013826486,114.98106616762
7414.194389063459,8845.642407674348,745.0351494143539,344.9446921378122
6509.153103663267,1581.4896022741752,1360.3367420009877,157.67025142611328
4739.120652518201,4992.070607481025,285.4217796900132,282.0977950680078
4065.922448996554,4462.322471043435,816.3170228436195,159.94435204373784
1674.9018750446803,4164.302623009649,1066.5516749323444,15.600638076445659
8001.96980332778,2308.634271012973,411.47260868773924,51.380137228602976
8591.621403757057,6998.989228501028,744.9323941406726,274.0096259753593
1623.246295333676,8528.622553874477,1395.1502308825873,22.8231537442069
7866.857432263635,8731.113095582055,392.0433868554854,81.05514836895006
4331.376057894338,6936.979581160561,395.0623401142253,350.4439126957297
6071.796312284468,2621.524337577109,33.26709896018783,40.21399436916999
1355.082909541115,6770.012631023599,1076.085692696838,303.50991816429433
1694.70937816264,2967.5514023437077,1380.7038222225067,251.8753540025763
6400.593623626065,5207.451269837773,786.7885728075578,126.79871826618671
2193.1696360957008,4657.108619916395,608.9258879773007,293.3658811986319
4858.910319823526,5916.316731180954,510.6492082840707,197.59784723945066
4159.891526267833,1691.3141957952948,1012.4093668335341,356.2199328533289
7271.990116915502,3859.7706963044575,701.6634724610559,308.22184015484925
3409.6584428151914,5052.114623501584,250.5469369982111,179.5672391604573
1183.1567308454207,5130.6261949333,696.0268647109846,71.69584544266611
7902.460348708366,6137.269008426024,1352.9551693709952,65.8751743829357
4406.075970729318,9200.582573347456,606.9397123992135,38.73416346303732
5493.109609727533,4855.601997915752,365.1854608641669,276.42924025097284
8510.624154952693,3191.635651106347,298.5681820469008,179.04868128468104
1103.0704734347025,6315.1666958511805,1027.856814566695,146.5642087659956
6445.423751305448,7625.742264584558,277.95648685116754,88.66740039330645
4332.825845166158,4220.435562189699,767.7900930968026,300.74540868336857
1482.0951077184125,4349.086298265494,367.03866322373915,269.4003912017254
7725.161732149838,9139.718002398204,1035.6273110534214,219.6453249106624
5915.9429004098965,6565.371542846621,1100.325229605725,289.14666210319723
5411.839489788196,8383.499169289837,855.0783362235202,337.5915646209905
5604.435159032389,5094.417892347775,1452.1288672588323,42.8828394485188
3694.637310203775,4272.225184506759,365.8737843682545,69.71813506820763
9427.006870057678,2056.2907161290236,141.73785096960015,210.3393128993175
4842.409632924757,9421.5490693413,26.648799065526536,250.9828394372808
9570.631065322734,3211.1355145497364,903.6249564408442,279.423583619043
9643.319685451477,6570.111559719942,113.05404322261971,309.9621432324877
6400.414118280416,8102.890489663967,115.0399574778356,323.51539472269843
1273.4403535277881,7133.368431555134,88.21130826293351,32.422540530485065
4611.948611466392,5090.119271171917,460.99690540917607,269.5196763949666
7955.7806775088575,1337.6438848239438,1264.745421753813,267.9367353731739
3849.7354647157003,9018.106299483305,109.96519537246888,136.40163000556555
3400.6064828617637,5760.741519217458,525.4199510096049,191.61068033935973
2450.7737940118714,5743.1477656395045,1444.8937606642367,120.78689824929909
2874.9322036940703,1644.985469062156,1374.6965054425739,185.5995382894252
6059.385791242901,7293.504135948408,1111.0262381862037,307.349449117874
6327.231984079337,6341.552062660307,587.9877681911611,82.1649650451302
9053.295984522045,3225.888716140482,761.1622463102897,254.85144806739925
6068.137189681739,6520.901761478849,218.8970957907235,358.10649120539006
5170.677096864197,9674.157851232118,1124.2872126752115,314.05650455061095
9433.850826027434,7548.145393884048,263.18502457212315,102.12513538881642
6373.214890569399,2871.3132426322036,458.78705861354564,47.53597621366416
3434.04720743917,7169.367028666245,479.7945951479551,184.83049345663267
6282.161959645704,2403.1378996310214,939.1224072655051,315.8703008643878
3656.027113654006,9867.55386422916,1344.877249810902,6.723976809434035
3190.0767540649754,2067.455419333053,653.718396585537,194.6265784257333
9371.169284517695,2941.8181023173656,802.145505261386,120.70834486032871
6189.158904758437,9371.964927299472,458.71431543431896,318.19800065496975
8356.555881448152,7243.872083262327,209.42459244237764,231.6851583286334
4569.493239501722,6299.993834957962,368.26583108772354,163.12870158111386
9974.325396062884,2859.200663179018,1011.8774263319484,86.6259043681751
8309.930735774007,3724.6970949916413,518.6979468964078,318.53308408121137
1813.9059359953085,9456.48093272761,168.32598128359234,12.590072930276117
9685.021375042917,3753.1520845840273,217.35958639509738,86.5060069746157
3523.7022578095457,9629.844423386636,1243.146700454161,195.2553852471361
7540.908845820754,7239.79400670599,1056.1451615084673,97.18953855722557
3579.511639271683,4949.203680063986,1371.6661148150315,179.22171630982695
9038.482767560288,6546.23334273625,208.47227886501196,254.1828274070077
3473.4716728030194,1656.684518641297,1405.6491532694931,181.722646317496
4865.4920966169375,5274.662424862614,661.0168764188163,342.9660084300114
3020.2139278377836,4209.015627370245,86.32404114933865,336.02225909205026
1464.8636132086351,2321.643833610532,1413.3868341060784,71.752630466303
3050.445275964256,2741.03452834275,665.8282237244413,30.668034632596367
5588.934091088005,5707.593061403684,403.67797248171576,278.7841873842489
5500.500837432379,4713.740046362551,325.7458228986472,279.6645881639365
1626.5583102711623,5557.623175275026,178.17014450463628,329.8386075718123
3072.8470062984497,1305.4830834142185,923.973754697371,246.58491189729966
4236.822155228176,9306.185461513594,467.44345017819256,146.29044755557732
2837.1602830198008,2091.733008687899,283.3120667530717,132.69588467261696
4015.2171023497617,1891.3741117796253,829.4792978131492,308.8980900891338
5901.030669198387,7165.178382186841,1021.9929896662596,220.73627770538022
4847.203631997734,6758.7731120786275,799.5500976075012,243.1536740470839
8379.984777675752,1847.2360881723898,366.50609843508926,61.316657893276584
8547.674316149656,3585.5610874365534,1001.5282399869334,348.3795505526787
6370.526061129307,2143.5754763450373,368.4748756002464,208.10831073323575
7258.802396894889,6945.454229275871,545.2246244948424,3.173739884584746
5744.3931776318195,3313.5420336287375,895.2412783135444,239.86609298827977
8117.688272615708,4154.834455002205,793.1437995287991,227.83131450930378
3806.4279289408946,8432.943824837646,19.850525265083803,201.04258986006946
9379.605840909337,4249.928152733961,922.1592823602202,342.6429700835871
6340.986123829457,2692.4220645107043,1307.7063106998953,241.21154708268222
2305.196667468491,9509.42396823796,810.0611830820546,261.97812033651473
7635.857347456135,1130.0072917720383,455.8444579080588,335.48229674967143
1421.93456456908,7197.8572838514,74.27987496766248,34.80541911226907
9960.453288399982,7609.153265484664,415.48346274731574,63.958215874276235
1828.1104077903042,2061.9413621036483,1106.9989916316997,49.458271820912465
2517.7690733264453,4406.3060910701,920.5941318787376,356.114523549275
9910.283605104629,9860.43764853232,1118.4169348393166,234.4053360285658
4546.067111125536,7390.337306913777,619.0039129091662,75.66398174519428
3126.5095656421036,6153.552182554993,149.76545955556523,25.525167756725555
8070.159870942495,8415.850434087562,533.3624601676664,135.6998347675289
1625.5712054242708,7925.72365520863,753.9482470218512,12.658330107353619
1166.2920567659053,4097.790956909572,1237.4980391955548,278.9738584668184
5284.967564443642,8799.065328881972,1090.5027417822068,174.69471130495583
3662.8924977091824,7070.640822659542,1147.200960528581,60.176056956099
6471.983965256921,6025.375166844012,520.4332888887377,290.7807204383798
8612.059756230745,4214.536472761114,1089.865737947961,132.0994047261917
6421.400179553926,6519.13112991732,337.4876480562544,111.44700651460363
6488.1583041386975,4155.328198802672,883.0365141204543,156.14073117589575
4928.213576119875,2677.5320472879002,147.99920531512328,290.10159082188096
6000.690767641784,6059.009432623514,841.3190655215017,82.38958683353486
9670.66731730055,5158.4722647692615,941.3454796823496,230.65384515783322
4203.365640595266,9782.480423762072,1317.8731628566006,217.18620626749288
7919.983679537685,7391.712122552773,1230.85828587325,27.219013853657057
4959.913246541196,3208.1431814715756,1080.4197309033032,13.886981777464934
2716.511317049205,8600.82616421446,1291.163235147848,98.97440690290834
5533.385975087997,3109.8549804259146,931.4936994335271,315.1371380074468
4430.123258938789,2857.846654510968,649.9443556566806,26.32790638281001
9069.390240071385,4055.1913413672887,1484.4107826307602,104.70639550852201
1429.356992626369,1245.36102679472,451.45854458437384,64.3598239616743
7156.756725804376,1310.5638390460379,706.464572631825,198.15036181055848
6120.886376910382,8363.396554960105,1039.111707937768,259.00364730971074
7187.497571051329,8670.763432888407,619.2331162598362,141.93876375405227
2533.7304746699283,3588.9646769455676,648.7638984966726,333.62193710927477
7286.397827587962,2106.5872827788417,585.0472540537303,63.99133244758712
6948.880912439591,1265.0501797360469,1112.6214481740617,57.76308305179974
4772.443096407087,7272.835089583726,1368.7612236378143,271.44017131851035
1763.774993097788,8442.857784336138,1235.8248085430484,324.91686587834926
5324.356128812261,5175.745315073333,150.21940350421823,215.71721201141415
1750.0484606275472,7848.043830032342,1104.3290866911066,91.01749711643939
6654.504344814151,7525.700227301883,872.8302812152923,37.388734829283194
9603.673476437034,1179.1312025594377,1150.9867456467096,108.61225321059474
5480.35777165466,6713.274423474755,183.0806844398344,3.024175397925916
8957.061357420007,3404.1311644253674,774.9210496552229,179.2244563866469
5823.377600110187,8374.462110649909,900.1791296568077,67.59962981096271
9598.23016975546,6526.83458651651,475.2561199834289,324.25195929438553
1161.0428903920738,4042.520521213868,524.1704928360824,178.9118357723454
9434.879973578652,4110.415825419734,29.157949133454565,96.23535297952817
2153.3736816958735,3461.938689384665,1112.7138672498454,235.3304205472158
7864.132331875178,1126.1316232127263,11.346476354184633,285.90922748040555
8504.15436585712,2574.987233421262,976.7319472060785,269.71827194205645
8281.881490542404,9378.114720550046,87.05045586308003,302.0500684779928
1116.6628125243901,1734.6572002828038,1375.6617727612506,157.33844344386432
7601.6338126788005,7164.547088988857,981.5211603678308,285.05785606193984
7783.252462971489,1441.4875179899275,1053.74260130472,130.92228098713414
6652.825708972365,4307.427148914445,1461.314060751814,324.9299303576889
6699.968320499729,5166.129298508819,1089.5836768679023,52.40364772205595
7436.984734311988,4337.621036808373,1215.8068312691194,159.02798246253587
8190.29572683572,1974.3108220842691,1325.8633850757765,185.2004304953728
2481.6025038355842,9987.003360335308,871.0312944972258,209.3956976513352
1592.3730614882884,3960.232779957772,446.3935640453564,251.99311944502136
9656.327852217211,2549.172506893412,216.49073780117553,7.229079519166161
9995.750353034915,9886.492507418232,61.902144094992046,329.5552701399055
8333.04940840688,2594.3573921853085,1108.3431354673583,58.722384931027996
4889.985293344704,2328.7749410242695,200.84520496318365,25.098420401720162
5324.13177079139,2960.6039902623265,1228.0517826470684,97.33451434630008
6471.695202822543,2902.9639604615822,379.385863584047,290.70301313660144
7412.938571694937,1608.806169444745,1030.9550160618041,253.6501245672391
3773.787951390984,3001.179707592105,1279.0702814728886,177.1541698914029
1543.8440346298105,2248.292690765606,426.18290725717645,350.2807381161067
4830.568730446001,6112.910875276467,790.8492326483237,126.43124229338761
7955.066010109209,7931.982446021607,818.6623294223106,34.68703541078848
2994.1412581902005,7637.859351968679,30.552694676346974,149.5158017030361
9112.397899555079,5054.147353807878,480.6848413235605,160.96376730956172
7354.021655147236,7725.4523074437075,430.46898812454117,249.577459041544
6085.071681773536,2236.3569943473512,484.2663766085666,108.63906794336832
2194.5506243947193,9410.635966975464,953.1037053854495,28.552001988403028
7583.317160356436,9382.813541729682,1232.7214816263906,60.527731651675325
7555.2564915707435,2755.330194586176,452.7609848316344,330.11547281617806
6888.259402700779,6403.797909850009,1373.867185446267,87.92931003956744
5975.694168720012,8243.202450754128,749.5569959853369,167.36583255556843
5825.729616939011,1322.286028928193,1053.8250791866797,143.50620617432438
5993.422416650818,2375.9380630023975,1048.5348134978397,154.16293852487993
8101.875143267294,1492.8109558328022,1274.3612987175118,175.27610776320384
7439.359539798336,2349.4814514683894,638.3773869493144,184.15945240352943
6552.835572144998,7994.994630712967,586.0309228787668,72.21460793084009
4155.582935533188,8981.825953211905,1252.8443521373847,28.82229803693926
3579.9971595516076,2719.368234851328,503.34876780914243,35.99088395175789
6175.737081002881,7201.708007764845,1157.776614202932,75.0147917925581
5492.547584463246,7245.472615699165,622.0048927574178,304.9923788383714
3168.4340066879568,1587.698700908057,1026.6301849294607,18.825442401396238
9203.655984170877,6695.2621204748875,1298.7701213120479,232.31785785321924
4772.054294298559,6123.598180359603,586.5082674976336,105.60230107473322
8636.889531385761,4974.5110671068815,638.9640252411663,61.31397341593264
8345.62445256967,3668.9016711551826,1215.4795544341378,203.97832313359137
5808.298833569477,5884.9399837652945,1127.7698460173892,118.48895812776878
5440.46446528164,7871.651005675182,1095.0199337551173,218.90387567609866
4479.311989030143,3990.8537479460897,747.3918986645734,244.79087315369995
9933.637387409335,8804.077367614718,1160.1844242767438,230.19250051488092
1874.7682660927262,9222.638440704293,1261.973088423152,102.33648161263231
7945.048265516074,3182.4345937056737,836.4934472148918,256.08812511273146
3633.4477085928447,3319.4549052483194,1066.6044046321147,214.52267132262543
5133.014710711841,1673.8150051163261,160.9051340417763,216.76195833556966
5896.685746274512,3875.5781975362734,1220.3799006257007,336.58882717974006
9307.657403623833,7976.944727920637,402.75768393013044,341.0707026254534
3970.194124962418,4151.3032846444985,918.7932785831872,212.33434955785273
9436.680578683043,5569.913900055852,1083.0630923357262,277.97971375540493
2999.550217476366,5880.3683829882675,1390.1124045225326,224.0619008314667
9534.001245637077,7395.196277506027,589.6882583618204,295.1527910263716
8547.006285117019,3130.854529185495,304.5903707341135,260.3804343368248
5044.035348052015,4332.005092435126,959.3504016788587,232.22267187269247
5642.249413057847,5661.304356329015,13.544527275606892,12.546276481156221
3403.8442641672304,4168.121515784447,1237.850179800716,281.8893826684516
7100.242051077104,8127.617218931548,325.1491875064177,351.07320189809764
9943.57065326095,8540.228601932477,1379.7344266112868,2.0909916865734592
3193.3564693478384,1660.0272696478046,117.48599797463339,75.56413377763715
7891.624629858005,9751.215403635695,686.9293873735129,228.09933179471525
9177.00104097824,8667.067213254184,99.74341035567564,2.210696005435053
1345.7672631956118,4667.846363102708,686.5577760278861,316.3514117356847
4970.141899357069,4503.939032951468,1385.2353106385165,299.0534937968365
1821.2081966143082,1649.1201393263827,90.53280086746759,262.59085941173265
7778.256506152314,2752.117724095576,280.77272926321587,94.6413235227551
5591.189195763207,3112.7845837580644,400.03651760387686,248.06395541533078
5143.441258838344,6083.749895709394,683.1226216610431,186.0747706677288
8929.386467274842,5863.745533006201,121.2405920767393,3.170965737441774
1855.3950988890715,2037.251903256972,1148.9164729735585,173.24641983234707
3230.965958148479,7139.552980670038,1352.977196931486,159.0042164432549
9273.722291147576,2866.218508841341,497.58012480408513,6.412985368815022
8241.842572999254,8890.155586682808,588.9032668648707,14.294688576677203
8817.744255340094,6579.453868856785,171.5680934921806,312.87460654309945
9203.421711384683,8261.756464329774,438.6318100155,179.71579502595924
7746.706773508746,4324.8692996393875,1106.3345479863158,49.794916206846175
3831.0930208242685,5974.2273104552005,196.04396750956136,279.40341692952063
5873.8158165291525,9114.457581239702,200.5550320495468,21.337378350999664
7971.517457003874,6401.5126371033275,908.4980740877478,28.754165710730046
1139.0152578350337,1330.1689509087964,53.737352061507806,296.9249641566989
6954.482793589311,5277.544427032082,631.2161260143592,238.0213223512308
9036.3274397344,1706.742192313826,429.9202530181411,127.54718362847825
3889.7249112777968,7467.00687376435,1096.3393314557309,27.959247778514623
8391.50236229795,6511.7840390319025,1060.655562067554,15.614626659880445
3414.379222847662,2650.3986059114827,562.7609848889358,131.6876372469316
7522.660815412648,9324.380597563324,1064.4280597725185,276.7229157191938
5841.865580939265,4758.023198731355,1253.7970474367544,206.1594049119153
4552.020620660186,2112.3217268957087,1051.6613605326363,331.10788405409403
5956.726255470826,4453.6776795065025,81.51964463240505,339.71709023745365
5783.924139022639,2061.8600465365585,444.76228810456456,10.1052960345306
3594.6711768496375,8025.006119378986,329.15720614968376,283.72755738499734
6935.8560967614385,5566.857004177946,1205.9458451047744,60.695746878929164
9493.132122200082,1254.2193900365367,269.5042061873613,54.50862632702916
3967.0821283019804,1198.6198410718268,1173.0062716182865,327.71855141922185
5100.4922770543935,9663.647546341943,1172.8995201284285,199.28154218249094
7582.359043107615,5558.957311755912,673.5976704346045,217.04668538605785
8628.915462532423,4062.4758397200612,989.9459214251185,196.34157862284727
2707.915676913265,9356.015276401942,1449.7490264204248,16.980840220685977
3311.0637718137014,4379.53325461645,338.5651551842656,29.024864784221883
8337.280607138244,3577.0871933615163,1011.1874824356113,319.54962012042745
8180.922793578428,8072.128853906138,61.31311100468451,208.12034884852784
6779.239478743417,9089.985692114244,1132.0565749936302,164.24905687834507
1521.36082637844,7591.235136369782,619.7534169659235,242.02150403552824
1941.4046216046606,7156.140923466442,1109.6030113811034,45.04284883730772
9768.905249037763,8213.793038903807,847.2172908861521,335.42252299388997
4127.511764990389,1462.295956192283,362.020569673847,118.17547452283051
7694.865583550052,8844.160667763532,1214.329598546378,318.91894102566357
8367.600391788706,2537.6318544852265,541.5761833961465,344.29762156344066
4902.445154399949,9909.462057482227,972.1983742282495,131.70887102645935
2562.3613929259664,5671.860638606896,1474.1198591911186,21.645873569417834
1518.7899014494699,9764.013104662501,745.6471356708157,287.1675502149377
9609.003621648075,3062.5629947138314,1467.9745271031652,183.05351500297337
3490.0056339653756,6121.217152336264,528.9945233709709,231.13502783791907
1131.5451786750448,2925.0326305129115,347.0967077482425,199.3892222915245
2393.170079835847,9959.879985603007,1243.0807014789184,171.1327684695312
2662.252020966526,3455.903753146499,880.8665206216709,358.781169878278
4390.9134969213765,1693.1208174675885,1247.9840109799834,238.53138374465422
2946.111045796759,8333.160988978889,1487.924704140801,58.54809424071556
2967.918233558489,1928.308894580341,673.500086839929,341.77827724725813
6173.83984317774,5456.80323774283,808.0879371938238,305.10685913845816
8659.712423302499,1148.4163812675004,1297.6366386874065,352.59897220038806
9804.080056081073,4659.895914611216,720.7591539851574,258.5465042226044
1152.7253063386165,8744.575477389899,663.9158898275869,119.01930053275294
2927.9733352706116,8507.15090770505,1333.7664987399291,35.783249955168316
8353.267162631695,7672.50764366056,972.7953352815572,277.0690263707843
2875.115130317604,1809.0939469526338,199.07372613498006,57.215539736389296
9362.050177701687,1121.7472902601228,435.9933980445511,262.2895836179629
9020.939861786868,7581.408885399401,485.16770253690464,149.82781562622267
4827.574376382077,3892.4573865782986,193.3398429468783,257.7153747252469
2725.0092520184844,3996.203993291099,1475.491170944443,303.39909816260285
7180.928280707818,3200.473424843281,576.7472770615511,36.97548874578085
3964.7575233845687,2060.10845734235,705.7102766552069,206.48635481606217
3180.9311263198115,4354.377276555266,1464.5620131050448,41.77403460557224
9879.507477778667,7729.296340810581,1199.7281917533912,111.92595172006058
8001.626693726728,1401.9111500075942,75.53078062931331,246.03174930640276
2247.3303696493385,5387.103955556038,889.379613520443,14.653171889470865
5644.551397971956,8283.673027174471,1191.9954569042209,119.45374265420435
7998.110937883309,2307.8756260430027,745.8528273991298,292.4392360378698
2145.629551908082,9238.98289372259,115.52950095067484,357.6859862733929
4949.139133862049,6707.019739557798,127.00100408896749,202.51930038044102
3396.679042759518,6575.465875209631,1001.6169829306856,346.09443375085385
2289.0908467295285,6548.191122801486,604.9752540838778,246.11896040859207
1844.3059355606529,4640.707442431472,374.5529751566645,30.828422798275835
5945.359100754414,8419.637571729,662.7466209120058,224.99397301094805
7749.613083523312,3986.893660118044,847.5679087067368,299.33047921933115
6726.361800319623,8426.953261331368,868.8057410160532,214.52427159410527
6407.382162138002,4741.354895020957,997.3106680213458,346.66825877623364
7763.669655405233,3558.0271334148665,767.6007500008582,323.8128041038811
1817.9521554190148,8182.840402028087,17.91701257216037,117.35384637485865
5934.923114462631,5836.96350862945,195.99081648500743,230.48232145216028
3770.1176032101903,8553.144458107592,137.96468836739558,2.2281344954926467
4790.389698327733,7520.337134326486,1057.5851715208469,105.34843818931003
1236.645909538271,7084.594892416866,515.4008651602808,23.818919826032786
6569.672232236195,9657.279777750377,370.67976387219454,70.41730220166701
9795.985212831256,4711.571983371725,1153.6889082570285,244.99624316667834
2290.3900818217226,9766.267299650495,908.5049899623252,263.22317603101874
8574.445889731143,8966.41444083531,319.3517786189083,99.59146337129715
5148.052036164101,2975.9000863015294,1086.7168846176928,289.44995873347557
3145.6300827886353,3351.342787338708,609.6306902637962,87.85216615194344
3330.9963142341344,9978.96400256964,1253.8185896007176,21.23479677779795
5826.25430719238,1574.7465408714202,830.1149999611825,323.7300399921996
5736.127988705426,9766.856443827994,762.6948171489191,36.1700718166447
7776.095376936018,6909.096106667538,1354.7578463938853,57.48312650007745
3705.2565307192417,6189.897733178355,61.270357297794476,267.28962298999147
2384.3568344617715,3323.1273578417454,971.22310918169,118.30787542188618
1733.7479549765626,7925.344577517497,222.99507705800002,130.3513111592721
1770.3426283940416,6335.432496406888,112.18496856668627,174.36316279004387
6312.884674706438,8900.21732626432,1051.0769977595658,65.68647471860648
6418.964685083926,9283.121897661109,617.9275653844305,277.3770067313515
2331.5510748274082,4653.98101239403,62.210280748055645,146.4525369741446
4482.230854391846,6246.8487165760425,484.0603175427514,244.78851327396342
8314.400636991482,7531.632570182159,91.50451215552613,280.0885184792926
3992.156487461652,7284.362346251976,872.670717741754,146.06812466776
1758.2818168406648,8544.565439858192,1103.8042125130949,287.1241671429713
1734.9153791666158,3205.5913778083004,1357.2035658316836,287.57138844632766
7900.102113041275,7015.235584265842,1285.2489632471143,185.6397114838939
8220.200207439797,7504.136803142044,588.1787576573444,149.91675720205893
3396.6277289502377,9877.21884741571,951.5441900102496,39.06355142049689
9825.776374597905,2752.056322990288,231.2873472424538,222.31159005737808
4723.713331581541,8796.986494337176,1407.8267897543667,286.3798867899456
9085.572270239572,2278.737331893235,350.1223353333545,320.5080415892354
4659.504760313508,6468.996975461581,1081.473888298969,265.7425840534955
6291.012039141206,1365.4289723586216,1061.5241756980229,148.52747104478277
4050.3207039794024,2664.2294078431337,1076.6669047321288,103.11654511158969
1875.407250931973,1972.397975285077,831.9306500416085,54.2134035935524
5872.028272632687,6497.013311134631,162.36479276409256,336.23424970243144
7995.571300391137,6551.081459042236,261.79017256197056,241.69531263741322
7408.869731584106,6015.559917337376,553.8526812373442,38.71442870716107
6130.513439456295,7963.5772364188515,1353.7275669833896,245.58605147987276
5879.139612565589,9702.941823715104,726.246943970023,172.3540199223677
3174.7747187845193,8483.77374152475,1427.129013601741,70.2095741696758
4968.035650595424,3749.661892356059,1179.5991280684661,241.17153752595124
4778.493801959294,9844.667963469252,1182.8315033971169,325.7425039620718
7999.527392769358,1315.434904610792,1495.5599860188188,27.558248539585605
1521.4946243786392,2137.9143865566225,493.2326242137457,295.11161912350457
9565.675866537304,6215.529665221669,1008.667534707476,173.8875980225604
7797.602753063752,3954.4218378536934,1230.8294329614173,5.539586059000889
8349.44460786817,9122.993394250028,886.4372851393767,133.58445696732906
5533.137420746917,1580.3044400448266,1499.2691940028071,38.56553981155924
3922.2240799738506,8057.513676739923,527.3720778593485,288.4177311727278
8619.332302036926,7488.599668846237,1047.8538652761765,44.825630483029556
4017.910643400765,4385.627141050783,1098.7727907186427,72.19800452675669
4204.413011796073,4417.906155132882,97.71498947911729,24.36356073035019
9898.037930835155,5935.675815033896,722.2878958190053,311.3506687934019
7532.203627787884,3651.0792030228517,60.36763880702164,203.53004304781058
6741.665502439328,3409.29804318163,1188.5889791086788,358.1986240703404
2458.37238244907,3763.9635557778415,50.1151466107758,101.52946903485496
5095.506101434263,9447.529765955405,1179.653681261296,131.83264240458385
9290.950861500516,4108.184733113492,901.4583702762609,86.60066892241284
2514.7742513977746,9340.743734838328,1057.3478310643698,31.83304863439798
4685.8642235528405,7728.7504506586465,21.002627165944805,242.35894598007718
1983.162950560581,9500.618899124758,302.2761840716434,355.43338958554045
3124.1480389048975,8554.080886348247,978.741552867393,287.4833566937217
8447.342841600032,7557.461875050221,187.89914880213226,8.727940715479246
2817.0049965464304,7276.31297966759,727.9713037966574,185.45661009115685
5404.142770952896,7572.552113206167,1105.5178191682733,235.73016470747888
4696.360770793861,7810.000843962747,185.78609239177956,180.9815531259335
1482.6095180547222,3870.0850299619938,67.1472879429395,231.95712921483238
1903.136251900218,1367.3321772114584,513.8553623462708,125.44775519726151
6142.5603857905535,6789.886022795792,1313.7104041437597,209.03899397735952
5735.5354713851975,6944.614793138173,837.0735771115275,199.90950502219115
5443.644964369869,5268.061461807718,6.67787173138489,290.41604915724855
1126.5329795180137,4740.075965393495,60.257376310766745,146.70026351310997
6021.950351554378,3816.217043328314,723.3054241866324,126.34125857776912
9142.712793390569,4953.85106994614,1246.79739081815,82.09640536977477
7644.228877736197,4768.253223786647,711.1991480737678,92.41735387539401
8232.662351709061,8312.673601437844,47.171969791505,216.71324437138858
9449.319379389857,6921.826169794855,472.9909884508436,349.9197812657132
3678.1944595430227,6267.066461768738,757.5829263384682,321.8424576761366
6815.161924012139,2395.881823188982,679.7744254245226,187.35860823937296
7090.257647718137,5361.636775242979,1104.8500234636285,105.25946406445576
4695.045829786341,3873.029402989177,959.6280081963222,175.3730558871646
7166.454264256631,4636.563606399201,980.2716232365755,239.52292012060767
1610.801195365562,7713.763793735449,633.448292022031,122.12419915761762
6376.024149274457,3716.71991715988,1410.1012385989263,136.59274981587083
8119.685430293282,4733.974233603185,298.07318058141016,54.73605525375213
8968.737675677647,5460.212671436868,367.4774397684041,270.01669965812545
7451.984498215818,6428.272741187913,521.6639493964436,302.02518331755465
6223.4912672196815,4324.7670170561,578.3101554261103,312.9550361922614
5030.475978238916,7975.93883520654,1210.801352057831,102.99188169515888
7579.312037089313,1776.2307919264308,1004.8652413189607,200.45526783812053
7476.014163635931,8277.957054551604,658.0518770790623,196.47768240498138
9914.6695062817,4951.363400435121,508.18543484674893,79.68909406947952
6122.001697531969,7991.785340831171,1474.4019458335472,220.67126876318122
9018.697580140102,6682.64399174517,1059.5052474018123,18.903485083019813
9148.76579954679,4713.372345881363,559.604982659535,79.11488699472487
7799.891929314101,6880.971306804285,142.29753524650488,38.94429017978061
5631.925611277399,5289.325437025947,1320.0147032744708,136.07414736995258
7067.920719118151,3316.7682004000567,273.85260103518357,103.17169618396805
7970.597905736798,4842.665258077561,1271.507162746693,159.49338974831235
5838.269907601814,2050.6813143272893,206.4568959362498,201.36096211387633
9025.372814517417,6586.905606791169,1345.783270084963,25.942839693017397
5223.2522663607,7231.014449993098,182.06237393287887,230.36846709454474
9959.693741791205,6319.372687092004,237.19457224550305,241.10441295511174
5568.898049082087,3015.348812474744,856.2775308220213,56.63682452530783
3448.8745555578807,5793.325795549322,198.82402139220528,91.28571243244788
6082.9033599713575,8238.185377077807,1332.8373719424278,290.65774844327785
3058.188583726497,8907.958300929673,1004.2046283803043,290.25504299907334
9483.61412646153,9024.198617510016,1190.8751983892355,266.69598496500527
1857.195433443051,5534.913725347102,1141.0239354681655,144.6131503078178
2944.132556424851,6921.593392160655,1212.516947442544,207.56495145147105
9309.686419550004,5454.16903891999,851.402798645757,283.1404758171829
7397.6166515658915,4212.202946583406,954.0273059831147,274.9443082396751
3218.496026771017,6611.388200018857,766.0840499578165,88.59169046091407
3618.2009063520386,4694.704224917403,318.2849143446452,323.9475314073755
4909.366787638313,2998.4952362835775,1323.4020130942938,47.57364082748013
2785.5036384185432,4924.597298680757,1286.557512260921,314.01643446896946
2382.0544903226782,2336.2845804593367,1201.709566279136,165.06717328337314
9749.626536278329,7361.462959317988,794.2254788358663,60.85105085034683
8586.032024803213,2191.4817034313046,1258.8230121505367,300.5182827745782
3440.471572896385,2685.9393095114256,962.1786360253313,260.7011577338338
4639.366844302769,9449.635982754759,1453.9546625199046,315.18457816467463
6913.373184496806,2791.4312369659146,831.3432156631438,191.93202455300988
9570.20367351021,4207.574960227507,391.1147274444926,192.952456611904
3134.544200305095,3751.81221385405,92.1238734858761,324.8540911024789
5119.984947276729,9052.712735138772,1085.4248388465205,210.22165647242196
1879.8457800339067,4576.6396681821225,1479.085445886626,244.12689965390697
5762.167738325182,6589.588136286001,1122.5190078300857,92.80260838364453
3041.1829276548433,7404.588549316276,1450.7439722510069,313.52475536745476
3953.699117572953,4751.079056564652,265.75907150191506,62.18772395144526
3581.9539844101255,9349.859564592185,1086.1022708968228,345.77435261838235
8343.42818101542,4317.146387102259,303.45856422870173,339.22422888055166
3531.0983876163523,6247.00636700988,288.8511955346264,319.0419865926879
2869.4859421316028,6721.0635696847385,6.515732374351901,1.8846412008454971
6173.596458909838,7926.413904152833,46.224799099256806,122.846933322552
3486.4185775306933,1491.880093776932,137.4202003872867,323.446491932139
8166.418425445304,2325.4022578727645,7.164665474977092,97.5369432008966
7466.646595025484,7893.636614387298,200.82246750280981,329.67392876920326
9302.087606649484,6029.991655493465,1330.3552904743462,224.29547619281476
4835.705220305218,6307.110026989627,308.5216567016192,131.6965261966426
8903.588742296808,9318.014042835905,568.2923285891151,177.10108500953712
7326.665466424535,3763.540653812855,906.2195781873247,46.15320262087131
8614.013808742682,2528.0248794824747,410.87087823724363,101.76144137644462
2331.9899825989833,3121.0756618830774,1252.3684405094536,197.91120055166164
9998.762835375568,6706.822319985929,905.2369209948963,183.60669200647186
7066.8295300563705,9506.15449301721,1174.0616823538608,10.271305477119602
6215.104119245691,9717.22296433636,2.9498716853511127,259.07150472428583
6863.499727158667,5043.775285720107,722.2010664802135,44.90795851254131
1826.4750585176319,1123.7593884146488,955.6363248470196,330.5895375684634
2499.1936009839073,3048.2652402741546,818.5041012748422,196.09866735493299
8889.82380795872,2186.9869359681024,399.658084313647,295.9524883502021
6728.094434635799,1779.7999304703594,1220.0900463998805,284.02347544382053
7946.900068410358,3171.108719061044,72.35354780277912,72.38269794831496
9245.024948148679,8198.892425932707,1208.0891193110392,167.2847063584851
5232.775654616726,7512.996724135221,655.3638533987054,35.664929027151835
7256.484870939135,5443.198783854175,1237.6505370293487,188.63768574650098
6611.157344965916,9915.179765263645,1064.0302084292584,58.27176883768614
2141.95042649662,4558.685047952212,791.614201122153,357.5774290170306
3709.370729212908,4584.764776647472,16.091960479084953,287.03550946276425
8360.146633872933,5727.299769020089,548.1331738097953,338.72414133900503
1298.9902875610637,5743.095087859258,245.48300307826105,109.87078391932455
2489.2898655181857,9422.543590776486,617.4749573983851,337.36694397915846
5030.574655489633,4178.995512829631,561.2377210729225,234.46503522125752
2569.8267604219786,4623.004900739423,355.0570987317548,115.20057972901172
8604.374700533743,7604.9471088098935,197.54077436484624,341.11461740459634
1289.844399309925,1223.8054313028142,285.577520959494,11.038911317422286
3867.6288541647564,6154.313528878137,78.42025502468618,70.29993648515473
9476.393719317917,7204.188871540375,896.3336091919268,348.60373140082146
8497.0326676783,1790.0562240862769,612.6073104854803,105.46768147574299
1185.8306198685016,3566.7929735127223,650.4558146277561,214.5694158004304
2945.3358935853166,2633.8589754771983,1094.9237764501595,302.50392619443807
4198.42251643853,9168.668846686436,282.40103366067535,100.36602607348617
2694.0922563222757,9585.162832264787,1184.3943687620215,178.22762496741313
4551.887187646396,2531.0705872510634,970.2554255443235,328.9544557007222
1213.8198128803863,3202.310271784127,515.0770662643142,147.92683737264798
5544.890181414774,1401.652898326925,527.0069428257964,65.53489651197938
9975.396662959007,7908.779006282306,787.7635112087592,279.18756784675173
1101.2334963434341,9224.893711459266,929.6944455798662,263.4345323902613
4502.261953872183,5651.299589512305,240.78845052461668,291.23575659872523
6983.43991596933,2734.9518419899164,737.1869085473201,93.3220061988993
2871.0026350751314,5041.373839792153,833.7419893093942,209.88314705487767
6692.476316386716,2304.5130424788167,1192.3836952405054,273.87737070652673
7432.052271919199,5674.807637595477,801.0501825585361,255.01561910687113
8046.035085059352,1897.3468300874783,773.6554785639609,16.624332679017705
7254.613768476094,8271.678654727366,804.7891914354458,287.53684049069517
4872.3362059949795,9253.10774620082,1477.4609860750913,317.7619419195095
7081.47507794944,2568.934715244196,1161.417070362606,172.33498373429015
1939.3055387531363,2864.07885393587,419.7982987900515,159.9066040171866
5039.745379558759,6186.069127586379,1001.9697906423409,255.3803899379589
5865.41849757424,7268.952698223202,87.23093633181165,55.95913958335181
3501.866865993912,8604.88435961036,304.19076630441975,110.51493073253073
9931.983557670688,1527.3271720145299,1417.0434383160514,131.33220871423953
3002.5777265490706,5744.427774840521,709.5874587637442,27.520948446111294
9394.444987403931,1467.919255829298,1419.9661319590473,37.35255110155055
4210.264335309643,5775.448130836087,1291.7085669371586,179.1155127016402
9392.351353022976,8219.354363922812,38.53270318663183,277.32428617938854
1182.376893486137,4105.335307320802,1367.6627292590385,258.0543369964419
9383.870531808321,9479.307286013443,1375.7998775523893,203.99976649530294
3755.278443680363,5034.135592036312,628.3971503277022,111.02281167830971
9018.112653658918,6362.571398213707,1205.1950030815383,27.943449249056364
1420.645112228282,4409.047074496408,1376.420035442336,23.735027685304008
6257.540685582586,9991.251176095206,1187.3280055676648,305.391486046108
8524.317386887988,2018.9724369824196,258.4515290866544,307.2849968159751
2901.027778886835,9583.14838463066,1371.3978640260245,145.19440069308988
7727.588808413578,5926.492505744439,922.0618595107221,338.5733376425409
9078.039064971596,3883.9363665589344,905.2955499411371,105.35372991905453
8471.666099460756,5853.026814500309,1124.3700097313842,76.55724450443886
1545.8542488139492,2846.723435128679,1401.0802537181207,65.94872976293829
2137.964656043111,5991.630381381116,68.37441935488536,150.81683466739403
7940.9375894869445,6995.25610263111,533.7461285197588,257.1185882402331
7219.185675456306,5932.985395894092,1237.275059622566,50.04362214766129
9016.131838207877,5423.271892915891,1358.113118609249,127.27358756590488
6819.824803097304,7112.756479421613,189.40187794158038,227.122147382571
6497.045336550235,6860.236779718229,413.2360629687587,358.33399346465967
4515.4386329877325,6654.157873261136,1172.0774727593373,31.825292493982378
4088.939477631868,7556.267834753912,341.5562599781339,260.93143842995147
7177.837852341847,1721.1522733423076,1030.8294371563231,10.678033131515642
2172.4714271255402,3711.2469149908634,1283.5364641620636,76.15827929624922
7791.121728555071,7412.041800677357,404.8899844984973,349.16666491464684
9562.31900982334,1690.6043924602648,990.6804001618186,216.30830085421212
1755.8909797610859,4710.767303544581,1300.4128933725158,77.30138994311089
3038.4535503220727,1617.9049755668811,413.48782828476703,62.55988904468545
2976.595079127074,7458.059616864905,116.5052995565195,136.65528082891268
4352.387179002519,7794.918412740118,36.625849259007715,234.87149815729776
5329.430358856899,5376.298543794776,1075.605777926393,140.8360684874546
8557.839782875493,2687.987173995781,1445.9301364130642,257.754391624346
1685.1330456559892,5372.920169244224,678.9726889824377,297.3227412529563
2630.0452773816046,6259.727727859893,1485.892972312578,259.21923874566005
8861.329915559887,4566.14327181857,1146.6239355730834,348.4743139875914
7493.525544506424,1238.650617289222,974.2601020462757,133.4833002746737
8232.120911427195,4251.258873670042,55.81035453054565,71.24082348674634
5266.141900196254,3883.963183435757,1041.0155351659482,201.9341683002242
1308.2506889238305,7420.930625930328,790.7331069375538,50.332261160638716
6288.997099062305,8650.911036674739,1183.9552747518374,112.31020033838266
8204.326010065546,3850.3439308650054,1144.9961662595479,180.28349719776782
4528.824451871103,6607.606959446481,1192.9597627096055,29.136615764295087
8583.71031636906,9618.783115885692,801.4734746602762,80.0305568351333
6723.581603967911,3737.3148718789616,612.9401802375393,283.1942204419607
9130.852686841721,8301.174689379059,1455.3978773460396,25.195349325939137
7474.773973012826,3339.639693312666,1036.6980596299127,41.381980749957144
8749.683021089568,3492.603813911485,34.30965330907804,341.5471806411569
3045.4283854727055,5223.258352392735,1488.102203084391,30.982256440559425
3656.2179964132406,1461.0109632864724,984.7707893686385,315.3761911396899
7012.399691984824,7097.391815576643,327.6097635463505,274.0261939827424
3128.6559993980713,8140.80699931536,813.7638139216955,83.97909292340469
2416.697012141435,3970.0813463815352,1300.1431208762033,221.31590127817904
2652.451429162519,2591.8370190945907,950.4067122169795,175.92850814328872
6329.3119658180485,9961.403053717757,725.0249943480844,15.06733058114709
1614.299404960253,2398.5640912444373,796.2025917807626,14.385112455629082
9228.582721704915,2607.8873223893443,877.972034933338,186.65008421910122
9242.043492414066,3808.418747529039,354.59391590354653,284.6264495310761
9959.101618927929,2333.160812205728,829.3382895330075,228.9234501646681
2450.3505082102456,1554.622515262809,844.8107442542553,169.4489841470469
4791.012935684852,8747.320000094009,1460.94477479689,78.08531638921949
3927.9450456314744,2394.087405542824,439.61131161760136,294.8763690264824
2682.018607360149,3731.5411293510483,709.9223406410059,209.13928141790288
2776.6461553944264,5783.855116876226,744.473941737306,224.7417715960189
3765.31311671867,5954.264024964995,1348.0737943046172,107.17777432734628
5826.529754153185,8255.288888187382,384.4477534257513,222.13082472205213
9523.591207864214,1893.2768726785775,458.3773899401234,163.9284531216627
1312.0228211576596,5813.261359348757,35.73766407064461,351.7332180365578
5680.061639877627,4266.27918836119,978.7175511872665,169.4416983150328
7642.773310706168,2503.352522946991,549.0937835637841,122.30878226000134
4873.629038453597,3593.4296088142814,1329.9900427550003,41.45985480518892
5121.328413150553,5775.866072703951,1245.3027699036272,269.2789107646353
2367.9603101205175,5644.233216564133,1035.704323395288,69.96796348267155
9079.98568109646,1756.7591235118034,1240.7869327194328,140.56603107925073
1208.35848348818,9790.617910216157,990.724985544057,138.63318822931524
3478.09558690058,4247.354023124601,308.40202324984887,258.266949922321
2108.28195065597,5315.416971731669,1418.4462766735599,25.797371324358497
8859.939607403223,9262.150155610427,848.7647833277103,272.42701569283355
7232.821586589851,4253.227510418315,1475.002528981841,351.25139891608023
3622.647280998008,9626.890829880986,1040.4090217706887,193.90716825921876
8353.574833910521,3537.6083390515237,699.5787495812699,113.72764201740483
7987.587662815223,8722.580611253705,254.57767009909796,245.10583110753032
8668.181170360505,9807.522363947113,1293.782261478608,203.7113282265485
5016.69373465756,4869.671564318794,670.1806783479807,83.97985574015873
6371.150696036034,8571.963321317435,645.5164035850189,141.04016880346543
5701.782512023025,1754.3668061340454,1337.7237543345022,223.6459098460577
3692.090899602085,2321.881920369099,170.18636708516988,122.82228797927185
5039.189793826083,5728.235697825871,1470.5198685275573,126.87711624555146
1381.8100796287413,3027.94333726258,459.1138642758623,62.86728228821298
7407.7131220161955,9659.407697460882,1293.106657500825,255.82481582601838
9630.26930381982,9248.157301935644,480.61615254572945,23.63362455690352
4341.745771314489,6251.14009265618,362.58872781445,222.40853871752378
6128.858300992111,2452.5203544102915,240.40730897228755,36.32424717679553
6698.509235411411,8294.895953487794,1270.6554358681249,145.15754886367392
4821.410878442894,1582.968572253907,449.62426233094556,84.99405732207862
5702.955950543661,3568.060339123299,743.9425737384632,302.87565661796873
8138.172726256372,8030.259321128405,571.1667092456653,40.74879637398339
3984.6558562967452,9361.019222624496,928.6602973960369,106.52538582609084
8622.868464438037,6833.339129453823,219.87004986559273,114.44418301910513
2216.061260019811,6309.662912377059,1326.0854275682614,195.2153101342292
1237.9914573633546,8586.267485397784,998.3475914030568,28.435371703942717
4495.675965546036,5797.4962324264125,60.00910318922703,274.1192779073607
4532.512360129616,8331.172537595545,143.38097022292848,307.9169807807613
7269.456044000428,9652.264477493285,762.7304910996145,112.46082050787089
1771.5706605057148,1524.5932785447044,982.3566318442412,337.0507946854453
5373.693166870018,7940.740776538222,1445.5562307014716,240.91277829532044
9736.288289518383,6781.186296127152,1228.6814642467286,343.02781666539653
3297.749702064745,6907.701689709447,844.4702743296832,75.76845122781832
9646.67544445869,8060.85664243236,293.6485122028872,219.46688988397258
8706.119722222655,1778.9495106432055,776.7389205092788,324.684795022112
5951.452790168427,2547.840709644368,1322.1756232115902,234.34130883780193
7247.087624662185,9841.815147465777,559.7507865414901,348.68298897273223
3636.727560282112,2792.40784561899,1472.113011625328,133.73519045013384
9828.971451812986,2754.342320590603,1402.038412448057,193.77475349534961
4716.908613284702,7043.159303289063,1138.6583438783202,48.01524240172205
4731.423452217671,8563.043598535825,984.9214732457725,227.06975758537365
9620.36841223256,8843.57311677777,578.2740668922463,180.74341893576138
4321.1945676247715,8419.234011297587,127.39086882917637,117.28679915964432
2391.8675513667786,7512.0135816547745,54.23895440618713,274.2995274303823
8056.219817140716,3688.4480442238582,1200.656982385063,312.59333080518644
6007.171210930293,7692.617362591935,837.5354838435777,2.7835787209818657
4145.7859451212435,5156.097362833241,572.0444784125157,15.949163430324566
2467.0301811351783,8298.758351338362,1210.949978471829,293.05358406660116
6214.8625171765625,8517.529841061692,608.8940976939359,358.87053037049435
8205.20261600342,7137.677517249837,595.166167987892,341.534459544007
1512.3671416146724,8348.89576832874,369.99977264548943,112.39882680199426
6965.706434261393,6746.02360107959,650.7890541117313,307.83027887619585
2917.2546760921673,9046.533646268152,1494.1322128090426,42.23497936828556
6198.027698975483,5548.548629567205,1307.7285893654216,233.21828334301955
6721.722287674716,5348.563304656829,173.10238073002364,51.439593034842495
8542.639302181453,9479.482665283515,507.82927814319413,65.99858983251855
6209.653492729381,7290.010219170836,768.777978313835,141.95319504163305
1147.2568269511062,1273.3113325157321,3.176991122552257,36.63408931283916
7700.441580414399,4723.013374656086,83.86399115001804,81.21780439382235
4661.207234700603,4741.542129664727,350.75119572130825,298.3014481045617
3545.6694907666756,4358.763391122293,420.80243201727535,13.520350209223636
9578.674412022508,7526.747865332184,636.0305438614889,323.4386747864414
1183.2332234523885,5990.742525101557,1026.9192504504883,322.9671822395608
8331.98543693537,2858.1568104105822,909.8986925844553,53.77741714683452
7952.579653681336,4196.383378774667,270.79117453616306,8.68815752510983
1219.030357480951,8254.35295270507,992.0121250161387,288.17084380557077
6396.062023712858,6638.525182391755,996.0199109349367,342.9397071393387
9608.90256812655,9652.79514746767,848.7633039100274,35.08097228208033
6824.125523069732,9318.45135580715,1152.0568983480837,69.15574426196387
2782.023590804273,8304.016790517959,370.90914799675784,320.2940688566904
7999.458540928123,7114.732819346513,908.5291490391846,100.44700289274412
4698.918937155434,7199.468160436195,235.42476703089605,156.59245508151398
1163.5183116838375,9588.562573372074,1415.3753116257349,15.00596752668254
3147.9308639944247,2928.3394222576812,1393.219202705672,3.683218414077906
6687.696060935573,2049.3747576790392,1395.6952993962352,94.89190944191313
7425.69565087483,6524.921172603218,1252.6838811255325,86.43860016906095
4592.773823775284,7122.287219434545,49.874030295020866,206.60483789336448
3907.150131578751,8407.098130200573,393.31724089585043,35.11686219980869
2442.7789012975954,7170.839002298488,578.8995410110763,91.10093600861833
7159.2476247957375,7574.76613166421,608.9831359048229,136.29133354019686
6953.071913405862,4759.342289762848,175.86906985687793,74.6633602231289
5702.924471669586,4904.040214350705,473.2288095014539,261.50294182733927
3836.6943701063406,9785.454796033513,262.0672521856425,127.70685962773138
8066.474140863044,7663.222273016094,1031.8117268339563,197.2784227456968
7841.113685741068,2915.087754728788,549.4458010316409,341.4315355976305
1352.3858319469523,1240.5141754659405,119.56420503765516,28.543918722497327
3402.2879699234154,7286.742314112132,1272.038557746607,353.60958319883633
5393.461142873198,5251.143750305669,45.17403382366288,15.123191523700683
4645.624278632726,5792.661997700702,1361.0017063667228,235.858250917892
6874.365788779751,6839.2566808741085,1072.721257704575,198.19669527590813
4618.819753158608,7742.595278350284,1353.4192714440087,128.24797148686042
7963.006719942921,9066.741808360997,1346.1034828702343,266.41789289103275
7443.068455808599,6447.872133799072,1351.208732640504,87.1740521049309
4730.832829725037,5115.755059080067,945.7211456711268,61.87181805798367
4084.766949525896,1748.0881135706957,864.8273458412747,38.856920135588595
3770.830464841296,3945.575170985904,1182.0271487022014,206.91515797143296
2960.073250420248,4442.756528266984,869.9985894138287,112.1464805419066
7207.01390369526,6141.511907323433,1080.5229014942406,297.6609477330098
4986.8925354902385,2832.4907239467448,294.5720299661038,107.79304915114736
5817.685500068451,6532.371368030863,461.1714007564923,20.007766295090626
2433.4485303110023,5489.651230339971,95.65401966094811,170.43948678758022
8526.583363907239,1555.1209187368559,385.7118771476081,84.12023743644134
1423.2841042829646,5005.665870815877,686.3494775076816,135.13485679421132
1911.3199360970752,3522.3105077353925,1339.854986171381,199.48707566404826
2209.7842460508155,6226.724419435848,921.8130278574076,359.13824840181724
5229.910415272872,9363.191546187936,856.6503962647697,94.63981553256285
1539.442151516601,7792.750623562143,1043.7511801361852,275.941393893228
8459.007244924183,2930.207696778828,1321.3129875922193,177.6513008656277
7176.388291874063,9225.811225736734,881.3402024011647,25.719542459429448
2202.2335813732525,9872.140852346884,507.1027719210555,103.27135310225516
2321.2190951837347,7197.795495221012,472.84267232786885,63.3162165435943
2069.885031421932,5911.983159636364,943.6572650251644,208.58673049353342
5748.970460468282,8403.621089243472,716.5220221243397,128.89134457508098
3667.3117776586328,4261.143235404194,308.41751921031914,81.42173905128774
7950.834869296286,4728.822640777436,1230.7357561750425,55.920552286469736
1274.696652786434,5024.750574255338,122.00884149357198,130.30950746088223
6293.4647908133,4455.844376559328,983.5931386874529,161.79582588106106
4787.142049171749,5577.58719925813,1328.1996770678638,30.26978698010065
8526.934179327665,3515.268286522521,586.2322246456536,46.06545090055851
9627.46232115226,6636.596136959856,1444.559831742769,61.802497160472434
7261.168032479858,8521.583529692263,605.5263564094608,53.90125722407944
8681.170405613826,4913.287401649871,414.4393822674121,333.60069765344974
1217.9461900633705,4015.055842371908,1023.6004244171227,140.1178554220769
4216.323477860224,6136.604879447469,1358.4975170741607,169.9202284734488
2991.5333871130797,6121.65489567933,764.5954379144171,222.83365675404337
3360.0588068463794,9099.061970059085,706.2027164858633,183.57362765090855
1589.3980611892105,2038.2097725889698,747.2939769174084,289.4993204410101
9662.5383325551,1185.874332954006,1100.7272504364003,246.93223375797766
7445.827227614882,9734.633150332229,1144.4976500530715,260.41846051877235
6160.028149888205,5194.064491298113,874.3609746380984,322.0529689830153
3050.9367912719254,9405.395215940463,237.7599825700026,20.438203035511535
7627.637048726369,8346.208041809987,714.6397119963726,222.4355438669889
9719.44391568294,7027.599592367907,484.86233623042403,201.46928218988236
5645.04132670254,8499.779492369058,1116.486385174924,136.0868677064388
4874.9634012216575,9427.605005760715,193.64236471482124,276.2150872574302
1442.008653291222,3937.331151905055,632.1345818208787,163.7066620194945
9765.216687153557,8822.885388493887,872.0332124194211,216.43218744496167
7188.160037417008,6924.807506175054,1168.9497820582485,187.0295863357785
5309.559999310814,1728.3986711902603,515.7406208563691,93.82040089030313
4407.493932430431,5103.149361574437,141.45133112387114,199.43939472775838
7980.170186488031,7873.186958514656,587.4602177824377,266.7091130392826
1896.6178610249397,4571.389587941611,163.89771426603352,182.59416123587096
9215.959405246067,7453.727463583577,630.9791254328395,139.74191445846245
1984.8446187835102,7099.04879076331,364.6407282870512,43.92710758131486
7095.400533687184,8931.750979484263,403.4649906341591,86.69213561813183
5823.529120901967,9635.182572287253,1429.979977953777,221.6465267696456
4160.165250602423,3459.3132154541076,1300.878384148994,339.8443893748255
4916.67070738962,5229.877950188778,220.79222159565376,244.46421068959364
7011.909594270757,6103.80587327287,138.64748337062647,33.44928943912368
8529.551758033347,6797.591510657147,1092.1627692886777,68.96669553223862
8592.001268195087,8295.669088953391,634.8686271903731,39.64336982665443
5812.5369123614355,1618.7951425376564,1045.837014051677,293.1318204898841
5628.235907931362,3992.496998376955,574.6236597979673,72.96186341902505
3152.330762898957,4988.025745722267,1021.5919779783086,171.8427787312049
9112.48455028754,5744.2797903751425,706.0729117997073,333.0482351735163
5887.244850607318,1924.774143698401,203.72846611114713,261.87312219610266
6936.320652834418,9988.831048697713,1332.6995082407925,233.0226781528572
7866.852159548157,3962.5218050868025,157.63120955635364,104.79536023674174
4028.487432992458,2476.4453471866113,66.88484335317986,107.80964072649414
6104.26614673669,1925.323624240008,741.0961788978542,211.580478375188
7006.185333660636,2275.3792033098944,875.8661947488018,215.74704786179447
9636.7831145709,7239.412037731098,1318.733317561475,354.7561034550281
8422.031232730835,7376.801901099741,871.6235094188535,204.55510246248258
7492.240925100504,6624.1490175631125,857.9597130386926,315.7175237972974
1984.1723535389747,6347.5667590203175,332.74818964586035,359.48902366353724
6880.308292883208,7228.293042737263,702.5847069881765,268.23902720685174
8116.6283314375605,3143.825384018658,369.95204421855385,242.66914437932905
6250.826953686776,3996.015851791841,870.9314144844989,128.1313521875191
2898.5485597208144,4768.608923490521,2.0612555176756446,342.5486388008609
5866.98112456525,5643.967587927719,96.40102418842925,53.49236413690993
3653.660989265652,3312.115973543603,531.6918153446522,305.2413892689738
3025.7538894538384,9849.159657390745,241.18126648394232,121.73767019515148
3789.53259158246,8143.079260964917,1444.5853554844211,141.395733304625
1353.7270632068348,1612.5004385518835,1069.8201350344534,350.26808603358785
8337.730614529706,5712.081998119956,729.2833058574303,250.48932952296343
1316.9060880071747,8457.504745226954,157.3252004282689,247.6799829519841
4707.885479284834,9765.447408426064,1065.371939064567,194.92511460406905
5238.536380767621,8181.485847884225,1415.3610404019948,146.88919041514168
2168.2838750810133,2613.3760455438755,1435.2438197919223,200.7819771898308
7224.166789906992,4920.258624636212,1099.573469999882,15.695634246682927
1960.1234128499623,2014.464973626982,467.6231506660974,151.3694104411502
9885.544795253685,9894.163495809289,284.2894290427923,63.67491116637479
6812.073912297548,7540.9191974488385,1009.5335635394395,163.25989924467004
8221.004267360098,2496.3886048485333,267.5019216643227,142.6819765006164
6515.995506583582,8811.377364513079,1470.8000954604825,77.77844271480834
4719.479659549791,7026.958189389248,420.27265623647077,112.43626116867534
3401.330659792222,3435.6007772448747,642.8833841154884,214.84854429399394
5692.405152201146,9281.688984835258,566.2643043938483,254.32085490138627
6684.6346096203315,3051.6621055024116,715.9161950433842,335.4469763542208
8110.478941402964,4775.663391126575,1297.0996032229566,86.2112760893659
8531.672040291669,6384.226890592356,1191.3756691596998,111.78695300658191
7866.366624527398,6504.038626516983,1109.418668564896,185.30640449627575
7140.749511754798,5056.22001428156,932.1505456745771,327.46094841590036
3224.348625324326,5449.458188748955,580.5318853959318,40.8751094534537
6002.2828596735135,3760.1988234776504,1083.4727076140146,126.65864890390048
9725.510948092699,8238.966969586367,481.39505028525105,227.0764548417667
8529.215395297877,1656.2174062465192,1380.9928690888762,348.1125506606027
9046.40177642083,9372.018302017028,991.1321261098893,246.97991902681167
2196.3939993400963,8783.156497243239,943.8126576029262,285.36517730006955
4053.1935867643083,5129.749703990492,695.9399252026469,248.54584097457158
5951.263592822592,3442.6979884896996,1023.1805741390618,313.0212295547891
6506.72349125757,4110.460130148678,31.879338877512314,105.20783424695216
4408.266867984448,8317.89816825691,1036.4793852800426,18.7671369633948
8509.652352264868,5829.316480799918,385.5712470504939,255.1030991288186
3643.8319544430883,4564.416243457808,164.30183628528908,20.644177198832644
4635.052153414615,7034.52713205649,303.2587103492697,153.36858094884394
7615.965227687761,1741.2437077322684,993.5478996083378,315.08233974140524
6362.100762155765,6774.285473441831,487.58796992714144,25.17532363125075
1328.0831578229895,6406.553920142456,865.0448823418159,123.61173070463339
7346.692233140824,7624.8871697211935,1378.5407096204478,167.70657548552805
6416.364555685247,6272.5820935717065,1091.8581889063753,291.9033451786372
5417.741163192469,9818.243298462616,885.5714496239813,69.15214373601407
2372.4399721860755,1466.8073970715316,321.3870037352949,192.9180239148649
9803.811550243756,8239.380907029767,302.17523489444204,253.84836926395062
3014.1053929191116,8084.666619010174,158.8280749673352,296.6052966875341
9143.453569231866,2426.7244046652263,464.23829734419775,88.02450572176242
3237.9419523126644,5765.677195854043,1128.8943204175987,329.52904952762617
1219.9862831219737,1841.609000824961,45.62453742298515,328.22029814124807
7722.238724949544,6250.819652454732,802.8660384025338,173.85110099867083
2444.635788082219,7799.693483581093,1355.1711445362725,301.84720206406445
8895.71763964348,2537.5199203220827,1442.5756415045323,275.02537847067197
6691.995809358345,4425.841562337058,460.4488436675636,326.2592762732141
4034.0539770272694,2352.4033743354685,647.4777101069885,336.9082876571964
1762.9744629034897,5932.212457486642,871.2955439931784,142.18765947494705
4557.433584043399,4954.154305404708,1184.7101653391544,76.23793644177523
2138.1069434471883,7607.368680109409,455.40196890246517,219.4063572603374
9820.093621000256,9791.606674194185,849.8359712204053,257.44642944271726
5089.110875366381,4722.485273552937,7.4146725638024,66.47553899299872
2831.323446385514,1732.4611095688624,970.3987230318968,253.88139771482588
8988.486725656698,7545.61201034539,964.8078160652424,195.24514261000303
7846.205099000579,1849.0886845768446,850.5709812885665,208.97864613521145
9613.081109844348,1987.5601480381483,554.6501705898478,17.402868522055336
2464.741831911438,8309.964809816829,84.83391795715256,322.10610572740774
3679.5532975354895,5550.08755381114,463.2676838350568,109.290245840702
1398.820939985753,7194.999592931714,1284.0315925917525,30.083161709639526
6418.438069547265,9806.786149275174,543.7721406078582,218.4097621552623
9848.020524806121,5779.270827511985,582.9124803243188,167.49755325779262
4701.5968702766895,4401.958795228136,1331.0108709577369,231.70817261040372
8295.37867668931,4208.98995546193,295.2954780009496,318.7727028399524
4058.14048935774,9493.476373374655,115.78925788218041,141.3267289618373
4425.02960122299,3836.136434470045,710.8488932610405,213.0473519584216
6072.001913609908,5562.32364966515,1023.9316200388183,301.76389944258915
5691.245271277298,9668.80263302657,401.04272628113245,315.73981568376763
5288.857877098479,6667.760245816765,1447.7324548707686,138.9008351842705
2012.2070289857882,9000.938203454449,896.4976444673745,301.8709768532371
5411.121112916872,4752.739321960065,1072.3630041640247,110.1684073636286
8567.29810743036,3781.7335080455896,65.71910174450994,356.076852934084
9244.6413332035,8715.108146723098,143.30571439185428,155.33942541942167
2995.355373394402,4086.468855758946,675.0363702460832,212.75715922407613
9753.896057969008,5697.320736465294,199.05969432690253,316.81654037331384
3086.792973934582,3091.1861146159044,103.30243523637186,157.99312080643153
5288.539185785556,1478.5159091205599,1169.9832599101005,122.886138021222
3549.4367684810945,9740.75801701907,221.4533986912458,287.37904229376426
3735.311480213489,3295.507662106623,1332.7251975286642,321.41791173559557
8241.481985853166,5046.9750875336085,613.4541580609596,216.08139367965845
2448.890063549006,3453.423038834474,1016.1020583937961,217.6385637037363
1839.5174010452597,9767.542785214242,557.7532953213678,48.61498071825603
8839.141651327349,9506.954083410103,1498.1854788839055,338.3411764407218
5727.539244463443,3791.3255244825223,970.0093184155639,308.5171097578112
7168.699680806617,9912.75035464385,918.4255521913042,78.36598665160652
3911.013794795116,9438.259838319264,384.3917168196102,105.47962850533979
7913.25094628227,4039.573252706929,1008.4105986308061,338.17803233599966
8125.706645262324,2389.1344025725716,1202.192171641107,346.98515482906976
4292.985113267434,6342.688964000067,1029.9164404746975,102.43978574907126
1499.9540052543193,4314.643873359411,260.63675013259103,330.5344427667319
9462.541847627921,9961.573627365333,489.3344653127146,328.5107803508787
4388.278260958553,1370.6565657038018,295.523893305212,99.95268281759611
8230.827741734603,6226.342595392695,861.3324229473981,78.70927419632922
2599.2665425063597,2655.7892401446315,1439.434992332478,261.9659909664955
1107.622961602581,9222.008919565571,452.1140667912053,191.80014278750286
8483.457383039848,3456.714764410861,750.0627813515766,262.8148358679382
5531.28108982959,8382.139341480917,81.01179428142115,327.9391565807434
4146.814783819442,3239.304151925195,72.33722486583261,60.745868068509736
2128.3280350559994,7236.274396947634,724.7740474119156,87.94612744041586
4118.100693092571,9071.596083606462,360.0099435886432,101.9486794840443
9269.032251305758,4543.721617277954,1230.8295543520042,168.89009180349882
4019.9850201729114,5810.870996032786,343.07196415817975,309.3472411908112
9211.564376459091,1355.0660933853633,871.3463511101031,311.5976301255539
6794.248232904442,3758.6767345314083,1213.746762556384,47.25093668988366
7221.18034929516,9037.56483076559,823.5091205501697,305.2990356803735
6423.819169895138,6302.862243738534,54.930345925838004,32.6366501223126
9258.435584907282,9710.966550322537,1179.2627814022703,67.1587248600505
2885.639799354348,5912.771073622708,906.0358746560371,260.0285399469957
6020.783688108856,9010.665281165231,515.2248102588616,149.59566229403984
6084.9690917234475,9361.610898190642,528.868672286406,250.25196366331923
8310.97217970158,3001.39432928365,1358.925933547523,58.533711979427615
5928.668366305541,9478.86226999346,936.3971443151104,331.05921843629113
1521.960736245963,8460.172483010752,968.0858682963415,83.22634605627435
9558.629905578135,5423.364545428596,310.53402007512625,13.08415360376665
8626.468738667078,7393.804523568607,794.5182243340527,268.35760036459806
3536.263242142092,1148.391236379251,375.136417953606,304.8884797073475
7277.427868947899,3143.8426603479156,676.8939722314253,4.4343088786972
9530.095061292477,5512.649169721327,831.7599300180548,205.92479961564365
2546.3498660763403,8261.505584442399,912.5104793296435,283.2054083425389
3780.4962204207495,4494.335101452687,58.758880489611904,152.7095734751615
4564.905745685261,5045.403969446361,1423.497913281908,321.77024118181816
4960.953527354555,6363.523550588363,1359.4615835613972,65.72452952707303
1441.210008338557,6415.561910957124,498.4427980804395,219.4808347060523
3841.4435614379922,3114.7028237500913,156.92762730144727,297.18009067637234
6286.333148732167,3001.842203577594,39.366235967306835,102.96789088926835
4000.4122647072186,1351.618907304021,263.5131350714387,344.0913308284725
2459.882135004752,5114.717500230431,271.56654853138053,297.2170428641701
1472.7004074607976,4616.6884227074115,985.4836490918519,318.26694818929917
5172.9090840762965,8056.232360818257,917.658442841999,84.84279444767837
6642.607086056958,8855.902922738642,330.4802089670197,331.6314374133824
6796.681255983565,4454.9415667686835,1141.7575286298948,158.46257657846738
5573.073118891367,5136.907961332892,1012.0344455389953,234.72332314124432
7688.029589796199,6181.076342399908,86.7982773286418,186.0744076746179
5746.083339721753,2240.3812427138228,893.4272843834829,350.41341138439475
5473.873787562115,5116.250326140318,737.1548477768714,347.8266119643336
9178.81067222041,4407.24618197019,1022.060506467183,15.703592534097407
5809.075643653279,2751.765096826955,98.12049725585202,77.01146993468173
1926.8831866944859,3585.638404286991,61.33789739562156,66.60798661336266
4691.211973831271,5375.936316419022,21.42134513206131,108.40275242262221
7487.904039281798,7713.669055778687,800.4548877723821,70.28500389505467
5144.551044060367,4712.010923203265,444.98123205839454,28.854210630354018
3412.0637951724702,4580.989804778316,1464.9480487928083,287.0152231035266
2187.775695248054,8213.60057969595,1425.878026978107,110.56751950730174
3610.944759021701,9720.709356121275,611.8869238782253,145.751266545315
2973.7373041446426,6762.095748110887,159.12655996290832,147.0922178567892
8065.647440106817,3578.0477815525796,418.6953570545758,216.38795854826904
2669.9810915389007,2288.1380827849916,1080.275728483827,256.0239203869918
8339.432308178744,7754.504664655109,518.7607702935453,171.7258825501321
5035.836944130702,7398.532925968489,1001.8528067225913,259.8594135972835
3290.586623381781,7451.352291625368,446.3938062543916,263.5336904668201
3436.31927068432,2397.4265443835143,278.2381778699311,304.9221657506985
8383.518846017349,2014.7795406628484,272.65374127953925,87.70892102853713
4207.843199783654,3739.289371485871,1397.5432276999231,313.4745658497079
6346.730134630196,8042.148246688099,81.36572306570397,155.64861684953362
6344.366616074898,9226.102446931352,759.050694271689,80.77557297499415
4271.601919583053,4913.713319823373,1258.428129035239,34.99837438440554
2796.0278380700947,9656.395380435493,1383.225626993306,131.40390294203064
3125.61324269551,1888.5738897678934,1087.6996675145806,243.83892808911065
2206.030555021545,7504.345945476037,176.55059196560904,33.34638578697192
4860.257308615463,7699.1638386582745,568.3283097730872,299.5529365215762
6289.62414450511,4976.544250922923,1085.3744432141502,237.73980875159447
5564.179135560716,9317.158062371915,41.7501015064877,106.03596043142778
9171.701527846997,3192.204204561882,217.8694136591891,120.4875596450757
7288.897075170347,5607.811185012861,1225.8985717793894,114.76990447301657
8166.805341066257,3997.7470352039736,48.52857925918035,258.61942631360057
9047.85864474278,4267.403944252174,313.6860469950363,301.70095744711796
8213.820539781504,3507.3954995009394,851.5198418553225,52.39754978377209
7208.248686965943,2924.8959608230803,171.781644191527,276.9256348023687
7760.423494410115,4887.222704743931,851.770386814803,144.50167874269033
3223.877926631131,8942.806157148521,843.1090309673823,193.55322444157028
6254.692526696191,8727.138414300887,845.7973175065755,167.48855536688467
8871.814183562336,3024.0863031374383,134.81571081218925,182.8664854886176
5058.5759677225615,2136.9453510493195,460.34338913590597,244.03468464824428
2439.1955286606644,8417.724478959539,199.59798899628865,343.33121808850836
6602.063453432943,9569.370982726754,488.2724394850869,175.82779353476883
1344.2871194492952,5609.669149758922,646.6224057029779,317.2536522835623
7976.842633279085,8134.835709704177,1065.6948383667634,315.21833040090394
2136.2972701745202,6726.894892268042,38.02899157788945,214.29979699658242
3399.5261159859297,1634.4333582960319,355.6837652102391,32.10326187293698
7064.485649981171,3104.128836948395,479.16047282603375,255.97596945398138
4305.404408896429,6859.014683405239,485.87104177951517,109.97656950705189
4169.8790999155735,6856.569050798603,191.75823512364462,270.1062793399705
7824.10595111016,6549.388174289508,125.07954591662639,141.11317073578883
8012.81826992911,1320.39086906023,389.83259427193144,97.45285063155252
9707.509496673134,2764.134824525576,617.8952245977734,290.9838864128991
2378.863486098221,5462.501218950357,1053.3768000747823,171.48235734746854
3672.171483302697,3754.708046285688,956.8305492665729,261.6261903374067
5252.373528551527,7708.22022055084,943.112257662952,321.86328323889035
5161.810815977366,6930.857643752995,480.7828853947609,215.43004318469497
6556.968747367123,5445.992804627543,910.1217075774244,337.9272768312979
8677.382262286457,4956.524346258831,1061.196139531176,3.3248040619109136
4058.8637790296552,5312.761310202044,911.7298033536067,66.38982316539011
2103.679101858236,5155.094796570947,16.352831196906944,162.0335623755932
4879.903268741151,4252.17118832326,976.0436923129884,13.262524647409858
2647.582324006433,7640.502348692571,948.0374216497498,253.60415553288576
6808.035423720798,7714.877012946242,1324.028798487139,215.20687619233482
9272.160335042756,6053.41620669911,47.47829520370245,342.9854304095712
9468.75070732109,7554.094856535209,602.4435905450557,60.642512001512415
7243.168163545593,4901.479567984051,242.87390733538294,298.72067213851795
2326.612739402435,4997.430075825936,1101.5575242162247,142.77703140343655
2729.1757582713467,6386.04421084913,270.08755131887733,283.4051067727497
6925.792313528134,5950.368062154748,91.62091994670162,32.87998426940025
7924.265662281998,3970.6784692127694,758.217608711058,125.08629151632633
3998.6934665686813,1136.9859349927153,126.44965292324466,194.7070499222554
9470.210671199144,4270.611559038658,619.3265309577628,220.19868019654757
8236.449308151903,2228.4715020251338,232.95979052260594,158.61638980939898
5463.672998225621,9154.095418813306,363.7567145248894,235.07137235098193
9484.496460706474,9066.32352692795,259.93215383085516,75.11917958874146
8166.421498335899,5121.500395588719,1029.5609444805455,163.07756834233223
4428.913321507263,2805.990535316101,666.1950846667642,270.5832139190848
2190.1384143278574,4806.092635790838,61.747442234003906,47.18936456053119
7605.5880982250965,4587.672955624517,979.1757103093597,209.698844271426
8417.00381990408,4039.083472941256,870.4342518476166,349.83261587770915
9098.17242200512,5901.276298417942,1471.7746401887641,271.25807609371765
6550.5090038410535,6828.990448926812,984.0192405370505,78.0915261490479
3635.190816241804,8228.485826821507,64.15231570137689,225.0943397396548
4720.734698572713,5805.628071619621,1371.9032005939334,284.240172041668
9309.834053707298,3798.2635755525266,608.3518239576315,129.9644063183928
8028.394039971289,1522.899147004161,386.1625288192079,343.8340890360331
5404.736521351572,2294.5536798792314,22.23486193620357,181.78383218601525
3521.5736663766056,5819.366569016005,24.854747997347737,254.26408067027052
4782.389141075132,4470.874596092359,94.49193420299663,295.61031239023754
9363.048586952897,4935.745880640512,1436.1348587894981,198.94621870580514
6168.355595884268,7917.195734438483,395.033721647705,9.899354063425102
6444.464982193172,4005.063589713169,327.07400190621246,321.422795863686
2884.3019718073706,9794.169738753822,340.86134786277813,40.767655925305974
1853.3704118858677,5335.672276757436,642.3739804745588,317.43729883438147
3748.4005029236614,8542.795177192484,1252.1126829582333,170.40904944814523
6187.732138006057,7116.184367286052,983.1911621372366,202.2867777304703
1236.2017323904636,2839.9806427267768,297.5260094985903,272.8673945488159
4442.588002989018,1366.872891639065,1083.4053845031704,45.33376561621975
1615.548217081865,4169.464734463549,95.85406647789334,193.36526329229685
6005.318109848313,2644.3863930486345,1131.3182555604335,234.8659952217392
6699.6970240498285,1358.2918094227575,1181.8339895219528,309.9807022191055
2254.575198314825,2204.4502960889495,964.4778612661004,241.7041010203447
8895.451175562757,9077.57972889861,412.95220132495746,257.21798352527037
2891.4717439078704,9367.245892023913,839.2634724666692,258.55645065794033
7933.803230663307,7150.958727887663,596.5703349701112,136.21881822556898
9140.277616844713,5568.847510181413,509.9503714016063,270.58332402327835
6907.682133380577,3457.64069807548,1245.254790802037,259.491209124794
6909.878799612282,9760.297145273073,417.05673770152197,18.708323832229254
6335.965999222429,2747.392666046464,621.0727770324258,40.96202125935782
7093.347365899198,3574.911786401003,887.431712894989,123.17870533270994
3270.997057048162,5967.721557757544,1150.6965615714587,81.59171459940677
5408.8437134785945,3821.007017859302,1325.8674935902072,174.7960488704073
2862.507125920908,4028.2197164591357,73.34722803616268,306.64482750542106
8402.812127587138,4693.675571591719,169.00336565568682,204.20417589465512
7061.159261909481,2646.419624558579,569.8778535813017,100.28202551204002
1259.9396483008597,1327.6303614872725,54.63396256865108,47.52387035902029
2095.4288806237482,8182.820140746513,1382.512026359744,174.08463438756098
9511.68742712857,6695.316572243821,925.9060748512156,145.24273522113398
2746.205037096004,5179.428005996628,1369.437756805628,337.3654981555555
7745.931733401903,6108.937012844438,1488.922506562664,301.2097701156233
6641.275623434283,2215.5952282220296,1230.3961987415523,306.769616215407
3103.2519801137187,2329.055428695955,223.90957384493723,38.0794519607793
4847.845726802513,7350.9795913605785,575.2447890925424,16.822986381888004
4839.10102546212,7574.198677564697,761.3159810662528,293.145302308705
1483.2965915140014,1927.9880355996993,80.40804456727714,25.74756545902595
5084.330632222929,8166.7493668340785,384.9069431972741,166.08401450703545
6540.437615799375,5292.658635561169,1034.8240600399333,151.23697828564661
4570.302995047983,1731.2853824351678,10.488186069523012,293.7688936414204
3795.4809481858056,3864.11099456936,592.6683839496229,25.68133698607252
4788.528242446044,7447.670097151991,814.554247780017,115.39952150576146
2154.831846893389,2305.1516514880873,1105.97330310417,163.64346851662154
7089.963665057701,7606.624268532761,771.9329951072555,147.37741891891852
9522.518990554921,7575.982786051766,619.5669377045385,111.14480208211117
1497.314736953244,4573.555012222108,493.41726507164276,164.48184160290424
5677.755038511459,3180.4544747034993,1230.8786585021908,159.05867928123354
7192.238888414493,2332.299876073584,76.07584558531696,283.94814077238493
5004.148241935538,2052.4562307812253,344.49844225365354,189.32183004666808
1431.6393474883164,4685.534491375285,346.0715864016896,266.9384814897536
3597.9696250044767,1991.6553347057481,454.27796524990276,316.1790295927645
2015.6543867950595,2268.6176870234494,1327.8583381093868,334.47399185351867
2712.4578522619304,3036.14002453148,941.2001235282185,49.37087473348424
5493.842849393428,4982.532600121933,1015.9892708328858,239.64643524962023
8756.708730594306,4791.039931464882,792.2587678295494,243.82469555024085
4084.7459067163845,2144.1678607676868,518.5008654993943,289.63674240238805
1165.996377447666,7608.1558858368235,374.60318649954263,93.72832794546484
2061.871284701705,7014.1243050068515,1297.2063828265534,12.288287859665477
2178.137406350317,5730.979656377885,850.4616653875875,71.43074779479609
9373.168843219719,8731.66777986765,629.7479095909275,125.71571837156709
5797.220390390021,1501.4372603953252,1389.1249732926262,270.88111954419276
5619.4937703826745,3074.528101266076,224.9538422266589,170.56510741155802
5624.7872311636365,1465.2370029675515,1272.1584044440099,194.2092206963685
2991.22409711584,2409.422530535303,521.9785735837869,115.88200725066255
3210.803640797878,6802.391580871385,873.3517068151655,304.39388233495606
3154.8643007010983,8311.93141928566,1395.39295269509,314.1326177339245
7313.9295071045135,7913.654032994991,1410.6183227013628,254.0656736427007
5415.096916015978,6873.080986186477,95.70768000805701,226.1201541800309
8701.478418075985,6274.247963607113,1137.0626082356991,249.6669549846044
6962.393585906573,8187.80898140591,819.1865822957458,299.64638408930944
7924.85979310467,3733.9383585567707,514.6481467888899,90.25982317459895
5280.055682589269,5555.055747368472,89.09850169078038,338.07133706909457
2901.274721817046,6510.854858827859,1115.4291087345275,164.8081072028397
1627.9264691004273,9872.652961496837,628.924525375561,208.38046222839768
2453.8735817577817,4737.789118187632,9.317710572645977,7.327605847634735
7817.539830501509,3747.7340323955277,1252.569419601459,3.1811049085574385
1632.4042946097125,9090.175847939288,213.90279927061016,236.15739389432986
8105.777160489639,4121.829473797734,14.733539820515789,283.58958311008803
8942.573173066008,1158.9986935503994,1305.6556143847938,279.1103039411716
1450.3329157848152,6223.35468634887,51.8719270234897,155.5002123142249
1227.5715026887174,6690.477794440176,812.5313124695188,33.966292706001724
7401.8479848376965,4569.171712764106,1002.6021713681644,108.25988874212257
9305.073515535292,8561.398787639104,390.67446870128873,170.1470725702578
8316.853361686324,3993.4304786429607,1185.0154948801571,85.21338259575374
8493.744608183708,5025.514345726798,173.76079245404077,46.388708574762006
5278.269881713065,3420.375710738048,1011.158290724559,327.64035415638887
6355.391449433597,5303.605225467993,333.5287146156426,94.29626336998159
1970.5380880097855,1212.366937556979,130.39407392054818,292.3519587539715
2413.772440272989,3641.770219402585,187.01677319208093,112.84469964578446
5864.321238130348,1403.6804331148496,585.239786505766,194.4968469470129
6964.265694547081,9100.87478546083,775.5382642916529,295.9755328436533
3537.640512521264,4055.992849623522,1245.3471333116831,34.48754172742645
2073.077943870827,9143.278553092503,1188.1967843338014,306.9703826539068
4121.538557537331,3691.329387291938,1335.2837091646527,131.78608629493453
9433.881683341575,3054.52345136956,1281.7605903218473,173.37716353805942
6949.881425317126,3048.754236939618,276.7713025188416,51.37760124984473
7075.606324173727,6761.728167144897,764.2149904723761,304.24986925970256
2880.4779001506245,4459.239152106002,335.58716257882145,62.30526109484053
4519.281037026409,1698.9839823617365,1032.2863352839274,1.067137645264066
9454.662502782603,1892.7141744522933,752.3670911680714,67.47249485325565
4555.37803178526,7652.904248788506,1257.4647636872985,10.724851454621334
8156.714329516744,5223.894174818839,1100.6986861634882,204.38615695000408
3056.5285788697433,3802.4601473299144,317.17129801648645,277.7504456925626
9150.429324798002,4900.950467738536,1009.1964500626456,261.4130562565644
9663.928850774531,4032.978971239871,377.443542478615,197.76394837749186
7662.324777115766,1978.8900837562535,1459.7817457941244,170.77459360979796
3247.5953202257265,7430.640679118114,1085.897576158513,204.25722307785503
5446.763673697067,5317.639030785377,429.77403871612813,189.52368766300984
4894.326653587603,9066.298623050903,140.383279243869,144.4737327366487
6309.71365594386,7888.205354802863,1030.6259131406764,234.6080422245013
1908.6150492630275,7024.748091972846,1275.6794934634706,336.9914669300147
9112.638247442723,3437.9616542344565,95.4742747976519,316.31993188099017
8308.885026718366,5765.071586049062,99.9989916356848,229.62404142003209
2138.507146991195,1381.0148969812499,1005.8714464181337,316.2360214036825
7905.612406251721,5063.168271220062,1105.548960419764,120.90167349145177
6445.926802242876,7651.689124901799,770.4954113490643,77.31348913546356
5838.252465499288,9636.282040897235,385.2776152213893,246.38825529953252
5205.419360960992,8043.859177944947,597.8676747363913,291.8001582123787
8254.68977627219,9633.087117901603,1206.3737097853036,63.91568966982854
3452.5557085576584,1612.2733506306672,1181.4951701109972,358.42219992433763
4683.300365477003,3919.589701302373,1048.236262916877,108.04505857343149
6060.764153935379,6824.783679773531,1193.6139993517452,125.13866089983878
4513.336401751429,7249.69611978015,58.25490775352799,235.6534535620613
8955.412492496653,8024.468161556304,1498.4585414581784,295.05677466250773
6626.140605502141,2755.565514184628,1136.5941138788585,223.2056042668443
4060.1897548254133,7613.128546315576,720.3098568105449,118.49680805406587
4631.866510575253,9264.533454937815,1013.0866858493591,76.78058655142773
8823.613823321339,8174.565466471202,899.5962101408049,256.05017971639256
6956.169715233488,7754.4492899352,96.42073452910064,126.8999188292917
7542.2440523882215,6015.018816507641,836.625066363108,207.44938060205988
4736.61448142189,5251.094949972329,1392.6023325863425,140.2355268187816
5214.152333019292,5580.851605227972,581.6327122200361,253.02072937152883
4950.171029107923,2313.633183992988,775.9920884930356,331.35731329773364
5895.994658929213,2350.2545250268254,172.4339541304688,292.1026484851348
4959.799562513836,8037.095950255485,1010.5495638910504,271.328465253399
1787.7817806231346,4320.028106101918,1129.5495627117907,328.6974776046711
1409.4862102987904,6349.551057891212,781.7035924558993,32.862061825040286
6567.480755654771,5113.297951266645,100.03767824310492,288.96766744170066
8465.912213398224,9905.60110569159,417.82813056541806,325.0902906748247
3826.142747050053,9638.83227306505,661.887891703981,319.2902468064383
6526.308570790765,2721.5235779137083,408.1447008673468,164.8319547258379
4974.846322290571,5609.450300902741,1390.3831498598952,336.5198137201096
5058.79092070755,5675.046774056859,1147.737615091434,68.97560516372297
6463.4780407695025,6274.010240472027,746.9043516209565,318.54606029014116
9736.20163914218,3440.2764707533975,246.58529021687536,92.27352292473303
6091.062194455361,3506.1893209239724,1455.531738789863,112.38242175070286
5204.602935893885,9331.868061411109,662.9926128049871,355.38542623218007
3617.1356289512864,3517.154690869119,581.6502240890813,213.0490931024723
3467.3589709681846,6620.3331577979325,533.460769602961,148.73647926318966
5159.846336497019,3226.6003557336703,506.50315622555684,31.608336259770276
8485.897131364678,3747.8843984167934,532.7693525047677,160.83327300069226
8879.775405478498,7340.819446497362,754.9479416354706,7.176495929105603
9220.58110243578,3692.7382801714393,1354.873751615894,236.00386088142466
4576.537541877746,3887.853934705918,971.993073563023,263.595573498672
8035.971639731359,2646.083904135866,253.80549414763755,137.23309597473943
4513.888199572744,4174.370412244126,284.92751338304066,246.2393348795063
1760.5665208507949,9518.323362882138,848.2138615123934,133.7894552268135
2729.129705319851,4524.1173366930825,1034.7123272242452,10.642039822621898
7254.722327198121,4190.368369340618,713.3194587048165,23.850969584968954
3857.40281906628,7228.963300555704,492.5238007580414,33.24055814784195
9026.154916300304,4076.099101075287,873.2557835906084,208.50601003889895
7548.029152974143,4892.587421784123,984.2826608055135,94.64816065546417
6985.0841037444825,1646.3204974961395,80.69851843993723,52.007589589864814
9216.392359710466,5953.405778613551,398.6925371675763,298.8883313437992
2893.5304761763377,5610.999681539208,450.95485473753484,79.60143074161398
1134.5889223759361,7410.414241850806,83.81166072064609,135.78511402875964
1434.5735494674013,1547.5562799266038,995.7201892119373,188.6532004753568
4504.824480277501,1493.8419211001524,1135.4858379221064,330.3117498190453
3225.591438343378,7927.147601607544,695.6186884131752,201.98837650278688
9612.762645272884,8502.014986762668,1184.157002328854,119.09930930114879
7849.394682142744,6202.341479584374,279.3824457680935,62.38899683765739
9488.035300395833,6016.405480052022,795.8748795668715,156.7143743694452
6592.489662037202,3766.675509940259,1099.4929677663583,248.2601606365605
4242.98036514672,9148.014617371267,77.16382321140662,165.26767698877137
7362.311268521573,5133.330273964076,881.210073155578,290.38651291522535
1703.0791238172142,5902.135173825851,1166.0415273641197,27.243263450910632
9132.35959828079,5903.657568502899,567.7522890037798,87.00663174014065
6424.584500786161,2555.6958030597807,655.5271350656744,209.61667329324112
1887.5046403293036,7756.626139815085,307.32679396035485,71.0738439519296
9294.300477771052,8913.99689686321,675.9668501290106,232.04554930091555
1494.539002251379,1876.841486627235,375.0414626790657,76.92758548157092
5222.103937724263,4788.66153354608,694.8274397704452,160.28781588988386
8048.9871669206095,4292.1197927983485,178.18041396390785,48.035133459952085
9790.434733995216,2917.6087098589596,80.59836693108589,221.18131924288596
9714.715289851752,4195.786393224078,1209.624311518025,69.50959977231514
8432.617485832776,4117.5841483837985,154.90334075710427,311.8566634478186
8609.051076823576,5568.620601309667,1245.6951561540566,78.82630031599365
5561.2604829001575,6306.901999640567,1309.1956861639774,112.65526943933753
2889.4389832238903,3081.041513934744,1219.1694751939053,181.0433167296056
8013.357710892874,3581.279720169422,1027.1218417450136,293.3505752503823
6104.1513631552025,9838.227611523971,1316.6619546504435,261.70841757065233
5523.124030994074,7649.101414822859,1103.412343081252,258.426076797387
6013.992674755219,4240.721680481487,1353.4256979769436,277.4781791782758
4645.262826148306,9293.933689425221,1230.8996361614566,184.87551256768947
4762.827782556627,3515.100282975179,141.85225322626334,167.65399582535957
2439.7355978665755,8781.188428842037,122.89542554197078,329.54879968948234
7934.1579996566015,9878.872262346782,741.8260888785778,161.79493551564175
5002.788745187583,6502.933733889409,571.2740359043671,23.703015518667662
8828.612165056966,1455.3587096483625,658.6197904472382,353.9080809412251
3776.7735316958433,1898.0284095381276,823.5726408146102,62.52963001739733
9714.223252431622,8070.173444079164,484.9974412529183,278.4958128095942
8888.393929960645,8495.513022328116,1403.0370210068786,318.22210799811677
6279.141237514437,2051.7558190670393,384.0776437922066,82.89623707892761
4603.274941073634,6865.550805869429,234.46891735964516,312.81476653348966
2239.6606445569614,3481.4611320576296,178.4182921828647,284.7739150192158
9060.247865968322,6741.671221686608,666.8344107559753,2.467316987493354
2493.330314565422,9601.142939939813,337.25962389208854,213.2492053742212
2442.172450920416,1257.6006625737652,988.0379296716106,119.24576701373853
7318.10165159841,7484.129253980689,439.75683265475067,321.4900752929448
6420.029066471923,8744.92208528539,509.549769860777,346.0867713623915
8447.925700947033,2280.267559937347,979.1434956840606,37.24915573438031
1892.8883710433183,3182.6627247690244,337.8835526068626,151.0847669996526
7411.948443108267,2310.188881608409,858.5729450314078,217.53369891512347
6745.804868711549,1549.2611813080684,1302.8718023564097,59.04466488169787
2184.6192614280344,2084.474432670616,565.6154519868771,137.5399129122467
2439.2273404833836,7996.302432462722,1379.7449041370442,277.7222094587456
1861.211837575478,6596.554515412535,1071.7168769170787,323.94262289819676
1505.7327810720058,8805.319089884868,760.2256904632262,327.11054963059473
7415.808206862507,6647.8693318983,547.9305432940503,123.13610267735363
3538.5806317511783,4651.0797007266265,425.6738817060411,154.19152169621003
3328.506819762026,8353.370495075917,876.3096476598358,61.997281136540245
1620.3803326432412,4524.65204863398,339.43915132469994,337.2257567915165
9687.329921685658,3057.2654396760267,376.13390430620785,278.36801725669085
2834.7280069288736,3534.2660164652966,995.7052900772302,33.072365175178696
6143.9173750681875,6971.738279305514,1306.7826883622981,302.0391646164989
2735.079148208892,3816.8717609617315,384.8068772749159,114.6832180070937
2207.8915085543695,3383.484373792788,473.4062984490849,82.66064543760916
2561.7240125158874,7869.961332862374,1269.732504548053,115.30414435100525
5447.184752670213,8197.076045318468,1399.5713331943907,76.89723583036833
8656.063880426955,1213.3784362163376,159.71146287099265,150.55645313903497
7111.669298069144,6386.689880229228,471.3448514443708,202.3505246007783
9293.105747518966,2152.7518298286286,569.0619316152581,288.4069343691258
7217.250250941832,6827.956344001925,639.1296576969501,313.1515602431236
6149.497186196182,8206.284595641002,176.8832884360172,290.9328868522566
6015.535652395997,5584.842635863528,493.3700499418991,240.65234743637998
6955.589335890244,2771.8116379176345,1027.3918965861305,217.81426950914866
9476.33553020441,1148.3498507243005,798.1520200853948,182.8880631553998
9807.410165741929,3864.110875461584,876.4186195265842,59.97507492054468
6858.071140281477,5919.2186077422975,355.1033934821195,51.72712834800469
9018.835607533643,2162.6468971264185,383.2848029496969,304.9372230567531
9219.52617545566,7371.31973069396,513.4870864133443,96.95063080610161
2076.492824528752,8957.084899185014,1032.0650647401048,220.05075955865814
2548.949989107072,8687.57940112998,181.940361995967,137.4606194388179
6024.858932111672,6718.23577834349,40.822442108477105,14.431739702509756
4749.130852576932,1474.1235077143147,1418.5071538518384,328.82301283514306
4961.0934961394905,5907.231585746545,1234.160272772432,321.5474924083954
5857.854336927869,8885.687744636507,285.2026115829216,123.05559557888073
9397.24529700165,7313.628748170481,811.733281312633,310.7257472921867
6804.725266440783,7207.779523161606,1171.9531820483453,338.9571557745449
6919.97452763033,8778.262118030681,1342.2876699463143,105.27807993921836
6698.925080642823,3063.512016199172,1198.4911102887204,136.32177615094494
9208.71059739932,3037.9965232019877,980.7371981025059,194.29817424966467
6376.692425419225,6275.30386751546,576.922886620224,247.39191013349821
9165.390278258154,6224.615088359269,1308.717943178805,358.01637940069173
5042.723117395775,7216.7174774826235,550.2795317460184,225.73047854209057
6315.16584512055,1725.5422531316387,418.0284985774401,355.4805980196445
4268.490202106634,7960.048544316488,791.9572785172331,187.76749369539826
1125.037338512741,4441.143498959651,1295.909594994029,103.9538584090953
9705.19364477964,4362.340885895797,1217.9071024733028,117.28364899352788
9790.277253728196,6000.164534428358,390.2762263955696,302.36967464593744
3601.151973435488,7202.802299920136,960.5733414605656,171.72984058095656
5018.2072032499345,9960.769151234119,326.6021677849099,161.59880889577823
7683.748506539289,9078.355636481787,432.80652822713495,86.6857211807356
4624.744410359081,5789.3344851470465,1463.5431186573974,22.28132485036635
2285.7894210111835,3334.2751728890544,651.5385896122153,7.576802409860256
8254.190233163416,4882.042197315222,472.9063933368816,264.5082311865682
7811.579617893685,7777.468719723812,297.0915678196478,319.9461646353114
6000.705404388919,9800.780507260453,112.12482130568587,160.2414134049653
8119.504011334838,4588.462945126387,1362.533290797032,167.1695940846858
3828.3853975115107,9530.718227570065,12.292239689370895,85.92185366879458
9943.166695181124,8207.624551518142,535.2832580849714,10.080844291585855
3882.114699394835,9017.10702268782,263.1145820282641,274.98206607329985
5916.43793755571,3791.903959168172,897.0021835010392,281.5128673054136
1847.5274591059992,8879.420318515735,8.932663398322516,177.91853595481737
6361.031133700914,9305.085139502416,1240.449953573799,177.90087537296466
6706.33593728813,6675.141882261759,161.0228683344102,213.028297324175
5813.153958110126,1681.608156988761,417.5744079521721,206.17974610260086
8084.633520510687,4939.386065864208,1066.8148479346812,104.4188311120238
4457.96736641509,3162.6436897518224,483.67004445883487,76.13671611374042
5582.182927217772,8787.25937913626,735.126835565039,207.7975153496264
6002.9313703348935,8195.078198329924,491.5942104649233,123.7437499102728
1482.744169637313,2881.8300744063054,123.99006141052759,213.99269468068087
4721.208249316951,5956.931485023272,1195.0060178765293,170.9060573515901
2733.1327765681435,4474.970778364883,1221.1207555501496,102.63530701407255
7495.116351770101,4541.871084780238,1335.5145984542457,290.78125412499065
1256.6877146009601,3271.8452540064977,571.618584415347,20.790507636489643
3261.062449509491,5593.993468789108,507.83909499036577,31.59669292590447
5881.504930491273,5148.671307222426,321.62209579684065,327.59730963808755
7095.987727653351,8157.3396249736015,103.66845322823536,330.1868582621462
9911.844485015372,5416.016466816433,1391.7014325131513,138.51000231978807
7867.010827414878,3445.968167863995,1290.4637127665865,259.57981691659677
4719.896105199197,9123.20533260154,215.5178712290667,4.578066066913798
4681.215923452046,6968.886070668061,980.4119384001887,135.29311927791662
3748.365481774118,1395.5892310547015,750.2728741644808,114.80486007183329
6084.589599375776,4997.566937457817,495.9437845596327,149.1039242329534
2478.1417025088012,6285.661021649743,385.405589394813,197.27197532585805
3171.61698513386,1519.6910269224306,1284.982379268026,338.5177710092392
5221.126154068171,6640.250952295681,831.3032475468093,332.91288212435916
2070.696370998835,8675.442222379346,1330.5184051492377,49.76002117240176
8221.835875846598,4650.64128813153,788.4968855615307,47.49695536438331
8388.836228731623,9796.9476331415,675.014046392588,115.82697467524785
5395.905939994767,6930.158862640443,1161.536969363903,204.94885678228985
1336.6254688967633,8978.325807913689,558.2152113668701,314.5012709200529
9245.144991305242,2786.727885907546,1078.173393102504,144.13218489992823
2126.738152211677,9759.165586028643,837.0469588776831,125.50632969081033
7475.990584772961,7555.7257782169745,1310.8965234782402,142.63026447623554
8374.265015660989,1554.4088750245528,834.0628767770705,31.39388395583968
5337.643569702657,3838.995100000439,1105.3036581434615,319.07809528164944
2168.2881774450443,6905.847912179662,306.0334185818807,277.25225035636436
7377.468526672262,8752.365125909637,1271.7049861830849,176.62959253655703
9254.744606613196,7555.964775480451,897.6421087922129,346.11000603608824
8320.913324826692,4645.423567861843,454.87201329308385,117.43170711854485
9236.294349990185,9477.735624240742,710.9907109766837,89.54544198917897
1576.6605573329116,7114.28292614879,994.5599719207182,74.01629794433873
7853.324310920642,2878.840196255329,599.601864211046,134.46554339960855
4716.5660096386255,5134.22866781405,580.9855358710843,319.73285455380784
5560.56418736393,7244.073176179905,1174.442132844582,168.06650991219485
5771.945381618415,4094.164574430856,773.0723966940549,131.32274253198958
2521.051796091284,4570.590584199057,907.2698536642549,298.4505146139326
2797.0574690936637,2192.112999958941,93.08854855394539,323.59672245053036
7455.98906914549,6621.475844447754,7.6006243961697,252.45102093195402
7500.119159509374,9052.903708670054,120.58515771036154,333.7618721351449
5517.334435352182,5795.543240633785,212.57391310979148,94.67244127063482
5966.113157164012,3439.616524015106,1195.6490708123176,238.48522811220897
1925.857907818358,8401.199775203753,642.8244856710161,49.64348611754338
8794.60824981903,7557.549161102114,1151.862816283665,131.93309361652882
7429.933533195138,7306.804019964129,1225.3031646661289,263.99538286548295
9401.76307146238,2258.8752343902024,1371.531465961979,311.817422481444
1390.2296132622237,8912.704030160809,994.4144098890283,241.93637846343816
2599.696344739338,8382.83072518493,341.74772304383697,114.9293045006977
5584.674628032864,4723.849094086589,1097.9262898677807,287.2360402777994
5652.173679844206,4028.8039714643014,503.4126275127549,111.92130208984894
3175.482015379319,8834.315667893872,223.40313154785724,14.235165487102377
8209.72033376303,6204.562843306468,1280.2580988620064,210.27431058011328
5859.197056741204,3966.434121477203,86.02463467641054,167.62053236297118
9273.159613802602,9241.242366730286,1400.8399215084544,289.12326715151715
7054.0509063305835,4152.983313673249,1455.1894766976875,65.68501311755966
1237.4215323422518,9452.815532578192,137.2174047570985,249.18296419309252
8310.320979185806,5030.933971488492,190.46257477778252,85.51479403407973
5676.405754035717,4682.002741061399,1438.4330433715822,81.9618456678963
8269.723739173907,5555.116507215458,474.26193931338094,282.72933521712105
3267.0611433839076,6268.815432369919,968.3547502030702,274.06343168640916
6395.191757764105,5032.502073270958,161.68948252576135,101.47346648374976
8119.3203666100035,2765.4579656383476,1499.4584246030352,267.6966730790465
3339.399446122234,1250.8404551561898,1004.6291246550763,18.16085954324919
5235.2674269423305,8319.893595180904,387.98193449181764,338.9554051968237
8711.36649993416,9670.1491059987,63.46585662881212,15.943110812183214
1235.824634880573,3869.420133585108,338.09445929630755,29.390323923933096
4555.4537276354295,8228.556009394542,837.0171530072905,49.77272890704238
9574.317728833974,9054.751157987415,594.1531367624526,3.330765142553391
9117.701918585575,4569.084629381216,1364.195820326219,117.40054184599877
3847.661826557107,3849.5004723648785,206.18419540092273,202.9970880958872
8428.65624477372,6792.482638033032,407.755811265943,4.160350031831132
4458.016180811044,9781.241415508915,744.8266454954124,206.4932634327303
9634.997452127485,8116.605838079197,1149.9192938217568,252.9034309145675
5714.4512958176565,1148.1408430463516,600.6053375323177,98.85855611254577
4018.981343162368,2728.151839991712,978.9224663230046,76.41685207365961
4675.966935638609,8658.51928287176,1000.6803109135974,53.9530508255473
8515.461629246252,5865.288852727679,1087.9581238160295,308.5077167149172
1238.1206574354485,6090.580694595113,343.0054429822667,338.9901284714567
9639.845476946073,5192.516899072249,408.9888319391681,15.734389575351008
7048.608793397429,6459.018266148436,1314.324365776082,172.60322243742613
1442.8372964786663,2203.1716842367578,1214.1909283520044,41.46170545273227
7902.97177217339,9761.844062775528,1278.5307440405377,3.579829047151428
7336.958797101887,8362.112901838438,12.089727263087813,281.35411746249736
7579.048811172896,9547.327045273243,1166.497472978312,112.03146538705623
7762.1797201105355,8036.812918154953,1476.055609934552,137.3694784844614
3692.241654993815,2841.943946374253,578.402150180382,47.467688938946466
2904.280899977841,1402.101540141746,1228.9767502709594,288.850012095897
1814.5730161699496,4616.929100305826,258.289636791877,98.88157736134661
6326.600247755519,9169.452179166343,276.04276474634423,56.20477590126811
4354.3421314210245,9509.55974334226,862.5134338484793,163.56116043043508
3779.207225399923,7014.114219121155,1231.4259703820344,188.1441177921143
1906.537848139089,5571.554452463066,1283.7390589127833,10.410273789749159
8320.427198812267,9315.474381265276,1436.8838285475774,252.41296082020506
4551.3910506204065,3914.8112489896257,224.02125048342987,124.09382384610338
2944.69426361146,1831.3838000992691,140.31000163226796,231.5402607921766
9156.701347069335,7873.446841256343,322.7355181287425,112.85938736985057
5774.697404293395,2112.546405107154,851.9566679942354,282.7913847649309
8861.308299114526,6210.656403342546,843.3123305764743,92.58158973069561
8791.571364913534,8433.29269036373,118.19138767121345,292.6961740436378
3303.3920245027575,7216.769486191193,850.1232838459657,44.01193740038821
2718.495439854216,1448.8062674979144,1350.0998443818276,46.123289270624056
6554.780194776706,3743.0925956232923,1394.4003226144946,197.88980801070687
5908.543514296934,1929.2157940703523,302.902836879754,165.10659245933144
2546.5779367641376,2930.5990820584166,685.2881749347968,176.94877722675398
4042.128787173012,2816.5607568184587,290.25656449090224,309.7379556445726
3668.2337276891,2387.8325866217674,1414.9681035542535,98.22834178378437
5118.738596711291,1837.2107707183777,209.4776552302561,256.3899810607487
6654.011330081395,5693.159843117605,360.3334701555258,50.7042615557918
6326.58702173985,4142.9828979502645,399.92153867043834,117.6933248400767
4141.506909445353,6066.63071914504,516.5011224575237,92.54206804236604
1749.6645014628764,8880.894322840346,585.9316784813192,86.32722075365228
3215.923921757183,8595.96960671222,80.64921371808902,325.4876868075199
1827.4569581715477,1542.6848935103244,640.0059067517199,170.27629894715548
2502.0685593667304,2126.666216495255,625.2427839937776,29.685317635149463
9161.122161809419,7941.87517960643,1391.2645266266945,193.0396142673258
6854.774138087779,8749.366706206194,783.1350381568619,10.085383771289544
8645.505793485881,5970.532836193595,602.885895010924,275.44399064401466
7272.971871712521,8381.209140602292,1040.7167713439737,27.903767431131495
1557.2791293719263,8408.649566269793,572.866994602717,126.91431917361282
2712.14627446967,5439.792044085889,231.6558759839939,11.8511273242604
5390.3634408893595,9528.969276054298,1208.1328173707316,278.67495216647586
8863.342945566961,9123.462040450613,720.8172594330507,326.0523670637882
4107.645902170176,4910.701894731123,1188.8215494964736,284.1179666038957
9425.739933784713,1285.6972396791386,607.3491099148534,123.16501013698077
8753.620789025153,9254.499212682651,235.35350747144702,282.5112624197282
7489.054515796145,9042.632139794754,788.3058858100553,22.923649343916125
5295.924498592392,9689.66656940172,1177.9026296974662,23.626446949503755
3349.6660706574285,6152.774349687711,488.6095295055295,11.96763812358097
9153.920550801658,3786.4530161390658,914.6695465709208,39.166433397334174
6285.388530280683,1690.0359473410072,1212.9804280116914,3.137043121821639
7054.321659751305,5382.51255789943,1204.405439194036,213.76295215844993
8013.206368818184,2873.2340499894735,625.1485635928801,200.92000451422658
5261.605402151554,3328.775083642437,664.1979679022119,99.45169145214594
4656.76263239244,1751.0864212976076,643.2509414426861,300.7429082377578
1773.215324424667,2171.618100259996,531.6380620127709,7.726667077418472
7747.837998054388,6832.557186322028,258.91701956885765,294.7397653485344
2506.9406724392566,2367.4898970163813,252.6158865776455,8.643993704740248
8201.63856839082,8526.39229306417,1265.4770188329217,57.093862018684526
6338.119802216482,6493.85015463738,838.3374799680204,104.14195720222077
5476.066177161268,9397.48642610801,48.404034095208374,156.85040064942504
8521.005923121003,3335.392614093021,786.0095993769318,67.39284648472838
5158.157574046599,3344.9067215237365,25.95000270122353,65.58802004608967
8793.724775443996,3382.995039088257,703.2907722225829,94.81044005815224
2432.157185943868,2133.3741974111294,493.55461560320936,325.09059568265934
8007.0997667304155,8682.0523383951,343.5610673506846,26.780315861376902
7989.854905745296,9328.681762436194,302.95544815039125,211.03091270687747
2129.197134676525,3562.7033707984788,100.59389252738795,191.30039218235163
8879.619839074643,7715.496672807825,619.7409279700091,326.70113877328913
3595.7287172257975,1758.8323831292787,150.65620179531044,221.2363385353846
6470.829173317649,7576.703938787076,1403.5330625999286,317.6287881753308
4806.691919952111,4549.992098176159,813.2566311315352,142.91100859049317
4583.830142605592,1257.5512964512272,20.046138120607203,311.1149722279159
8162.370059292237,5022.957947374076,681.2487764670022,149.52186188734603
2407.210955709876,2572.5529883102326,963.8838941893379,14.118021412322243
9725.150091908808,2545.6733268374546,1374.5515647204857,317.2540685926993
8185.651152018196,3804.945699630289,998.1738429613226,159.68630828479183
1814.9472469078933,9728.98823848565,418.596317491071,180.5837018173653
9530.53208996883,8453.084850348787,338.20023828661,247.28908895201133
1737.201889006425,8704.998827620318,1105.0543427153618,41.30943110161791
1566.2249202033083,9571.762231458924,1292.794428160002,75.66393505291792
8451.312022752789,3779.905020431099,150.8093950918215,277.6753068110331
8609.958646875546,9714.840284719818,1410.523616411619,14.003242243153037
2394.3472300803096,4457.986165732609,203.85949785109898,55.19822204641813
2254.5296451050717,2796.904612841578,295.8424382909583,248.88639903173
8132.203020378225,9828.513782452315,1340.5486512256412,23.46672361716496
4556.624389621584,1991.8695752302217,379.647977866493,169.5634439244837
8938.83026022737,5021.799334775976,817.3712989436632,97.58710262771295
6933.580115326086,8134.8988114020585,929.0771235744558,300.8923312548708
6142.28065863206,8643.53615300537,1099.8921600840395,249.93190154703004
5917.591815224342,5341.026000156105,1056.1426403466292,95.58966617664296
8068.05434215696,7148.119998311927,417.7428418183969,64.15407014201158
5123.248710707276,6131.690516413829,496.71091312024066,181.85743490916036
2265.714583038379,5146.035594144847,137.02707019930668,297.56494104981886
8707.343002057514,5463.803356183423,1204.3663311674106,267.2137032623598
6670.706946625759,8942.575013351094,1343.1064018276259,9.535484378350962
3528.145602225152,5103.76508535372,1225.4014114110407,215.4926177646129
3176.2121304518396,3095.4516899712553,123.96759001926544,74.49917935756505
1934.0024170131392,1134.8856673742373,766.0030139852965,79.72195748568222
5880.717262821589,6006.488144444865,111.3641777111824,238.6165473392801
9078.205890573085,6103.271293704793,1397.6497970513537,38.69926026815733
7887.207970315238,8216.858998186935,1391.9613585294267,67.52476656240158
3441.542260692888,4748.833492833202,1333.1958441734575,341.6556060585122
4506.495033546911,5443.499161216802,1234.8347895047334,73.47801107622654
1222.4299454515383,4848.492829064142,1250.0973150798734,135.76045225872622
9132.075198098824,4985.871842877357,790.2449889086239,181.84903020115755
9695.017042708392,9524.09383446906,841.5909541444785,198.02927169167882
7170.125978136409,8059.817804568962,195.3240045001051,262.1546971071695
5219.281355772289,3933.0236837792154,1248.5901685511874,238.76432894818072
2451.7227684464738,7783.799638726562,407.9484789589848,147.95554262123187
7530.25409315979,1753.536109453009,328.59575273033636,264.47774315801894
7829.184537637655,7686.806575385121,423.8020953055195,327.2942634818861
4582.718268584384,8418.499763410124,487.20286054777813,55.263108623145186
8923.992718956808,5967.459602713431,838.3251115889212,339.5908813439042
2369.9101400870586,8245.75652802361,245.18068618743183,185.36383872228936
1599.917671340146,2562.8854439327133,889.8089361704305,22.645351130145222
8093.3279390704765,3492.920971306862,24.812970532968396,43.375229708893905
7689.646150746877,3984.578661469972,143.3136248285017,244.10153958811634
4971.162001101111,9031.147981641865,464.73487335147354,257.70718569718235
1273.8181946011596,5328.878506066983,182.56828862015007,247.17356665671446
4975.9861791533995,7184.148794431532,1043.3210029168004,212.30698586539125
2919.496373488116,9720.203938173116,185.1309709834785,285.51892360073805
6135.309988436141,6703.185895415492,1416.9489987050054,71.7350179763421
3131.5375427474855,9462.448467708657,318.9563638921574,52.93464658008694
5802.715200765528,6342.830712128296,56.80222879332047,295.34624439379905
1846.0119604517065,9200.612456354502,1220.3907203529345,39.991003612352934
3108.822965744562,8388.518533714534,1371.1029742358992,211.18020322591423
4137.384183394794,4616.9455680174815,934.7643651986957,100.56397004395718
3372.5615103454497,3693.994372248188,417.77728054600755,6.581041707808884
6190.691154987791,8005.847323849457,837.3568024364548,14.536567694753169
1392.4697629968416,3606.331282279832,474.38913786195707,58.11057310810171
9049.249770776998,8795.812024163268,1065.682418867531,136.58655492041677
5643.415815646042,8496.244234086866,1234.6349965517986,260.7986545441588
3323.8936749706077,7886.576580843344,780.9500428655836,259.74917678965096
5454.055109349583,8742.71275088465,612.7265017093034,358.87168151600656
3853.9526983171413,2215.8979285061123,795.9349870033857,258.28083830869554
2887.249794014968,9610.689705605655,167.3758848926815,256.47415222040706
1565.5483961068976,4247.119757541102,515.3684798142856,310.7331889113018
1824.849800670981,1897.4013564083941,1351.8404333069566,350.106692221522
2236.128540381751,2736.3554196141454,752.064420471685,298.0095149555634
5990.921355932257,2046.3684455575465,1499.3013100795636,238.53232362097705
7925.810542268164,4845.031968596768,601.1971572783995,31.907723694238467
6429.311799597732,8714.309255412634,573.3214367954147,80.5271771191424
6036.1510320285415,6800.287272726284,228.64477046192164,346.180229851493
4170.732780144344,9286.09165258372,892.4906223270742,316.18842349608406
2794.5108611025407,3384.1044863141797,1075.8426827062046,241.2198025267159
8866.784583587338,2198.283403351793,1418.1364403348286,312.07482337660565
4669.7950680685635,2410.9565853558506,1298.6724256044474,92.15120306375286
2064.2959955237784,2357.3093282164405,551.0241053548021,342.71434921068595
6224.939857329534,1691.1671005195699,132.63229101541583,151.9786026699056
9784.042277656145,2989.8452724461004,560.0837869895294,296.9660185608034
6716.521290979071,5071.135741540662,1195.3888556653058,330.4195090190055
1417.5376909942102,1991.7817634359226,1031.7876445996474,112.61095984676439
7900.62739514783,2761.3208885718077,195.49769233973015,206.2935989630371
5771.387515892717,2073.591137693367,111.89576369397994,233.63402384426783
5548.279326610204,6578.7887418044,1487.589148779022,202.4306010532833
4647.188144236197,7597.159020329688,373.8448560656192,338.43178609585465
4369.993656980014,1307.713061316227,958.9577093736253,299.374112985239
9914.848332338768,1833.3517374820835,457.62214170250326,243.6439758922515
6010.182142645224,9419.731186349867,687.1426468671541,140.58415401103755
2200.2640506189377,2235.166765545576,1289.853440120878,312.897016397301
1999.7793461543845,2144.961784931584,832.8107736983791,172.67273179031633
2539.062669897122,8453.893481915455,1044.8991070025559,159.6385954248398
6725.185147754682,2558.275479576643,1140.2655809269759,103.60311888804307
3065.472581609043,4249.217196296415,729.8685600139291,239.32080334797033
9359.324643957692,3411.1171699190004,927.8163189286859,164.73744025714834
7591.43136870741,1785.78493740991,610.4502157393938,27.752382550069157
6218.471027212763,2457.4451311861408,235.91690817914844,48.86255381916391
4590.378768388307,4547.286828937533,796.1412736239131,287.7510183601952
3653.867747383401,8596.572641517081,896.1743808081718,306.170681091565
7606.862135507489,2486.4783289033544,951.3350877290106,133.83826966709896
4860.944268961428,9922.027186588244,784.2490909251795,127.17130660229144
9125.399739560093,5425.239330576222,1370.8164554174443,154.09663264110628
1296.4231113649303,2612.737506771549,290.36183209797815,145.56409118259222
6426.089944843473,9234.646104496478,5.877054374679171,203.3673288239137
3120.515186766377,8396.125101450396,161.1597505767342,112.49602271320573
4304.562250051693,7525.360924375762,729.7546687398108,66.96207718426702
4871.347120570517,7008.024606566325,1229.1071291565167,118.08264918480212
5036.310920822407,3778.977448557988,833.303802531614,213.68412319883058
9468.377871534987,6546.679702949051,646.8690438427502,142.37696536065178
9836.740970659546,6908.794806160292,1297.3972051885985,115.7102111128885
3859.270426830019,3571.539356892943,408.931754667173,1.736709403855913
6316.1806924855855,1650.3056254982441,1308.119099556991,87.74579791867704
5858.403530385928,5282.185106413163,1001.4572791163426,129.16477256761243
8947.867125878489,5940.536101390465,863.9613291707894,242.17679469977386
8229.270631323921,7889.117578866322,1397.4527633874802,53.53032978500337
4724.59882284955,8325.711260135642,1048.4855592105016,195.00054299987224
3523.768312852904,3648.207478096262,331.384010584487,328.25649885665644
1401.642821611444,6311.757128512231,1058.673710191914,271.401346664452
5951.692189539953,1298.0046760126984,772.6482588782239,85.57024618432354
7029.278296572896,4412.8321862552475,645.6184245213017,81.13527080807025
5966.558727266266,2975.989465503415,337.0396204890723,336.4366395242696
4938.5218210606345,2295.9877696485746,1072.1559480817814,349.2771181794235
4290.2662003382575,6519.46373273363,690.102506020589,358.46256459820927
8993.082736629283,7603.282291932884,513.2713614137054,318.1124085646437
6803.783564687297,1658.101326567432,22.432739365546784,148.5662476335851
9374.472759229562,3332.7964775908313,509.25241624066865,141.44109612591075
9470.724691663254,3387.5947082016914,1499.5700821699827,227.68342644983161
7847.452119911177,1520.5924825052216,149.3075406773499,87.452116841979
2191.716473949335,8366.407837079349,884.4987412032357,234.45968481598092
5730.179313663112,2737.813904129957,329.3754218865824,32.695519058282166
8023.976226281913,6491.3314434580125,1005.449338695304,210.95595958861253
8322.721340777816,8790.125276553546,122.58006907134629,67.31032594226772
3128.2611006983534,5591.366005524606,297.2139300818771,18.886112922879583
5100.1506542011075,8039.928046297632,245.02129706242354,295.3101510158177
3054.540832573215,6623.241255900076,1198.5059208787047,201.61999720105547
5069.825925476701,1411.611255575087,378.0220169165784,25.301330864372662
8274.401886187597,1874.508743400947,1346.0012645545542,138.84533043651166
3008.2917937221987,7217.612526291296,1004.2988051010798,154.88236072431292
9022.396686245243,1356.9721507723275,536.0794461037706,166.71958328921616
4035.6015009355533,6771.256270004137,1193.5777913911468,323.05085778583805
7205.927459925026,5386.700437131092,679.3195384020396,70.49980964407904
8470.042645213882,3074.461675839285,1003.1088607055012,34.608191802255696
5395.410569801269,7899.151591700938,1266.9837139999684,24.49046476725108
9576.565119755527,2027.3362915233859,763.1638283372929,224.7161249914914
4068.445629655765,6830.422323007054,173.61638629636226,58.14621219525707
5277.897859733006,1245.4310219972945,1284.5404606861027,10.414575868150528
6046.3077911965,5410.363635514206,1305.6070040360232,206.36781696741824
6163.442436066132,6242.016383606265,60.35481239080919,280.06698174291864
7364.646308034537,7066.439892994029,1387.171551429102,346.9263401069015
2810.9706839019864,7649.927377798323,1281.9526559106064,170.1848253999996
6113.444766985897,4791.366474514512,1021.0713271907895,168.6555900642976
5635.523320552037,6437.35969698458,73.05026339470426,224.91754090736438
5635.748804868491,7348.561453216544,1234.5520062131588,84.87674274248322
9425.310886137042,4669.946829888013,168.10041551629058,344.20936580789464
4739.840526414235,3592.1531026553434,493.1054047442833,249.41936717953539
8658.284398577407,5475.957588742443,573.9618197265467,97.84932444930655
3443.829518487022,6949.956241285796,1006.7602194713484,350.6062477805365
5622.471237142861,2125.6559250613154,232.24357072380673,131.79789214868651
8934.078294114977,6780.42073408456,960.9983675996904,205.5186555183831
3119.2076497479466,4480.369577618943,469.4422331763536,116.79673899132987
7476.876295320495,2796.724809603831,117.01904502708354,305.1832271893777
3799.6807735448992,2415.097742727082,507.9026536226117,296.3856820627752
2759.555365565825,4871.354188191433,1177.3102028259689,307.09709801977635
7890.800805934804,5685.157089937379,182.91292165498405,91.73036728836526
4263.902519392406,3340.934614264539,1083.6900475648927,249.00277188454396
2106.3379988883476,9125.281323138755,922.0029862299039,206.0894214685974
5911.9640234889985,2951.625180796903,1172.6629099144616,174.76420981216094
2117.2731033189966,2704.423865644649,964.6798839573127,65.95951930155013
6794.516438078777,3451.6651773359476,404.7765168781956,277.7582312423268
5692.470996298885,7855.31325399725,1480.0786151722061,228.35076297292164
2595.877834515294,1268.3461920725272,1201.2739679466872,109.11593411178582
8259.311834682114,7047.524961781671,1258.0166691101622,286.1419038633857
9344.85245125199,7741.966271177523,1156.3746088411413,309.0221483681086
3575.53225912613,7238.2425364163655,809.8797004464178,98.8172313360449
9284.019677387842,7344.926280186743,495.5245737039971,91.82100387086302
3956.087841604895,3540.5802828544192,1105.5961994118188,106.74951617914274
6199.011288328289,6792.651795924165,728.6924206012025,287.3741037414321
6234.182505522588,7840.548430354411,648.8207966438924,301.04279746408884
2397.318790102768,7600.689079900147,275.67730851181653,1.7628010957273101
3094.123897361307,8584.007139075411,601.1321792520222,28.922608121354493
6083.015077575063,3428.59643168172,924.2688996362078,36.99185320794462
2757.352086693374,8999.340198199114,545.7901489893534,10.088549296249985
5229.119297770881,3452.625513008803,1179.7050043039112,3.157352643844695
5259.972887525141,2630.3599568828727,971.5571575826563,185.7273499103241
3006.7600212232815,3956.709005898485,202.067816374102,11.039644594888662
5899.5832762922255,3119.8367657649214,847.118800621449,127.06808087101696
2103.7653367110584,4784.612374671402,1159.81729189507,28.17079716077213
2725.8293705043907,6801.253207692026,146.8500418450767,194.50218967956775
7483.985332851514,2862.57711407238,1162.7974107777673,224.5425024659625
9478.007011876736,6606.474033511751,1060.5894252946507,40.940148729681525
1424.378412177151,5727.2126132157455,1135.5441817272178,125.2699790251599
9675.449729591535,2831.7678060545186,519.24208120965,184.3854328119203
4374.361640307321,9144.428787137964,169.94195679288148,234.12533303019572
9949.624649243751,3891.0000550075333,1093.5760219918172,120.02365684421021
6863.2593300050785,6597.189893835946,1368.928100959815,39.120139779819894
8825.265635315027,2506.630526249097,370.7597891272376,20.315016560603564
5655.313137549058,9793.305254975463,59.15486308287401,88.98283657096884
5080.037522844682,2967.166327484825,1293.1260186272639,71.22374261178679
8012.761207603585,3893.1056360623083,469.14019671935216,201.3038035118334
3066.8568962343315,9515.553933139254,339.1988295757907,309.5728795324423
6549.906446603987,9064.22121540352,1152.7825187153112,178.8153315954694
9068.007367986447,1751.2879024807046,15.299838991063252,211.5416909777019
7552.896496649494,1305.9697558141302,997.2882855848686,308.0635131313324
5113.412397609245,3472.317687158648,103.54930936970435,315.38343968636485
8523.817716393292,6642.838875604268,372.93640703585766,73.97710666892493
6695.559034627332,4318.685099899791,1249.580328687578,34.23287667602135
1695.0278287743427,9474.523045780594,701.7187504860241,70.21366041089061
4982.7893301517925,7604.732055252291,1354.4403290042846,168.7994919896215
2611.993027064452,5811.450147239096,99.96401110236413,185.54526353186392
8795.640000638294,2901.5500871730997,1430.0002738736189,94.27191599685762
1868.6678273172433,8069.625708449145,1224.6620281951057,149.82654184429737
2314.744850140127,1894.660602448137,798.9979840185947,203.7172510408046
9033.558598850628,8217.819045206525,1171.1469331115084,235.36594503404862
3699.6807295632566,8496.293560525686,541.0572262952747,3.6617176916880663
4248.467847748378,2445.1029477742186,578.7806379181449,326.4550417750671
9108.06959904177,9050.79738633556,1413.4193312950017,159.60867836992475
7218.6634242360615,8009.905804458977,358.600181940114,164.89851423583622
9850.837965398818,7627.311363881497,795.3005057070211,81.07789417697008
2521.799515253181,2807.7060783834177,666.612385679382,194.66771830756846
9353.918029682847,3938.9474516294863,257.0814378065776,50.922945979019616
9105.742629047374,8961.244784199498,552.2903373109741,326.2402479390438
5662.985188988505,6463.634308311735,564.7738130794575,353.2406561431915
5285.740048417607,8344.36245371564,1319.2337449786553,131.73140548724513
2390.8025692907104,6058.0818834138645,145.17430248710187,302.620856985614
8428.67748538121,2723.687646673454,1456.6317158682266,341.01131188274144
6102.663294022538,9256.545229340789,22.53767048079777,349.8800026144926
1350.7124311322991,9584.41177103662,658.7367703156785,169.8977404024788
3973.7035957216112,6162.167252079723,1147.9463161804313,302.44103442568843
1678.44838285682,3744.409286515183,683.3907250297834,245.6472024156725
1285.5506969761,4792.504683311678,231.3581394240532,346.87480447764136
6518.628947009469,5060.009592450591,146.0390468973695,57.37011864767028
3710.40025137904,2369.927084769857,832.5172299166137,172.25268121984317
4814.69696328485,3003.9644050023953,616.7664982448557,240.72509446544646
8435.273816817917,4981.069070265805,456.15852042209514,90.60811573168951
6720.442960513429,9446.320029457536,769.1504419993166,172.0791463336815
7104.42781692531,9364.932693063292,761.6787270626527,191.06503430675178
9983.874311747315,6442.990073325212,743.0709516266992,223.9152757357699
5218.301816575558,8832.430400270916,1370.083889677383,238.75066824996918
5458.233854355279,6796.3312101971105,1368.5963099816536,250.5338739560791
8773.193638804401,9041.916150873198,741.9982887065698,237.23910776322816
7831.368436531188,7847.213246216631,1086.2526699850152,307.60947224233655
8719.220396149056,1963.2281351978882,1247.014110253306,21.86028961425045
3030.9535456784306,2481.9374136835195,666.087639345365,76.6500252848453
2537.1168390771277,6860.512231270362,1364.2863596390082,315.7820592217189
7912.136579557312,5432.983756076231,1217.669904302322,160.05343493450977
3430.1829779962814,6670.727034834824,1454.2115231658906,269.24577674685617
6132.706328752565,1395.2139360835677,38.07773524391317,321.60417016262556
9800.343855585259,3445.5380866994683,1041.0347608797963,75.32233440929424
7235.834051887188,8286.949995998268,564.8691427627416,286.80802458921784
1791.0959749111971,3218.866519583428,460.6844675147324,238.09282108243417
6786.64330467142,5618.151298012758,1118.3849462451813,254.8841713490963
4429.624874526251,9789.135532298242,843.8296555664332,274.7887197145013
4471.973078368572,7071.54482033682,540.3524637611616,72.63074708657243
5555.690644683913,5846.537498840336,13.583928528929007,139.33404673022255
9657.228332142857,2030.9566558319311,1179.2834850539462,239.29732133524246
6010.001466119596,6919.463648170103,1344.0794717211604,95.88950134556406
3960.5860115896253,6187.993472773216,515.7336332634605,142.79235310117397
2706.357625204674,5707.37844238107,2.7153699497384904,96.6703033818893
3995.9165273390454,7331.306036396013,132.25864475274932,174.3789613278114
5964.768200032724,7381.805180440691,74.37529914814623,193.55880231484537
9957.590676462496,8824.64433249971,651.8208376191425,341.89289304204317
9725.043883440077,4075.0410431267023,307.91830580090596,59.86200755086269
7773.773885075758,9359.934658658927,762.1432892267497,237.8210732092275
1299.3228922179298,1152.4763562352127,1413.4456115000103,334.3123411638175
5149.2753481040845,4537.537715458922,103.6923311547089,263.12108046248596
3130.305270850945,9831.50805855666,914.7257923410548,190.9862051409626
2229.9349260848717,3395.797170725754,1292.893784292024,14.164596560751122
4560.369496759045,6041.547185690107,715.5184019739861,153.85248809874355
2796.584202423883,6106.192682085906,639.9550466651115,339.466762907664
1798.2541422385793,1644.014189693663,997.1604767840455,302.66708924390747
6625.572696394862,7338.316552723536,395.594514653097,2.9982814074084616
3139.9535992252395,6650.208549510509,1217.369274562686,319.8553405573577
5418.39320604613,3153.507142437529,1201.1597650424296,132.91279990210202
5392.967667421708,6041.962464268862,794.1022251264118,288.3315711506714
4914.045850560527,6146.423191331936,745.2703703302924,213.4502076664753
2793.884333039421,8255.782894520755,1157.2786525166525,147.8134534630922
7698.138715504266,8058.315503844257,217.64695700341636,264.3138109694693
6839.7241585360325,7929.247021039861,688.9138585904728,11.80075601313737
7430.013096953182,7556.1916566985665,326.36537365175417,277.60578152593047
7324.960814067331,2360.7616713826383,1342.7647640617645,331.4221189549474
6785.276024329795,4525.327693706431,1266.243600148442,50.64305261061649
4345.9163474119705,7974.957766707795,1197.8357328947766,168.67770177656067
1996.2337950178323,6684.956455924646,1000.5885002014131,212.76600402906757
1216.1894883472382,8731.446434678724,1493.9732641762512,67.84414499225409
5502.523309546608,4840.408861661203,1294.6747104216984,325.9626139782127
8607.372202752014,9668.249051719846,394.8781483880886,221.14260171271542
3150.3175929805725,5592.2423432255555,1154.7204593009753,129.55924154138876
9130.51605764176,4509.656833593563,1160.0176260318383,277.97164758421934
6076.4541526256735,4665.5181443210495,125.14837541299288,133.6933275454857
4212.206763889164,1338.104964002152,1213.7492829421496,38.938457711387585
6537.013335256181,3556.430436188827,568.3742499046805,109.89261961006243
3724.8349471114075,5275.966818481831,1278.1646910443549,42.03338036539171
6426.549159224018,2687.042865037107,1355.286245186932,153.8487354402816
1519.6431834739792,8470.04937998137,654.540043117739,118.98142078456343
8475.943695515722,9689.783869742636,1420.412151398761,223.33368744098303
5627.787610426771,8361.924204080795,438.5617112168323,212.23702921356164
7233.894284893991,6323.5917436648815,71.02273991338089,64.41022291460996
9981.843909382911,1509.1343349663753,1291.4851309213068,210.56175683405255
4007.937891241103,1386.6394719598034,1165.3706687026079,113.38241945508746
5402.828556752609,5778.134830372457,1223.6457195353896,215.59113396212254
2317.969423293241,7919.719349799357,219.84703726572656,337.3930296778502
8903.191564820918,1218.7810628738805,379.6094458588626,122.18031780811572
2452.7341647570333,8195.659548377655,1412.2630182728567,288.21005868523105
3421.902923829437,5289.686673212424,901.1406219935826,225.97932995818493
8370.46467646927,6548.993626404562,469.798649165164,137.71862757732907
3728.0181989707507,2079.721286906758,1469.121261609421,54.734011006623
2134.776575969349,9777.421511922077,369.5706657569571,41.157002747480675
2605.8012231361236,5612.48547687522,227.42288115464527,95.01695380436342
6552.532716792583,5468.456026059014,1099.7404577504558,283.5565699346764
6620.643374199335,9282.881795156787,155.70932849758452,79.9439767821478
6784.139275859733,8319.547064892658,767.2142867307596,13.313844044349269
5307.073392624243,3508.129800388896,19.382384307094707,238.96010842716075
5234.102513327725,5711.914822657229,589.3033800774205,182.37642088179575
8095.533154915877,7871.569177322318,1439.8782226575097,279.3405006291144
2842.763649195367,1452.1562763377706,313.18347935894,280.2400038319443
7025.470287718027,6676.490659902338,699.5387603535773,122.33250149096898
4725.540445842267,8793.369656882835,457.0363878617298,242.75652122847848
6268.70245913177,5882.597679439602,1011.5114434557813,206.10394889927295
2298.5819819066264,7328.718358221161,1005.001517683329,200.10675842276117
2755.8434056031424,3585.5756199491366,116.55943103241891,72.6773227831642
6693.236569707958,4176.019386060443,1136.3104020268026,137.25768927502108
8022.119621089795,5280.125946751767,1210.556645571833,106.92848396317842
9988.270968529392,5881.923368118512,1197.1892183997452,90.99249003716987
4189.183442454568,8135.893926334439,174.22067329969113,358.5048604362212
1688.0286541123594,1208.4335538484797,1367.4041286159197,111.34954777220213
4680.47897445653,9877.958340445599,189.3504497769373,180.93738734595857
1957.561270450854,6733.247363523436,808.7862351000307,245.9637116551
4566.403075600807,3826.1945165154852,92.28335391874145,160.04607493329473
8197.586727193564,2151.390803998903,1174.8484099657956,293.5179335799167
6575.162423535159,2483.6418343151286,249.55427886019282,189.65951962622574
8830.830604440147,2376.6434778471794,330.982472628682,16.501346057791054
1511.2864479139316,2668.6051971705324,1229.192130250649,295.71819176133374
8385.413597175118,2886.764818874055,279.3723329208833,77.11873829917343
8524.659588987692,3606.3167344958574,289.1914469576894,351.89204789361327
8302.76890053969,5402.956701829132,165.45577154985241,257.3872007452636
8510.314117057267,8280.97025118335,215.49432292242776,87.1432739229287
3887.963068704008,5529.657417091263,1042.8339803926842,296.20228922196094
2814.9294659658717,6377.495585200677,221.8718255551426,238.24942430931026
6404.586772173202,5573.62418735829,623.2418335955972,267.3991515396742
7262.904281761108,6165.178375706896,307.7410574450491,104.90397928122464
3237.4293663847056,3073.0272050691265,1019.6674196879923,46.941428860283786
2891.0112059798957,5694.35516505342,496.7405223731601,101.30217261754498
4721.843009605541,8802.556948518399,605.8742021385002,237.24373246117457
3876.100638748384,7417.71997225753,1479.3318882966048,10.096439279127328
6516.970376251765,8743.70253482319,1188.383855600564,277.51723379669045
8275.243457849341,2843.4301795587126,75.85843846970327,231.1992033751898
3365.2906868675636,3109.7885582397294,1076.0549595023099,343.72261376469936
4749.04992731346,8255.946683587752,1217.5566720369698,109.09396508161787
4051.5261983407327,1116.8265766366465,768.0562432606569,102.13569329524562
9416.0218102859,3207.7024341509477,274.16310056649394,98.26535485362406
4362.236728220361,4134.95511785247,1026.5265207943296,256.1208229049283
9920.616101708136,7095.469633765275,733.5785211794914,68.35690660824578
9100.641109514232,2658.5345393901644,4.438961873317011,92.58145371631379
3333.0179789083545,4665.144846915666,606.1210957833647,238.751337117448
9497.118482224367,5361.969314152806,447.28889355433125,71.39695862252191
7441.160700883505,2287.672655686264,1252.7325609400043,174.27975751617026
7910.040028505289,7049.750853172756,1345.7736234989686,309.2931822576254
5677.743203533441,5603.830832365412,1105.4111169623814,69.807421298782
6862.543496809963,8869.634277820041,209.92841116881664,102.79239105477338
2087.5468504851674,2516.9939065092785,737.8073774994168,27.410650341521944
1707.9334321331942,1312.083759249224,1148.637389542511,25.880188001284807
9173.259837152924,7837.065643763218,591.1320581046076,185.97570201861737
1743.7929098507989,4944.795121173682,1096.483073246618,8.080427290570997
3731.3629246612923,2266.173387063768,555.5823083173206,80.58735425853942
4646.475045421757,7176.7579217436005,49.24034992881782,118.5826919707475
2867.138346247735,6714.36918406457,1433.944264928107,44.27932899605584
6909.224676200284,3784.0845968997705,1117.2811142533412,357.3408917500103
1590.6785461769346,6537.782062228964,1220.4394484295624,61.676896242743354
8368.913756343318,1611.6988934098822,895.9063602474471,343.3202481496918
7736.455288287419,5098.315605025092,505.7320438200482,183.92153550054144
9824.686538380956,7138.68827354042,1197.3272304964776,329.47028043114204
8090.895195488215,1293.5113775973998,661.9265626959715,258.39111316603913
5676.161377011858,8780.541319188218,131.8130182790177,161.95807164276744
9345.041154468176,8244.151780196447,41.98320258239828,199.3628940343051
2854.167867013256,8162.513275499888,609.139049772001,328.2131136446039
7522.922674720909,5772.168209203959,164.70059766069662,247.33923570861225
9573.488670211813,2259.139915744998,1018.6269375444696,202.0763824255781
5636.586825398497,7403.82656065922,161.82060446581696,214.86416987138162
5964.8990021298705,8287.997646412226,1410.490224187557,275.77313406451543
7539.691600207264,9998.109380121057,1081.9854026025841,134.6489383960503
9696.474933583127,8661.064304418258,1244.1167676225239,208.01090755889877
4401.50850984303,9292.177185533576,1199.3900189337835,217.86281465746032
7367.317516876721,8490.516482210798,383.1219215168723,73.69493914449956
8570.912169964991,5109.735676513919,82.83234244549502,294.60944689574484
4170.636354883926,7100.100322878047,179.73077463211933,278.6096501628671
6061.1704410236425,4699.412062539903,1077.6393091564128,17.566359970667
9624.680568048701,3234.066514519138,58.78565934393794,208.05633015351046
3025.3462970804458,7265.2286971269505,402.9164486294332,113.4267968593144
7792.794109424551,1690.0372320815877,600.7440911938419,209.45666549621535
1623.7372846941062,2698.249511982084,564.1231093676505,175.22006615389228
7925.210039913255,8786.699987646854,560.0319845786818,225.29174509944025
6043.301890837554,2738.799699459319,188.7847982786623,304.65156908940617
6844.9664135117055,4808.909854348949,332.2458187796512,278.8446082691508
2329.1144131864976,7000.2953127138535,756.4793796601954,350.51837038739643
4770.916467422405,3556.9650556995853,1423.9587787818843,84.59792664730051
6971.288467076256,6155.520591167677,1311.9219084301076,185.70396553934015
7201.315856759259,2219.4799554115207,1435.4421631715784,342.7985797204496
6246.642870832472,4138.060089767912,8.0486164790841,123.03791080437719
8901.058181160875,7647.244877878077,163.68262702091218,17.446387157200906
1122.318714737643,8518.70044105655,1499.5089192149592,116.89541398430269
9727.625184839682,1314.4621153289809,1276.1817542561269,80.78119016592646
3962.0419387945517,7189.563499525114,538.1950892315633,158.6336512586203
7687.150252377538,1257.7695854740673,19.557536431188186,324.4171312437268
6936.207701465819,9264.746553640818,1013.544498207928,346.9361532272504
4501.932244350259,4602.9224156319015,1329.369638202367,239.1648697092722
9939.428228943561,1300.7992883585744,1369.6378385587213,44.49950089068127
7654.021182516547,9198.224597519891,35.737243247106846,5.815470450963458
6509.958638180066,6247.8915501263555,1209.4132343943952,3.8192422121570617
5872.436847423366,2268.3632996351043,1496.5919037759923,24.31850768812459
8249.71303042975,5186.295424732385,1432.4777925373842,162.34074966764715
5799.346403899795,7423.879802310941,663.6233293200244,6.276115916818547
6774.621860184526,9584.907920661359,972.0725085079478,26.72332047519301
9577.176927457189,1376.3087736194266,616.7916172731832,322.8989404820096
8181.133530555713,8059.220729953101,1004.4169728158039,26.972848339079825
9229.178379860641,7159.078733278937,1033.1844864780214,43.563783873839185
7068.993987933516,1459.7006864341993,1196.2219685464163,110.04169829088069
7796.946742938862,4165.605642447157,1030.9504453252962,258.8658158551765
1110.6360211961558,1519.2423198924087,114.05110525406947,150.03736476621316
1453.4870668174567,5429.309210401679,1204.3362715929884,47.50023726427618
9368.788324484269,8886.324952691106,657.5353536850398,115.32421735991244
8111.713202056815,5160.845581675967,558.4581750383536,356.97876999784296
5084.946989041482,8011.50630738645,64.61323217073019,70.75842224120524
7994.637742378675,4341.835217212267,1379.2278473777674,139.42452149821884
8422.48854966342,8251.180379045729,1096.3811389650778,83.19200400452273
6127.073818247619,5933.816253850026,1225.3292040721508,150.74827873793623
7511.31381565371,8188.699690573227,1032.475983040696,202.58760738974397
5257.643371402509,9898.659999576465,1139.1827400128986,305.85536151773084
4887.686787487703,2109.92378057698,516.2891161592551,262.03121907729013
5483.17145252573,9353.38770035805,432.17549725009593,273.7368748656371
7720.558364286496,4252.882871516883,150.29144548822467,284.6896617787592
5392.6966765047155,4963.762121382787,667.389181575857,197.77025639144688
7167.694479775329,4788.251811067854,1346.6703970097751,260.5380198295437
1794.739720587924,3576.6261567386355,1297.135897035168,283.6175603787008
5518.267277786341,8694.96375532276,549.6342777306486,264.0469839128339
5065.654789503857,8732.06631689885,377.3579344090457,296.07473159346665
5061.566454982591,7289.578726863554,350.4353563964031,244.82784432589762
5109.4559285699925,8722.688223823654,536.4358393629105,43.810587243110405
6463.124120612485,5189.520765612776,1278.117736525166,268.7378246635386
8230.817888700374,9260.895108022736,85.48560554683614,285.31814472967505
6836.362676379259,3989.6234070867886,451.2367217242484,6.453459315833078
9157.359703656195,1303.5135759650693,126.15610970048188,19.556385872740872
1750.703790752918,1727.8170740830665,1224.217026350848,252.10903046325382
2422.2147100519433,3198.11749518065,1439.3533382323778,246.81439680064622
1437.7001778818233,2080.815159587806,403.3503015997639,151.53220322052238
3548.988519651882,2881.3881799961055,697.3327722738011,77.5425781929116
4901.457651012057,6049.6799811440915,1223.3644169350346,109.20976776953529
5511.082590642799,8707.549595782235,1130.68601305136,348.8791060916904
6255.3044167503485,8088.013435456199,400.512984315122,149.4187728790142
8723.54665369918,3881.812077425889,1214.2577661051857,96.9859885877233
1581.2526820619564,4016.4444456451693,524.7422808952432,208.24688295828312
4005.4920078033397,3636.946779176216,530.6409808305904,202.4506405945972
2533.5462749702,1743.0981875056846,367.077132324496,160.2049246467863
9747.004941325808,4376.762791851441,187.03383383494412,326.19243184719073
2857.4872373535773,5854.755392366152,905.1019129341477,60.10677572912351
8131.600028708572,8628.32619205615,1391.2360804684388,215.25271943980857
5688.096329488451,1507.1148575786676,1352.0244595930567,202.1761207304408
1806.470158673075,2039.019881203485,602.6100254456788,70.1855386690167
2852.0298141612184,5536.748740126445,29.038686978834573,64.48869613377022
5133.232225615902,1856.0113103708075,1241.2802191813978,353.73321575917225
1761.5237187534385,9400.641776136681,227.32860492604053,13.127459517275279
9991.514600350962,5961.510177762484,151.51695626255278,65.629288111919
2918.7066225681597,9550.644064105165,676.0526114733519,212.75965301706006
5768.028889864402,2674.1266703701426,1399.7883710251035,347.95057114495387
5859.837563955342,6119.194796193409,541.7666041486782,248.38003838106945
7874.061141487372,2898.530188395121,1117.1633910954047,93.93500319576663
4533.184246708311,4266.713896451165,723.6138914645786,75.68581921804696
1383.4933911283429,7259.403716995879,290.0874684683939,125.55491103123293
6726.971170748741,1134.6817261518354,1288.9145562879862,132.3744004202441
3813.674011136552,1138.9843759223384,1276.3399265724797,196.28179857839743
1107.8636551389682,5744.6053665919935,1388.11055525131,242.66999143246892
9591.518370506456,5156.795984195311,861.7231901797297,234.99505572375938
1685.3424625280472,9319.077673547332,768.4760959946456,354.7307336282139
2803.5609034438085,8259.951371646639,1446.3551465788107,327.44439531616484
6428.017267432881,9754.65758275356,128.22972287215026,113.58911370957132
7021.4208720070255,8678.09809268567,1264.995744091534,82.18564694438714
6197.726132436115,1885.5331488930683,1251.1381198120614,271.7900662378555
2947.5725008611707,4399.823111683394,1378.3442783220612,130.86965702778835
9790.951997197304,3963.3898458083677,330.131797027387,253.98684957210213
9910.900180100522,2357.5480425679143,479.6641140178475,140.91414627708753
5348.706948176307,9743.606483560576,882.3263349795343,21.66375891974628
1409.5970194682336,2142.3765967244112,1214.6786819467675,148.11029840622547
7118.677620448446,5152.384124188424,385.29361127738844,293.06189963602066
4614.482572761175,5999.5877669758365,978.236662264239,188.7775895479009
4351.376801710772,7517.605743652279,1195.5959352354835,124.21523813848941
4801.022123675816,8406.886341777219,410.6580239384604,157.36565132124073
1616.6514948505187,9895.445220365606,252.77913905521135,109.81158219854123
6000.207060651952,5351.506333606841,273.61991229804636,29.541198728821197
6368.871744483912,3293.503566539854,1458.369694788299,65.2663048557403
4890.049933563572,1580.1578553616587,1018.0424566910198,178.9954267837143
9510.20846714606,4306.276119666629,889.0097725295448,308.56678882019645
9046.607955723193,7629.017206176071,1051.2115588358383,61.06552789701197
1176.4436703277722,5621.833309802726,1314.7798149274577,118.43969091853585
1245.3867604748316,1743.306822014516,1415.6323229985712,312.57408937612973
3132.1858401725276,8211.240649791544,1261.1734156163654,6.592512753578243
7179.852323679428,2723.7650140996857,1104.424938286552,305.1605069863569
8064.87313581137,6615.87181296935,498.2060628621033,112.38633242148121
9872.153305863236,8431.955944270958,77.05850318943811,60.897025079648486
7029.843075504762,4115.280017254386,1219.992754381091,330.5227497262993
2878.125172542959,5308.566017192263,359.25175275734944,31.016303027252256
7937.496469673112,3471.0372921748303,412.21233066342086,85.93486534339046
8500.275967435122,3405.668779434279,560.3073333099123,172.0324903404644
3681.492424062821,2260.0188724920126,687.7209494829305,62.327301601156556
3730.5689694333396,6230.240706574567,1265.7994532138969,111.07281516110696
2160.2806444018042,4923.451656986477,512.8539206345106,94.31459653931252
1259.782852773371,2161.924342818982,1265.3356225784075,30.651777425540615
7230.0944740616405,2065.156502473187,1264.378289829213,85.49233284258857
7723.212197358256,1470.28664665208,544.8882294355708,293.14653510644973
1240.0891525642603,4322.1865520466245,1212.0253736229604,107.6545925042237
4582.002193707137,7218.24123124781,1187.4708092602707,312.7508038909529
5763.502569963142,6118.440367042896,1135.033755935721,24.751423469782967
5988.023310811774,7369.322087425276,615.520357280727,103.84014671271335
2651.021407702438,6604.247002886564,651.2007731769905,57.612314869674705
2550.832625472964,5633.681449777761,1166.3450064711658,116.29461169266087
9625.130108320613,6034.214780328367,345.2181814225055,315.3881500229111
7800.6588145704,1387.3097068702086,1025.2826506738222,122.41045883558905
1312.6892897908062,4108.357712513765,429.58008900932,22.803050674084673
4200.654947496725,8441.570418784353,1264.380746275451,260.6738023796661
5984.4950640924635,3349.542092009097,52.90351170358056,214.32057974394434
5190.163661055478,8145.034281346042,1328.4919824712897,25.827069317816914
7026.252521243175,7254.134680467071,692.6234486061771,116.86067550112264
7400.643955221538,9074.044791203805,214.6534589855985,76.7872423232954
2707.411989350628,5133.659000143663,730.9101570476698,27.793815237877325
8223.29015268864,7009.911067737536,6.993384059835333,55.372184770819814
4769.799173230218,9790.578100294748,262.5555491954142,132.43343567202294
4292.051734793185,7222.207018483218,853.5249187419602,240.62192815833913
5259.418381981386,4884.688682878932,777.5539718190263,300.02264968864256
2710.714260590358,2661.2174118169596,503.6173735186035,31.669642980607446
6467.639322047584,1429.9206001699329,567.0375781210993,72.94672650002607
7239.447726108043,6004.117136282543,275.32553139749183,225.6544561638804
4249.311096422353,3846.6363614166826,926.5175889569886,264.2650332285126
4298.0864175085135,4775.773324800299,917.4418119395475,125.473149462953
9372.066301590943,5439.853985140356,1005.173649784025,222.77041538578635
6848.898781990024,2739.6251869976186,1181.81744124465,60.14192800807174
7688.209371388841,1673.6291150230159,178.51772355495254,78.0632602167766
1371.5112399225927,7968.886666571868,667.6882873189279,123.84922130209324
8708.475832806425,8556.42446135696,444.29508020306497,204.22126946141293
2436.1913205368337,4844.988726696453,9.730776449162562,102.82377699254552
7580.996043386331,1782.3722636419134,371.5729233027851,63.26213056377902
6003.514918908309,4004.03096753027,1296.6647066480164,23.143003185829233
5705.877277002947,8480.223311457923,95.93909670077608,93.62498144111119
7447.581198287107,9940.008149955082,682.7783991822695,303.9056563865716
5148.274032296321,6070.329069613902,1429.9518116266977,162.0642235214442
5085.151117958447,3824.1410850179604,449.1063084019355,121.43348789909061
2174.5509334189956,2492.991753541236,723.4257862863136,77.71441502307246
2997.9901002523516,7974.877679996713,222.69747055637367,254.32573639483488
7096.113765946074,3146.102445266835,264.3942856624184,14.047056565492246
5377.937804705426,1262.9677080735983,1002.2312639075711,4.084431195237299
8152.8761094663505,6705.201067339246,971.9437691379493,321.0242465570249
8651.858702708469,8864.260574971067,1039.2679683495826,159.01074607514792
8149.938577735742,9465.411375904881,1370.1277097337097,124.8765579637951
1362.6687374739988,6081.266838940169,1073.2626500268034,158.49563856223378
2149.3043357279603,1665.229235126395,397.7653707528361,194.6421803028581
2119.6410551529843,1714.3747172138799,1363.3074173275968,140.1056459518011
8552.085515327713,7915.815534344392,442.01701334172634,112.50803631583537
7741.4263727128955,1977.6429802190446,1232.9307767356458,279.44365912675005
5043.574481707725,8015.095445365206,1209.1785414177077,18.053512804272078
6102.636992941731,5218.256112968945,1440.9998057016364,113.3729671874778
2221.14312861927,9310.859415732753,1212.384255458724,136.20310882195386
5432.473977929422,2229.5614340110815,1299.6787793305734,218.7767859727301
3914.7343106810654,2913.307769171809,171.80579895304086,98.1192168500208
9106.97314255041,8737.421028459103,933.9667040143781,299.5917717284858
1634.7997934447935,6105.2115150412355,836.1474648353168,152.60450924855903
3579.0981298464294,2866.060096293286,774.8213464296153,5.971042632137446
2810.4184284383005,7263.7732713491505,22.377233402410596,58.83751273473322
1198.1521657242715,6018.408656406519,997.5075097890373,71.90839135748288
7721.1272726195775,7646.751734451993,146.62390700491412,82.70764212611304
8731.849446878927,2324.8886654809994,1222.4278497703306,84.00775300969347
4579.156622890781,4136.9177751321495,883.753287033615,164.14672609868262
3269.028928280034,6332.877268336987,645.8554033344903,197.08552827550022
4190.46102950477,4921.852099104187,1397.4302328367573,13.421300396549332
3679.62092846873,8211.45262539724,1498.2114784366845,8.133901291280427
5772.1173793823045,8420.29860085697,510.2930440246408,337.91504929496506
7389.650150003675,9668.208092385526,270.37744471932604,119.14877726855421
2639.176388289532,1823.6771301309327,672.4651424342766,258.6236708775436
8316.13467307993,3307.370490447444,1292.5300541102854,13.565274935434001
9087.939919245116,8959.546143190586,1148.9314983307893,350.0764831260421
1799.0646032131122,6961.412671406446,70.27684677745114,340.264102972048
4740.500283675607,7529.095780597009,100.83436187479536,278.6929876564784
2024.990828407521,9253.175035015462,266.1142064913092,109.77542039580949
7550.093048817,8415.303485431195,475.5251527705149,108.49971086220815
7636.67837642006,6346.109195630474,1292.801307214182,47.847367717313645
7455.520881743137,8939.656465940741,1268.3746252545177,180.5922878877522
3314.8604952000587,6577.784545522319,909.1275154902946,251.03488149785304
4156.27432805191,6827.547532486439,379.36279396933253,9.03681283649789
6696.660246512341,3058.3877573969303,1471.979083364596,35.87555262004669
1598.0712017904343,6905.976835946091,693.3469347128505,12.80841039510594
5619.784189303755,2402.3876150320784,1352.8251953843017,36.09671692040336
1235.5610935376505,3371.1485223699083,1371.1260084052228,167.27352259502752
1672.0556514785335,5151.8629713177,259.2989874353445,237.82049063913058
7079.598137819605,9394.028812739165,444.5915444721693,117.82096420920612
2188.206653840205,3357.3327635684855,1207.3482376117481,312.0148566863118
8427.721467998621,3493.919483699279,775.8218447584868,258.2800964220089
7570.282262911445,6600.969732993403,901.063241890634,176.43292436954255
3772.2810281042616,7295.69205311936,1038.143000530814,66.00131734796601
3020.9196296775876,9036.312707373498,1425.0275481820336,158.10271647433075
9559.497835147542,2608.601463164425,1085.7178164277937,345.3913222465161
7281.548426365985,1922.9616142851428,150.99113229221004,231.49569083463723
7208.301503549583,3497.74885474272,52.01057095733595,12.329223911717666
4213.6883866649805,2974.7218719130706,666.7599151444878,49.08285338571188
1246.3859897188067,9916.176061827657,715.0007454513086,303.3942444138261
2077.916058542812,8598.315436472349,1303.343661500962,220.38548574430575
5080.878279955619,9593.686452904281,683.5546369668252,286.88250245867204
7924.2179931890205,7901.807072985558,431.2684642768351,333.3916007961451
7441.7174800535495,9265.264582041833,749.2816916848569,86.20548468898032
9493.932027284065,1314.9025053854991,1081.3797403361214,180.04803568990684
2749.8764984550908,9335.75166684407,1403.9237507758398,182.76203154387557
5661.590344755254,5357.25199263159,616.8078538200498,201.24954438751482
5349.966289909031,8070.223111755494,1311.6876193139788,101.9503137888089
6305.0934829252055,3381.4945223874606,787.3865694573548,310.9743864772978
3919.315979030863,6427.293936371893,363.3627495767848,118.25609399617726
8082.280766056744,4667.102774344645,768.8828288783803,340.226219943073
1130.7856382341113,4923.765251815499,696.2991982245186,219.44063376569775
7692.728151528602,7799.270532719026,907.3495061717443,70.17934872767005
6252.683261368782,7907.909717821279,1457.2281854908047,167.68905046802323
2215.0560461150626,7835.764472038161,391.8707489892296,327.4707567428206
3680.9298751651368,7589.41421521979,111.42462148096753,218.6526317347831
5515.249202069113,1205.9681060691166,512.6718699832845,92.9870496172075
9415.231479399614,1541.5719078027112,627.7339390813526,178.71677888665175
6083.393922087113,3770.484389490601,118.21692783049404,47.893549006736
3480.3070891642556,3291.9288978725444,905.5944923700181,61.78958173495473
3713.0007428306735,9524.253542078712,147.59409713572876,76.84409855767866
5300.567410296299,7258.980662456206,1164.1191676800347,356.8026264169974
8604.000826967014,5836.880352803805,1025.6443152265663,130.17752360423367
6683.910888055447,2145.6691801742763,1205.9431364782963,140.232841164141
9467.954336973868,2266.5930761416953,1047.353844747991,26.948865956274954
2310.168831343762,7054.614082731833,1084.6357984275137,23.314999648149463
5687.031535766848,3902.5695014957655,759.3302981184124,262.3273440555301
4512.287455018044,4778.089779954398,873.0053113825076,277.30805297191006
6488.835965529522,2704.675246370611,1118.6908956144775,21.519136545220995
2226.0224535938823,6945.8860541758795,981.1957763252128,314.41763017750105
7288.436680746252,5452.6346021654745,787.3547873273144,307.4512850577764
6175.2064380293505,4932.212575599247,163.1504836938577,99.87246411922217
8342.816732375719,9857.074927854443,873.4825592149347,48.57920938674579
8641.418230987168,5008.927130045438,1267.0321392564206,271.9144485821698
2891.261339785091,2278.336347113017,1462.9979704291684,77.4318466264313
7768.687571894878,6667.60822488731,138.07475369784058,230.06705195762652
3965.4320618467814,7688.85779503178,1452.4398589543007,22.918977272688235
7405.855036762953,5880.434824169706,902.9494927694003,97.8355219998007
2581.0927564465173,3285.3892355678777,813.5113915087475,190.74823772622935
6368.111108531696,4366.241181784009,168.2346182078112,97.27039259040654
9964.21706354388,7847.405311532093,1106.0193637388777,183.15338384973322
8687.121048503275,2219.7793983482024,1141.956672375659,64.69291731459165
6781.04007138525,1103.8644953887767,218.87514768583205,113.45131906407916
6501.48835145683,5505.434582233503,953.8196237531683,32.702614960563736
8982.194399522556,9258.245702320062,432.744929054232,338.5328410789179
5725.99157635137,8326.004740682862,1394.7723693704245,289.31763721631256
2788.2686972796455,5399.655077646484,873.2822203304374,308.82146010020995
7043.139534363467,3437.491034101952,1116.5809631073012,100.76699174359895
6468.981047477435,4514.0429105583335,848.0849644072448,209.5486092724268
6610.300044680167,6427.9818862877555,54.29791444504224,355.0694031249737
8219.28749120031,5322.8282581205285,631.5970320946293,8.297345115858366
1845.3734546232013,2717.0649053777815,1093.330104553869,302.5405663791577
2297.0933949039304,1137.5096246161015,811.488179651993,113.32886135748394
4204.899878779095,5375.46668204839,1232.5071207423875,326.99722471845
2111.357708403138,3365.7198174062814,551.1019019810769,121.45129558047651
1439.778205180879,6829.7351423322,1372.1303407703888,294.8740287702543
6972.970184232552,3130.7431200724513,1267.7452541964071,321.85514770096023
1391.6828458971772,8357.376191749587,73.1939918610528,283.84019467598176
9794.983472851867,2752.984867710323,958.9453980242116,350.8720265231764
9998.305891408992,6336.43129769618,1005.2222284500702,178.04523637282222
8582.011420079103,3412.438864801153,612.0958811138246,84.34806682284075
6303.940802416183,4144.7672007077945,1317.3392346021071,49.86743769205775
6147.245271400264,3198.7008656639987,575.7828275646092,122.07596211037065
7653.802093338923,4267.7722852942625,1.0471293266520476,207.14985690833987
3754.316878692325,6285.867491467284,369.6500931470485,341.6112033992279
3583.9599175953394,7241.260628081806,78.88803028467052,74.60021575081275
4430.500702802201,7520.495731548032,1068.326556316207,54.68841655036569
7784.981448818827,5852.897632120541,1300.3672162197338,188.23641675973315
4705.65663728369,6071.306385490309,450.22418222944486,94.04551044291439
4363.803249894157,2312.555920769147,958.6126220113593,34.95949527705393
2656.825008353331,8876.471139241687,944.4175679476933,134.12522817238533
4765.250848204452,5831.476946600952,476.8726535055896,356.9967556245758
8978.319229862376,2280.7563424824825,90.43642416961818,4.466648353522261
3250.0905882755105,6962.972215831206,1204.164554989262,12.111824193684122
3495.6182671741426,1628.6725495904816,434.8356662804849,354.94289552412295
6981.932467634684,3742.9045169702154,543.6074914730361,195.19268100840378
6320.549528040476,4796.397241877544,923.2360022319349,145.6939808161696
5709.908064714619,3455.12705019926,1063.161554976641,251.10971589619626
3976.008610771429,1246.9613884706212,552.8141171892407,195.73845664012748
6582.277892977353,2124.0352911574823,46.244225694940965,222.66920584789628
8620.54745822763,7606.51461914099,3.888074599598625,119.97177357531218
6472.841131734948,4150.017816646541,1128.1677973163582,351.9457363522465
1895.0432898026584,2711.5076526084445,489.81589958345194,33.047167091195156
6763.371933166147,9384.615789148735,163.19572153992422,137.28079984578494
6617.535398106006,5069.059231545991,35.555662272581806,320.94480681597406
5210.656178357795,4773.417233948159,1024.3484179096445,158.01739739260412
1823.9341607290908,2367.9719932846465,212.2483012397344,334.53640387280547
3402.654158732356,3901.28439452139,1039.7946847545882,305.6994919185624
9639.466030176296,9644.236960487551,1084.694059217203,203.0299386375003
5634.355756855399,2048.206272245322,1089.524248199451,356.24100693635665
8120.139666297407,7866.190298143467,638.0772208269948,227.06319281229187
9696.255319450554,3373.911762097584,1089.3205073369986,306.8267820484371
1704.4481774978751,1713.4676972132868,938.2107961603401,224.19732961209377
9165.661865190592,4146.105173040665,138.8259613617972,28.198643223403902
1703.7710880249356,8054.876854989424,1000.823799899388,11.732153185651612
4794.129022931344,4836.679816782152,1155.5427519082018,245.67972258447077
4781.936279173692,3952.4913708140957,1308.3662038078082,216.48940593739675
8369.573514602489,3281.7953019169804,1132.1369854332459,20.08560048834776
7071.92927385537,9188.843937843969,315.26203997720427,36.4086880652951
5468.277412247117,2613.3672503302705,774.4086741860775,308.6818731550575
7291.0879005573415,4058.269674053028,1434.0224559666094,110.64480942440504
8028.424325922318,4464.117130282615,1406.9362481789785,84.8891229703092
8894.997025092425,3619.9372603039133,1362.4085359214762,338.0568075868368
5813.542279260246,5807.09001034612,1336.101256824328,275.24892278667323
6462.149353415442,4808.402429738351,950.13499963901,311.38678592112916
8141.482010368902,9232.798879569164,475.385558473559,184.36079940830223
5665.155626871143,8403.36452075798,708.751403775124,72.65433466242747
9444.404456593467,2834.4820531141922,1350.1486073532378,112.34220652854596
1995.4446586225886,9036.54042920906,331.84212314240966,280.0075072355678
9455.186015560948,2721.5749550417186,1371.9603040898667,223.55839725920558
3632.75695318591,2270.5619406868645,927.9109001098311,67.75229390446427
3926.1499444263636,1845.526852880834,1459.5920558455086,85.11621764677557
7153.525372157102,9133.906707233524,209.7655934236766,127.65722726257303
4569.315116875125,2367.209888023238,505.9887748861905,215.37550683267807
2980.5359869340446,4388.714768893151,712.1158760829139,141.92937570624542
2188.667775560398,5922.650752205096,362.44061743433167,265.9042528810202
9026.038854113172,5680.642513761171,295.6046415529346,355.1147556009894
5095.6292836136045,7194.279157245096,303.2461274340168,136.26964288674353
9343.536134810742,2583.1034045266997,1210.7139642313505,147.43920647327647
5206.729028512487,7667.830447073884,65.39858691145866,49.7406735961128
6935.213596028622,4017.8178604000614,852.7503820226091,136.27702002881387
8750.503218888549,4939.678930182825,521.2906714111936,222.42347139777473
2897.46439882528,3077.039539772029,1434.849817128942,145.08597548508723
1245.7150159127839,9757.455125596085,344.8187079434672,24.359940699412704
6696.185481502985,9479.219903341347,337.2843596694556,172.3450289233939
9738.784450101322,3771.3375405695515,240.79406683005757,130.72376140306906
3305.51024686522,4431.463394734672,304.4640406595199,8.615077900669547
1416.436768414846,1504.5235263092927,584.2381674851814,176.23338934243546
1587.439031362915,2373.9744336734134,521.6816417033135,185.71508563030676
8230.4379750146,9859.459774323843,1491.9816687058778,200.93896328169689
2665.052665018407,5694.741814123816,375.9771951343397,232.06597757672176
6349.705334566945,9311.028953138193,547.2206659937816,268.8896012070317
6938.373826238623,2369.658107410085,1479.2571164956728,46.1562522114475
4756.881083863234,4907.037506329943,139.29819585827929,167.1417593276989
1575.9454926278654,6739.198840418881,1021.9868289961489,306.5352782094425
1227.2417961026542,1991.760392488845,728.4627401503365,204.6558861793011
7248.222547347563,7046.4481653323755,845.0339459049287,107.45635535401591
2181.581607707926,3634.4269244882216,939.301718815897,184.1241339054742
9090.423768742276,8721.992377689465,859.0706596158045,322.8833421226944
9411.94199446024,7008.098451815344,1294.4975649885614,76.59320782402717
7154.0415855065585,2569.485571886449,863.2647179138725,71.07586016757156
9262.97242390849,4571.467633764618,253.82132988408046,356.60695394797455
9671.577332190527,2024.0067812687862,1245.1482866896308,353.3248674383293
2166.1744799232683,6860.483724851469,422.8823476382442,25.20618813068365
8749.996562599179,1901.5144521239404,518.0714491875024,98.76907711949768
8673.69091600626,8011.892407762409,1389.4317429435373,125.03341775446223
8805.932444332777,4307.410174752797,899.3684744421279,103.30454336894617
9881.715035134777,4755.339218877238,58.35178021621098,332.49500742928967
7216.319124434103,9627.497198698691,1441.9960932381769,139.20319909670073
4090.392476923455,4065.662757858393,1.7156371741775958,219.42609358909016
5793.121168654681,7774.374739105875,1216.1063848760575,162.60279673827912
4866.236652306001,3506.669888277106,311.84315190854613,31.307878636848777
8838.044954949612,1819.4822134519072,862.5597052217233,244.36069295192723
2288.3669499639645,8404.16918107208,1352.3494922136179,324.1912066358149
5386.553720076878,9626.63033910724,397.1545934096907,34.880638082471926
5861.387968851673,7711.456268568011,104.65180853898346,188.52290455384977
4855.672829423614,9358.031083545193,151.75406840278532,78.18995952626598
5517.392891587342,3198.1723022182096,6.578252662424542,253.5340230478368
8179.521893331152,8183.218053537485,732.6529551557691,354.42504785283404
8448.354597781014,1645.3268634308429,52.1067442613087,56.47638191738163
5629.517347486609,1719.0322054684482,1106.3376166339654,328.2070273628345
9800.498135576041,3359.5987578407567,384.1906014709163,169.5977325946006
4905.572130513969,7543.62367904337,687.7558014516143,293.16763459654334
2725.305551608406,2703.965759882548,520.5852777817863,116.85249539717307
8599.14638358833,6050.411649480256,1241.1497695196094,245.23363929284014
5506.03913321023,3154.1694387557495,1105.0484210890459,154.04308298639882
5953.861913118384,9734.099791743425,200.59721602463554,112.40631880413378
7307.905414723881,1975.7513782578858,177.15849765304876,147.5331932669641
7458.29179882423,9963.618101310482,434.0975036993189,349.72374445928443
4848.741146814793,3657.25569759278,506.6178397874315,155.56183699580657
9410.16010594859,2396.3830360868315,868.9486362051819,288.3198844319612
1412.599070580203,9846.918412538946,321.86196771631677,267.8452696556705
9875.718411364966,5123.679038018452,44.493693162062236,276.2169237739563
6851.789013648797,6104.734533704212,1160.8205961311728,15.881505314449893
6894.545392245529,1383.8333064453386,551.5425169243937,43.440106553928615
2943.282810570223,3785.687485880646,815.107174690858,42.369863462819005
9626.392576955184,1187.2005383215185,466.19716046777233,242.4222047443505
1479.975430803689,7701.837345320042,1097.0522139638394,185.91484804806473
2160.8860658057283,2621.8368053129498,39.4766549864435,133.09130011928357
9157.52316860815,3536.773413189891,1268.6210690418304,147.00358623843903
9349.817265845028,3818.530689745147,513.7314943069567,338.18996789760956
6656.857415842396,2975.823509873468,889.5267741220514,316.22614738884016
9322.641227146862,9808.925653870612,512.7390402865315,169.63881976047358
2786.639870104432,8909.924679827182,435.6061072069428,17.791780973350004
7688.746487942372,6057.736837683902,1129.517077708258,211.07211171150212
1903.6593704687598,1638.500141142596,463.81260883416144,128.50136051175724
2753.0887208375734,1169.5867415125624,1235.6214951841662,24.88083350750652
2158.093203325469,7965.455447198149,1006.2753100419814,238.43406899493493
1186.387328214913,7490.721231126692,869.5182750819555,20.19673261934973
3737.3804145566346,9567.704476079287,716.6377862406133,229.39926692026506
1934.8673334376442,3079.3880668311613,5.160784901559456,167.11368165458705
2331.9211051502384,8397.358305527116,605.3005144758744,209.41581343446558
6760.254872755666,4244.027271906551,942.921249135615,203.32052911750415
6592.668844026693,6778.855289016264,1249.3560237859608,309.8576406582871
4781.867602778528,1959.6675000390992,1390.0201015744121,291.8358237681442
4410.496628220769,4553.205245860623,1123.8134231226813,205.60181159071377
6187.935012646822,2900.6327711697827,1328.9606036200032,294.27540523065835
9258.010446892837,8669.136826255035,43.01784430760418,252.66628377018728
1611.4639964187731,9734.254154570011,1144.4781705750725,27.832540243429534
5999.8084842974695,1891.8597173704302,216.38316788092794,286.11729180058967
2014.6073310229986,8092.583735439768,1137.6149033648412,152.18188747025897
6326.701814222177,1146.984847472379,865.0719090704451,310.89559500345445
9362.212845103375,8884.178180432307,1014.8170111345249,2.535245581186987
4946.470956698736,3068.4437572519287,556.2543016299724,95.53659416387778
7012.264873156387,5669.084038363307,88.66337572413563,146.55589308098354
7913.481420758283,5850.505457598101,692.6728874326329,61.04734748344001
3684.7431239585158,2199.7300169403497,14.902574410113031,353.51591493041656
8006.5559146014575,5586.704455447554,345.98911797378634,91.1328982109932
2769.646040040082,1767.297229839901,659.9364359195238,281.2492186629077
6944.930341719117,1112.9256316713213,1186.4211327257092,147.81194207200437
3536.902376832966,4650.814707688919,741.8225024440761,341.9140023676081
9899.579005499045,4212.331166751949,900.364925629406,183.33141355114034
1956.9323583526623,3404.0226301179323,1345.5886882250325,101.88340212800742
8501.713442463091,8047.494287215617,746.1857039509158,313.2044015609536
9033.26584585353,5139.238798947368,1382.0135386224158,70.90013385307908
9478.492420250644,3453.6287396665743,1093.4620603180683,297.197963778733
9108.704826401065,3280.6971786977156,741.3664108971687,71.8494295618188
7424.250698909881,5256.428365568003,436.232117459697,233.05121702307198
9850.85840266777,8606.390503676026,978.2619260605675,346.98045435161214
3840.0853512195026,2153.692783948766,520.3897311208186,164.66792483164258
5732.368363965863,8471.574319425312,828.8518072875863,246.77580515262872
3377.6045213625366,1438.0066685967304,502.3356431996408,313.885832634875
9807.071780205792,3999.3056213912446,839.2242298275831,245.0540153956572
1634.3111133177126,2242.1921293668165,119.63919381830081,354.15701698592864
7473.314618917423,2793.9333671163868,1178.5346298656384,339.15743235212057
2189.7355056297824,5936.412372929138,178.75254022221154,109.83353208274285
1710.1521536260302,1545.8244834963143,1440.4449148809106,33.935822744288515
5744.7709616699485,2922.0259124492213,623.7495500686758,210.09690186653265
6352.892142826382,2254.177259205739,842.7570811625895,203.5012543517059
2001.9529968125944,1587.0929287856852,1006.1195161875473,39.150790919216256
5394.117432609871,7767.597326547303,1420.4332621628162,69.08611766199745
9194.0666340963,6881.462727343084,1412.0249376699026,205.19879487883313
8734.862954550392,3818.736628031172,1236.909465611936,55.78702296413097
1811.6103040243947,3241.3271388454523,606.9387947212476,101.35263250911366
8595.9084545517,6267.926205871025,1109.7879952620922,18.740882339351593
5935.4445562567735,8033.168420454456,73.17335124148407,343.04660443191983
8232.061518810546,7241.644527374577,1370.448589730036,332.56595091278496
8384.817382206926,4447.59683947671,516.5567698057348,100.38506382897795
2052.380640064237,2053.7315980845956,724.1438074539411,351.223796179303
6414.317103057654,5384.991196139183,313.8357192630306,187.70783170968824
6876.6794713923,6360.018214640356,122.52639779751635,221.33071109254053
1227.7745344099874,2964.877807343296,227.6829669080777,297.76534929574416
5601.834786826911,3718.204708551436,925.2409992080017,71.05064594954402
7927.976369631961,1346.5572639536613,972.3296984670585,122.01637304379409
9469.133936738328,5750.663414657035,352.9951797094102,199.64965680839543
6153.605143233408,3513.0088743088895,1400.5241100135852,171.9748773091608
7748.427088457173,9883.83520119422,278.39902216455846,165.09709966795802
7908.32104750133,9277.292112740102,1311.5277125780283,38.64968366770515
6933.498475322064,5074.455751286898,1306.0028167594471,112.74548622316102
9910.873410828372,7564.277305667658,281.37015843696474,115.55914422098496
7885.824039071245,4796.709508746381,1478.0748736144278,184.7806727466622
6747.716247430137,9973.502892952132,1451.2368282014838,289.44199487132346
5405.0171420336155,2260.838013411399,879.1503432981767,211.57864655778067
6234.602135416942,8445.625218837717,908.4967514788394,150.07860912992797
2577.4720481393388,5064.90325332429,1438.0376230351271,17.18466582383094
7371.8124579781925,9785.443258171179,746.0576860979556,323.19190890411556
2084.3330533104972,7579.152176518185,831.6756831453921,353.7717198672753
1587.2509456542102,8850.097623483765,1482.3037908716976,188.97359533788364
9224.326036252787,1436.516512022086,171.47437919428342,125.22371895070351
6728.824209348015,3242.9160190085586,591.6054605182863,330.00247089490585
2439.082695641752,7884.897335392563,1498.8160030644653,250.75626258467173
4169.0884072224435,2544.5818466028595,116.71783394613634,23.11003142038908
9951.833487039887,5014.6861007223815,1446.41448527337,17.291821464220227
9032.926894841301,9445.928088449646,521.4413388162279,249.15851034952854
8536.40349250495,5950.976522652279,393.1464605900527,352.2574077996692
3983.423771304271,5472.089953500624,324.0864927307259,30.939001090495275
4449.825900161512,4287.307744418589,1436.3330865387532,96.13477240682597
9912.32260013192,1636.9688199466577,1045.545463396369,11.508499854827798
1432.6008768338475,5080.796180350036,1409.443427551556,334.2312970570651
8277.860354438828,4541.531741853039,1256.004831769715,93.40277145613159
6265.650994163707,6647.528571571608,1166.971320429677,265.62270436490775
6759.76425147584,8283.46893000857,631.263805493257,116.62855438800618
2317.4331266687323,2687.9911915751004,615.4094027848165,166.29315587969262
9726.610616329825,9143.419936056933,642.8950136546886,158.77494592040296
9449.95551875287,8808.729639364672,432.12200015999434,270.04189514283223
5712.9254780658775,5427.229111974952,112.27284990602716,190.55369563601133
6660.690180736573,4023.5778420115685,1264.5008660910373,43.303776727350396
3123.3093695165926,9417.351006559851,444.302793299812,61.09324550805642
8766.844948396563,8790.006629862244,317.4783489869548,68.3280302346421
4472.53652882255,9892.87995524082,672.7576747346021,202.3959715067534
3965.2882995711516,6631.949248501566,388.8962785889994,122.49196523991439
1704.9245505339877,2135.247168055331,1088.6274273985955,350.3812851225746
8394.346123403386,3531.6787920664033,170.33588630599218,328.9227377024627
8598.21451823398,1893.7386429470826,694.5588210758297,287.1024464103197
6225.145600844641,8479.01498953833,1383.2321010687133,315.6177686823398
5942.810817046643,1775.6040511764459,122.9374311371057,42.42823026816463
3732.1484177294255,1947.4259364819522,352.71622028662443,73.13498846374723
3038.442060631208,2971.059144176386,1471.1430280611978,54.48878920453054
3630.5378757683575,6043.379292448264,9.297596708105642,152.82758801600596
5231.360762945021,6514.179953581018,20.954788342255316,48.67456053992858
3486.2013610114354,2662.4881094240823,39.453526972518304,157.05473496538988
5908.458631203625,9015.09070804514,314.0251863085039,209.72407620207764
1815.5973462249797,2089.479111099372,513.478297065308,200.37810747883904
1609.2515981009676,7738.601255850492,226.62632518323258,219.55459672196272
5389.218253390942,8742.62382985391,545.6382247411914,116.81289839901092
6233.158312484984,3941.8553821002965,431.99127684624034,141.37072316713798
3487.451461943393,6604.115192206489,1202.611662531436,120.03211118537777
4379.459368709231,5841.462501094485,859.152313094366,147.95952741979107
7479.699051774872,5918.794350417266,1040.7089140305568,84.09695704480045
1300.675816579612,2360.190349160418,1280.3954949817792,69.0726695623137
1304.1706353888555,9485.391386866962,2.2299040306315527,180.0925434517716
6721.749625047363,5191.856082150169,192.48850635033526,307.46546754189154
5001.020544964393,7845.85884045516,761.0386398407647,120.84154062126137
1626.5016374859556,3498.175261759544,926.7290105075872,74.37434637289094
6024.445144775008,2174.094736658807,91.70575411422064,164.26982319956272
2836.2065170212145,2284.1972387904125,423.6597700289663,101.67559623544807
4573.747332879547,2322.190118679443,1278.9403309605832,250.9371948032947
4190.84169302368,7134.882994427201,98.81243179342896,99.21972327058423
3362.973730108573,7418.882714832875,1119.6473569223074,316.98876172582266
4569.777563681348,2986.373426358209,23.631187791658775,194.87606520366015
7019.290974002141,8437.518239379882,140.82090671098612,246.5160121601934
2925.6543906153047,1462.6006817120801,171.22336483112252,20.762005164609807
9637.205959014198,7965.753622019854,1453.8888832796756,53.419303985342786
2127.0425619168877,7167.377334798967,101.61038954111635,59.35232157267104
5420.960396235812,9912.866277131214,969.5283692499189,7.41353484669872
3189.3282972066363,1465.3781318718802,1244.5262049642247,90.00962438619682
1347.9500216891793,3151.9732034083722,1146.5208466514798,211.38266629030497
1978.9692462092721,5975.140226348162,1489.4900408860233,325.08458829695763
3867.840236040717,2698.448310555065,509.822328177356,17.220936391290586
3492.5584109764113,5858.531867086994,864.7264740931302,213.52460455814895
1153.3338880318543,3506.1574220913453,572.8577011113484,279.57048378218445
8706.158890289295,1377.9844776184623,642.9891158917906,327.49136845912244
2334.9285547252607,4426.738515136103,944.5335767004948,68.57482516324107
7894.115512426333,7709.654712831672,1092.9475230456148,275.0304228404773
1691.3860994110978,3795.744912982873,73.1150603844575,58.30792222754438
3339.7118449225245,6963.250443633898,1020.7740610371842,182.08031627311908
8344.247022278829,2362.2052230852473,1011.1588203350923,128.8937373137332
7632.890374644776,8696.312971019146,443.9040562248986,93.3835144146277
9746.41002677669,3076.5053792720523,241.72045986390108,171.26579493350565
3703.5468895943627,6446.465700461855,934.6185159625585,112.73087259565165
8339.954397466412,9855.03587936241,431.613801656356,249.14580999184926
4495.504481254922,2725.0291557911933,1466.851307307739,226.96801097410378
8486.489228606282,8125.567384613672,1217.4591099294018,225.0906201355843
7714.505683871846,2552.4511574573353,513.4096940408907,27.633537592739252
9707.903716139936,9777.341036323165,1178.6455733882765,24.334718138159268
1582.1728301049466,3322.9091483525376,864.8895792310634,147.03219836493366
1435.0670909181251,4671.288511231238,737.8988445870945,216.19238307382142
4837.363281602345,7997.633112088727,771.8154893561433,278.68986203585854
6973.182843735483,6351.7335964733065,16.897780830369598,258.3310237226882
6374.249641545973,2820.0142331309135,1146.6461201238817,248.43311999191477
2278.5191736609177,2416.1985134003858,92.20153249248264,132.56101266895882
6583.702982514912,1281.6545492124637,1497.9719524681232,103.06469270786776
1728.8257736870582,1236.69845964901,1246.3256107760692,299.70624161715097
3377.865201425453,9286.029935730327,948.763494694615,334.574037919649
9680.249985412367,2373.3654087112354,86.98168172001546,298.6216281732633
4760.270950240769,4195.519747888746,1430.7004224836278,139.64665213115055
9474.474386157997,7226.051757849131,917.2464236327296,77.57942860391971
6094.972870618881,2361.9025438253016,733.5806464051706,15.437202912660213
6045.161556475195,1903.5580095116593,690.8525256962425,252.71267012160232
8447.204312080377,7339.006304291767,355.5888637022947,113.92359755847335
8325.66482935278,7469.556806257765,335.9652220660311,58.74620163106801
6310.454713204784,9575.25868306878,644.5591477469451,47.78084211156315
1782.5627450378618,6098.868344467827,906.6946519179456,14.014237670203979
2520.4788891380495,3252.2092116193103,756.3832396913409,165.60762551135062
2688.451277481976,7251.1360334419305,978.5712244467624,311.42846860968547
9362.723722924322,1351.3830079845438,137.40938240122486,27.479499748903702
7143.841312671713,9342.089694790318,1185.2514449470561,199.153822711841
6287.69065280327,9197.138854603849,421.3268104732203,178.81926085505683
3403.625082282079,1621.887407852386,49.017860166219236,138.64719123270112
2120.067497676274,3229.495631213351,887.1496585436402,104.14439722225917
7229.403623057163,1703.3028981144812,968.1513113569418,115.01014034952787
6653.19643243614,5885.191181213385,57.51094508614351,352.5123292092343
7911.974153041148,8543.14287380271,860.0853634253417,151.41189341666953
8838.57833757153,8997.843284644976,649.7796577039844,208.41322659300752
7042.669558758988,1940.8764294142443,239.020498435164,102.92042947359774
6854.126372423965,1286.9021432560303,228.4711375773293,341.0094265269754
5944.714802692845,7693.425558635853,1378.9099033953719,165.98090870151847
8222.781402495702,8539.508397588286,1095.2136627777268,336.185675695562
3807.892025166715,1914.4625816898738,840.8024582150424,274.95891553011194
2334.231523980517,4169.302254041551,660.4741890613981,327.12069098884666
5220.942534768545,2639.0529335525357,349.72402949822225,353.97103844576714
7166.68409266894,9789.75840909567,778.138120838945,326.55495629584743
3979.243357092931,9062.004085031036,168.73823462858834,155.37874706006204
6385.0506630444215,6291.480543510058,608.6710603927345,259.2312169696155
2644.33464184754,2589.143101541963,1314.4263737562653,339.31909928782665
5940.368444481057,4574.623622279782,765.7686114992902,184.0757892174957
9540.735484757071,7482.587165002865,177.85065740235282,279.96851763453947
3250.0612844021757,8280.95575388525,1262.5229253851992,228.92166666256443
2192.638616455094,2431.763511246004,214.52885600727484,67.55786588737601
2960.8673849711213,5216.166058480244,96.06073274527377,316.1713470123105
5047.768072781062,8066.319851379601,919.7615378864281,140.3812208437251
4577.23314691879,3792.7473318033003,307.5041292917283,77.95299287047929
4138.321665867694,7237.6297669064115,76.10671160897047,290.80065577674094
8636.47050423631,8158.633247198894,1319.499810127624,86.45683586715194
3585.8330436514243,4335.376233540297,733.4651397183846,222.65285024788926
3958.072964114803,9387.937311539617,1062.6937209933449,150.5637758029777
4136.950698491299,6599.518585449805,120.59531729591512,292.24812468304293
7978.858273819137,2892.861100482181,1261.0280079268025,193.60890148734435
2086.0449358173414,2779.3275785424094,403.16010793954416,273.0838594818186
8240.120449752842,1188.3923804951835,1300.4570450615295,68.24949123006468
4282.1077028168975,6981.223945268355,1186.6956471864826,311.6096804434567
2781.357310842708,1622.0361881175768,1239.540770497421,230.71676117516634
2756.364227568724,2867.1323357227957,1479.5147055975483,197.03044874131942
4671.1548285947,1163.6522747348704,854.2165273628876,222.46474883700148
5587.146529473563,3071.801627147979,463.74538092538296,258.97998014511006
7236.424844383561,4393.391011853368,990.3307470994438,120.0453623960657
4710.666882826199,9133.418628570962,284.21106340484204,94.96455073917038
6965.853780418408,8031.630924246138,1459.4222319663988,303.5609908722681
8793.738905112921,3787.9247594371864,435.7510803916364,43.541616182294646
8676.976993276863,6225.219029279816,1484.2264617516694,341.1146076721948
6796.49352619736,5842.817367288814,717.1068337423874,73.80126063304272
4749.657807806625,5860.455894730188,183.140387436978,227.82862838304243
2596.977977989286,5936.052985349149,409.53252349273765,19.96645421991721
7830.239960125395,2777.7044902407038,229.40731417409933,133.95701759336694
4588.111191623284,3184.51854932884,793.3443947028096,203.09966646701298
6426.9403093482415,6025.85358956286,319.1262090539873,275.82632442240043
6547.403466608938,9114.201241125806,1085.5909386499927,245.47428427275358
1777.6398937750146,4639.906027666784,321.22223383576824,89.06389717238619
5296.466220236059,4287.773866965741,893.946109317408,222.53105328699522
2737.3116941648923,3219.371189667392,770.2756911094251,203.92455724347397
6629.07176450402,8749.282520353649,272.9146520971563,312.8207883412759
4764.160219645653,6919.025857062583,692.8630179109301,48.04986754035869
1876.887423571653,1920.0334734043004,135.93706485979598,150.99361913537496
9984.263418760242,9504.68895179186,356.9522711739919,291.0919631150161
7606.858710753391,2111.0301753615104,710.049220718825,353.0658508875678
9259.706498308595,7281.026373773468,772.7701551452662,90.93776642177728
5880.933805479883,4276.115199143887,296.8453276722129,344.7615254527666
3102.3022497627244,8224.282558875286,829.3166592288134,166.01575362299215
9410.47891524216,1969.0515795110396,1359.1732883879536,125.65079256291172
9961.862078317921,4754.3056877568815,506.9909273618303,150.9587431639729
5607.095603149793,2246.141082991028,73.7658174644819,137.73711463557353
3811.5680890406743,8805.380380100101,349.36634553108996,296.8181461907588
6387.3424383614665,2355.7186767060207,1176.2397917691171,314.2260599437354
4939.538999858356,7013.896174940329,988.7754050423342,278.4880565611231
8779.24967893593,9056.28349928397,1015.2138311060415,233.4526844758792
1155.741067756811,5999.819415744675,397.1265187166644,329.35218515858753
8075.791072036737,7256.490289077997,566.7052476337924,243.121034999542
8687.518690488514,1717.5157759493795,928.9059201550274,163.3522653815011
2133.667366475198,4798.674895699203,784.2137393289115,223.2295730861107
7450.498561796448,3961.2252511331785,1484.00622465244,84.16838789617553
9708.058005873292,7695.28787765634,239.54147351815652,44.64335155125823
3735.182140580388,1452.8520119934005,492.76381069065854,5.928900983386429
7719.932618364397,6574.089547187104,1041.8629186416554,48.44258238989548
5125.32362640678,2055.766793665518,1086.8377706345286,289.2446718350918
4339.384910576286,1575.3685523114864,1113.9564070203937,321.8653609200353
8162.724439993069,6699.495148862096,557.4831240635644,338.6303954607869
4766.177109153381,3924.1988879700225,379.3305577394789,205.59074254619782
4547.0455715511,4479.2881799674415,1198.188146990624,121.91471588144154
4081.081584990263,7567.416628424258,1223.6485860100495,225.36593797740179
1368.3093732638524,3912.9630786234857,265.2747865141454,28.38415549835479
2244.826466837173,5226.784737099714,579.0009683164199,198.16643049879616
2346.243238870415,9485.396515618377,920.7401269220013,83.6561784687319
1826.8828272600235,5574.450960277334,1371.2888342779074,330.0943984051182
3716.7489827882896,2460.1750088459003,405.194420730766,320.72103184802774
9844.88652217217,8817.329955928273,301.4433280304937,303.44715445315717
6071.3278647354455,2291.64017165804,159.1598540326604,190.66925999060135
5909.368773117585,2588.0536225627875,1226.7053381712522,18.176000449934026
3510.5761679524408,7096.629859515603,580.3582692828732,232.7621953215543
2311.4825378556025,9028.411690521258,845.7155458111599,132.64321235974487
3787.645759208743,2985.6524081867283,1402.2073023180194,268.5716669892699
8180.186897229104,4243.986388865364,166.09659711230594,71.61441685686303
7237.173148093289,5699.618673656135,421.1645815333319,142.15443700678046
7244.820110791205,9437.349069078979,895.9264331810737,133.15359190225485
6300.887893720492,7011.918485304196,405.81456708036524,3.416150368498781
8620.576682175139,5515.892505381902,482.3768923106878,99.88030814073629
9503.180448466115,8662.189152219686,846.7954160479073,178.30930359789602
2504.9199921098566,9897.528933028341,179.6631302858112,345.61181031143576
1774.9691535038346,1160.739318729403,818.5363005113102,141.47639533053442
5521.494504510299,8170.656103998053,945.5361216957954,26.611855048491403
3637.9807215449127,1598.4177060239722,400.46670061162104,319.42847644163294
2298.75536276656,5214.460969486197,270.6107188526249,122.9489785049353
6926.956570954582,1343.293486295909,1330.2972826098926,280.5478977362214
9731.051931537982,4085.589606209735,1395.3063967549265,157.1799767745949
5595.572001427694,8833.714910071136,137.68359493973333,297.05946702748304
8247.663396025677,9837.791209008015,914.6650422035335,104.54600036845416
2037.568683453635,9075.877533340026,448.2287624088346,49.325842511021555
8612.65078930683,3328.7678270178785,1201.0703828640842,289.08698068342045
3366.1876636107286,9288.042713768706,163.6478643114326,127.39160226328919
3984.415137752917,8061.187893351016,1396.8442141436772,81.8179895422417
7642.824251302372,2798.470449716767,254.13416004054756,148.33606096838372
2610.258711709019,3100.134466542975,1066.8714555957292,280.9147167196795
7592.68454853242,8558.658946770724,1470.3991439493348,91.92053697446858
6963.819661788664,2813.264930275462,1101.914840655989,116.51110641309779
5578.168940408637,3070.187817343486,67.27881961762037,234.32209861174977
8294.872498857996,7773.797912246247,754.611289035403,287.45816775429313
4131.427938954603,8179.200526265267,490.795445225584,295.56835725745816
3181.0915536816733,1972.0100847374924,1286.2882876628173,289.1803011753771
5657.143944627446,1650.2334187663578,976.0561317577082,178.84076112470558
2509.7973422387204,7122.443513345573,948.6638517405288,127.0680252069921
7271.422623927063,1240.7363045866332,798.5057078593973,75.81995106858291
6069.809242969131,4678.906187755433,1064.743131247205,185.47972060496997
6964.210809704594,4371.066813820298,4.884686631588596,257.98692660044765
7332.734056578216,7184.758693562144,1411.9105899156325,60.7703158983935
3958.6603399400556,2663.735843059888,784.5179891255171,306.49891171691735
1946.7968024656623,8192.161700489803,115.91246202243548,205.9396400498115
1297.6573008967118,5185.095550030475,508.8346168580608,207.44641866814342
9903.482994030646,8128.590495905125,17.82723467440365,169.06330083291988
7748.764384263355,8741.764211743706,568.3287478995376,297.86684908313435
1533.7138743056448,4802.68090240485,801.8425777266631,168.65399365424406
9250.804827931059,6608.960025430203,516.9965873918823,37.60999852576111
5895.137603229667,7106.072612234247,1335.1530821719148,266.9364285431703
9005.067889302849,2178.9293599586217,558.9603070127372,160.2304847122691
8631.44649894386,4700.855439781937,641.5233993643104,352.9641885160667
7017.077914260832,3253.661862916548,1048.6849950933931,209.1414414820065
8864.752448840398,2976.866104839938,705.6587993611233,31.576600333776753
8494.859106518463,3172.777648677754,153.28220862704418,296.83620316057716
7405.767023721685,2405.220392372038,107.77447435116585,21.642310176227845
9074.663413981549,3481.813680140575,972.5082266953686,218.23969613551338
7301.334310171155,2915.8729077454104,480.99890292055227,91.57947147842867
3233.746752854229,1613.9997067356812,786.4886638246269,14.002598761863768
8325.203699966249,5734.874450223307,224.01650740122403,75.28378436743539
7762.784533289707,7222.137980021931,558.9583338573105,66.46286540570046
7935.630547925299,2735.100025182428,1134.7912796826138,43.572782749416895
6636.128534674262,2569.787427159711,410.2370610708842,278.22432038002523
9052.450919912964,5906.559743339361,738.487419811563,143.7583983016118
8580.224784967708,8256.307822567192,517.9795536690266,349.24109377657715
4087.5804817019052,7774.840289038954,1233.4401494244216,149.42562092982826
7951.244037879321,9044.616790459106,601.1470066919815,210.22482506648012
5888.767534611871,5025.013821421131,1140.395073728576,25.51973574160191
9397.682554340143,9268.669556160195,290.1525043728831,35.51992536759149
1279.098956073594,5008.933262695038,1158.2235353687302,136.88204797657727
4869.608716411066,2925.3049530830913,616.4509302599082,268.9471559454718
4109.2692631952805,2128.128654988483,1293.8816472423557,232.8770198902821
6256.4251197845715,6147.350748622888,1041.5939927779896,162.9901224257197
5085.350026457718,5092.686253495007,1144.1653645489832,89.66167751583187
7210.645787948957,5769.3958292866255,885.7921926800296,219.45473581792885
2075.8414406187408,4267.231187036739,906.331733192259,88.13942113737055
3656.0531508289428,5398.1653737257375,17.871417604330926,352.01194352661355
9020.857733583623,4555.318049015191,1135.426675743597,165.93630560188865
4003.0191159190294,7622.67510908262,652.362314747059,120.10998447572541
7583.003104580815,5926.911650168026,721.0364900064496,231.24764320102605
6225.201710232571,7510.9857954236195,979.9541375507688,310.58035649232136
8733.858960461912,2500.4068495282827,521.1731193304331,258.86551673863835
5856.844686836523,3231.7568054810677,1342.0188235580356,159.94683161359274
5344.373521926589,4722.956230841199,1062.7286040098659,29.409343927241164
9889.807327190922,9277.489165207664,1059.6176275150754,66.09598055170905
2922.7471399592478,6233.222782959418,1347.11483956344,135.5627648068096
1712.3707363287685,4169.149943040393,1313.3408301362801,186.32069894243605
7989.769539752394,7583.98736992212,958.9071874665618,27.29700066068158
8896.71387707733,9229.791056928258,1474.8464286325748,173.73439304669213
9061.313401421721,7166.965354499051,1104.6824713397737,172.82086640889048
7959.427005679491,5551.052516117581,1341.367417811832,280.46864014773746
6299.91081747202,2412.678242838821,714.7946480748557,281.95973638781
7293.9361333059605,5533.201521739771,947.0623384993062,313.9624591832029
7048.940989077855,8648.381321543107,898.0321927495792,77.723669314503
4555.55439255714,9377.201311684878,790.6474229602844,203.9201022781098
2092.890449324791,2955.963091717278,30.385662965562258,18.520793939411607
4088.663561877124,1597.6922117371867,1351.8712882242542,98.83873466980526
2916.9647582723464,2845.5924260422935,600.6976838119415,223.56706169273173
6019.42093303736,5954.183126351411,266.94550214882446,348.8688199158739
3367.761209405825,7809.5438248303635,880.213821864819,218.8727645737916
6889.207212770647,8006.753759522077,442.46180340485387,14.56788931184278
5080.0890140369,8864.974598842819,1319.5738939428334,149.92203473199632
1640.710836475286,8336.034330692091,518.5778738220228,357.45797874322875
7600.758622408425,8631.994796602798,761.442103976542,178.464180522262
4284.432791357958,2165.860036722499,101.3895602970558,158.18606770315913
6022.063029029255,9451.605128694406,1028.800374734253,81.21605013146036
6245.481734341469,3544.244066425108,946.2800854463314,221.35803659399545
8264.297262330409,8165.60149996137,850.0412350485694,312.3008188149127
1889.6605758732335,8796.97652114873,937.9723557367474,165.28147225036298
9772.444524701732,4495.171481862308,1098.3051696735104,128.69526330291262
9112.163387412042,7763.413039023607,345.26093542371694,2.533512078993273
4418.0513822917965,1708.0098772246831,705.3645090532283,44.136382838374864
6248.976755761076,8674.780453881882,1155.0155537937883,171.38235723002703
9506.60446391452,4331.492007757743,841.9259269914465,187.9463184252538
2867.7106057618894,1465.7655168860708,479.7932825555208,292.4381644905534
3535.025596402921,7338.303924078723,165.35478634009172,133.27463616267045
6798.576687759372,9037.043001720362,607.0990433883712,330.06943209238733
2188.6273637615113,1515.7075226590264,1053.8718183344902,246.92384171304073
1913.9973717112605,1630.6161063189097,753.5814188810074,187.44477643755064
2422.9875589256185,3742.924576477678,224.2224689651107,321.3456884673036
2923.31100365197,7262.362029165418,1137.0275072723493,55.350594256295565
8095.714602843941,7038.647374894408,197.2801562609083,239.80624748797572
3267.904553289926,5492.533051704207,987.2155740259591,268.99855790578334
5466.391904386332,8612.688845706718,22.614569619645202,340.52082025726816
8466.027398321914,4336.633676967234,994.2601278344786,352.4332638169816
5864.528099841189,7840.77643176209,45.305004676719896,250.1519152892461
7986.1072003858435,8854.628020067765,543.4481842740742,164.17421205224068
2718.2704754341894,6303.9689925321645,1482.8656427315177,83.45286496057463
4744.9818229519005,6298.573672960472,1065.7523595419734,286.3047802723594
4520.911160375073,4124.56975949689,1065.4677311821024,48.448160054909614
5453.435432618422,6000.81536790207,964.9703414580902,114.78931693650615
8167.418951291818,4770.697475175022,1236.2049929448046,215.96352619053675
6657.505448284549,9379.51716247358,1097.5418734371328,227.67075875641495
1623.547980679454,1257.385571072752,117.71219542830208,146.77758216322957
6880.899743707694,2375.6422703233875,1288.298313240236,41.250323549829105
4697.483118354328,8272.267891942218,1048.1324196210746,224.25020014458912
3070.301425866107,6827.090357376111,1245.4153707265896,218.9415926311007
3293.794805168359,9136.77487955448,523.8549781705807,325.76465361720585
8851.772144228979,3335.165851421571,211.12396207191864,141.23097459354545
3340.7789771014363,1140.837290738879,79.9417767254971,140.1577084220336
8636.320048269114,6921.213604853964,1441.983723078003,91.48847360277404
9844.13094249261,1853.9245530743242,1163.4774670242778,62.28467874361958
3859.8380821272654,3202.4912397344033,1246.8096656126522,85.91814957260367
3851.459077825303,5980.468293384106,67.40788148255992,298.5346499490833
7121.0187391635645,8466.981678983297,77.71660569333467,257.8116637300719
2100.7659708681686,4104.04959563621,333.6258854547368,216.53110491952503
8699.888734285865,9231.199565422616,297.17862200864016,78.05570639115827
5382.319264686205,9334.88292571414,1132.9409218853511,122.51396572565554
5425.337717515098,6872.777087362748,1389.0944521189072,317.25083242714
2807.4160416353398,3735.7137050452407,1374.8400549064443,343.6866204655141
7608.139960711345,1750.6930334565832,819.6903844170416,267.84618438090996
6578.154035900814,7155.472596559905,476.8550033231453,107.43792913261962
9815.450788929784,8744.893975554936,836.3095231170178,88.24121233526286
8985.91811998745,4930.265409272859,1012.4699981831325,324.96697078101647
7607.919538614367,1504.3483029860672,569.1852088608938,116.5108968276853
8395.037079310725,6633.284470976484,919.934715199814,26.9823453894571
2198.520345802593,4214.5081121420935,448.2377131053845,230.18791249141245
4485.315435963,4899.516453405769,226.30200597330864,337.9709253594369
6664.686757307173,7672.011309955763,266.05982143231324,176.34238864312096
4115.991606713067,4055.829920317454,959.4524426651758,193.7019240249645
8356.945041416826,8309.61947771857,518.787647296547,244.6297552875857
7607.5419145536,6731.379729835459,556.5812160851899,236.13932262758607
5697.17297291602,7392.523392846009,697.2153496520458,346.0939422459578
3889.653556456615,1546.6643992746742,1204.5007648644007,351.2134435485562
5352.568438607253,9381.380950835177,138.2876240520235,126.1904960900149
2664.2686322829786,1103.676132963032,509.53105136984607,98.25847048659318
5373.348542018238,8651.99870095932,917.2808860889693,243.77587423525642
4423.552747693762,7900.599142518429,232.58320289868013,174.2542999138735
2430.9525879466282,3622.3409614945576,194.16327339798647,264.3145693266587
2954.5891391176942,3234.656709774357,912.6152279584971,339.41937697031864
8896.20419306118,6410.720531611412,1295.2013885956171,86.11899762820325
8405.95391017684,7459.58519270331,620.4985536982489,275.32534143646654
5195.887574540438,8388.931988822356,973.785626786356,46.916700879107886
4260.3470930623325,5176.205358666406,914.0235790814902,183.99893352890498
2267.527042088603,7905.660483462087,1076.4393232861376,347.1295267794879
1737.2163745254434,6183.9961289220455,1184.522836614604,325.07051330617134
1893.0493314520127,8833.972666445825,162.06012288956038,253.87291643037733
8064.768053730158,2408.595070100554,1492.9020647987973,133.17797389375178
5344.435046011767,7549.821591484563,27.223176661433858,302.5199656646818
8694.480152649066,3673.772711536814,1303.18145850123,329.3331933661905
9780.539138010572,7382.13582970668,1185.181170841252,352.7886393147779
4691.1722555951,5454.777042004115,1423.7578641057528,229.80352291022058
5345.930651526367,1534.9106943210802,785.5890067287041,84.56684808180759
7594.375547523751,8947.712459446719,1071.0172898833587,247.27415006715964
3462.7046369526893,6368.492965526085,1416.8977445609346,57.10177615715173
2897.4244674004467,3549.4996374498596,434.17103121059927,293.52769688815414
1805.113751196935,4299.334561030629,538.6627524540606,187.29978812089854
6187.826319278983,5142.3880114929025,562.5156549899024,178.2358905880346
1965.6479586744645,1224.8981117824899,1249.4522551732466,7.925145946901246
1810.175073769126,7331.795577741662,1116.135803901838,215.39028611164042
9827.420448502668,5883.185764588741,1220.8727765936694,84.13798458750693
5483.797350330849,4079.400904087914,387.71184285671194,241.022381312474
4003.7089301363217,6873.6586920833715,1102.551769021491,74.91085678851358
2613.6834917717015,8501.53841684399,1293.2801542895654,85.50646643247346
8908.310591724228,9421.237614626949,458.4485485560906,168.6985003237807
7879.727628405849,5878.700245890072,663.8954115547521,89.643659850056
7760.496039861352,8762.55942171687,1295.6084666919044,313.55801681648643
4461.653354588523,7101.719232144867,104.28075612874241,260.1987040687749
3981.600575718165,1124.9188224242682,571.2376881101917,167.2400440173718
9101.256129211943,5243.449310330878,51.28829932039885,47.22855052920748
6610.396636587754,3206.147787772758,557.0714594439781,124.10812892162056
5965.375857421058,7896.314756239087,646.256076852815,275.24803167475443
1145.6908710741043,3046.4772539405258,1320.8855748037017,284.7005431158908
7741.133899153406,6728.063269011713,1434.9212429839174,172.2923370724373
4889.952308907163,3325.451988418821,1227.167235612354,238.40256564375824
1149.3218106417066,2507.1112908945197,1310.1389089382988,318.2886151085799
8828.545070677465,9803.707257489305,1213.0402204195127,34.529408920539936
8595.776866290333,1300.4049960048487,1494.9835884980664,338.21259052789577
6681.317605999883,8884.697668460705,863.3049919683143,299.87205543220017
8189.819269931299,9323.86554744963,545.4398251806105,345.6018498244138
3545.591522289277,4025.6004725153357,1059.9517278630267,342.33760051289767
6421.64243292098,5010.708245365451,1258.149776497275,357.3751476743381
2248.842786448863,8642.052964114093,1480.4408367445212,68.62148142697333
7212.877022482695,7207.403224189325,1333.15547347865,77.31678833576726
9916.50249711253,4309.871952760244,961.3166415119675,37.4899028436381
4090.0160132903907,8439.101015989057,518.1063981985743,73.719974421057
3518.1784052874773,3682.9190476142853,1017.0337015356126,69.99762464038137
3325.246125910993,6741.75652795993,257.1867266361494,194.70836052997765
2449.9875223284516,4859.773318324984,199.07523174691602,213.38018808821354
4717.587364021116,6176.770116709271,879.5342577396232,87.63710118222329
6729.779782112248,1581.0014831485287,445.1338974292357,243.9073011189683
5213.905984156402,4015.366859324949,1389.6665374408865,161.41112603998863
5592.493952142812,9205.007481791072,1169.3771981064758,100.6154320559082
6737.411584916129,5492.194131618035,828.0512582940153,204.54695678963722
2755.069423331174,3691.0601376169457,994.3113445478446,172.04878406015004
2463.5160076498387,2442.107741935959,241.52692885712625,85.94725474509157
4041.398591257271,2054.2870959469597,1476.1902983473417,199.27330305511762
3411.2560250339698,2010.396016340895,1086.4990340281306,125.91247379164975
3588.907183833247,9255.893339070375,1159.3084168769767,335.51324678606807
3555.7793968737806,2772.1875274905215,656.2851590652006,7.431726624262695
8573.218792851,9156.073265700465,82.85084942353262,186.678306392169
4556.572773168975,3653.282145729639,1261.0488136433398,86.08915780382472
6938.430624765886,5832.031435991681,1479.2185594170198,135.43665357670292
9913.228030685012,3348.9970079951763,641.1017714051428,191.82215465639837
6124.281272101642,7385.967118925316,1009.5955964555947,263.58556220363823
4730.381122388946,7686.484967625892,682.4276862889717,349.10733452328896
2880.15303060018,2012.9931292855977,557.2104477723991,319.4719243089414
8340.485904147821,8657.943350011239,151.37575216410607,30.874757157401874
1434.394417634926,3817.628619547269,259.9568057833662,249.15206455408858
3752.020909694182,2224.566521960647,818.378037848496,316.0925089067457
3424.347151405882,4223.021950466995,1353.7456328612252,15.776265382962912
4228.6015747822385,2436.7726666068306,69.57671304703047,45.39799093687945
2340.7220234672645,1501.019814984399,1005.5861395570769,247.87482743280145
1542.5174821099185,9651.622103824046,1353.5983731680722,323.1429104122468
1110.9610278049438,3744.9349820435473,235.4088253957797,129.08863148085575
8401.425283779707,3938.548946027521,996.7370638299236,199.66706639978656
8982.938642039662,2310.625655071578,894.5509458267004,207.52581463480007
7184.1754305175455,9282.802931671506,604.9337209998736,295.2158269926205
8222.98968338632,8542.614316264615,1104.0650656483103,73.37019977092197
3507.6129684746575,2912.4085281576968,462.9598961805881,183.9309895939722
4696.825615622507,8321.23315221025,78.85055949305938,58.633491071225905
4513.341934506565,3186.1735894949916,1085.694062096133,177.77981910584992
3918.8373561791495,8231.395960116875,1484.0475774968656,58.881084280655074
4376.975508191659,8223.15608769951,522.1412038128155,214.0408587010776
5812.498743206538,9732.044501809944,1192.81309908362,192.5987583305044
9064.211196326496,4387.720788782997,674.5264200739169,41.985278815415185
2331.1442311377727,6162.153105910759,923.0454728556059,88.63461186755627
3947.4776728061006,5073.431752342449,1189.4636098056703,124.82640767547277
4913.075462437308,7676.546357601854,70.62779367405489,204.06382712374648
7945.690625573189,8189.962431723683,1115.8996919480326,243.15622971733998
4766.741451903549,7446.114887966286,282.7622713793113,21.16276815279075
4592.169582264809,3889.7122969582747,1154.6045670760286,192.18943847778462
2965.6666268521726,6559.838642073531,460.16633475755066,51.681338617279785
4480.49740430917,8007.405020788064,947.674477291836,266.46522651082773
6788.164539675191,4747.977107284491,278.5268941676716,313.5848620068714
5582.652946561213,2730.172904885637,223.79665898598847,217.60896263122925
1389.560227453703,8691.88658511323,138.1953916929475,211.2641136228074
5883.56350050622,2928.6196509329857,1153.5557459887466,40.10003777944166
3994.719256261908,1196.9266902119775,538.0670677444728,48.8048787397061
8982.912965045956,6723.407535301735,357.01190831235635,218.3515355526596
1116.8354996308447,6486.26555961729,1325.8397211563115,43.06372968117994
8337.36264903737,9015.43813529349,520.5101968948218,350.4981775256518
8458.439029894686,7365.268221786372,730.6767880002128,329.7735815794439
4502.472584367076,6310.169704125777,558.3504412272474,14.331881085546808
4603.596889280705,3238.9373311272034,647.6666045733864,29.751968634982934
4463.556866052964,6290.715452066276,225.97169118157296,249.61891309595862
2320.9367952795915,9391.830503720277,1102.518422207859,341.3440955969693
9866.538397693324,4713.153772484362,1050.4276478322965,242.09780316860218
2235.1627684366604,9551.052619865197,380.636995009437,88.63323431664831
2768.6143726545397,5345.7631199845255,616.2678924265207,92.34345742965229
9830.86130746114,3042.5695187649208,835.5962061163729,22.897393219776475
5159.318858041758,4124.458128313874,703.5807034907021,74.89843881993298
8123.739842755709,2537.0592375969945,550.4465057654314,109.4278165139327
9479.079445822048,5360.4598394970935,439.4982523640843,249.80891918114284
2647.6111723357135,1232.7093159632034,337.63940738918456,8.583905722499757
8637.091246033904,7261.133329707143,960.5182056118224,158.87329939721067
4634.580824867706,5931.778188063092,1034.5198482077842,125.14953324540512
5345.831865074272,3223.517729230165,1434.7419416546127,46.170582589554535
9337.105296556188,2521.9453548500956,478.19634482384123,343.2964458318062
3690.1423455519866,4460.50958068778,959.5095953253515,232.25175158235345
7575.858669650888,3259.7344282523454,1420.7219343792249,40.58650604838115
9016.629020631044,9293.38638264356,1464.0844575821488,286.0037795769726
9377.768734671638,2346.718745612589,458.7132942034089,227.82002553673834
2522.5083865404667,1857.5317114592044,256.97310029192454,117.5757218487927
5127.3609597905615,4738.701015813385,517.6564184936595,326.5772992365454
5887.164878791295,3884.441018228128,203.75570163617914,72.01693703864802
7750.148698525392,7764.3430646369,1494.3491407350825,344.03813287789706
1736.7760430759863,6664.669663316229,353.09933556360215,87.11223792717851
5906.580575248888,1123.1261841019157,955.7687354477591,192.3501747079436
8357.811922497778,7571.747445271776,630.9473776909524,15.261363014498926
2539.3879019943624,9812.021454070418,522.8973248199196,188.7091289170679
3246.669616524345,2336.6979353172264,854.305925958526,324.4308172050396
8766.982967446305,7739.879778725471,848.6465724988711,83.54237602735274
8495.855873682376,3128.6714578487827,1088.3703391971815,298.0441653068273
6947.622669972717,2228.2934833644213,137.4003115980091,44.94773060635919
4319.596221174885,9952.397707637903,1298.2549807037303,153.61246880490415
4815.796823429196,4072.0627883144225,708.8782282338258,77.0921752426709
5161.624253148819,6162.349552970236,226.93241636629855,92.65479032656211
2471.446837639829,7830.001845137943,581.8479198018294,275.58635014884777
7591.527894882528,8642.305446323075,734.7611768422994,236.08858152391886
2314.3239612516027,5512.510113443229,267.6977786808996,347.56104863710004
5637.3402056823015,9914.542081778267,688.7752027314291,136.32532921223353
8343.03940674548,8388.84484094609,1183.4972238101143,341.23470933360966
4847.755322085384,8036.034942709032,7.959857900116286,325.60380106484774
1672.2512636710153,9597.906487034112,785.828149231061,323.48289644453627
3126.4695701156224,8167.189893681195,1101.6396299640485,130.67968517071048
3642.4727647394443,6948.34433520432,350.98385429823213,336.019856349912
4677.10014984852,3534.9930308895086,1002.4909780635435,258.35613117198994
6417.415730155422,4772.638147703567,589.9122531870348,26.131015686297694
9600.323026673277,5308.448468007585,667.8716058452786,53.7129780026425
7575.9210415608,2659.0550314338197,625.7226644260156,157.86716206011553
3051.854852298262,9915.089346483785,810.8132687161275,49.04483733956388
4800.745933401626,6909.813575065296,1030.7692064729897,237.6691496049804
7147.401513077056,5468.8671891952445,1247.107176560515,77.93164090820667
6581.82101969034,9074.320776853207,414.69133891805444,348.71003580724783
6633.271820694699,3159.7589233293456,96.08671291340966,43.483391919550726
2726.710439415923,5127.956047293601,1179.9285160252675,341.97035893357196
5979.3531389121645,7915.503796226152,1042.009157496448,57.837509907446695
3769.6309605305273,7013.169589383294,941.8923636396639,205.42261556865049
3026.0198474573563,4841.997106563707,1430.4109475270598,106.64636276156901
4863.523142343579,5432.147798747184,954.9468457621981,206.88113310469157
1563.4636035632582,3869.9968130260963,1403.9900335898958,118.92705216727788
9911.490638957295,6320.485875046491,374.6254444683315,33.25346454216145
5490.525693910789,1499.139261023682,89.09037052433735,332.1752594896522
8217.724366758179,9851.787243624516,1402.1641481290073,124.43897952874111
3614.8834899868402,5538.585566076886,585.7775493768529,212.1553115700849
6304.053701930678,8293.008826595651,1273.2572645299263,17.876667714764473
8683.884712717347,6690.393243980257,1019.4748805462857,210.60346934018614
2051.7100344319106,8242.36626101825,124.60119800701654,173.11880048371933
7255.634130517011,1852.100274406087,1499.3295361562234,295.75753857423365
4788.353584396458,8659.44211388471,1468.788679221322,146.28452240529126
4706.581604310686,6501.787545163212,822.2105783869714,111.97843821419697
7760.810980226158,3014.886087249908,847.7608485339938,273.72347817316853
2368.8537394877726,1669.6825260790688,1498.953416807181,87.74512596403518
5880.53564075672,2165.104939893205,722.0232979961604,92.19618457794836
6814.5785367787,7318.834255744193,919.2207349502374,124.48283635228535
7315.902559062897,8482.462705049355,725.6250090780566,158.87150370121753
4461.111493184164,3567.961207693186,229.89483825559472,300.49756168578836
5608.462467510561,1444.7225922126559,1169.7943928293193,131.145534538962
1781.5476882903886,6999.8853186825645,420.88917648736566,215.4256482175025
1978.0954954619442,7041.818323857351,629.1025072886291,231.04640798955802
6197.430394203474,2295.814048936247,1114.3457021634663,70.21294854443427
9829.963897574666,4037.68075610011,627.7560141752487,196.7501154249243
8149.709826089966,4202.795878584551,1191.0104423808143,45.32986094688713
8554.646642340078,8137.15775332568,1385.7616102324762,81.17832411249941
6490.7364810022455,9407.460419868541,47.65337297263509,184.42035689581624
6179.8150933950465,4510.285393813538,1181.2693384381823,92.60867783801434
9961.87894881594,9614.53861682408,1027.1577386777499,254.6795331648234
6405.990217426803,9610.984597032062,1080.71526819311,122.18608506768783
3448.057410694967,4438.548858297996,441.4744049098786,234.73566288376028
8585.631390974955,3037.2569199044956,1450.360121193919,345.19876103549007
5950.92303123441,9357.19743720727,898.8069202169728,11.980600765373582
6097.541023913194,2845.4823217085313,706.8865479838908,233.4265162715801
3963.424446030535,1871.008612872683,1003.5892109917174,320.9361330648855
7943.877511967782,4981.009665232512,1399.1342859269143,337.3067806902657
2700.5062077296147,4878.460848842831,692.8695195328839,105.51568462727622
6150.986665338433,7411.995177803601,572.1698141463854,186.39097712906218
3286.0239920665604,3032.9402002669694,1431.5829307528186,23.68089597493619
2457.9216086639944,9298.975998057238,144.1084181087467,257.69730878359036
3911.413519239139,8126.809369391861,879.1317882192031,167.26035179150887
9884.644375447366,6111.734377402492,975.4299866498005,184.76948025414137
4665.156076576602,9095.255251042234,26.5480916648141,248.48571140818933
3945.5915559113646,7529.28190839454,1428.913591282928,88.00534601938482
2513.846160610903,2179.815848504841,37.668407880446516,270.5361525903661
6088.136876639985,5540.755077333395,1023.9354190568358,208.58574217006708
6011.2633651499655,3626.333774163465,558.2296579393234,68.08450453249277
2707.5452961838964,6701.911435101971,1485.9607060533285,221.88174779052815
7008.061061755125,9243.443076972308,1020.1524121303212,187.1320933271354
6364.172794795498,9281.068404108177,467.3127631271686,19.485665450303173
6704.228594511096,8033.993928341372,1455.580889666866,349.13804299434133
3109.6292221133826,1201.3569625584544,365.9041930472064,247.067288595598
8660.401655889087,1465.8957053153113,904.2948988580795,171.1033034966609
5272.111307271964,1821.157909813226,920.5109291548331,279.51582908347234
7560.380688153241,8049.714726661817,502.21412609900176,16.58613022965403
1380.1169846568907,5933.689793429761,1400.2833208169752,224.0645470957577
3666.4114343970928,3068.152905845683,1144.2411615750336,69.52984131398452
1579.6474139611753,1424.017760556625,295.5012233126075,301.62915416229936
1469.6397286313986,6830.876349179085,1316.6164592920034,7.257007913528104
1951.7673645487166,3405.929653206906,710.4287532416446,141.1683919773343
5740.9651782078145,5451.092941586452,585.5748723574396,133.95909251572655
8984.971581056794,6483.358081657243,1045.62708614718,57.8994828493829
4273.193834721356,1201.7974520108946,1307.7715446490308,121.97994106366313
6035.399985500539,7622.474865624061,222.10166230242626,335.6056726088057
5665.1483618857765,5287.675945737348,352.9139794818917,275.2178694207812
3034.0783139216237,9100.161449749383,1183.168463673718,318.9361645240029
6245.669749888844,8403.181552476739,1337.0746191138862,271.5726036940298
5545.548905405029,9595.967427249194,1231.5700763553302,40.36059173049463
6347.627198991018,1605.975651119533,1151.1421473679889,176.78204949456395
4374.284700531247,2178.944216172774,69.74455754446603,185.1300894418499
7577.961242641296,5684.604254744943,265.88291541011733,289.33650355551197
9632.586846143893,5814.528654825903,512.1004738432665,313.4733107184208
7395.183935306047,2125.4765897852308,807.5366675803409,247.8755115477944
3484.1709502460885,7922.1606095162715,429.8149643442389,336.85294403978696
4995.849665440923,8813.475579672377,741.9883936872793,68.8045484347603
3572.2681994763475,8278.29668722798,388.79007472361394,99.73828469225906
2221.3019622665906,8905.435708579533,325.67548250591585,208.35871183484778
5632.367092074182,7897.843859978105,348.82083051845456,166.9125726886591
8051.387300103118,1207.3443984619316,137.47275667975634,54.13858928755224
6478.714918270718,2962.701888739619,124.05223876234369,345.15072735326146
2729.719017626817,8633.38159642175,356.3910944303445,98.50620074109482
5596.496247868123,3627.046770720155,1433.2898949439004,332.23842021852056
6963.654177233178,2536.5011375043005,43.425629973901536,233.37036727584396
1997.763541340892,1326.4629641732504,906.7465915942529,67.25947919949076
2289.938090637372,9980.577185431219,224.0098391246757,276.3328881234353
6011.998059432832,6920.261214480724,410.1481676776499,57.53469517493778
6274.508418787031,5283.697225866289,1054.326473945831,43.851045256552446
1149.581957028793,9449.093549220372,1467.9899769158624,240.82257582371693
5001.777733206272,2680.9258030698234,1405.1922984987982,107.04107172248483
2620.1352524969757,4175.661511044673,877.5158448404455,302.19866494644646
2374.6018137824026,2292.3584888847686,297.6281398449305,278.97938637962886
5324.948347528794,8505.396417797876,86.71460639313058,94.61698718909457
9363.007821499063,5154.437393985905,693.3178222915277,97.39410111959728
2570.1784397854135,2724.439925414593,255.73991783660227,22.883602810191675
9014.818325115768,2283.288768413554,1130.8189678075098,227.92971932614583
2696.2501136711885,4102.214610219818,723.8214638896409,37.81432316333969
8450.057202632346,7382.582166975734,1090.3924498017225,242.85131641082089
6090.222640384449,3101.4028504657954,319.76933335810907,44.54050406149188
6677.731001663226,2847.562759881269,1.622553959437754,170.5915809974096
7663.636329794156,1529.3179348172157,879.7308854604524,312.466495477413
5610.668637753861,7438.199357247745,1102.2946440501648,42.38838899710375
2386.9421174554727,8079.883492992871,266.6225824007984,290.6707800712858
5134.104938839023,5674.8314819671,1279.0070956605678,332.8380643159971
6518.765504496809,5459.610436462828,550.2417957650057,108.75549974731526
3297.94227244813,3231.2779153309284,1431.0759346180932,142.1870511176141
4529.094879011072,4369.774747805306,976.4731410713629,193.51409323803145
7591.538026672867,5947.025434232355,382.3491964668287,159.37628373941297
7272.765447475605,2599.1173927597015,421.1086561304826,246.4879999993365
6906.228509043178,2229.4622024823693,753.4520531040082,167.86498757081452
1385.6318855398604,7664.426539038817,1396.2363802885213,241.97305517359578
4491.308113608355,8752.494247755836,524.2942700501643,177.58478984178922
5773.849985700073,7612.005055926309,257.85654484597086,232.9291720107649
7431.030877051971,6351.9730484527845,900.731065922197,149.45221004931037
4498.286349655656,8939.500295085558,335.38558395943244,8.418342722594286
8958.955748652883,6526.654921471537,862.2918455221819,33.18732486564661
4072.232184957399,1570.982702017962,89.36868833559025,43.12579189546501
4841.298819490134,6111.3834199817,837.110852791584,127.33333292403036
4752.370738191266,9567.487362119698,416.3039930283282,207.92068315014225
8872.56103096051,8280.40645687209,231.3733467547791,87.735482790725
9965.218465814849,5610.397530065725,697.8091666060656,349.2895493129855
7179.430975701104,2989.331468453849,409.3168919559951,78.38474341002217
8967.321530081486,9845.530935405617,1057.6695281758318,229.56271105584193
8821.3794627864,5724.461420659509,1463.616481780127,62.50665377791708
1902.0343447290347,8658.836533267013,1096.6516717524996,347.303056667685
8726.63209310979,2637.0812630788596,544.780912029985,68.19829524330785
5469.713854309992,1108.9305294975704,528.5893458102267,155.15414530460987
5625.345394943858,3246.8574209459184,85.86697351019833,70.06872806930963
8258.87236018262,3042.353525869078,120.05465744269965,313.88406146414326
4229.873198764251,5585.584324443185,1243.2400368358094,347.42303798756495
9652.693131905942,2353.229889010348,161.48758384402927,180.8334927962866
4644.058826179184,7791.938784193031,634.7643656829175,213.7848408139139
3536.315704569194,5023.885713705531,1472.4044802794772,167.15440646819212
9620.495908098792,5670.5078797717315,579.6212517721367,306.87384200751825
6710.2949753632,7375.806334737475,1360.2917904595577,181.98857951220006
1621.827861630191,4959.146362010606,1451.4728743818298,119.56612285860336
7975.20477516075,9180.545876693273,23.659891684119703,91.97218824016046
8778.597073048139,3971.205729125334,449.81993523704347,141.67381784960637
2751.6306706131545,8849.9136742384,990.748916400201,209.26526361625736
5784.463401127301,3689.3006152547796,1125.3326580397145,13.09862198072782
5992.95178149329,5972.15785242437,1130.2227399513206,67.90523462881698
9630.881400949436,2667.6217459531354,109.93618013416602,216.1333755800745
6577.897381568466,2972.297027858798,484.0479583940021,358.02182653675663
5612.12144782048,5099.591183978055,980.9841090969786,72.47340237442582
4271.922191853451,2476.7879455101784,943.3812532564074,128.353426752653
5537.115558736529,5378.610543707428,721.9547711423119,214.06393576631402
6607.010994572175,1482.4215824782336,323.94354791229995,246.53290364772718
9654.53775214167,1109.125230198452,1367.3727402662507,129.15164773680354
4786.872307477353,8962.730000241176,1352.0910088734374,4.797921175178638
3847.8358735175166,1914.6258734590751,968.4472612067605,345.9276467521898
7458.54718528362,4974.012067463079,99.90095550707414,67.28800522449836
2492.2394906382133,3541.3106112321598,185.67568611717067,49.44630750616284
3025.5172117514517,5161.197516556727,1316.5116229595471,236.0208604903622
9963.858070358056,3009.4842679590083,899.9616406414201,291.80300091298136
4947.103183947844,4237.814617328781,476.23817836432573,36.43962151168982
4199.943124937736,9920.809028629317,1329.1804379587775,233.87543685539913
7881.667770563067,4152.424479152718,1265.319033201924,329.72380879418614
6660.285259848125,3648.6850157467047,1068.5321640638579,139.6117053314469
4162.788692674583,3340.3010978172715,91.1172231121041,297.8065009264303
4212.82357536386,3783.330901314726,981.7021801702873,266.3969263076669
1374.8215427355335,7480.858760579177,38.35419457930023,144.347837600137
6859.382207207239,8235.583009384627,1043.9493340827064,132.42943343631123
5532.804465041182,8581.661212674182,1001.7702394066955,76.7822948524703
1758.0203183158144,1748.519632374785,585.6585580514891,211.97246218764374
2879.229017856004,6410.976563343494,633.357611862374,350.1878406594695
7184.4018536039175,1749.4029327206417,20.090884796805742,172.46671669258419
9111.484283051901,7146.057491608222,146.56770842839867,219.71740429619726
4655.72189441678,1640.5743465881642,715.1970450210054,136.37324069434064
2990.6323713140737,1363.2671639495566,133.75810900933422,172.87954818603484
7285.282470894819,2596.2095777066024,382.5929642183127,303.46869282437933
8709.142160787454,2289.3733537024414,1022.4164561971726,63.212483188420016
7747.406697079691,3007.341242101049,1025.2553394124998,132.55558388211492
7579.851512721926,2865.259051655612,204.926911343704,248.66240234799926
7810.086562997421,5601.687840776446,1490.432495089467,279.7166822090876
7086.084068333114,8970.973513009252,811.5289229806178,205.40719607266095
9077.991357236031,1383.613124439144,199.23766455878044,76.22655760984574
4401.067601656333,9531.561794188341,1241.9828871881832,35.15534670868717
7035.621853342273,5360.982491987013,1113.9485955994667,233.14324056448606
4270.896929677836,3019.7222454896028,314.47983116332904,88.53970341036336
3621.108917332831,5148.352405885094,1034.6368791452069,268.0992186993452
1101.8158495184084,4660.574823729437,431.7665182806102,1.1232920327554703
9769.510522740416,1779.0691841608805,1026.9643790723908,222.52873467086727
6330.467657846051,3606.093634408192,819.8041575672938,279.29251223830465
4636.880307043202,6804.584351561617,657.010194310071,68.35957579097155
7601.997282538907,5746.599680458496,1019.1286782472241,127.66293062994998
3079.0882029467184,5652.532895503812,440.1776647058343,277.1407051340691
4807.843372910083,9777.40129157767,581.383678267794,126.03838734046141
3013.526950062638,6053.695399876157,158.51882553274157,33.22177618132975
9215.699813046438,2832.7757638048192,125.19263095201646,95.83404652833539
2766.2070694420727,1627.8463352733581,940.7268366103161,66.80062625060395
4026.8861509273056,5891.980140460269,1423.8062856263741,270.29283451130453
7088.574838747346,1793.1810553913128,1058.607127042677,316.50901664957735
7250.401611254047,2448.535512303094,1216.7115114975136,154.45142884363565
3700.8762605991305,4240.7063541384905,1279.544806073109,63.51947990805904
3040.3681984360574,1347.78452256616,1037.0418363675487,137.2816996249278
8907.426734848043,6316.873313093679,251.78531938003397,149.36381145589647
5119.602465805343,4655.222696481023,706.182287666551,228.81801739473622
4260.323475654893,8836.722356602828,398.3187520963154,323.16840201420615
4697.482072796356,5824.150464972462,943.2010998123309,224.4999352327145
4257.658753019317,9504.840295269825,282.9605425146501,49.260026067043086
1159.1399248796442,8790.51080241091,608.3167172039084,141.35280815799933
9827.993562574085,2902.832132545992,927.1743592166068,174.28807657312234
4518.739636304794,5966.566484193895,12.59732781486526,53.60731425092798
3259.408398777834,1731.411610480695,1110.7418698443978,127.91193795489266
1157.6318756466553,3640.5999510685324,47.208380482316045,341.92270707251544
2937.0317458998916,5764.804701190893,777.1455487237112,91.9182398861406
5054.075038932575,5197.258732229684,958.2244980605296,29.02010473047741
9605.977363693077,1661.5835737654731,684.3028013062557,39.78382854229484
1934.7426571926362,7486.179147412836,361.69781331479396,142.49692987763072
9451.998166912721,9637.247447696162,158.38936995353637,16.916241414764627
6002.15640128894,7187.200868819568,1152.0304112040253,162.7481472494492
9744.465262974503,8250.12315549007,135.7463348673205,284.402398826983
5682.810721522567,5037.812525515855,1444.9669977043948,337.2029074450677
5295.338121366742,7826.508576514674,316.80619692605217,246.4799014094004
6966.617320685262,1247.020836923074,568.0105384964826,162.87943453635313
7816.973330093752,8733.506268041003,1129.4234401702474,273.99235198983996
6806.321419511234,7669.849640330954,349.63737049662814,7.655911136605969
5780.4879069144035,8183.30578245577,549.8250828920434,290.8481994948535
1716.8644793769,5205.259432402577,314.72029973454823,139.11676087132722
5780.4646017581135,3792.410101080283,709.0421494745274,332.8771213790123
9771.83787162168,1628.71237223984,661.2472249233791,131.9699831549087
1740.4982026936086,1448.2070670399266,488.8639236112886,251.51662535073757
6414.077250268103,6774.535918239197,352.04158801223497,235.1566555840235
8278.584606393892,4705.180637256812,337.0620373982257,357.9870753734356
5711.494596093318,3838.6142225973717,1328.2188910152638,115.16764458187956
1256.6895262154292,6465.842814317511,186.8971436925896,190.78521332416292
8519.500987984798,6577.267853502784,1403.3314760632759,107.39482741181676
5675.046538888422,5573.606935910487,913.0456936946193,231.2957754654079
4632.18127228877,5584.819054659273,6.354235913715606,278.28310886036337
4010.2280737211536,2549.193023961988,113.28749587438101,51.85934743903411
2801.726820406665,9104.885365394908,1394.9689561338455,120.34094086940937
8654.577351943946,4120.641716659116,1190.5537502080876,301.3375482713306
1142.5737442157538,7080.788139629526,1254.2517509520867,295.91949953894374
7562.806415262656,1372.463568418999,1221.5603936689988,146.37666291400987
4044.7212602733644,5045.520061776957,711.0968890325344,88.46495202925752
3636.005854520056,8451.568312114021,295.48778748636056,220.0343324983
8004.010239603456,5726.814077332076,1456.3917182333043,95.80984870567706
1462.852841950745,8872.331311170334,1209.1272383305513,58.684376096922236
1744.8713266682453,8330.005120904192,151.44250013417226,36.60962022800276
1511.3375233735705,6679.530755902438,736.3155329882762,34.36935043487201
6169.828997148348,9283.34397216572,841.872576716589,328.8601080995007
3896.410937671153,2208.128314025502,5.186814801354205,184.09376309584675
4107.084399196501,4661.589861087449,596.9029903586343,330.81415569681434
2328.8442502820317,4506.544091783075,885.0303042214337,311.9991936777255
5026.417559787525,3647.995944548307,245.2101392073308,328.1119998684077
1956.6088984941032,6273.612352430559,323.7676278177369,204.36757017201893
1677.4219398143687,8130.685767546845,1426.395744989976,231.85854190496326
9784.791276728953,6498.0363731996495,303.84008634888653,239.7578751836515
2249.486459218251,7081.642514165893,1420.8780017090073,222.90863613302082
1748.5832831958433,4658.4881253995145,995.5204878146524,23.834709906772897
2711.106932064042,7190.050012606227,205.285118062641,325.7910813298542
1751.5795456691171,3457.8957526537642,1007.1739021263211,259.9955487331797
6784.082181885956,4292.374356016713,614.8976723831099,198.72533714758956
7972.723925037848,2803.062587351802,106.18403826405071,242.54601291458002
9128.633438487508,9075.792428589517,438.688876889837,97.87763757228898
8505.253420955021,6555.1161741255455,1167.0419832409564,116.22489991525754
2261.077941161352,3504.3406276159303,1419.089489944766,91.4700563330847
3801.7268620033947,5290.026668783395,685.5061606845546,212.4549863903961
5691.516040177136,7869.606682989289,1332.5367582332492,126.63506776061493
5459.841566496261,2008.8448324177652,1078.693113167729,191.94683029472358
4768.026256738751,1184.0097448731892,953.7144635362323,130.85716525821175
7809.919896370749,3197.4949127174054,9.93630765471486,321.812730875913
5548.681470785815,5550.453767223666,554.1572324502027,346.3407306581964
1152.3525642854904,7970.627679305785,1015.0677029902246,184.7235467388188
4959.948589809474,6446.184749535113,605.3307306801001,40.2924737127965
1639.1455592736165,9949.012117697794,256.59747815040237,335.6136855588308
1379.8925588488655,2513.4383986495823,1018.5504525153681,271.39423618492424
3139.7921686209984,5833.336112711502,1054.0600819389729,324.15010371355135
3054.1921763678824,7744.476178146419,999.0773238924746,76.47105291834683
1998.3455982035716,8442.241141387727,2.7776576868895817,357.53065149920195
1909.618155770455,2989.2415305283484,1123.7350326369651,72.34735195630638
2369.864759377363,3341.0633135211465,794.0955382144072,174.8843466148259
4628.80718151216,3589.8263786229923,1010.5102564843662,143.8270308581622
2441.6870523296648,2501.2199482478036,570.54777351994,301.37738751735804
9978.923428917646,4983.395835802594,1043.7563114177153,114.86805272986692
6859.042521864876,9593.127096241447,800.3981096758699,127.93489086436519
6724.285298585745,5989.647493842406,1419.920963455148,116.8132866348742
7125.117970600761,6805.009232534109,709.9377260030884,150.42195850377982
3493.1396427511563,8936.263472192728,1061.8303681062685,291.441573181911
7054.69634580118,4107.748348738836,744.6018423447435,178.41593358340464
2158.312263671154,5370.020649594273,1397.3253281989448,292.4439020306308
9280.052770809732,5552.667774957754,403.9817232680572,85.41165155559321
5104.076304962299,4050.42322860257,359.1679480463609,61.60362335593595
6047.713858561022,6975.8907865795645,432.90160452144715,84.3367711695078
9745.590822884842,2836.8749671764303,1320.1147183001176,281.1050067444372
3722.2426142817576,5475.642907101357,1095.0532740097285,60.91885196450638
1358.1428730688397,8801.122624936994,911.6982307775081,256.6367949309207
8086.985999435951,5632.181110897545,1248.5537171447086,42.21722019750734
6438.257234870979,5627.278427734275,580.8979048459615,350.34137706884775
7757.606190694831,8770.81525482636,255.42750583313762,348.84307077155484
7501.217529183215,3863.566821819766,1115.1321616199195,255.9101099557235
9677.830278637684,6068.41892475485,940.4086610828967,71.84113827098359
5335.443864397844,6339.381608339862,414.15934736246606,29.5851606689564
8733.333140909494,9909.490911232435,737.8753674848834,31.31235624303282
4326.151004058591,6676.905509693889,916.9002029950359,251.77134112297412
3217.9687948835135,3883.969562947062,1373.9581685407459,105.13113305048306
7347.857175660793,7857.122906158314,1317.551027280617,211.64627948180038
8784.165980487638,5241.942250592825,1045.0181748385962,9.759151258694496
3175.042448289352,5450.255680470449,1353.523465387822,175.21899535721224
4893.3949497065205,3583.4864467482826,614.8826557673715,73.44005054242149
9848.944645053498,8500.54013526228,1306.46914502793,225.33114563364487
4381.0330875634645,6566.32440230572,1199.3817573338345,143.14885062320369
1277.1640075214173,1338.9077204895602,1295.1296211318054,92.11115394766564
1360.219116761149,7524.220252862206,532.346975404418,177.59620584197324
7534.64340405568,4682.24652049558,1429.4266705187524,310.3776637811075
4499.979905083015,8888.204729903566,966.8927343130042,23.58910017787128
9230.311422426179,3020.986816805124,654.4821771416949,19.51257638609643
1170.1897407992578,2392.512612289358,982.7508894679471,55.35495803251446
1885.6313001902536,6581.1423847585,1359.0395520396662,152.57137528648317
8494.016453933462,3969.7708252960583,1386.044963112249,259.4412712787569
3339.6576642528116,3533.4324636269084,135.57505631650935,215.47161284782953
4909.76241447663,4651.19526932715,1.664229310529198,234.46940707495972
2987.245995135904,6128.888815629944,1110.4615854609451,145.96079309064595
2640.4152601797414,8612.408451976793,1261.8410961249594,84.16320049538223
7631.442323024035,2953.55864184026,610.1235306958303,79.1778383609706
5584.11305475319,4476.853561202624,430.2872327046071,46.355466208806966
7897.936671713318,2996.8869420844785,1010.9304207861018,137.16735501522047
8856.431658176454,2353.2397657573792,83.95620659121222,115.13042569195845
7336.658293926529,1256.1921551922765,203.0606433408596,8.675504914244407
7882.189481982517,4692.252053900557,473.5336384963106,249.8485119283766
5075.949530773616,2031.4516667498076,964.6536491039743,316.81020776899635
6489.748513279511,4203.509598019653,1143.4449031759418,24.03519305466815
3547.4233550293816,4659.785069459348,1039.8858709742985,59.480374928589534
1126.2518164201895,9951.697615453646,873.1860106532595,281.3123506302565
5740.630201216375,9453.481499176714,284.47225430807765,146.40067334827611
5229.229438290665,7195.50692626073,596.1687933190058,57.31344819384035
1897.0903116485038,6890.965668093466,526.9870054364502,12.921483341895671
6344.072922862818,1596.1545567792334,1402.847462574812,175.2496344704281
2191.527820790622,9121.880865293473,1011.4532357727237,323.5001812921271
3999.0646901461128,4062.5323861591896,82.22997757491322,174.42833009938488
6734.876358870845,3751.672547055625,157.86676132248945,223.18046950544124
1726.3378756470713,4754.886883161037,369.0976518558067,202.06265498454434
5175.115476263174,3254.8417391237335,1034.1094776552527,119.22447676365849
9637.151801470527,2157.985156416834,1301.0431169631006,284.71959569615035
9395.842849266995,7831.918738478874,1022.7980195493966,18.339454334629476
9296.277205926777,3658.9751384228184,41.02014830655719,49.59336779345431
6682.156549720364,7751.289542241168,1172.0246631620153,127.9035432138533
2257.6247436868757,1673.301287571407,257.2575299913941,78.01785178765512
9350.434607601832,9750.623354580499,1214.9250369702627,347.86883536452603
6664.883307181502,9247.30266891846,569.0762122827132,208.75799733756165
4227.118353091748,9599.73507425379,53.31703477638714,312.85618974116926
3105.9781738114693,1760.0657917163212,1060.6911945478853,257.5400362955984
5996.9720393674115,8487.552146587286,1112.3370766323221,324.59766192296183
7815.7309768086425,1245.7519089204613,1127.7724539418484,242.38846370333655
3894.7161522707966,8203.024215667294,851.6030757919915,335.50950565832045
2676.640023155922,2706.3437468514594,327.5214839153173,57.0879930650567
1134.9002014001555,2317.835007158232,1400.1822990982607,1.1497370985249027
4006.3911459963456,9317.255571214066,411.5972591002015,28.432297936132198
4388.384529241868,3659.3981060441033,665.8867955925083,196.44438073318042
9808.035147671822,5332.530713702419,505.7128066717251,128.85590778601141
4821.821399256958,8009.659854266116,937.3285226134092,287.7114504766005
8445.148247486186,8811.350866128389,1471.486400499198,276.13871131510075
1785.1995447618597,7568.083829455463,264.39806193387153,61.6550537161772
4795.686431549078,9985.471889716859,854.6675701002499,186.45752242991952
2870.5629135698473,6199.767801756439,134.18932915966332,5.494140591794649
5317.555904123033,5724.124474533402,1090.2156353780417,254.76329893115278
8739.88729513131,3554.232422772499,792.2837451814197,296.0218481193818
6543.365314145061,3231.087611105984,374.54951808383237,30.594373126996288
8572.313002686697,8140.7577558454495,494.2530738236672,16.710498396546676
5580.1387899287765,4785.209952063087,420.2991850453429,119.58317369079134
9414.436367124152,7342.258629506717,73.56180132839586,156.14667707023315
5249.0898407423765,6463.009748555913,1188.0585712548243,337.79782471174616
2717.3137058072225,9023.147221607791,8.213398613528264,356.58210606823803
3980.5859265231725,3379.1949684855076,1404.7030105120803,314.48559242778913
5551.520704580305,7012.387743085378,157.02503185395634,171.17241943023018
8717.093610719581,5940.382524088069,123.26865728597524,216.11459564148413
8193.67990380013,1831.6248909993878,563.3327961367854,3.288285478919244
2347.369595472177,8013.762826746763,964.2598983808367,222.08078797580416
5898.1674238634005,3121.7308484000628,1468.7318421963023,55.922063201130356
3510.776419699004,2477.273616979579,266.94773328507665,101.29786125537287
7566.006759825024,3965.768748399661,756.0364080988526,115.34762664252398
4998.703853126728,3800.954694270445,119.37674925506974,273.7249771360497
4385.207424957041,9836.178774867925,617.5212563178901,77.53469596549667
1457.9337544285638,6098.3875246804055,429.27498096678494,174.2796326189256
5396.984071761384,6910.75094670285,252.05896519700354,330.8696199412649
2294.322841123398,8102.156388985985,323.9651506234461,139.79926889425627
7344.292262591531,5092.664678512064,320.0433550714422,137.07702638567412
6772.375746908108,9412.456355645261,1135.3491420993457,353.2903250127953
2572.891728898543,9372.397647713073,968.8448280944983,202.88433680612064
7215.174952435973,2090.1066502189597,418.8860222885702,111.53491515789798
1569.44715207731,2089.2940638201335,936.2588677505365,13.918343719209286
9784.844136300664,3069.211645974997,822.965604739914,317.16705873715154
7322.316613900948,2652.5632064684705,1276.587598539413,112.78552541913292
3890.3691044883353,7106.670855925785,269.97752948682506,245.29218741438123
9881.493928075384,2447.8639450371556,1344.925818967495,318.50159498028324
4735.300907712082,9482.248907308052,1275.6827187148049,284.71805005664027
3157.025919722698,1865.2414661699372,808.2759837019745,178.44918356039236
2738.6385193228107,5295.058291111049,547.2035038546096,70.20338868924391
3924.203421520019,8755.915514143318,644.466228429131,101.23735815122446
4201.801472718096,8035.98081507103,964.7674142112411,142.88019812753464
1590.314993599413,2761.837627422025,353.80035888890797,5.7007635323554355
3201.9370942779738,4444.046356723064,168.6622860017943,286.2476712276829
1917.419553288193,7960.669286001172,1295.9266736265279,332.31067087223323
4023.472016240183,8386.172183834107,834.8676199748351,336.40707607329966
6618.115391050936,2136.1859730089927,1094.3865139732845,56.10417343958379
8772.290502473334,8301.619866144672,584.632544972079,294.685630715271
4653.212404936385,5847.580128059868,1186.8579905158188,342.0171774754299
5943.524411933631,7835.146857902731,1188.9261488809682,329.3414119227824
7790.477128575933,5575.687866908167,743.9912372397872,28.42898820415616
2372.5574823104607,3849.178963453906,1446.5303961303105,256.30878665078137
8061.7542024622035,5896.632539429162,7.989770427210171,88.66377929321294
9524.161156778628,2723.441525669209,1398.912538784916,13.406563541113991
2703.970908924871,9043.270639793016,147.5182882970375,98.1379439822734
4363.193368137872,7729.751048110938,600.4248577490874,279.88065862850425
1198.6900975890676,6002.683428608221,775.0509726344937,48.05553615487176
7680.830069271221,7508.696528438347,1417.7310933837864,284.84084641000555
3363.0041095912447,9749.856631459266,173.07811392537022,129.44620630785212
6974.717975332682,1710.3743752957303,1041.8948188826319,31.0626401783237
5941.481577116575,7220.088959281724,1098.6189191980438,312.47731823311824
3683.758195437936,6431.999624980338,1281.7198866358108,156.83874275947957
1880.1947912202704,6388.0793802354,244.47157698254986,275.72566684973714
7936.780551199137,4756.61391602935,397.1522988643426,332.8594085006419
3011.62826475119,3616.8932041944454,119.57389647210113,154.9079410408242
4572.000587167328,3875.9527684762484,920.5959480959137,227.57840069083832
1600.5374046991974,8618.008953111928,222.05925398458797,69.6262952230642
5424.831193384543,7204.981731966253,507.4871067826319,207.09945284487267
8004.281292065958,7520.790622526956,1021.8807933742909,129.10504428776645
2313.985028167917,1845.9859078920474,596.4097543920832,172.50364389444982
8489.086081613877,4817.514734552596,929.3848250218381,112.5740300801164
8368.100445145916,9398.144235479293,1393.9530204872506,95.48924425764662
6814.08898299431,1662.548643786201,1073.6124661254476,15.271587360941815
1906.9621364101106,8834.009754738556,127.63809855651218,114.70965361549533
7509.867180158707,4695.661855473232,1407.5596658820907,225.1344222894036
9281.779881453553,2223.0097721526386,1008.0433476888531,296.9924496862184
3823.83923237016,6981.834958597744,833.6779697448484,181.24204629419697
4486.025776087859,5016.393696202633,39.044206972995774,337.7298028943106
5871.444185822364,9354.308437205826,772.6091239542739,186.365034318419
9677.779824765008,4194.713501542636,1420.993572966952,235.6266507994044
3332.3080853741794,8753.37711556873,48.585264547177744,303.133029620266
4025.534204105169,9832.610622637505,814.4166043198471,114.46607008044774
8736.916639167292,3090.060508015834,508.5392902673317,45.12514757901745
4714.336595079406,7482.600224648998,342.077927925715,96.49179223077631
1981.7267699590714,9775.904553892336,836.5344697880142,223.013562454612
6166.577323318632,5876.811887932837,925.1306707348426,148.55982887080077
8811.703921320255,2482.435358734022,284.04318887125925,300.60111369381644
8129.013286882552,2796.736119443642,873.9728393816445,224.3089799824742
8221.168253231881,4484.699456425758,981.5023744008129,320.66484551234015
3251.880921399978,3363.857687375612,785.2716118784638,162.85958233741172
7818.074469841754,8205.315680817832,150.81972816190725,27.13464589192081
4887.758621991383,6829.101175781651,1366.3247712944578,237.13475552324903
9698.810719349127,3142.561723187589,1240.8571970332496,235.1080500769287
3005.066353857902,3600.909733100123,192.93045238806806,95.48099351752116
9518.520109275,5792.219401956313,297.1029227395625,79.21881659698703
3122.5400941190883,7861.564874135221,763.7812291069021,173.7844332744879
6291.9328334507145,5151.81650541435,575.9686145175561,183.0683420463859
8829.505175499744,8823.097339842774,1386.5747421539204,42.7194426433096
9127.666002609127,3717.9484448708145,1386.077389408899,196.10214159995607
8730.834424934194,4678.110910894266,56.589545875543784,211.78500216080607
3772.9401753522056,8006.7886773588225,547.4312412623998,114.21810117561867
7248.7775972368245,5997.97306115656,476.5643654579525,283.9642732540669
7121.1518409069795,6339.743033175489,1383.7498690849882,129.58641606955638
9724.171221376031,8689.441201445192,798.0483503755302,141.3603961346406
2526.085637721394,3231.4427434828376,472.0443586617151,118.66840303402356
6848.945797311364,8566.878764622918,192.53329652643913,324.3561609189065
7040.609910060261,2400.5548038886577,792.5222403904692,159.61636250560872
5266.7573149381815,6488.53638547853,63.07606349726242,55.05708920177855
6693.692469374226,6414.384173440231,633.3533039913472,250.23937373671225
5360.349094232986,1943.3326087743535,466.8386369821153,205.40781293846877
3733.8371371845524,8734.776922785846,1073.2191095332582,53.23269840118887
6496.259444963626,9221.2248311216,33.4580181962241,172.18230404811501
5865.710224851419,9900.582251897482,1191.2061130788004,240.37304692299307
3574.4246599620283,5365.287436161865,970.6406351359972,223.6460911735584
4055.764889969693,3777.8889174108817,1163.7393827981819,165.01297434178247
4535.244947266143,8858.667920766522,1446.8138607784574,175.58473906780048
2248.4426727772025,5582.78795861418,396.3088982309772,152.59643838667756
6563.257084461647,3706.4785833438095,760.0947062924765,270.1790568927637
4414.677616685702,8134.563161129936,1091.9442614680593,93.28630402140246
1283.3821963813255,1841.99766249812,1141.863146357269,77.43308291090993
4065.8452880160985,8296.766098069718,701.2899219321089,75.77625217313427
2636.870308502861,7918.133946249952,713.9507191235381,328.35891794745226
6692.865059560162,3603.9928501257523,990.9107347141511,64.9215427638643
1371.6321965691704,6160.931293498085,1210.6876867849128,340.72620724419534
2708.5232756695978,9986.0864477468,189.33982754799817,174.53031625879055
8782.252540727113,6988.839994351457,1337.632491180649,107.09360618034015
7524.476724743601,4778.5712640756665,1346.698465945713,13.620174788279844
8576.454898514046,8055.420686013703,107.66021866368276,349.02300774839586
1211.9154381814687,2033.1716386049998,1274.010860839247,134.41489038774913
2722.6522174391966,2359.295714408816,1033.8896398039037,290.0135605472004
2094.161289671062,3430.1190581868073,632.937882512828,228.86983241894762
4420.2399514475355,7994.2835505250305,494.9543077902288,153.76035699488742
4472.189860706687,3906.779395809929,1111.6602861321142,264.2657804861552
4432.4412800243335,4574.086150692116,1165.1106886154082,297.1919774905782
3184.250937425065,3490.861949299015,256.93133642312,321.9229250813732
4616.485612192439,7499.9362808925025,405.9477551292792,210.48758574005078
6626.5503990712095,3886.840515613257,323.57882360412134,343.02740405843866
1835.3023981263532,5171.182895912888,1420.503878030082,122.44773866534507
6698.46207365784,2513.240570101526,1064.406759471353,195.66652662329102
5770.185331666558,5924.682265830811,964.511539707551,215.4408308995314
7883.59596297843,4590.6022163062435,569.8246697608403,336.94045624404885
2985.674309800401,1387.1473579059716,845.7245888722385,29.37764467689562
3452.8599259415396,9190.119777272088,216.37361439362363,228.29906796237813
8625.759655551166,5062.994322189794,544.3676654387176,51.10368655237026
5576.41587854616,3796.607817094441,965.6372478358727,332.1667143461911
9590.453976537265,5762.502739705412,388.97671936381045,197.43974633697079
3560.448402096811,9338.014933606619,804.9421632405445,108.80924801806029
1265.6783731262258,9004.544506569755,652.3095182133021,212.00411590217868
9475.505899480475,4440.485948813965,144.7653283014315,251.01565633428478
9639.925977755991,3249.9012001451188,517.7720259545107,164.10297449048915
9853.688997160105,4392.377063886102,85.73571695327169,1.9650431375691217
1827.9142713982123,6327.02181241308,97.41588836212568,182.67322770027948
6374.372422127733,4927.6277916639265,279.57006083299456,260.9396197530479
3588.4249130519006,4653.280380737262,144.54827402216952,88.688439271571
3737.7060419735913,1800.4712425781267,135.20777782288678,254.02957958172308
4242.818583198291,8136.259838037936,1358.6530241250007,330.26274591029863
4706.736331731363,7828.500330938156,549.1471007233961,130.0033930616805
8141.494593675693,1467.3848157886532,460.74951162311896,129.006537406553
6283.3633161361995,8608.63731542571,1283.744821942959,345.98947982784705
9685.63554521111,5047.88271323991,1180.337569306707,275.3147423406576
8843.868947715247,5313.804385546672,413.197235417913,180.35364141979355
4955.89460488954,6284.029652151755,1285.2520192783961,51.32716900355648
6116.767442251101,7243.021114745475,25.880282446727538,168.63943376539964
6485.7136529440095,6340.131882938454,1104.2076647523043,123.89024658140633
3646.9346295168266,3011.650129151506,1275.6299540621933,23.86994546278304
9676.363639419693,1365.5786032757762,907.761389128808,182.33599954015276
3078.8892135467822,9485.606428519466,344.1196571185548,61.97864994550635
7227.816992222314,7566.776228818314,866.2193687942884,261.5335366853173
9672.155597961651,9966.61641376069,353.8227674734406,191.62726499802918
5460.976161404026,3830.4884719247093,1465.872079852846,356.6328576434305
5663.2762261722055,8549.003347053524,324.03471202181566,327.32107433221177
1759.7809165400122,8880.518106824253,257.33409425854927,108.87380976282613
4216.4671999247175,7966.746945158478,1448.5768717560354,305.28774192286977
3575.6595982137032,1731.322014323181,575.7642965542748,147.57665697292538
2540.500482862906,5205.805618435741,279.1719468447276,100.38543088055148
6192.130397463442,6553.226063905502,1373.5763998728564,19.535132554150387
6572.538283405796,4692.377802794497,350.94029090648996,158.17700553492193
1467.0936479438685,8737.99090882343,825.486669673299,288.28532809325816
2328.1602416848305,4481.117939260295,116.8764662635687,43.60369761924351
6004.616775494085,7991.841801015333,745.4771926515061,131.7095591027615
5435.85208435291,6066.885979521209,1267.8639718291208,345.2709584636248
3379.4067607536085,3320.5402855464217,83.67630117197652,131.68186260368248
3513.9499208748457,1576.3250830909128,610.2214033177038,81.43667161495662
7502.7636309793725,3504.2627442976204,632.8802283874055,221.04020118723955
5318.638595043559,7761.352774470517,1178.8737418816643,62.56079447618002
6740.872129476908,3120.5044409812504,1075.285110942531,61.133819518495514
1161.943047286466,2535.669439016132,566.9425940273778,23.950545793770402
2831.9868026491486,5804.673039968973,1268.8371773520773,326.6909235360054
4074.275410051684,4764.563285289067,717.8212824149366,52.66507981354788
9987.991919452023,9726.807982444609,784.527410877217,80.49394880526272
6229.710597087891,5656.958551491417,688.4975583752049,181.11226816879153
3955.5108437140734,9833.703872091612,730.831760256522,29.191680434926717
2392.984932679381,5288.986307553898,622.8821307495351,242.77478799258168
6257.068339872558,7144.37289750821,608.4392237101347,151.40828516372633
4108.082956945143,5945.632107577969,1058.3714573999844,60.15771129160544
7774.886415173372,3854.695455993496,256.0440095641751,122.17421170722082
1954.8031606972986,5026.712716281273,1101.247241571268,216.92973594031469
4079.553941564326,1920.9229381921637,572.039245612044,235.9339859866895
8065.212181661415,9009.811577465316,1104.5066367599209,320.0340457322344
2385.501023587203,8670.488872405564,803.6493356508146,187.37150855884613
9779.951199027848,8662.849840308007,1035.8387933368128,196.54625649873068
2807.890562909184,7736.74025123188,1105.90048423554,121.81425172592928
8026.664136072146,3055.1487592189314,1374.4760697536424,331.1944380380878
9825.47357245607,1650.2989527660793,744.6251997396428,135.33411481242757
8376.731939212757,2937.9612925460724,745.746662576086,251.65962055680149
3104.0965055721144,9286.864190622488,1154.0502011815777,283.4273640802912
5640.114269252558,7808.935521223918,763.2583123629122,137.10778340599566
6404.084370650001,8060.613227570344,140.78451871340536,150.738099339581
9371.300147139902,9129.007513755188,1449.5931209259504,119.4921744245743
6979.430628090728,9621.538281120016,1467.238767795477,183.007994837224
9962.08886025756,6062.852238098702,24.255133242930828,213.69502592810792
1305.2065338569873,2264.3267654003976,600.2231744353566,32.55766250312279
8692.709727572754,1848.573484363423,1236.568738708737,245.47037207151368
7691.983945998324,9224.713232122209,1301.9723759966712,122.86984045202797
4640.047220670346,9685.884310476944,630.7100509297403,131.03170351168689
6178.442431369413,1756.7750755417546,922.8698522896532,93.55125879530794
5280.8283267098905,8006.711075389062,231.01998085941426,87.03088648554916
3767.2929460605965,2511.2383484889633,1228.2461462154058,156.53355465671493
1936.135638379545,4895.235774465327,638.1898858795544,150.55615134962792
2427.368979462149,2838.873823358651,1124.3344221349485,204.37697440057664
6218.369297527118,5446.5657024484735,527.6178244564678,8.951201037792526
3152.3139564239896,1793.012346647735,794.495782040059,35.82790390587826
8175.839822861382,8026.560160046487,1206.5040053520352,282.15331043002664
8598.556442867644,6991.719288435118,274.99039746808523,71.31851880723556
7507.066612676524,1284.7625670143013,1296.8123741519523,158.601362850469
7540.931359127535,5937.144134523768,521.128103352477,182.50927799903434
7774.732593278614,2565.075783631759,919.4280107763093,350.1239913324217
9992.207106880598,8013.963613450179,387.80374681208997,348.6577875825858
4683.96239220717,8572.226375064687,20.304847440504496,328.42363696819206
4885.25016322553,3038.857995442089,537.5323516927505,334.7530936926835
2341.997444931319,8620.344907432322,212.964667639866,159.88404819610125
9613.952585751738,9625.390744348153,1337.3725700635384,14.749350543726976
5937.441050093303,3036.0690719225913,447.08780871043217,267.91296078543223
4283.226505416022,3941.7328972105174,1277.9990404969733,289.2663191232258
8076.365342130027,1452.9766820471991,1103.0206821776428,102.24101938399883
9734.691734107579,1629.9464776279808,233.82392000483588,156.52955959904267
7044.551089475183,6888.661013220642,1112.7641909534732,236.27604872069116
4606.0782667088515,6045.138810492889,1347.0656347314516,28.873497880846227
3491.992885820554,8664.19633152705,1171.634936752679,183.8476699369804
4814.186273111902,2328.688442079426,783.399251029698,193.29638131181312
7678.270819229781,2655.961942909714,112.66737952545112,23.851519305106464
1297.6649525010512,6929.880209384395,594.2669555147903,47.422737491812626
7830.503372414474,2327.4673335858906,318.58642186625474,337.55480231375765
2946.2920133564094,7452.026931454919,505.6236585608516,292.56863204697635
1756.6358753899763,2937.253857948088,527.543389749461,221.82548978502587
4045.056029338064,7301.360224261948,1079.9475543661447,303.587216236533
4064.3806462906123,1922.6081692208838,867.546898835783,124.9629127372073
7414.315360116659,4376.528735151619,569.5985884137067,155.9312667217041
8877.486852330767,1503.1409351516568,725.6295139952974,337.84246329634215
8611.979603946887,3078.213320215971,1078.719313157556,39.91656309823936
5099.838952211039,5123.095006931633,1060.993604287928,60.967012808330814
2509.9822672042446,5504.884217786864,1181.8836887951547,195.44434395148267
4014.309669963861,3145.1896629820426,40.26597414941561,54.90720486801206
4510.515548095426,8961.797559530685,94.6991869998978,235.99138549561968
5193.7346689023325,3511.210466493401,1431.0985318509413,352.0028901778727
2221.381396295378,2302.8871025479802,845.9336519047463,27.655653447287108
9147.008193344205,8531.933404908188,536.7428412156095,341.3346078056613
7558.804160691254,8352.022989420657,947.8494351672764,114.21166463639003
9025.836619705515,8955.36195880432,1395.273392539325,306.76590767568064
4479.209150159091,9449.171286760744,1399.682801350197,205.3583972337977
5676.947311709012,3450.408065463602,1080.224328078951,11.728667719176212
1614.5626964882197,5419.252510917444,625.9827415823659,6.407447589737797
4234.470651791935,8241.697296879238,183.87531411807223,231.9015391385365
4667.929519254532,5796.560414675371,1264.7847716899878,237.33261953845368
3807.8106602941666,6675.537091669805,642.3552873407581,55.325245604480365
5411.327722602733,9174.571057646954,1422.9408926547478,133.3838956261387
6306.707318664572,7958.098786533146,761.7394208873542,302.5106281147812
9997.919742317546,4535.9760650872395,223.6232178598733,331.7258243131031
7003.150415735116,6594.732636635423,555.9304426281312,298.75522504108324
5714.45438376485,4257.835168894915,937.9528343991451,140.93812965884896
7330.555563070013,4085.8456277239243,358.917014524185,46.62532785955391
1309.9554999863738,3995.725440238234,812.3097380675079,308.44454776464175
1886.0209757718349,5720.321876788184,881.3346620878018,338.73936603563226
4040.596985221358,5684.815910584163,399.26290320971896,236.6475442173479
4413.427162717489,8258.182349314238,182.8837880790179,218.44261393553987
4729.877335998879,9710.309230711913,1427.0191149058096,250.34645691291198
4763.69407169947,2973.1551571318723,837.9457137428868,258.4549471973904
4486.808916200462,6359.554334087693,1034.000976977471,48.396856046522295
9231.571315320823,8768.557015842334,206.01499776564134,310.4985384969717
6606.455381888624,6527.185347653845,414.56908707297197,280.0123809370537
1315.037693927642,3964.2279009343147,760.8486942233102,99.27044073414727
7255.961970114646,6845.789235338741,1406.2804637585539,306.8557600615223
8553.153660432301,8318.844027040886,956.3635207106872,181.5333305461559
8116.064737332959,6611.634572328979,1386.874834780503,344.1228384365585
8880.020768233131,9888.924710827685,599.3369281171006,97.9035797285958
4591.810195106066,4282.954865161277,573.9694016123806,311.1787747818304
5834.529228169766,7432.09436043459,764.7972654869833,189.67731063859407
9070.068748791451,7389.303666483453,922.0915946585814,225.26699385554372
8021.510209755152,9378.531703373179,851.8220550175567,341.24172647747145
8383.605672497266,4985.260614862324,42.02311868417774,176.2748679307353
2099.681243552698,7710.09582150984,190.37364381618627,178.9051925429865
4972.296854204139,5687.064048579263,1078.1764072494627,111.13319888027522
5367.089963817164,5954.351931503023,98.34499491879622,78.81907701227007
6970.021839583678,6176.669122487672,838.3893555149809,174.26293111384672
3075.419059608148,4138.960023423404,1007.8427812059213,231.96305804222766
1889.384943131071,2214.0498311765755,704.0403184707004,269.1470546871795
5867.106680306755,9195.197242557324,394.9000295685535,88.8841737838408
2115.692020381987,3618.7535037866364,1024.682211418925,88.7300263000384
1692.499321114645,9849.321169631057,186.8882802768558,298.96499529905424
7966.488042033791,5820.910540102967,992.9533000237103,338.5659902553598
7075.493950024016,6535.172259306133,211.86770762943254,321.06399985933814
7191.003396395216,3768.1310612460184,643.5361231570201,68.75511864431212
4555.81570268496,5793.310156242939,620.0478220844356,82.70560674201235
8321.481830656008,2964.530036425207,1392.4011629802183,266.84531874187735
9306.789048879573,1703.9576161029986,1131.8828149828578,219.74191575165835
5797.998302617528,8286.768539579687,198.30796986778097,4.187913619883493
9266.665916111142,2189.83486189389,750.3794586020612,67.69325372140602
1387.5389876503866,7410.538349391959,1153.3412965423324,35.47189696285749
6286.364408494914,2266.104448771487,1462.9133373726957,241.47440828929302
9634.3588592068,2889.831730258542,172.62170463243152,164.48331305271336
6459.733710372792,1242.2006033295518,1434.0960082198203,285.115538381315
4852.85681334264,4494.353970033013,155.4901446272438,28.44335367637244
7263.583226399724,3280.211876337873,1127.851967580801,223.23300379819554
9644.755501026973,1396.6427917336246,223.81263123806835,305.29560513485103
6706.385859256729,1714.9909505949374,964.518341002133,58.952809965604295
7335.33543245214,9208.079959978939,1121.8203022906994,223.71803474507314
8862.910661013899,4584.759369914717,735.1327107768146,286.39528534108257
2032.8252106301525,9309.603038226729,322.13902923002814,89.67723471206385
8814.162614352099,1543.7785611775994,1386.718216765117,163.88983955908563
4657.122181057499,6667.255533857613,717.379890467466,126.49763733534323
8911.767846335773,8924.242546110734,527.1343172971833,259.21202861267597
3596.542789733394,7157.870972638514,5.682742265889654,305.94019416832657
1969.926444853008,2625.428872548664,350.6675817707437,40.52513862792785
2029.8720453491856,4492.929983803872,342.6480589634303,72.09184047026926
7757.701873479225,9799.658515769872,1037.4996025367866,40.57245809003289
6397.337709505568,4108.659671853479,174.7228818876923,297.89176726430037
4110.871115585255,2177.029779182088,1220.3366145376121,307.60592188642136
8401.367079722422,4863.309891782047,1124.5481653444344,52.08733376583843
9206.664104161935,9836.899005687645,730.2683494233406,150.8331460426601
3608.499986361094,2289.0877631768294,961.1514381156387,304.1724075698603
8608.606805241012,4968.907579447659,973.9088029999599,201.58576443946347
9440.289663223642,2989.133201136535,103.79663001325328,7.373302502280392
2903.4019752424156,2688.0933527452,220.37469304368545,156.10440009923616
3643.661200791551,3499.0960129932423,47.56829594174186,157.20044345919317
9608.590903593922,4466.053111788975,330.4276241119646,322.3836189433151
1909.1981951987536,6978.890643654288,322.3042965970681,115.84877372624388
6033.462347561642,5305.389014330478,1278.8236110304035,271.20747530223633
8173.143045819561,2706.5777840501532,598.4463224368278,310.1884613304759
4831.628883624806,9717.838648979065,991.8168826226358,206.00492812852437
5717.255992761165,7832.630681136812,982.1044584057839,183.08305038691054
8292.088678363678,5953.700184316809,543.0142441167789,126.6956948338225
1841.4090446089526,3220.277979754066,1359.1999223119524,312.8330888524289
1576.9357463298143,4324.811910178241,954.659842358186,140.07567516764735
9167.263197778018,7192.44686706347,437.9375237836253,35.15273203962552
7408.905797968995,8768.922914006109,561.6312091959651,44.207855122355824
2172.307166451589,2995.5955881361597,1341.1679379831342,153.7722592678384
4872.964493175519,2360.0313888494575,73.2581247310759,147.86070774125727
7089.1264636621245,1925.4600953479614,440.9906363666223,208.70246960272272
3657.2715948214072,5567.199075062946,750.1146960339242,184.7123986895957
4886.7905715683255,4211.769080769976,1030.442733237442,97.93377339244898
8824.707617283497,8624.259928008805,652.4521685084077,107.96594214711219
8145.247752430004,2671.6683471712377,931.9625290079873,143.70491523875376
4720.222235345296,6664.606946155157,286.82822215584974,218.9127016523723
3427.8285550004243,7703.040347469737,655.2490899627562,292.19348180213115
8886.857001063281,8383.896896198965,132.45254159613748,344.6208407797503
9388.0506497619,2450.1800617634185,395.95904283099406,89.82604386177552
7761.468427915999,3712.3585219897127,92.0790240411476,339.3668382866634
5430.713828175779,5654.895906120205,270.86362082572225,35.470032397942994
9225.873110309441,9563.977722403491,85.24516145226428,40.54102380556257
4239.003685556024,8850.114145437532,982.930975068304,73.66221796664836
2494.9942247216977,4619.949899800833,987.905753103301,115.38001750193399
8557.913324344041,3941.017326830459,420.59132237908517,211.95117293349247
8057.086024374535,5945.669850534985,445.5337499365283,66.3490338522949
5926.66008154266,8960.640047458886,657.0677885685475,251.99100169547603
4334.390587161817,7765.480266486862,1369.8237958548946,191.72549904661267
2617.304618217633,3897.9759628123543,1416.9306301897584,31.35722582078279
9173.024759780903,9812.01759891113,430.66938130087357,354.61469893055516
7726.087654297872,4599.0211843033485,717.2925460160482,166.93624837082925
1743.4504094988752,9828.583738002246,458.0182039679014,149.36391514736732
6140.2164898947385,6870.671385787982,633.6328847374341,328.1101354601012
5338.891075213218,1375.0528037265076,1331.4966302424978,246.34545556208775
6825.608845890439,4029.230826636725,158.96056347844072,208.45925973876066
7628.057835454604,2012.35266665256,82.50236822319467,54.782645422150175
6944.283553033402,7167.492154479844,1444.4371411701366,127.82021479439483
3151.602560276816,7021.54367924672,628.7640335114132,167.36603950464703
1587.9561246354651,1855.7348794404966,920.3998878231562,28.528745645057448
6418.889124046319,8071.571700304235,1413.16973979809,183.17258127412856
8612.55013591854,3771.7172441529465,1027.3357959805128,298.81423950352905
4133.697037631278,3222.5841784492063,1361.7039619144966,330.63749589527157
5574.905713112302,8604.981218559205,1293.3618118676507,21.2723403046161
4174.874542914357,7768.7731902330015,506.33307943493844,120.26005371636423
9336.701331275337,4406.350321788759,802.6701728669497,29.787538735921068
9860.705248042294,3687.07566478959,1348.8822966133314,208.6128305527019
3504.385896782032,5272.301313423222,603.5340074700192,294.42885935228475
5984.170467079892,1889.0068917222416,908.0209618941877,127.17694517682376
4417.315469169527,7880.034609477267,9.508021170836333,65.9090689777723
6185.2819140941165,8501.284098819291,1077.4499315602816,192.9453679731649
7696.227518819643,7346.986519593608,92.04091016017212,170.80164408939297
7214.099664962854,6971.292830686002,537.9814247318626,181.652583740883
8726.811966871895,9054.719240392678,1446.0478813671539,99.35078961032481
9567.18349735071,7861.759296028805,691.7020734716544,128.88971155620106
2828.503811241814,5157.22526944272,537.7532041288118,189.6167365912561
4358.00838917547,6676.691628671596,1257.8902704304091,136.01446197810745
5755.830953276225,1327.6074925696375,1090.5751893222314,140.55819679163656
7174.397316002365,1754.5626344726643,1054.6212568681065,294.4965236664774
7630.826929377631,5273.632426026301,1135.5362978878443,215.10050848277544
8520.599532272056,4135.366633883095,402.8197800614054,140.64459775059294
7033.1967353621585,4040.2071060350227,1441.9924717769156,309.9277883919503
7269.533922362121,4209.059655559196,1243.2921481796695,156.63707689898249
7562.454340229966,8544.926009843355,1473.4595474711382,109.41746485071093
4684.15632084326,2556.053413313679,74.91326109712891,329.27158867508234
9960.624705599852,3087.2811644020157,661.8382940732845,232.75539769669135
6084.671701237665,9787.355130930937,1288.5807569235733,265.5614098503183
4222.340368881181,3912.7793412472083,1310.0003253866541,160.32742353486373
5666.696790654952,9483.589480484832,286.4519099957035,27.29284293008546
2146.6442624439296,9547.888012964657,793.1228972098329,101.55907062868776
3155.5461765228365,6476.057467656875,790.3164886270815,45.8814397617449
4324.093712381734,8789.289200439567,1290.928994065857,28.249748242935432
2758.3531351257598,4731.374418271838,1235.4917197221084,359.23967668266755
2134.8487683835774,4666.318357228387,5.625058804463056,332.24633231465725
9893.255951262068,7344.767786378556,52.211875171612675,229.19282538551707
3512.6541737719563,8564.346334496686,635.7635375529715,116.3376014879822
1830.681368461525,3998.8757393396068,614.4450692002915,271.5642780402366
4229.37224375235,8245.798763276875,272.07977088383996,319.32252872442655
5399.017463530711,7822.763194362142,1074.6491147949855,8.190669955186204
6388.31917709781,2516.9277384327697,281.647823210589,38.97956937093857
4094.9127071751946,5041.891823319295,1323.22192454035,79.44683852225467
8664.112945029268,8023.919423305304,642.6423959210347,304.2727454550997
7091.525563885535,7795.561350890289,373.34674483790616,317.6359792970105
8908.530229861623,3278.058161186117,520.2149730799272,175.44575103581968
2365.9163564163223,4181.924836382555,97.74399400719707,73.321174174816
5862.4765428035325,2419.446683680176,750.4694585172505,317.24158639134833
8713.702602232406,9071.121862897406,485.54082840913935,320.2879072207855
4136.366670197769,4538.26753061936,268.54953454079157,329.25591916207117
2858.5977437997944,8633.095581138114,365.0476675412743,330.9690164667945
5644.72268775874,1943.5995181200406,661.3195256290722,341.1577999363533
7232.756168736631,2771.4680053473526,365.3542495682622,14.164610399236173
5625.485798328646,6107.759114696944,235.76756819190473,323.812150288291
3269.6056763141864,1563.880645625811,1123.6626792800578,121.07945179807489
6211.308032977499,2666.9130788184693,1432.056413433448,190.89545259480622
2460.519483813576,5014.509880253052,134.8191235803539,199.23579667539212
5615.305404244814,7123.355911588076,1420.9901186291881,92.23174006756659
7606.177627114213,2732.340866887058,242.75720246144192,349.9816308525015
8044.106487717811,4152.946750554973,1129.938521744081,185.07578659149797
4302.021881772106,7349.836911544699,1243.279869936308,203.50248744266278
7234.795894300925,7854.784718264064,923.6804298360286,287.5673082732965
7555.441419311911,7714.635666058201,1323.6635477843072,162.15884085821372
8005.331043042202,6454.425710656736,681.9475525632992,62.38767060057321
7801.535166159097,2224.310763535769,274.4549970608896,26.855533861589674
8593.298496335512,5517.829355600262,411.2958821946168,232.68851380718775
3094.824597790782,7297.005774662691,255.95984630981278,116.51492787407703
5002.842266460262,8562.149431026528,582.0374532102886,162.87561278282737
7337.776810929462,2875.1648066605076,684.0976975162765,354.1420482253865
9448.146956962906,7631.297710331873,173.64245128127126,298.92275057617877
5662.657949168353,5497.886102547307,1322.6715567745684,118.01857976534369
2131.7696131621005,6307.32437363651,767.2292171671704,258.8696335618101
9866.80390903542,3896.730006766973,168.7516674749205,269.00227322355124
3978.3057215703743,2382.3884994368855,1170.8971920309602,77.35678481245637
1342.327295018831,5947.914255134703,332.76362867410455,13.40134503324811
8316.347858074336,2773.4591215814157,690.882604073224,13.57796189431181
2296.781079158507,4863.256322102701,1210.8486368862402,321.2550759512184
2372.817102310737,7013.216640584528,1442.75541696405,216.23498183722484
8139.300749517336,4206.7587829772165,932.9502509404902,92.44244127127853
4591.15183398079,1861.881156958789,508.05755932666045,110.9597608872449
5880.833452857469,5327.699847365823,659.0016221008949,183.08353323371728
5132.720938007564,4145.339156380225,577.3866385588132,85.63459045832275
6622.744952713056,6168.113861326418,1254.8614374810033,147.11389558433197
3914.5592278860336,8769.81663928046,1383.749114199376,207.3213346432586
3993.756119176228,3680.759377476148,26.216907715412223,294.46724605579675
1645.7710477915223,2341.5898924544754,1341.4469492467965,25.955275463613376
2637.9331509320095,7256.453506995439,807.3344280350141,238.06869532918725
9965.192984203513,9462.81711687215,1243.8113669193738,125.0595872440601
1771.7218589244285,1105.8147970497828,585.4015342378503,162.38139509150503
8740.796032181413,3613.738128784111,791.5598679153451,77.47236977713223
5037.654831443366,8462.294646846287,407.7063474929879,237.6959385872101
6466.503706707167,2210.91225312747,320.6943187860724,89.78767638820408
5828.867174416324,7413.321245727134,1457.919692094146,130.89285203394775
6301.533895227865,7682.1460467648585,910.0920689745732,77.38498161331113
2198.7412297665805,5684.214072699716,250.14639546408128,7.863851966879035
9277.172479223926,4749.699279808232,990.2207549398203,227.26408376861303
6482.23011179256,7908.520718958557,991.5053260247727,307.9016078180067
3135.1161315713243,1647.4914626140487,1243.2585003184786,146.92749769134454
2627.0599731370276,7087.632838601687,699.7387743585783,60.28553437395796
7413.416485506839,7968.298787988572,1293.531633224144,97.58402245543145
3642.115930857718,6119.261352159609,604.3763218711208,170.58154676159842
7035.046590841522,3188.8818362444167,1092.7904684446587,228.732544427157
9383.885012290877,3381.496427315238,1496.3894577572098,28.777652104105496
6586.125321543435,9678.228000180125,313.60636022446323,247.61290278184353
5015.956861619859,7220.266890853724,20.83267281444922,348.24649142880736
7275.159888722745,7156.105846162345,1059.319416968838,225.57691586124918
9372.760819718113,2799.355261257194,371.80809351211826,66.27302230517968
4338.512135069126,1183.8591570326982,1278.7744939175807,98.05989045852039
1703.2506502702606,4528.019030650548,1392.0215994636474,252.0859920884507
1280.399915327319,3113.0036146254233,1080.6431529870065,328.94884866820104
6177.264766149156,4241.492235882569,780.2251252570077,73.50835086301059
6594.086322505335,4052.7873933680885,682.6076958908484,152.07643217927617
2795.8064780046752,2290.8534996996395,1374.6900846279368,113.98139450120595
1520.7546623731332,9767.884774703589,335.481843922328,215.4078602619923
5975.16945089232,2155.516425790818,701.3176820002382,150.8044537812031
4436.846982053752,2911.562524247225,109.14778789218033,61.84619419935417
9048.445064155843,3388.3485805543646,83.11435973280173,89.75210517414604
1221.8389093400988,8902.006669333088,539.4507093226873,216.6753268948637
2789.3671740880927,4367.995343687966,255.78070073930576,308.1132914640002
9343.634169279969,5649.549775604625,80.22950114972754,5.674173703031757
3982.6390399919196,3597.626810855155,591.6364281074566,111.83727605820489
8366.906033291642,6985.908451578079,542.4885504375547,316.814084573379
8233.301551005075,8476.523386433226,1398.7126307095673,114.17726113871203
9383.132172528505,7049.881653066807,123.46422471842699,275.630060598573
9355.775995162861,2346.9084156949402,160.22089529582422,11.638809881731902
9332.596253511543,7109.791852819643,510.03979753012294,78.44755804825417
7567.439465388033,4226.755631040665,229.54468494102926,127.10166582138764
1517.5131606003888,1983.5053355966509,386.0443217483252,327.9490689331701
7198.9415454644895,3344.4256044266463,981.8852004496457,19.630657898669643
4439.2807529723905,7862.395463440906,1196.5740049412689,191.75889795618065
7612.114490130468,5796.874055811105,604.9462026910296,238.21367063306613
4121.418057061139,9210.518175032408,1474.595987146754,135.0922052302288
8339.58915278453,8321.263617248998,822.5963878734037,291.85573741513423
7298.4101218701735,9077.55466291518,869.073501807493,209.22082418723804
1209.170369553051,8909.701891793338,1152.5423731000974,177.41587342250352
8290.91292810881,4840.913263509936,300.9887922537787,347.06454630475866
4852.319534361264,5360.442869352298,366.6800534530971,278.91093277342327
3007.50680579677,5257.7872946423795,242.80607541422725,28.479216722708323
5502.7242974449955,4602.599459338004,675.0484159345614,279.92717294964496
6862.146294465564,8795.97578934125,1486.9638222716214,102.77321406026164
5349.533130546484,2876.2136729800877,1261.0093729819641,286.41786425436885
3281.6243624080985,6420.158384248175,1101.8044730050965,173.13654561850663
5689.6042525830735,7412.226638226925,1424.9580718233601,86.52186435535883
6051.437149573899,3513.2132236458915,222.2403716837759,15.381106927289057
4811.196360442524,9109.314714933953,1299.6005112806115,353.52682172697
4617.901204506403,7618.892866559777,1352.272491516108,109.27505169425585
6779.8684521124815,4900.655891533262,425.8988090371688,94.91985540179745
2520.030118418866,1687.4119553230967,520.6868446060189,242.8483880586044
9635.372689142168,9933.98883122622,1086.6670884391633,310.4609227244145
5635.966688719631,8657.764064508752,418.0896077792636,179.63883045210224
1560.5093448477178,1194.3594093779518,393.8665129942468,291.30773107762275
2467.9237619515384,1192.365733280421,835.4085056494429,42.69374466530994
6979.142261991252,8868.569455345636,1492.6782796182326,85.08046447158792
4237.150462297117,6755.657707524386,1164.5839934502735,282.878877685174
5867.07955736426,5226.269697497955,1146.0655708980928,101.27137260807713
5989.797420197539,9544.521956633378,760.3734659604545,198.73735736304062
3692.4439077463144,2542.3598288325647,1378.1702238832424,74.86550395528299
6018.702164526364,7703.107493973431,36.84643018385965,252.19602939056838
2638.1124140490065,4424.727502678427,717.3427032819128,69.91200987108931
9534.196966803569,9622.550588204227,1036.5246908780573,139.47079673783304
8496.715283706068,9019.175998833514,304.5512085949358,4.749696079158082
6756.436235006453,5535.098193117986,72.43617212218594,71.31158622598782
2678.743382136737,3926.6479221553177,757.781297474346,308.97878850954913
9135.257068710493,7214.694014532417,744.8762700702318,119.61862267097202
2115.696663886058,1967.0764497401976,1391.5257767495475,214.86116309017157
2747.0926531193754,9946.573638818061,582.9130248474054,25.034222084625114
9658.763293898946,2510.987033962173,863.8547994293201,65.91342353207928
8945.787487608379,1830.911442181239,756.106426846264,75.52761158690623
3262.1264377560624,9808.296452224818,532.3571467504364,313.5582137144433
4923.601724707242,9506.136548573137,627.2046133036133,220.56319116700092
5349.7801013015805,9011.856480877326,1064.4110753823488,62.01529064459111
2531.5964209406948,5444.273320719771,23.983966705183835,269.083397245881
7376.8569911988225,3780.7420089028387,1363.7844993344213,212.73619729762706
4180.758690209799,3929.3866556917737,795.694688769502,182.30546587199754
7193.910105819214,5230.972272980179,206.33272469366392,109.14149010078327
2829.615308314016,6359.305732128828,1078.4984832189007,86.05774998246774
6179.656044343056,4013.6716314915802,886.7372334066007,156.70060387391473
8900.728363794617,6043.919980412999,152.66729070812207,114.83488098471551
3368.2836593666752,3557.6383061586225,1076.5569836764887,2.6566087861608776
8875.308901393826,3300.703774038117,826.4931217359784,271.92137041464133
8342.677210602102,5440.212966048932,737.0557579522273,111.46979814829406
5964.066106473067,9916.56333321105,562.0833965071442,148.75273038820646
5526.464897502672,4190.38132733541,1205.8752487624251,324.73091507944423
7721.0565250757145,8338.82899060516,669.6984566528521,125.57218789319832
3094.9555678078214,6614.336389408653,1063.0568340912482,188.4979511730358
5883.985562337164,6816.478049033833,1269.3133047835145,75.75678943320557
7758.6762918729355,7545.971285183709,1006.5201468954268,249.08927060919393
6252.8362718976205,4453.694201818787,671.1570227067374,85.84347154489663
2519.5650026084513,1845.015538687796,83.96378492049153,62.12584070522964
5945.580227231765,5970.401600185504,750.9210367738747,241.70943889967427
3046.6492677091583,1495.0607819198144,330.3841293757021,236.98881307412012
6188.464085949753,4464.8310107219695,770.1626960580767,176.33055449794708
6446.329170532841,2519.9899143084413,730.130789182703,131.24230427107238
2626.4426132865365,4870.739897187798,42.13229948354514,144.31419895003287
2310.724063236087,9060.619934819444,70.96499777122891,280.67285886090826
9543.705925241906,8897.590158513736,268.9927943823625,36.94061669103041
7653.081661479801,5021.2808038324165,70.70039305854392,247.4145466326322
6933.3939531862225,4599.831641447263,242.77725577950346,264.1417672626703
4740.493341282105,6749.071438431759,437.8465601180741,332.99272136620067
8213.306981058518,1366.570065643435,1097.6762049728538,281.4794756484443
1395.1622578420452,5907.0444105313445,150.14272315009046,192.88263549061688
1560.4459586570663,3655.397907200146,39.512488404712265,232.04864903038148
6468.888278058275,8063.960145853976,688.8906824629797,317.0795599236815
3600.4184206825234,2406.12051066424,1309.9644070040165,109.2207898057312
3178.4530302611893,2031.700707048805,843.9094525721739,56.87854019136398
4498.8225999411625,3006.423692609931,873.0770006351005,326.5758340944892
3184.536262175111,5358.502136600597,955.8641616830603,247.0109801789328
4989.908058826291,4229.1152299333635,706.9901469014347,35.65544565515118
1315.4256193511899,6169.156250806902,1105.3974436914234,69.11305424518447
9506.197958140203,1960.469739973365,300.69191267627565,18.218390303702417
7933.315548982495,8402.045061995661,743.433471601837,117.30897873631558
2860.6051155032437,5363.520745130345,682.1803687116028,112.41671092493866
3526.288396347849,7643.6571747052785,1465.606089012421,218.98852957892973
3004.269025966026,5653.409828217647,1483.7100720155174,50.96711000273518
6393.33510579915,6727.401144471434,727.5299683862971,24.453391433549726
8733.102193426694,5685.386103607256,1301.5933655866513,338.7675090628055
9315.937683515524,4193.748718281247,1439.2918158792065,172.00285338663943
4128.0958102642435,7381.892961311487,482.73732262123843,237.9555662907482
4466.063989636248,9605.334555813353,596.6851739550696,58.62283369236002
2635.769209779728,5865.816121070078,757.19345743497,247.02214507656038
7303.404263741344,5482.201466071945,1366.4403152559785,75.50777035582074
7763.6874270258995,1931.863078836886,864.1234916255609,207.52024034060116
4863.394691402434,2069.116907263568,265.24543879389864,271.0696842222616
8381.833773663799,9413.556381404476,1080.2528346717806,247.90875713011079
9235.919044621069,8827.783385318242,67.44476676806006,202.62845842190094
3138.9708777253386,8201.043805137528,1305.802042880071,246.5318877756645
9918.486837454548,1476.5154726491278,62.82596796986971,263.397550140075
9266.745306498535,5240.864820621113,2.541995607293969,283.3798176186265
5300.056662426195,3765.1604577468447,1143.1222283539691,169.32688034752965
1949.7801307305108,6794.552425287512,1248.8318087357175,300.0242979597068
7564.791765133426,3105.930653910063,734.6970744404473,243.87718910968968
6286.790634207627,7868.506890196148,690.1786006038643,204.6658077301283
8000.873674899342,9434.705609106111,726.5266754709322,180.11340281784592
9410.131548491769,6467.345927559274,506.5392795061272,287.52722297838517
9403.34487033284,2672.9424990105545,1361.9665858370183,263.88108019562605
3472.6783433933074,9447.354548709416,799.2550452334875,77.63441283258857
9209.931621421445,3248.155423417948,623.8314093447298,218.86479900360294
7666.482325135657,2671.6485796516463,496.2862908354617,163.91849943263335
6405.685474274118,6978.560209157296,1245.4045416322485,123.72608422650968
3877.2406818608365,2644.3984668578105,263.8430494293316,222.83309914249287
7404.875686203344,5306.118035493329,1190.361944525536,87.53286683355282
7034.5561444942205,8851.476831263953,1126.2004513604818,221.920262758594
6794.812074401831,6562.04058491822,932.3630363061254,191.781923033926
2253.116632266996,2293.5766334359623,421.33268057553846,226.73552067351307
3165.414365227548,2433.6357835995814,908.7937876429054,275.10611429738185
8557.954636131792,8821.56533316768,467.80743788806524,3.8965230814702423
5933.286901459692,9749.743047536193,1291.411706992622,165.59276846211657
2426.2384036057597,4793.555960564106,257.7502416541811,343.92350471271385
6720.625779528618,8362.54214412067,622.3049889338055,94.22813614876088
9787.745642486818,6732.215060686602,1113.9849944028838,151.4365537616438
8881.183925548485,8699.581417142443,234.9887941149962,250.4263092191671
5610.9513612225355,2192.078869056946,851.645221906514,236.4775467328454
4756.863705829118,3298.420396084681,1442.6621730963768,267.47990978767467
1395.6424531601667,8479.600246527327,654.6762577900361,155.85899323584124
4803.89911900902,1362.0695873455113,123.92410854920432,312.3023129978576
8843.225423715783,4623.139365890601,343.0281331194604,60.27181184226623
9662.633992145105,5081.745428247243,931.0411671721774,167.87957883738957
9033.523874885192,1369.6717483692273,328.8156883859252,133.8961755844191
1744.4456781699805,3094.5932483660254,535.6192654925827,147.0731839270141
4372.639697051911,3225.2403805007852,731.2015557884537,173.30513458728328
8466.271440172259,7977.022783863951,213.12232462200177,212.64105106201362
6900.372336194173,7844.1745702665685,1107.9921611695727,326.09565918827496
8406.764910861355,2879.755146731821,1058.1561048729266,106.90456272648306
7591.562176456453,2844.2833476896185,852.468074131672,327.324201995655
5776.043980223088,4821.076993985071,49.069952873067784,117.85893352431125
4331.287446897221,9068.532142315731,1282.9267771681075,195.7818972687875
6524.567659741321,2955.2866504521226,426.5026117444852,339.63217023693113
6399.442531069263,6955.456533403329,135.16228860516364,237.2821909886259
3173.7355676995967,5963.046918917873,1287.632110206645,7.179202404901328
8335.635847678503,9770.19046786656,298.830463678523,193.80399909398764
9661.065276032532,4093.4682101648946,837.607035105032,353.0437362519996
2756.50114413591,3540.873011093048,621.6668714431452,126.26799733313882
5815.777740375804,9222.270131695095,232.92343609979943,222.45467471854232
3891.2430774675086,1628.6478987664332,909.679315118368,154.9988296386568
6732.716506883848,3681.7653037701507,513.5864915120316,83.29100764142656
8072.8487910996155,4628.666425505418,51.836306505983316,18.362589869922243
3525.4059683503524,6733.240759033899,689.7008350585462,19.4380126484455
4020.7649927157895,1760.9263737679175,1439.4855628653531,74.1609208144782
8303.915587467769,2257.4557947031,525.0445355953912,108.2078832113623
1332.6863427679205,5483.6201890884695,1236.148144226672,338.3806807564824
6169.668935478757,1472.8495998799267,35.68157290777213,99.99603575382342
8390.332111950876,2684.4797576042256,128.57108432983853,137.76783093200046
8671.532719987159,8408.011692233646,976.9199617261122,215.06879899900753
3454.921865918227,6981.974174521483,602.4400444786597,353.9787299374313
5278.806229066142,4192.273774185151,584.303225269494,319.47259425869504
1662.413778008116,1124.7144582437525,488.47929070784966,66.59139992290588
3811.2807451401122,3676.3793015655187,695.8893239401192,109.44968693321428
6051.257010457594,4708.160850157109,462.4985976606205,174.79820216157694
9708.99360286,5623.43088865543,333.0048857127537,227.6238909091243
4653.003349846082,9232.89050090159,797.2823308070984,63.87190400361296
5817.229423491758,8473.934566437762,179.82869454783213,345.8235865089407
3972.688447775743,7489.962558366948,745.4896953838528,212.9405000335709
4396.120322494726,2372.0716896561794,897.6918583400976,244.14687653107646
8448.367974352415,8860.331584876545,369.3780953658016,231.7503755645141
7411.707187040064,9750.986566509906,851.4736264211554,91.2602150172098
2603.1810668103417,8855.16949418141,1131.5160670185196,222.61849383646424
5484.427132631026,9204.055126230698,550.6872402496351,192.45370909351684
2908.589577450412,6317.113410898136,377.2038382756478,65.27764618171189
8960.25670579142,3329.5409051441156,28.687536795505086,315.7395745719513
2748.102341132595,2156.3743064700766,391.21253058626957,184.73432798097355
3234.8029186986073,7617.013136456677,741.1463064267848,68.51144742073478
4990.495933618918,4875.864311373609,200.0016867537403,255.09573009357624
1107.9433124205755,4911.312222125698,1106.1548743770586,96.90371003475103
4273.336628886657,1798.2349236022965,649.432314726733,56.52879195964428
9664.337523900556,4584.343757524493,323.31488718051435,316.9531039744522
7583.269736838791,4526.445340298313,14.066616378630025,348.0832834486633
9731.949947425646,5821.822454848735,437.1863773669124,179.1038208878636
9909.81286396559,3226.917497480008,1311.4650912024176,101.78119332374823
5291.884513675568,9086.723142926498,1483.1898371847951,8.74040120163793
1429.1326879135568,7447.400194907754,483.3106823245295,217.9462236686173
8342.565186315607,3335.244113795988,1176.516831820737,318.9166979624338
6918.095631666629,7618.459753126139,81.05770428177325,151.01629819127277
4073.8621496944884,4508.081775074101,525.4371690300871,258.6765408512226
1777.827167823021,5924.194191644864,1132.1944311912926,112.80380842064895
6174.8883739245,4824.190623504726,883.7030374031294,99.1000490933851
4463.526434171521,8621.236458370455,708.9991464314215,338.8739911618422
3916.740891196161,8953.619976517644,73.91663291042548,233.11193263476014
1921.8209297609328,9115.979500219399,314.3705769356514,209.5676477604834
7304.522901218907,4788.491643534865,1250.5735274908757,76.82005269429926
3177.427180701931,1258.5224826407791,346.90318864499005,102.75602904882496
2367.9315715830135,3406.713248890774,1386.3028598820374,5.319035488213007
9129.209265598995,9550.840333616623,446.6079701013324,351.5565747211823
8041.233251751817,6833.312479125629,333.73416587889955,347.3537252976729
1107.1782695015036,6788.938188154508,256.8960494016991,164.949161271027
2860.556021974344,7331.29141005486,669.0801549537783,191.19075167674046
2721.143713736061,7913.192033537518,27.17469176553388,268.388927498969
4856.970572462002,9694.947606891616,189.1898005314013,50.442050340419236
9153.443876483103,5824.915361565151,1386.5412230905465,271.39506219795857
9343.971573142006,4862.380702226237,952.2362052523778,45.07021374157353
1773.438327494818,7579.133716643938,1445.6642319422967,192.53425373344876
2642.991297265915,6553.661394675062,1109.649566173603,1.0159555808013272
6711.440475693154,6791.022184801805,804.5549199316691,123.34793644549345
2720.8075919114744,4037.385912326193,1252.146974929689,144.42869599132896
4016.4142493406916,8315.802598691236,1271.5466345878312,156.86051763605533
3779.0374460781045,9643.829699496038,408.9923250417209,308.9682276574942
1360.395005318137,5474.013451268398,378.83037886420396,107.89293228086315
6197.270415641797,3796.565446204681,58.1802564976068,98.49545509135436
5699.88133972979,8289.372525033767,313.56949996627327,210.38024902162255
4271.850530172578,3262.4201262692914,835.2530065434388,120.31037148552925
9398.533659891704,9040.106185500601,1063.910232146076,57.51574037032257
7207.686052116097,5709.62512808622,616.1218664051866,146.372574553989
4588.814036319529,1147.3976430482112,1205.8531463948318,194.93903679626342
2073.640256219491,9422.203417084631,1282.3877270710555,13.502942160842316
1991.4696976929852,4692.824941399047,216.45543407074058,197.07076751811218
2989.587178219486,1826.3329464911735,179.5429819507896,192.21778164617479
6598.996183885641,3763.4425238750705,172.80676949918174,215.2913067828482
7354.502614906393,2053.408888107885,1230.0669724668335,226.35845451309663
1448.4768764405649,2811.207319896399,1192.5173686214978,139.4039487176887
5843.992420219705,9519.124862222105,720.9158256761061,111.31214134552367
9905.072036439666,4201.729264197933,712.4258080800648,139.30457235663314
8975.496680181284,7969.432819383536,126.30177943551448,226.94879139052807
1790.7329564666563,4211.58711133414,53.12637655325685,55.51268673810676
8069.78123962467,3503.8113016534235,1326.7212423133535,153.82062446804235
9407.506856835224,5373.590791893834,719.6063172148415,326.74785274983236
4427.294555313809,7671.142813660504,1110.218417949512,266.83630284476277
8246.869203628587,2187.225459698257,968.7432226681925,151.85266257578348
2501.1554673839864,5496.011983846723,907.9680937587001,238.65780318182954
6857.500353104141,4895.853748310862,1435.3511077126986,17.803528606899295
8631.813347477586,4959.569132319085,1427.424845381676,165.82380230520195
3705.179363339918,8134.265218804551,1475.1502518650516,264.77971998219834
8861.14265078389,6364.4291836330385,526.4013964655908,160.87302181562032
7704.854248149809,8774.758715323776,94.3778702061892,107.17168759610122
7393.6803640563285,2367.7497549422296,499.7866815857583,230.36292335216007
6900.459237320637,9371.395265183011,1235.837878398647,281.2289039662201
3303.061517697464,4221.226652219331,911.9527620765259,42.80997946993093
8287.43964911472,5333.628872094525,959.0004432036023,129.17065464010614
1197.973822234036,3149.256343940656,371.46104139371795,192.4814000656151
3618.4943357041875,8986.059232602169,394.5712340422218,219.0698951137451
1367.3296999189165,7986.140404487369,684.1291094268411,28.15494219822273
8905.18003721661,8538.410181624102,34.5300673623762,297.39158720282404
6798.206154202056,1230.479890060616,120.91830308486551,354.87576041354345
7786.56128587711,5078.312099932396,411.7871401286578,177.81074230022872
6274.490702980607,8400.547508146194,1298.469751785011,9.33396066705887
9498.468923934035,7373.802020860655,1370.5568494243494,47.16339198120878
8371.374304530143,6761.302919349178,500.3506334388192,226.50281024553271
9370.024802200984,3493.787546089971,1107.5485097138624,354.08374844063354
1763.9856095777002,7808.301843058087,797.582400965476,7.669560021425247
6846.37335986256,7222.037755769392,1235.676959165279,325.80887042725624
9543.883067923505,2722.5470574886176,1348.5820915853344,8.372730980407338
6910.211062632685,1305.6942555207052,545.862035416265,76.8711409669294
1300.801484719108,2486.4449188158287,1368.292664034717,141.42051156243792
7740.857423776386,6343.278579633007,1081.510388442202,233.95006353853876
2940.72955706263,9534.363065666368,925.2332594962,314.51034932134877
6158.183411285607,9070.230210460348,1002.4764535990719,45.40647843126154
4977.434368990286,8540.201140925179,864.3675578563559,243.22856940953088
5991.921503942108,4355.806132289046,123.61041214773485,252.1672035807871
1356.2909288798282,3376.6411481540595,256.98956794712615,157.95437827582822
7900.291626791989,9341.235625050638,841.877136186749,190.16493145748802
2052.222568151588,9700.844312169023,1115.1057967000368,60.17162646481341
3109.4872262395156,7317.326592957096,1489.6017357308615,294.06208072436016
2850.1410430100564,3222.144343058488,656.1256610340213,182.2125741557729
6715.564909423794,6586.445196436451,1231.965874534285,278.5589510634931
3566.4217289010357,2338.1567024944234,760.0548782352788,355.48991797474974
7600.717553471643,4452.108718091979,341.8034650729255,78.02316372036249
3602.9344032517106,4767.375039567678,722.3027458459457,353.2665832257716
7224.840478105465,7520.516246256191,447.2576230026982,295.2869857969143
1282.6612763510564,5588.947791860666,536.0970100674399,341.9547037613846
2833.909831277331,2266.09433303724,465.3837295252395,291.75034630017285
8817.387936836934,2587.4827664353106,59.50523732722191,139.34065917834693
3996.4705361079214,9785.992336637579,19.439241267713342,190.41921271986834
4392.028651659715,4625.832266354397,11.236707991161795,80.54341965827838
8943.361840673831,6367.190603673657,929.6629033781246,197.89434058858086
1696.789205704911,7283.401501635264,120.03843523136554,234.51831859078507
1773.167925175102,9837.077637795417,528.6002310971061,347.0486478242787
2731.8258529431487,6522.797894743486,770.5912660621807,290.4474248518378
6920.648609439112,1867.4155723005676,93.8232919962491,68.13635156212595
9900.907798776614,9936.30255209981,1029.0436967790188,351.08969072902374
3687.155885629537,2562.83297511428,273.8847920764406,258.3384776830732
5208.513662683876,9660.75427901059,835.0901043136084,16.535638280380592
8396.596595569325,7406.955571271362,93.52903407208427,10.817499141754647
6434.28786756234,2561.126583110151,1078.5983267664706,285.6890907198122
8184.442451491228,2367.929203978414,1121.5850303427637,126.62240243510409
6584.086535341306,5159.078991697277,257.97432317515336,45.91071363923124
4706.198058352036,4227.5551071457285,888.201924157192,158.98705147656722
5794.732117854365,7007.292722273108,1275.4174392655746,152.138626946199
7762.175643286071,7662.398168094397,74.66653037075679,48.13186700441653
9828.49500236775,3686.0326419435332,1482.5011068157228,209.48404231867718
3394.994200278229,3579.232943384268,440.0643152337397,46.39944618632512
8694.75195798435,9999.248559696971,837.4921051594764,166.90950172357995
7414.061065501613,9032.369242756298,642.578483764578,47.79718900051533
4570.66062861022,4668.5165754951495,2.8565007854752786,261.323411094701
7163.781384476257,4632.866493620657,229.24252902816238,301.84883091822894
4826.690327556646,5194.107291298901,511.3329036424011,27.674409721454364
6071.8213711173175,1676.3102937201004,973.9403996985249,342.8718361153777
2931.3695113143904,9589.212492490964,812.5973606203883,50.60611964570204
9269.424283898614,4913.827567253424,791.8981796007674,20.312854426139676
8669.005991902352,1301.4251117152098,721.2530549288506,335.3105621619677
9037.759869981099,2777.5890188827175,927.2753323544539,117.2425622271897
1200.55033113239,9222.283880157393,626.71317273896,122.67611508305853
5514.853937618898,4851.218983772898,75.17627002937915,336.9357289957691
3184.065424553866,3535.0850483257036,458.02216836872594,224.74889211725446
2743.956806152678,5145.541495537608,78.73686393109706,27.725789465463684
4541.49997950657,7711.854917299323,483.01471774847636,274.26507349718446
1164.0851314797137,8207.35631203844,1262.7996093040636,74.66432383984532
4594.041621535802,7281.349102465017,953.2230909050031,81.83613412339996
4523.7437026971575,4360.113025977101,543.6446769443388,114.40417058680637
8460.897878731765,1111.2995435781238,54.345826791510476,190.6876571277536
6083.440115276767,7460.009931423621,427.4496920543247,129.12182864556974
9703.49714220724,6302.441598109753,48.10567350019717,185.19321881626888
5254.7609902776085,6208.10132029515,767.3829545517415,329.13104716012583
4677.243893698062,1441.9951729321626,537.7300506236836,173.98027724677473
9269.819759064936,1662.2713719009932,1270.980908841341,263.73603841867344
1347.1318849412362,3752.9952620320073,733.9468642582069,233.3355179079444
8187.31388039927,7587.658192212416,256.75888543191576,282.56145457247237
8673.758658453075,6094.440737219577,1292.8643635459457,226.8603411068265
6589.770276677831,6212.854335867398,232.46275631201738,342.4986887087675
5079.929308306122,8333.141211201026,1251.6007122669519,247.04051626405086
4499.822286670201,6635.478948617742,473.75277309945466,358.1314073442493
4388.359671772983,9274.050120503372,533.5970890660575,4.394330654022536
4116.862369616548,8542.788031780641,825.7249657664623,346.60862146590193
8113.749723231251,4943.946390304371,1275.6039702033584,158.85443918523364
6114.027894085485,7203.931807613282,126.55307507013963,325.680792354732
9968.253858793669,6248.598094712638,743.5143356989105,64.75868317599887
4295.869173568946,8921.266176126846,760.9985467522292,253.05274418587206
6682.036697873377,3068.2671635474508,562.9582461509434,229.8390488178233
6826.5265039909145,3104.1244838440557,801.5438641006748,51.72366241922152
6070.7751549516315,4954.547668208848,294.3924269301768,233.16856481994395
9791.980717113793,6019.5395106254655,1252.896087231711,246.5840591353484
3943.6352205663215,3446.949724726795,102.18290935438964,59.974394021283715
1866.6764514191896,5138.250317560611,560.9768367710687,224.07649576810934
9293.544973464104,8165.620213229748,1317.8198556220614,120.74147925795599
2041.2772658782878,3216.2954938500466,1352.8666790332304,120.83867452060258
3248.993570836259,5685.404692046965,99.0843608871724,98.71106626019944
4534.426500282418,7797.870110398355,773.654150110834,265.61320496481284
1807.973067806748,2226.5148341169433,374.42332266882266,280.60943070511985
3540.889134343927,2584.189919083483,1205.2306216786583,225.52639713654554
8076.129825624303,4650.641324036529,1235.5888398458317,346.677962763371
3738.4988610725004,8334.912684780167,773.7401384881871,118.93954176861435
6252.814085156361,1504.9687524875235,312.6519824670846,259.7378854153382
6863.610261927359,8088.608974924085,741.9232439928503,109.59264243748208
6076.190060424632,5842.978932741532,768.1493447122343,215.98675603595504
9446.734804696676,8628.00738515448,1177.9738238697582,77.36838201106949
6337.163312736593,8590.41771858459,386.4325779132323,227.89925057514495
8247.781659304947,8404.34847972549,100.39611810221587,244.98502713285427
3209.4556030340086,3628.309377965674,1478.604308546264,24.324701677406818
3713.7011395202576,1457.3100952501466,1390.7834988826112,165.1069590244087
4994.949891456295,7517.310725573597,1318.0087036320053,242.8514473435504
6403.267282095742,4914.826838257959,1422.269017235002,103.81475989692959
4216.504681583443,4117.690021038681,774.7571565876674,9.544160069273195
2155.981929552184,4348.709208154565,112.52323469895934,33.49784101335101
4257.9189029854715,9936.61494694553,1260.7557348148912,301.04383681804404
5850.472854900708,5463.405308863188,703.9315037767965,327.76518795584883
6483.560917361357,2980.418879448238,840.7177874245552,102.33927865487105
7121.153065041691,6001.424142561396,1014.2737377795704,31.88694215573925
6893.442235941913,9924.592107097897,703.2563258557086,298.15183302156987
9073.96117466455,9030.438396322914,102.7441873424419,303.7382288887079
2580.648345854655,2384.8334806816983,1410.489594901488,32.393988845216256
1610.7429712636097,5457.562642622823,1176.8509210414527,279.78923696349074
6880.018488253069,7122.863948196375,835.4664383506025,205.31530814156687
8762.818959425604,7731.075692133647,979.6046774426542,161.35324055345953
7073.759575608845,2734.265677154667,132.5616153276764,137.70211095117534
9430.175971650668,4262.712932722761,301.509735611774,133.68540669612412
2962.867088273704,1679.2846752442251,233.48335895949538,114.87783784893348
2310.888218800923,3969.303563250886,837.8703640458358,206.42583002990074
3988.4034408472257,8584.251072175877,901.5697757900062,38.96961775462029
9884.227406356315,8122.998486500759,1320.0443654906478,306.1811199690271
9771.213259569076,9439.85547224065,299.80892846455515,170.56284723391406
5151.257842887594,3924.382320749676,23.079922597346048,233.97973168779234
5299.689865776951,8182.154297680332,434.33926085047216,39.73901099234785
7146.855903332425,3995.6560694854475,355.81697726233455,276.76318569655547
5408.762644893037,4453.764961034411,972.071551678744,7.2077394261155145
9417.047754587184,2891.062912097126,957.9438882423093,12.347343158519566
8495.912840660472,6438.880488906773,293.4103374972795,27.12698287248664
4996.263025583863,4043.1410733825855,871.4131176803261,119.92900346025523
2929.1418346453975,8750.184396351986,1241.1486092890927,52.378609688322186
6949.39140019591,2991.5212362563943,7.206369795948434,326.5737053469461
3374.593826600212,4267.985184673795,567.5296085262061,5.030409572615264
8579.440197369571,6240.737725176583,666.2535299752174,21.94584001452611
6596.708556915421,4671.166022544005,554.3448851777529,138.6420087637672
3961.914217972303,3435.8281440303977,219.65931493588317,301.61871151680054
2393.7896260246007,9835.597865697971,998.5887821302063,350.49102616810126
2116.065821909264,4292.420497894547,1116.5138299704754,157.16553479533712
1825.399814042068,3816.914211597911,85.11640302638136,259.89179694982
7731.259474297831,2051.7452779124733,646.0646859815827,300.5676791446001
2886.291331604276,6827.202380517499,157.23423267065706,302.76806796317425
7963.453777339171,1543.8215799886375,861.1048354085602,65.4144299624054
7700.103561934928,9186.577516836456,812.4300806456985,328.13779507913273
9081.981543958747,1591.837373776436,379.82915457688216,66.72039209407453
5461.145320776715,3434.84818539547,922.4548697143954,163.23663843807947
4305.509243239144,3074.917966211978,59.97930780581899,74.69608419655735
8741.16008494996,2909.2921006562783,622.5304516021182,347.20514396553585
7513.842785642275,7419.508084326351,236.03024728644866,173.44494487801873
1280.1485479026278,6338.520508615853,900.8156404134885,236.30300317761797
4472.613633119562,4371.384831950082,343.7967802236784,302.8033165900618
9965.328861645557,6112.341271987333,972.3596124740691,106.36343026246091
3347.179740967798,5592.582328898491,796.6075723981545,330.64962552344406
1852.2722485232678,1142.4015692724033,858.6801623893502,198.03416483137622
5169.498754827198,6790.209919691777,1103.0551127093197,146.93865249553758
8253.600437583682,3385.879790105843,29.913475486748638,332.51082173667146
6318.486871303967,1996.7330956423912,1433.735378073964,174.14201660653546
4757.748247896039,6732.929960000558,695.4616015173798,263.4940908179243
8105.289689948395,5248.404389161232,199.2686006894875,155.40232830649856
8471.330209277015,1104.7164524411687,977.4480584621078,4.070911108605426
1806.2038363262755,9621.972133714622,1014.2674617713297,157.38374612752682
9290.180428336778,8934.773413631156,485.7971363121096,69.85022346091951
6651.796442898215,1722.4138516626708,989.1360445091254,100.60950937954193
6843.653114337144,7453.554593674655,966.2454830496608,26.125216380479678
2333.0844347225657,4089.171202620865,289.76494913686076,102.65201493596786
6616.243349330996,3989.4478399495156,389.5821554466075,246.8317526443891
5319.407745882187,9646.68192583041,1246.6820927899446,319.75162271022015
9176.743713262644,5030.966874703019,576.1687972244182,41.78215474919118
7494.65631999464,7489.067458459096,699.7631400335639,347.4282694130627
2369.8930001280423,4341.741184696937,1003.0524096272385,246.59768365726063
3567.046018835655,8313.537639786551,31.62206464383252,341.87407123862545
9185.658820145749,8096.303558542362,126.14893575584193,206.15157447216262
9236.495964095411,6603.703828681148,1151.1602465955912,256.2484187484746
4615.608568290845,1830.394647045469,1038.7953615473245,209.08256685829113
7558.028119357199,7757.319163774584,178.8338072238871,13.454039723522717
6221.86215492871,4204.8840807445085,35.205301769850394,194.38325266599998
7370.631596036595,8367.919513518318,75.1884968219566,10.33473321980836
4954.396483007806,3894.8839714319265,302.4789147722966,158.6804750439026
2306.043928906054,5903.639089896199,50.4950894416328,300.99229895187636
6335.05234087811,3714.7361654452825,1090.6631291546573,63.05037496709817
8693.768614664015,2713.493154490441,716.481469789676,37.92688102456621
4758.455980541521,1731.880278013617,1132.2453090224492,51.59693203879182
3452.41358994903,4188.941859350232,897.9943023315086,225.6161326339613
9740.629324074154,8418.046807175566,587.7559512895753,113.72453051467497
9129.30685753283,7555.122487047359,213.03639752545863,68.97827477846995
7503.088223031177,2586.1176325670262,1305.1628349699777,236.46057265278017
7738.194183366212,4251.232668383831,1199.9474210580202,129.64771237723514
4623.84568453592,8083.528778984336,165.6045391860516,49.692986770404836
8462.38946428525,5800.600455087771,515.8668350249691,235.57333886907944
2796.2000778680713,7101.3158929980045,302.38959945178,82.99333099512606
9168.264030756623,1121.9099200848912,260.48823641612455,274.0382052414012
9133.968828329867,6316.035316827165,423.57087726424095,19.201067514656636
4543.434978519841,8053.409980839167,706.8880561463847,73.49220942316713
1321.981692635393,9464.482775213066,92.54553128326093,171.31810917954888
2967.710514557656,7834.564815556146,355.14727931102584,232.4810315004583
1121.9255195149112,1282.566024231824,1418.8659686114054,13.481528605867329
9277.03629686062,4958.6576404005245,509.28007194140815,185.05907612667073
6784.033001489376,9161.313529186227,557.2480510719948,314.6884645776737
1828.3828564497403,5753.732737107629,773.1780762935034,100.7525830561372
1247.315422941902,5587.1650355259535,761.142539150401,167.75941005187823
8618.791247913174,2244.296231524959,653.2558969920053,128.6691854444401
2195.1309594966615,4496.376370280898,870.8555496220669,57.84028311359512
7893.6858009226,4468.750986344778,337.35795844395966,26.157244760490695
3314.0811673576763,4092.6187684562374,1131.7803841241812,162.29649888420565
4649.700249800297,5978.062677568486,1361.7697166791236,85.5898090706609
5145.360271883221,2791.944069441248,1274.2375900755248,356.5672229721091
1349.5840072963745,3726.0839969743247,485.9099775882311,355.8933704625862
9721.349842338635,9479.387604209942,856.964953653024,187.66156466290983
2894.22684418074,4848.1803880044245,752.0734407701112,127.42103808265725
3233.2034775766756,2082.2040274179667,1085.3647271894447,352.5398672838881
5811.829737332875,8123.621431807046,1243.2415866079884,267.67574093510115
8959.987825544522,9217.261717247768,467.086075383853,17.786575057117613
3057.5508298699774,7302.887895041329,1260.4596503050484,140.09020403970695
3779.099830580641,1259.0303706793566,1291.2451107386335,190.391895962389
4830.593103449081,9844.661908230193,1399.3318366862186,11.916834646558792
5163.38799933692,9723.485464873771,154.95377194773062,172.37481829035096
3623.6684620184787,7864.310288194798,959.9611456620974,91.48453805042176
9849.75377527195,9415.650435662283,333.48884228807543,285.9311255390635
3931.1262456855147,5481.951373026544,1266.7557967247715,301.949372214435
8485.646037699586,5259.576935848364,356.94501071924026,81.17381261577641
9877.884150714013,3624.5213850757054,233.64779997658002,194.01141945602126
1213.4850192574067,2304.6340897646314,774.215905734764,66.67186484119266
7246.767660031664,8506.67853844473,405.3323398911037,257.47091693786416
8232.897128505589,6223.030226661341,1196.473309574594,112.87042304050044
3063.661626388848,2227.527217427807,1239.6296697421144,163.56003205940092
2015.489158480446,6158.519299184851,608.2444730855037,114.2612702758496
5791.510504841812,2953.931243632789,691.8265250383149,126.8688686794305
1544.046032343735,1336.3722947762872,332.11642607849785,66.781273906105
3127.2690914505156,7704.57423274725,112.7800090914477,189.32732400013617
1676.2342326097641,9789.749395833616,347.42206510686066,185.04687724514176
9844.0593442347,3798.702774625747,482.49858767629127,329.8513676977664
2406.7951705477553,5595.106482729,1095.507367924997,167.89490537059245
9633.063713799813,1566.0461022233828,424.4755265764405,159.38367529700355
7308.545049283269,3400.528979000994,609.5426718415969,232.90262477360895
8390.132158205575,2588.0216900483974,265.98100386417684,194.99195548157462
4096.422634742347,8810.237977334331,332.517955123079,305.44343867126184
1161.200636184939,8354.161991276273,910.9093742328073,238.53166389718612
6826.406476515268,7529.984818284075,140.4885150118608,212.01764060665698
6382.662368399708,1472.0927818208388,1427.400607371142,202.24610978991538
5388.563817404956,9697.146969749314,542.9975048922958,150.83554853948291
2832.511776229799,9915.681524863008,337.1387367815746,219.82390147325245
3929.4024619992674,6144.124329082264,764.0672639259682,287.2461673849183
6237.976404384826,8645.003348016016,242.64690640593963,64.16403021625123
2632.123119476627,4813.651316630834,81.51319299642536,318.33924883056915
8542.514895919025,9601.728561633594,122.20455815881732,77.62651215223633
9005.984945660199,8257.355824547267,1481.505396142527,359.37301631822083
1744.3156134872756,8491.006485927017,427.2844779492457,17.75885919419976
1155.5937635788946,4452.560797395912,857.4178861184125,113.2367001842585
8453.78059755886,4258.629389865061,1169.5392367968063,347.15358863358847
4272.852903816067,8816.1273888984,19.79435736284228,289.2135622099439
3480.679687246162,6544.170375143383,145.05089027669388,87.48772005150907
7848.090017745896,3209.9134198292977,1405.1421487823031,64.7327837635749
2322.714431207518,2169.689053698844,368.47507891779105,160.54791501828257
3769.47257405612,6413.455273151226,401.9430323093905,244.71350325421918
7679.174075780768,1889.3885216214728,1389.9414375646181,133.5729843368657
8779.443212765073,5491.43276497007,1374.7437062900883,230.7540545031931
9433.597330867296,9812.938264925158,1122.3552175968803,122.17873163826228
1179.8562934877496,6401.68062514514,601.4180093665844,345.8681325069034
8035.186042172898,2938.9393431269,600.1743931744567,127.2971898476958
3303.1683225943943,1671.3788687800502,97.5652543420685,228.93617028124652
6515.467153864269,3865.657503106482,42.060241706573194,255.85725962348934
3389.2760607516257,6517.168169740042,270.7642058330128,114.36192504217652
4435.98221171904,7460.5025373785775,430.08866715690925,357.33964523094744
8530.623847501844,8012.804878435241,644.6621557760213,138.54791279241053
4184.0249918476575,4547.585198496375,1321.7916221738506,256.32903854515877
3661.7508874355035,8401.178911904663,693.7914793267944,196.5430040782564
2871.4557558268484,9193.992609781875,746.5848969806998,234.7240980772971
3890.8372400296857,2985.862023864819,630.4076483374853,235.55788177223124
6715.217386866764,3456.384844561914,592.0750227000307,153.9478121302221
7738.053507372191,7062.64854505388,613.2108004955276,248.92250682156555
7510.87343954015,6568.551500899666,220.6398536231074,184.53650194779883
5372.264742469002,6469.22809234665,541.875906871683,107.65879596477187
5599.351320341248,3339.533187846743,959.9669351078612,236.59471970561165
3543.197042503059,8915.555796062536,773.7213846442028,34.637978870172184
2659.0785254768834,3909.393025441032,80.06210390673509,43.57635171759735
3965.751010567549,1867.0204886611625,459.1359954656982,18.691833513404557
8771.853672291174,8530.009261850335,1267.2224202378368,333.5406641084454
9713.987332397295,9751.633597384956,1215.383662158668,321.01348492609014
3770.6985140529614,3554.6186418601646,517.4285715578585,5.083763542570474
1349.1427266459768,9605.907710234347,592.3973971418948,117.4644348204824
8226.109353975644,7270.5603494063,964.3221766603668,219.0782987427089
6160.696095994636,4194.170624222925,1133.4009209569685,116.56746360151038
7873.05142415396,9978.372060739612,1360.9160338020354,334.2447895408032
1113.9223545311143,6247.783821805116,546.5972388341096,108.86245182592721
8485.696437005172,9384.565454901029,1053.977848314384,286.6626374937257
4838.899223446566,4573.373134593977,1299.8052607246145,35.728156906354414
6373.078865626584,6600.636077380641,550.0529117180668,121.15367459551881
4911.425244444175,7912.432040173762,1301.4346008642574,200.76347878184376
3525.123471228988,9131.691178059915,814.7307555482934,132.87173140531934
3100.7690374582617,8761.90742789402,931.8708619876367,55.18473103328413
1930.708938678924,7601.202203144155,113.52663452927916,21.97652899574756
4504.038200951031,9873.38531734574,598.0782676464419,187.56175264011029
2613.0224165509635,4080.896544275243,122.76263072259303,14.103831125810736
9908.484196004852,1283.0147524860367,1157.3239114423043,129.41467605396596
9468.471836103472,5987.750786077103,440.15459833008237,224.00909329230012
6226.952756199499,2195.7084434574444,753.894734820121,194.72505745692362
2084.706585931575,7049.459081442697,505.75120460639096,309.9138727929927
7437.421202093863,7654.514760942231,1327.3891966277108,33.470616324952324
1248.4517510767678,2685.8276350727137,874.9143479771778,29.39474232704611
6717.747856543764,6036.299051582117,780.4623652427892,137.47302190282153
3844.7741433659994,9228.715852512432,1020.980614719946,90.40202913112775
4336.1567335485615,7004.139065045552,1052.3599593216454,7.20800679886505
2631.0397897531693,8020.890545127333,48.645440921329765,328.0668175812676
1175.3873948252456,4501.295390730933,729.3384698265852,315.71859063735377
2139.852492287592,9781.132687274647,822.9460052601388,299.80503042686706
5580.342715592494,1952.4190674515828,325.2830927562731,245.14096795383657
8611.02625723921,1654.5720755296595,1367.0583823058682,122.19975331481065
6042.974404344621,4206.859657745254,823.2784356169058,259.2809076078599
1741.3762480405085,9130.795417729078,504.9883736588041,263.78169309182897
6858.017626524181,3328.8978721810054,1093.7613992719344,105.07326854819625
6427.502447672613,5674.183368025054,1203.8505329623088,158.60114109701811
3154.5032319931147,9840.750572001083,1111.8381267479192,252.7754276268956
9384.89150246073,2521.1917512774435,364.1103888869903,310.8823994409808
4704.652118207166,9933.905015106287,1216.3998555673058,215.40363076375274
7265.023080420355,3230.6883743066164,509.46507805553387,94.50550629098679
6220.255414248754,3117.0875999472746,43.18138821968655,153.66886313127642
8563.940100687281,3834.3492766603586,648.3798987417046,146.20831558517213
7974.188337469978,8962.686348871262,283.07578287464685,247.48621195847304
2839.7633700985925,2625.390303841044,332.49279219036293,286.9879543900614
5229.400229411663,9814.142412634854,495.5064662525828,314.48341185361335
6797.120071468371,7833.715281866915,1474.1131486177696,297.82822815955694
5171.648965637564,2294.309939233154,323.60312619667695,242.87765569163977
5237.974810787929,9584.999057791814,452.7131752040343,211.03762137909192
2681.827786071736,5219.80531360298,581.1179900489408,206.4840710756291
1732.7143174673965,3609.149408894793,969.1275146732291,159.94234864907355
2906.6380856675096,9645.797257677741,59.25241947189421,242.08327985623933
5648.44184547362,5875.078518389629,1014.903264017928,267.29764860935217
7787.5171009549495,1399.0171510163439,899.772034902719,131.767139042199
6441.709120092512,8724.930765865207,967.9574755568809,5.908425002521537
4819.332237121863,5829.035176838126,882.6044567012543,354.1457421323117
6614.035301158331,3893.5078046746994,1204.5091060960813,201.6620271598949
9737.561781482987,8225.78162683182,1156.1657076072909,31.13327236353866
1643.3722466312286,3171.4737436159967,1488.1557341531168,108.02154436402823
1963.678249676581,9882.602461978113,1076.0979404287943,65.32354170861197
2611.0743916897572,9011.650006908587,500.9614704015846,237.16224354885782
6055.963458657243,9203.69479149484,1329.4926041092676,146.8104651281225
5934.284509852639,6027.404833654713,478.08473698024545,111.18738300597143
9771.426432576893,9436.533035746354,966.0828685107159,267.2276871481098
7661.7897907469205,2116.5165047836517,1281.484857739418,215.92036723634777
6529.538045672664,4751.096309234639,47.168159485576744,114.18012806285118
7719.02635943137,6179.506381764555,1128.8082392340282,78.12821607981063
6074.198622103659,9480.199600377387,1455.8349674871133,37.13952687183829
2619.849973688745,2504.1367686747344,509.0789816126896,188.0105069319023
7451.86136671689,5282.392616867874,737.1082344603166,303.24654549402874
8151.541923955135,2114.147069213543,68.30309951381788,203.9431101024888
1311.1261449156307,6891.491786651802,254.0329276277184,141.35693389783418
9741.211243800832,2455.9027221112747,452.57133743093397,256.31504882753063
2304.3507497182177,9806.814297848226,574.5436004061468,197.24204495721256
9243.04702949866,5623.469922279728,1032.4554212659912,183.10149132148229
2825.795511091512,3562.65492004567,116.95918834999401,293.595113904517
8000.037045425301,4434.486906689381,1104.865856755736,149.98381435675716
6692.036368606671,1179.1281622839742,741.9679809284182,333.91956933471874
8316.60122403104,9605.947763570375,712.8576514990414,227.73499090338515
4838.202562097995,9543.665233406666,1462.0629527853623,304.97219821126384
7634.946339395657,3579.089578000059,1008.353408103653,265.9501424354077
6493.987258655634,1303.23687471294,658.0004230019429,330.80798260832785
3254.776418213317,6524.568984470601,823.624660689145,104.12696729241847
7360.800087371718,6146.4873749392,469.5622108699373,8.051024680154608
2376.822435555663,8216.963354221334,1048.1459867084945,216.09152599788743
2260.16473868955,6353.546442772076,993.7029330803764,335.20760254600333
1499.4682058202147,8668.768136868794,1469.8592276245258,301.52804583867953
6728.510687838974,3003.1366004612973,266.3575089037981,213.18866885497988
1535.0350399166398,6023.183291580701,1432.9269581465576,306.8608869365926
3100.4818511434255,2287.3196443549564,845.8411911883045,339.43843823575605
5997.7742389801415,5610.348228103561,302.428146265438,300.8429242934803
3539.9340155540203,8947.99711139861,71.45351165096909,265.18192531867203
1896.6711367220166,7175.385881776835,1395.0985522285075,177.19704847404512
2443.53826314064,3503.647629065338,422.5994175280444,32.70075959712709
3011.5992412577934,6042.229948888738,1185.8882098936722,288.1417301606895
7579.514216801231,8369.876096812543,348.33903939468627,270.3997636688975
1520.57047388349,9049.971626310695,629.2906666922689,151.08705599795755
3379.433184184775,2006.345564343439,238.28900515831356,105.36004543179821
7824.423731687097,6942.826262739254,1078.6841185851476,257.94318176520864
1505.6959212120883,6354.5307351367455,1190.935296575908,50.107158408671765
5332.653779715821,9534.903747456809,558.9422096600532,44.57061015482653
2419.8991421139094,7369.278293753344,9.439012629790726,157.1863453284798
2949.1638226993655,4222.614228940237,1460.8643977955655,55.377040112096275
3688.966739166911,6380.124004674181,553.617980058213,69.7752272923407
8325.29717537725,1371.6018143939639,1475.42857998966,61.5256407722944
8163.091657040222,7116.072131435935,1265.8980286941965,303.44911551364646
4925.616174697752,8732.514029371117,1045.0355551850107,18.466013908852414
1516.6877102643548,5921.1889041887125,629.1770400051729,283.3110527127801
1207.9456541889574,4844.178667541941,1325.7635308227311,133.58172256737694
5120.797449433096,4500.2703377066155,1288.442084130385,230.30646059812142
9122.796383915882,1449.373550149181,198.37355502738308,159.54914031569658
7528.37359825247,1322.1153946626587,768.2303972612499,164.50368701050812
7416.659225198957,2025.8981570926412,1422.7845981222304,143.27498391911215
9889.661536296706,6471.810677669093,254.81691438096598,236.77955764081563
6428.992767213323,4735.998168114491,474.2560432808816,308.11558300010233
4246.3266744874745,9325.514315224204,900.4279527216889,261.2294060735197
3068.1616213806924,9672.283306732868,652.6153156339906,265.31886178757105
9527.15982603844,3307.753279956246,484.3055324558392,132.65343538172164
2621.3653212145673,3577.9100072109427,1199.0687505116905,27.865381080703845
8742.93375774423,3449.3374569413986,1098.8621837129003,75.87560131168831
7943.754630727546,7275.311915469178,1445.7024215639137,277.54467458037357
7028.9169414962225,2561.297730385398,263.02705565261107,70.07947576754175
8895.822493526002,4316.808576526804,908.0800957888273,272.1655812789826
5228.8437511903,7981.332631892205,514.5633292993557,230.47755096349712
2920.1567848431473,3304.2162990291167,996.8714968000886,259.65306672800546
6366.2944965560655,4973.990373862914,250.46746157894185,87.99402603473742
7628.263168808613,4787.3952682510435,525.9123111954868,153.45798537872997
2675.769322930405,7380.293408315211,596.2680038109008,250.38384206339467
7366.838520418764,8105.719559181467,279.68590085328015,273.27753839097807
7496.583997675209,9222.322086260498,465.8507003232013,77.27775344465155
7579.170652793718,4683.811439884896,1085.948188370933,326.94279268671875
5304.236052580314,4892.536554935214,1126.9686784801916,143.04854978652588
4272.40557421011,2200.6128062133903,585.5293326096095,346.77941394482787
4764.418760780798,2725.280222066267,129.12214842056594,226.5647524968379
3958.4848007370083,2795.449589242821,841.1571521025442,190.15783308445904
5797.643285662715,8322.651116252218,185.45256634826606,145.750446769069
9280.280362555015,9234.517273895304,915.0414614870701,334.1545019014387
1686.7820339161053,7569.896127233369,217.30641589067352,5.810103739044991
7389.908964734011,5404.887519858265,1167.1029688378317,189.52386312866133
8714.718787746588,3836.73576050656,1233.034548583145,272.73386216295273
4743.327567051451,4887.37895972134,588.6749137073773,57.45587415425824
3074.4649182576204,7280.876883787707,523.1004182489693,172.91762479531397
2052.9148231203444,8904.198534212308,580.4525863340689,151.06779172744885
8468.503358772978,9877.671972351753,569.868690098378,286.3583678783251
1792.7328172140192,8894.845312107875,489.7165913984319,84.20678832153408
8680.792469142032,1813.6295033798383,1157.0400010097665,120.4904151529008
9528.56155287914,3141.458818721204,400.9405284284033,268.6914992275701
1607.5912707240134,4314.493132615655,998.3058817188609,91.86517040145868
5266.735308383301,5935.765566161735,1131.6418927788422,357.5889442438227
9514.028079752246,3533.973199038629,521.2527105332323,30.496296306690507
3729.023905755315,4524.25745154791,1491.3240007763177,29.434210869928627
6500.588578749072,2709.1805275636225,240.1616676845318,33.69569522365975
3274.8510684447765,1698.9332055802479,1060.8310965424073,204.32776389959292
9824.660914246102,1507.1999806102533,609.868692965754,61.32737283052636
3605.296125567861,8815.247306314319,1168.2331864979058,174.7524364446617
7161.831966501913,9099.146738829491,447.9324573573385,40.47773587888046
5170.234138395844,5689.465378380813,228.80266497529004,90.71130445118995
3782.800707604459,3902.066978797573,1293.877023863127,129.73986467873016
4013.4261809939158,1464.8125308664703,1036.9795636655342,216.8796743698437
1851.1609970044096,5294.317768266256,1215.0617509466715,93.79443658194101
4770.254440453336,9812.303714088603,762.8070046811964,6.736676136251793
4426.01780500428,8828.442153630498,339.11129358065233,75.15801657903405
9447.931900605208,3858.8979428740877,579.0219642602029,13.617562083095661
9772.508214916827,7342.549333775319,1068.8080635529307,31.510280973665846
1408.2301888389795,8909.639578871327,9.066386450898948,33.734956226655285
8021.865664878715,6808.046627072458,649.1191511377542,2.680562515558251
6534.332249164434,5028.418113335063,977.908109444775,250.8871477622876
8603.589872108372,6091.747526506981,1354.7679203062137,338.06902254289855
7901.173884179676,4188.470109070215,908.4026599050255,90.81767792400183
3406.9236929703693,2321.2230460920864,411.97858508296747,170.5906143831817
3361.9059162829217,5437.9028140214305,1053.3492809616014,165.17618384298595
6063.561229720263,6764.50099123238,1430.8296626452793,261.134884391763
7603.8386152154035,5705.929640025088,488.3207360064128,228.3641424047803
4136.6734848275555,1719.6797439808774,457.4138896847261,355.90113050340096
6929.909600575539,1916.605174160724,563.235095603927,144.00961017730054
3635.721141464355,2545.4975442736536,580.6759130819287,353.42934965393744
9332.53678251925,8884.572980311914,149.78685070266806,19.28026916648576
9954.688624173348,1261.0775257671514,53.68058231983095,82.72230055253456
3228.2426290870185,7398.430736303894,352.87786697145805,350.73569903961607
7075.469688477339,2921.8852771742404,1144.1322674781268,312.215288764386
9553.560217661356,9307.949265811432,637.2091462524198,54.701842359574364
6128.5550709845365,4889.874192099257,502.204143183518,9.716834943833257
5930.7783435119345,5571.214680384763,1312.559459613705,237.94887906941466
3951.9880693207174,8701.47025237649,456.02768478679565,189.74159889631144
4916.4744603631,5971.156122451634,553.3700047767849,198.55715492220642
4835.551624724589,1255.8021043067472,1080.8969970858238,240.6752470545941
6122.417937549921,2388.3620432008374,857.1609765133948,92.62269180670808
2275.268265157155,5555.831888120185,1037.029325760498,259.85456177347464
4570.781019860506,5928.071563518285,260.92028261154536,307.6793814854235
3759.7273591569246,8941.205979745639,1373.2075766293176,223.77887843419177
5126.760895528805,1211.1598587510232,406.6403263454207,79.76800837019687
8827.805416934732,9519.696740973686,1354.312481276559,218.69281452601027
9668.944799734689,7161.936993630151,1311.3107042734307,68.1552927415249
6068.6820685506,5152.464638008496,23.563415382844518,93.96530170005988
2284.9208228053353,7603.617578674829,848.7391352835374,287.25562408581817
7400.896417358421,4587.463343378086,1438.9428137887828,130.35810007015067
2182.2376066909155,5307.927157617657,1461.0613592129546,328.2922086019064
6000.018655520386,6977.922937632748,458.53067520126535,42.1917991773993
3542.0162411823007,1809.5273577056412,368.6353030669203,341.58727429467797
1892.1381332000021,6154.134114465621,1237.4194679691966,151.82027736653043
3361.490233447777,8196.244557388494,1496.8787606126218,136.37848141715463
1246.3250484720345,6754.157884390612,160.69350369011633,245.62713214903394
3529.5839674211998,8945.46997709421,826.2171001246935,36.019973691828795
1976.9433893505689,2043.1727120733244,1409.3054220583874,200.19405980333374
7700.248280174005,8575.543057594943,1319.5806255900336,237.89819556483096
7130.612934957792,4138.237469183384,925.619688442479,254.38074199359355
9506.093625680469,6749.285615748369,1050.841157408375,1.0274718251136894
5063.791332979261,5210.359500041271,542.9072639869884,130.4007506205595
7834.890077933025,7515.661130479199,85.28916305944797,189.28179980446745
7575.767213588972,8707.682158315563,1451.5019282177093,256.3078089777449
8292.837881385258,3524.661635876445,1417.1217744717985,96.09681673714951
1212.5135033365511,8096.671651496838,1267.476211784304,185.76008701469408
3817.410422053158,1471.1766259061756,183.08847894244158,294.79361554808696
7859.026793746462,1977.1963965430077,1182.8381108635933,233.5156271254512
3073.680580970828,4497.134708430681,7.903356086908555,227.0961116369791
9679.630789747378,1691.2266246581557,976.1428567819195,184.61113579597423
3881.0245918775586,3935.5018445017586,1049.8171515679091,60.24448008930546
5393.892575923876,5830.477368341404,228.43797437853428,7.967209378815495
4512.590323724299,2028.36616717259,1346.0083130354747,267.19766760081865
2142.061827146304,4635.711241440926,173.57423454138817,226.20190771425442
8521.720888171718,6522.832601044148,30.337598672438528,334.73811399470316
1227.326731719344,7320.500916347749,682.8881090423564,156.25842338999269
4522.451646599007,3939.7410894998893,1102.7237740282528,301.37846321521056
1357.0523123213445,9768.592564836432,684.4048956252453,308.6861259057376
8747.02537046021,3009.931770540709,1347.6607023502681,245.24683892001698
4150.313938418329,3345.621200399864,1497.211886695838,244.2669078059269
5034.51069643196,9696.22475868498,732.811171378163,311.025373141455
6661.707633766491,5531.734484943401,242.110594828725,63.767803859017704
6888.124160337277,5246.75783940111,789.7299980111553,326.4259733435762
5684.665185567863,2079.9454292100127,639.3833721481459,221.49230979780023
1517.2307858443967,7730.841864360996,570.0789685100851,320.829041291706
6180.756670320709,5352.3308775690475,1061.5437851864174,8.670181749914926
3563.1269611972994,3472.519890373742,332.16018664489724,177.357731029216
2714.1126209698295,5130.8507553501595,284.07401658501436,267.8261617431869
5136.285598287874,8139.573084285826,447.9934161791171,41.1636846831271
5626.084756023079,4026.401948805395,203.53797496885463,100.41916635316677
6693.085288148035,6209.676100337747,158.13405131736138,300.54200366773125
7048.141539649126,7852.266081274241,1406.196301171202,279.48754549859217
7203.079027509732,3077.30153481003,264.30753924930895,252.1387485000232
8473.06783955415,2224.09057731341,1213.9023447893367,157.6055734940693
8267.996427574923,5966.613530150971,431.3496264939491,184.0634314659403
9816.890415335514,3665.6315894531235,1385.7786629201316,46.20423588550678
1860.2961101870974,3770.7247742152704,168.59033009149618,352.6943943994213
2702.6718638113844,7370.951414221116,1410.6229360826485,62.00741730001144
2651.9773531364135,2983.681605378661,744.8951306294897,98.81793146804539
6538.264302176377,5712.603200948193,1070.8267161012288,290.88806551826764
5810.7198716313005,8842.308402750232,375.3265899692026,294.53065479022814
6457.943353214221,8536.318361722999,1088.0916638207752,280.058718214943
3273.348287784456,6564.982365454452,886.8080743850728,258.0911995996682
3000.140372378866,3354.596967617759,1294.6869621592693,165.42587075059473
8482.934647569531,2030.1350045323775,363.8003951295469,250.08536424424375
9359.53169214429,9072.962989164553,83.83073333635855,69.66494108887292
3234.7621773268133,5791.600968047533,1117.6408533135707,153.36224045091294
7853.495184521112,4274.774585856637,870.3204079457204,190.7348979208464
6693.956657546824,8754.815398358562,1302.9975810194553,204.6965029676612
8805.784344752243,2728.019588572377,868.7293003253567,220.69751761103015
9433.329885902689,7895.236661707029,1392.651637661378,216.76189386299637
3769.3613734355486,3975.696979466204,218.00053586619043,213.9896947962137
1241.334413226378,8701.171996211384,124.62447132858355,288.42011345126764
7006.839404745098,2945.049506353384,43.76324841661603,118.94945575434632
4077.309551782223,4547.181844758892,187.32562809720943,198.8779728871691
7994.950742817899,6196.920305119676,938.5450103772904,255.74732778893747
6362.2862358677,8753.943873648113,1408.3720575493678,347.93075366575766
3012.9166288002243,3714.5528496729726,686.4993408857616,65.03044001982896
1875.8159905780258,6064.0093238035115,1253.897207450309,316.4607988023131
2694.8519560680234,4563.711349119339,1217.724147847116,70.36106407354005
6329.026599876147,7357.877526840132,1218.6928266304042,47.335107750899084
2827.7334728968253,8927.650034639813,471.0621125560635,82.6062913522429
1318.4535343225893,5483.422481597954,1250.8245306989556,206.91542802518865
6993.688813302227,9120.048738300306,711.5653519868191,124.44403039808239
4396.649263001981,3290.61643267016,36.46898232656251,243.13420824712605
6002.223823142703,7085.641971800722,770.6175827758397,230.4141098570928
1457.6303527749012,5038.691598038811,751.0963231110992,353.41502529422365
5291.705702669924,7387.583025691988,531.3004260657002,141.87508049385104
1389.612150326739,7242.667025507467,1378.7988082103818,105.90787792503788
7844.267745940948,3265.500127565766,235.37452901623445,241.9704315658452
7767.412044804178,8512.794026581569,596.2900704141908,335.19052492734255
1688.1736743411298,6540.085287866567,204.56170534657005,206.84730716578494
7124.65742351762,3527.4541948531355,340.95027740252823,336.7537965099393
1376.4761432997864,5733.107138146717,1005.0461013775569,244.46510375906936
4259.201022870132,8805.913526388964,158.55244114458262,192.24965709335572
7780.314441693778,2411.44253224816,528.3645006408882,133.23352707877405
3584.3119197052492,8284.272755679696,723.9066430913427,125.13716335127275
4996.597500468064,8445.97893232656,173.82904588019747,233.61422574453115
6243.277986706592,7934.396081403505,1223.9176179687283,297.727818491386
7198.432355290753,2999.0499898451217,156.8089198486064,305.4301992811256
4708.272192268368,9320.043113943257,606.6858393597395,248.79942142038374
3712.7748163528204,3486.885607594763,627.2987273725628,248.0161048677566
5960.633061150845,3634.5761761114804,1158.386627962396,24.683471667316137
7983.038882127563,6469.217754768779,1389.530545153506,329.8328940474057
7374.885203940456,2690.2746554379582,322.1914427110711,101.13032546722017
5499.244749974246,5759.208204426401,209.63221355923355,79.65016342283418
9147.590931993916,3995.001554564876,729.8575670187981,38.99684026920688
5920.862233886119,2011.082304056044,443.71735681585494,118.00991531716747
8814.712184009397,3279.186863057935,596.9011719779386,8.596595669385648
9852.989290317464,1639.1945078395656,270.54520367871896,297.7638898540738
1148.7901675571159,8731.279878531295,113.35929974773515,189.44179317605645
4790.713731953685,5340.792500847596,796.1407019070908,55.37548690082809
6110.133883804419,5625.689468762651,284.71034718766134,30.693538158919143
7006.908933456684,4118.909502256741,107.81442301905852,134.7091788694982
3725.2253348215663,2942.303030712592,1312.4252314690389,49.74979009929987
9344.08616165405,4408.171413326287,1397.92490304767,41.93407868415646
3735.454333577216,5845.260442001264,781.0291187242751,137.16527514207675
2912.4276424245213,6931.617316115867,1373.3465805578544,173.4521264976913
5120.9069438867045,7719.817498916388,1179.1994638337849,131.8494771887881
3753.340654057318,4141.869664074855,1342.444464793715,294.2867846852065
7937.362200438363,9250.168321154664,1287.3975847877352,76.30519185772157
1881.4509560838392,1957.7352943649948,23.619259817415813,271.6109939923919
9123.064228135874,9192.247493634095,724.4612081007199,107.50194138910756
2514.924612796818,3398.1622262366905,608.0442875532649,356.58666742698006
9787.66069634189,2144.3786475537436,1027.8522978624844,153.9850385688465
7248.991362601313,4009.5841181042324,1276.1195023187981,1.1203190708359378
2544.8032030844684,8288.465952002649,493.9746183878429,302.21171831415086
3093.2371982031773,3446.7137147644626,1143.258394969754,121.33207062591805
8558.797905044445,5531.453417776525,463.9536088870176,220.93002253902895
5540.349616434365,1456.48388474203,1251.6479579195368,164.300223454952
8557.69607886678,3266.6994224979385,744.6948539587913,285.6434165471312
1162.2822971252128,8176.970579265371,958.7782950645296,349.1835976551346
5054.91486765905,4332.367439546921,1390.5212453278366,169.47826645184628
3525.828166422433,2037.5282057936827,955.1293334771023,174.76377688135574
6856.320443426951,8410.974535330435,1216.7642414418856,23.26680753285533
3791.267700568104,4609.259869179451,1447.650921115639,273.0430854097653
9815.676109946518,3455.0573545157918,546.8449267362901,256.6139800690204
7022.006945189406,4972.897748104776,1162.4212227993373,221.9599120937974
3669.2853347223204,8083.647570436487,485.1408338284377,243.80734606754575
2319.3751788174122,2115.264280979242,541.7161811734449,278.15547404550995
8433.325329874133,6000.200944593534,1379.911269300319,166.80276019703064
3331.04544997499,8136.74207068762,1295.3478983883463,154.213834041891
8577.342996334346,8009.510845667671,313.80757528965114,258.87969302474437
2190.5222389443206,5822.6910102348265,857.9678173188719,22.932990273807615
4426.66414890096,7974.478419198084,332.22846856707275,214.56318463137092
4241.936362443255,9479.453547796005,1485.7354069312014,330.2898995714782
5048.063002394305,6823.420060512247,1239.221930436559,261.84374004500415
2167.1986796985566,3623.808076896195,249.4815406937401,217.48261597896743
3982.127899529891,2886.762080885039,353.7820144001938,178.61840687604635
4885.925211319777,6907.305824330542,875.709236919249,171.68831096875428
5146.004770677442,6387.808360426551,1033.980515171391,6.957273151518683
3290.7448622018396,4650.211248661477,263.2184622059153,24.159709488909016
3457.211987790282,8311.589139348027,618.6080869134735,122.5106475240556
8863.848391745621,8354.372371868456,533.9553327498243,130.79964457267127
2363.4029691918795,3366.7232969935167,324.1242339091238,324.8601326879611
6896.062388306056,2971.596212092544,313.0510939264342,307.0715984086168
2366.85561120071,1694.276106527851,841.3071008611217,135.06831596014405
4491.276436795793,3012.4210343276577,587.0741143936289,33.61030721758763
7056.474291860991,4777.408872551489,796.4263972263324,111.09829975084737
8816.213857835475,8716.653110642847,329.4786854395194,268.6274794564642
9690.939227919936,3665.5215988548266,496.5366919827489,355.3080136661141
2345.296282634252,4204.725091193921,1285.8788884956348,83.56072834559161
3341.5527594479795,9486.098423212585,868.3691433556874,206.82390794022075
7513.713861568633,8778.355201912254,1272.9679441152598,305.4632093416658
6693.502900905879,3303.588736283,249.97808522200015,222.2363933857659
7699.460726902724,7282.806998931708,250.91313672746733,290.41654082595113
5282.358145702283,6002.307943037601,411.9398581274519,308.8294948970546
7722.656640509794,2302.2513180917845,15.341194153426082,115.25220232252877
9693.790988743745,7925.866115425873,1102.0656271551188,197.50514784359154
7373.788742494073,9502.954291182461,1388.4578352966046,312.18564946940893
3114.204458168504,4604.003612917471,326.7964348451691,139.27965621274777
2433.6863577204676,4696.699190892364,1387.0255033152719,314.0007574412343
8345.502983732746,6896.470752090763,138.88949837903917,9.27862687636475
1190.9356585612677,7596.310414006116,1217.2935922115748,234.79037894621547
4922.917659683975,4853.916523465146,927.4679288798466,342.51691935368
1720.4493191565994,4188.377135297984,1114.081816316834,8.70604509469641
7977.8639840116175,6997.64699975556,640.3465736536492,153.61714986582888
7878.372020959066,1332.693709217335,13.074622210152956,260.95565642850886
5296.89163267828,9021.942281823709,1244.626477792806,143.77987703348103
7478.237404453464,5818.68021387826,1319.603918690442,104.9391474867914
8625.72249130979,9357.512357431042,632.0712129843788,153.67579541673288
3395.2143672452503,9057.510720518803,716.3733893075186,350.3606191653034
7162.322607778097,2764.8909861361226,442.6667135993198,27.931968971810054
3685.63281323361,1529.3671398151441,1165.0612210233157,153.12263747396554
2074.0687333930437,4584.06806413606,1135.8945578858632,14.056639641015133
7758.817842858988,2292.1747052065384,1090.3105974065738,7.711726216851682
4746.466547174078,4419.817000910143,210.50344094618492,295.7353180492662
6228.5043767756715,6166.43521057281,1145.1465751765952,73.03417608728965
3986.229900968009,6291.42314971916,1056.7999165218616,282.0104688778365
4173.184722738077,6068.306966746009,152.58026480053084,149.71437447395107
8958.583689508983,6416.564262389594,1340.6044429273975,316.98252107585273
7812.877517570333,8365.836919457652,370.19066300384634,92.87378164973644
4156.444659082146,8601.021347542097,1125.236710073287,281.94736294785446
6262.004247356161,6952.731582708956,1360.4565943638436,264.2679339814785
3406.884924317718,3330.353105378425,1414.0171608584217,26.902618416568576
2892.3118586332334,1440.6511397564977,406.8590242800603,266.333572479034
1833.144860384867,5514.5724328284705,840.7989885509646,276.2597457167638
9822.23535608259,4020.0254561091933,125.14218094644188,324.7411574882113
9027.021573366615,1455.5583049114139,176.19295501895678,104.82660256672004
1335.0430013307187,5678.917245278013,456.2441884400682,119.86398114742421
8581.262291251174,3819.1901158178866,1298.9036383880723,188.04703093106397
5803.55211653989,8390.295201038149,143.44152934142434,71.794291978963
6169.517763995925,6075.2270591684955,183.590001132805,311.81313965535617
9920.113347360999,2606.048627655494,341.38529916694324,9.349296111822804
7871.366406867213,2819.6476733027894,976.6632138051535,236.17187312066898
5062.714565860017,9189.245885416763,1015.8412158608995,69.05009955007468
5315.1940671603925,6066.348736184335,1072.0524517863662,341.5500718328929
7354.822142229651,5942.733987816627,925.5425384644259,113.23141407472266
2881.4499033761585,7510.012921952986,993.1223097980868,29.97711150450307
7886.646400469032,2241.1914365393895,388.9110484490011,102.03703349802898
8962.44281517514,7620.448954161631,863.2350811067454,280.24932421796905
3204.315682491606,2581.5630704367786,940.303377419675,253.42026909785298
5599.512557279017,6265.620997561599,214.80201496619327,114.00355969979891
8388.077422015804,2897.4787426445555,256.37446865798,106.08590227174714
1410.8586286735863,2787.2006893069656,674.4760798678316,349.87737487157887
3724.482930871674,7494.272110016951,1254.260958046408,157.59127703695515
8816.739731866825,9693.544242970684,87.80975342252538,190.81754380378197
6201.870973021929,6851.389019778275,428.5189685067814,148.78076653398654
6693.633404532284,3445.3629634186736,747.1605154594483,186.39251900710966
2683.165317451576,8810.306877562678,219.96576773459648,32.93673671342837
7836.4768236754035,2456.1069118184473,458.60352944703874,142.43309861418166
3481.4350848106988,2790.0142118211575,417.2890103866981,30.329864881607193
2958.9360219278487,9837.166284872887,655.517528287403,174.3688071796839
3411.94535164468,9081.950121558617,1498.9707637348502,133.56638922288295
5674.211907026545,1148.027978512674,759.1822382351659,268.2964817544866
9548.76249634674,2102.4822526238668,1127.7415838466502,250.61100665675605
6575.562714846682,6398.483752351918,303.065687147089,237.0277608624037
8667.543982212552,2144.002198806693,854.4047992771127,315.78984726174315
5565.776240782527,9898.736097054918,1211.5211251691173,321.69544257353016
8308.963553997783,7346.445516916428,293.6127663771631,127.9356034778291
5314.989973886913,5448.667092194813,522.5639574316262,43.63701013303209
5660.618874852271,3729.531794819418,78.23292006649211,355.0393558518307
4389.820895659815,8350.716378567238,1307.3074807028552,257.95209234798153
9793.506844117966,4348.311447726413,864.0384475080258,266.41671525326575
9874.38564282098,9530.101775210223,1237.9017474252053,356.39860779816127
5386.162106592002,5283.875625771573,903.8008864360862,247.45766973532724
3780.187312995592,2765.1761283668984,559.4869940057395,102.3458144882606
2475.259825637451,2775.9319194414265,1235.19395585329,132.59238931823435
6422.409257533372,2475.5197242131153,265.5703050098913,114.0708137894248
5450.952218488067,5050.587885246698,1265.9614542394945,184.36821566032813
2888.172155408921,7633.0918295679685,412.6666306373478,238.8255443871271
2015.6190547473911,7171.895043735979,934.5998137779159,355.97981579096745
3093.513294404712,8401.796492168909,151.0326098609261,154.0795311131482
7691.690841566669,3677.6221634474914,879.8394214934792,74.54498922290512
1685.558800626889,8183.280970110991,861.8200525857449,248.7000368257301
8089.924600110534,6834.783204190673,1045.1749810694946,238.3222066806038
5120.182547348599,1702.9403653863956,174.44820033489398,116.69200808277337
8162.381220686541,1172.6533691558386,789.5198298337565,329.1995104628779
5043.595349470817,3304.250592328234,109.29747838905436,242.5429994266207
6248.208859467703,9928.94195433724,1317.6544005972812,54.89707279063945
3085.701125459208,8269.546110571093,866.497636847307,332.9772973856022
1747.1382865923292,8928.267052321662,697.3595824238498,276.5044721445194
7949.091931979292,5004.619303992882,508.052251417168,295.9066231507792
2651.325206626513,5127.364214553356,468.43729756208,336.05237038197447
6749.670947340967,9533.471058398254,1359.3158523505688,336.817969515224
4355.524245736166,2974.7003030372944,469.73288931702274,249.95357635744963
4723.92451190113,1983.033050650472,1373.7697234746338,186.26544304964932
3719.297953059133,3008.9244909204544,235.21204686284761,356.48784663560997
4683.8403559967455,6501.071016900053,185.28184641481513,143.88100916551383
2104.984942258211,3964.8859012301486,572.9470283511808,60.522984855237574
5366.454642237928,1377.054370010364,1284.7990818226147,98.78524914914424
1762.081549312383,4245.535801177041,1108.2054219330034,110.08033119041895
9413.012929155328,8207.77607566489,154.1878691661335,115.25988954325915
6792.314604926898,4547.622014436789,1015.7122534088174,332.97566638709634
3847.2320206160884,3692.399662865009,1295.522995038256,87.81032786215125
6229.839019005075,6070.304980787742,998.3865438282718,153.437700121965
7508.465965681344,2615.0339316289173,1485.2547139365195,95.79411708035522
8605.688545865229,5192.24120102827,118.00756480561907,78.6879577606861
7336.2557905670665,7402.374854352209,1098.2153811798928,218.88970823595793
2967.61812160563,9968.525313822844,28.544393630195017,319.4386268706937
7995.37118208013,6600.110661504679,306.80116450212665,216.7525177905983
4092.888974635625,4476.225221671049,319.5187885776816,129.4605747484423
2675.4343984902,4812.936509211673,352.389878216705,283.61283330765053
5650.844949744958,8831.612897058927,509.06138757519255,113.51379970436338
2882.67074163107,1569.2873521047054,591.2436903581382,239.28326342192642
2844.1327765239275,9463.331644410086,993.9654523429019,16.48948071705501
2869.8672847954804,3414.7603840796905,807.446966185971,356.14073674232185
3390.515579293919,4771.77485828904,36.19346872651599,14.36408267831662
7732.637041961648,7803.019072861259,1451.861000724063,55.973203336081674
3811.8565213597217,1968.1171911440888,914.0622440785122,68.08023869058022
8001.658812893018,3762.0889839911197,1147.0113102183107,354.56172430251286
3422.110377088289,6677.062150399012,67.90492194942601,311.96696533642256
9619.818721647278,8236.223485859036,1097.5649447716303,74.58835811752596
9678.777609537461,3343.6924932093025,793.2215537219483,46.87090877417324
8957.076794253993,2750.2462796292975,559.0419582987532,155.10566427042215
3202.387368211283,1584.556338583032,1238.9632969627469,261.2753650564521
3241.454854286961,7080.5522942373445,287.46679093284735,333.6179430522133
7850.395462047283,8861.16212044395,1460.0822635821344,230.16017740188246
4163.941822263667,7228.881190877209,369.3612020036045,73.02386724469214
1701.0437649577268,6720.826155028349,1372.0426309021157,286.2361184263241
8469.94530467812,3740.2562442871917,1042.581673437036,259.1768808891093
2579.8895376616606,6426.833359890111,258.1726200351883,237.83264137751976
2466.3532608373444,8956.92301211513,737.184137023982,211.99880155830195
2093.2638138394104,8292.448321397003,240.91963696730767,86.40785327777436
5941.3547447750525,2447.77113257316,1089.6660527167403,112.90950220489434
1358.6672281915646,3107.1492102057073,809.5199663244846,258.6074702367712
5354.532585328583,3891.2256309437857,42.342776130511886,175.97532307917632
7433.587781789666,9387.972667152077,31.996314323642828,108.59563332854661
8810.643785203329,5595.619965414579,423.88924791717864,154.07193220948344
5911.832677354679,8770.732637163037,159.07196321894608,76.41584497844612
7810.9167410523405,9144.992978352475,185.0024211843515,11.564325187633685
2865.883843748472,8785.505494707335,47.84088141268741,228.5082894425751
5261.6399754400345,3341.034981072268,978.8059685632064,237.8278861020139
7798.112590596321,6642.100095446321,442.7502639077018,79.40893908159944
8614.535368533616,1268.7235847501677,342.3167178816914,207.77971867813278
1312.4882227250803,9591.121056848537,1316.8471790095953,290.72464792010294
1384.4557314247768,2232.30876860252,579.8214817116722,125.21727530555195
9878.658373334873,8476.09755988292,18.102626564000335,194.70132108982392
6547.854780154749,4254.659355826897,940.225696054212,281.99518945949563
8181.922309889917,3212.732031183752,448.3280780820444,343.2456030800794
5373.016742755351,4297.6144576597035,992.7809776478596,275.16403360477574
8194.113624923852,9469.853632177837,424.1066530191006,301.13546774047245
7585.50242647147,1574.453865838478,151.4709462787829,277.6416452118601
9114.17781737654,1106.4505665142265,376.6804284348783,217.70091593513533
2963.285334877166,6362.455429015394,1318.1176847899699,200.55515593269166
8893.257563732383,1548.395317239851,13.433032811220231,247.109599551424
6563.63598325415,4303.981059202627,768.7189998699771,332.4405794221406
3132.3705769745275,1701.3256363328687,537.8049729043959,87.3458197711493
8393.064709594242,3181.4092274895356,1291.0914650243037,289.20405347232816
7951.825955552661,6853.263662632197,299.13684626213353,126.12468999777171
4205.796861161503,9271.339802692295,339.49389374692095,208.49134906093792
8169.842486820357,4004.907236955182,321.8647449842106,286.9970030727523
3158.7228798747556,3099.78669763994,1206.5730021021905,60.976731550231804
9686.126552656817,2688.949207895591,571.7644573089516,166.73760735380662
9080.788653330888,7838.061688500657,218.13982840545054,167.7997578415531
7452.4796311249365,8978.307548957466,528.4565980292551,343.3386182431184
3179.893385554766,8635.063065890301,1166.0506196010242,211.78224049008952
6188.34812680633,6027.416323824541,1370.3096695400316,108.70102362983377
8693.854795567215,7468.425938710342,169.07095494778076,148.32413963387583
7263.934880914958,7362.596874200556,237.31503249142798,294.96199922109787
4568.851092033294,6024.495181335646,762.2570756568778,195.49730171399426
5173.777903441747,2806.310524881641,1477.0172453926714,299.8544041422407
2331.048347698872,4455.088135173865,1323.337800486177,251.1037097175126
5148.464331165087,3896.151731598312,1149.6803525078562,326.33196783168336
5646.596834982964,5961.8707781965895,705.6825193322312,173.72322929350412
6052.7659242616255,5101.910220638159,1191.5225046588223,247.34456951928263
6349.95949192862,9537.557168279813,559.2759489532948,149.18369626993467
7750.820023598592,5831.223186428027,992.1607416667587,100.600994906437
1895.0570653827,9000.606128064894,1485.7307826013127,286.54647403884445
1901.091877666913,1257.7320232631027,749.1026806723903,44.80718874508414
4451.380665046364,1112.5628985139463,504.93200773664296,317.69865798008055
5926.315802035455,6502.776170773987,493.1177270550925,140.23123196684995
5502.2331829484265,5889.352648519061,222.66257850745131,272.15842950806166
8498.835325476468,9721.361343342534,1247.0545964708865,202.77918777458575
7412.591688955367,7038.174645323095,1298.5306112239516,295.4823450143124
2633.0988002905324,3502.0749310115357,611.1368713293812,311.0613980489396
9314.849948512865,1579.6962506087502,28.949840556864498,81.94063167021629
1134.598166026294,1655.276595368412,250.0847231201217,278.20180308539614
9561.459850598681,6775.652141184464,753.3012230399389,216.91632948212376
8836.082508458196,9231.435990021671,1428.8564664184264,207.35971783383394
4537.17285156608,4198.635306146634,374.8600577359305,104.28797642285632
3983.807857544989,9957.300189094542,1256.430669552487,198.759063776131
2422.2930896821954,1508.3677258948574,413.1285804774477,148.54030595690156
3231.7682464838836,8615.58006099826,1334.692540232907,97.82269055168501
4765.368121677804,6079.909371852908,400.49872184062184,239.74799349317064
8896.029209879345,7653.057106619171,1193.6085897770567,1.7998908897730526
5918.83356379247,6586.735804491022,995.2980508278931,10.192264057459582
2748.6306161823522,8413.949303463538,602.80162554766,213.6294246617975
2172.580033223674,7197.142771291568,570.5276156644842,158.75811955571723
7168.474987680987,2700.977116927616,407.1906631918908,125.88795041950446
9283.91494695305,7364.666170726963,1230.5473616150878,163.0955127901114
8745.693236038296,1799.9807743421525,694.0570142934107,233.75928321669605
4376.662397790984,9735.840301251013,803.8064011726094,353.68629205629975
3163.772730042221,1727.6386996775286,722.173393918758,135.60728679610253
2457.444402299626,2447.8531895373976,140.43341185356044,85.04855251872567
9664.483836743504,2006.1989141748163,567.189313898804,347.5395257754218
3301.6808991435423,4526.0301003567,578.0467566613488,83.41862216475454
2994.0768719567054,7903.068436646737,358.27823600691676,61.57328431360705
6822.364577461033,8291.12511243521,1386.7579059728596,319.02979145480094
4217.958148797178,8284.91095882817,241.71464581594412,353.21848890130235
2010.4079295338595,8006.813926112329,151.2169954532483,331.48525749542193
5491.038999943089,7376.844859102245,1126.213813162382,344.2143215314508
1694.2989920260284,2085.6117820795585,1131.061363254205,28.326843924513412
4183.570324871091,8510.265743002758,972.0970923660267,217.96196559468956
1746.6417140602039,9344.97400206648,1418.4562631569552,29.805898617054392
7007.683437399157,2351.1269812783685,901.1564686190077,47.33668509981976
8084.095400103052,8480.28999137886,1268.5332320476384,31.89742988045877
9930.80702241053,5950.148801661714,1015.4887045092414,185.85377456159097
6840.9652410270455,3943.128778362499,130.20615401134094,294.5735631451275
4174.731006426717,9060.928054025904,1495.000276017298,280.0967710880024
5001.470036749199,7283.702398478797,874.9761824485462,185.53199728386875
2807.1115579149764,7940.3338597668535,407.2917981289955,47.08148308668909
7198.329800025666,2782.5250006044516,1073.6571018097495,226.09067381894158
3021.806722881239,4706.380443355949,142.8060424155384,308.0949619270417
3729.091491012628,6740.071224629559,317.7422009404802,311.9844442389127
1979.3179661159893,3877.6570058630405,1495.7729175585723,208.6024528798058
4345.69729428739,9355.179419667935,168.4673187848804,196.5493394740222
9889.606464470842,6596.248254197277,267.4158859268812,118.80066235278356
9431.049598643456,7952.583036006314,1363.5828440514852,46.83090780754901
5045.1062961763055,9420.386816646134,302.40033995469753,71.48496350328925
1197.4569828991453,2037.832171444295,78.61052990219036,54.093487937032336
3821.6771627859252,5304.639168696878,776.5848528064768,215.09225747231736
3964.9993853406986,7472.2738352797105,708.6040808350731,316.1517595567345
1101.2908655048527,7558.132055892433,506.8435903716695,130.80923217605965
8723.031493471364,9038.016764149661,695.6184148039943,304.919444878652
6185.648860892387,8183.509538331334,1192.9056732977356,310.8377926007596
1705.4596697418451,6184.127230993148,784.7627973672087,166.51682911363045
9707.965081722552,6197.22259172761,1388.284045927758,35.58652476773278
3831.095870612193,7159.206728790826,853.5340891915833,170.26061907079927
2434.936159000619,3488.239836426247,1320.165965688745,262.76737853586627
3723.814602326195,6339.912792143073,1481.6207230376835,260.80681776431123
9683.016806778089,3823.192286257357,835.6362142380657,81.58674887314838
9251.286009445634,7555.373906191895,510.69714089665484,194.5099332939645
9159.023924049436,4183.691383462302,1153.580376072597,264.2062346244662
4372.373099508817,5162.453148855726,263.4487703498039,356.96781274040376
5012.029886583337,8311.001561334902,560.9768104030597,266.8603756836096
4792.500879148704,9241.845188183095,486.05340534235864,228.30029025838195
6369.141738665362,1804.4115328999997,109.1624892213515,196.0043174902644
2485.1023821776316,6057.266358299038,366.0606678004939,293.2839698092752
9805.86066836246,6632.20038839005,1142.6214961965206,345.7895180239888
4999.562579156573,8831.435080533032,21.82389972536551,82.10770489184871
1452.3972458160554,6877.821637108414,854.0853579789452,280.62420690006536
8179.284106877483,3029.9869642919602,362.7235718638801,227.68052687690758
3851.3524179836545,3470.1240004748606,100.17211473520379,59.382706705125486
5393.018849682875,9088.46114983168,1169.8396082753306,327.73484934224325
1584.4076395706782,6826.127912178655,719.8601309898858,289.84629051741285
7723.01142473056,9792.496542654808,1403.7047830084223,61.99011997617168
4247.482360251064,9423.81497393902,932.9934400942877,192.67887078886653
8879.143568327174,2675.7208849676254,912.1651512663022,68.45386065334154
8079.746026258275,2411.6047593460326,853.6444029968549,135.36747175873714
7456.60311292715,5720.05840352533,1099.6263025977441,10.760855461776746
3993.331738390199,1772.1102396260121,1331.8307307224038,196.4684980805522
7447.600311414009,2739.208081587198,614.3807656087635,226.8993724654438
2893.7394391391986,9333.007129802825,206.65009423515332,196.7061176971116
5872.0636674634825,2911.760198135139,719.4770958853503,84.33977315902497
4147.722173937315,3003.3715952680395,1113.109181282847,173.8003838578339
6367.281052191362,5381.557852624369,1380.2079656296673,274.61199133424003
4916.7007624526905,5726.272818729026,800.7574397431184,73.14367869551509
5823.971614921279,2039.1262081305117,119.29830054208479,239.61686570753236
1371.0020582779266,8387.130851972403,639.0737208944201,214.96210878035996
4689.918997894475,2914.753779250232,1002.2296775362319,143.72557147175948
9555.458339375691,9077.114214216497,1053.0269015172794,189.3063512626479
9010.301986109249,5159.729957400015,630.6040369236374,344.5164635074808
2410.933370865292,4861.788371243192,1125.8812810185916,217.52264356069023
1604.7222647402982,8573.742951511755,162.8209335927431,318.48023517120873
3822.033985404914,6860.385726667153,136.582175278381,60.95770030787683
9069.56997704415,8724.60815187174,1411.969055411264,314.4839391568569
3253.1104892350595,9494.098449711619,131.3429225008642,89.29617411240453
7848.595606469751,1258.4704710264336,287.33313022221427,223.70724012888803
3053.4796304257966,9152.112556842987,53.35016306528827,41.245331826638356
7080.200642215849,5651.865341323851,522.6641381405892,236.87514957255576
8656.955742406299,5430.790503423831,302.14210290343044,320.13349408339934
9127.764576857664,8346.775398296377,1160.9755556015105,68.16799272245528
5536.917614347109,4137.335593439937,753.31052721244,176.1818419853711
5594.633213835498,3525.0179370707015,1092.581473353821,40.48665216995857
6048.300186196646,9855.817748851276,142.26168292491192,297.1437162309125
1983.4324021493362,4320.932570065924,848.8159057622896,180.4703768963653
3763.7476879602364,2665.1025558692445,488.78032238621944,307.95399379401164
7026.744470432289,4806.469732422052,1399.8817845987774,49.422317504306626
5906.681025909842,3144.7305773651633,1255.3687069301625,190.97263275650656
5771.5844835919115,5122.909911227862,766.9050988688294,232.8797577558402
1372.2450626629343,9947.990182898773,657.9434534373592,132.6273312052271
8122.954250473411,6268.253663294831,93.72971566779283,155.70305151911177
6194.265055549163,4998.651330517097,594.9981370298563,19.31043238098912
3679.210903481284,4245.089418225006,586.1297576703563,196.9886839206984
3352.6053816293997,7294.6324838809205,1439.326691985597,330.17949448614206
2254.9177695780218,3592.0929389430903,1107.9416847840928,210.09838887019373
2229.63634983623,1765.6169275905174,867.7623959939626,309.56561854043497
1835.7921481844824,4903.1449243928655,808.8178152542652,101.2724417914109
7908.787705271434,5721.998707451369,800.6771459804011,94.19542473348612
5155.460071288943,4620.240838012405,927.2033891000493,212.72254366026027
5956.237850781054,8082.576315921599,1195.122050594614,78.09941519685658
7872.072888796936,6969.396055169656,83.27600835091745,277.41876229983194
6889.593288582462,3684.2032786977966,540.3353398663255,36.05079824645419
5900.781310050205,4237.57414758952,1211.9704695964235,233.81113810898995
9758.776091986714,5131.3835280999265,1290.8870916338278,169.49297659635624
3489.8552495622184,5091.895355491216,810.3017305482894,33.0736965819425
4642.522807233449,2751.056509070666,1207.6004874592911,10.8745035344085
5712.125431624695,6669.506563371281,192.54519607865288,181.72987770812995
7503.837352275117,2759.5065356745754,281.65751903277885,222.22556144731652
2124.1903606090036,5823.447643810465,794.3420401640867,313.89278092683463
3484.5669581722027,9460.425740422517,1368.9592690907336,106.545005741109
6324.4623257448775,5381.108677946504,694.4168353776118,2.277968006741666
2786.8903623706556,2897.294968276877,538.8854425996972,323.89457045023136
6417.136361032633,3063.4322825445597,258.65617147515184,178.3527171569535
2315.5980127788916,5751.975637696889,163.36745040670917,220.75802429115342
9484.843722452717,7964.110594456791,403.55472107344656,76.72972762546334
1465.4536525227759,1107.9025703603306,802.2921962616789,171.1952855608557
2306.035127800445,8801.252738572974,854.5516870904687,254.72359340114576
2129.3924440929095,7580.2985264968165,405.21497644223786,350.21915840807725
7424.201672122464,7109.462322110022,120.87244357162159,56.049647447790306
7222.970701539109,3236.0272326305335,642.7756264224961,265.4976730099191
3443.0158267280644,1180.6089240087585,201.58119407833593,282.09591566896137
1513.4223883610766,2798.6704049243804,406.485643982134,83.6319745222663
3660.031851640535,4182.6387398574825,677.6530736021164,43.123353213786494
1914.4995656290016,1776.8315836739466,30.453250918944835,24.700790013666868
6128.531619045599,5213.436031030493,419.58138865292244,98.5068383597875
2382.8857455701236,2807.026913314973,961.9080104210519,126.83583903697074
4777.555454273159,8522.358155987806,708.4260828396958,80.73397973056426
3373.7788826267492,8843.295581287903,935.4744937124162,349.79413759958265
7968.618078369996,7105.649727290817,999.7126880901253,180.4693898072878
8446.844253165,7104.977319395605,504.3911024969797,217.48954214700308
1475.024223626372,7936.435944650548,898.9331500030949,306.0772010520072
6311.458918639512,6547.947571705561,375.62755237068785,155.28040308162622
7818.01382519218,1854.469090302237,745.4659242855022,95.90275133813816
6875.949730301225,3752.034717750153,75.38073560806536,189.56318140872546
7027.807509380415,6178.644215657029,100.66046155569998,175.88236300762307
9189.79896597233,4044.6882871906455,280.94254758172315,65.21855149271705
3716.976846184342,5948.822520285011,1385.932487020034,16.104148197016084
8795.230522038744,5683.240974154061,603.7698145404869,268.0536050774193
2147.730948805421,5384.000568917303,650.4657023566107,194.13667175757143
9129.63140462301,4775.876822013347,1064.0897170701242,159.90735912805653
8479.496173660882,2926.556706543507,965.994058174921,3.212629842573425
6317.810108800843,5244.915946021264,1451.9007127911289,227.9951570560168
4418.08450152554,9236.525968418653,348.1018837334916,141.041022907148
5927.088888971297,4950.325472342677,1299.1814571930356,84.8539379036915
6457.921540011846,7995.422960778723,691.5101953041486,172.2428661770579
5055.5557924741515,7652.951945865649,249.14844888163066,202.88028508489316
9483.375343848988,7577.029658357435,1021.9066878708408,165.18265900011374
6649.11220844395,4464.897319254447,1157.9688362413315,63.74923866907273
3584.9098707905323,4876.945369468238,405.713526491387,133.00991806189396
6701.048113814087,6336.924040730079,127.15452226375398,141.40703033873373
1715.3806315547938,7901.501340314111,908.5628994649801,70.14329181950009
5832.266456558666,8309.991494179187,1498.6116818823473,169.11041696217126
7236.119932426922,1945.4234449499068,71.17588794811874,337.055264413606
9879.414947292016,3709.179288622462,533.0330112335585,183.71281291923833
4080.636305641558,1116.3491142114528,1277.8965686134848,272.27752538828247
6558.122494539359,2014.8170376008634,319.81722450543083,305.18011483243276
7872.456206655108,5576.934314362466,710.7040226929948,77.80976899184662
4440.348701012036,1107.3481216774937,1097.0709847761034,309.4065824110103
7181.287519231027,6901.462632045995,217.82938861846316,225.0421244749379
8182.071453372392,4909.471006017888,1380.5518703614646,355.2680425311808
1895.3732749123178,5154.934394043332,1245.7440250292532,97.79596428599528
6020.5898468791875,1215.0836265525427,1247.8548311623085,37.849683983382704
2682.7336078110643,5349.1541619011605,571.8830724033414,127.35170558193543
9086.49229147586,6332.68497419763,572.5603115168473,301.93555396457066
5189.775385647319,6436.095291283872,569.7341910469514,75.78436817295375
1612.5284484656659,8919.379985167301,996.3240792556535,11.366267280746273
8449.814209758613,4951.490930006272,737.4122389913429,107.73687453892659
3601.8194368005106,8282.473134138338,1444.5917699203947,127.51445223677086
7994.753007780875,6291.319809824161,1443.2479257208172,321.80119887562256
2554.284168012493,2277.3927854775366,1099.7008850009445,336.5339292717061
4491.213136735123,7455.612889462028,860.5904395040302,195.8816468211905
9762.053129872424,5318.877781424004,243.1172276894883,290.64325345427164
4348.40613720993,4911.01673142733,1050.5425817463479,220.33475885823452
6362.8411054486405,2814.9108496576246,261.1146397639935,255.08487831491874
4413.700972121425,2811.2655726858425,204.43081916404677,91.049401003273
7420.53478296963,3579.8325425095545,539.1270577970373,163.3452372716462
7017.350740596985,4606.959093304293,651.2324127339689,305.35068361871566
9536.472497451654,6459.0219538863885,551.6364549427449,203.61376122681057
8949.866302414393,8988.531684323594,878.8576872093613,31.039346312114144
6490.064616617957,1747.2100466277284,398.0032755384404,28.193198649637765
6997.032124212079,3364.9785719131623,560.5198711052951,159.65318066332625
5728.97034769726,4059.2398310194985,1403.8367983552566,234.85443180425273
9527.834461431288,3456.7148754547607,439.09986263903124,102.07302301752686
7073.409535906916,8131.670979959551,1061.2650733550201,152.5395874095226
2085.286755354009,1621.4178885306665,1462.5336257652468,173.17157048244061
9770.017458868757,3389.0536639745596,1249.948093773815,317.63293885112284
4359.344971084893,7673.164487899915,1063.9406347452855,164.14003885873262
8792.53862789469,4488.558235102966,19.338588635317162,139.66210958825673
9876.721258339081,5988.051464949951,1158.9740062401252,140.99670199338215
1256.9928529268557,5470.816878836356,1151.561148670858,246.42373141112978
2564.727736940027,5716.072637025515,941.8801872580394,1.378473659058003
2259.4669397876055,4160.0401346562785,1212.043996597559,108.32724603182356
7424.90586196638,3244.316618899811,1212.863763339422,348.74522070444556
2598.701289405002,9583.194318023634,1189.4826264997341,196.4833264425995
9997.952938420318,8264.551634048066,387.26017994515786,71.16344372054304
6358.398651146709,1901.0711072823588,576.7833476396582,243.86950882159613
4894.541311533442,4935.084541908531,930.6549827728086,223.23686350533035
4040.2011870043875,5487.744803174981,167.51310346369027,107.7853978525807
5365.343160907829,3723.133889035602,516.7446882184604,12.522094984433808
5632.552300488537,2600.6599159607586,476.4824909842321,187.72748290217987
8867.95106333311,5711.8178693896425,1014.1804534021051,180.43744249282088
6393.150275953549,3894.6475433097366,614.3081274779364,196.92149232105055
9535.819642900165,9296.903192897025,244.67042791665327,141.55501316078661
2624.422347875643,7112.285440818479,581.7903746627585,24.54789800092219
4355.117515167209,7702.689726246784,382.2390887715562,218.5553264577216
4247.274639814712,4620.14224898109,1372.810641557885,323.9528548956624
4190.63609063954,9389.898068491613,834.4705935196072,235.1652938189447
5009.104028447558,5753.6425493064435,1406.606253506455,314.00500605720305
1371.3334891829315,2248.6866121260073,778.4234750935285,111.92285638039444
6451.653866344827,9773.339582586235,944.8111079972027,217.53050528214146
6483.376751278655,4678.770385437047,676.7406065508877,141.36072934149811
2274.2815327373505,8752.134317055335,114.06099131196208,138.23047918476007
9861.89994560867,7339.855050690215,396.98443486679315,279.7777749521148
3010.332043977723,3173.7202646977826,531.0321265948986,293.9449768041514
1876.1023289823415,2258.4875351625815,1351.9742992870113,154.50023649742332
4884.267611594329,2318.3765020025307,539.1681937594914,97.4505413703362
6065.455655599072,4063.868990261533,895.1590484736782,148.18002324800128
5483.995220373788,3023.9912184354203,867.5107471574046,102.39830302844145
9212.237699341662,8826.048321263792,929.2059931153891,110.50485421270884
9674.068613458758,4208.124109238861,488.95738742810505,39.745789791568804
8244.505478113624,4210.041447998257,1366.2329544576328,29.207627226786784
9581.937308396846,5995.346496995836,1437.576501160262,122.40957998948005
2979.8488541172455,8918.904302976047,1332.8352126597554,88.73281959806047
1702.6432563466637,2455.512686965667,1250.5153914223215,237.58927545270978
2434.182123290977,3113.357280731272,840.7881363428792,125.12255747806498
1293.4713862984295,8260.233245351352,1190.0364943021123,298.76027905048375
2638.8706109282275,5272.911528750891,1165.8147441183075,95.7883492364874
5293.567357150021,3813.574544759396,1310.7710022957463,1.7376854774179584
2263.899303566635,5304.534669884691,494.4537256336758,142.08148557975358
3761.8198021292883,6125.171516962879,611.0065092019178,262.4667696761653
1870.6731342262917,4001.9364016378768,741.1119481689227,85.70791801345678
4127.7164522749645,8222.054692361278,344.5557717384968,317.58404888016463
6697.205708680036,8005.705799669285,1287.3277093214272,29.797462351128072
3953.3720549147033,2099.0899419402626,336.1365531370578,97.13410414714352
6993.0478799585635,5707.648048349042,220.1806572340534,333.9003993721501
6842.383982945326,4709.670516109947,979.9619815516033,342.96663314691165
3865.643755042605,1196.67107838253,1115.1795257538733,237.4603004246798
9504.642902682881,9399.788151787829,58.025809798027915,214.7501781961233
6666.022007167882,4769.361643023069,753.7071937742865,69.61739328074485
5267.1451893066305,1736.0475214420212,761.3035601614065,94.33370373699121
6265.738481823637,1295.8158343247442,603.9129029434624,18.110991900870165
1134.1514326170093,3652.1190281143513,714.6738693495745,17.50112939336887
2249.815307840934,1117.265213310538,164.76793711429127,231.34777995421345
5142.197644944536,7195.170829887901,754.5821260477526,288.6694937981704
8019.838181535377,9522.853161092457,732.416403626415,237.16920849814454
7498.147295413348,5133.399041330639,841.614126552576,258.9024306694567
4317.016378393813,4540.4190090449265,1041.7303795397493,48.932619076405274
3849.4560684534686,3034.369799844193,792.1607966363586,337.08592653918527
7683.567283927945,1211.1743268527641,967.3150206464792,203.78166785093083
2277.2255560693625,4821.181170429712,1322.148869441435,183.4996783507992
8176.101187851271,7907.026979637629,333.6938600448501,119.6390153823542
1711.534367027265,3146.1726312585115,103.57477432922992,214.00749881601678
9719.77685542789,3513.3728770304488,722.5939852167866,102.71562827207596
5003.215451658862,6156.21168879332,582.6735255467399,82.72475878958193
7268.246642831239,8481.859663207497,1048.2004555548654,180.14864972086818
3794.619387356424,7755.435487018548,370.436675997405,23.38059973738235
5980.762556704973,5019.763793644901,1450.785244289496,9.156549133731655
2712.237624403647,5169.130074682389,1370.371324557008,289.8810478242196
7931.961905482346,6459.149809168584,1415.1168697244968,176.24138418534355
1743.4939998252648,2179.3883294249754,1240.266766476601,251.5686852026903
2220.3821252175476,8595.52381103758,994.9557143444702,342.28640661070904
4560.2417272181665,7573.85517070193,171.59784104080333,201.68500896560457
2510.9604138227696,9953.494803320795,166.06193646002427,221.0826098696059
8321.576715279687,2009.247822005595,34.1231581986709,134.01952228555578
8161.063098652264,9351.051854214718,963.2359313430693,300.8728510899254
7742.1520776456955,8022.429991485998,890.4620864314685,162.32857267039608
6387.101051743177,4683.943385198657,718.8299173097004,159.4988558789978
2049.4237322092595,8970.154735607117,1402.3393336109361,147.2582889542157
5923.380432586628,8374.644726871302,666.2245929265204,113.22118806899213
9705.693464017519,8281.403810518917,497.52820640154846,155.92100471366697
7497.403897077179,6724.007186567198,1471.9200811430326,93.44996179808754
6736.408556456107,4637.228407091,1443.2730911303054,310.6576033850889
7734.958681320703,1668.5716603583523,532.4310883159767,175.30605262381727
7519.647187235685,3205.8690862026588,552.1470264502146,132.49828086419743
1663.3776169209737,7440.34999805217,311.93150196208296,95.02652510521447
3258.135069723079,3011.5931388062445,160.6819298048594,288.3837156859176
7654.610814034977,1218.153343361961,110.61640983473339,301.3665543042248
7851.625207381226,2752.3193904178243,485.53180751542294,230.49155855397146
6546.081797544082,6268.239571528745,270.60201869735045,32.36817686355393
9129.752871648361,5462.319135877122,132.12122104895568,298.0448218423823
2391.0636640684115,3527.827022330442,529.6659980619796,63.42014559079754
1749.523515772887,7142.9515589386865,62.25325881555701,118.32049131883416
5465.547664675477,4012.8192397028565,281.57559137081404,229.50265512910437
6838.703279542883,1229.8900674431702,983.3692381737529,40.65112844635191
5120.931267746304,5770.571824567818,1386.3905128962772,124.32689547619405
7956.8308593796955,5224.077380446712,109.12993380032411,319.6344446307936
4571.764390303802,2747.837273345719,1483.8630189968262,154.59481689388812
7554.602659823523,3760.0292678500464,955.880725198601,50.3626164077258
5338.1786220034455,2572.1036881382365,773.7833116666263,271.370997286842
2537.500802626091,8733.350331766549,1214.3497403754277,43.68822524502745
5347.423468748859,8924.94006069193,227.37481328697424,24.0385790105987
8233.939186008476,9461.01304047043,1112.623196114637,83.36107904786944
8643.258664514451,5701.119226794743,1057.5489093855454,105.67482637615872
6008.382797194672,9486.520079633494,1187.446580743046,59.712421401486104
6129.222154211465,6681.384824617554,398.46449938576717,207.40975029211396
4801.970025931709,3023.77148794185,1434.302715072654,357.37679336440385
8314.712401699511,4030.2365184795867,1119.7119609897063,232.73554926936274
1299.5109386289787,2414.007600570268,654.4277433982959,337.26184278855993
8933.15140265556,1316.6445492239827,1335.4981601373431,156.21255384589097
5717.453221950787,7793.2884291011915,239.3635049504149,7.791249526007538
5395.214365427814,9992.341913531674,856.3905706157211,84.59009216334027
6355.711971984837,5652.9521599031905,266.44791574845425,227.44622332616538
7896.650390586002,6216.839962180278,857.956061472583,43.48152578429695
6617.039511941545,9721.38151559982,423.69733593261697,147.89276855337593
1878.1223817249547,3572.41778914322,1104.0661035589353,51.14628185408482
3108.0734277288657,6006.76646037638,120.91885249054198,228.87954200849296
8312.906281267271,3048.3877556886146,85.43757821970918,4.993185246911782
2938.369294054808,9069.616163101455,1396.6599960299043,233.69850071431324
7073.118606104536,1797.024677774041,1105.4331844994401,288.25310291400496
5187.537594124016,7556.941984343645,1412.0107317620805,172.15386781252928
4215.589873182544,6600.131273402556,1322.8375909168196,347.9743874615885
6154.902121811335,5829.916482910127,1317.9130415167267,87.22304242229136
7006.32339187648,8179.503297540436,663.9490153566178,10.43592674828721
9405.596205348233,3593.4044945493833,982.8540244173141,219.65628822212324
3638.5030681831136,5247.974655211505,899.9841901853433,134.8733637118151
9301.05309614537,9568.496472969753,91.69015690552875,264.4706858667763
2782.50752188111,9699.809930256413,1011.0193071010789,116.85358934745182
3147.774165283231,8626.100140759198,40.05862022616797,49.319256092372626
5891.040426697442,3664.22234620462,1442.3553971919496,3.630315250701293
1290.7513830183887,8360.132657808328,734.4028968221613,6.19445344235415
2443.585776609033,6027.9051050763,349.4236014857498,290.67229083606117
3298.9773948734114,4401.969611536742,949.8964079880739,260.789474014314
6550.92460758787,7415.989501728673,115.10770929115436,332.3383193826458
6874.535217423593,7864.137663195643,825.8543619408489,220.3505612461478
5313.49743561647,2522.946203873527,98.39737661187681,52.18784901118876
5064.188476662695,2077.6094732791653,1350.298354559832,260.0673774595508
4469.792047288331,1901.857355359139,623.3830127120461,284.058473454669
2026.2235819957002,2211.637343902136,682.7332703048588,242.9994694283907
7195.245863801122,8558.188728281082,154.53670251611962,100.6162411017675
7405.272527977949,3285.0301033430237,962.4265685812214,166.6718341164492
2003.9426470716721,8966.176831519508,513.9555021997148,173.73975175507917
4275.652606792184,7684.826715698647,769.9464741174195,142.26782056490168
6190.419512215434,7774.370344146917,601.800785455776,117.96907486458709
8340.722230593574,5989.624780387866,645.1692539942136,189.8396592627113
1682.0592019942546,5302.386555225217,304.5674275301029,54.638736779190886
5462.145241145413,6180.364369747338,53.75558314847441,201.87859533572777
7934.865722418143,3786.498597091605,88.30731192369555,329.31545291891075
2689.031199142568,6136.512552569392,1209.5284730797543,178.11290675021664
8422.049936103936,1163.034714864013,459.51557332066335,284.7051439484649
4306.641481440548,2331.5453014960303,1467.9791976811246,296.89188324920883
2550.4928102899385,1776.7403107610698,1283.781788275086,242.74437312392308
3050.2196814373965,4044.129937611045,1263.2403756455167,357.92442552291993
3586.017746968428,8226.577930843105,213.49434525046883,280.5628190950945
2289.3625625772365,7351.270484169136,191.4618034332151,301.6492587620451
5174.430351010387,3566.1756820131545,325.9507679512408,273.159275942475
6048.137998293053,2561.846573465915,833.4037939321449,130.76522456068614
2872.9244807820514,6857.481233962916,140.10588930322092,40.8064724296925
1179.1093492229688,2774.61499985769,1466.8272546420199,108.50385582283211
7704.603199975126,8380.224146053108,1035.6690930675845,117.95042782520564
9405.4637108174,3383.065564876586,1462.7135100396742,130.58746920251838
3996.134482001794,4465.442417517146,1108.6953441392793,118.22413052324833
1290.616944637107,4924.6625494359905,124.12409292601384,182.2287030693983
6280.802660074247,9783.274797830234,1232.9256622860491,46.61994012138713
9015.039053793764,6813.288870834194,1406.829338776477,82.90745146905891
5147.1220114988155,4409.627891827575,236.14086278106666,15.745068681010492
1116.069182245302,3990.7798834122063,902.9276319689255,297.81148505884255
9155.26621756025,8884.289684535706,392.39979011258805,152.01097727375796
3708.2380367541036,3257.889395865419,522.4593948612093,175.32454336431272
5332.92223805443,3667.285809142588,197.4529359866209,143.41660930930723
8692.207267789468,7430.408825172165,866.734258493921,77.83387381732175
6658.465084082589,7622.1280240713595,208.28797286660887,79.75918622927422
4870.095102665997,5378.94150351315,859.226659627793,37.8638023438424
5711.508441549583,8154.477641844343,87.32086302908048,158.09477564686418
2872.0185709576185,4103.6092988766795,635.8813855354753,253.21083538126985
4146.987156489307,7649.635596118023,1190.1405049055113,188.79290387681024
8100.623499600931,1689.450686356908,967.3859992988663,181.26432995117787
1827.174190248631,7738.296582064377,50.992720322574996,215.8230105231568
2008.789825362553,5667.724151121939,258.15641823992513,30.598114666440924
1536.7101039407419,8697.155469575266,1472.6872743967174,276.3527240131715
9602.155667108273,4998.774835005527,591.9059203782297,219.44913074020445
2535.0675211597636,6301.570014081621,191.29023792917047,176.86274688963107
4219.670672710392,4032.785777223415,1350.229601669919,10.468490075335728
2535.390738610745,1925.270113843251,217.4526219141353,6.249062172402451
9666.941290011657,7970.042978531505,1428.2694095728154,168.22752225704886
3528.9821384983825,9747.615957589063,216.5883887998893,149.76103686810464
5404.265671656368,1675.5385532898858,83.20505545624813,287.2176711828861
5091.107230629669,1769.9832553652236,1082.2571507769985,135.1264213104311
3252.3335808654874,5268.508674082405,416.7781436673715,79.1649700844958
5675.726778787806,4578.6189237809285,1047.8820180912353,351.79099720837803
7793.8343065740155,8688.17976185006,386.27615255391873,116.6805602640166
5652.401079363156,3191.258796453082,898.6630151315967,231.94553243409985
8075.428802093605,4698.996210181229,667.2031500134784,330.32578574815994
5212.712780168701,2659.05614189195,150.37331720920685,151.5983321022918
5253.799160201035,6636.44131702597,735.485971297204,75.3306044297271
7806.155275146183,3562.923303245701,1048.2647285351957,346.1978313137589
1339.9722557644743,6853.422039648018,426.39702581952787,27.842862921707805
9749.60727902916,2103.437977619436,1138.0579791697794,311.268859311134
3588.2474527902614,6660.657987557144,171.87031045197,112.4326341770679
1415.4161385608145,3719.501586117699,578.8943980890471,156.52525054777306
2196.6746487575347,4110.826375568255,1282.9258242040994,355.78047842058055
5617.2467725561955,3077.135689014056,1428.9323465282384,296.73708510257165
7867.70008546118,6874.716514546728,614.571128612158,82.90436517155655
6013.7027060740165,4884.920563160202,723.624096355228,139.9812726635866
8737.443797851487,6148.728380128705,703.116459482325,191.72503971658435
5753.325030464861,9403.619093211808,1165.982072152626,131.82884288140662
1994.1308549663659,3949.9501318221605,1163.617076630612,180.72125272544892
6907.079921783398,1576.797876525828,864.0794091324099,207.45961010667457
7697.766369016556,6869.311087010261,156.67465279336673,302.10539541118646
1434.027512763421,1613.1473209422097,1404.7328674509918,137.86416031998309
8339.815106962367,5948.593454111855,118.04092709958788,27.867139740817795
6455.348171255777,6790.900182534003,1421.4783463620006,89.86479994094366
7425.079635803973,6175.499775523679,70.25040562150488,297.98049539998726
6164.701280522989,5231.487710997058,664.8212934941428,340.8352044690049
8265.882322225867,3652.584273777124,1394.4763199495103,97.96074005198162
7534.429209102766,4921.498918951577,1424.2744950551719,216.10647664927987
9795.207964996032,2684.6425151368594,16.227104770513087,290.04898000790683
4759.358058144018,5409.443457037196,820.9735663420497,317.5410847619697
9441.032237700521,7114.61303152126,105.53927884824263,352.6955964551484
7863.579254129293,8903.153583305084,1310.432515921298,7.524855711257128
7267.574489090139,6697.257023600305,979.5088538081723,352.8390207035287
3479.9477533913837,8961.96027981327,480.2024195200311,9.647464789666394
6385.044244268262,1714.756415091154,1464.4159105833937,280.396027426399
3522.633158857355,4292.868455912598,990.5861475930755,329.49188830506273
3046.2038930672334,3197.0656970505306,80.87340775041271,230.26090672296232
7605.696511947598,5810.0679028859495,578.0071034692926,257.0072422691397
2936.8124702058262,8015.187072023542,936.5033885251273,1.7724106156384634
3704.840540665841,3309.661681303119,803.1233810039377,52.99336749289211
4428.552372312923,4189.594691479162,488.6317563147027,144.21772768387203
9628.317410158965,7169.9795137157025,121.47654567906567,272.16574570887906
9541.985550908938,1792.537302679405,467.90292852432583,287.50680095306024
9387.245714092302,3521.783757911365,1215.555574565088,102.31668112394756
6649.922245702732,4914.911532856668,709.620385820948,182.40403212646535
5730.82679324726,1656.7087793961632,1127.141078186536,186.63264332599522
8254.410807480781,3472.5432347052224,675.1094731549292,157.27792386566992
1442.8752670951187,7290.180597874806,396.15148386545127,313.75363975399625
5415.634709305511,9490.335623836194,841.5833950607386,23.08661898293137
6999.973795785358,5501.007026305371,1305.1780714961924,22.358813405266712
3725.542505927164,2571.500545265548,884.8809393388809,244.61670102502205
4344.31790353617,3954.497689013781,57.891389145481355,315.1755740423792
6805.383402013334,7896.309604891497,302.2749327731658,92.49369456338589
7719.991945922579,3321.4506944808963,1218.5876479125172,185.1185377582563
2791.3587633529373,2213.2409330335086,650.0941267872317,47.01402593391476
2597.1949500179035,9498.95116014239,855.5070141978623,282.79253909522197
8145.768936627703,3359.422782568299,1136.5108502264195,144.48605579986344
9624.372084758945,8721.255587312342,910.0562842598754,233.3764954950721
7684.500218558108,8883.671657666247,446.71176028778393,162.7651516318306
7939.4390411492805,4070.136591988737,1421.6033072044713,345.57006216741553
3242.3370108277454,3237.0166213205007,1203.0916409653103,87.38175031513508
1665.8183925022536,5875.450736179434,645.7875186943427,189.86886427711443
7223.375524253161,4469.007724147306,1435.1136903774843,245.76221049806915
5199.2682037532595,6239.591936536499,575.149540234237,193.38568124196678
2951.1282602280426,6811.339777855719,346.4255771610199,287.8234339076745
8094.735747932733,7588.360541128228,1152.6747187133549,116.63839642133019
9345.063435809274,6701.368725334799,532.2635370820326,21.63509560432071
1972.9935040773407,8775.00574992696,1047.3011907395721,169.15920013526866
6197.757003077633,1360.1033577349926,983.8140330627548,245.34357200279328
9479.109238254838,6297.653249337582,1333.1199663928721,206.95125147011697
7647.644454880884,2891.7814519232634,986.8451547175125,258.9677962685907
4404.055907117909,2301.6090703675263,77.88788976832977,52.926295990472006
4886.184141747586,1684.2466548636867,989.5244768582392,299.44204829711373
6695.541359347029,7205.905560391546,135.75928313136004,24.297607264820837
9363.121229199218,1907.3965563852487,763.9297988816609,102.07064704007112
1212.5866418774829,9006.482588871284,828.3823249251801,114.7023567010333
8610.460733909546,4475.960363033735,215.22464883352436,331.66389703151685
7499.208978618231,2992.0350587063967,1283.073000105106,18.264292244135365
2419.03045624705,8616.951259544003,10.928876120157224,297.8693854386385
6997.700505537504,8751.162701295914,1216.9002675322356,334.93428378447146
4456.249183289461,5008.198246933504,125.10097282300245,326.2911355430828
4108.229025450335,7346.077557855679,1086.6024978087953,141.1717088775732
5629.210862512971,1641.8161111819259,383.51299335310676,64.06283479359882
8391.758008494517,3624.8526299481427,723.8255567772702,175.5251774944318
7520.300881535711,7082.347716650484,1472.1342964180171,256.6772772142647
3727.7458022653277,8008.534008471946,747.7866519077105,37.45853579214882
1561.521100032369,6693.707268980161,1148.4318293074157,91.30212802300991
9689.495991943286,5537.446579763556,1075.961730473296,50.754790950467324
1510.3938245107965,1258.1499236781904,697.7085042212668,319.78630497675795
6395.778760522926,4159.429476509138,291.0824971564036,29.20860977046748
4392.035132430362,7004.873734990682,771.3052562256265,204.49955344369374
8906.809150126988,7184.608066877868,971.502981816213,137.49582374789216
9373.180106894575,5259.767615766221,120.03540293009803,40.37842628460324
9239.259477074518,3519.325067867615,1117.4377003949212,115.45763184152524
5105.201040361175,1207.271765007121,1431.0869071848024,309.2364492446787
5080.98710882451,3959.425765485535,1496.7209375307052,111.99724841660002
3704.3591985640096,8689.270560981287,358.75429196941445,264.21279365858
5024.497371308524,8478.346816634568,463.35750391301394,232.86303867610968
2084.8156600214816,5367.049940669941,433.0744291950216,273.4574622469838
3889.122206130045,8041.931273879526,631.8249375518849,313.20620281805697
8223.987047054801,6753.148564701963,1324.5241271216314,98.91973340899797
1715.6310053397674,8231.966964906926,105.19251164814665,319.47137909048837
7013.871464250283,2970.1828998051737,172.6290391338108,110.97389607876438
5249.502733054821,1731.3429407966214,263.4873274919424,274.2754084200313
6640.401641182762,9101.757031540405,112.06226677081521,177.07605851219904
7633.569034069251,9781.933979450292,1235.892561076195,4.003654316567237
6907.6219480630725,1394.2490966329522,263.42457615427554,245.31946404189486
9483.3660846346,3393.147296506238,1141.0373964039516,141.76767725556323
2162.8443369965084,4815.925439816812,240.20805020677162,136.96577904837824
9223.377316345477,4501.5074593129375,936.2029930172588,225.99699579940633
4772.207195891779,5855.284506103019,252.86279829941844,266.6636105367863
4073.0419558246526,6168.471250615585,1264.788360935112,81.66882668862941
8235.38197373543,3600.9145221471053,1077.9995540006685,95.48162010324226
5711.295726353686,7411.378904257284,368.4831176990048,19.86013322353347
6905.430247957008,3528.5241251596635,1293.6503418847906,134.65737565684864
5972.543188202203,4049.2308314203297,1434.1816118962736,50.95174822928317
9868.62906441527,3472.373986821447,119.63640999252571,299.6151053128653
7017.810397761739,3745.6544600127204,498.25981023877983,98.50222434550386
3371.1435540718107,3348.507395062248,912.3622655306541,238.03650265196552
3246.8544504103525,4264.184145333129,444.54620901111105,162.2397592190222
1146.2726197761772,8591.363650183603,488.6419821574343,48.009251874360686
2327.6857049165747,2210.885831544215,281.8336903982503,320.93261235340265
9760.844356063448,7131.115805708889,228.68632429548995,42.071132399122476
5177.919964964607,7903.954773945442,1432.5203441877857,238.43062826917372
2127.847044829614,5159.619754303923,1050.2276710993426,167.27877291095047
4179.40186755938,2693.5280528341136,1379.5482566309229,88.42584904910883
8156.344907161002,4171.259736937524,155.72198467723007,260.76079404156116
5283.917703017785,7417.73866555171,41.664984289906634,263.6447363891196
3537.496257052949,8678.335939587874,1384.6610355974717,358.1958780755118
8687.722653132047,3011.6325129845986,497.8409672908298,255.17894491324677
6197.036794797834,6175.171736265023,253.5497934263083,311.1767067345901
1661.8822391485196,3223.393205606247,1157.0019238182808,287.124489865276
8231.371024546319,7418.604891280267,1208.2035615161917,151.69704506476816
9617.22269324395,7744.566595056741,837.1731448937891,31.36745923743138
2942.3609547127985,1663.772959004386,446.48757688614785,28.015553072632773
6796.286182105829,6650.9112587883355,207.68662019422175,59.22588965211243
5813.285310956402,1131.4159073596466,850.3775651539654,201.7442109747707
3455.8349486727566,2799.2485626769408,550.7858372546802,29.98460506670226
5452.973722776036,4782.825864220378,1225.7282641439404,254.59530839749962
7022.61991760356,1962.2330251150524,872.2364401926224,228.66872053780784
1751.9646642085481,4789.651551594254,911.0141099516252,352.4298140562518
5259.425556471466,4134.741091118311,683.811559848749,348.58659194341885
7972.755018493442,8176.073876438296,201.27006362984827,126.65104748164251
6327.445951978256,4794.112151228714,89.64528675336906,337.23908110371445
5009.852499628201,4397.767557313288,698.1280981263524,140.12344433549836
4984.587459475388,5639.778558973416,900.0838739673162,30.042104889672917
7764.52394680855,4819.062581648941,1066.608629167318,253.72708312992162
3871.437208163711,3616.1862536525095,341.57123981909234,30.5276421138881
9633.618958552624,5846.0018798691235,406.7023550007388,106.67347439217673
6951.463329639147,6199.16701876289,1199.9927368840422,162.99247083606426
5314.063898711632,3573.647906646098,25.450116906603494,310.86000540797687
5518.385942470805,1589.785540554125,363.27060393610816,55.75125234514731
5103.4779451428985,7750.456608082505,57.11878395023374,224.74472917088505
9301.520334960082,9291.515336670627,630.1190868244286,267.1815036747597
5172.804744634197,8916.419642475415,1187.3587043397108,332.47523503955983
1903.470165779258,5120.536580303593,656.4573000165575,298.07884288157646
9104.621182719053,7701.012611795801,844.2857119960339,42.032211662734696
4180.792218188464,9926.274762325276,662.0986873632394,122.89110115632944
5017.272055498768,1218.892628116825,807.6901922176002,79.32699055069493
9124.182651304134,3329.1616339128727,95.46549077944812,326.5514736463665
1487.6290275337656,7670.607639168041,166.72360023093452,314.8207316302565
1218.8573307343206,2773.3017362025066,753.0470279097838,174.67440675160978
8613.669395860092,6406.796685625916,151.76700403617343,186.86787856184048
8052.692009160934,6326.1871859145685,280.3125405983138,233.6697083382316
1614.3988279447144,9439.439809208803,31.56578744086295,206.01321840332935
8021.847352108762,7792.698382100695,423.9428809067563,51.398560387064435
3222.545128107453,4885.807447565059,1457.0038539149036,170.9697246520631
1844.6236448198565,2256.9250243613474,481.40112815278303,152.01995706999114
4263.629590875184,7311.568493658144,1316.4974147292198,74.92919800959903
1283.2771406194493,7796.315701932024,141.55590704604774,319.04863507385824
2557.6399157726,2530.2643610858995,1440.1457806853361,250.53734228329077
6110.088383160747,8691.257477123443,1043.0827618791438,252.62090382859375
1584.100813729251,4377.371840145326,1134.1764749791967,283.73011770479076
3601.2243590382704,4944.5511287408535,1025.114040839904,165.36705127279322
5767.7428284885345,6945.520586153102,1421.4864004924036,353.16712302839977
2786.0836087416374,7525.619511914145,844.7462851436256,186.57171904840962
7741.52114375055,5852.185362702133,639.8778820248618,324.0735129050427
3870.3045959998753,5177.61074770425,1458.376133664341,107.64878936847977
4880.081927515987,7019.059406570778,1313.8177703409258,114.5984725507028
8871.75895296134,2578.154278971356,120.9408176365231,211.30173061166303
3705.580320390671,1879.1354587747198,47.9427703116949,36.87318953550696
5973.496110499662,3223.610300168609,459.2548583088037,294.3688627545942
9246.094819803806,5247.53476362565,753.3796095818598,243.67603828516997
1695.977012497226,9931.041955490295,1226.821285605084,12.574977680720874
3074.9969150811385,4573.666162232157,196.18158256777846,73.31065419970433
4947.07326003456,3250.606324909942,973.4634417315665,249.19334306173715
8629.787928370653,4311.692690330686,1009.9747827820789,77.22162454125748
1330.9203549520248,8858.39075285971,1396.1162344914135,140.41041547963547
5994.106662082578,7146.714240317783,44.41021109400578,229.67755140648234
8760.547653006091,5886.038996367536,765.3144959192985,174.94968073896794
3072.199955629356,8073.324289344851,232.12906928128245,285.2239452650362
6019.481027951455,1471.6653776249295,977.0528163075735,357.906149625163
9837.414048152245,7867.248309427484,108.56688644678033,265.92692424262543
9957.326019241162,2543.0662108671368,1383.6064307197607,281.0973879114791
5966.323896604528,1432.4884133174105,388.3321053888875,159.74005678131186
3468.4940745999324,7828.895355350118,733.7736938493462,176.8482501693599
8113.90133279051,7287.620763675147,313.84520864120213,7.98565447217088
5183.646495439192,8242.917045037491,731.9089380255499,293.18876916469077
8912.65677270095,8183.432564711731,272.35184555932545,151.1736296056947
5764.674573900895,6249.693163845196,158.38939051434411,52.555841939111
8143.339075260607,2905.6249081780034,794.8397563591974,132.58639296019138
8668.915495061996,2298.661630237564,92.98254941493556,268.0996141955158
9795.620303334927,5068.828300787888,521.9835026802815,278.6933149988969
6286.589944429642,9425.643965268211,783.4566460431274,219.27840404610677
8501.258049661203,2069.2387537815284,805.1330571631241,145.22412833085028
2490.8035485275427,7299.118329925008,681.28628666378,84.78249727715621
4783.96099000064,9730.32170667096,613.969560276925,52.191996459937855
3880.899069513146,1363.746320440847,1218.7157217716535,324.8190138484378
1892.928485409349,7664.60766509876,213.21438618378974,321.89055522575717
9182.456299360561,4541.809204599445,1388.7855562058455,55.31011546012662
7881.212464533227,6820.646121156392,1112.7747475282595,113.8678332136527
7992.618447295329,7209.240594279332,500.20372567915564,273.57544459108885
6544.0553561508295,3280.628591627652,1071.2701259985681,82.92069455977406
3001.1179163768284,6419.602498111375,354.29182385450184,56.69149728724376
5192.536333337577,4124.482093713232,1078.8296421484188,197.28480695348895
3533.3290147057323,3079.5025716732107,1323.5330970518562,5.090567205948867
8969.462749311846,4729.632290820022,228.14881241000742,157.44414817271112
7266.8288068589,9891.253580285429,970.0437890347533,157.18217907241223
7181.097842327612,6542.192739290923,1362.4841509811101,173.97456652351147
9956.267584202162,1845.3674403431382,1386.422293971286,110.35391685455706
5416.659129025554,2094.4628801078834,1221.7023465784646,86.84328560748791
4268.19359357171,4583.683886240722,992.2636517310553,119.92786129328582
6766.223952337672,6710.364678916073,488.68025951703623,270.5305311205727
7472.374801023622,7653.791298427836,665.1822868199204,33.22599821063535
7403.066831759487,4655.237149878774,1300.483428853094,212.3902805686136
7469.904750339073,6802.113282158481,882.02637522721,356.9289325681385
6897.008436174308,9221.744465036734,766.7921087331322,112.19322307914722
3501.2620800099758,7230.907207626263,1118.4113897480377,281.49498884037183
4660.779857165684,1777.5078628408125,471.0025725714024,285.23445735104525
4088.5249104576856,1780.5863996350222,371.46664422247704,89.9525615506052
5608.3874857719065,7112.118070094948,570.9233268442291,192.08063742262024
1332.6516304433374,2330.0949298943283,240.45384627403348,182.8408046082215
8434.946686742904,3607.6215729291343,1425.9431355699433,340.68332287142033
8153.489525909462,1226.1094928357013,604.4077777055245,305.259468085327
8176.239714662773,4566.5322900916635,609.5309814481475,306.48311626676303
7499.307711052059,2190.058615990576,1024.2982655634696,52.24938732814914
3854.528223037029,9793.854746768457,1441.5752432005531,143.90526553116376
5707.537725869011,2537.372669860385,45.170151276973115,264.57269323507114
6873.977525408969,6070.169437202981,753.2627838612829,4.027848064615531
6290.625056832176,5487.88337560209,16.742871307602876,2.7983123488544073
8720.375035080317,1621.1950577221178,1000.046264052072,309.62151045767854
3196.369967932494,9602.926977089512,735.0668678248595,350.0427790126199
1589.797505084553,7277.6960875172235,34.68828329581415,19.36393310443257
1861.789984151683,6802.265538133134,880.9252453486993,27.591147145203376
9061.963399649008,7330.95068132983,1185.4897750997968,273.7998599438557
2347.5160132475166,7624.774637132452,562.7138283289294,58.004130159211186
8933.02138197816,6192.004273929354,1493.8986919235501,203.12165977523293
1318.1471350520665,3747.1175826578306,282.51153907524434,347.6582114590588
8132.630004957466,6474.614801422187,1470.3825331733642,240.911188076912
7224.70065019196,7038.593798525785,589.5416086774582,210.91528746445306
7774.948651450852,2888.1078633833913,1426.4363963161825,307.28960606126014
3122.1987494862815,4123.911686843348,747.7406883308723,24.313575864389282
2489.101375357245,8004.542983564103,1427.1394652079296,172.401942380427
1830.2608179893164,5248.959919200687,1427.9139079267923,236.99190554438238
4192.765103787038,2327.6694859932763,1191.8742791853247,218.29578691560042
2136.100159915576,7990.557417973184,526.7545920287128,216.48035664180213
8908.506402563347,5939.13662316937,1357.891062275928,268.35860368160775
4955.559812327801,7885.879586033108,197.1792581741259,126.51816506682546
7219.446817767461,5181.745390395054,1164.9368350989578,102.61351800629346
3292.205866212932,6657.752282784688,353.2240377656415,257.8534646002014
5204.806483618551,4978.864365866191,369.40116440215206,145.65410848477248
9011.201831839138,5072.227842844091,1235.858880521581,215.82099982040754
4137.037183574849,4361.927910821529,1168.9412173294752,236.76622454485582
8683.349559615091,2648.65741208852,429.57640672481267,293.00695083357124
5440.650495795474,3880.0529598229527,689.9983882315377,297.61701124899173
6005.2717692428105,1235.3289828258837,1365.6392658835096,2.183250971563278
6855.202985882836,8406.645628211938,1475.97126715045,106.28988968084899
5308.712837802993,4925.129138435379,587.5824458218179,111.0207102038808
2217.2676903019574,2735.5373095861087,1131.899587719034,32.531748082134456
1345.916275346537,9006.126972019556,1404.432426151804,78.09435600441837
6078.368569232722,9805.644315627784,982.5184366528686,291.28007355171854
8739.675997470536,3900.0551614204564,81.35732312860279,101.74969908467655
4393.9324757628165,4678.178581239903,387.79551527437786,271.5590460189322
1891.8466096789443,9465.706963140068,1374.0623967776858,20.191870682855356
6982.088614989208,4677.496488826717,1350.6062652589965,140.0228600124799
1102.5924083101368,3310.4869790615835,924.064397771543,127.32764531113244
5106.886747084713,4611.1334336303535,665.9985192833161,132.47293364406207
9633.661119394767,6916.81853100656,38.99749030605974,195.51588985766816
7526.425948225452,8264.01743042029,487.5696758142214,162.1278669428435
7737.93580411166,3705.0074874876113,184.84156616827508,334.6407811328638
6230.505084752566,6782.840715077466,44.45829054839957,233.7168649583492
5618.843965452717,2443.652610039711,1469.59198979274,157.65206937012152
9445.072899653918,1135.6786629856433,271.67664745955193,128.68430744269335
5466.435372771908,2862.302161037003,484.6195877336919,84.25493036953283
2656.624669021257,7188.221120525781,1193.4742334234854,44.642537176211334
7605.067468439827,8446.626365646043,1473.3247720567476,257.15796095792945
1460.2546006752498,4963.410458812588,564.4403899145963,68.46750268259505
7735.98167295486,5462.707386421618,1182.452092039559,46.32549256438093
4889.131735977415,9380.696217689923,666.1304078539258,296.3567513641288
7671.173250506849,8588.836779816824,330.9950746366004,40.42894641403173
4790.462001655283,6948.331742878591,358.64036983580434,335.9896105403653
3616.7809008216177,3564.0527915745365,1423.2185657932966,145.01896326041788
7290.720693414685,9275.611983518556,1460.494597139237,167.14785926713606
8513.7699552725,6537.814592499769,1007.3542161239168,308.46485596127377
1130.1090636974513,2977.2142227269906,328.9573514099942,226.02439580023412
4547.548924975556,8108.233197659985,1164.534437067911,10.890890892065293
6052.497627306345,3024.183063619702,1069.3610992173433,33.146494227066526
9609.057570716075,6923.3643075491655,459.0740806757208,304.88147391575694
5505.485045022591,6719.159730396738,337.7998929961833,259.5678930802101
8661.987472251047,1423.1945025519221,603.2995439512574,261.57195971667846
5224.44338759119,7432.901421667004,825.1731289961596,8.066030032719352
6744.758346555006,9268.529638387654,82.88317638499764,172.07966979676905
5757.93209796309,7027.681380392809,220.2546169998938,163.71698910327328
5390.852074015641,4974.486545633579,114.99576503736081,130.58622275512047
5071.162338135504,9785.948653918167,455.83775066469207,306.5524434989649
6046.0119557600565,8971.094432468504,67.60572427791716,260.9689168585376
4494.658146949529,6455.2115048751175,1143.7797975816486,332.9935230780549
6892.23447158829,3597.358449868029,155.89098247782746,133.56842443262403
9299.893476263074,1514.9722397348992,1142.9866300302008,9.284799053506692
7420.7316952188285,9400.825287643936,66.54128040757116,69.53698975467641
7153.804539650001,2367.590056145774,761.8914334507684,323.21023670597157
3421.0708260010088,3348.4868070072225,232.4425261329377,123.56315164794576
4685.809753968306,9209.756909600866,63.23010712622851,148.6303000681977
3725.5903916093926,2167.2656181577377,926.7378203647492,110.49121585972355
4038.083798160756,5234.341071831821,810.3644697991165,141.3022211671812
6404.565412401996,6736.173120055933,117.42861018558966,159.74783254126427
5566.462547934938,1516.8039832423347,837.8376765860362,67.39912854575658
7520.316235983412,4164.523944829671,67.50365624934562,323.7051645188282
2277.749092261552,4265.58102891769,456.30730382718934,8.77560249071831
3943.157149779826,2832.819938061448,685.3528904152494,22.066771030876538
1969.7780368540743,7636.264096364779,1135.112065328227,290.9792119917471
8826.249794574784,1779.129752314458,1319.8128638738292,86.01299827030081
4438.0533762009345,9857.465513344578,846.2795656305854,280.23708178016096
9307.84310615642,7233.532178094678,219.42165674335251,235.45344384404004
3888.0511734413008,4415.7773822950385,251.79390734439394,359.25595027991494
7867.100363128502,6287.7091663965075,463.3843082366529,79.46381124027258
5104.489132606348,5003.8314750873315,1374.6354966354554,32.063162401460104
4258.540632489754,6323.270208286135,1167.801275037477,115.3349560458648
2131.1504064122364,1948.7308356509502,1166.7313134753015,96.64609979575512
3209.967107594316,7365.890624287372,891.8795164275986,41.70184455923377
7089.291561334437,7937.275302588425,1002.8245871175142,284.2114182383868
3039.692091136732,3643.1113484674383,831.0241382066881,326.5911523427386
1446.5982489965427,1471.2612898645793,781.0797771825289,238.25801548976796
4232.84833287222,6791.496255256591,248.06767501881222,67.03982728411992
3494.981592109319,1454.971526902748,826.6355873569431,101.2393379675203
1460.114660504225,8579.179988970738,1405.1982608943624,229.1604330601463
7361.2766733933295,6193.100749788253,163.9600538426473,311.60603156465186
5524.419259171833,7801.339938888635,1148.9411976264337,327.15812524876986
6978.402664560242,1441.866456020733,881.0624224664039,99.98969267296997
7806.440979184059,2263.434096250948,1200.9688697865108,330.4887116246056
4321.18516155573,4598.656622184575,1012.2675431531786,211.02573167727033
4806.881403672733,3073.5111793416413,289.0831743447281,305.8845495267705
4154.324824595637,5288.69726590735,1432.8750331679666,231.59955951799375
8057.014834828311,4088.529500381246,645.6947914557297,284.7108854684153
9013.440766633092,1544.2990977170516,850.3505044603882,221.79962773106638
1824.3138476882245,5625.998020280458,144.48925168731182,65.64196409610189
3752.4966019577064,1175.7683845941085,198.97350732717646,112.22180430941042
8515.645487751517,2664.9158943429284,160.36431526738855,204.0007126397965
2303.453134378372,1641.133745270064,798.0379884055852,102.8688972797018
5165.435242438956,7523.2044796911805,1183.7002715775113,178.49604495328555
1353.446260669164,3342.894077546485,411.29143086541694,195.42104462611448
2447.010736262042,4342.675871596598,874.7584009017836,107.13306582231968
9917.353970089614,2928.9168505209727,1425.6403570326593,122.6797419696161
6278.423784588016,9884.537744804249,187.34997338475318,3.4558040903096545
5747.422137964432,7269.523852749131,192.71439651351753,162.22894354022532
1445.3883477535105,5135.909012860266,838.043133343777,131.7593119060245
1229.2134127781292,4392.771581624456,1494.5321068251724,329.8335653334144
8924.053346019335,8290.29594304138,275.57525744136177,88.42398660259482
9648.522311296247,3873.47504584872,1216.8218443914197,288.9894231249045
5100.078839804659,1181.1123241873258,437.44947195987953,153.10601870130313
6254.755115629967,7100.782074316064,48.823373822618315,342.2882599304491
5223.659007010011,9791.581380600132,1184.4752099395237,16.431119011259927
3844.533282893875,3901.9555501282603,621.4763582031244,213.6740807730027
4475.906243713801,5907.734470639087,251.21996976542272,203.99004909080202
1150.7947803986456,2636.115417641262,763.5443880397685,298.73660980613187
8542.517023916575,9786.160213957057,225.5742918557915,121.31861341397385
6129.337241109193,2797.6085508572687,1263.2503247854422,24.120462132613714
2266.0801887106713,3570.4731271339883,1195.0534531999226,341.68954156744417
2537.0716188037413,5055.203914316757,929.4832024784362,164.86735574712023
9241.011860104525,2385.243160079541,1021.4656766331037,32.42643516567033
8382.213413355825,9176.61073775326,909.5800287977,34.663140026631304
6010.138494075292,8127.1299434342345,947.1698399676677,303.7111694411344
3842.8678593135282,1566.1011646124693,394.2335311739356,8.429609562900001
3207.6519277734724,3114.6950752821385,1184.1410373985293,190.9003947135825
6092.484872772164,2697.34184670999,17.29956150854941,281.1095992764045
9909.191140606908,8488.2274207039,181.55056036207586,132.57690933783923
2298.7119433297376,7213.942219316659,1284.296183306162,223.72636839865854
8839.22285036898,1543.189607429747,566.0210243780355,131.81665355625165
7208.216464855653,9404.131734518638,1341.0646660814548,207.67549915017435
5937.2603385087505,8559.971880303528,830.8869619556156,354.9187261653263
9557.05341794962,7099.9255810663835,1098.5578116902618,15.513259560285148
6519.684119606622,9324.229209738061,471.4965574013973,73.01781898868845
5657.737707709001,9631.306257066317,271.2741547653896,30.389360468040998
3772.747046038534,1524.6001866168658,581.2253035484157,340.9275990970164
7289.852423795313,2046.938361792346,76.7540503381593,63.19858651916948
8328.661752729391,4527.985854288303,101.43958381798329,115.87174140593905
4546.7362641277705,6324.555904815646,1186.7953124948333,84.31342805538847
5787.297183253353,4394.954382337421,1291.9654587078526,282.30388530101783
5458.112913245662,1345.7488448012914,334.8917343511335,48.07648060759845
9501.424536330529,9514.543642087729,825.0709048353455,247.52404744495897
8276.641436458684,8942.811165897781,1214.0426175181558,222.47748815959616
3049.7332020392664,7849.255170385462,1146.096496152854,42.208872703376976
2348.3934844519163,3005.719406746813,147.5656052440119,232.59135777122924
4342.506695629592,4175.400903679488,633.002005152149,321.5695990173632
9696.863574147703,1750.7410558124072,704.1514821864158,278.85802832403584
2420.724962612897,7586.008501191363,599.2219108293488,310.90650723346954
9466.754535853943,5989.872776250818,1281.5092467692896,120.87398627836286
8895.766358762532,4933.8241885613825,617.3626516569221,222.1942163045572
3360.420991021704,2347.8623717925884,576.82220933896,331.1526313544517
4682.411178722876,4709.427476560551,368.17246700822784,19.900349737197732
2219.0235993093456,2960.4605245303896,531.0700396910028,49.31048377397631
8519.446699152362,7071.546888098502,1198.1368158182142,229.35646115766608
2906.1922681145934,9587.633082966768,562.933150991452,308.7299234340862
5167.605559753545,9194.568604058759,345.7936121309628,320.95630185100254
3485.811717341004,2989.2414599305907,1425.343925344213,109.90993070959927
4057.1189609232692,2292.6833265088244,1244.6945062481295,80.4858050296812
3602.153556062845,8838.55957569045,122.49937137592453,336.0608726125152
6056.754090010984,2774.0434553328914,931.3268044037237,132.9819729917595
2529.0855439102443,9879.04966868191,8.645208972922,166.28174049811835
7391.902256173736,6715.284916754572,1367.3270284707517,184.87654779550599
3889.807439639616,5161.28925829583,928.2122427935733,88.24684320547114
6615.53409926398,6206.190781703294,680.2865659739077,240.2780804679062
8500.039749929969,6178.756336989618,384.6360281565133,342.28404517449377
8630.608955962558,9174.391229785817,263.1952844387735,241.54981791346876
4586.06586376812,2066.1220244651568,224.3466945724103,310.0747243485586
9981.938941095026,9497.03599707044,1242.9762884249594,338.26767741603146
9884.16133017784,8685.998024260483,1072.702412898263,122.45175071814353
4342.822451916287,8030.77331761172,1313.702363902905,126.36190403518648
7768.230231585855,2871.371826008329,1246.210968240814,98.91216658079426
9756.585344475232,9862.660992870084,922.1761962194502,128.00012424822918
8779.493056034102,2546.230476673006,1160.1347960427856,80.60434255472404
1927.8890469462688,5848.648746622485,1212.1171305608602,14.115040282522493
8526.795181612428,3579.676232967856,942.3893462231301,333.7459509447752
6245.307181057509,6231.571889756598,748.8569404358527,154.92909182249426
8897.644961509872,4159.375993497601,720.3310708186689,255.67856417445816
6601.82618468611,8357.934317825191,988.3299503986349,132.4595886347542
6576.780131997436,9173.706598966262,134.08895344612782,183.05520682004104
5263.492063436052,6306.998179430816,265.0339901368908,24.620964558560324
9914.882219541174,9909.207966537904,1261.010655624155,52.09117481116919
3941.547005452592,3726.988396884993,1272.496480437613,344.1439834257507
6845.047892352066,9321.255794956913,168.1574217777263,89.98582403347338
1767.8482527635756,9957.772250347869,551.9237871324891,29.096156553328953
2001.675910663104,8543.049859029632,1338.195871295232,209.17922421225907
4761.259090445282,1920.1084754819244,1021.4583295354449,211.8633490579074
6195.679242982661,8572.78189167441,245.19030512954816,69.14371942070463
9311.715183735105,2199.68226614522,673.3995188006918,102.62281961009462
1947.4385617147746,3311.480354705971,217.7580100375569,316.8369813025726
7216.526950755155,2261.769442777989,1460.3716014747674,96.50206786191221
1970.7531090154812,7589.196073392333,1042.6384882413638,266.51825992469884
6602.768265021277,4395.398363765429,1478.0218427982977,25.497518215375024
1690.321501645533,4493.922349087183,18.87555541332511,219.02732677368098
9590.735170513839,7366.478171276839,384.9538776208334,228.290681382225
6025.978761301277,9107.181990223384,181.1612087105526,99.35605113019815
8063.9567276625485,1143.5061773634104,122.51340540581943,249.54904636824907
5719.114097396602,1950.3898880221818,983.1727850531983,284.9100742568966
5574.752447815453,2891.635668288958,1377.1561552796625,46.312173173771825
2887.287383486221,3190.310994526868,144.60240359400726,264.37580844615235
3065.6933095338277,3149.11979086308,525.6458260738682,190.57285399061968
2435.5765071508404,9759.117052334688,298.43309424680416,196.3283622083752
3611.7343033254733,5320.535884553458,584.9878157120457,118.41856320999679
2158.3120560728985,8860.694962020669,878.7406581237994,160.48747644449168
4197.008575753869,3397.5361901972437,234.6547264526775,332.9837134156932
3514.659599145232,7744.9661535582845,1280.0372210443209,345.68517982684403
7096.1303377043505,5400.982448780919,610.8176100902666,55.43845685536493
2022.8595940527548,3858.258642428357,301.18465377263317,23.951972035606705
6906.475102433991,2392.7527983185473,105.54388372321603,276.83501564686685
7835.825436494998,5284.527547047731,869.3427822137435,190.86742961388168
1710.6334646134176,3129.5108107815495,1382.241490631292,226.61420746517132
1884.08057893719,4965.1371165586315,363.40341298230896,84.95126879568285
9282.852635801088,1230.959136979721,275.74348409517904,341.8673206154955
1939.5043353920842,7243.921768257954,627.83644207646,207.98668955963893
9161.74342204945,1624.1392454323295,146.38908809705035,236.12917763103027
5457.0042581334865,2666.8219448005902,306.8130477182293,110.42154416339389
1177.006260995373,3299.5705388333627,272.51093919496014,270.84270569470317
8767.961993673916,1914.365487835476,1458.2530643079424,216.05321972028526
1490.52493721611,7898.57047079943,310.6012605865718,355.37128921438483
5510.761887931831,1335.044726237497,907.6731655302054,14.47040189636052
9818.28719741225,4327.201933738562,491.1060046213353,175.52657190898054
1675.7427331255801,8199.836842648981,889.4320279964686,40.594610899084444
2387.7231030952375,8686.284121186292,152.31411425712966,129.35126483131174
2143.0448962393066,1978.9126059982477,252.65390543002104,210.4165380606196
9149.75243598003,9707.203842832547,513.1312120966742,189.8611477676559
4720.481291714859,2546.2871680011167,80.98869657598054,283.63908495492393
5482.430728034201,2638.9807374552174,1449.0941432997092,74.12875505081225
2437.436993358533,8234.58257663962,1260.432215793067,312.27841739247987
1635.2647140160182,3071.4236904598392,508.8267037175019,113.3509441214501
1598.3404097356984,9622.753578321053,1278.5898887973074,125.72654506145639
9461.90156343129,1244.9785334311134,414.3592300413676,268.45215486158463
2865.014206818187,5976.743182378245,324.1958057068211,97.01745503738562
6804.854220053665,9840.93067170983,706.7645597279078,199.198841384599
8714.571630111099,6028.781542412681,626.6995291768534,114.99840534053631
5863.007336348623,7331.8967058812495,1030.5284080851195,352.16431203548547
8516.222638812575,5903.4125532181215,567.0994619976415,168.63857006446887
2357.848141525731,1242.2551266867144,885.0631103803169,335.00523583738686
4439.31788461989,5382.886493933469,1202.0705272734544,158.02704065308444
1737.6001824967088,8466.756865051484,599.7302883259096,274.6749674919374
2790.184603651295,8036.861303288185,859.0622379357701,325.72888529388223
1517.6470988892734,8014.68132566899,1204.041007953166,291.27631297252805
6442.952350815938,4659.738258591888,551.3591641801155,6.487694067952523
1660.6674507797463,1458.4993336724967,1062.211555690021,305.08185403047815
4450.420082254308,6360.320489550451,309.78045592946586,236.28626474735154
7356.542875752053,6688.448920705656,1150.2742446157442,273.34745841282034
1175.1180309022448,4071.3273516003487,34.69192976197213,53.44055857644134
7781.39615899083,2940.9321730638753,268.50606555572944,55.80404069678006
6802.725666172941,4535.827024076112,59.64896055443337,106.29309104862202
2752.7245538396173,4503.527403096596,441.69393931947235,280.04126289262496
3437.259280066493,5891.792384010086,5.544428717800076,162.23866837809376
2999.151554277712,7538.5156549615585,842.0179072719069,1.185067938614658
4202.991626234923,3220.6326958791365,1388.8997311787148,270.54964354063134
2726.5839646797967,1196.6849048054057,487.618578143113,236.61492236062048
7891.576643150165,4958.457231093349,789.0022435235356,239.31906134103735
3311.510955997914,1202.8513501800483,928.2107030376148,129.97531460125947
3721.770640801675,3168.6311314934132,405.9666452045135,273.2532931187108
6935.742725621648,7182.211497490446,1361.3332935257476,258.957456910395
8113.968803817154,2566.667156824792,1260.0455079185756,128.09495885362503
4712.566669924073,4771.889160677155,145.55304685208282,278.4101840299075
3688.543059956308,6675.068748195893,377.2815520109556,236.30018198882885
5292.743064576673,6091.288837898619,1224.1561376884536,71.45355905229196
6307.489524626192,5443.243963818196,1382.285423927503,291.02601512157446
1523.7380709969207,4461.058707491507,177.3366861911557,167.11258865115025
9526.74442929348,6482.359405681794,1005.6483782190388,4.938973381831913
1593.4101458955495,6829.688366672245,263.34060346475945,240.70274709669144
5870.107062648377,1323.060649040222,520.973263297403,83.93524887655765
4108.324045605032,6159.656284940276,548.4134531980588,40.21049368634528
5299.172478417032,3042.641600139777,873.5856053438818,247.28861293804388
6490.188543637685,8854.168686166358,568.1547235862972,204.9141227187258
8195.284891216255,3893.420266887585,1226.7067819157614,144.58958973949203
9373.2996753326,8622.563720886843,505.00513409920774,301.9402768525588
3628.8383892022266,3775.4917637201984,961.4724258802858,150.68391115128398
8222.243345811647,8874.39674352646,836.4871740211686,288.0242575759613
3013.3180471034384,6083.826668206636,895.594337723148,202.62417282984674
1278.9917298903763,4017.9182074433334,1458.4133720659486,179.1495933429062
9646.176533896241,6827.985335716775,1376.5289724345312,284.5664525313846
8989.214570005433,4711.4022542333205,95.10005560913372,152.66075011383
7556.557677724473,7531.169634793532,211.5131748324616,45.09106524960354
7286.230579839487,4763.971868373436,15.613833028882855,94.4250425369798
1318.7641797465365,8250.58613404703,857.9466156551697,194.80487836412976
7980.969918444323,6645.288339179157,1011.0918313753804,175.5791295461311
3618.987137782961,6358.718433313052,1367.038547012755,315.4194747942432
3917.7258036303697,4615.521556771815,161.84115067566498,242.54728750827104
4573.558424374659,9035.94590277187,82.13246509928007,169.33354483293547
2454.058517239274,8372.94308844084,241.11179375906005,350.46621066735133
3289.0647379627876,9997.504401536376,64.98524929153959,213.4869379570778
3926.9075389784034,3449.9576094852123,242.05166992567192,170.56463280418782
6766.8927136465045,3591.9115463620947,270.01243269304973,38.18342850843081
5286.750197914808,8000.35972667644,1331.888093675438,345.16128956146053
9482.096836761339,2466.169903508031,176.26374368649198,28.337323332989072
4408.871841744063,4745.032758397837,930.4796304567344,205.66531610793595
2727.874309758355,7147.404588589155,412.7476389829855,133.45566755922425
2938.6699722505086,1420.6860693504273,238.49381556828655,16.395239299341895
4260.15249221814,2880.101149739476,297.79120012268487,328.2374679595221
1880.1492293416181,2087.7299778486804,501.3760411269176,208.46797959252962
9191.10794343585,9167.375270604181,1291.421501981873,176.63682288726918
7894.740152540906,3135.73674001114,742.9109720523998,225.2718013466816
4183.915538319068,4662.282335526793,1431.832328741091,210.4778823328076
3215.4996868201956,7628.579321894095,1473.3763019355147,334.6725327380935
5341.78149070179,5319.527999213608,666.2332929464898,305.0642130288182
3800.080955192237,7572.848795082936,222.47910183562655,312.9414177670875
1713.0732000066905,8113.515343280382,794.2770302482048,217.29609143814437
3439.9280374267414,9782.467315088976,545.7148669824214,295.67959613955827
1963.934935610365,3938.9713554485047,772.2939782254858,234.46706670434259
4056.054894179942,2596.3588735451185,1466.957868761331,223.10578604742787
8872.630101125898,2342.947059299562,805.8078229991967,249.68552179143944
6034.139987234759,7549.234139158234,1308.4544701671728,114.57447587831298
1129.8574408931142,9590.777141235392,50.16805118826799,73.5731917408776
2119.2493797396755,8152.340661622927,1283.853225390234,51.91775328206397
8488.4010940453,5356.375158464209,481.353314527818,346.5785069922193
8373.618632286329,4913.774016609519,1469.535546192646,260.85797755592375
8986.909925506652,8667.420262483849,1194.6249406148584,43.29605389346359
7698.523549839874,8529.960260044993,459.16428699470384,224.02794878963226
8363.211140726915,5918.248267094535,568.5367370936898,259.4937262569533
9156.325928287062,2504.3061186921714,759.1202207481119,33.27128751339783
1711.1005834136217,3923.9530837858806,338.33191190122335,63.58778128355601
8307.774408190427,6165.66463702616,442.0974204869313,102.67869818103674
8075.744499008824,5187.055152849773,1385.925101024134,267.5377627401611
6652.669952201767,8579.879171197703,1140.574275502633,340.6837230296076
8722.385642360801,8793.509669516501,1487.3786374873519,267.7381888550843
8056.20604889993,7060.915240272422,818.0578335062381,238.95699368092295
9457.642323188807,5949.712024210969,1372.704792631413,74.80965690006985
8155.55336548312,7397.959666040564,1436.5563992485659,296.6723932117141
7460.678467001476,7694.62549131855,40.67254594611116,316.7662596057672
1344.236716717118,4601.187663655139,358.23084561110875,357.0312617214913
4983.8285187021775,9415.73335712342,915.042021348391,193.5752302224112
7408.474249200215,2778.5655995600155,1127.3131493072624,352.79528296896115
8347.02118580731,1908.012395569638,1026.426340098757,256.13217011294546
8432.560544058022,8310.36385468195,1041.6397749425867,225.81059688595886
9356.97184066664,8915.029740828637,1224.2544381005828,100.50499634900655
3378.4772847861555,9525.774320497794,1496.5341391317074,316.0283592854642
3774.641311400646,7755.840226562273,1429.9688170378013,345.37327271771954
7450.949156390583,8586.391225709434,1144.1312022938566,65.82213418570421
4545.9291814376265,5621.53129859529,755.6160250838598,287.49869035296507
7469.4279633685555,1829.6608140648905,854.4303408257679,173.67266346049743
4195.100679425637,2079.759873073541,731.4670558730671,274.2786664552316
1972.5804483669372,3324.6698466657344,1401.7007018126117,139.58395759891093
4065.430880638498,2519.6346610162864,765.043366923493,198.37958393547092
9976.650245324665,5167.998704157933,1202.5565961058346,143.23046507850995
7907.9408372828675,1206.553591272006,631.2317209707761,299.86040276009317
1306.9116542454265,6841.363077192537,1304.7865077222816,280.31282119750745
3479.567181382125,1458.2394769041048,266.0095623206854,16.429122842877533
4654.322972158881,5483.769558329033,1316.1362771910967,142.69363262107223
1976.9646843738797,9345.308361951533,812.1544770558938,168.79812732731088
6257.009087823796,7372.81464978324,494.7472585111624,42.90360026431142
4695.19570862318,8543.806730805762,949.4322504447397,214.79459760800745
1714.1500056031996,5729.192274651749,1293.9706470151348,108.52353660706618
5955.18055774514,6289.222244386258,29.17468283320426,249.1388861984332
5317.209423708354,9070.155944853512,289.0971895457332,43.08058860719595
2793.2443728119933,4761.715863075933,76.75860251085606,232.60923481961834
7601.604222926503,7516.388988602168,1153.7507842440564,147.43392308838227
4280.460614178519,3706.342002812624,126.65279409675556,335.5564654733099
7966.43824785961,5033.0625358096495,367.9897897932333,320.1641258890738
8473.951972785602,9679.261195579365,987.358020630618,193.6069011799563
3451.746876568475,3009.849139579596,118.8720354286525,75.08751116437871
1879.0795867851793,5422.657767192759,1347.3225166276968,250.24011943131728
6149.537099982498,6677.875726532038,773.8905957887534,140.27527752776936
4597.073657345425,2373.7930661198993,342.04645357814206,327.66058075861434
8803.452003191618,3901.862302713921,799.5403808514988,3.07245200114512
8175.448187668414,4547.470882183295,8.276261639054194,320.63094602184765
2358.2431703584243,9393.552145884125,64.66818529646116,122.51267137177935
5575.843822440721,2535.4201109522432,164.32915084107037,141.65110117472432
7587.263961660468,5374.25939523526,325.3888677008103,270.06747591527807
7635.9786226748,5018.767665382336,364.8066787783721,109.48648343112505
3391.411119351245,4551.652262429465,532.2972575354021,205.63930079439746
4925.644454549106,6082.732368522981,986.6509099562985,267.5752267826172
6465.493680364186,5996.648764485517,140.3005550115128,57.865636320817224
3041.827363365308,4584.33124618474,767.806980559516,179.95954488173672
5174.193189171762,8935.838883656503,462.0827090658383,305.1460797350678
6067.2735036938575,2641.1623312294314,252.80911722033616,107.3727012324422
9086.726468644989,9279.95567524518,495.2066396947418,165.68863080764052
4470.904958707193,5189.999078801517,265.41783165924375,212.66661728168322
8246.452960951945,2429.5647989368126,881.8478606144768,245.41435613123178
4058.381666546614,2087.174635643533,1377.685639422507,173.97812725645468
9910.264456452716,5439.120831367247,1463.83688941976,63.37175294770256
5339.297896833609,6635.985826538445,21.89913277121111,293.92890780304725
3116.532181411792,8139.478600761856,1266.7101975944936,270.6010540820714
8828.516394819158,9395.586169517577,1190.0300049044295,320.8251561147228
1646.1271497187427,6518.194433206218,1420.840006737677,254.1156408033888
3827.129693974289,8209.366010707712,52.660664225633546,138.8941278621212
8025.170857699828,7822.119468700204,1359.923938595846,335.44325448057367
4552.851500007753,7393.128223715897,1143.6544897097676,88.91138703875654
3740.0692287175357,6367.085817588133,409.8109902214351,41.17215142062186
8035.995157555173,9122.746215952131,1485.8389924277265,340.6965068568431
9286.809844114854,4469.477011671939,565.5758550058952,348.04914363080417
6118.1173841752325,5032.867222610779,707.860942457574,289.5850844207457
1720.7985785536778,5678.076781388307,107.73574751027901,95.25752213278646
5259.115365658619,6491.387654478549,1446.1203539084536,209.178108051219
8734.564101471475,9292.227140158553,553.5474627427885,30.346999891692395
9451.66869205411,9164.608921856117,1333.013469389148,42.04931412284643
6887.526667290245,9877.435629319167,1203.6317886814766,83.07914785098454
6808.115366354842,2577.2167597053094,541.3433915282877,290.92105801376005
2467.3082836633184,7155.538350815441,1000.1885535756745,192.64128597329503
1909.3139465274005,8134.7786133182935,1377.2623031625267,340.13001542279125
4167.755039516625,8149.8376334732,616.2930858464732,89.54605757246158
5130.8501382701215,1274.2196528857119,711.7914158707853,323.73675088955434
5527.657619140134,1834.0116240630173,903.215062189062,109.18964901695998
9418.017674615268,1519.0406693111636,156.49817769196846,73.7886221590314
1712.7126920019523,4605.067915137368,757.3504059377279,161.53802570933473
3237.559052895853,3114.5533345429585,903.8216567106009,92.12913194099129
3301.5770154033976,2664.4285115560574,1035.8862395915753,119.43908761489487
3651.363334678078,1685.4732887549212,851.4800031953256,201.43256111076843
7770.756866903174,6077.579925436906,1101.381555089146,136.2644263346525
5419.281340414114,1209.403437588412,1226.0477731368896,214.91422090407582
5265.924309305264,5844.59448386889,1075.5033997595929,217.87798446092353
6021.540452911411,7270.052743350622,1432.037118399454,265.71853111871684
4240.96880215879,3253.0550694769113,447.0517426368076,266.8442284870868
5168.535784709924,6778.806975671022,1358.7811720287357,351.83365295986556
1537.2816768588668,9924.199100366437,817.4185381876275,32.33207077828922
5316.3036230660855,8985.953202999839,1495.115446756763,352.16811388934036
9613.981857879873,2310.01248965894,101.29817445071986,247.23480789821528
5425.4701006023815,1912.6209669070008,14.017577594661091,177.34620855928043
2256.743814836882,2581.3084872000973,1021.3932838891468,294.13829152092984
3256.019819874286,3656.9267821061258,1449.7314941116072,307.1494915927993
2965.0986473925605,1673.4044408354316,738.4343386900939,196.1504712389273
5274.921009327352,2116.626481037232,1408.2560615748146,258.94643768876915
9418.641230186484,7195.210776765459,539.4346622152146,193.77566631765782
3710.2445412263696,3612.348254688243,722.5324590361932,279.3340570191382
8506.2283654628,2492.2019493971784,498.297040037206,355.73963454890213
3832.5874140262968,7736.176684060544,616.3141610515463,348.6978744983303
6748.376776511842,1756.6015723204887,615.1540702107387,164.27402316062
2438.0795883941337,7994.711970522357,750.1294383728131,245.06204865453478
9588.651840316175,6234.681005028597,684.7435704457482,133.92820373272272
2756.8373035725244,8267.428938404368,536.0087456322267,103.79595254214067
8435.771246422639,1436.4116822156186,1264.091798802741,152.54613353831343
3961.0589304461746,8754.585868603044,869.6063020945206,217.83284069000453
6091.329209996265,3950.9987772459394,1150.0365776527944,54.29253957781136
4278.367109454959,2448.3193035070376,847.9969110606817,208.84274293771747
6063.214516569059,3846.0844529739925,540.0643979381754,79.7413567733252
9214.437621524983,8444.351458455229,766.3350470392489,56.03862489751082
1929.8585575787324,6649.9432961654375,488.9996723859907,106.6610353510217
7964.587671268989,6504.943369253991,718.2422759262403,172.0743694370984
7925.095228388988,1544.2645903906214,738.8395504585304,45.25631187044004
3791.9205178758434,7276.151507946664,776.6521906540811,161.81178400187608
7263.237515940179,5453.96760341677,1356.625117130782,328.2104172897353
1568.1490179969078,9102.348988216452,1378.3663032720747,311.54617097197354
7043.900578649773,7352.532466358667,644.0866862929744,324.55564149324226
9547.100417014071,7720.242458759948,1378.412960664924,51.91219771101726
9651.7329898646,1193.0640854038938,596.8030004012494,145.24308682200962
3467.525576132083,8703.705972997603,1067.5007424859164,10.463071192724923
2927.231673993704,6750.044374609931,863.3711834119031,287.4801781735298
5021.052916369355,1845.3447943365825,968.8929872833254,208.55985857974215
5035.2717676339835,1595.611781074798,268.18161595064066,22.218628814889108
6067.1720907624185,2200.259096026174,905.8328719173916,123.4718171610899
4811.87575830453,7677.838461544279,1075.9031799074435,318.5588115636665
6744.097792817215,8181.357050361944,568.436168093387,329.95497829311256
1178.059211966437,5276.922124648755,749.9875755572815,196.16065487044136
9651.440491386127,8063.882349863052,661.8766651852812,318.25673118643454
4072.414812292618,8068.824248532431,260.7271585924223,174.27713490789952
3830.610755685329,3630.894957980257,543.9644137131797,110.63709989570908
7709.227257273438,3003.1355001100274,1258.5339005310962,303.5195515669878
2387.3748437612867,2632.373871153788,109.26417131870097,314.93931158359277
6904.278471623155,5700.122739912917,967.2809526692314,237.4176228679342
8277.544064853748,6308.2327837349385,972.31786123821,115.46885116429073
9124.25122874663,2827.340564201227,802.5406644958827,10.871312912314021
3632.853854434485,1564.1883583250942,462.4363581619231,145.86375358536978
9987.803535004887,5533.285610263496,759.7179266746202,281.4886282056485
3827.312797670093,4111.151962398855,237.93780361011537,69.30561897193313
6643.984658177272,7497.744823623048,998.0932260355645,351.33402550823826
6348.153698251938,4969.42978946782,690.8138299113516,24.640342766899796
5287.7678373379995,1792.0589880600232,344.51361180351705,317.881334797575
8285.440187664413,8647.64562107797,881.2073382381549,203.7617745823641
4956.65994824446,1593.6761271330095,951.9824351717243,162.8790115813032
8854.468536743283,5345.2738610951565,471.9074084582175,121.25187143270705
5068.251595816799,8886.804684397383,294.43246731963035,259.7695145317203
8723.755377580243,6380.984190740109,1126.543035182189,45.697346879537534
6586.242051175228,5261.38654633458,928.1882795739053,49.593115748111884
4975.306715951332,7995.074441054029,178.35750943080515,150.23580581143207
2895.7873825896672,6174.30440773107,1378.2962605422854,233.45104624494056
2846.8504596812404,7335.52272907641,213.438646782808,33.49332717973534
7862.240465199231,5008.1820502675255,1085.622136330994,22.370326027273517
6823.929077248536,8116.025102482476,1498.883833445359,7.467724429594745
2684.9825362146253,8715.452435440691,1325.5606663126337,181.33320215164895
8159.022569385454,8775.875234908854,831.9431131300138,99.24463324784843
7604.04970418043,1739.6866617234923,106.90428030465607,5.438919730090389
6037.835590707374,3356.036694967563,180.80742373577252,116.68723243540848
1479.247572530345,5312.165888668261,478.660443687389,299.8591420273649
8816.834166590725,9981.086405848482,1470.8813463259153,154.93101781276303
5251.330277743186,1582.4608387911555,629.0834051573098,235.0069927387181
9990.416666057445,3377.798419889068,1094.2520675227397,127.2808497628571
3532.6909024246625,3112.9632745747504,623.8989167644369,306.43659531371276
4630.894344484492,6124.271732523233,583.1869343604463,13.938475457364179
5296.640649992163,4863.602368075379,1006.7495541234164,348.8081979839267
7306.127254303859,8940.03457308826,445.94527574497477,272.7480427330027
3857.0761646336227,9618.889121053728,1113.7719525127836,173.05865391698197
3923.5451979307268,3336.895695071807,754.0933374525933,331.9195248103089
2696.001316567267,2979.554026182396,494.1973019483906,359.1344204642255
3413.6436742945475,8567.391942030845,542.3374763996579,329.4499703092352
8855.869396412896,4721.028204290607,398.60344852351574,329.6186834112548
6337.068899361809,7983.052732221379,156.3464397028341,315.392346264832
7641.754707112859,2147.1814414561277,89.50983468201862,324.0713749720804
6675.795280481784,3272.447876482454,308.5417971725373,128.39007656444227
5400.06441307972,5331.0899516208865,770.1858841473223,143.84195194159997
9038.030249052274,3683.5694910802004,840.3092056011803,293.57011126661564
3958.825657960678,5676.045029992917,1074.225843369866,321.6137208903844
8808.410620349337,3997.0972220532526,780.3477744088412,221.73889943581798
7401.839192670237,2293.8807403185165,642.3488184693708,241.5482446907358
4216.214252208434,3664.4736933920944,1132.6049908884615,188.82147679398105
6712.524395750952,6218.406541128338,1169.8552602683703,155.70681038353152
8788.942703467157,8855.280502504414,80.48441134611419,232.27938217175137
8041.908940505882,2337.076137941357,1142.2818871160273,320.74030739317595
4637.52041285593,7615.382032505746,602.1813035668819,259.8894619184676
5130.836809410253,2629.5644372065367,375.1588520696292,95.78351984363503
7326.479962123227,6258.091715733408,1123.9596053616654,163.8783798840105
1459.843085534188,2874.181481344676,1427.0285797143729,183.9729409406737
1618.0405556584767,2641.753587385928,418.0158934649724,258.1588252613224
4779.11949520875,7317.675295361859,1440.1487881628152,338.1165992818337
7397.220689763905,3111.222728944672,593.8195441541893,26.800272048484345
3369.7755980873358,1272.5487912348876,1469.2773159038443,338.4731456570491
6870.238286694837,8086.889168339187,1049.9481365308861,130.1198033241193
4110.449285230569,4772.010975997324,713.7414155996394,40.81148949869097
9798.911933111434,8127.497659854897,808.0623550010195,217.56813642168498
4695.848067592818,4252.022738704711,830.3946652120989,245.66143158982644
9300.482681787416,5287.914936936023,1227.3594202159716,289.42231459715475
3105.084058584861,7593.25185566701,1174.9959460314483,82.33293258129278
3711.216933572683,7418.365877331261,1345.7936583958788,135.1019306147241
3664.1699530428536,8268.034215066935,244.27347630455145,306.108615736385
6000.575622815845,5237.310867148553,1008.4584382565296,53.655664706785494
7508.1323271236515,7161.325219241571,968.2294142790098,280.6713567487342
4000.656403745391,6038.789663643946,1146.2466150126904,57.06826312493679
1495.4148604688055,9576.839586199278,1477.3235093022063,13.64329027473029
2702.697725955716,3260.580411782663,16.312566717111565,182.41019900512688
6866.040462191618,4928.459454266446,710.7095445655742,350.4029939299104
9278.658737136539,3401.9766770396413,825.4465492539053,190.94021587280025
7719.439207749866,9423.34203218288,802.6830101470281,183.69215161144695
4492.716463810962,9137.650597262887,538.9427295123277,57.314179772265476
4319.170667125312,5055.861724377304,1063.5202108468482,158.80673131889273
4250.54055594299,4203.5287707762955,475.6156479929479,162.54567298186294
5941.914394755771,7029.196220163404,1006.7996143592417,203.85098770656234
9073.791229324674,3791.9039096269516,1022.0307561941163,345.59175817516336
8973.57986112132,5399.454301247094,266.9869909238682,85.11682520898312
6220.881701195876,2991.0475445345,847.6173195510295,194.76464334853128
9958.033119160707,7960.864708508098,1103.172023301507,255.99644150035974
8599.113948970553,5229.1936690177145,1476.2575101347015,129.1864498722368
5543.663974489258,9621.138827114133,454.3326537425694,244.9026067068163
3036.7157230423836,6875.570320154453,624.3091733969786,152.68437249161974
5427.043633070264,7971.10091815772,688.4090260316251,110.32454144236459
4158.189022039908,8386.706495983988,1080.6902737994667,25.199793326037334
6033.831622309632,7654.093815721529,963.0634144467238,339.9760183639579
1355.8624464644636,4687.5344264721025,636.3356809896009,352.9571602652439
2527.7154925534833,1986.7069853592982,569.3315902328038,107.87570952519185
4865.350069257807,5588.066717066468,1112.1362692864582,21.89655987532036
5554.97955447385,4582.65914990009,728.7723973441996,301.9890814810901
8646.983492846968,7910.40555136389,1421.157197752713,16.404606069080025
6760.371754120303,4283.075051411988,92.45173292497108,345.2538391128914
5997.124539255192,6409.48812287591,1298.254541770786,132.23524721762584
6667.0427859086185,1870.6450055271107,735.1933780406035,133.22333891578472
3013.406845361449,8825.05712889799,835.2537450489193,343.57736224856365
4665.291668656829,8384.696785392256,801.0067725335425,167.72529922412167
4887.79526604633,9507.354357728007,441.0174172769231,245.3185355122408
1456.668977577116,6490.3351383539275,1095.5964012444372,180.9667497091055
5360.396538916221,6875.784133216498,1307.8019602597951,301.1007303801716
2249.7382472338504,9738.270301364679,1439.1605869502912,278.7547035078225
2203.894028823517,3287.03730066733,168.50512218842817,166.82895576081128
6299.337270626374,1937.7446987430167,1256.8491783584009,7.162858597943603
6802.2821941438315,6075.463045812936,1306.2030247135212,195.18345972679668
6612.32646978169,8747.369283912738,676.1246785664783,290.07377704940416
6022.375407595214,4957.538469677776,792.6148459098174,123.61009353825972
4389.13688229426,9243.987850362228,181.52930921456624,185.99935956518664
1481.045881470694,7871.832224322536,728.8264826332454,311.5855657015845
2603.4375092597884,8740.914624808232,425.23595136825804,140.3972512166074
2501.803016465487,5233.437256484074,60.924123136207626,305.4487570139567
3579.5304228949717,1431.9354440783159,890.7756769587022,264.60206771841064
6636.1515380217,1731.9150767077226,135.4967707735424,161.10565008249
1390.4820925487988,8552.245113902343,1401.9764926850246,152.64929464958158
3369.8070363055226,2964.582609443223,1169.5178184326337,190.96928274361022
5300.704488800639,6751.836549469074,625.9556098639466,338.43139082425625
6683.849401995474,6798.602817414392,970.3594793854439,4.135436974140889
7477.216261233005,2692.456993037602,1330.601889061412,112.10966629023838
5831.332796402765,6402.978742005528,980.4588744464543,156.41489090654707
2001.969714779775,5841.716810770375,801.0270218408764,335.3175543532561
9148.053513563722,9640.02827730542,522.0613640635426,308.63595151218163
3646.1917565475874,6230.02360038559,50.72126770713166,240.22049606474346
2644.8688400590463,3788.8190808749305,1229.0929793856026,314.64631842986813
9544.734775637999,4143.876047211778,1340.820738976602,158.8078061537258
3186.9068578779625,4116.037597453643,497.77377096255816,99.04693823717903
2591.1578047033863,6675.358681403016,530.5733006287911,94.99349202308005
8599.9552956222,6282.036005448117,470.61402321259715,14.282116343893533
6378.368130573439,8047.593570556545,1176.0106680583726,163.1567010306518
4025.369357839112,6607.216390462944,1259.1022788694954,69.15668699588005
8298.010663251007,6249.951988947016,1440.733082088898,106.24198846266015
8879.414374434946,5316.50697414843,1107.912830069615,154.15059167589553
2153.596660521502,7295.402733358627,596.6089620803173,14.77056896586063
9085.827344659228,2362.4318490299097,631.420580887028,160.02012101666554
6984.329032196859,4693.439555431445,199.18882724385514,144.65837959550734
4701.0660902658765,4078.8810861874017,256.8874449545003,206.50865627464466
3209.2433491798256,6642.5799002577005,697.3349330982265,184.78927388475026
5490.298164774316,8833.471266390425,1496.161162279141,64.96153943278333
7386.840431753417,4096.329429901388,385.4697745272291,310.1046240236996
7616.017598699917,8191.046458788822,1419.1610354779355,36.488486834524
8423.681309401527,1973.986453951476,1190.2208027604938,173.65009538242785
7332.132639761572,9240.78806917883,699.1965630181119,82.63388849935427
2146.7052908203304,5015.373461759016,1149.920846463427,72.10602421785357
2039.9239498476632,9780.1926614653,352.4291300329113,351.0179477671433
2412.6347672824695,2660.8072539986933,889.7732862383967,331.1315503104435
6449.219471933934,5260.323329403783,1485.495400454999,301.22574203708797
2317.963076004315,2606.990445449076,1231.2846842782494,195.466853430443
1970.5157612965459,6690.570330320445,688.0737582676993,47.97386198343597
8060.852722868128,8631.226092819386,522.4690721666973,173.89221286895744
1818.2712448514717,9618.000223286626,1283.6203883109285,46.71157408056642
6832.587002219553,3850.208648931115,126.98011867887728,252.958448330486
5668.144126707941,8902.426803721799,952.8196236224135,210.25557856417487
2196.423043254618,1828.2357738364444,685.3497004761128,103.13530652563632
1578.6548850840272,9322.225366474071,1416.0281768247316,99.71364132301419
9182.260167190234,9630.641913932825,1134.3050485124907,116.44788769683167
1558.5697930309448,8515.069659814606,186.885566809274,317.25671171172354
9824.505882152474,8841.157198381796,713.2673366237336,198.03611948982288
2074.1587718641463,6845.167580655553,975.0454966883071,195.8750540461551
3100.869687641845,4542.256807935899,1076.180205863944,35.43654148199037
4214.60297830823,2511.907078585818,469.46618192538665,249.6558789827281
9194.54938292204,9796.413116450774,1399.7332321022504,114.20202589635126
8276.165695776821,4498.683370028536,417.25643050051787,138.08241546576227
3753.0204955314975,2333.108851410655,1370.0657323391426,54.721370049095796
5609.331100069473,7141.312804852238,718.5616122290338,218.70894262544525
8740.04095251087,1683.7568799438732,473.99334886426044,184.64465253424348
3692.624103946192,2562.7996700513986,1233.7015012698498,113.91084560035061
2730.7207353979597,8879.622771331422,685.4178835693414,183.60973588826837
9946.994082894334,9555.235082316543,323.7863191090665,282.66322168257744
4080.892887363939,1652.3027192005802,552.3303214751197,70.13895969604238
3812.596138925089,8794.84901948955,1197.1705557841017,205.65542714777172
5230.799628024193,2472.8901292592054,666.9444451073791,275.4465594040169
7614.385236989495,4196.772310753124,563.3119926756967,327.73287972687797
1735.3281508733953,1100.2888468961562,1100.1307089057698,78.72924334772667
4220.106353839826,5017.815138849051,788.2815522497706,64.60705450680531
1789.1334331214866,6718.567031786522,168.58591775563417,112.01473984233667
5449.21807499271,9208.58403623401,62.057650084722376,3.0469554679271744
8306.839881060972,4040.6116552537574,674.4464492812247,213.74165310196437
2285.5146320940557,9876.453920493053,267.07321392538523,335.11473936255607
2576.558064470687,1956.9693113576823,466.38085261407673,238.99426502500756
2789.8294390433066,5931.094545052823,631.7398694064134,177.27802673831036
2812.9983824812944,4938.11229745217,416.64374172293697,84.1182219897267
3195.6806446766855,9229.431282216283,267.0653915957153,357.62799024836363
3498.0441499506046,7825.2536101802325,1141.2086439959667,48.515744911644504
1807.9372032438057,9276.048680901884,44.502949476187524,130.6665590833158
8862.164713639606,3543.0338143085287,1251.2962974223087,332.7406130423704
4938.588097208702,8983.218552135982,192.80167678439878,123.03976836626666
3119.614807087902,4192.32417530068,291.8545294845002,202.5783791172676
1360.415909619504,3384.2292815844207,864.7866508604046,168.45957273815966
7965.941660024332,6180.103362829148,1085.7328029004693,65.83690279412271
5243.390230198332,6373.686048435356,575.2248678340699,335.4265680076077
7367.05928972406,3773.6228616920607,1251.7578220063322,317.6022893785012
7669.19529202571,1825.4523470021168,488.1319690912039,182.21472363015053
9345.243964743306,5259.087855954737,339.0688568650086,342.1195352737692
7040.348699356019,8648.944536012357,1077.404525806368,178.51869991572036
2503.778544812464,3924.8053081626003,1145.1742527818014,47.952445552617775
6912.349596549299,3926.870695639866,494.70725213314944,213.09333104381594
3013.103466616947,6216.437528458181,88.95855289628633,216.47124234354393
6317.1883547447305,1946.618256877497,1161.6010532199405,346.20018775200487
4571.31138624413,4265.903190268491,26.530641852397807,156.3268255475609
9531.108298863148,3565.8327277514672,82.32289902963413,126.20640967584103
8612.661360782502,6521.74521849979,295.66627592752695,153.8235867932844
3599.7060534033744,4844.124230657062,1043.6889114812598,240.59708427467808
4907.16969782512,4000.7269470941483,97.90921614245217,154.73155878974998
7207.233630756017,1846.6355223170315,1234.7114530534645,317.2738459719519
7906.6270051552165,8470.469000393805,163.96618198838254,224.07950240807418
9509.522630574284,9855.91204696309,1367.8240035217163,256.96346509261514
2958.8918606172806,5376.367652720536,235.52304899074255,123.38100269955764
8762.185407303503,1480.7164206208197,711.3960034358494,339.8094621368253
5173.893130309625,8944.01816895159,989.1432908865115,138.5002124631351
4796.183909208086,7573.593987413668,381.97825871330497,231.90726294395247
5293.350558304165,7305.186964383755,365.5384350990685,7.346062707538618
2074.4938556438487,9889.471369997962,1369.2495164786956,54.77365659348782
2746.168007987496,6357.777469572333,949.2341205209291,166.05259384195375
1272.3574448101233,1382.29210460354,331.075681216853,153.06796560994707
7445.232942106241,5737.3936473531385,699.1289062265578,234.9248976813037
7022.528089145696,8129.68665102967,676.5056800855577,111.08514396113516
8494.135046048268,4628.147222900421,409.382033695854,195.36126788563323
5712.484386464405,8139.144709607716,1246.4698831048167,63.33831212062943
1815.606118197587,8095.855436295399,1377.0681098704842,122.39195974260079
4830.702568851555,6406.869638207716,588.2857420689662,305.5142887998358
5346.8697488641565,9947.232220691714,137.19106551380008,313.88813998808564
4841.3163085890865,4561.0587462171725,794.4080060291709,324.0383511395911
7137.205062814308,9897.037447142813,1395.5540079141451,121.32284801630296
8099.019418973974,6380.397707708525,1301.835956633672,313.97860231549544
9872.082713581915,3881.9737895799963,570.7270164508334,316.4233535463775
8861.428651363482,2908.1008204013497,510.15997637732517,149.49089133376066
2497.4122798532626,5565.004612015445,381.15673456020016,203.21928188514352
9871.03541071215,5896.559070240376,361.6753535474288,118.62278316232035
3236.6457454503216,9822.563492501173,1121.2706504727223,302.4604299032858
6176.56389960331,3268.420023383967,468.38133352520754,187.92922832874964
5304.323140017836,6930.6717934198105,853.824203932415,69.72139839243923
9466.362721690204,8994.633205340415,239.81570408788872,218.9469043887268
8063.101518803851,2063.109765409283,962.4024453368037,172.85238119360602
7161.446244408562,1281.1696644871793,85.98711026677535,323.18364798809415
2420.0940504516957,8496.142346263514,727.0311767052693,237.316624079968
3545.0512103631318,3408.10725274888,216.10347749009816,227.41673624873462
6929.1353128370165,9701.504999478873,663.7221212524626,79.66794436405695
9226.010605370315,1602.2257793625986,644.2492600653765,203.21243382318428
2692.871098408111,8933.183901421939,143.26028042578125,20.626129820997836
3317.3736335137455,3875.9287269552015,15.220530681449192,343.43070754912065
2411.5914257876457,9297.726842620568,262.8375022079674,202.77641386651712
9825.527767943393,8844.876625025587,102.69520140992917,172.4096849779291
3152.6881175494605,8086.580635853846,1045.1725752738314,34.27148525589188
8747.492570129023,9301.53955523572,379.70459126448367,228.15293093527927
8977.413686878399,7286.690903949288,759.9543163996178,350.78094369897343
6194.510549851575,7779.592945854858,1005.9579933518539,314.90037721917395
5814.178807301397,3870.656506095966,1448.8478338908308,96.96409085401712
6702.778687079497,9772.602598205014,815.8915998495957,158.54164302225357
7487.434256386141,1762.4868631743193,415.1228065707796,247.01692349894782
6353.897644347001,7485.091528981236,1469.7565812292871,87.71152868510774
7408.746762797637,4837.322514800835,1328.1050668228804,111.16290727658382
5388.644627816393,7208.375857299751,1071.6105460580218,41.913939021054425
8691.051985556991,1466.4806703505096,1282.68135871791,121.74559136578866
4433.968070113597,9440.539315660095,199.3368090712568,45.7574783841119
2235.370291075858,5427.8727937423655,212.23514072543367,13.357027254084642
8259.32948864585,5160.547602602823,639.2550499190393,97.04816842450643
7514.849578101514,5594.550632604204,214.6869686087344,271.44056866821285
8336.84916128377,3309.482870091538,873.203451071541,43.58448962045253
6655.534117104197,7212.514537089536,1228.4527349675761,214.10664018246746
9400.145337474798,5060.514204309782,130.7110273256398,262.2871227105094
7103.66930920607,7940.83820785515,304.90374683562607,32.077573241781295
6292.496958109753,7195.4066062679285,1036.8956747646275,35.54834018251247
4253.8059006461335,2254.698916136117,1381.739915377781,4.896429448923475
9517.808551164402,5817.702664213551,1132.5270670418556,318.88979855346156
8197.693557715622,2515.6332799288352,507.5776790179272,173.25295182829973
2812.2193352502495,7988.785333153718,169.8763662748945,127.0595907738448
4598.691639045406,9868.674374599666,1224.0784563329778,76.5322714885787
2774.839375012737,9124.63231056343,1342.3253199212143,323.95119506348436
6910.285184948233,1478.3792190179988,914.5587541886641,61.72020315224342
3769.9977584361523,9467.26889951699,1037.6372944422458,161.35048049152778
4353.9299259685795,5875.828351462838,436.2672963464868,351.4000195559314
6292.295281560876,5560.098255120286,1009.4204171097044,272.4715188562381
5245.941422043059,1405.7898762483105,557.7182366917574,348.3817419512106
2978.6658039358226,4677.908978589425,1231.9928206931459,126.19937212900712
6773.247907652886,4518.41185938327,1134.2176178313498,286.8595795837112
8455.078719495046,7578.467150009593,345.35920712165193,288.2012072283566
7794.634748140975,9181.760608314995,707.7204896159291,248.42484963337563
9193.679901101837,8507.742915663093,766.8730990111745,162.98507330195966
9996.72537087133,4607.907105996566,883.6236035013851,292.6247259159375
7895.4181996165025,3165.524303788214,352.5940911504919,36.315575486464496
1703.4457628799514,1637.8561135961763,138.82920294339345,127.47308372090366
6575.492968065168,4696.8100533298475,347.1762413864795,266.79461715492494
2994.0442504305615,1507.3635865532244,1024.947532896273,115.58962420019711
3032.4860380970595,3549.7901696862396,60.51442093514864,254.1023023337681
6143.57729989137,2093.5673772114537,754.8848215565552,53.45398362647847
8849.733592930825,3010.8235613026172,780.3106169635948,287.1561100319697
2525.7140884832907,7465.227239104231,1317.9818614863175,165.89115800207315
4703.946822169295,9056.170162933715,828.7495502847228,33.24433044224228
4297.296460213991,5959.6675599236205,1445.7293821196674,330.80231946705754
4487.837901036614,5455.064755125673,802.1077035725511,7.334821609608634
3291.4492481776156,5981.443517389874,567.5013607939298,349.20124540008504
5214.713299979182,4861.519673749307,596.6296061290144,28.238824939659857
1625.2411015436912,1122.4596310150205,1187.983399313743,112.48892483472582
9374.12281098225,7818.2830145384005,623.3418706936255,239.4044927882862
3937.1565159907027,7792.1111097356625,700.4033298062652,9.01179476200295
5028.250176488033,3269.7009943500807,244.03813186752095,186.88755854028062
6951.609566866424,3561.2612587522935,1223.0572033665028,229.5258437802513
4494.193851688351,1578.7164917778252,1325.972479002166,156.83823939307126
4941.437219697183,7783.4266832003705,1206.6269531060248,348.4263114894919
8574.844601223132,7965.738431526179,1466.0648167078077,3.0603511459233794
8534.202411891412,6711.448498548625,1145.6781148120303,218.07783349567222
7712.129155516608,2403.190098463301,860.8289248191203,220.79021716762077
5695.219572354126,7143.236918081236,366.96375316676944,123.17365171827797
9704.814954848338,6062.40727778893,41.467224537579575,62.85051609003774
9283.39346635008,1162.3901798394297,173.9779652815385,186.40607796544333
4701.662762662351,3277.8090032702867,59.03011555846956,74.2076314998123
5673.319674824588,4279.267010499664,949.3572571637105,50.026599884954265
8960.604959177934,5840.976830505095,276.3072935583988,193.90950647291734
8616.04084157884,7742.217111157798,1116.1970301514862,341.19308590056613
6170.9814511757295,3580.7783005719684,116.29055333865577,291.39991398081247
7919.705107483701,1344.122265451409,144.2301081599928,29.05766349407644
4074.244088501805,7858.1086315584125,1483.3256124220277,295.2307950602481
2499.0667419283263,1998.1667816468944,829.4727272785393,199.73919254403057
4411.165865450364,8989.438724814067,164.14872328826087,182.29811081324095
4222.395151815454,4295.215274043518,1195.9305232081401,137.30189643199722
6697.917635481151,4034.306723150274,895.3471789778924,324.8129464738483
3932.8777083525383,5007.384040192628,416.6177919373916,16.915774823315786
6412.30841150562,5425.9642431819375,629.3994821327807,259.53431889121885
5611.151691877258,7773.593929592094,1401.521627363042,86.5206600205532
5335.2259230189475,9895.469001843081,1241.9166487782516,92.6435125264658
2579.2906847051295,3062.4948056461494,512.3668079085037,150.65053301137914
1386.108706863537,5215.5751490899565,1060.6215546636054,79.72052793202207
1587.030630664441,9725.058341930764,898.6902051604546,333.28350865320465
4217.483463188113,3427.648432881972,1138.7728877955178,54.75645314712193
7910.769872104893,1129.7259739944059,676.4582615929861,351.59774451395555
8547.405564862107,8875.294044679467,727.5453304180916,199.8949653301096
4609.870943587432,9500.808880047936,1041.7234666777622,118.93152500552048
1698.0695617068636,7806.117365142224,823.2241709080563,345.3375472527428
7694.941024815588,2416.737752108411,1195.6142987992246,244.68153414176004
6091.0751835649,5109.492653967203,696.6041575200381,23.79781312729697
5347.545462596322,5000.2009675889785,113.60436656590926,87.33285154363328
6635.814921923388,2780.3300092993068,1186.9590522785445,254.27902291926327
5905.252593899801,6004.491969090476,236.69404234639046,321.9303454905037
3540.903833756342,2811.689377829798,1201.0073307123246,187.7883246883711
8333.827154392364,6523.979487934683,407.0326412593576,60.65574836603088
1306.469025819626,6712.231981405948,766.3715341723034,259.8942381310095
4146.69166725946,6010.802047587778,597.4176551894441,304.47335127713353
5013.119948634514,8999.526724921598,28.455422852574433,281.6765938674659
6785.482787398966,1749.1157604808805,166.95069885085334,226.59356660675348
6482.075486782898,5707.393888611285,388.55604551332164,300.68423199420766
4666.416142804946,8015.338973453296,180.88679211141877,170.08924873334422
8136.859543360943,8721.314985527286,630.0034688235703,135.6685807212544
5210.790337027928,7785.446850192051,433.6341675972274,349.18784770535984
4094.753997727833,1706.8942370718464,994.303092656976,72.34243002403565
5133.264687963245,8408.70413845803,1439.533692742955,6.3884068974778705
4368.7749434443485,7583.7140248407495,1484.8833517890198,295.5579486255162
4546.938139273749,1547.0340859638318,1352.1688019927094,304.83027608082455
7213.503521918432,1626.0182321849766,559.6548083230258,277.74087103253527
6497.7552444765415,6777.299807794203,1222.2551375946714,220.1759369703907
7483.932513455065,2054.9310600360027,225.44107918509707,256.16200028817514
5220.806214143652,6427.698790118208,1420.465060174882,316.24190563385423
2636.8076663788243,1127.1394224283877,1020.5801668808303,129.8382001060087
4274.039850991325,9952.624646576267,1236.3866349099126,107.8480765048297
8044.826268693412,8457.191458523088,1176.05724473131,168.105655391408
7472.454382469485,2927.6894931152165,42.40859956177399,339.9681055013614
7987.308960745147,5903.778117077043,918.90391062342,69.82397493307238
2622.0363570668637,2979.3888802487763,1495.1484387759526,67.90878194297272
1915.8667228550787,2262.898599771819,439.31832257655924,127.95828119644835
5838.836305527188,3281.6137161746983,1225.773863487496,65.80900151501591
9368.544352663583,3002.2605611038825,816.2501090358102,201.472938890882
2215.0387157883324,6999.16533051489,23.88963565130276,190.9742236824163
9662.314072461413,3331.6316110429057,1058.8870891049899,282.7051441510717
2775.4808900072303,4821.97231483865,498.4559500460947,280.912897673647
5206.850359172735,8629.846956868658,1412.877566217166,1.9279482657982143
2833.464308327486,2738.527341997612,933.1044845885626,66.57552229910999
7150.356794938728,3124.480855615072,696.7881434905952,318.0325826890642
2872.587331237618,9580.993650777029,1417.246819124563,285.0062512411249
4933.794405109145,7877.052107246791,240.7972516878356,58.67561153187927
2451.5691935870964,6120.850019608236,852.9421246696783,71.36031959383186
6586.86062066115,1828.2353155903384,75.16703535001484,131.34561202111124
6954.183711107399,9383.468672483179,1030.7168505713655,148.33491044838203
4770.583757539025,2115.5461713752106,1337.1507114682554,232.27121103689348
1440.1426126077915,5078.620220527337,962.4252170379353,311.0715905303494
8058.256611496132,7706.828471948096,36.114698073201346,330.95265826149654
8940.933847913671,4343.15824764153,551.1112049793628,45.03139905442414
5870.721053750181,6974.357961160834,16.495806659341586,277.9199772370028
4478.536648656387,1904.1407721531941,1171.7923668544636,252.39146070694264
7053.306091270378,9872.31912033917,1257.469968174328,34.90068640582857
5501.537592202317,2264.33494691316,1145.245477462314,319.711457378486
5008.385472861373,8958.790790118106,1297.185906844181,54.21263202580085
1478.840324958931,2675.1116004136193,576.230183138683,248.23065149502872
3388.7917255200127,9879.72964529576,1077.0302096254607,103.57184424518094
2645.3493699837713,2916.29820123526,719.5246799380171,250.4475186095574
7850.300909792067,4633.825028270185,305.58195788775214,130.69796305742216
9331.407083468835,3242.828390685346,548.2953049879756,177.9354902212321
1182.9897771879446,5569.284738499153,627.4431637494425,226.43725463643483
5541.010322259158,6688.033349590106,352.67363633797413,237.67813936999352
6524.107402723945,7737.746707465412,1009.1039686627322,89.98851875990484
1909.8783704974367,8434.13882416433,655.963791396995,254.6825492584536
9481.353941304975,7651.80503734477,84.22252141525436,246.15168991566773
6964.425244619801,4006.776182941258,770.5923584652603,87.38379283550925
8383.003276974547,2991.8405633117577,966.0983156233552,214.76985246126114
1355.2558976598814,6828.648412438883,1100.9088601636963,206.4935753948092
9104.986705214153,6883.837895492702,915.1423073614304,88.97793603904648
4056.9371468189383,6274.053564889341,1441.474017249274,69.4213215587082
6303.126359293165,1806.9103721165536,435.18677491188805,339.3386139229514
8662.53463571165,1656.79375303413,406.6321466787777,316.34237626702844
1625.7664074974432,6933.625490098302,836.2760645758704,129.5703654692913
8975.430117055443,1910.6835180441344,864.8549859931742,222.01356652864098
6152.346632617089,8946.279522660658,274.75754960942794,351.60406940753523
2315.524274086834,8512.616513473396,73.76319027358487,209.95281226276686
3940.385352511741,9191.253704058123,273.14818347302105,26.891350425665735
9821.406949575094,5758.099653491055,950.6867346853384,106.610909779622
9002.5887122176,5061.624711992827,806.8349800688516,253.44354931326305
7485.865232349455,5978.975721666437,1395.415924387135,84.46199111894883
6861.197793004473,6143.078536209271,946.3438365958006,102.4644988167349
7938.428801313824,9531.548900323742,115.86354425910689,3.1222928216706554
6741.848693144257,3675.546182433112,562.9050950220086,92.21633639662096
2551.5656629520527,1415.3276957918522,1288.6959477898015,34.79404234904501
9596.407993321121,5809.85911790105,1180.8994085986892,114.18651681715902
4461.021604213862,3443.037130364696,116.13148319215648,81.84266412627909
8920.68910427776,5659.42792364137,712.5959839423427,71.98554103079289
2453.4359417325436,7566.247926973965,1161.964004315091,42.928763865326346
3607.4233335247213,2712.0496016371226,1076.3554911319766,20.25386483941421
4378.088547257945,1271.4780972539015,545.9603195592424,50.32442688808368
9805.922812142833,7916.630181836126,1135.084393206345,344.9467481150648
8175.323815486343,6771.126669025432,1022.4208127153278,110.11619959785786
4781.365082058722,3866.5779688468438,734.5199381782523,232.10574008735125
6022.253463354254,7593.590763008739,1032.9174716616362,131.20668057027873
1888.919049436323,4830.466522122051,1156.4015095907182,32.2524896424229
5954.925426893401,1918.3718559997285,132.67488289093097,350.16111400579547
3641.0709905446747,6739.68358999148,152.25615339801476,359.89197344385883
9610.74563634582,8673.122095202136,975.7077692294956,313.8334251719638
9341.328786743847,3002.9764327532525,1431.1567494846413,38.88581658497768
6718.702585919989,2635.346877061565,1126.2537579781217,271.3469263773909
9854.897943389484,7458.265589911765,137.5196508292941,263.383309321591
5555.240635203366,1242.8964755839716,528.835833487323,126.29726594747679
4132.5138376594205,3433.899640636107,436.0554864477235,130.11590861639806
9565.432762859642,5895.237557721817,1474.6540241019163,99.35698630015519
2921.6515363278045,8197.022514767159,1184.132050900635,354.9614584066521
4956.519630048775,6819.75219699783,561.6750346682335,90.81017700402589
8118.880429175417,4161.11117766047,76.34225418288194,217.0907369195217
6986.593734626177,4194.195530830675,1265.8725149195425,14.539817873135892
5923.380366503346,6967.741177045167,1340.8703054292578,57.660907688167164
1763.0779332257284,4721.981059558092,16.811664803263305,169.09020956617098
6487.955098393672,6940.9631586263995,851.9047147198526,338.2314925336169
5330.028882997425,5356.780055839758,819.6822616766354,171.6492672812315
4672.640989802079,6310.623635006003,72.59851622253537,328.7992670782053
8853.091696252537,7298.734354807009,606.7024443802575,309.97949854079405
7980.4714991143455,4001.073317853309,226.82673127642974,257.0251225913579
3344.305873758375,6977.07563243659,680.2694527100539,317.50681992159633
1389.069014378581,3246.566373922437,572.0956789979405,86.01602638621615
1386.4558530559004,7647.635076513213,785.5464890401743,97.46852960998483
5002.272417033131,8811.102830274325,958.2973598987462,328.9519200042728
2093.680366348524,7884.951682070142,1245.305641696864,136.2748479024029
1600.1969817452705,8509.737521413037,420.9191475183596,244.02621652925782
3823.606336529951,2329.7230920738684,256.34428229229763,359.6698919776848
4094.178294724122,6219.337317449253,63.473562481520695,18.588220653050467
1784.8479025370084,9771.24467727242,1437.2505545317604,86.06804991605887
4810.283723359729,7294.754380739002,547.0233254406129,101.44097013737775
7685.69422373475,9712.28284461133,547.4584972542583,223.29377529055273
6826.907013841806,5368.601293428447,623.1407285419232,321.8076378163681
2402.5681790880844,6742.821904405607,168.6722338180996,79.326836309557
9765.255702860815,9096.806266417167,1088.9221520728427,271.3611102905365
3164.5882876200158,7440.909479221028,310.9980815795322,135.75545080607364
2212.5002761756914,9526.640457113841,992.6881097298786,36.20687053874371
4421.215121481922,9042.951884113889,1403.8170303565141,26.7267486896631
9338.524768438527,2337.819694015398,1170.377513203225,307.4187342383568
4880.916640027714,8487.869001906565,187.81950906317655,24.264694478115114
9681.499054294138,9083.362799580736,171.49492666432067,338.66502941988074
9184.897957225821,3273.9481768013834,1039.023745100327,165.18273669325708
5948.0337511308635,9748.389637543018,756.0988337535158,331.75144391845436
7012.962467037442,7392.563939456164,325.7793185487098,325.9217456016584
8283.364257842126,6804.617982458198,708.6588623649295,336.96780404294435
1294.0107539178048,9796.458148405385,792.5034313420124,97.85021654066836
4580.470024726402,1634.5610417192315,489.25817124138746,249.77176698819446
4400.460517193673,7583.792023837669,1302.718601213804,316.81709694160674
9774.267170339217,4959.904590739238,1224.7992143601446,84.17429479564349
9327.017701451554,3259.1870566290377,1087.1907161734632,124.34130788004963
6502.888406641224,5328.534592245179,34.199037715468144,38.558206865990556
5301.834837274561,4888.092073332025,409.0544677449316,288.02697829573117
4673.338038182723,9382.26190735431,707.6988019659944,134.6690922723286
6615.416104983498,3099.032831677768,1402.3828237981095,275.72201547165486
8081.111024175569,7758.737855983482,253.65447235335617,219.37161178489626
9645.124203210162,3495.2105981873606,992.8744047261941,255.16812004219005
6278.984747619064,2764.689772479222,29.968306048416682,32.71949134622131
1569.4777167485356,1213.1667815388323,1032.4299599910896,81.4964259715336
3177.6804649399023,9264.617667210128,1005.500934989852,161.3288896566694
3577.6451532133256,8542.220141844551,776.0024895757235,336.8062841115803
7652.096154936184,9449.629300031793,1392.5591789595496,353.53193161324674
7334.372991316133,2676.4503851093614,376.4374825618622,253.996961189683
4879.771174746186,9488.821864619184,1085.2423525928775,206.81806976437835
9913.853965444823,8460.650243173364,464.53141035650265,210.34856693532757
3283.182149050755,9625.871641501511,1365.1859261717998,152.4019934248033
1194.145975959582,2161.0201335565907,1120.8985604848278,230.50186166029007
4823.755278128443,7013.362069532312,1297.7735112707132,105.49117743257754
2677.331769311839,3499.3978630104293,935.2826575010814,58.00525982650185
2092.825029565128,8469.273487783536,70.39582441753159,293.98404540339055
3673.6271102814308,7022.118242641594,1129.3536951967199,315.0931486699395
8122.475972829332,3954.997400058993,474.4610778488253,201.83788168113412
8769.679179065819,5436.76882340954,1294.195974348187,305.9136782084307
4868.785020497937,6203.209649465211,225.32268842164862,194.70624490350394
9912.873580695014,2620.3681746065286,807.0019869892634,229.99222716333094
5484.318724364761,9213.918271471171,1110.4678276398395,155.0469874649292
6669.790325373424,7357.399790144076,1.0897200365348314,170.4072136198032
8882.213845886428,1590.4213852265568,695.0314565874882,143.68460685757177
2716.434439661372,2260.1798574528675,1066.70153182466,66.8423539214631
9101.747544951155,6002.407881060358,1164.757037860231,231.98548035611717
6513.80878560982,1711.535762924942,38.39588499347383,33.00880279775655
5933.908092640086,2103.6836952666285,122.64025225399874,101.26899415515781
1649.9996913251666,9213.090968175635,1395.7706550303556,262.2906157230745
6146.726311975464,7868.9985342748205,1173.8930943514108,123.7001039831335
6339.131836910125,7086.157275979473,938.336385656191,115.41294113569126
7698.406166702858,3544.9390805754642,421.69515101902414,8.320097904516189
4696.555686015374,3556.662557640111,636.4092664592085,278.9468479046424
8531.696169563998,8527.932972372604,66.21073278527932,291.3143180863514
1386.0698220026043,5271.989358457517,849.1886022182953,124.4778240511005
9339.389093209798,2011.3737455220555,605.1125724439614,155.5356226880488
7148.272401204198,2216.544327303851,269.01840373893026,315.46869993846263
7309.439742153848,4062.623344762764,1498.0985985437248,228.94981988287668
6899.937308305456,4254.977046868871,431.6403359879354,127.75716142491491
6630.011222923807,7865.73083338613,1000.1309106718674,235.85916214821248
2526.027064837928,2522.6963475977236,405.0348813174094,319.30591327680236
9905.97617974511,3257.675696300428,1433.4454639707394,329.3962054202016
2719.8019016807402,8115.048137721649,129.77874496587063,62.765792508197485
9852.690652996233,6160.297582315369,1105.994730792009,359.97782529935665
9766.067474794876,1800.8003284726983,1124.2087155888946,128.1208352463129
2954.454311251327,8031.831274240052,1141.8215448692367,121.88089944751033
7738.133488266166,8160.575515284272,844.1796545575662,150.65525484123714
3162.9755256696526,4138.824625046251,546.252636537028,163.45963545972344
5515.179692428064,8595.757131056795,554.3717041572756,85.45964795735263
9906.856745774154,3720.259181074965,805.3799557364619,15.617332430833226
9713.916629498326,5453.993591725633,616.6211483484266,183.06490787936485
9845.585599304115,7908.011962989578,549.4159439875283,238.8018433976096
5352.511037169809,4149.236067436396,1173.926836454413,208.2310948106558
3722.800452671583,7293.729249739789,412.67891022214775,227.33246536609846
6325.245886990449,6664.553517276261,312.7961980268248,340.8223473591676
6568.791387815896,5303.795186236687,1409.744886849841,60.22673421258165
6443.264516468049,1349.4876318901252,988.158980475095,5.127183700677765
6249.824767605239,1487.0897142529095,725.3507494596236,191.59946916115825
9896.028725528739,2673.3459477111764,1216.7836921641301,196.30790476269433
9717.357617301852,2750.6992953182007,787.6547968305185,329.70939318952486
8421.751128538002,6392.189607768661,322.99964501121855,56.62918233037386
9059.632914663453,3453.6768051692793,174.68734889914205,284.8024383950252
4115.872566288197,5753.923091531132,1019.3066401835456,7.147871945292594
6800.537210315404,1836.224652007379,330.65165796614133,210.20087688336028
5081.754536979337,8109.449833503861,374.0487229275219,53.66347011875867
7446.471449820059,3834.3242804472657,641.9887267615895,205.46571295094589
9292.743780916224,2641.767235941161,1447.6550966514094,183.0260149195174
9791.067994916622,4120.445133900261,1061.9311032133915,345.592080360701
9214.827593790802,6594.967808422544,551.366034884385,355.4912497323701
7577.116591254692,2667.3048406657003,186.90210928777412,314.97112424234723
1727.7968566972568,7495.468786576688,1346.922282275711,183.16691496609275
4876.232808371338,9555.436130443475,837.1183501795671,4.828740152850374
9955.228323334108,2961.6824418655524,653.5134843695557,213.68124228827196
2606.9844496200267,7627.539583422305,741.7539358870097,63.77202189984952
6311.903052645735,6483.929931149885,1171.1198208416224,183.8556202524715
1375.4743650119162,2484.1731471502726,126.90283326372585,16.1309574767753
4804.680162877634,5225.980388852181,297.23587152071127,18.37154611933301
1429.7227487519388,6345.822632623293,836.4669114553673,73.46541641127052
5499.555947133164,7867.399582988037,687.8127204256231,138.68302006266111
2515.7757365501852,5166.690439614551,469.28148716297477,187.94229206447287
5545.942091686699,3389.1650781558674,444.9642665236887,112.49901751646686
2582.3314994589873,7699.339661867239,309.91959307928664,287.01770129358687
1171.59029354376,2721.303162254565,942.9252118815226,108.85247672483094
8330.70217515859,2577.5556817135102,873.2307956674032,4.076442741510032
6284.853401820778,7026.652353200415,929.9146577469487,281.2207441493127
2540.8333713292955,5372.856098400539,817.7688211277386,32.52060946317948
2300.1153397797516,4672.2156313904325,993.9441036769183,313.9515262321567
5404.8721379958615,5616.948998093232,758.2260233580802,304.29232026432254
5638.426322454275,9896.881593880027,1403.5058088362555,132.1895037149176
1596.1196649033277,1655.2334770439827,150.31906215151076,17.563707672807944
3735.7145470401174,4199.158319919455,432.8180440029962,310.3152751526769
6576.520317914874,9351.014473707168,913.8527413002428,107.86226272115056
2342.556701861039,2265.4829488699006,1465.9261592223725,65.39550268310518
4182.897762410621,5277.949420161341,1374.4717973974673,189.9422218409783
6365.72860085693,8558.228972872643,741.9354183980547,215.89097907147035
5262.7517958946855,3827.0906691535442,1465.9226737284687,57.31196462352797
3443.1188033207477,6823.72189948577,777.8708589384677,27.092215006784603
1922.5534655894278,2812.461770660373,544.13067942028,130.8018927764372
2491.556207049184,4352.046650942226,628.6132100401487,244.0584859984851
3119.219897118606,3334.4847609522917,324.0141844145217,273.9738890200205
3232.99258062689,6674.10107439632,1246.3910617713868,279.2249608689934
3959.089450731045,6655.880196743097,202.92614118123572,180.20601077426073
5500.56236876962,4083.580854260184,624.0405793256657,236.6125795276709
1450.127080533716,3355.775591890427,1391.3735301373508,93.0998165697284
1789.3516913933254,5300.878413553709,910.3537395695497,356.73087700261925
5231.868529799677,4976.255761657892,904.4898862853432,257.8437658341713
2601.595542452452,3718.216288698055,797.5832719339058,254.05106690741638
3808.307432220857,7885.740622068282,417.88127147386587,166.3946450764399
7813.083813472531,5341.27336697744,1322.89936769138,27.612771961974083
9207.219073711853,1136.7577196057205,650.9874813472936,291.68240309817963
2870.18045468584,2584.3980513394354,1180.6886245340406,42.1920560389522
1308.6388547865054,2349.7678407708445,1158.7107819431396,212.904919884617
4432.536817314443,9038.55344421462,933.331399393432,99.51847792341626
6018.176175662104,9772.26651921748,222.02713060539264,339.32349423887035
8196.691931034362,4312.896250095494,324.38090250625294,23.44626950935724
6141.076265618593,3532.5342864319714,1248.6495482368807,198.43938139709198
5249.338828641478,3433.0324554537738,555.2491656545246,258.53550423499934
6438.784543395428,2762.66630495245,774.3299158297307,105.01139015721722
5104.376423111047,7720.7264299053295,1484.2937558884034,119.40014162909858
7154.162002398496,4708.029169463578,846.8710491102871,50.81703310158508
2881.5266035058994,6775.323964112797,1255.7413922675717,329.79695494346504
7012.997088044669,2208.666334743887,566.8084790174427,89.46557312652995
1904.4385950159053,7885.590245464219,64.74708140133234,222.51308226228264
5456.534626954012,7320.796590559582,212.62556378566214,300.60462320293783
5783.998123111336,6645.186180668077,738.9436441273737,234.85200316565508
2854.1160336644066,9167.123510717256,565.342353585255,275.09354280649495
7004.244560217499,4461.199950849728,753.8751066033965,197.27998471678805
4929.70237947986,2241.1631671236496,429.42965775197905,93.84268998744773
5658.0063583997135,4095.173506238553,389.34811480879716,344.89503230272425
7200.913606403414,5214.913621796301,1288.8957008542798,228.5304880064929
3186.599183928831,9001.078991478109,175.07439385565866,84.37125736846579
8449.82963022956,7258.115551260566,534.7901619368005,229.08634291196927
3307.4947716406095,7517.060611331744,1043.3315336527478,35.98038143533713
5997.166150584283,8319.710999088154,875.305323796056,322.33535994983265
1564.5188609329475,5925.440021458842,768.8858000556992,44.426592487948234
9556.76560609801,6680.213546072808,1205.6467645213488,308.17350702144137
7155.616136412741,6854.862303124001,1058.306964396201,169.2174793364729
4299.606028596558,3425.28068826163,106.04138671359708,152.1313013847333
6287.987376595622,8596.29094568958,828.3630960425302,75.48462836377912
1371.2397951483854,2592.7420141896882,979.373800712301,72.56444857542324
4789.117702211788,3746.2746578378697,808.4901095930902,303.28403452611644
3915.3275507475732,2194.611733893048,980.174093291801,58.91407663329873
2482.147563191001,6024.038278068268,597.6660915767077,319.2145304364299
4234.224819485443,2406.848965525293,832.5225423172052,159.1362475445952
3476.671642891443,8379.828659132076,265.6202091530052,314.2418361651057
8579.423955301534,1416.4403430443003,791.3758321989216,129.6807633192493
6151.467797251973,3448.0347581291135,348.33191919858,4.504186148300425
2190.835316399668,7791.560789672092,1482.0274627132867,256.4422314581509
8839.783402868863,2471.0866365744178,550.7071824920329,48.46327275903235
4586.764038580641,5783.663195008931,324.4515372003319,65.03912309355253
6745.390947549301,1758.9500316593915,772.1131807273423,259.69945949154413
1580.5722658087466,5705.402938783234,1232.475216761659,358.626130222392
1906.864639376586,9495.575182560106,862.1398633158517,75.31981832141555
7016.523909467016,6572.32618933176,1005.3998393107278,7.64012072271768
4203.029344843243,2726.035268122023,150.70396992622315,341.7480679738573
1656.6200851853791,1641.5796826419794,1087.287976022165,160.74949911250025
9784.480222567501,7424.076200198019,171.31019848498758,86.47461013556986
2021.970765238526,5474.53629044927,489.7168397733805,38.870554623231655
9522.801286129043,1172.5768739587102,982.3872447462851,282.0325981036439
9760.78888217437,9945.205128519097,977.7168746237393,21.485253222227726
9041.805278520067,8166.555165145289,385.54245411907687,25.248542562954995
1279.0020667123972,3727.0395638563177,1459.6521126493217,275.5019818194022
2243.4749147802036,3356.739515722343,914.9787796766909,127.68966970738902
9868.097216684053,3297.45259788055,1457.3583968135874,243.95621469562278
1249.3934123572633,2159.436531430839,901.5832210419827,16.645118895483005
9900.919865136304,2663.0010022082615,781.1858525904603,259.8715713581149
5249.165959778359,3242.4289166996705,1301.932879658035,219.09753601665744
2787.41662830527,8827.358187354745,1027.7466934213123,244.3980937983947
7007.281105051997,9009.508078608003,203.26501433385585,344.8724240610576
4013.5584013575835,5505.7184465475475,775.2116328123923,19.07503771742238
9812.00383884291,6906.818439105482,1431.6166384507342,15.33906836673999
4915.660779945515,9444.046571265291,207.3193362031299,34.2227837011806
7989.474164807083,5328.014814631739,352.14118734833306,139.8988332960119
4215.986437216987,7618.779905378026,764.7695235670798,112.61087527245508
3001.4002074026293,1600.909138080608,834.1713596275547,224.95256236904575
5287.221699449208,3314.9687050172897,1098.241231700024,50.68222290589852
3433.8408516512927,1929.7331242381226,1069.87054035378,38.52820751969945
3960.512928864728,9292.91118937886,1102.7286149703582,277.3487847994868
3931.3442321977204,5176.724884409028,1232.4623137802248,210.1953756350795
2375.333041045814,5476.444089078546,690.9492602470996,73.14600525056642
3195.4006479579584,5874.674287956408,931.2617392111534,2.7582920684857837
7764.9605833021915,6457.296083081893,946.2466047987383,334.32356037801554
2625.1711524840825,9916.512024050815,376.07074474440475,200.07404039177413
7159.370808581436,8270.218204198969,79.81691625801133,191.13752590386216
8124.131112183829,3039.1437538551236,697.5748529917123,251.76426456957248
7899.670163587053,4887.131592458439,558.431552079296,339.44930090217696
1234.3774348920542,8555.601883694118,707.7208600951535,307.7832784922707
4705.714970407838,2287.486007156189,1286.5441210701397,227.54909970395167
3663.2823575996854,3295.258883787134,239.6474203253018,39.7001635590465
3203.5483126381273,5120.418625555667,975.1683423300307,313.83588028017857
2465.5973145332932,8068.321974520502,387.8704538773828,274.5272961066412
5163.92047465147,1900.6523339919386,174.29029944749203,80.63515289170317
5580.2821159052655,8633.160269978933,1359.6300482211084,178.80675206291122
2327.4141065798167,7465.084255851667,673.4414721158835,331.12178944256857
5696.135609215874,8620.058553381501,980.7430514487022,144.70310010337488
6806.968350352699,5541.381212514882,1434.0215346243003,271.3301833495136
8251.234461836339,6651.889093689605,357.28268754180334,256.28905329629845
9801.716823700788,2084.2751513321928,1107.553985292458,325.0908250626124
4967.898331598553,8568.466089244663,1492.8749864135712,29.58117803018734
3165.330109831952,2128.7292927011513,867.8336251305014,253.2760906146713
7184.7690944995,9398.557123604716,1076.6955469034447,196.01812399036757
6832.790632905285,5043.041012820789,549.725740377415,236.32383656098997
1149.841532540621,3415.59878828205,12.789687181341318,207.32016816705143
2054.6144962531207,9993.82163919553,1351.155523057049,260.09271886478143
3813.12406069907,1856.4687531795817,386.0991328722339,121.80322685251171
9727.663028582534,8931.977497684707,678.609341059492,164.85847229181113
9193.44135842151,2469.6411492710376,405.21820693846524,270.42311868071215
4993.066518898146,4172.835069564961,1122.257077764024,294.154824328883
9016.021537513203,5897.767987575286,740.6663239434348,97.83463791802482
8163.481267376121,1586.1325086289592,906.9701147340866,170.46086270637156
3450.0747454574985,1503.8485243594405,1239.2492196537032,292.42711469793164
7714.746999871507,4905.480418113846,124.37518927280479,82.74455774972233
3725.658675427989,9582.512215887466,1174.5022068310072,146.8938783770948
9541.170192464544,9825.020921824758,379.8577797588833,20.741510050377467
3149.760065737513,7635.944518620841,1479.1561930622122,94.2688053060149
1616.8505958498818,4077.10534750937,361.5832876127815,11.01277498031457
3360.471934912614,5590.553956034724,501.68664936897954,120.4027234700384
6923.76519921496,8731.230169991728,118.13623307249178,271.082627836621
6793.383965108785,8019.608192787073,38.77692399988964,79.10839045745195
4306.706532392178,8716.554492308984,886.6146460952814,343.6600302484571
5623.455365270752,9559.678198920536,1038.9795910103471,333.5754231778118
8051.846825641329,3097.687413958189,1394.298807740158,147.41369222276546
8616.979747674452,7271.816111862528,1022.5703525278747,228.99636192465164
4244.859085118143,8706.416033358535,1288.3299257857716,130.86146971144174
5327.255199187846,4550.26352487821,569.2036960576743,247.91157659953132
8805.273984921936,3444.9528842508594,1323.4474002498328,287.9999732901837
8215.111218701131,7313.871492914106,979.1821438676243,44.18053669020809
2346.204319267475,8725.617221185745,694.8047249044591,224.87676295333168
3481.241159531183,5933.825063507056,771.5868081038855,99.15022000856214
7535.880800099436,2929.2748964254088,1479.427855198215,331.42941047445976
4611.755047595713,1723.8240608157912,1275.8353421077127,336.5005843290692
3614.1529342671497,1695.2721138232737,1136.0487639228618,296.05574659799413
2087.1717670964313,4978.057168442387,1333.7879509996096,85.92297764982358
3445.8009909703633,9270.635124555605,1079.8552584279585,232.01191784015816
2659.818389524298,2096.117092364916,482.6178299937748,135.33702559579615
3715.3379100456877,3214.0988924293497,927.8359894748266,148.67270029157623
1328.303451905451,3428.8105758464444,886.2368087846835,200.48694421968347
5426.859771503351,2074.919910556911,393.66586454203076,269.6991543788438
7146.621676528196,1836.6509683470722,1065.6275752969646,210.66382895674147
9037.612205766094,5539.445088334644,238.68796088982407,32.863508974901094
2895.5094572692087,7663.477410163727,1380.2382702238679,173.79663167946362
9349.804729419518,6031.084117970397,195.21067020858627,177.0350808724217
1786.9472449448035,1956.2658637771,781.0747924131077,60.38953877681054
2907.3712706397146,8711.119779595767,313.05556729055894,335.9367528309057
4175.011964914229,7339.802647295135,832.1529883927708,272.91271921283555
4098.458176461717,2576.0833808276147,13.02476133530555,109.61633978390785
5424.622597499309,5073.319521363044,167.6677149120867,133.21543693695202
5856.13384852213,4393.814123612885,779.2051402576601,229.84390402791394
7501.644750175697,5731.8554823306,157.332689917618,17.731478001797736
5887.465566366788,7111.406417100707,1374.040109932446,182.07811742993238
2652.918243882209,4558.169107986057,1118.5489762968107,208.9168489550286
6289.991186915328,5508.114303684765,1062.177121533793,64.57574895988901
1605.207235269202,3854.165388669682,539.9458040795628,89.7832777816146
2267.734217415228,9628.274273935212,1020.8812858371167,66.42501347403159
2981.1439948167854,8038.496478490405,1108.2488998282522,29.16621282295579
8143.666449591863,3581.578267782337,1187.9397226152407,221.32750767377942
2262.9818400016684,4230.610596795401,920.5753629234105,137.15335774910284
5359.742884069561,7305.414807079288,1238.0115919573377,205.37305709424237
5382.015672623419,3167.1653443316245,1025.7987552282998,277.39075557195116
7088.799434541637,8000.12756761884,1261.353855055328,300.16705850364707
3903.223413556257,7862.804456020633,428.193662483356,219.43281536112957
2761.1670286502826,7498.300997050184,1171.8653395232413,238.68292985519392
9756.920892852588,3683.394147908073,684.130418081987,112.9674767619226
9484.968588140493,7554.846491722054,337.15981617474677,18.798629460229787
7405.236575368007,7405.1388295730485,41.08823405774851,86.07874600425393
9059.634031683214,4231.787214276188,922.3996849683379,101.31452393117546
3477.4203771626644,6074.409360974727,731.5953529301796,233.37271309292063
3863.5522503626166,5637.001584095956,1470.8731612684833,280.12695853778143
4883.515999984134,5954.952558697865,1239.8981854495219,63.75784819729361
4054.176853549601,4018.0128986348,268.5816741649797,159.77120532887915
7998.857432573579,3935.0868180682205,64.30511801649564,187.4703040954525
2017.8144563723372,5340.379765539943,830.8274144804436,214.85717397335077
9428.875087547978,5609.884878969764,269.9173379116823,235.18346045021644
8268.347554081529,6794.65819454142,257.072657460888,111.80483432264964
8959.743446761619,8927.568192198007,1145.1347089836343,352.5383429624813
9905.769392613938,4963.770614673302,958.5241050765668,266.4297203533344
6949.411098358886,5241.653680596318,106.44095810646225,234.97761043622137
3786.7660111271543,4872.884597971979,35.28991947122196,120.84498402694304
7579.726529383969,6848.30777306971,427.76101078142415,58.60303903308432
8829.729787561777,8470.026933206245,760.0639406270751,94.2315310955524
7911.663973395808,9548.447237942282,997.6306453082926,140.33176382990152
2689.706956486398,3753.1394140355696,733.4620259248102,123.6253456790708
1880.7692355881893,4116.826325666987,245.3144008933918,250.78934390215963
7022.683548360352,9560.03516383813,188.97957798033582,325.97746002208197
2380.431911364374,1157.2234687630337,1494.3367228227758,248.85163892207507
2529.6654351765224,7837.928759826406,1333.1849630219624,212.99796700818197
6816.108397845284,4275.1637707231375,691.4443402694791,37.88910491309588
7990.048045014434,5612.777518479943,160.5213853170058,181.03970671877798
9040.693248605021,1933.2991845315737,1111.0797300867887,73.95582352175714
5777.634490562259,3566.6379494548096,540.691238639516,144.9683259967001
2335.5039965075293,8277.820009688458,182.157018765581,226.32109336273535
6162.988774057973,3749.0948234443845,199.54557380971448,2.2050233184761723
4628.580040826364,1210.6760538880078,1452.13365760816,105.55532866207433
5752.2284783070345,5351.145014783023,451.02205554362786,58.53711739934439
4924.204096824969,9224.04947241065,103.30580280797696,54.320389231092825
2451.801412181916,7294.591794579168,439.39958814831743,213.5024206826788
8551.833602116505,9179.059599204982,899.957434884242,68.40796532911882
5311.107527088839,9495.905337023225,377.1487525466289,301.48793025169374
9480.63706033921,9981.643806305425,1007.3597786910619,109.78254169460904
8475.729080125166,8194.555743743556,630.5876815512652,251.66072228697436
6608.401914764135,4932.547668444577,496.5071862283245,277.1026990844332
5834.313443985295,5382.71338482339,1055.5068490680494,87.99306709948767
4218.38807786649,5768.946469701779,1092.4106022584497,36.48321631154231
6003.868955662487,4147.910053539547,253.48887187485033,86.10402214288013
9807.860948457728,3011.2594443422113,267.39928309694074,151.5297853141227
3101.7534875465,6563.972679205549,110.34840541228257,330.65903729354017
1253.0567074576516,1268.6466668463015,307.17973609618485,253.74411302557783
2642.587379695235,1841.2834170118877,202.8099597504611,263.98132699286464
6646.73041825112,3082.5457924303496,479.58612248996894,173.97397585197294
2525.766274173472,6040.174259756027,1190.1612542634066,56.53085799253811
1839.1278811321476,9161.653361556566,1413.2725994336802,324.06556643276633
7465.710625335524,9698.224918788888,632.3564835676891,359.65034900477883
7467.03590602545,8061.448962020452,968.0872735167337,164.9377472198377
8415.647003988368,5769.479808959796,1188.4267915453163,266.38911838968517
2387.304298297282,7729.04058542498,1278.6849990385288,163.2696083621401
9768.112285743748,3401.4859040878337,1290.221536156039,257.76354757196543
6941.589703201169,9978.764084198743,1143.3370176422732,240.80104260483466
5105.674854359622,8105.639946169028,1087.4896297195746,174.65205911206533
7910.738285634729,5030.911736194423,1217.2569482850854,345.87376836721694
5415.755047815552,2123.620726173809,187.12257994829167,301.6566957605618
4982.768530865974,1807.2114571230236,934.3522402618163,302.2638188937602
3275.1182130103325,4128.147578082395,470.5160352938833,172.89346911624855
1178.7667169917438,5237.567980408115,1395.932235911347,220.62452612301917
3904.0012058923485,8820.54393199147,1127.3450081950734,189.45735412507167
2447.976659550949,2499.381160185062,1251.823731510129,291.93853489020483
5273.880740771832,6662.60871324746,1418.0060092723265,130.33551238726977
9962.61724018681,6213.971243482996,239.38167491449096,291.9105742187521
1731.7781746128967,4789.721850794975,429.7705686504917,309.4795667630742
1305.6783540124097,1989.0238239088285,214.94291735400094,255.7881667694478
1664.4423345731352,3242.562260487179,761.1204779587775,118.1176407491047
9638.356172634507,4091.8556116430477,207.29765906134537,269.79920708389056
4460.145153799978,6235.7041149235365,1492.7085975719363,343.2386350234661
8664.604021735046,6784.177809434506,439.9035791060628,19.83161887782279
8147.88357583493,5897.769377536469,1355.054391849728,92.37000955356567
2968.0815570680347,3953.099394749307,1028.0799059186809,13.849769481356905
1474.721449132953,3103.361842613615,1310.2815256528527,359.596740723552
1310.906575101017,2516.881969128917,521.8271776739626,293.68536256900916
9163.978718043967,2908.682894157728,1321.0490209741054,90.1926230858005
1913.4249725593293,5324.810350258557,923.3739343738996,271.03091174029436
8290.28021630529,3238.2334486106347,283.1815387469419,130.38480812724978
2911.4854662992793,2518.895314774376,1143.6452024342777,342.6153021332109
5060.1335072102065,5678.708895988585,1390.2192146801528,327.9569227261339
3226.1574174527464,3514.955292983358,801.0728401681127,171.9818148495762
8122.490133344281,7350.282500151752,1394.9981502722726,318.7442715198099
2945.406241054795,6630.696943040316,1021.138244624629,87.68335522876926
3709.1138480677087,9144.439253634813,1440.1322754907724,291.69362204673234
5480.196107246564,9136.740559001895,1450.637830549739,122.3140360010244
4292.530013511029,2976.589959168773,389.93749184805705,351.7111639010574
1581.8651573372658,1847.1911497734595,172.78177022791448,220.5015515128815
8433.426464231274,1284.278943141496,633.4719255652566,309.8896229678536
5099.6188128594695,1380.3414153541569,277.48739578848057,105.25170143269614
1194.7104162270896,4187.124746082225,1415.1823185880598,62.92865672383141
4554.085022104704,9893.818494158688,974.2200889079651,176.1174408718295
6783.457124597259,8777.299619033261,407.00184158922406,49.357443879617165
1239.435409947223,8508.81381433615,1199.3597018603637,286.52035373484483
1575.093014299787,9128.48994936845,1475.2996014711555,32.81867586512788
6450.605762812441,5291.762290155426,823.2441373032999,241.34522269785148
5658.810133667456,4269.494963646432,1039.568876595365,176.7858693167287
4415.174393169989,7279.761719168815,406.0881754335366,340.36481029179447
3199.68074503472,1117.0858432799062,112.83454697705908,316.12985244103254
3695.3266110603977,1852.860616721797,388.76595549300805,87.12899605993609
1829.4779665264696,6324.800830180967,224.84226710279654,348.949161027634
6469.632670382467,3554.03652065572,765.6038583346217,147.4589149597523
2883.5476748940728,4542.549000628685,675.4507226719386,121.25596870609213
2820.732167538115,8032.413932781416,807.4464767908512,321.2638248900761
7437.294399161247,4394.546260251243,709.4033079453587,301.1877069382303
4917.267275590673,3699.896658511617,150.94616299308717,109.48390047356268
4966.201335082114,3887.799291232331,640.7838039903465,358.7403834426226
2729.9364129392425,3912.423911764867,1351.936039984766,12.393919226113393
2716.0620733065853,1880.489179652096,178.899074040848,178.32636883542318
5689.708318665871,5645.101466669111,880.0601389558708,174.49719713251807
4363.127333089301,3073.0207074144305,1257.3261857975276,195.20432279961193
3450.30137855217,5666.234776370396,907.1621209583338,315.6726020101103
3533.1714898064756,8578.943929931162,616.9193357214732,288.16600259134594
2164.877031068574,9637.610235037642,302.5403992699215,54.36626139882313
8620.361709664117,1741.1471798610476,1213.76191225349,136.21377952994757
9706.049105601716,4521.345389210488,838.6488442144665,2.840044491950129
4098.089968738627,4122.773802089097,59.183556902845446,334.4001530197438
4256.7382499761925,1707.7023296315701,391.7334291718347,226.58360285793933
3999.0234986537826,5423.362615362531,1413.096667368829,320.5171031456381
2100.8328196983175,8682.669572253457,199.16329655525925,267.8003390435042
3338.923184524753,5117.133401388799,588.9055770229162,38.83984025276779
3134.476658177812,8935.262612594204,1156.2000366260925,208.5761893621827
9413.793939616422,1559.7929897133017,184.72483819163335,298.623283731038
4472.507031296533,8919.580180279667,565.0164198104271,262.7096382053737
9249.46697262688,7628.340137149604,113.32596602929964,40.74429698713769
9071.862202855973,1974.8211479493236,596.4816169812995,62.18271859371342
3702.708454236329,2782.213728516709,609.802982652309,243.78803043665306
3317.0873892299524,9115.389296077145,465.1185644721511,27.208500303939985
9082.711378132197,2570.406973289333,1091.3651396895136,268.9597201093092
4425.875210431374,1891.3283895194418,1423.343497465354,188.0939551088104
2165.522975643303,6210.281962613338,576.3851484332915,187.9569684335875
3983.010308670692,7897.486736237754,276.3299904262971,204.1586495805888
3871.211631468088,4188.5909086067895,486.49993019133734,18.952609682147905
8664.75000043587,9158.054593667233,1443.824564816443,303.9497194335519
3455.6279590262584,5919.553799402217,1148.8607251567585,220.5897408831758
9071.043165285544,8927.763707238759,805.3665076935843,262.78996275904416
6058.4326230757315,8480.890747372912,230.2507481489828,351.18851981881335
8798.601640009192,9339.966485107247,1023.585002047586,139.1642114897408
6261.620962273405,3258.6479906054433,653.7020898813395,197.5359604372395
4039.9565063446116,9394.925221266849,1410.5198770441693,101.40150764643468
9601.365776069055,9382.21295204209,92.4408264757208,91.29802944443354
2975.7102920751786,8603.865904444185,1013.7982095222071,213.83619683956073
5953.917180967258,4501.04463674981,136.71276499136528,310.42601846315506
2606.669118728616,9372.323780551504,1009.2923914436554,298.48087213179576
6238.133147556409,2394.734497897898,1331.549255514577,285.10490381612317
2248.124105063324,2356.5552161016453,560.1720449970038,23.1194021207018
8860.076533834997,3394.7281362758818,1321.3357009484314,8.593537491257079
1223.478208820575,9997.704016279042,569.9249529253483,274.00261850256345
1607.0927979387739,3046.849622170039,658.3225175447631,354.73371433353634
2676.994600677648,6584.984731910709,1065.4334237800524,47.636774722569214
4074.4091058159925,8510.812000906411,814.0149761351835,163.96240713216133
5278.108449689155,4121.478627578377,434.5007633527826,296.32802163504186
4891.289433098076,3805.8582505035884,853.6771238859325,130.90715335559142
3615.3482436827785,4353.669377541005,744.7251507935447,253.7120889560638
2804.368624734928,1598.5648740335134,212.43771559415325,169.2593561333848
3627.5982695016783,1555.275846157508,840.0282864729247,44.467348117007624
4462.154023353567,7896.748635734806,702.6510430186181,249.14206719379573
4260.103033435564,6433.676637218678,54.64232734798349,254.12521910091957
8337.206452054916,7719.415523956715,64.04933909752029,117.81424843626235
4491.216096720169,1708.5714243204425,731.8445627411824,19.1665803535818
3420.3722694936237,7697.923877467282,604.6151615231139,163.3646708712636
2813.4729476953466,8412.052658983615,590.3701343228779,177.79495203038326
6050.581308286073,2142.8415166875575,188.2601778156092,236.5823369415467
7968.330567382744,5586.56303523037,593.415344291734,131.63007594737604
2672.9134618603025,5068.519601600946,948.492213326232,5.4427731738337695
4131.1934142684295,3242.9854932778408,76.02191819651519,176.4232355436781
2526.451387380357,4308.544960925001,251.70176382807568,343.49751848817886
7075.593026915128,7303.384185517377,393.5130428016526,203.9295467244678
3148.4529740956204,5974.24251334948,852.4179244587808,27.68571365421928
5733.047346462996,8137.142505339512,1475.616469803617,154.1080519106244
3007.2133630775074,7208.50480591207,756.6115643467772,22.194748448268662
8564.407128237071,7062.546782180787,625.7798618225252,57.711969853993125
2155.8141532956806,4613.34231235014,1368.556532091498,321.4267034972494
5923.8461723509245,6900.217315305709,981.8667845588246,157.3883550362522
6437.554749155777,5174.699044229645,704.0670975064563,137.34909631532307
6554.706045771615,3953.2605363216057,1320.0017372160135,92.06223002474529
1646.4564011302596,5281.336792960425,983.5809506310385,294.77860727414816
4772.074813691536,9673.116259546856,879.7219637092519,94.19204627241388
9257.394712629106,1720.9352269475964,596.2270105320584,135.0586574131393
4299.028983493317,5425.243972753799,1174.619524639284,290.7414540611914
5787.8750280206295,2722.0367603815944,584.0138756346207,259.09762751749605
5273.014801749529,3647.3947177870427,596.6061105338717,28.373167564600365
2814.2605497971335,2606.0412797906793,766.1328193408194,308.55896764981645
2428.62946545412,5406.943689548107,1289.3573751366462,344.8339155216261
2935.7960394752035,8168.433872547611,711.5799241623747,58.706620139089125
1983.7910575255357,1951.910714958494,1194.6539808614718,180.67290452187035
5738.711900106463,5312.023671433933,367.4690283200261,81.02524285216504
4793.019549194068,3539.494054615807,454.9824659145816,218.3169381416764
5508.268131995772,2778.7622512746602,627.3469484824935,6.161101515771545
6978.337116129034,7067.354265157603,654.237013052244,306.85777549697514
2055.9908505296016,9066.542562025586,1325.2554250369683,122.059610221996
7652.818430262244,9505.39595420139,76.63235656316121,33.91249539900619
8327.415837463488,3382.504810121121,328.7320485838947,258.5993772741041
7446.759514212106,5699.712604074693,831.1649155918611,332.77471638477385
7219.401905347381,6454.149135360263,845.2926114236537,250.37362867677393
2617.273106543243,4892.297581004054,253.44814085124804,299.38088355608926
7755.963202275532,2780.0837705996946,918.2390349663482,36.617217167670105
7300.410821725402,7787.596640123292,430.60869204703175,188.28696902379906
1711.2096191345136,5966.226184169006,886.8224261310031,259.6919059682648
6068.192934256754,5546.971412774007,1394.3904722448685,74.41767165440437
8147.749224259766,6295.426696667272,838.0452180963132,1.665780967995952
8320.507434940191,4187.272568382958,18.76330397627411,184.70168960420332
7721.191006483443,8965.644612417123,1304.2495736066055,260.8334362954527
1831.082765352916,2632.8916829906784,1024.0783129709152,356.0953462120199
5485.9497636484575,7286.7618669790545,1361.8555902237151,87.63058656461097
6973.993839379427,9549.299087880512,146.38080288262566,250.65495379533317
3972.9374797728533,9916.124099024564,735.8698865724937,19.52231708671663
9266.971897487347,8561.353237832245,136.37666556984598,103.15646664972051
1521.0815760905448,3685.3600300110443,893.8681567851912,120.64338919499234
3814.6541537608614,6933.180134329709,235.61862086801858,87.41085602510321
8995.452448083917,7604.822374014603,213.30274007331982,277.2420816097452
4277.899651018071,5632.048373533839,136.39048607992132,22.563727222963863
9828.097901227366,8757.55293425949,1172.5612982617763,25.08154064057796
4833.769717381735,6491.097973124754,244.597706623801,150.20170583571547
7909.298564115348,8542.209590643646,713.250100136187,143.38598539217807
3179.846019671945,8879.1304958954,1018.7035678646524,110.69702172974914
2758.3398849622918,8972.131083852188,1124.5204148223552,330.64485376925995
7337.214933619958,1167.3620662833607,151.7845080603877,82.04216367052207
2097.641305932637,7239.430721211536,905.2860338441926,172.41636162578973
6230.864004639842,7184.35872602404,1446.0632890102536,272.147829964917
9679.714911162695,2098.501487215124,761.1007147848242,127.66069658029635
8639.124373347891,7422.7776507829785,143.52867018296234,56.331770934872296
8895.441509612294,2450.3871509766595,1081.7045316064848,112.77706736782483
7978.107292840118,5432.300204872642,729.6862610624494,31.4236903074931
4225.367951833885,2028.889084293217,108.42972879932397,24.717831265519
9482.121533856083,1806.1096999717315,1041.7473267663263,6.4434879144326
9597.855574216183,7424.869935717917,824.4591052841818,76.32652736830323
3723.315054604404,7233.299828776557,1051.9393781213382,129.4238129639615
3578.3443867183555,2872.9758750743663,1453.799646763154,269.08157725506453
4144.164620526009,6011.595393213288,1289.941465569627,259.19648505607233
6923.734302176323,4033.23162453389,892.8018424914967,217.05688459455763
7553.462147017695,4578.248157174414,131.9453713982847,260.96769417573773
7671.448069075582,4155.883238785245,858.6819794409058,194.8229777674031
7546.860235253573,5280.4605811445945,506.88579982788565,235.10602864045853
6489.819227985242,3151.312192155505,394.2040802274689,263.2540082810136
2536.2421552782225,7305.31060348988,809.912373900833,215.93714867262216
7586.922872968401,4563.913998575913,1207.9008995337524,98.40212737835033
8353.871513969792,4836.887737610714,786.4600507988764,302.5459347774066
4930.793154608397,5522.106450051694,1386.6064229626147,260.8479400853046
9034.264027378616,8341.476432841993,730.743973016945,268.6516595119928
5992.051762183233,9212.375953439014,752.666888121668,11.54255977381548
4634.263887644894,3502.438211314142,277.0192666857483,238.03984629884602
4248.0362946669975,5766.993268432059,1217.344418601623,276.02361618405916
6330.773655053687,3376.905799046108,106.39131062669229,140.9659352442458
2638.229968552684,5267.7102859551,51.50767375669666,44.3442126647996
8824.873191608358,4680.763844137829,745.2659615320675,9.465809152171646
1137.3922056760368,1915.4008447522037,580.5330768265031,115.52470169155457
9509.678876631357,9989.113687482111,401.7021853111385,271.0857458530257
5929.782284242208,5413.010478749504,266.37284787962693,249.58196854521785
9262.583784297043,8174.093019136994,513.9497493851834,191.90800027342775
6400.943640653155,2560.543390717503,467.5101195732255,182.0228267578934
7137.415148138669,2992.0690803532343,571.7464776726304,98.81896434477304
9090.354051212937,7865.33450125197,1154.1283303402886,278.63641252571097
1562.0947699287353,8948.373172732492,345.9228597123487,162.84154725060426
9943.867520030873,7906.784509659917,867.1834418383362,91.25040943653714
4645.928199430058,7099.443732558292,270.14670397071023,237.00709712762264
4991.540838647943,6664.941603373689,383.02928385390715,347.97666269760043
1189.1625814898991,9181.53456235819,551.740980622215,61.43142419267619
3159.05774759168,2395.094443433931,327.81046759958673,20.943321493894285
4053.689234442678,7163.625606860377,149.3391523623989,63.46477011850304
3928.963938566038,6258.509726434165,71.82877592580805,287.60425787659807
9020.704985355496,5305.358231858963,559.7442145247827,226.5394845850953
4514.345029594404,3802.2042722502015,127.07363646132978,133.88676351784298
2472.434285761769,8604.832311923412,1302.3856441824398,264.34904312907366
8548.34177667303,3939.4649716239624,583.9759832728239,124.291576238344
8239.551132338587,8452.443660076195,602.6074754839797,166.45091672398456
4109.922850878596,8104.967269585907,1491.4607350971378,14.164684322835143
1831.8862528289071,3129.799294695483,173.11426766839745,280.35386275669316
1439.5194679296276,1141.5812275989317,1332.2450316367408,51.385046225660616
8018.620352194565,5753.004899632354,1366.4663759386178,187.24463785189852
